tree
version=v4
num_class=1
num_tree_per_iteration=1
label_index=0
max_feature_idx=411
objective=regression
feature_names=D1 D2 D3 D4 D5 D6 D7 D8 D9 E1 E10 E11 E12 E13 E14 E15 E16 E17 E18 E19 E2 E20 E3 E4 E5 E6 E7 E8 E9 I1 I2 I3 I4 I5 I6 I7 I8 I9 M1 M10 M11 M12 M13 M14 M15 M16 M17 M18 M2 M3 M4 M5 M6 M7 M8 M9 P1 P10 P11 P12 P13 P2 P3 P4 P5 P6 P7 P8 P9 S1 S10 S11 S12 S2 S3 S4 S5 S6 S7 S8 S9 V1 V10 V11 V12 V13 V2 V3 V4 V5 V6 V7 V8 V9 D1_nan D2_nan D3_nan D4_nan D5_nan D6_nan D7_nan D8_nan D9_nan E1_nan E10_nan E11_nan E12_nan E13_nan E14_nan E15_nan E16_nan E17_nan E18_nan E19_nan E2_nan E20_nan E3_nan E4_nan E5_nan E6_nan E7_nan E8_nan E9_nan I1_nan I2_nan I3_nan I4_nan I5_nan I6_nan I7_nan I8_nan I9_nan M1_nan M10_nan M11_nan M12_nan M13_nan M14_nan M15_nan M16_nan M17_nan M18_nan M2_nan M3_nan M4_nan M5_nan M6_nan M7_nan M8_nan M9_nan P1_nan P10_nan P11_nan P12_nan P13_nan P2_nan P3_nan P4_nan P5_nan P6_nan P7_nan P8_nan P9_nan S1_nan S10_nan S11_nan S12_nan S2_nan S3_nan S4_nan S5_nan S6_nan S7_nan S8_nan S9_nan V1_nan V10_nan V11_nan V12_nan V13_nan V2_nan V3_nan V4_nan V5_nan V6_nan V7_nan V8_nan V9_nan D1_z D2_z D3_z D4_z D5_z D6_z D7_z D8_z D9_z E1_z E10_z E11_z E12_z E13_z E14_z E15_z E16_z E17_z E18_z E19_z E2_z E20_z E3_z E4_z E5_z E6_z E7_z E8_z E9_z I1_z I2_z I3_z I4_z I5_z I6_z I7_z I8_z I9_z M1_z M10_z M11_z M12_z M13_z M14_z M15_z M16_z M17_z M18_z M2_z M3_z M4_z M5_z M6_z M7_z M8_z M9_z P1_z P10_z P11_z P12_z P13_z P2_z P3_z P4_z P5_z P6_z P7_z P8_z P9_z S1_z S10_z S11_z S12_z S2_z S3_z S4_z S5_z S6_z S7_z S8_z S9_z V1_z V10_z V11_z V12_z V13_z V2_z V3_z V4_z V5_z V6_z V7_z V8_z V9_z E1_diff E1_logdiff E10_diff E10_logdiff E11_diff E11_logdiff E12_diff E12_logdiff E13_diff E13_logdiff E14_diff E14_logdiff E15_diff E15_logdiff E16_diff E17_diff E18_diff E19_diff E2_diff E20_diff E3_diff E4_diff E4_logdiff E5_diff E5_logdiff E6_diff E6_logdiff E7_diff E8_diff E9_diff E9_logdiff E1_z_diff E10_z_diff E11_z_diff E12_z_diff E13_z_diff E14_z_diff E15_z_diff E16_z_diff E17_z_diff E18_z_diff E19_z_diff E2_z_diff E20_z_diff E3_z_diff E4_z_diff E5_z_diff E6_z_diff E7_z_diff E8_z_diff E9_z_diff I1_diff I1_logdiff I2_diff I3_diff I3_logdiff I4_diff I4_logdiff I5_diff I6_diff I6_logdiff I7_diff I7_logdiff I8_diff I8_logdiff I9_diff I1_z_diff I2_z_diff I3_z_diff I4_z_diff I5_z_diff I6_z_diff I7_z_diff I8_z_diff I9_z_diff P1_diff P1_logdiff P10_diff P11_diff P12_diff P13_diff P13_logdiff P2_diff P3_diff P3_logdiff P4_diff P4_logdiff P5_diff P6_diff P7_diff P8_diff P9_diff P9_logdiff P1_z_diff P10_z_diff P11_z_diff P12_z_diff P13_z_diff P2_z_diff P3_z_diff P4_z_diff P5_z_diff P6_z_diff P7_z_diff P8_z_diff P9_z_diff ret_21 ret_63 RV_21 RV_63 vol_regime z_price_63 dist_high_63 dist_low_63 mom_short vol_level econ_change term_spread ret_21_nan ret_63_nan RV_21_nan RV_63_nan vol_regime_nan z_price_63_nan dist_high_63_nan dist_low_63_nan mom_short_nan vol_level_nan econ_change_nan term_spread_nan
feature_infos=none none none [0:1] none none none none none [0.32514930778190398:3.01896903424471] [0.00066137566137559997:1] [0.00066137566137559997:1] [0.00066137566137559997:1] [0.00066137566137559997:0.097718253968254204] [0.00066137566137559997:0.0691137566137566] [0.00066137566137559997:1] [-3.6726217822575551:2.93673259683217] [-3.493664379989708:2.9891402082271301] [-2.2758741605044901:3.02413582220036] [-1.8261136050759701:4.4004363809194196] [-4.0793634109341301:3.4032422756577398] [-3.30876359012349:3.4098119799511899] [-4.1324642238458997:3.6196232602069398] [0.00066137566137559997:0.33961640211640198] [0.00066137566137559997:1] [0.00066137566137559997:1] [-3.5787864302744712:3.5099937207434202] [-2.4573155117711298:4.7741495655867796] [0.00066137566137559997:1] [0.0026455026455025998:1] [-3.5423079115190799:3.4066255825607299] [0.00066137566137559997:1] [0.00066137566137559997:1] [-4.4492346377374101:4.8726228370324103] [0.00066137566137559997:1] [0.0033068783068783002:1] [0.00066137566137559997:1] [-4.54661931270706:4.8001866362993102] [-2.52287010851511:2.1814414684354002] [-3.6474792740418001:3.3344167987356599] [-3.1902494359085001:3.9947559518104399] [-2.9933670312867799:3.8016374165852702] [-1.93211014880961:1.02631191231548] [-1.3259499241288799:-0.58618753778809995] [0.00066137566137559997:1] [0.00066137566137559997:1] [0.00066137566137559997:0.85317460317460303] [0.00066137566137559997:1] [-2.6674205596418799:3.6764660573218402] [-1.80250656385437:4.8920654248839703] [-4.2723774443097398:4.0055068895057326] [-3.2700700253268762:4.9505873729298298] [-2.2030693261185599:5.2861534959944212] [-3.9485072967284256:2.9875395150464801] [0.00066137566137559997:1] [-1.5578968814734799:6.3380065912476597] [0.00066137566137559997:1] [-0.87732977271044998:2.5816767803928902] [-2.7190044215884801:3.0561706328022402] [-1.4098431729144401:4.5283805590512793] [0.0023148148148147999:1] [-3.1408886710536401:5.4002262594239845] [0.043981481481481503:0.97850529100529104] [0.066137566137566106:0.98478835978835999] [-1.4301206000196101:5.9154915638865706] [-0.78011504512448004:3.6029908124057841] [-3.1381744646488898:3.9204790358687549] [-0.964384624009203:2.8645083409994698] [0.00066137566137559997:1] [-1.93536716259688:5.4448519667550697] [0.00066137566137559997:1] [0.00066137566137559997:1] [-1.95407843729608:3.2423142826580662] [-3.42976121201032:2.3920235642554899] [-2.9252193151577459:2.3906718207883499] [0.00066137566137559997:1] [-4.2351026440910848:4.2776819361435656] [0.00066137566137559997:1] [0.00066137566137559997:1] [-3.2164416831278002:2.3115378201753498] [0.00066137566137559997:1] [0.00066137566137559997:1] [-1.47354286691075:3.2579907247259801] [0.00066137566137559997:1] [0.00066137566137559997:1] [-2.3300828202388471:5.5241205993495139] [0.00066137566137559997:1] [0.00066137566137559997:1] [0.00066137566137559997:1] [-2.7235273221548502:4.3901101462066423] [0.00066137566137559997:1] [-2.0275512396201298:5.0057311773143534] [0.00066137566137559997:1] [-1.4974199587211801:3.659917421380356] none none none none none none none none none [0:1] [0:1] [0:1] [0:1] [0:1] [0:1] [0:1] [0:1] [0:1] [0:1] [0:1] [0:1] [0:1] [0:1] [0:1] [0:1] [0:1] [0:1] [0:1] [0:1] [0:1] [0:1] [0:1] [0:1] [0:1] [0:1] [0:1] [0:1] [0:1] [0:1] [0:1] [0:1] [0:1] [0:1] [0:1] [0:1] [0:1] [0:1] [0:1] [0:1] [0:1] [0:1] [0:1] [0:1] [0:1] [0:1] [0:1] [0:1] [0:1] [0:1] [0:1] [0:1] [0:1] [0:1] [0:1] [0:1] [0:1] [0:1] [0:1] [0:1] [0:1] [0:1] [0:1] [0:1] [0:1] [0:1] [0:1] [0:1] [0:1] [0:1] [0:1] [0:1] [0:1] [0:1] [0:1] [0:1] [0:1] [0:1] [0:1] [0:1] [0:1] [0:1] [0:1] [0:1] [0:1] [0:0] [0:0] [0:0] [-13.564856289475433:0.38708420098651097] [-0.31662378290433629:0] [0:0.54554471308998131] [0:0] [-0.21821788023599281:0] [-0.39840952533368712:0] [-15.810584434951981:5.0781552855453986] [-10.728049315672006:15.809995885284977] [-15.807719578248506:7.8880464691772989] [-15.808478274425973:12.403420148232469] [-15.807719578248516:5.4414292005183365] [-15.807719578248516:4.512415920391331] [-7.4510309100781251:15.807719578248911] [-4.8356208265295928:15.798474964058208] [-8.9572829973837429:15.810684682126515] [-5.0423454290384759:15.810642073614201] [-6.9717670835216534:15.811280217341476] [-15.810747897152824:2.7843749838119649] [-15.811242971381835:4.8617453682607179] [-15.810159291591241:2.8244661009835368] [-15.807719578248497:7.783505697004852] [-15.807719578248911:10.702729659626598] [-5.7857465767134819:15.809995885284923] [-15.807811276485964:15.492214131043321] [-15.811375514376911:11.095059766156989] [-15.807719578248497:10.018713260693255] [-15.807719578248911:3.5167123741119948] [-3.466662278022195:15.810239259356219] [-4.9891270934508789:15.809995885284977] [-6.4965950403354524:15.807719578246246] [-4.7624365099158554:15.810654047142902] [-15.810881292854894:5.4848573010282911] [-8.1994330126390729:15.810754799987464] [-9.0772694619235192:15.810881292854894] [-5.1028579162806942:15.806985701743995] [-15.811504333873565:2.8637945545966463] [-3.9293628979643969:15.811497002263938] [-2.7864509782039573:15.810880064992279] [-3.1023132174453991:15.811445821760095] [-15.811503896788716:4.4335308737500867] [-3.4078465773259201:15.810461313085] [-4.0905906671340766:15.809995885286041] [-3.6049463355651632:15.809995885284987] [-4.3109570710440828:15.807719578248578] [-15.808478274425964:8.3091774067556674] [-15.811350252464592:2.8546783106890983] [-15.810986997162694:12.005297191067436] [-15.810565710212286:10.123984085822585] [-15.811465350346396:4.6448613004371246] [-15.810827004250202:4.4568746267782968] [-15.811509359381178:3.5217423262067702] [-4.8510370994434524:15.809995885284987] [-15.810054337498777:4.0664346105243778] [-5.3036183532303935:15.809995885286041] [-15.809071306444825:3.1265479776970491] [-15.811032798612306:2.6274757071722687] [-15.811331678309749:12.549382665785997] [-4.8879276807554479:15.807719578248911] [-2.771439910973259:15.810893426477156] [-15.811373228802212:14.727367838206904] [-1.8246056559903601:15.80847827442595] [-15.811451509576903:11.605335735036604] [-12.205609859659624:15.811197185049178] [-13.069590477967774:15.81136894387252] [-15.806329962225185:3.0189196241206737] [-5.3154845309430092:15.80999588528493] [-3.062691148886135:15.80979557755817] [-4.0707978254861636:15.809995885284987] [-4.4846837626715317:15.809995885284987] [-15.811286160141725:11.242385688605395] [-15.810723088136941:2.6202016429256809] [-15.811321190157225:4.4787460202140368] [-4.4461125716754859:15.809995885284987] [-15.811239367173105:11.223267461606021] [-3.8367856924879806:15.811402167164175] [-4.9617887218438037:15.807719578249021] [-15.809790994170514:2.8562906727337176] [-4.574254599859743:15.809995885284987] [-5.2183485680728099:15.809995885284987] [-15.810017509833829:8.7396983885547517] [-3.3902730634699862:15.809995885284987] [-4.1335973929876113:15.809995885284987] [-3.1512280892647047:15.811505831729288] [-15.809616455255084:3.2172365680599144] [-15.81088129285445:3.2227410759863675] [-15.810565064480905:3.5422196798981518] [-15.808199797735901:6.2589593577622908] [-4.1659476677993794:15.809995885284987] [-2.4007655024557044:15.811507347012324] [-5.8642367184364153:15.809995885284987] [-7.0821816041485848:15.811158835987648] [-0.26696550796172092:1.5316900421721658] [-0.27908766792251938:1.0872670175673871] [-0.3143187830687848:0.52083333333333337] [-5.7615271363724618:6.6701324064031855] [-0.267526455026455:0.33531746031746101] [-3.265759410767052:5.5224604181954229] [-0.137566137566138:0.21064814814814831] [-2.6767976575981058:5.0845051426628007] [-0.064153439153439407:0.036706349206349298] [-2.170195904948311:4.0342406381524896] [-0.019841269841269899:0.032076719576719599] [-1.3862943611198943:3.9019726695747359] [-0.50198412698412698:0.36970899470899438] [-3.235873401236776:5.0562458053484018] [-2.5642760485818785:3.1991387937597802] [-1.5952282632629713:2.2400394414861919] [-2.8679231189516661:1.3682267468273679] [-3.196433471528334:3.2104304271415662] [-0.82706517003574509:0.55455353587164002] [-1.2358641228166567:1.0496395016614315] [-1.135870907330464:0.91199723221082762] [-0.15906084656084701:0.078373015873016094] [-2.4383866341531171:4.3040650932042617] [-0.34722222222222199:0.61392195767196078] [-1.5672084581459371:5.0530560099803008] [-0.57275132275132312:0.2290013227513221] [-3.7668562393698974:5.850044981634543] [-3.3291859387237639:4.8967215636729913] [-1.6643359144546299:1.7042078133726857] [-0.21180555555555591:0.31448412698412698] [-2.2210920587428631:4.5538768916006331] [-15.810584434951981:5.4597347407866907] [-7.9323400537385726:15.809995885284977] [-15.807719578248506:15.027222245550378] [-15.808478274425973:11.772278216707434] [-15.807719578248516:10.673236752283122] [-15.807719578248516:8.7146126037870388] [-5.6403075326225114:15.807719578248911] [-4.2336216523528787:15.796918047916334] [-4.5369931108837331:15.810684682126515] [-3.6693818940282488:15.810642073614201] [-7.7358449711090884:15.811280217341476] [-15.810747897152824:2.013543209964654] [-15.811242971381835:4.0592932090849718] [-15.810159291591241:2.4206730400997269] [-15.807719578248497:16.514514486658978] [-15.807719578248911:5.3643574491827817] [-5.112037478826732:15.809995885284923] [-30.031376566197725:31.300025407529283] [-15.811375514376911:18.85665430184244] [-15.807719578248497:19.366469477815009] [-0.206349206349207:0.2357804232804229] [-0.95551144502744922:1.3093333199837662] [-0.48483257608779801:0.93600354508687322] [-0.26322751322751459:0.2245370370370369] [-4.510859506516927:3.0910424533584049] [-0.52612433862433905:0.67361111111111094] [-4.4485163759428135:4.4979561016809866] [-0.98337571071532481:0.98627281231889019] [-0.16269841269841279:0.3690476190476189] [-3.4177266836133842:3.0169344812046006] [-0.20337301587301509:0.1746031746031739] [-1.1700712526502457:1.4880770554298397] [-0.17129629629629409:0.202380952380952] [-2.9957322735540819:3.828641396489187] [-1.01845181607529:0.83267498202451984] [-15.807719578248911:3.6395850859408991] [-1.8044292504104984:15.810239259356219] [-3.4589407134470318:15.809995885284977] [-4.4987526115386194:15.807719578246246] [-3.5615041304860662:15.810654047142902] [-15.810881292854894:9.1140361467336817] [-3.6554490214485158:15.810754799987464] [-2.7699808274087285:15.810881292854894] [-3.3954303733562838:15.806985701743995] [-0.81580687830687848:0.57440476190476208] [-2.9531726591352125:3.8501476017100762] [-0.48392649994168502:0.37057761500093189] [-0.51523173983799697:0.32800919221597002] [-4.1111424630109248:3.2424600123530065] [-0.80621693121693105:0.76785714285714302] [-4.2686979493668833:4.5295225676487831] [-0.7892959786730871:1.2096560708797894] [-0.91666666666666718:0.91633597883597917] [-3.0595761090088849:3.0382918879727869] [-0.91104497354497338:0.90873015873015861] [-2.6519607344511664:2.6665335208992773] [-3.9349034331805504:4.1463153333967098] [-2.708866873739185:2.2198141188963971] [-5.3360536276543797:5.3986157811454776] [-0.56641258984344511:0.50221012931849895] [-0.49570105820105859:0.185515873015873] [-3.7612001156936539:4.3307333402863524] [-5.1120374788294738:15.809995885286041] [-15.809071306444825:2.4128861868387421] [-15.811032798612306:2.3597988023923584] [-15.811331678309749:11.781547364509995] [-6.2513068770184077:15.807719578248911] [-2.396129748568943:15.810893426477156] [-27.043979463734324:30.53874106700912] [-9.7889148549113223:15.80847827442595] [-25.866772087004737:27.416787244613509] [-25.275403055537392:15.811197185049178] [-28.395219180834761:24.447110175468985] [-15.806329962225185:2.7695172615325001] [-5.1120374788293343:15.80999588528493] [-0.99415204678362623:250.00000000000432] [-0.99833472106577881:287.00000000002706] [0:160.43966189767315] [0:94.227499746905579] [0:1.7606185955143294] [-7.8110314230189566:7.810890817523676] [-0.99833469592869195:0] [0:411.49377821411184] none [-2.2362222548896336:2.6446553087392841] [-0.045497904298244699:0.059752951346201399] [-4.2965547119806224:14.820543902802196] [0:1] [0:1] [0:1] [0:1] [0:1] [0:1] [0:1] [0:1] none [0:1] [0:1] [0:1]
tree_sizes=3050 2821 2832 2913 2838 2777 2810 2891 2725 2719 2836 2867 2832 2705 2793 2715 2866 2848 2778 2801 2846 2888 2767 2794 2799 2854 2596 2792 2760 2842 2790 2838 2798 2749 2839 2805 2778 2767 2736 2808 2802 2866 2842 2831 2850 2846 2771 2783 2846 2849 2770 2816 2764 2858 2730 2767 2875 2845 2857 2832 2820 2765 2716 2839 2925 2792 2832 2908 2833 2888 2641 2737 2754 2856 2768 2808 2759 2802 2809 2799 2816 2748 2802 2850 2844 2753 2861 2745 2870 2593 2755 2713 2743 2872 2780 2769 2782 2714 2729 2809 2686 2770 2788 2844 2654 2804 2743 2816 2777 2768 2944 2786 2690 2850 2891 2842 2672 2819 2765 2741 2741 2733 2873 2725 2744 2743 2761 2893 2871 2803 2764 2827 2760 2872 2746 2729 2803 2820 2768 2879 2742 2813 2719 2770 2740 2865 2822 2664 2768 2802 2769 2802 2834 2771 2782 2878 2758 2678 2727 2868 2813 2695 2845 2836 2761 2730 2455 2728 2699 2757 2750 2709 2669 2752 2708 2723 2767 2793 2852 2788 2798 2739 2754 2792 2740 2784 2680 2774 2793 2772 2708 2756 2741 2773 2770 2690 2653 2690 2771 2689 2789 2778 2684 2739 2730 2702 2743 2846 2680 2744 2711 2717 2854 2714 2698 2777 2759 2771 2779 2753 2744 2798 2766 2701 2683 2755 2749 2692 2726 2821 2821 2771 2674 2752 2792 2691 2755 2686 2749 2717 2718 2752 2749 2721 2697 2780 2725 2826 2847 2720 2833 2823 2742 2707 2749 2682 2779 2762 2758 2818 2772 2659 2749 2810 2779 2726 2646 2690 2748 2769 2687 2730 2701 2705 2823 2815 2683 2595 2707 2760 2686 2646 2657 2668 2732 2757 2694 2758 2762 2652 2699 2780 2651 2751 2678 2648 2671 2620 2643 2717

Tree=0
num_leaves=31
num_cat=0
split_feature=50 326 92 49 222 312 279 247 60 238 49 228 235 12 14 250 229 252 44 197 68 207 247 47 261 23 49 347 265 66
split_gain=0.00284531 0.00375577 0.00409728 0.00242049 0.00251082 0.00304716 0.00302063 0.00275697 0.00190077 0.00183274 0.0020484 0.00399996 0.00174641 0.00162767 0.00153245 0.00153188 0.00206296 0.00141726 0.00196682 0.0012641 0.000909413 0.000815544 0.00126283 0.00170367 0.000844956 0.000915842 0.000746727 0.00070725 0.00053114 0.00052849
threshold=-1.5118022612375797 0.022569753706999353 0.29580026455026454 -0.76495604452237831 1.9519899365003737 0.0006459949219015501 2.0219659184516185 0.43721113156800467 0.57870370370370328 2.3577835259716493 1.9877118060224925 1.9251829105548659 0.38097171615305253 0.29580026455026454 0.0023974867724867004 -1.2377841591981606 1.1863799332150193 -0.55079405257969294 0.57919973544973558 -1.5220515574921085 0.011408730158730151 2.4296446902658078 -0.053301900290243544 0.58647486772486801 -0.50939119130311994 0.0061177248677248006 0.82921874127791606 -0.0055367026114465489 0.040536803089334807 -0.99066904341139739
decision_type=2 10 2 2 10 10 10 10 2 8 2 10 8 2 2 10 10 10 2 10 2 10 10 2 10 2 2 10 10 2
left_child=1 3 8 -1 5 6 14 -8 -3 10 13 -12 -11 21 -5 16 20 18 -17 -19 -15 24 29 -24 25 -2 -4 -26 -7 -23
right_child=9 2 26 4 -6 28 7 -9 -10 12 11 -13 -14 15 -16 17 -18 19 -20 -21 -22 22 23 -25 27 -27 -28 -29 -30 -31
leaf_value=0.0003648282745268015 0.00053257653878789591 0.00080053585912265345 0.0004677225019881391 0.00046920290663712453 0.00043132915674244893 0.00059883022021226602 0.0012733492526444926 0.00046920290663712453 0.00031032888157337947 0.00046920290663712453 0.00049436075089710188 0.0010638818246393885 9.2389259708303758e-05 0.00046920290663712453 0.00075137059942227582 0.00067409241348894192 0.00046920290663712453 0.00017207182415383376 0.00035935143794971907 0.00043161139290501802 -0.00012489656676158747 0.00070458331133543947 0.00046920290663712453 -8.1743144400307527e-05 0.00042914232297609821 0.00046501226857066945 -0.00034120400167701308 0.00047062706980981759 0.00028783630250194464 0.00042654726640837907
leaf_weight=35 1023 40 20 33 36 20 66 20 25 75 221 41 65 22 123 112 31 75 68 319 42 20 53 31 1282 735 20 4193 30 114
leaf_count=35 1023 40 20 33 36 20 66 20 25 75 221 41 65 22 123 112 31 75 68 319 42 20 53 31 1282 735 20 4193 30 114
internal_value=0.000469203 0.000589223 0.000354834 0.000670805 0.000718716 0.000771265 0.000845436 0.00111449 0.000535235 0.00046261 0.000466215 0.000602754 0.000282618 0.000461193 0.000664764 0.000386402 0.000189718 0.000427707 0.000527433 0.000369457 2.60924e-05 0.00046858 0.000372872 0.000220999 0.000470774 0.000501486 -6.24414e-05 0.000461826 0.000469203 0.000469203
internal_weight=8990 468 105 363 328 292 242 86 65 8522 8382 262 140 8120 156 669 95 574 180 394 64 7451 218 84 7233 1758 40 5475 50 134
internal_count=8990 468 105 363 328 292 242 86 65 8522 8382 262 140 8120 156 669 95 574 180 394 64 7451 218 84 7233 1758 40 5475 50 134
is_linear=0
shrinkage=1


Tree=1
num_leaves=31
num_cat=0
split_feature=238 326 22 18 49 281 228 385 389 49 279 275 328 253 65 263 353 12 62 229 341 232 53 328 238 91 64 376 361 202
split_gain=0.0021676 0.00259216 0.00283453 0.00335324 0.00196391 0.00296891 0.00206635 0.00299147 0.00145067 0.00155948 0.00222955 0.00252302 0.00212931 0.00146403 0.0016044 0.00140946 0.00138558 0.00133125 0.00145158 0.00204991 0.00142427 0.00144854 0.00102018 0.000951665 0.000944619 0.00122025 0.00107342 0.00190223 0.00106215 0.000874627
threshold=-1.0142027090478367 0.023701270443991253 -0.30079486050514898 0.6003543698575452 1.9877118060224925 3.0817876560061648 1.9020503119227372 0.09976843718462626 -0.55686671822634748 -0.73604861408009448 2.0219659184516185 0.32261303596514185 0.016474051881220704 -0.024337142115681495 1.2476879365562903 0.13241745003885422 0.010325857590530951 0.29580026455026454 0.13607804232804202 1.1863799332150193 -0.014550264550264848 0.44558585884973795 0.22112884524288554 0.054740723641275559 2.0738296170308455 -0.39610531884014427 -0.92936719002633539 0.017048235908639253 -0.45067233719141236 -0.47752010980287196
decision_type=8 10 2 2 2 8 8 10 2 2 10 10 10 10 2 10 8 2 2 10 10 10 2 10 10 2 2 10 10 10
left_child=1 8 3 -3 5 17 -6 -8 -1 -10 13 12 -12 -11 -15 -13 -7 24 19 29 22 -22 -20 -4 26 -26 27 -2 -27 -19
right_child=4 2 23 -5 6 16 7 -9 9 10 11 15 -14 14 -16 -17 -18 18 20 -21 21 -23 -24 -25 25 28 -28 -29 -30 -31
leaf_value=-1.180709039743029e-05 0.00018068300074452437 -0.00054675679855232899 -7.2934128434083703e-06 0 2.8245001920255721e-05 -0.00066660193889111932 0.00090345623057372685 0 0 0.00023413848785052563 0.00030269529083994768 0.00010056072610326078 -9.0093400472395459e-05 0 0.00043218428336055671 0.00097120430284416872 0 0 -0.0003436777342176664 0 6.391359394086403e-05 -0.00011618054751115584 0 0.00023661978146042293 0 0 -7.2889459407782801e-06 0 -0.00030880132091094277 -0.00062972069066533835
leaf_weight=157 218 55 149 35 209 26 20 29 127 149 80 24 34 362 23 27 30 25 59 31 288 181 25 44 87 22 6056 296 86 36
leaf_count=157 218 55 149 35 209 26 20 29 127 149 80 24 34 362 23 27 30 25 59 31 288 181 25 44 87 22 6056 296 86 36
internal_value=0 6.04511e-05 -6.23406e-05 -0.000299624 -1.01276e-05 -1.54122e-05 0.000123374 0.00042641 0.000100891 0.000128363 0.000158263 0.000332628 0.00014175 9.49721e-05 2.80824e-05 0.000660336 -0.000380772 -1.19712e-05 -8.11148e-05 -0.000275768 -3.96473e-05 0 -0.000229514 2.25142e-05 -4.63863e-06 -0.000113297 -6.50923e-07 6.78194e-05 -0.000226688 -0.000445542
internal_weight=8990 1266 283 90 7724 7466 258 49 983 826 699 165 114 534 385 51 56 7410 645 92 553 469 84 193 6765 195 6570 514 108 61
internal_count=8990 1266 283 90 7724 7466 258 49 983 826 699 165 114 534 385 51 56 7410 645 92 553 469 84 193 6765 195 6570 514 108 61
is_linear=0
shrinkage=0.05


Tree=2
num_leaves=31
num_cat=0
split_feature=50 360 51 24 237 212 14 255 238 49 228 235 41 197 268 334 65 68 19 198 85 73 20 216 24 380 59 384 332 57
split_gain=0.00230996 0.00326779 0.00215238 0.00197591 0.00181054 0.00378376 0.00208822 0.00198044 0.00157124 0.00175384 0.00335179 0.00151751 0.00144806 0.00186937 0.00123026 0.00130991 0.00141916 0.00154945 0.00126213 0.00337051 0.00212638 0.0013944 0.00135152 0.00117745 0.00102922 0.0013055 0.000960943 0.000854443 0.000822897 0.000786903
threshold=-1.5118022612375797 -0.0003460085469480999 -2.0891699258268743 0.99123677248677267 -0.18776793053630811 -1.8562321468801712 0.0028108465608464501 1.1177417527054134 2.3577835259716493 1.9877118060224925 1.9020503119227372 0.38097171615305253 1.1554858482469703 -0.8438511448514241 1.7217644153580609 0.039963619176498953 1.5808185765154137 0.0034722222222222008 0.61109025803892714 -0.47346584890403193 1.7858733092449801 -0.27558098468965847 -0.79035694922770883 -0.022314054469172097 0.53083664021164079 0.2645316511653521 1.0659924545672053 0.058623266447699406 0.0054255755342591007 1.9708796957083252
decision_type=2 10 2 2 10 10 2 10 8 2 10 8 2 10 10 10 2 2 2 10 2 2 2 10 2 10 2 10 10 2
left_child=1 2 23 12 24 6 -6 26 9 14 -11 -10 13 -3 18 16 17 -16 21 20 -20 22 -2 -1 -4 -26 -7 -18 -21 -17
right_child=8 3 4 -5 5 7 -8 -9 11 10 -12 -13 -14 -15 15 29 27 -19 19 28 -22 -23 -24 -25 25 -27 -28 -29 -30 -31
leaf_value=0 0.00017603558877214592 -0.00075268352968224964 -0.00013525574848435751 0.00015774841401388877 -0.0004046450899480499 0.00058894688509254604 0.00020844865009312454 0 0 2.105274190592018e-05 0.00054007938069455536 -0.00035009987540547108 0 0 8.4892127814233179e-06 0.00017455414184690455 0 -0.00014227235206757671 -0.00031046644962971916 6.750837076973637e-05 0 -5.4488842133165682e-06 2.6344196699139355e-05 -0.00039879129269966546 0.00033389531330881266 0 0 0.00038791913649215549 -5.2660890544971147e-05 -5.274701738040651e-05
leaf_weight=23 196 25 39 22 23 111 33 32 75 220 42 65 20 25 152 85 28 624 172 276 59 4823 1374 20 46 27 22 20 288 23
leaf_count=23 196 25 39 22 23 111 33 32 75 220 42 65 20 25 152 85 28 624 172 276 59 4823 1374 20 46 27 22 20 288 23
internal_value=0 0.00010794 0.000179268 -0.000129165 0.000227333 0.000313449 0 0.000434592 -6.13757e-06 -2.75462e-06 0.000123506 -0.000172844 -0.000290761 -0.00043652 -7.44579e-06 -6.15034e-05 -8.61102e-05 -0.000106302 0 -5.98326e-05 -0.000220858 6.95119e-06 4.82263e-05 -7.66106e-05 1.26782e-05 0.000160188 0.000521035 0.000135916 0 7.98899e-05
internal_weight=8990 468 376 92 333 221 56 165 8522 8382 262 140 70 50 8120 932 824 776 7188 795 231 6393 1570 43 112 73 133 48 564 108
internal_count=8990 468 376 92 333 221 56 165 8522 8382 262 140 70 50 8120 932 824 776 7188 795 231 6393 1570 43 112 73 133 48 564 108
is_linear=0
shrinkage=0.05


Tree=3
num_leaves=31
num_cat=0
split_feature=50 326 92 49 311 338 333 247 279 60 49 281 353 228 371 12 371 62 46 384 327 202 353 36 73 264 41 227 234 327
split_gain=0.00208468 0.00297896 0.00345872 0.00207619 0.00204946 0.00232981 0.00250824 0.00226103 0.00259356 0.00162892 0.00140529 0.00186501 0.00215477 0.00184607 0.00246428 0.00130597 0.00170616 0.00108705 0.00172372 0.00124553 0.000978061 0.000928504 0.000850488 0.000844904 0.000975122 0.00218579 0.00092034 0.000752345 0.00065392 0.00153771
threshold=-1.5118022612375797 0.022569753706999353 0.29580026455026454 -0.76495604452237831 0.00033068783068785002 -0.013888888888888949 -0.0001653439153456 0.2938081374488053 2.0219659184516185 0.57870370370370328 1.9877118060224925 2.9107879918563699 -0.014997147595717648 1.9020503119227372 0.31491502993740855 0.29580026455026454 2.4471551698243377 0.13607804232804202 0.0034722222222222008 0.13011926424428447 -0.029257960146751995 -0.67909308959718662 -0.068969116799689242 0.0086805555555558005 -1.6163195475373597 -1.4809511035729146 2.9213558700374107 0.18059027391608781 1.3066058782082501 -0.073253023934790093
decision_type=2 10 2 2 10 10 10 10 10 2 2 8 8 10 10 2 10 2 2 10 10 10 10 2 2 10 2 10 10 10
left_child=1 3 9 -1 5 6 -5 8 -7 -3 11 15 -13 28 -15 23 17 18 -17 -19 -4 -9 -6 27 25 -25 -26 -2 29 -12
right_child=10 2 20 4 22 7 -8 21 -10 -11 13 12 -14 14 -16 16 -18 19 -20 -21 -22 -23 -24 24 26 -27 -28 -29 -30 -31
leaf_value=-0.00010452377811759399 -0.00026892997355260778 0.00030659336841751142 -0.00077289374171934596 -0.00039045550171271375 0.00022584487144274644 0.00019260954635610782 0.00029370085729024621 -0.00012067809548993842 0.0007506071495447257 -0.00014305249129262457 -0.00041456315618132033 -0.00058045835901273366 0 0.0008050279994164174 0 0 0.00024103301056302399 0 -0.00039939448916979041 -0.00017485432646119977 0 0.00021356103755688569 -0.00015982887953783985 -0.00015807332720197808 1.5958882410449669e-07 0.0001593649190401484 -0.0001134316281742201 0 0.00010069687550424316 3.0305817915920437e-07
leaf_weight=35 55 40 20 24 20 80 30 22 64 25 24 31 53 21 29 21 32 389 70 164 20 45 43 54 6892 257 181 51 139 59
leaf_count=35 55 40 20 24 20 80 30 22 64 25 24 31 53 21 29 21 32 389 70 164 20 45 43 54 6892 257 181 51 139 59
internal_value=0 0.000102631 -0.000103498 0.000176037 0.000221237 0.000282674 0 0.000357681 0.000475655 5.68936e-05 -5.74411e-06 -9.98626e-06 -0.000246055 0.000104505 0.000387262 -6.94266e-06 -7.3556e-05 -9.69855e-05 -0.000274667 -5.86625e-05 -0.000488314 2.92789e-05 0 -2.62105e-07 1.08048e-06 8.81419e-05 -2.0419e-06 -0.000140825 1.81624e-05 -5.98443e-05
internal_weight=8990 468 105 363 328 265 54 211 144 65 8522 8250 84 272 50 8166 676 644 91 553 40 67 63 7490 7384 311 7073 106 222 83
internal_count=8990 468 105 363 328 265 54 211 144 65 8522 8250 84 272 50 8166 676 644 91 553 40 67 63 7490 7384 311 7073 106 222 83
is_linear=0
shrinkage=0.05


Tree=4
num_leaves=31
num_cat=0
split_feature=50 360 337 359 49 281 199 237 257 344 299 234 204 384 12 371 368 349 206 384 266 243 20 326 253 261 315 276 376 54
split_gain=0.0018467 0.00281182 0.00187858 0.00175788 0.00130307 0.00170486 0.00241537 0.00128303 0.00157622 0.00217113 0.00172943 0.00127809 0.00121695 0.00142971 0.00117933 0.00155932 0.00107143 0.00127268 0.00170986 0.000944985 0.00116139 0.000922522 0.001136 0.00179722 0.0010001 0.00106102 0.000921208 0.000813777 0.000806753 0.000805318
threshold=-1.5118022612375797 -0.0003460085469480999 0.077708674712745868 -1.0000000180025095e-35 1.9877118060224925 2.9107879918563699 -0.93569282980393675 -0.94926769999451344 -1.3437426147034996 0.03373851048018351 0.020144110690295803 0.4380543144789118 -0.31350802416936235 0.061850252161710008 0.29580026455026454 2.4471551698243377 0.66192114872262875 -0.08649910211178409 1.4052772885612452 -0.091155871956797793 -1.6223000735479303 1.5231972006276562 -0.79035694922770883 0.041999371573226259 1.2995011749342387 -0.23980092535230507 -0.017285877822439597 -0.29209403370972747 -0.0099135311454144493 0.28389550264550306
decision_type=2 10 10 10 2 8 8 10 10 10 10 10 10 10 2 10 10 10 10 10 10 10 2 10 10 10 10 10 10 2
left_child=1 2 7 -3 5 14 -7 -1 12 10 -10 27 13 -9 21 19 17 -13 29 28 -21 22 23 -2 25 -23 -26 -6 -16 -19
right_child=4 3 -4 -5 11 6 -8 8 9 -11 -12 16 -14 -15 15 -17 -18 18 -20 20 -22 24 -24 -25 26 -27 -28 -29 -30 -31
leaf_value=0 0.00014640119707703077 -0.00044493628955342973 -0.00016483734453607088 0 -0.00030871995766883854 -0.00068049337326859432 0 0.00034642772591242024 0.00056052243626244298 0 0.00016285035546987587 0 -0.00027895815986433335 0 0.00010705788631310814 0.00022901891714133859 0 0 0 1.9304760946372682e-05 -0.00017271050954626802 6.6239211167554024e-05 1.7104971758864473e-06 -5.6102062035395734e-05 0 -3.3883664916117473e-05 -0.00022716326521325086 0 -8.1834447633184293e-05 0.00052751914303649557
leaf_weight=32 348 29 24 63 24 23 61 42 89 28 112 52 20 29 87 32 58 20 32 44 361 300 5029 117 107 1468 121 22 152 64
leaf_count=32 348 29 24 63 24 23 61 42 89 28 112 52 20 29 87 32 58 20 32 44 361 300 5029 117 107 1468 121 22 152 64
internal_value=0 9.6536e-05 0.00016327 -0.000121793 -5.46398e-06 -9.5698e-06 -0.000235356 0.000199881 0.000232308 0.000304308 0.000363988 0.000100651 0 0.000144191 -6.63209e-06 -6.99382e-05 0.000158628 0.000223112 0.000315404 -9.25892e-05 -0.000139507 -2.50076e-07 9.6458e-06 8.46973e-05 -2.99925e-05 -1.40638e-05 -0.000131529 -7.54569e-05 0 0.000433774
internal_weight=8990 468 376 92 8522 8250 84 352 320 229 201 272 91 71 8166 676 226 168 116 644 405 7490 5494 465 1996 1768 228 46 239 84
internal_count=8990 468 376 92 8522 8250 84 352 320 229 201 272 91 71 8166 676 226 168 116 644 405 7490 5494 465 1996 1768 228 46 239 84
is_linear=0
shrinkage=0.05


Tree=5
num_leaves=30
num_cat=0
split_feature=50 385 360 300 337 70 74 34 238 49 228 267 41 364 384 315 252 351 238 73 346 23 12 276 207 344 77 222 321
split_gain=0.00161101 0.00266595 0.00245219 0.00226839 0.00170074 0.00185116 0.00198792 0.00170049 0.00143493 0.00145159 0.00256382 0.00144135 0.00125628 0.00110052 0.00109384 0.00102361 0.00177723 0.00101234 0.000988213 0.000987495 0.00182098 0.00111507 0.00105295 0.00115639 0.00103181 0.000812009 0.000806365 0.000889729 0.000783675
threshold=-1.5118022612375797 2.605700766490862 0.0027983339189599503 0.028135069738334507 0.077708674712745868 0.87929894179894208 -1.4743997998420884 0.91699735449735453 2.3577835259716493 1.5898679579016752 2.0812564565724321 -2.9666551845460325 0.86716938138440758 0.0022258374542476005 0.11241997379446191 -0.028089593236667747 -0.32648016289809262 0.56530671524460552 -0.37757815763393937 -0.27558098468965847 -0.0050125418235454485 0.0054563492063491505 0.25479497354497355 -0.41183106625700577 0.9220627226348993 0.056226083695783809 0.23330026455026451 -0.24543633099963766 0.0099692754034178006
decision_type=2 10 10 10 10 2 2 2 8 2 10 10 2 8 10 8 10 8 10 2 10 2 2 10 10 10 2 10 10
left_child=1 2 4 -4 5 6 -1 -8 9 11 12 18 26 -14 -12 -10 17 -17 -2 20 24 -22 25 -24 -13 -21 28 -28 -11
right_child=8 -3 3 -5 -6 -7 7 -9 15 10 14 19 13 -15 -16 16 -18 -19 -20 22 21 -23 23 -25 -26 -27 27 -29 -30
leaf_value=0.00075215156662251914 0 -0.00037336019474019867 -0.00052162634825776428 1.4560865782472469e-05 -0.00012735927218442291 -4.9732283032514212e-05 0.00023692948730468671 -2.4125097923560106e-05 0 0 0.00052757128476085509 0 0 -0.00038697819699611794 0 -0.00057627944147600123 0 0 -0.00049110247581390758 -4.108291665096017e-06 9.3915007297681961e-05 2.513776116950834e-06 0 -0.00017225398185140284 -0.00013935189385270061 -0.00010087094974764186 0 0.00019418349837636544 -0.00032423382685218578
leaf_weight=25 20 24 25 26 23 31 276 38 43 28 44 480 23 30 23 40 34 23 26 5008 817 765 198 223 196 237 96 148 20
leaf_count=25 20 24 25 26 23 31 276 38 43 28 44 480 23 30 23 40 34 23 26 5008 817 765 198 223 196 237 96 148 20
internal_value=0 9.01018e-05 0.000126491 -0.000150935 0.000175241 0.000207591 0.000245875 0.000189421 -5.16497e-06 -1.90777e-06 8.87221e-05 -7.22118e-06 1.81447e-05 -0.000181863 0.000377059 -0.000164349 -0.00025559 -0.000413448 -0.000288022 -4.95649e-06 2.2072e-05 5.28799e-05 -1.66105e-05 -9.40995e-05 -4.26274e-05 -9.43571e-06 7.16147e-05 0.000117326 -5.65605e-05
internal_weight=8990 468 444 51 393 370 339 314 8522 8382 412 7970 345 53 67 140 97 63 46 7924 2258 1582 5666 421 676 5245 292 244 48
internal_count=8990 468 444 51 393 370 339 314 8522 8382 412 7970 345 53 67 140 97 63 46 7924 2258 1582 5666 421 676 5245 292 244 48
is_linear=0
shrinkage=0.05


Tree=6
num_leaves=31
num_cat=0
split_feature=238 385 202 85 49 281 350 367 325 19 379 395 261 275 324 77 273 383 316 204 242 64 283 392 238 64 360 21 281 76
split_gain=0.00147349 0.00205334 0.00159091 0.00205605 0.00133321 0.00227737 0.00160365 0.00131757 0.00118952 0.00187253 0.00113635 0.00122766 0.00155595 0.00168475 0.00151095 0.00111214 0.00132085 0.00218975 0.00107191 0.00106126 0.00104804 0.000989756 0.000963064 0.000933326 0.000960299 0.000737421 0.000720154 0.000698187 0.000774339 0.00062631
threshold=-1.0142027090478367 2.8814127056650207 0.47681072169340355 0.7938661601396706 1.9877118060224925 3.0817876560061648 0.0024050654018336506 0.28505291005290995 -0.099650998697147233 -0.059718762984434792 -0.57970652284105662 0.1101611872094977 -1.9142214200042658 0.40025951986064484 0.011997501022627251 0.23330026455026451 0.5358052954713769 -0.12953029447513711 -0.015026323520431048 -1.5012527669917499 1.0000000180025095e-35 -0.84437983241950632 -0.0016772847394643498 1.227266555707119 1.0248856057705782 -0.31895489197568899 -0.034731355197369945 -2.2760007166070744 -1.3490049359519427 0.2962391108642875
decision_type=8 10 10 2 2 8 8 10 10 2 10 2 10 10 10 2 10 10 10 10 10 2 10 2 10 2 10 2 10 2
left_child=1 2 10 22 5 8 -7 19 9 -2 18 21 13 -13 -14 -6 -17 -18 -1 -5 27 -12 26 24 -22 -11 -4 28 -10 -24
right_child=4 -3 3 7 15 6 -8 -9 20 25 11 12 14 -15 -16 16 17 -19 -20 -21 23 -23 29 -25 -26 -27 -28 -29 -30 -31
leaf_value=0.00026687780105104467 0 -0.00028469677181000992 0 0 -7.6212142023064622e-05 -0.00065175764598638308 0 0 0 0.00043827684073700869 0.000378901308340281 0 -1.6931042857233036e-05 0.0005333185304229643 -0.00024825844815397677 1.4197598615192017e-06 0 0.00045303264757399158 0 0.00056691064147511891 -3.4873591017917233e-05 1.7877425648916211e-05 0 5.8181026268977112e-06 -0.00013376663911034565 0 -0.00027747675080475433 0 0.00025218854458410923 0.00021273905065376404
leaf_weight=82 123 39 31 24 37 24 32 24 24 46 31 59 337 20 115 124 29 68 50 59 2002 157 112 798 349 22 28 3988 58 98
leaf_count=82 123 39 31 24 37 24 32 24 24 46 31 59 337 20 115 124 29 68 50 59 2002 157 112 798 349 22 28 3988 58 98
internal_value=0 4.96544e-05 6.43787e-05 0.00015241 -8.53053e-06 -1.29883e-05 -0.000333198 0.000349027 -9.88919e-06 0.000110427 1.95956e-05 0 -4.40043e-05 0.000137944 -8.68879e-05 0.000101052 0.000153365 0.00029591 0.000154853 0.000443442 -1.37666e-05 0.000104159 5.552e-05 -3.5526e-05 -5.16857e-05 0.000320875 -7.83855e-05 1.84083e-06 0.000146384 0.000116959
internal_weight=8990 1266 1227 376 7724 7466 56 107 7410 191 851 719 531 79 452 258 221 97 132 83 7219 188 269 3149 2351 68 59 4070 82 210
internal_count=8990 1266 1227 376 7724 7466 56 107 7410 191 851 719 531 79 452 258 221 97 132 83 7219 188 269 3149 2351 68 59 4070 82 210
is_linear=0
shrinkage=0.05


Tree=7
num_leaves=31
num_cat=0
split_feature=359 64 207 346 255 70 261 316 207 245 31 303 198 288 369 31 397 9 275 79 76 397 288 337 212 286 220 385 254 208
split_gain=0.00131744 0.00156973 0.0013641 0.00215412 0.00171148 0.00176926 0.00147622 0.0014543 0.0012919 0.00186038 0.00207594 0.00181209 0.00202932 0.0013844 0.00128945 0.00125697 0.00122161 0.00119197 0.00117824 0.00113553 0.00107331 0.00169764 0.00105973 0.0024552 0.00102369 0.00101124 0.000942713 0.000896324 0.000848348 0.000797882
threshold=-0.068841227719630291 -0.9718552680648268 2.4032785117037041 -0.021013266289055598 -1.2656802835272123 0.78009259259259267 1.0000000180025095e-35 -0.059438522445656998 1.8334710151102473 0.12152436794837497 0.9198082010582006 -0.00033068783068774995 -1.1603776874117393 0.0003306878306873501 0.077972053047748568 0.085648148148148168 -0.17409486928578008 1.9107227713671902 -0.49937482814859996 0.65852613248995961 0.15781922366796705 0.10904481320266766 -0.00033068783068774995 0.0020746957423871501 1.7926611933573204 -0.00033068783068784991 -0.74921328939926346 -0.60540430658744049 -0.63387295254106946 -0.88406834045867833
decision_type=8 2 8 8 8 2 10 10 10 10 2 10 10 10 10 2 2 2 10 2 2 2 10 8 10 10 10 10 10 10
left_child=1 18 8 7 5 24 17 -4 13 10 11 14 -13 15 -10 25 -15 -6 -1 -3 28 -22 23 -12 26 27 -5 -2 -17 -27
right_child=2 19 3 4 6 -7 -8 -9 9 -11 22 12 -14 16 -16 20 -18 -19 -20 -21 21 -23 -24 -25 -26 29 -28 -29 -30 -31
leaf_value=0 0.00028173438516227231 -3.7454649089461255e-05 0 0.00028191275505652918 -0.00054424808104587021 0.00047960163155345522 0 -0.00069947798002536316 0.00050390099194749609 -1.6698758778944978e-05 0 -0.00027121358571492461 0.00020547610923715094 0 0 -5.5125419150740156e-05 -0.00011771596490991611 -4.471854147006475e-05 0.00050778979991056674 0.0001523839608624537 0 0.00010769733041420661 0.0001778551460156987 -0.00061305324895687022 -0.00030794393370716343 -0.00021133446712988716 0 -1.0486455227866097e-05 4.1365215969087394e-06 -1.7224607101777216e-05
leaf_weight=22 29 160 24 33 36 21 30 25 80 200 31 25 82 276 21 687 483 59 38 121 926 624 27 21 24 161 90 59 4399 176
leaf_count=22 29 160 24 33 36 21 30 25 80 200 31 25 82 276 21 687 483 59 38 121 926 624 27 21 24 161 90 59 4399 176
internal_value=0 9.61284e-05 -4.04651e-06 -0.000101895 -3.15787e-05 5.05894e-05 -0.000181933 -0.000419604 0 7.89882e-05 0.000163067 0.000248243 4.72654e-05 -4.93798e-06 0.000411447 1.26783e-06 -6.92501e-05 -0.000286963 0.000338306 2.65287e-05 7.30139e-06 4.39536e-05 0 -0.000185465 0 -8.11586e-05 4.71643e-05 2.92704e-05 -2.88624e-06 -0.000124827
internal_weight=8990 341 8649 342 293 168 125 49 8307 487 287 208 107 7820 101 7061 759 95 60 281 6636 1550 79 52 147 425 123 88 5086 337
internal_count=8990 341 8649 342 293 168 125 49 8307 487 287 208 107 7820 101 7061 759 95 60 281 6636 1550 79 52 147 425 123 88 5086 337
is_linear=0
shrinkage=0.05


Tree=8
num_leaves=31
num_cat=0
split_feature=238 235 50 202 341 302 78 353 63 254 254 337 49 77 321 383 369 279 267 76 238 36 325 19 243 264 227 56 89 223
split_gain=0.00133671 0.00125691 0.0011705 0.00231762 0.00237829 0.00182601 0.00174212 0.00178644 0.00256907 0.00185843 0.00149323 0.00121694 0.00120898 0.00191761 0.00223791 0.0019177 0.0028869 0.00152608 0.00124704 0.000931386 0.000859213 0.000857812 0.00087933 0.00122078 0.000858571 0.000854101 0.000616377 0.000596084 0.000511378 0.000476317
threshold=2.3577835259716493 0.38097171615305253 -1.5118022612375797 0.47681072169340355 -0.0033068783068780998 -0.0093324988531628475 0.37078373015873028 -0.0048456167874150998 0.33878968253968256 -0.37853460266911493 -1.6231145409696286 0.013179385919261101 1.5898679579016752 0.33151455026455007 0.013258257088266452 -0.13462381073012589 0.15816433722113443 -0.62825144190773996 -2.9666551845460325 0.52288210857605766 -0.37757815763393937 0.0086805555555558005 -0.13158054216872597 0.091002729141301766 1.9027575246988409 1.9267795239690135 0.18059027391608781 0.70965608465608454 0.16411408701346752 0.35343730819935298
decision_type=8 8 2 10 10 10 2 10 2 10 10 10 2 2 10 10 10 10 10 2 10 2 10 2 10 10 10 2 2 10
left_child=2 -2 3 4 5 19 10 8 -8 -9 -6 25 18 14 -14 29 17 -17 20 -1 -4 26 23 -23 -24 28 27 -20 -5 -15
right_child=1 -3 12 11 6 -7 7 9 -10 -11 -12 -13 13 15 -16 16 -18 -19 21 -21 -22 22 24 -25 -26 -27 -28 -29 -30 -31
leaf_value=0 0 -0.0003145928734302959 0 0.00052047494544227215 0 0 9.4643432678265566e-05 0 -0.00043869011396751792 0.00045714924733488647 -0.0005033215746383002 0 0 3.5185995629650098e-05 -0.00048683147587085516 0 0 0.00042632737708543959 0 0.00055745273299460019 -0.00045700310800809735 0 1.9068587134136434e-06 0.00033267061670518884 -4.2834267510628914e-05 0 0 -0.00038311789031566184 0 -0.00016680679232626474
leaf_weight=21 75 65 20 56 20 30 20 88 47 30 37 31 77 40 26 21 82 125 21 37 26 106 6416 46 1251 27 48 36 24 41
leaf_count=21 75 65 20 56 20 30 20 88 47 30 37 31 77 40 26 21 82 125 21 37 26 106 6416 46 1251 27 48 36 24 41
internal_value=0 -0.000153489 2.15674e-06 7.93464e-05 0 0.000229382 -7.35669e-05 0 -0.000205067 0.000117999 -0.000314995 0.000251586 -1.55744e-06 8.10978e-05 -7.57148e-05 0.000149552 0.00022653 0.000359884 -6.45852e-06 0.00039794 -0.000267673 -4.30779e-06 -1.75182e-06 0.000116093 -4.74173e-06 0.000331697 -0.000146886 -0.000258262 0.000416853 -5.4846e-06
internal_weight=8990 140 8850 468 330 88 242 185 67 118 57 138 8382 412 103 309 228 146 7970 58 46 7924 7819 152 7667 107 105 57 80 81
internal_count=8990 140 8850 468 330 88 242 185 67 118 57 138 8382 412 103 309 228 146 7970 58 46 7924 7819 152 7667 107 105 57 80 81
is_linear=0
shrinkage=0.05


Tree=9
num_leaves=31
num_cat=0
split_feature=339 358 50 246 203 49 295 19 258 13 256 348 57 384 207 54 19 200 64 256 346 331 60 44 350 352 290 371 67 28
split_gain=0.0012822 0.00159339 0.00149172 0.00142638 0.00140241 0.00232899 0.00135298 0.00146546 0.00132361 0.00186339 0.00170406 0.00154715 0.00151847 0.00142136 0.00116952 0.00237208 0.00115737 0.00122176 0.00107801 0.001039 0.000959108 0.000871412 0.00057386 0.000473576 0.000614847 0.000440533 0.000436262 0.000195973 0.000178947 8.06969e-05
threshold=-0.28768207245179361 0.0013135429039787003 2.1823915423017106 -0.045488013623273593 -1.0982362656274527 0.084223231879501606 -0.11622630264596208 0.091002729141301766 1.7217644153580911 0.0018187830687830002 -0.23745745127085596 0.074992152309423118 -0.28441062041001491 0.80281706469446934 2.4032785117037041 0.37094907407407524 -0.12917681676025011 -0.51464262158170515 -0.8004310875932138 1.4654660146655243 0.30274312100076445 -0.0086140518100518981 0.24983465608465602 0.43501984126984156 0.0099094485225355525 0.016696132102531753 -0.00033068783068784991 -0.4050947667555404 2.0514212642085652 0.019427910052910054
decision_type=8 10 2 10 10 2 8 2 8 2 10 10 2 10 10 2 2 10 2 10 10 10 2 2 10 10 10 10 2 2
left_child=1 3 6 19 -4 -6 7 -2 12 10 -10 13 16 -11 20 -16 -8 -18 -13 22 -14 -7 -1 25 -25 27 -9 -3 -28 -12
right_child=2 23 4 -5 5 21 8 26 9 11 29 18 14 -15 15 -17 17 -19 -20 -21 -22 -23 -24 24 -26 -27 28 -29 -30 -31
leaf_value=0 0 0 0 0 0 -0.00087202847224134039 0 0 0.00040353988676600889 -0.00014431587049516789 -8.4731577565393067e-05 0.00028371519371712386 5.6945146509540046e-06 0.00010516935190700394 0 -0.00024963191790112858 0.00036802682502859831 0 0 0 -0.00016926438552701596 -5.6547271334707279e-05 0.00056391545286535439 0.0002397145651376641 0 0 0.00052028194394028503 -0.00031914606078596407 1.2750897665655856e-05 0
leaf_weight=20 126 23 34 64 45 20 44 21 36 637 28 36 6908 39 184 141 72 20 98 24 78 23 46 34 53 32 31 23 27 23
leaf_count=20 126 23 34 64 45 20 44 21 36 637 28 36 6908 39 184 141 72 20 98 24 78 23 46 34 53 32 31 23 27 23
internal_value=0 9.82176e-05 -3.83067e-06 0.000214069 -0.000177607 -0.000288988 -7.63859e-07 0.000125323 -4.46233e-06 -6.20233e-05 0.000136318 -8.95128e-05 1.80029e-06 -0.000122514 -6.00112e-07 -9.38364e-05 0.000167483 0.00026994 3.96508e-05 0.000343445 3.02296e-06 -0.000552993 0.000447301 0 6.96368e-05 -9.87481e-05 0.000295027 -0.000201022 0.000370505 0
internal_weight=8990 319 8671 154 122 88 8549 205 8344 897 87 810 7447 676 7311 325 136 92 134 90 6986 43 66 165 87 78 79 46 58 51
internal_count=8990 319 8671 154 122 88 8549 205 8344 897 87 810 7447 676 7311 325 136 92 134 90 6986 43 66 165 87 78 79 46 58 51
is_linear=0
shrinkage=0.05


Tree=10
num_leaves=31
num_cat=0
split_feature=238 236 79 248 389 250 395 234 229 253 301 213 49 31 219 301 209 228 385 257 242 254 65 380 91 238 71 378 361 80
split_gain=0.00125581 0.00182421 0.00210728 0.00167437 0.00191526 0.00163253 0.00139151 0.00200864 0.00134515 0.00118163 0.00128372 0.00115772 0.00106698 0.00124296 0.00175004 0.00191975 0.00177694 0.00120704 0.00211873 0.00103934 0.000881021 0.00136937 0.00175958 0.00152236 0.00128225 0.00152232 0.000942716 0.00086611 0.00179 0.00103693
threshold=-1.0142027090478367 -0.80243276666086605 -0.35384360397230491 0.73213666793379417 -0.55686671822634748 -0.10868822768840139 0.26013372449884226 -0.066930315468176335 -1.5090641948463406 1.6556135016314648 -0.0068665070292545484 2.1547363017857655 1.9877118060224925 0.085648148148148168 -0.58978361831265436 -0.0011639384282149999 -1.6957085840231121 1.9020503119227372 0.09976843718462626 -0.19343493203947479 0.86653568921873503 -0.61686819398184001 -0.23475223350634147 -0.020091541649626198 1.0926224061113503 0.97266705781161467 0.44212962962962959 0.0085762793140179028 -0.47119004933906294 0.69064153439153408
decision_type=8 10 2 10 2 10 2 10 10 10 10 10 2 2 10 10 10 10 10 10 8 10 2 8 2 10 2 10 10 2
left_child=1 2 -1 4 -3 8 -7 -8 -5 10 -6 -12 13 14 -2 16 -16 -14 -19 -9 -15 22 -22 -24 26 -26 -23 28 -11 -29
right_child=12 3 -4 5 9 6 7 19 -10 27 11 -13 17 20 15 -17 -18 18 -20 -21 21 24 23 -25 25 -27 -28 29 -30 -31
leaf_value=-0.00055391597209045608 -3.7099179644986338e-05 -2.397787363672751e-05 0 0.00044324197795882615 0 0 0 -0.00078576795844506337 0 -4.0539354521687397e-05 0.00026345825314160994 0 1.1791685893451874e-05 4.9295537426256299e-06 0 0 -0.00085762304120830127 0.00071873028877895539 0 0 0 3.2780238850302088e-07 0 -0.0002680465008514549 0.00013774608139129841 -0.00010944991700990242 -7.9383887545931168e-05 2.3884635772995977e-05 0.00025167036106182574 -0.00025143638109245925
leaf_weight=25 375 165 41 22 40 75 58 23 176 55 321 28 209 4908 20 22 23 20 29 22 273 692 50 193 266 59 585 65 107 43
leaf_count=25 375 165 41 22 40 75 58 23 176 55 321 28 209 4908 20 22 23 20 29 22 273 692 50 193 266 59 585 65 107 43
internal_value=0 4.6079e-05 -0.000191855 6.33466e-05 0.000104155 -1.27948e-05 -0.000133285 -0.00025383 7.02978e-05 0.000143822 0.000203945 0.000235695 -7.64339e-06 -1.16938e-05 -9.40143e-05 -0.000345005 -0.000539573 9.01539e-05 0.000321855 -0.000508559 -5.82561e-06 -3.3108e-05 -0.000104808 -0.000203508 -6.88777e-06 7.74708e-05 -3.22768e-05 3.86455e-05 0.000121654 -3.96116e-05
internal_weight=8990 1266 66 1200 824 376 178 103 198 659 389 349 7724 7466 440 65 43 258 49 45 7026 2118 516 243 1602 325 1277 270 162 108
internal_count=8990 1266 66 1200 824 376 178 103 198 659 389 349 7724 7466 440 65 43 258 49 45 7026 2118 516 243 1602 325 1277 270 162 108
is_linear=0
shrinkage=0.05


Tree=11
num_leaves=31
num_cat=0
split_feature=73 395 293 244 75 71 50 205 318 253 50 331 21 242 260 60 207 288 381 19 50 246 237 273 260 68 382 382 353 322
split_gain=0.00129716 0.00248577 0.00194087 0.0022026 0.00185947 0.00228958 0.00137639 0.00124326 0.00200367 0.001203 0.00165135 0.00147914 0.00232395 0.00123046 0.00105572 0.00117658 0.00126411 0.00105549 0.00103659 0.00104394 0.000964976 0.00192423 0.0013145 0.000963393 0.000922375 0.000884227 0.000855619 0.00147468 0.000701744 0.00061037
threshold=-1.9090376702397247 0.21946160244926133 -0.22022241350208713 1.0000000180025095e-35 0.76289682539682568 0.42427248677248702 2.1823915423017106 0.30730003521364274 -0.15870090711616372 1.5570284529349372 -2.7957776129254568 -0.027237291842680696 -0.42724362103423291 0.97686251450731476 -1.3055703620275183 0.72337962962962965 1.2105919149141091 0.0003306878306873501 1.2443840866051477 0.32669507329490505 -0.24941494006396797 -1.9269833634593416 2.2523819539344552 0.26462626297485442 -0.37917875317303834 0.037533068783068807 1.6313182108157258 1.291898496454287 -0.085528748388281686 -0.0067508869225983989
decision_type=2 2 10 10 2 2 2 10 10 8 2 10 2 10 10 2 10 10 10 2 2 10 10 10 10 2 10 10 8 10
left_child=1 18 -3 29 5 25 9 8 -8 10 -2 12 -11 28 23 24 -17 20 19 -1 21 -12 -22 -13 -16 -5 27 -19 -14 -4
right_child=6 2 3 4 -6 -7 7 -9 -10 11 17 14 13 -15 15 16 -18 26 -20 -21 22 -23 -24 -25 -26 -27 -28 -29 -30 -31
leaf_value=0 0.00037163265466456485 0.00037044279611520063 0 -0.00025578806143845644 0 -0.00063431885402453212 0 0 -0.00046018569479010213 -0.00060701005997567867 -9.8308783365526779e-05 0 0 4.39035202524927e-05 -0.0001038314650946856 -6.8611143954408172e-06 -0.00038207049553371793 -4.5873694882158798e-05 0 0.00062612860500900393 -4.5300927586826131e-06 6.7655614220748714e-05 0.00013334905576889859 0.00031094345681994526 2.2467315886308684e-05 0.00013605214401138992 5.973728869911421e-05 -0.00036513509806947522 -0.00025201030907536425 0.00027705882147340753
leaf_weight=21 31 32 23 28 33 37 21 46 55 30 178 47 23 68 190 98 50 566 21 37 4946 1370 179 42 530 20 95 47 88 38
leaf_count=21 31 32 23 28 33 37 21 46 55 30 178 47 23 68 190 98 50 566 21 37 4946 1370 179 42 530 20 95 47 88 38
internal_value=0 0.000103853 0 -4.99669e-05 -0.000196389 -0.000328863 -3.62079e-06 -0.000170543 -0.000295819 -6.61916e-07 6.17025e-06 -4.83771e-05 -0.000171871 -7.0727e-05 -1.61679e-05 -3.76031e-05 -0.000167554 3.9529e-06 0.000343686 0.00045323 1.0739e-05 4.5337e-05 0 0.000136576 -3.92784e-06 0 -5.29388e-05 -7.8563e-05 -0.000185932 0.000151301
internal_weight=8990 290 211 179 118 85 8700 122 76 8578 7412 1166 209 179 957 868 148 7381 79 58 6673 1548 5125 89 720 48 708 613 111 61
internal_count=8990 290 211 179 118 85 8700 122 76 8578 7412 1166 209 179 957 868 148 7381 79 58 6673 1548 5125 89 720 48 708 613 111 61
is_linear=0
shrinkage=0.05


Tree=12
num_leaves=31
num_cat=0
split_feature=73 395 212 63 359 64 238 20 342 13 253 299 72 89 75 73 346 91 344 337 311 238 370 381 255 266 89 337 395 356
split_gain=0.0012212 0.00224627 0.0019354 0.00301357 0.00130464 0.00157267 0.00137274 0.00123036 0.00167893 0.00118403 0.00117043 0.00167119 0.00182712 0.00218831 0.00114265 0.00109327 0.00163073 0.00135121 0.00101631 0.00138858 0.000982046 0.000972012 0.000942055 0.000937527 0.000954837 0.000855323 0.000817276 0.000743917 0.000673452 0.000515621
threshold=-1.9090376702397247 0.21946160244926133 -1.0444982979356341 0.51802248677248708 -0.068841227719630291 -0.9718552680648268 2.1449374946431794 0.40726848941141108 0.0030828545371845502 0.0057870370370370012 1.6031397409416173 -0.063163710291153932 -0.85748547643121786 0.35762882297212356 0.74834656084656115 -0.27558098468965847 -0.0052910546652674495 1.1736775696600203 0.093957181270184167 0.011085566235364752 -0.00033068783068784991 -0.99139576139958685 -1.0000000180025095e-35 1.2443840866051477 -1.8237168315761196 -0.49016243817553284 -0.018374484923291096 0.0020746957423871501 0.6690144509728867 -0.036908436357929238
decision_type=2 2 10 2 8 2 8 2 10 2 10 10 2 2 2 2 10 2 10 10 10 10 10 10 10 10 2 10 2 10
left_child=1 23 3 9 5 -2 10 8 27 -3 15 20 28 -14 -5 16 25 -18 21 -20 -12 -17 -4 24 -1 -6 -22 -8 -13 -24
right_child=4 2 22 14 6 -7 7 -9 -10 -11 11 12 13 -15 -16 18 17 -19 19 -21 26 -23 29 -25 -26 -27 -28 -29 -30 -31
leaf_value=0.00059071856993464435 0.00035298498640741927 -0.00059589689854044978 0 0 3.8900897730223042e-05 2.4713465254365702e-05 0 0 0 0 -0.00010689001188665155 0 -0.00024783839175769156 -1.4196204497404263e-05 0.00038181214259001665 7.1009319509952916e-05 4.3704449327900611e-05 0.0002113286636011212 -0.00031011861943644828 0 0.00016494881278403999 -9.932120223817471e-06 0 0 0 -8.5283278603899082e-05 0 -0.00070446791085842792 0.00027994346510301003 0.00034736998474781919
leaf_weight=38 53 34 24 33 185 273 23 130 33 22 106 28 268 239 21 394 951 172 65 64 122 5025 22 21 20 314 199 26 30 55
leaf_count=38 53 34 24 33 185 273 23 130 33 22 106 28 268 239 21 394 951 172 65 64 122 5025 22 21 20 314 199 26 30 55
internal_value=0 0.000100813 0 -0.000129065 -3.46835e-06 9.35074e-05 -7.84177e-06 -0.000134198 -0.000289812 -0.000403828 -3.94559e-06 -5.50876e-05 -0.000112504 -0.000147584 6.36732e-05 2.43346e-06 3.90543e-05 7.38465e-05 -7.37223e-06 -0.000146993 9.18696e-06 -3.12324e-06 0.000172389 0.000329042 0.000433293 -2.92265e-05 6.31105e-05 -0.000475317 0.000107807 0.000263658
internal_weight=8990 290 211 110 8700 326 8374 212 82 56 8162 992 565 507 54 7170 1622 1123 5548 129 427 5419 101 79 58 499 321 49 58 77
internal_count=8990 290 211 110 8700 326 8374 212 82 56 8162 992 565 507 54 7170 1622 1123 5548 129 427 5419 101 79 58 499 321 49 58 77
is_linear=0
shrinkage=0.05


Tree=13
num_leaves=31
num_cat=0
split_feature=339 358 246 268 66 375 364 371 73 250 292 229 322 207 354 89 50 342 54 251 376 213 258 389 275 324 44 256 341 238
split_gain=0.00113999 0.00146804 0.0012607 0.0012125 0.0014927 0.00160257 0.00183072 0.00138401 0.001293 0.00169278 0.00172727 0.00146371 0.00193651 0.0012826 0.0012618 0.00125604 0.00121806 0.00148026 0.00163613 0.00117925 0.00147397 0.00112011 0.00110927 0.00103145 0.001802 0.00156 0.00102406 0.000917331 0.000890403 0.00082633
threshold=-0.28768207245179361 0.0013135429039787003 -0.045488013623273593 1.7217644153583078 -1.0972605337610346 -0.11048378114785269 0.013549936387186502 0.34247594572662349 -1.6922687424744647 -0.46719573312790347 -0.00033068783068774995 -1.5746104383675317 -0.010768514649899199 0.2808612166631706 0.08550500265072776 -0.034752368015773194 1.8662252048319852 0.0030828545371845502 0.10730820105820101 -0.81612349046916988 -0.31154369053483955 1.9637644091058799 0.30850729543913663 0.14217128031659534 -0.56659394313070555 0.034007826526321006 0.51967592592592615 1.4654660146655243 -0.013227513227512947 2.0738296170308455
decision_type=8 10 10 8 2 10 10 8 2 10 10 10 10 8 10 2 2 10 2 8 10 10 10 2 10 10 2 10 10 10
left_child=1 2 27 8 5 -5 -7 13 9 10 14 15 -13 28 22 -11 -10 18 -18 -15 -21 -14 -2 24 26 -26 -9 -1 -6 -20
right_child=3 -3 -4 4 7 6 -8 23 16 11 -12 12 21 19 -16 -17 17 -19 29 20 -22 -23 -24 -25 25 -27 -28 -29 -30 -31
leaf_value=0.00042354588459545976 9.1210371893195048e-05 0 0 -6.1159233828371909e-05 -0.00024956929255356698 0.00062915587524112497 0 0 7.532226534353175e-07 -0.00042054706600000013 0 -0.00014604643984155534 0.00031353346387470726 0 0 0 0 0 0 0 -0.00045680654263284445 0 0.00071480151814138227 -0.00014149996595949117 0.00039530192981733405 0 -0.0002670804408744248 0 -1.054697074090097e-05 -0.00066606030128160145
leaf_weight=66 38 165 64 36 59 24 38 56 7295 32 39 37 81 28 21 20 22 54 25 31 84 20 34 97 54 82 44 24 291 29
leaf_count=66 38 165 64 36 59 24 38 56 7295 32 39 37 81 28 21 20 22 54 25 31 84 20 34 97 54 82 44 24 291 29
internal_value=0 9.27078e-05 0.000203994 -3.51924e-06 -5.78902e-05 0.00010548 0.000282697 -8.33361e-05 2.32095e-06 0.000100638 0.000238183 0 9.01428e-05 -0.000136572 0.0003562 -0.000220674 -1.27068e-06 -0.000153188 -0.000297905 -0.000276196 -0.000347067 0.000226182 0.000455615 0 5.18388e-05 0.00018292 -7.64861e-05 0.000325812 -6.51807e-05 -0.000447709
internal_weight=8990 319 154 8671 924 98 62 826 7747 322 132 190 138 493 93 52 7425 130 76 143 115 101 72 333 236 136 100 90 350 54
internal_count=8990 319 154 8671 924 98 62 826 7747 322 132 190 138 493 93 52 7425 130 76 143 115 101 72 333 236 136 100 90 350 54
is_linear=0
shrinkage=0.05


Tree=14
num_leaves=31
num_cat=0
split_feature=339 357 64 268 275 306 389 385 358 279 394 222 253 73 250 292 229 322 35 354 338 249 253 238 21 207 221 270 67 302
split_gain=0.00103507 0.00136141 0.00112589 0.00110703 0.00128225 0.00128804 0.00123449 0.00165736 0.00158329 0.00182148 0.00126985 0.00120124 0.0011981 0.00115974 0.00156849 0.00159863 0.0012792 0.00175154 0.00152272 0.00115379 0.00112948 0.00156139 0.00110806 0.0012157 0.00137687 0.001205 0.0026219 0.00206953 0.00113724 0.00109717
threshold=-0.28768207245179361 0.00066137566137505017 -0.57000245355543189 1.7217644153583078 -0.85206055270914438 -0.00064641250115279989 0.13488300719389124 0.35309675176767447 -0.037755824410921339 -0.86614471692743122 -0.040150583414809794 -0.065287375836707587 -0.87715689495367399 -1.6922687424744647 -0.46719573312790347 -0.00033068783068774995 -1.5746104383675317 -0.010768514649899199 0.88673941798941802 0.08550500265072776 0.032738095238095101 1.8083639500645587 1.5570284529349372 -1.0142027090478367 1.6842892932770301 2.4032785117037041 -1.6359486749417709 2.5631860713102976 0.5751800091592536 -0.03435474435086399
decision_type=8 10 2 8 10 10 2 10 10 10 2 10 10 2 10 10 10 10 2 10 10 10 10 10 2 10 10 10 2 10
left_child=1 2 -1 13 5 -5 7 11 -9 -10 29 12 -6 14 15 19 18 -18 -16 -2 21 -7 23 24 28 -24 -27 -28 -15 -8
right_child=3 -3 -4 4 6 20 10 8 9 -11 -12 -13 -14 22 16 -17 17 -19 -20 -21 -22 -23 25 -25 -26 26 27 -29 -30 -31
leaf_value=0.00033826902114438039 0.0004363576189352293 0 0 1.945318082797284e-05 0 -9.6638955047922967e-05 0 0 0 0.00038374884628150424 0 3.4971936216127336e-05 -0.0002432984001741342 -2.0859122247634804e-06 -0.00044126485016232907 0 -0.00013876380207458877 0.00021362243626238742 0 0 0 -0.00048719166179595147 -2.318772601675467e-05 -6.6989296992569515e-07 0 1.124167712751058e-05 -0.00055901687233177297 0 0.00018135404680050086 -0.0003279205698204412
leaf_weight=76 72 168 75 38 42 124 27 58 33 85 67 166 104 47 31 39 37 101 21 21 36 62 787 5918 260 43 54 27 289 82
leaf_count=76 72 168 75 38 42 124 27 58 33 85 67 166 104 47 31 39 37 101 21 21 36 62 787 5918 260 43 54 27 289 82
internal_value=0 8.83276e-05 0.000197487 -3.36404e-06 -5.53256e-05 -0.00015145 -1.01405e-05 2.23443e-05 0.000151093 0.000259916 -0.000128566 -3.42876e-05 -0.000147228 2.18875e-06 9.53133e-05 0.000227673 0 8.29044e-05 -0.000207759 0.000341286 -0.000203212 -0.000253882 -1.17761e-06 5.35285e-06 7.35338e-05 -5.33563e-05 -0.000204366 -0.00038035 0.000140825 -0.000236175
internal_weight=8990 319 151 8671 924 260 664 488 176 118 176 312 146 7747 322 132 190 138 52 93 222 186 7425 6514 596 911 124 81 336 109
internal_count=8990 319 151 8671 924 260 664 488 176 118 176 312 146 7747 322 132 190 138 52 93 222 186 7425 6514 596 911 124 81 336 109
is_linear=0
shrinkage=0.05


Tree=15
num_leaves=31
num_cat=0
split_feature=50 202 341 302 257 66 375 395 294 91 50 384 65 279 31 79 219 49 397 327 388 393 232 392 46 206 73 264 308 321
split_gain=0.00101119 0.00196488 0.00200154 0.00153791 0.00147503 0.00155076 0.00152681 0.0023496 0.0011761 0.00112006 0.000852183 0.00171792 0.00148281 0.00140858 0.00129868 0.00107907 0.00170477 0.000938243 0.00162144 0.00170752 0.00146719 0.0011182 0.00112557 0.000851536 0.000790212 0.000773621 0.00131344 0.00114099 0.00109025 0.000964489
threshold=-1.5118022612375797 0.47681072169340355 -0.0033068783068780998 -0.0093324988531628475 -0.034419069882437342 -1.8070607179440947 0.19763431061406569 0.18515587719635723 0.00033068783068795009 1.0315766100626564 1.1240699184160701 0.011383391398124002 0.12502833881796807 0.31480412605531222 0.12979497354497352 -1.0676699483220198 0.57153272224217144 1.4905488306002204 0.095818249651853316 -0.16247125222241746 -0.18328166244648772 1.2217706948578522 0.90859038685936777 1.0322556057776089 0.048445767195767202 1.4964110507305142 -1.5788418710008199 0.84290823186251984 -0.0089686699827559984 0.021111149028490202
decision_type=2 10 10 10 10 2 10 2 10 2 2 10 2 10 2 2 10 2 2 10 2 2 10 2 2 8 2 10 10 10
left_child=1 2 3 23 5 -4 7 -7 9 -3 17 14 13 -13 24 16 -16 25 19 -19 -20 22 -22 -1 -12 26 27 -2 -29 -28
right_child=10 8 4 -5 -6 6 -8 -9 -10 -11 11 12 -14 -15 15 -17 -18 18 20 -21 21 -23 -24 -25 -26 -27 29 28 -30 -31
leaf_value=0.00050770741303939027 0 0 8.821170557795957e-06 0 6.1516852175371974e-05 0 0 -0.00048445020519962832 0 0.00047374392513798076 -0.00035760804906931793 -3.2349784113924884e-05 0 -0.00036982156410273712 0.00045389528002543508 0 0 -0.00031195298333546649 0 4.8608796876532974e-05 0.00042332544295709635 0 0 0 0 -4.1359157739391761e-05 4.7357847101306907e-06 0.00040982696119617633 0 -6.4452499228955171e-05
leaf_weight=38 152 38 36 30 83 23 23 77 42 58 37 99 72 100 36 362 29 40 56 155 87 25 20 20 32 1135 5427 53 53 552
leaf_count=38 152 38 36 30 83 23 23 77 42 58 37 99 72 100 36 362 29 40 56 155 87 25 20 20 32 1135 5427 53 53 552
internal_value=0 7.14091e-05 0 0.000208973 -6.91167e-05 -0.000168732 -0.000261281 -0.000349407 0.0002299 0.000326419 -4.0676e-06 -5.44093e-05 -0.000155624 -0.000227147 0 3.34455e-05 0.000220856 2.67292e-07 7.71066e-05 0 0.000183464 0.000275127 0.000345638 0.000363859 -0.000200179 -3.04753e-06 3.12326e-06 0.000113765 0.000241597 -8.16619e-07
internal_weight=8990 468 330 88 242 159 123 100 138 96 8522 767 271 199 496 427 65 7755 383 195 188 132 107 58 69 7372 6237 258 106 5979
internal_count=8990 468 330 88 242 159 123 100 138 96 8522 767 271 199 496 427 65 7755 383 195 188 132 107 58 69 7372 6237 258 106 5979
is_linear=0
shrinkage=0.05


Tree=16
num_leaves=31
num_cat=0
split_feature=359 64 260 238 79 315 252 345 248 31 85 55 203 9 297 379 16 36 67 374 273 250 249 344 267 18 64 66 275 367
split_gain=0.000972532 0.00120528 0.0010715 0.000995375 0.000969934 0.000844968 0.000896615 0.000887071 0.000754897 0.00151289 0.00121928 0.00120858 0.00210549 0.00118561 0.00117915 0.00112679 0.00102366 0.00225524 0.00264299 0.00249708 0.00137674 0.00100426 0.000917004 0.000896492 0.000869833 0.000810103 0.000794503 0.000748903 0.000737741 0.000716555
threshold=-0.068841227719630291 -0.9718552680648268 0.040803623223064404 2.3577835259716493 0.65852613248995961 -0.028089593236667747 -0.32648016289809262 0.0013227513227509504 0.78771253426859567 0.85912698412698396 1.2439068555623003 1.0000000180025095e-35 0.60269454724115223 1.4976240558108103 0.0013174894726350503 -0.15952864414355863 -1.1121531789245649 0.26421957671957702 1.0679978644362003 -0.039919172722328138 2.1043983916768956 0.25650437641945495 1.7677855325941498 0.00037002780696745004 -2.9666551845460325 -1.8194206574870047 -0.099036680263298774 -1.3473526367878197 -1.0113924897480364 0.10135582010582037
decision_type=8 2 10 8 2 8 10 10 10 2 2 2 10 2 10 10 2 2 2 10 10 10 10 10 10 2 2 2 10 10
left_child=1 2 -1 8 -3 -5 7 -7 14 10 25 28 22 -12 16 -14 17 19 -19 -2 24 -16 -13 -22 -18 -10 -23 -27 -11 -30
right_child=3 4 -4 5 -6 6 -8 -9 9 11 13 12 15 -15 21 -17 20 18 -20 -21 23 26 -24 -25 -26 27 -28 -29 29 -31
leaf_value=0 0 -3.8567792812668141e-05 0.00053102663818422008 0 0.00013763434848086572 -5.7017436105727702e-05 0 -0.00066951327399461915 -0.00022706093117712294 0.00011729604176717069 0.00038590535387673193 -8.5091975867114482e-05 0 0 0 -0.00036837840783346154 -0.00022127012888633788 0.00054968059166683259 -3.4852498017626383e-05 -0.0003976360208037817 8.4527441773996971e-06 0.00020646940071023082 0.00017594740481221489 0.00021914587215803429 1.7457589360237279e-06 -0.00015176935465935094 0 1.0902386892911495e-05 -0.00014210854139985084 0
leaf_weight=32 54 160 28 43 121 43 32 20 40 82 40 264 22 25 314 117 44 21 191 90 183 183 29 122 5061 75 103 1198 124 129
leaf_count=32 54 160 28 43 121 43 32 20 40 82 40 264 22 25 314 117 44 21 191 90 183 183 29 122 5061 75 103 1198 124 129
internal_value=0 8.28134e-05 0.000295421 -3.26226e-06 1.95404e-05 -0.000136637 -0.000222089 -0.000331453 -5.10643e-07 -2.6696e-05 1.12636e-06 -8.31935e-05 -0.000138851 0.000214948 7.52728e-06 -0.000306575 0 -8.15002e-05 0 -0.000235671 5.98563e-06 7.42522e-05 -4.21451e-05 0.000109162 0 -5.66665e-06 0.000142618 0 0 -5.31427e-05
internal_weight=8990 341 60 8649 281 138 95 63 8511 2145 1378 767 432 65 6366 139 5766 356 212 144 5410 600 293 305 5105 1313 286 1273 335 253
internal_count=8990 341 60 8649 281 138 95 63 8511 2145 1378 767 432 65 6366 139 5766 356 212 144 5410 600 293 305 5105 1313 286 1273 335 253
is_linear=0
shrinkage=0.05


Tree=17
num_leaves=31
num_cat=0
split_feature=91 335 223 50 376 203 215 64 326 73 288 388 398 200 356 45 57 200 383 252 248 19 68 297 238 259 264 218 46 233
split_gain=0.000995837 0.00181767 0.00155986 0.000806894 0.000942118 0.00146761 0.00104114 0.000878396 0.00194093 0.00151307 0.00251108 0.00172001 0.00288872 0.00144297 0.00131086 0.00196994 0.00123375 0.00104537 0.0014933 0.00147766 0.000938671 0.00135169 0.00137515 0.00162888 0.000813935 0.00150829 0.000818231 0.00077555 0.000803678 0.000639935
threshold=3.0800826753290553 0.0014586038882820002 -2.2596179586827572 2.1823915423017106 0.12917304431688995 -1.0982362656274527 0.42225376416741639 -0.8004310875932138 0.023701270443991253 -1.9462096019913993 -0.00033068783068774995 0.083299152310637961 -0.0017022437023960998 0.026117100904720605 -0.03422469417472844 0.10416666666666652 1.8844696010674504 -0.61135401913353393 -0.031119771924557896 -0.8830061514041615 0.78771253426859567 0.58665977982108308 0.004298941798941751 -0.00095365052304789992 -1.0142027090478367 -0.062395767283328844 1.7880828836084757 0.40611024654656852 0.18237433862433902 0.54556677018136079
decision_type=2 10 10 2 10 10 10 2 10 2 10 2 2 10 10 2 2 10 10 10 8 2 2 10 10 10 10 10 2 10
left_child=3 2 -2 7 5 -5 -7 8 9 10 -1 13 -13 -11 15 16 -10 18 -16 -19 24 -22 -23 -24 25 29 -27 -26 -29 -9
right_child=1 -3 -4 4 -6 6 -8 20 14 11 -12 12 -14 -15 17 -17 -18 19 -20 -21 21 22 23 -25 27 26 -28 28 -30 -31
leaf_value=0.00057170302995631023 0 0 0.00057406522424362629 0 0 -3.2345454365472753e-05 -0.00061495858043667559 -0.00013634360829749062 -0.00052427483978764223 -8.0741606651022065e-05 0 0.00031369725581374312 0 9.9507722519772792e-05 -0.00021447981279778682 0 0 0 2.2844561824969821e-05 0.0001901664381578445 -1.8170404853408888e-05 1.0637163929803303e-05 0 -0.00030663800958316713 7.7889175338105877e-06 0.00018916837117646069 0 -8.9531060155405878e-05 -4.0678259163678325e-07 2.5531876943063e-05
leaf_weight=42 25 44 33 23 36 41 28 88 42 263 29 144 185 191 105 87 25 237 98 143 1545 43 55 139 3632 216 72 470 808 101
leaf_count=42 25 44 33 23 36 41 28 88 42 263 29 144 185 191 105 87 25 237 98 143 1545 43 55 139 3632 216 72 470 808 101
internal_value=0 0.000155358 0.000347315 -1.68732e-06 -0.000126273 -0.000218519 -0.000341675 0 3.37412e-05 8.62807e-05 0.000324405 5.82648e-05 0.00014541 0 -2.0359e-05 -0.000152048 -0.000355653 5.87186e-06 -7.53362e-05 6.24169e-05 -7.3241e-06 -3.89589e-05 -0.000153326 -0.000215415 2.21296e-06 6.50778e-05 0.000140504 -2.87716e-06 -3.70998e-05 -2.34299e-05
internal_weight=8990 102 58 8888 128 92 69 8760 1591 854 71 783 329 454 737 154 67 583 203 380 7169 1782 237 194 5387 477 288 4910 1278 189
internal_count=8990 102 58 8888 128 92 69 8760 1591 854 71 783 329 454 737 154 67 583 203 380 7169 1782 237 194 5387 477 288 4910 1278 189
is_linear=0
shrinkage=0.05


Tree=18
num_leaves=31
num_cat=0
split_feature=339 357 295 268 40 360 91 351 388 223 397 397 352 91 19 273 346 50 340 19 50 85 62 19 377 28 278 275 349 398
split_gain=0.000931298 0.00123966 0.00100565 0.00112607 0.00156024 0.00184985 0.00155018 0.00181674 0.00148751 0.00155026 0.00125237 0.00117256 0.000968485 0.00107108 0.000882864 0.000937076 0.000737417 0.000733207 0.00132619 0.00108571 0.000867167 0.000835764 0.00199497 0.00133136 0.000684812 0.000569752 0.000553009 0.000473019 0.000469095 0.000588939
threshold=-0.28768207245179361 0.00066137566137505017 -0.11622630264596208 1.7217644153583078 -0.34835700976705847 -0.077033816615940429 1.1736775696600203 -0.028319785344433298 0.073920438205051106 0.70710268780036656 0.14495963719348828 0.10904481320266766 0.023860023347056451 0.34914836660195053 -0.050470353079937393 -0.33686184567111938 0.30274312100076445 1.1068883240850351 0.019707819467354552 0.9735262030067412 1.5741382479881052 1.7105254298217887 0.50545634920634919 2.8460745117285779 0.014032074372258901 0.0024801587301587001 -0.42573462861502709 -0.11382337331796565 -0.019070285159366096 0.00032522518818250008
decision_type=8 10 8 8 2 10 2 10 2 10 2 2 10 2 2 10 10 2 10 2 2 2 2 2 10 2 10 10 10 2
left_child=1 12 14 16 8 -6 10 -8 9 11 -7 -5 13 -1 -2 -16 17 21 19 -19 -20 23 -23 -4 26 -11 -18 -15 -3 -30
right_child=2 28 3 4 5 6 7 -9 -10 25 -12 -13 -14 27 15 -17 24 18 20 -21 -22 22 -24 -25 -26 -27 -28 -29 29 -31
leaf_value=0 0 7.52285701527156e-05 4.4308690214089564e-06 -0.00018427570611357369 0.00037492680981659592 0 -4.9357783288809006e-05 0.00031308602163842669 0 0 -0.00025740958412410987 0 0 0.00048671729998784463 0 0.00030741319948577759 0 -4.9058589596567014e-05 0 0.00015026296021769503 -0.000422562832494214 -2.1461357209310108e-06 0.00023173875477509352 -0.00039170452187243859 0 -0.00050419907726265449 -0.00043405985082339111 0 0 -0.00021987963715509331
leaf_weight=28 111 82 6590 160 33 123 35 63 209 20 80 113 51 49 26 72 20 417 53 77 39 157 137 21 36 53 26 23 41 45
leaf_count=28 111 82 6590 160 33 123 35 63 209 20 80 113 51 49 26 72 20 417 53 77 39 157 137 21 36 53 26 23 41 45
internal_value=0 8.3987e-05 -2.98714e-06 -6.22289e-06 -5.9455e-05 1.31952e-05 -9.9686e-06 0.000132755 -0.000112178 -0.000175863 -0.00010352 -9.5777e-05 0.000188168 0.00027863 0.00010405 0.000213484 0 1.66014e-06 -5.10713e-05 -7.84672e-06 -0.000228619 6.86002e-06 8.98818e-05 2.41033e-06 -0.000149008 -0.000406421 -0.000276911 0.000380687 0 -9.06875e-05
internal_weight=8990 319 8671 8462 889 334 301 98 555 346 203 273 151 100 209 98 7573 7491 586 494 92 6905 294 6611 82 73 46 72 168 86
internal_count=8990 319 8671 8462 889 334 301 98 555 346 203 273 151 100 209 98 7573 7491 586 494 92 6905 294 6611 82 73 46 72 168 86
is_linear=0
shrinkage=0.05


Tree=19
num_leaves=31
num_cat=0
split_feature=339 210 358 295 268 40 343 207 395 229 334 13 73 371 292 61 253 207 324 394 50 19 273 255 255 339 254 315 320 370
split_gain=0.000863948 0.00119212 0.00111988 0.000909357 0.00102561 0.00141754 0.00186971 0.00276764 0.00142763 0.00129129 0.00130148 0.000948157 0.000947142 0.00122857 0.00174773 0.00215462 0.00120423 0.0012834 0.00208889 0.00116204 0.000802607 0.000788627 0.000855717 0.000761012 0.000731392 0.000710269 0.000649996 0.00064344 0.000502723 0.000452435
threshold=-0.28768207245179361 -0.90220726948254737 -0.012687856202949847 -0.11622630264596208 1.7217644153583078 -0.32087000420771195 -0.0039682539682536992 1.6857989871595103 0.48941910559891383 -1.5217830810681392 0.014485954117354252 0.0018187830687830002 -1.6922687424744647 2.5838580545920005 -0.00033068783068774995 -0.017884509915774099 1.5570284529349372 2.3129186683386087 0.0063829256564968502 -0.092328896098104893 1.3246811624406372 -0.050470353079937393 -0.33686184567111938 -1.1987229465315263 -0.99689262152233971 -0.017408579712865996 -0.16268613862493095 -0.021526203866360696 0.010217831117907151 0.0045884233739884013
decision_type=8 10 10 8 8 2 10 10 2 8 8 2 2 10 10 2 10 10 10 2 2 2 10 10 10 10 10 10 10 10
left_child=1 2 -1 21 12 9 27 28 -9 -6 11 -11 13 14 15 -5 20 25 -19 -16 23 -2 -23 -14 -22 -18 -4 -7 -8 -29
right_child=3 -3 26 4 5 6 7 8 -10 10 -12 -13 16 -15 19 -17 17 18 -20 -21 24 22 -24 -25 -26 -27 -28 29 -30 -31
leaf_value=0.00042858700687729368 0 0 -3.7752937913059713e-06 2.5725114926094508e-05 0 0 7.7556235177338135e-05 0.00068052655714821773 0 0 0 -0.00022666148217338083 4.7997820130483621e-05 -0.00011892525535842042 9.7318959758959555e-05 0.00043602951389620255 -0.00014862516862279188 0 -0.00041554378760917199 -0.00024427205097438896 -0.00016879641341766737 0 0.00029206386419857925 0 0 0 0.00019954710783961685 -0.00043871673929401058 -7.744584709761524e-05 0
leaf_weight=42 111 179 54 107 126 20 120 27 20 32 109 296 995 39 54 76 99 87 64 40 123 26 72 5036 208 645 44 28 89 22
leaf_count=42 111 179 54 107 126 20 120 27 20 32 109 296 995 39 54 76 99 87 64 40 123 26 72 5036 208 645 44 28 89 22
internal_value=0 8.08338e-05 0.000190145 -2.93776e-06 -6.04151e-06 -5.68439e-05 1.31979e-05 8.97369e-05 0.000436678 -0.000106276 -0.000148108 -0.000197839 0 8.46462e-05 0.000131385 0.000223577 -3.76742e-06 -5.8385e-05 -0.000196702 0 3.13101e-06 9.87575e-05 0.000202203 8.04117e-06 -7.12089e-05 -2.35703e-05 3.66543e-05 -0.000195118 0 -0.000292193
internal_weight=8990 319 140 8671 8462 889 326 256 47 563 437 328 7573 316 277 183 7257 895 151 94 6362 209 98 6031 331 744 98 70 209 50
internal_count=8990 319 140 8671 8462 889 326 256 47 563 437 328 7573 316 277 183 7257 895 151 94 6362 209 98 6031 331 744 98 70 209 50
is_linear=0
shrinkage=0.05


Tree=20
num_leaves=31
num_cat=0
split_feature=91 335 394 313 91 353 301 27 91 78 217 89 294 251 356 381 361 49 358 39 354 54 379 224 63 325 19 36 383 351
split_gain=0.000848414 0.00161047 0.000866279 0.000726985 0.00171907 0.00167427 0.0017602 0.00200334 0.0013624 0.00149284 0.00192508 0.00198193 0.00180393 0.00271238 0.00225124 0.0016473 0.00142977 0.00137398 0.00133236 0.0011564 0.0011159 0.00095174 0.00133638 0.000936126 0.000905497 0.000741357 0.00101939 0.000690569 0.000637434 0.000568461
threshold=3.0800826753290553 0.0014586038882820002 -0.8353119893599702 0.011054566386909452 1.1965103715096601 0.010325857590530951 -8.2120904986437968e-05 -0.86908767050396485 1.1468309827518051 0.39856150793650708 0.64363246685255782 -0.47038984913354642 0.00033068783068795009 0.62517104060080453 0.057613887033184305 -0.17405594862953513 0.00024978082487295007 1.3225667796799654 -0.027674250987283894 -1.3593636728391447 -0.048037426513553798 0.29216269841269804 -0.50233652731140377 -1.1876932009725663 0.45122354497354505 -0.13158054216872597 -0.41746826361353345 0.82126322751322822 0.038710815853978058 -0.014793950998168248
decision_type=2 10 2 8 2 10 10 2 2 2 10 2 10 10 10 10 10 2 10 2 10 2 10 10 2 10 2 2 10 10
left_child=3 2 -2 8 -5 6 7 -6 19 10 17 -12 14 18 15 -11 -15 20 -14 21 -10 -1 -23 -24 -19 26 -21 -7 -16 -27
right_child=1 -3 -4 4 5 27 -8 -9 9 12 11 -13 13 16 28 -17 -18 24 -20 25 -22 22 23 -25 -26 29 -28 -29 -30 -31
leaf_value=1.7408373803666189e-05 0 0 0.00046644949170823757 0 0 0.00024841747452870975 0 -0.00071019405544728948 8.8234914987406828e-05 5.5069590942201474e-05 -0.00057141555556748994 0 -0.00014088374477217895 0 6.0045476565720363e-05 0.000315371833925509 -0.00066637058396785791 0 0.00019454153784736 0 -0.00016134490972208963 1.5368929683892308e-05 0 -0.00016675075023176388 0.00031407631734857775 1.8255848721560415e-05 0.00026018888573989328 -0.0001176730015004716 -0.00015494359628962499 -1.2519668568618898e-05
leaf_weight=201 20 44 38 324 31 20 23 39 49 164 30 20 28 21 75 206 22 46 89 60 109 151 136 398 54 2345 65 35 55 4092
leaf_count=201 20 44 38 324 31 20 23 39 49 164 30 20 28 21 75 206 22 46 89 60 109 151 136 398 54 2345 65 35 55 4092
internal_value=0 0.000143339 0.000324658 -1.61863e-06 -6.22408e-05 -0.00020339 -0.000332814 -0.000458129 1.18788e-06 5.74592e-05 -2.0634e-05 -0.000311884 0.000101475 -1.8885e-05 0.000149984 0.000213551 -0.000380471 1.65364e-05 7.15185e-05 -5.45494e-06 -5.23112e-05 -5.92006e-05 -8.89775e-05 -0.000127843 0.000175209 1.04063e-06 0.000121892 0 0 -5.31287e-07
internal_weight=8990 102 58 8888 472 148 93 70 8416 968 308 50 660 160 500 370 43 258 117 7448 158 886 685 534 100 6562 125 55 130 6437
internal_count=8990 102 58 8888 472 148 93 70 8416 968 308 50 660 160 500 370 43 258 117 7448 158 886 685 534 100 6562 125 55 130 6437
is_linear=0
shrinkage=0.05


Tree=21
num_leaves=31
num_cat=0
split_feature=50 356 37 237 332 315 202 299 377 326 247 73 344 344 46 325 215 309 388 284 298 80 76 383 202 347 300 346 18 360
split_gain=0.000824356 0.00174073 0.00209823 0.00207978 0.00162844 0.0013246 0.0014824 0.00151845 0.0010749 0.00105329 0.000842206 0.000695954 0.00135349 0.000966666 0.00149994 0.00107617 0.000921742 0.000978404 0.000986662 0.000871729 0.00157352 0.00126472 0.00113218 0.00122004 0.00104152 0.000665919 0.000756923 0.00100059 0.000823095 0.000722151
threshold=-1.5118022612375797 0.026306019289805103 -0.66113963859763192 2.2235156009236703 -0.010694939666606349 -0.071142160426704446 -0.80921376811354884 0.7068344872323814 -0.1325577612258281 0.031883849598252856 -0.44158587169304425 -0.30323842069971091 0.069734458720874817 0.059525461435305758 0.105324074074074 -0.21367088590643052 -0.79959549511103989 -1.0000000180025095e-35 -0.084646786812824434 -0.00033068783068794999 0.00011348154193490001 0.85995370370370339 -0.24380286411864446 0.19909608381951413 0.045135608602855461 -0.0055367026114465489 -0.028629704195680096 0.00068446280367060006 1.4708432283682151 -0.036473046390244894
decision_type=2 10 2 10 10 10 10 10 10 10 10 2 10 10 2 10 10 10 2 10 10 2 2 10 10 10 10 10 2 10
left_child=1 3 4 5 -3 -1 -7 9 -5 -8 -4 13 25 15 -15 -2 -14 -18 -19 20 21 -17 24 -24 -21 -13 27 -27 -29 -28
right_child=11 2 10 8 -6 6 7 -9 -10 -11 -12 12 16 14 -16 19 17 18 -20 22 -22 -23 23 -25 -26 26 29 28 -30 -31
leaf_value=-2.990192943362968e-05 0.00032950429641909299 0 0.00025069688535070102 0 -0.00063708635765375159 0 0.00043462385335731458 0 -0.00033562413272383873 0 -1.9793975022786913e-05 -3.796023225387631e-05 0 0.00033113135246769189 0 -0.00020464974763947293 0 0 -0.00040734754546602127 1.3490534065932042e-05 7.476219221073945e-06 6.5292481905518661e-05 7.8117086103058302e-05 -2.7395438943898974e-05 -0.0001147296745463068 0 -0.00026951877914052939 0.00014098686623338996 0 -4.963251484374819e-06
leaf_weight=21 26 20 34 20 24 78 126 34 29 23 59 1393 94 62 74 200 31 21 68 307 304 23 954 300 241 499 27 312 62 3524
leaf_count=21 26 20 34 20 24 78 126 34 29 23 59 1393 94 62 74 200 31 21 68 307 304 23 954 300 241 499 27 312 62 3524
internal_value=0 6.46622e-05 -6.19288e-05 0.000132162 -0.00035985 0.000191933 0.000228936 0.000308187 -0.000109681 0.000376959 2.55525e-05 -3.48779e-06 -1.31571e-05 1.79151e-05 0.000149927 8.16236e-06 -0.000138095 -0.000230615 -0.000314864 2.41429e-06 -5.15436e-05 -0.00015438 2.0971e-05 4.88878e-05 -3.37865e-05 -7.69892e-06 7.00033e-07 4.33993e-05 0.000105274 -8.39034e-06
internal_weight=8990 468 137 331 44 282 261 183 49 149 93 8522 6031 2491 136 2355 214 120 89 2329 527 223 1802 1254 548 5817 4424 873 374 3551
internal_count=8990 468 137 331 44 282 261 183 49 149 93 8522 6031 2491 136 2355 214 120 89 2329 527 223 1802 1254 548 5817 4424 873 374 3551
is_linear=0
shrinkage=0.05


Tree=22
num_leaves=31
num_cat=0
split_feature=339 357 257 238 295 36 56 342 40 19 58 72 361 77 19 216 64 329 91 232 66 352 252 200 352 32 265 232 15 14
split_gain=0.000771392 0.00107629 0.00090424 0.000802626 0.000893261 0.000847671 0.00114483 0.000846252 0.00237077 0.000832046 0.000693508 0.00184577 0.00261091 0.00205249 0.00111565 0.0026316 0.000812862 0.000562486 0.000538473 0.00040466 0.000528987 0.000472162 0.000286929 0.000145038 0.000120403 0.000309836 0.000101696 8.51845e-05 8.10671e-05 7.00269e-05
threshold=-0.28768207245179361 0.00066137566137505017 1.1990237395751151 2.1449374946431794 -0.11622630264596208 0.0054563492063491505 0.74586640211640221 0.00066979246452805003 0.032838920430907505 0.091002729141301766 -0.52681670990201546 -0.19830640831714397 0.00024978082487295007 0.29315476190476203 2.8460745117285779 -0.28422113237396102 -0.8004310875932138 4.9960036108132052e-15 0.36711447186883805 -0.020646597019932694 0.26076428360766052 0.016696132102531753 -0.12960718464238952 1.0614850097205295 0.019494335835628703 0.035135582010583151 0.33823512610553269 -0.67723092949571284 0.52025462962962921 0.0041335978835978513
decision_type=8 10 10 8 10 2 2 8 2 2 2 2 10 2 2 10 2 10 2 10 2 10 10 10 10 2 10 8 2 2
left_child=1 2 18 4 9 6 -6 8 27 -2 11 13 -13 -7 16 -16 -12 23 -1 21 26 -3 -22 -11 25 -4 -21 -5 -29 -9
right_child=3 19 24 7 5 10 -8 29 -10 17 14 12 -14 -15 15 -17 -18 -19 -20 20 22 -23 -24 -25 -26 -27 -28 28 -30 -31
leaf_value=0 0 -0.00020585628936918956 0.00021124035559586898 1.5118104515734902e-05 0 -0.00049813767189660395 -0.00037385840846065671 4.9705909309934999e-05 -0.00050867901920525311 0.00040812457832985059 3.5211134543528491e-05 1.5221191890859534e-05 0.00050226217227571557 1.9538759153148755e-05 0 -0.00059321125586108206 -1.0098796166891079e-05 0 0.00039195819387257119 -0.00010490961987938473 0.00030682998767588287 0 0 0 -2.4936834821036488e-06 0 0 -0.00011284336477363586 0 -3.0640744477921732e-05
leaf_weight=22 124 44 24 30 38 20 36 54 39 36 1153 116 50 376 68 27 6361 24 53 23 25 33 23 20 31 21 20 32 23 44
leaf_count=22 124 44 24 30 38 20 36 54 39 36 1153 116 50 376 68 27 6361 24 53 23 25 33 23 20 31 21 20 32 23 44
internal_value=0 7.63537e-05 0.000173549 -2.80377e-06 0 -2.89409e-06 -0.000171664 -9.6651e-05 -0.000183755 0.000102971 -7.51641e-07 5.20663e-05 0.000192237 0 -5.31051e-06 -0.000176348 -2.48034e-06 0.000230188 0.000301166 0 5.95666e-05 -9.44924e-05 0.000184971 0.000317365 0 8.16696e-05 0 0 -6.11567e-05 0
internal_weight=8990 319 151 8671 8449 8245 74 222 124 204 8171 562 166 396 7609 95 7514 80 75 168 91 77 48 56 76 45 43 85 55 98
internal_count=8990 319 151 8671 8449 8245 74 222 124 204 8171 562 166 396 7609 95 7514 80 75 168 91 77 48 56 76 45 43 85 55 98
is_linear=0
shrinkage=0.05


Tree=23
num_leaves=31
num_cat=0
split_feature=91 66 313 220 331 91 304 383 243 40 204 371 64 65 199 39 243 358 393 211 50 197 325 19 277 27 19 313 19 279
split_gain=0.00075711 0.0016205 0.00064272 0.00167563 0.00162235 0.00117466 0.00156614 0.00276369 0.0023833 0.00317401 0.00261875 0.00189645 0.00154589 0.00204888 0.0017648 0.00105949 0.0011668 0.00180982 0.00144896 0.000844212 0.000872872 0.000766972 0.00064688 0.000884564 0.000561827 0.000513045 0.000637756 0.00049335 0.00107932 0.000869474
threshold=3.0800826753290553 -0.80208678589370186 0.011623205785439251 -0.84277483046474611 0.0064539473483789514 1.1468309827518051 -0.052680257828916437 0.36932901351500097 -1.3678587564688314 -0.43509055788266904 -2.0739938061069823 3.0036369328383357 -1.1825721342026847 0.024466433418848705 -0.44068738517507544 -1.4592850502678147 -0.77743298681762052 -0.033131375563281093 1.1849352341490886 -0.97408964688361765 0.50628930623136059 -1.800660212393514 -0.13158054216872597 -0.41746826361353345 -0.73095743106983846 -1.6493203103553298 0.67831811152303811 0.021526289890760605 1.4359844891783335 0.31480412605531222
decision_type=2 2 8 10 8 2 10 10 10 2 10 10 2 2 10 2 10 10 2 10 2 10 10 2 10 2 2 8 2 10
left_child=2 -2 5 4 21 15 7 8 9 -7 -10 12 14 -14 -8 16 17 24 -19 -9 -21 -4 23 -17 -1 -24 -27 28 -5 -29
right_child=1 -3 3 27 -6 6 11 19 10 -11 -12 -13 13 -15 -16 22 -18 18 -20 20 -22 -23 25 -25 -26 26 -28 29 -30 -31
leaf_value=0.00015571104985593118 0.00044366232528694695 0 -0.00048489088170855922 0 0 0 0.00049275743940020733 0 -0.00013232256135231347 0.0005877831432771314 0.00015475580302858394 -0.00042968462783329447 3.9535763566183867e-05 -0.00023009176435424377 0 0 -2.0654518149908289e-06 -0.00031280310885322218 0 -0.00045342559521058511 0 0 7.867579230538428e-05 0.00024240031003324889 -7.3496150330810506e-05 0 -6.9079946796594502e-05 0 -0.00039467373793360903 0.00029977065838971513
leaf_weight=46 30 72 50 121 84 25 33 21 85 65 345 26 210 95 23 61 477 142 45 29 21 20 191 65 53 6030 356 116 20 33
leaf_count=46 30 72 50 121 84 25 33 21 85 65 345 26 210 95 23 61 477 142 45 29 21 20 191 65 53 6030 356 116 20 33
internal_value=0 0.000135461 -1.47222e-06 -6.03427e-05 -0.000194108 1.03184e-06 5.30304e-05 0.000105563 0.000150664 0.000401942 8.6365e-05 -1.42844e-05 1.89772e-06 -2.81064e-05 0.000254198 -5.11057e-06 -6.10267e-05 -0.000141853 -0.000234418 -0.000154177 -0.000275428 -0.00037508 5.09226e-07 0.000113125 0 -8.89701e-07 -4.05358e-06 0 -5.53714e-05 7.32847e-05
internal_weight=8990 102 8888 444 154 8444 978 591 520 90 430 387 361 305 56 7466 763 286 187 71 50 70 6703 126 99 6577 6386 290 141 149
internal_count=8990 102 8888 444 154 8444 978 591 520 90 430 387 361 305 56 7466 763 286 187 71 50 70 6703 126 99 6577 6386 290 141 149
is_linear=0
shrinkage=0.05


Tree=24
num_leaves=31
num_cat=0
split_feature=50 326 79 87 296 208 65 210 59 274 261 212 306 12 31 79 394 66 261 351 19 276 76 310 327 89 378 334 203 304
split_gain=0.000732559 0.00153341 0.00256507 0.00113603 0.00136948 0.00111887 0.00175965 0.00173658 0.00111102 0.0012382 0.00119146 0.000830378 0.00121397 0.000779745 0.000953021 0.000924103 0.00199183 0.00176738 0.000911979 0.00110713 0.00101464 0.000999696 0.000795455 0.000899057 0.0008297 0.000764368 0.000721377 0.000713489 0.0009421 0.000702512
threshold=-0.8529117608812079 0.023701270443991253 -1.5921704294981349 0.154431216931217 0.00069029109089590007 -0.864956220245228 0.33738646604029376 -2.376737166388299 1.150911076694985 1.3388275680427166 -0.27011452779272888 2.010926249384537 0.00041858520653135004 0.28389550264550306 0.97106481481481521 -1.7808066162282497 -0.17389120117193982 1.1854252834855952 -0.54361875016316918 -0.036846662327567344 0.95335719684167908 -0.20838042658644043 -1.1922686296172698 -0.0012331399705300496 -0.16372210540456292 -0.80443010683653238 0.0085762793140179028 -0.012995118925457948 -0.45336399447677139 -0.11157177565711233
decision_type=2 10 2 2 10 10 2 10 2 10 10 8 8 2 2 2 2 2 10 10 2 10 2 10 10 2 10 10 10 10
left_child=1 5 25 -4 -5 7 29 -1 9 10 -9 13 27 15 18 16 -2 -18 19 -15 -21 -20 -16 24 -24 -3 -11 -13 -29 -7
right_child=11 2 3 4 -6 6 -8 8 -10 26 -12 12 -14 14 22 -17 17 -19 21 20 -22 -23 23 -25 -26 -27 -28 28 -30 -31
leaf_value=-1.1213694528489764e-05 -0.00012599566114631077 0 -0.00019440968013928982 0 0.00026628459781277225 0.00017057133866414797 -0.00030256322628045303 0.00033337406759129969 0 0.0001236133752506795 7.4031476537341132e-05 0 -8.1387643700680956e-06 0 0 4.914163445990511e-07 0.00053284760559340033 0 4.1403151532691685e-05 0 0.00053551114313638362 -0.00014923160341801349 0 -2.8229876688693261e-06 -0.00030817511818482997 -0.00062364726059266308 -0.00024374021879372044 0 -0.00038438048485235003 0
leaf_weight=138 26 20 51 94 61 79 42 176 62 32 140 23 378 30 64 6505 40 49 97 28 25 122 41 121 111 24 22 42 64 283
leaf_count=138 26 20 51 94 61 79 42 176 62 32 140 23 378 30 64 6505 40 49 97 28 25 122 41 121 111 24 22 42 64 283
internal_value=0 3.59559e-05 -6.47868e-05 0 7.65447e-05 6.69509e-05 0 0.000112095 0.00016305 0.000196326 0.000234353 -5.66061e-06 -6.76655e-05 -6.40263e-07 -5.39368e-05 3.74969e-06 0.000144453 0.00027963 0 0.000150952 0.000296286 -4.19942e-05 -0.000112175 -0.000151042 -0.00023608 -0.000411359 0 -0.000203221 -0.000258966 3.87994e-05
internal_weight=8990 1224 250 206 155 974 404 570 432 370 316 7766 507 7259 639 6620 115 89 302 83 53 219 337 273 152 44 54 129 106 362
internal_count=8990 1224 250 206 155 974 404 570 432 370 316 7766 507 7259 639 6620 115 89 302 83 53 219 337 273 152 44 54 129 106 362
is_linear=0
shrinkage=0.05


Tree=25
num_leaves=31
num_cat=0
split_feature=359 64 260 73 395 212 63 207 325 282 281 242 206 277 79 50 16 384 91 322 243 198 41 282 260 296 245 383 65 326
split_gain=0.000711054 0.000906707 0.00088027 0.000838301 0.00150893 0.00117619 0.00215909 0.000977208 0.0017746 0.00209172 0.00221889 0.001216 0.000905511 0.000854844 0.000837783 0.000739939 0.000937838 0.000723851 0.00064464 0.00197237 0.00287741 0.00140598 0.00106103 0.000890585 0.000698707 0.000622855 0.000577334 0.000575169 0.000502394 0.000639873
threshold=-0.068841227719630291 -0.9718552680648268 0.040803623223064404 -1.9090376702397247 0.21946160244926133 -0.81024559683171149 0.51802248677248708 2.3746433219200727 -0.019578717449025597 -0.0010896239706880498 1.0000000180025095e-35 0.99269551007016765 -0.88470259203115653 -1.0034888214141768 0.65852613248995961 2.1823915423017106 -0.32578510352993012 -0.13609619060669673 1.1468309827518051 -0.010506331952416849 -1.1200811099060493 0.56763687044182676 2.1437082179264508 -0.0011494316361998498 0.069787730987395255 0.00023962206638145005 -1.4219759117460984 0.063058500052263614 0.55523821516233673 -0.047062620481937247
decision_type=8 2 10 2 2 10 2 8 8 8 10 10 10 10 2 2 2 10 2 10 10 10 2 10 10 10 10 8 2 10
left_child=1 2 -1 4 26 6 12 15 28 10 -10 -12 -6 -8 -3 18 -17 -7 22 21 -21 -20 24 -24 -5 -19 -2 -11 29 -9
right_child=3 14 -4 7 5 17 13 8 9 27 11 -13 -14 -15 -16 16 -18 25 19 20 -22 -23 23 -25 -26 -27 -28 -29 -30 -31
leaf_value=0 0.00038298857727488839 -3.9765782768999924e-05 0.0004667939959190044 -7.9661783516810509e-06 -0.00056518714701433797 0 -1.9745775444925412e-06 0 0 8.8373306966336328e-06 -0.00069463182906587023 0 0 0.00029501871431560409 0.00012498855230254856 -0.00027709602883901999 0 0 -0.00017544096725390969 0.00033119057550002424 2.8950658201745917e-05 0.00012687220506502308 -9.4553790604587169e-05 7.8840939464651476e-07 2.968114356360064e-05 0.00034659072252210847 0 -0.00017771044337703824 0 0.00038120038590019108
leaf_weight=32 48 160 28 4639 27 23 26 23 41 120 42 20 27 26 121 55 63 30 145 106 516 33 565 258 1658 43 25 46 20 24
leaf_count=32 48 160 28 4639 27 23 26 23 41 120 42 20 27 26 121 55 63 30 145 106 516 33 565 258 1658 43 25 46 20 24
internal_value=0 7.07211e-05 0.000255463 -2.87789e-06 8.17754e-05 0 -0.000103193 -6.2559e-06 -9.01995e-05 -0.000155711 -0.000337253 -0.00052741 -0.000343757 5.0834e-05 1.34102e-05 -2.12382e-06 -0.000126374 0.000137263 0 4.22744e-05 8.854e-05 -9.12803e-05 -5.05196e-06 -5.85942e-05 1.15266e-06 0.000222541 0.000277076 -1.28302e-05 9.81494e-05 0.000200973
internal_weight=8990 341 60 8649 275 202 106 8374 336 269 103 62 54 52 281 8038 118 96 7920 800 622 178 7120 823 6297 73 73 166 67 47
internal_count=8990 341 60 8649 275 202 106 8374 336 269 103 62 54 52 281 8038 118 96 7920 800 622 178 7120 823 6297 73 73 166 67 47
is_linear=0
shrinkage=0.05


Tree=26
num_leaves=30
num_cat=0
split_feature=339 357 257 351 85 66 36 69 295 207 57 227 78 59 91 349 398 355 39 265 349 85 398 328 313 337 282 69 15
split_gain=0.000673566 0.000958123 0.00081471 0.000765875 0.00105578 0.000857092 0.000760009 0.0010631 0.000623666 0.0010509 0.000666319 0.0014607 0.000951714 0.000589011 0.000426007 0.000377813 0.000487906 0.000470977 0.00035348 0.000313327 0.000322522 0.000229286 0.000100393 6.36378e-05 5.34227e-05 4.86717e-05 2.77331e-05 2.42229e-05 5.67955e-06
threshold=-0.28768207245179361 0.00066137566137505017 1.1990237395751151 -0.85540231709897319 1.5868732994643102 -2.3756917884035462 0.0054563492063491505 -0.043084842680396938 -0.057118125374510741 1.3790776069541313 -0.28441062041001491 0.35865428635270452 0.93766534391534406 0.080955934892507561 0.36711447186883805 -0.019070285159366096 0.00032522518818250008 -0.04527860718544454 -1.3977821634683096 0.26169145761557139 0.051680139502159002 1.0565878930376253 0.00054418804068950008 -0.022843883161462044 -0.00015750601045554997 -1.0000000180025095e-35 -0.0020066578343950494 -0.31184615838124946 0.086805555555555566
decision_type=8 10 10 10 2 2 2 2 10 10 2 10 2 2 2 10 2 10 2 10 10 2 2 10 10 10 10 2 2
left_child=1 2 14 4 19 -5 7 -7 9 21 11 -10 -12 -11 -1 17 26 -3 -19 20 23 -8 25 -2 -21 -4 -17 -26 -18
right_child=3 15 22 5 -6 6 8 -9 10 13 12 -13 -14 -15 -16 16 28 18 -20 24 -22 -23 -24 -25 27 -27 -28 -29 -30
leaf_value=0 0 0 0 0.00025367656084930443 -0.00046741137760621842 -0.00033347140731748281 0 0 0.00025471448248538385 0.00044444684735482745 0 0 -6.6128456480176712e-05 0 0.00036615596453526823 0 0 0 0.00026172515324476446 0 0 0.00011533212987903797 9.1314346794862033e-05 -0.00020690021517236039 8.7941020395072435e-05 -6.9626010267947056e-05 5.7322863308421513e-05 0 -0.0002704053508703698
leaf_weight=22 31 26 21 33 20 41 262 42 79 28 7168 123 599 21 53 20 20 21 35 47 39 47 30 46 25 25 21 20 25
leaf_count=22 31 26 21 33 20 41 262 42 79 28 7168 123 599 21 53 20 20 21 35 47 39 47 30 46 25 25 21 20 25
internal_value=0 7.12961e-05 0.000163056 -2.67153e-06 -9.3088e-05 0 -1.22809e-06 -0.000151713 0 6.48112e-05 -2.62638e-06 8.55811e-05 -5.56525e-06 0.000288198 0.000283926 0 -8.35704e-05 6.46558e-05 0.000164639 -3.28612e-05 -9.31798e-05 1.31296e-05 0 -0.000153402 0 0 0 5.44183e-05 -0.000200945
internal_weight=8990 319 151 8671 228 8443 8410 83 8327 358 7969 202 7767 49 75 168 86 82 56 208 116 309 76 77 92 46 41 45 45
internal_count=8990 319 151 8671 228 8443 8410 83 8327 358 7969 202 7767 49 75 168 86 82 56 208 116 309 76 77 92 46 41 45 45
is_linear=0
shrinkage=0.05


Tree=27
num_leaves=31
num_cat=0
split_feature=50 384 279 268 289 91 66 31 246 219 201 248 207 247 244 85 73 23 241 378 376 244 375 61 267 300 273 213 365 239
split_gain=0.000698736 0.00145804 0.00129009 0.00132928 0.00161631 0.000948668 0.00127643 0.000891354 0.000905313 0.0015484 0.000870934 0.000847726 0.00134294 0.00152775 0.00159918 0.00162044 0.00105046 0.00120074 0.00115917 0.00134162 0.00110984 0.000897117 0.000826949 0.000825331 0.000797219 0.000910343 0.000784333 0.000783061 0.000863449 0.000764342
threshold=1.1240699184160701 0.011383391398124002 0.17295773396117128 -0.93436533344431594 -0.15138058963946782 3.0800826753290553 -0.80208678589370186 0.12979497354497352 -1.6935844899507819 0.72568817617567227 0.30532324622439172 0.75048652364530322 1.0749318964116257 -0.74758649616218065 -0.20249769179146618 0.013313576694284951 -0.30323842069971091 0.0054563492063491505 0.83332918125028221 0.31390099657799747 -0.010591094809113898 0.93805310363029715 0.040425037483522754 -1.0104101882608698 -1.1407399482757536 -0.14376321133996547 -0.13729608047500638 2.305883931037175 0.088789682539682363 1.7853584097878066
decision_type=2 10 10 10 10 2 2 2 10 10 10 8 8 8 8 2 2 2 10 10 10 10 10 2 10 10 10 10 10 10
left_child=5 7 -3 -4 -5 11 -7 -2 9 23 -6 16 21 -14 -15 -16 17 18 19 -1 -20 22 -13 -9 29 -26 -23 -19 -29 -18
right_child=1 2 3 4 10 6 -8 8 -10 -11 -12 12 13 14 15 -17 24 27 20 -21 -22 26 -24 -25 25 -27 -28 28 -30 -31
leaf_value=0.00017278468427524209 -0.00016069645791158874 0 0 0 -0.00048974534601028009 0.00044962956851391374 0 0 0 0 0 -8.8754440618113987e-05 0 0 -6.1868125854586042e-05 -0.00042725152397968589 -0.00023554962623456547 1.3670844786514949e-05 0.00011956952515812234 0 -9.1750892012778089e-05 -4.486279069972041e-07 3.1646136678921834e-07 0.00048926458310289442 0.00015047335732439453 -5.9283197552598058e-07 8.6165222418578292e-05 -0.00040569366675635406 0 0
leaf_weight=427 69 132 20 23 75 28 58 24 331 36 21 454 145 64 107 88 70 801 105 216 151 555 366 36 101 4051 364 24 23 25
leaf_count=427 69 132 20 23 75 28 58 24 331 36 21 454 145 64 107 88 70 801 105 216 151 555 366 36 101 4051 364 24 23 25
internal_value=0 -4.56869e-05 -0.00013911 -0.000246783 -0.000314693 4.209e-06 0.000170052 0 3.2242e-05 0.000167843 -0.000405932 1.83967e-06 -2.43987e-05 -0.000106966 -0.000180516 -0.000252521 1.20549e-05 4.47395e-05 8.5019e-05 0.000120879 0 -2.33673e-06 -4.29064e-05 0.000330841 -2.13299e-07 1.88127e-06 2.84232e-05 0 -0.000195921 -0.000144239
internal_weight=8990 767 271 139 119 8223 86 496 427 96 96 8137 2143 404 259 195 5994 1747 899 643 256 1739 820 60 4247 4152 919 848 47 95
internal_count=8990 767 271 139 119 8223 86 496 427 96 96 8137 2143 404 259 195 5994 1747 899 643 256 1739 820 60 4247 4152 919 848 47 95
is_linear=0
shrinkage=0.05


Tree=28
num_leaves=31
num_cat=0
split_feature=50 80 11 63 40 14 348 215 279 247 18 385 46 33 390 357 359 199 40 397 73 50 279 337 59 359 318 46 322 255
split_gain=0.000644458 0.00153919 0.00160162 0.00211912 0.00180992 0.00158712 0.00150789 0.00161485 0.00135569 0.000885892 0.000827217 0.000614293 0.00141725 0.000808812 0.00110469 0.000745065 0.000722894 0.00089771 0.00089841 0.000798518 0.000757774 0.000930261 0.0010164 0.000712414 0.000642823 0.000606369 0.000601004 0.000596793 0.00059296 0.000765152
threshold=-1.5118022612375797 0.45585317460317504 0.016451719576719304 0.75545634920634919 1.0000000180025095e-35 0.0034722222222222008 -0.031573203560863898 -1.1086878860730944 1.5997434131571764 0.43721113156800467 -0.12299280996823998 -1.7233832620203959 0.044146825396825413 2.2993854820558455 1.1358157646590141 -0.026620370370370548 -0.043678008388884894 -0.63337436608480779 -1.0288797156252998 0.55598552999394912 -2.1998514204977644 1.5741382479881052 0.52851908878386922 -0.010050335853502098 0.21674213381682003 0.0076661214287075509 -0.034451598480419142 0.50132275132275206 -0.014819914292659648 -1.2926896946000683
decision_type=2 2 2 2 2 2 10 10 10 10 2 10 2 2 2 10 10 10 2 2 2 2 10 10 2 10 10 2 10 10
left_child=1 6 3 10 5 -4 -1 -8 -6 -9 -3 12 13 14 -2 -14 17 18 -13 27 24 -22 25 -24 -18 -23 -16 -20 -17 -30
right_child=11 2 4 -5 8 -7 7 9 -10 -11 -12 16 15 -15 26 28 20 -19 19 -21 21 22 23 -25 -26 -27 -28 -29 29 -31
leaf_value=0 0 0.00017798395375862266 -0.00037802902677998946 -0.00061177604085924228 0 4.5706287491684673e-05 0 0.00042820139341902502 0.00051745581084806653 2.1686056243560596e-05 -0.00019511652369439558 0 -0.0001558115410173699 0 -0.00053437665118873611 -8.4690857616272368e-05 0.00028035945643664373 0 0.00038675994900811312 0 -1.7214686038698993e-07 0.000110839528636003 0 -0.00024869619973189332 0 -7.7862105176317438e-05 0 0 0.00016444047283488254 0
leaf_weight=76 61 23 29 24 28 38 52 83 30 50 35 41 71 56 40 81 43 228 65 25 7043 66 31 110 20 116 27 21 109 268
leaf_count=76 61 23 29 24 28 38 52 83 30 50 35 41 71 56 40 81 43 228 65 25 7043 66 31 110 20 116 27 21 109 268
internal_value=0 5.70761e-05 -2.54348e-05 -0.000212923 5.76612e-05 -6.34759e-05 0.00014165 0.00022061 0.000283522 0.000313073 0 -3.18089e-06 -4.76852e-05 -0.000167491 -0.000236858 0 2.42849e-07 6.80331e-05 0.00016224 0.000237175 -2.55252e-06 -4.69216e-06 -8.77452e-05 -0.000188782 0.000167987 0 -0.000385048 0.000309469 1.7265e-05 5.24463e-05
internal_weight=8990 468 207 82 125 67 261 185 58 133 58 8522 713 184 128 529 7809 380 152 111 7429 7366 323 141 63 182 67 86 458 377
internal_count=8990 468 207 82 125 67 261 185 58 133 58 8522 713 184 128 529 7809 380 152 111 7429 7366 323 141 63 182 67 86 458 377
is_linear=0
shrinkage=0.05


Tree=29
num_leaves=31
num_cat=0
split_feature=73 267 292 197 197 345 91 266 217 343 218 40 302 371 71 249 384 250 304 331 19 73 339 50 348 268 197 241 46 59
split_gain=0.000616618 0.00115922 0.0011539 0.00135436 0.000973355 0.000927184 0.00123572 0.00172943 0.00196399 0.00156937 0.00128002 0.00110787 0.00184669 0.00102711 0.00123002 0.000961678 0.000948811 0.00131145 0.00144246 0.00144759 0.000969221 0.0015644 0.00111428 0.000922306 0.00162851 0.00091631 0.000833196 0.00113999 0.00154995 0.00109109
threshold=-0.30323842069971091 -0.46807285598741472 -0.00033068783068784991 -1.6394174375939776 -1.724993803328567 -0.0049603174603154486 1.1468309827518051 -0.78013259678741453 -0.56336643312886958 0.013888888888888501 -2.0485121843633296 -0.25204413982436141 -0.01143246439379835 -0.43694629299750992 0.13260582010582003 -0.43387464393551228 0.03292661986446601 1.4372377533029324 -0.09116077839696983 0.013204686002673952 0.36977255998086056 -0.57710228636089445 -0.0036210110422527498 -1.4606549984859598 -0.00051150665843984996 1.0832212133803225 -1.202438516893473 0.060745402976410706 0.041087962962963014 -0.063317365827209496
decision_type=2 10 10 8 8 10 2 10 10 10 10 2 10 10 2 10 10 10 10 10 2 2 10 2 10 10 10 10 2 2
left_child=5 2 4 -4 -2 26 16 9 13 11 -10 -8 -13 -9 -15 -12 17 18 19 -7 -18 22 -22 24 -3 -20 27 -1 -29 -30
right_child=1 23 3 -5 -6 6 7 8 10 -11 15 12 -14 14 -16 -17 20 -19 25 -21 21 -23 -24 -25 -26 -27 -28 28 29 -31
leaf_value=0 0.00034362263893245032 0 -0.00027897261553679813 -4.6033239220520012e-05 0 0.00020778092040681833 -7.6123485457846342e-05 -7.4677089564155222e-05 0 -0.00035044757325969561 0 0.00042228764976735096 0 0 0.00031489058839818777 0.00047893925102440293 0 -0.00013043321207020802 5.1677270604430614e-05 0 0 2.9987493357823588e-05 -0.00033463398534194446 -5.5773737096793759e-06 0.00029779893103917235 -8.1303935433389078e-05 1.7112494825986702e-05 0 -0.00040474408219785666 0
leaf_weight=183 22 76 113 316 72 254 49 68 29 30 22 41 31 70 56 88 450 82 499 64 22 39 87 5525 70 159 319 53 73 28
leaf_count=183 22 76 113 316 72 254 49 68 29 30 22 41 31 70 56 88 450 82 499 64 22 39 87 5525 70 159 319 53 73 28
internal_value=0 -8.9025e-06 -8.0352e-05 -0.000119093 4.32602e-05 1.93843e-05 3.64004e-05 0.000108234 0.000173214 -1.9951e-06 0.000324025 4.33279e-05 0.000193962 3.92875e-05 0.000140454 0.000402134 1.23812e-05 4.30068e-05 6.27129e-05 0.000152019 -3.3441e-05 -0.000144489 -0.000252717 -1.43021e-06 0.000121182 1.19384e-05 -2.85019e-05 -8.65046e-05 -0.000186718 -0.000302436
internal_weight=8990 6194 523 429 94 2796 2140 484 333 151 139 121 72 194 126 110 1656 1058 976 318 598 148 109 5671 146 658 656 337 154 101
internal_count=8990 6194 523 429 94 2796 2140 484 333 151 139 121 72 194 126 110 1656 1058 976 318 598 148 109 5671 146 658 656 337 154 101
is_linear=0
shrinkage=0.05


Tree=30
num_leaves=31
num_cat=0
split_feature=260 260 281 342 54 382 264 207 59 79 59 297 267 238 393 243 80 378 201 50 369 265 343 288 288 76 243 73 385 386
split_gain=0.000598625 0.00100098 0.00189105 0.00175668 0.00209863 0.0021026 0.00170214 0.00143279 0.00111712 0.000923842 0.00176737 0.00163957 0.00128524 0.00128497 0.00147854 0.00149745 0.00135516 0.00112684 0.000996894 0.000913123 0.00102783 0.000856459 0.000638944 0.000618697 0.000578619 0.00084508 0.000980418 0.000658338 0.00100603 0.000552583
threshold=-0.28327519458720735 -1.3055703620275183 1.84047492858694 0.041645593191540708 0.81630291005291011 1.490979174160296 1.8294897113670026 1.8070494174128682 -0.35537271961884648 -0.51022819264281438 0.59912140660162116 0.0023745709734600004 -1.9557837328859105 2.0738296170308455 1.2006482113799053 -1.5592250363973161 0.69742063492063511 0.0035692828412037503 -0.038908826621246895 -2.2362441891424596 -0.21516730607741147 -0.085513002270167546 0.011574074074074452 -0.00033068783068774995 0.0003306878306873501 0.0064169705685860013 -0.97649011142061715 -0.26048245878769999 -0.32934826348841978 0.48613869856870723
decision_type=10 8 8 8 2 8 10 10 2 2 2 10 10 10 2 10 2 10 10 2 10 10 10 10 10 2 10 2 8 10
left_child=1 7 29 4 5 6 -4 -1 -9 10 11 13 17 14 15 -2 -16 -11 -19 20 -14 -15 -13 -12 27 -26 -27 28 -21 -3
right_child=9 2 3 -5 -6 -7 -8 8 -10 12 23 22 19 21 16 -17 -18 18 -20 24 -22 -23 -24 -25 25 26 -28 -29 -30 -31
leaf_value=0 0.0001918263332214262 -1.089878874554055e-05 -0.00060166659062558278 0.00010028334372156461 0 0 0 0.00057694009473211892 0 0 0 0.00031938559660016342 0 -0.00035822682173508548 0.00029981148561295141 -1.6951456268710782e-05 0 -0.00053894088387627741 0 -1.560355576506784e-05 0.00029888174792594484 0 0 -0.00023402406030442678 0 -0.00019304088785239965 0 -1.3212277116410464e-06 7.8649406170854503e-05 -0.00022673250384561518
leaf_weight=415 103 1524 72 22 38 44 29 21 24 84 80 99 22 27 113 367 28 29 26 350 55 36 26 52 323 155 142 3955 695 34
leaf_count=415 103 1524 72 22 38 44 29 21 24 84 80 99 22 27 113 367 28 29 26 350 55 36 26 52 323 155 142 3955 695 34
internal_value=0 -2.26812e-05 -4.12326e-05 -0.000187005 -0.000248886 -0.00033812 -0.000464837 3.75455e-05 0.000306274 7.22168e-06 5.34748e-05 8.5006e-05 0 4.49445e-05 7.27875e-05 1.8197e-05 0.000219178 -0.000150316 -0.000328889 3.50853e-06 0.000174679 -0.000145536 0.000260841 -9.94546e-05 2.70587e-07 -4.42833e-05 -0.000105849 6.79603e-06 4.22987e-05 -1.88322e-05
internal_weight=8990 2223 1763 205 183 145 101 460 45 6767 931 799 5836 674 611 470 141 139 55 5697 77 63 125 132 5620 620 297 5000 1045 1558
internal_count=8990 2223 1763 205 183 145 101 460 45 6767 931 799 5836 674 611 470 141 139 55 5697 77 63 125 132 5620 620 297 5000 1045 1558
is_linear=0
shrinkage=0.05


Tree=31
num_leaves=31
num_cat=0
split_feature=339 210 337 376 377 346 207 349 73 86 384 232 395 386 253 328 398 287 306 302 316 238 49 237 259 268 203 265 247 207
split_gain=0.000579763 0.000910012 0.000767759 0.000850393 0.00152623 0.00065763 0.00134627 0.00218502 0.000846401 0.0015246 0.000863711 0.0010694 0.000830349 0.000918426 0.00079326 0.000972283 0.000942526 0.00141779 0.00104967 0.000800124 0.00129405 0.000721848 0.0009712 0.00105326 0.000988647 0.000623084 0.000674608 0.000600897 0.000500139 0.000336775
threshold=-0.28768207245179361 -0.90220726948254737 0.0076321768373366506 0.16651897688854364 -0.054118209065995695 0.090442614644508354 0.47683480286466812 -0.006107118975347949 -1.9090376702397247 0.18617724867724902 -0.013972825680609398 -1.3045351332486059 0.24802010289176143 -0.00080780455565984991 1.5570284529349372 -0.015857192161029248 -0.00027954002777049993 -0.0019841295878113498 0.00033189513332840004 -0.018687131088308894 -0.015372370329903498 -0.55894775423237886 -0.73604861408009448 -0.045656257320266493 0.74304777830244961 1.7217644153583078 -0.95951372817102187 1.5707188939290091 -0.84431521835060841 0.049879102436249705
decision_type=8 10 10 10 10 10 10 10 2 2 10 10 2 10 8 10 2 10 10 10 8 10 2 10 10 10 10 10 10 10
left_child=1 2 3 4 -1 8 29 28 9 12 -11 -12 -2 -14 21 19 18 -18 -17 -16 -21 22 24 -24 -10 27 -27 -23 -8 -7
right_child=5 -3 -4 -5 -6 6 7 -9 14 10 11 -13 13 -15 15 16 17 -19 -20 20 -22 25 23 -25 -26 26 -28 -29 -30 -31
leaf_value=0 7.8725267480160446e-05 0 0 0 0.00050543868252666809 -2.5534528283196298e-05 0 0 0 0 0 0.00038333343933388115 0 -0.000365655062189964 0 -3.1857675554963278e-05 0 -0.00019565083880416722 0.00010731299409921085 -0.00037771111682959827 0 -2.9475635932094305e-06 0.00012938168975263692 1.4385859335778728e-05 -0.00019921276653133476 2.878490819338502e-05 -8.8810375288909634e-05 6.8961056723102716e-05 -0.00050563892446855573 0.00012753586136731113
leaf_weight=43 31 179 30 22 45 216 21 64 115 73 22 72 24 32 59 250 259 152 231 66 51 4881 367 706 76 95 412 307 46 43
leaf_count=43 31 179 30 22 45 216 21 64 115 73 22 72 24 32 59 250 259 152 231 66 51 4881 367 706 76 95 412 307 46 43
internal_value=0 6.58961e-05 0.000161644 0.000225126 0.000295752 -2.71212e-06 -6.61664e-05 -0.000196722 0 9.01074e-05 0.000185693 0.000290136 -3.59704e-05 -0.000188616 -2.56654e-06 -4.30177e-05 -1.54335e-05 -7.44361e-05 2.45945e-05 -0.000154338 -0.000230009 2.92357e-06 3.75098e-05 5.83859e-05 -5.35728e-05 -3.87539e-06 -5.69144e-05 3.45134e-07 -0.000396258 0
internal_weight=8990 319 140 110 88 8671 390 131 8281 254 167 94 87 56 8027 1068 892 411 481 176 117 6959 1264 1073 191 5695 507 5188 67 259
internal_count=8990 319 140 110 88 8671 390 131 8281 254 167 94 87 56 8027 1068 892 411 481 176 117 6959 1264 1073 191 5695 507 5188 67 259
is_linear=0
shrinkage=0.05


Tree=32
num_leaves=31
num_cat=0
split_feature=50 384 65 207 352 389 19 14 224 91 335 223 348 76 321 232 46 37 50 44 369 301 54 241 315 244 65 260 393 91
split_gain=0.000590262 0.00125544 0.00118396 0.000983836 0.000939952 0.00121173 0.000950013 0.0010336 0.00085015 0.000754427 0.00111639 0.00121564 0.000659654 0.00123423 0.000685098 0.00139154 0.0017713 0.00124431 0.00124399 0.00102247 0.000757169 0.0012995 0.000918948 0.000897733 0.000699968 0.000860395 0.000633649 0.000515295 0.000456753 0.000686251
threshold=1.1240699184160701 0.011383391398124002 0.12502833881796807 0.59171317088260833 0.012924364817704452 0.20297797261161432 0.95335719684167908 0.0054563492063491505 -0.61182329687155923 3.0800826753290553 0.0014586038882820002 -2.2596179586827572 0.34289179944102754 0.3703546543081831 0.021111149028490202 0.025275004439999603 0.082506613756613764 -0.22117737644761346 -0.18543544035044698 0.042493386243386257 -0.47028139067685343 -0.0030619431815899997 0.68468915343915304 0.18613306809977007 -0.040639692176808247 -0.14770623359058596 0.069911365018752655 0.6717735947893041 0.11266037641049896 0.47516050922945358
decision_type=2 10 2 10 10 2 2 2 10 2 8 10 10 2 8 8 2 2 2 2 10 10 2 10 10 10 2 10 2 2
left_child=9 4 3 -3 6 -6 -2 -8 -7 12 11 -11 14 28 20 17 18 19 -17 -16 24 23 -23 -22 -1 -26 -19 -15 -14 -30
right_child=1 2 -4 -5 5 8 7 -9 -10 10 -12 -13 13 27 15 16 -18 26 -20 -21 21 22 -24 -25 25 -27 -28 -29 29 -31
leaf_value=3.769768384582044e-05 0 -7.4438548599053264e-05 0 -0.00039666585749061398 0 -0.00044601127770319557 0.00041032639528667289 0 0 0 0 0.00052714534348301148 -5.6989827652785316e-05 0.00033965708674829913 -9.6805089076006491e-05 -0.00033245561087993166 -3.7555470357821976e-06 0 0 0.00015829794613208257 9.7081017948254835e-05 1.0353569044945585e-05 -4.1291064149988552e-05 0 0 -0.00012903260880863082 -0.00018654362436125842 0 0 0.00023949203459448827
leaf_weight=141 236 141 72 58 144 32 36 25 23 22 36 28 107 52 24 114 248 111 55 185 645 3982 1097 428 323 305 70 20 186 44
leaf_count=141 236 141 72 58 144 32 36 25 23 22 36 28 107 52 24 114 248 111 55 185 645 3982 1097 428 323 305 70 20 186 44
internal_value=0 -4.219e-05 -0.000128895 -0.000193619 0 -7.86254e-05 6.13725e-05 0.000239137 -0.000278059 3.66108e-06 0.000151586 0.000308541 1.48135e-06 6.36339e-05 -1.16183e-06 -4.52138e-05 -0.00011032 1.15934e-05 -0.000237037 0.00010506 3.25285e-06 9.76643e-06 0 5.97853e-05 -4.23492e-05 -6.82852e-05 -6.87208e-05 0.000255925 7.65484e-06 5.947e-05
internal_weight=8990 767 271 199 496 199 297 61 55 8223 86 50 8137 409 7728 807 417 390 169 209 6921 6152 5079 1073 769 628 181 72 337 230
internal_count=8990 767 271 199 496 199 297 61 55 8223 86 50 8137 409 7728 807 417 390 169 209 6921 6152 5079 1073 769 628 181 72 337 230
is_linear=0
shrinkage=0.05


Tree=33
num_leaves=31
num_cat=0
split_feature=248 31 55 203 291 394 332 273 32 238 207 201 241 267 369 300 75 46 372 65 210 93 375 260 301 69 54 392 14 226
split_gain=0.000567207 0.00117383 0.00111339 0.00147923 0.00104378 0.00107366 0.00104118 0.00130488 0.0012328 0.00146738 0.00144101 0.00115 0.00114265 0.00133803 0.00130006 0.0016006 0.000921941 0.00113327 0.00100175 0.00149099 0.000908874 0.000884194 0.000851541 0.00103802 0.00074707 0.000908663 0.000886193 0.000843185 0.000854581 0.00072505
threshold=0.78771253426859567 0.85912698412698396 1.0000000180025095e-35 0.60269454724115223 -0.0061729179111499992 -0.19267805897675697 0.0035700917130915004 0.78318851182587457 0.37251984126984106 -0.62270618944118328 0.52724134844334902 0.40679458020773412 0.95481191534909315 0.025513823743977704 0.20286156817610357 0.010484368157400002 0.33432539682539703 0.042162698412698409 -0.021689733224907897 0.30407152877281002 -1.6655284927441876 0.83871926931944563 -0.026530274000985045 -0.41770306469529711 -0.0032581074514384995 0.54133136372430912 0.65889550264550312 0.89474119492760129 0.0064484126984126512 -0.34574338516087938
decision_type=8 2 2 10 10 2 10 10 2 10 10 10 10 10 10 10 2 2 10 2 10 2 10 10 8 2 2 2 2 10
left_child=6 24 -3 20 5 -5 7 -1 9 16 -11 -12 13 14 15 -9 17 21 -18 -20 -4 -8 23 -14 25 29 -26 28 -28 -2
right_child=1 2 3 4 -6 -7 8 12 -10 10 11 -13 22 -15 -16 -17 18 -19 19 -21 -22 -23 -24 -25 26 -27 27 -29 -30 -31
leaf_value=4.4033687536276054e-06 0 0 0.00017257316755725657 0 -3.6459447395595883e-05 -0.00051722461648623624 0 0.00023918400894282752 0 -5.763990603176669e-05 -0.00044545510155381308 0 0 0 0 6.3206034996334995e-06 5.3785372779118588e-06 0 0 -0.00051143467555173105 -7.9466591218550544e-05 0.00050853887617873753 4.5276238678361734e-05 -0.00025021009164520001 0 0 -0.00041694477959957683 0 0 0.00023042687080047344
leaf_weight=4382 61 362 32 25 76 57 30 319 845 189 70 20 30 153 81 156 27 34 27 27 273 25 194 69 1078 104 38 77 20 109
leaf_count=4382 61 362 32 25 76 57 30 319 845 189 70 20 30 153 81 156 27 34 27 27 273 25 194 69 1078 104 38 77 20 109
internal_value=0 -2.16096e-05 -6.97127e-05 -0.000121117 -0.000252539 -0.000391619 7.11773e-06 1.7405e-05 -3.18194e-05 -9.88944e-05 -0.000169944 -0.000349964 6.9269e-05 0.000103968 0.000140707 0.000173248 0 0.000127459 -0.000102819 -0.000249249 -3.65871e-05 0.000278728 0 -0.000132162 1.71906e-06 7.89513e-05 -1.16101e-05 -0.0001327 -0.0002779 0.000152968
internal_weight=8990 2312 825 463 158 82 6678 5384 1294 449 279 90 1002 709 556 475 170 89 81 54 305 55 293 99 1487 274 1213 135 58 170
internal_count=8990 2312 825 463 158 82 6678 5384 1294 449 279 90 1002 709 556 475 170 89 81 54 305 55 293 99 1487 274 1213 135 58 170
is_linear=0
shrinkage=0.05


Tree=34
num_leaves=31
num_cat=0
split_feature=359 64 79 275 385 277 203 387 254 19 33 257 87 375 354 73 292 212 59 297 64 259 267 235 208 219 350 91 246 333
split_gain=0.000554925 0.000745807 0.000699096 0.000695166 0.000600249 0.00127269 0.000883814 0.000828862 0.000757158 0.00128823 0.000710319 0.000691628 0.000842315 0.000604503 0.000789444 0.000842385 0.00167367 0.00121623 0.0009961 0.000684868 0.000972264 0.000993828 0.000651881 0.00171877 0.000823712 0.000578291 0.000547967 0.000520163 0.000505938 0.000494633
threshold=-0.068841227719630291 -0.9718552680648268 0.65852613248995961 -0.49937482814859996 -1.7233832620203959 -0.71122083167899153 0.9040126247548802 -0.22623228956608868 -1.3857132221548529 1.1441805109899301 0.033910861164253556 1.2719720469569065 0.9659391534391536 -0.3576894667247828 0.34902891260801711 -1.9090376702397247 -0.00033068783068774995 -0.27116858472402566 0.29404719508858707 9.1027090026507565e-05 -0.6557240515665459 -0.15210064691830991 -1.7223063450056817 -2.0099947043357038 -1.3097646345338532 0.22138924394438594 0.00035895404387040008 0.75492025600654411 0.74555359835795043 0.010664682539683551
decision_type=8 2 2 10 10 10 10 10 8 2 2 10 2 10 10 2 10 10 2 10 2 10 10 10 10 10 10 2 10 10
left_child=1 3 -3 -1 5 6 11 10 28 -10 -7 12 -2 25 15 16 18 -18 -15 20 21 -16 23 -17 -24 29 -27 -28 -9 -6
right_child=4 2 -4 -5 13 7 -8 8 9 -11 -12 -13 -14 14 19 22 17 -19 -20 -21 -22 -23 24 -25 -26 26 27 -29 -30 -31
leaf_value=0 -0.00031744044621107687 -3.8585972697007145e-05 0.00011241979491875779 0.0003587045050750174 0.00012657356035470038 0.00033504482952738613 0 0.0001569934777934966 -1.7662940045319277e-05 -0.00040234469499615368 0 0 0 0.00026170265712862251 0 -0.00029720973219804405 -0.0002861074131551098 7.7452181822395522e-05 0 0 -2.5019981754546557e-05 -0.0005339648491243501 5.1894921654490548e-05 -9.4918042407772133e-06 -4.585200782370783e-06 6.7816021461442665e-05 0 -0.00022302936562031072 0 0
leaf_weight=22 107 160 121 38 258 32 51 68 230 30 20 26 28 124 20 67 38 26 23 107 125 30 722 441 5733 136 90 41 40 36
leaf_count=22 107 160 121 38 258 32 51 68 230 30 20 26 28 124 20 67 38 26 23 107 125 30 722 441 5733 136 90 41 40 36
internal_value=0 6.22309e-05 8.66746e-06 0.00022946 -2.7695e-06 -4.97769e-05 -0.000149617 0 -2.5776e-05 -8.14103e-05 0.000187293 -0.000207815 -0.000253568 3.13117e-07 -2.8218e-06 0 9.8778e-05 -6.05178e-05 0.000202116 -8.48916e-05 -0.000146249 -0.000348865 -2.57697e-06 -5.73305e-05 9.58298e-07 5.0882e-05 0 -7.53326e-05 6.18564e-05 9.92732e-05
internal_weight=8990 341 281 60 8649 632 212 420 368 260 52 161 135 8017 7456 7174 211 64 147 282 175 50 6963 508 6455 561 267 131 108 294
internal_count=8990 341 281 60 8649 632 212 420 368 260 52 161 135 8017 7456 7174 211 64 147 282 175 50 6963 508 6455 561 267 131 108 294
is_linear=0
shrinkage=0.05


Tree=35
num_leaves=31
num_cat=0
split_feature=248 31 55 301 296 235 66 85 77 297 264 345 63 50 245 225 326 371 49 387 201 389 50 248 85 65 18 316 275 251
split_gain=0.000527737 0.00107335 0.00101393 0.00109324 0.000913699 0.000944099 0.00112206 0.00088868 0.000944747 0.000843732 0.0009489 0.00154539 0.00120391 0.000841304 0.00132104 0.000928524 0.000769178 0.00122391 0.000939802 0.000811775 0.000832573 0.000792721 0.000715641 0.000706203 0.00140307 0.000782533 0.000673097 0.000623752 0.000524008 0.000637018
threshold=0.78771253426859567 0.85912698412698396 1.0000000180025095e-35 -0.013244855685240848 -0.0023085765086149996 0.87596447175709058 1.3768795971915202 1.2439068555623003 0.64037698412698407 0.0014923688482498003 0.29741970469544093 0.0026455026455019502 0.82986111111111105 1.1240699184160701 -1.9382951408789679 -1.681344289768689 -0.20377287538615527 -2.2067476432590389 -0.73604861408009448 -0.040916841032787248 -0.83352071119805327 -0.43216039843048543 -0.24173734996557097 0.31042161204301955 -0.10241767043892198 0.49085883940570502 -1.8194206574870047 -0.12689600686360111 -1.0113924897480364 0.3145465946566498
decision_type=8 2 2 10 10 10 2 2 2 10 10 10 2 2 10 10 10 10 2 10 10 2 2 10 2 2 2 10 10 10
left_child=9 7 28 -4 -5 6 -6 26 -9 13 -11 12 -12 16 15 -15 18 19 -1 -18 -21 -20 -23 25 -25 -19 -2 -10 -3 -30
right_child=1 2 3 4 5 -7 -8 8 27 10 11 -13 -14 14 -16 -17 17 23 21 20 -22 22 -24 24 -26 -27 -28 -29 29 -31
leaf_value=-2.8274130970179411e-05 -0.00019690421781919226 0.0001008570254107714 0 4.7322683593645838e-06 -0.00027247784710259876 0 0 0 0 9.8856866499662878e-06 0.00032629125848366555 -2.5705638262436459e-06 0 0 -1.7690432738038987e-05 -0.00045154412514710721 0 2.009535029921814e-06 0 0 -0.0002883880497341667 0.00017360960714270788 0 0 0.00015548553274623137 -8.8032535444127987e-05 0 0.0004751359042754514 -0.00011636997131799069 1.1816377299103186e-05
leaf_weight=141 44 89 82 22 221 93 45 27 22 415 109 40 22 23 406 36 38 3933 98 21 85 271 94 472 221 253 1367 27 146 127
leaf_count=141 44 89 82 22 221 93 45 27 22 415 109 40 22 23 406 36 38 3933 98 21 85 271 94 472 221 253 1367 27 146 127
internal_value=0 -2.09729e-05 -6.69498e-05 -0.000116016 -0.000153386 -0.000176998 -0.000226157 1.176e-06 0.000169899 6.72851e-06 6.41345e-05 0.000166485 0.000256207 3.84832e-07 -6.33013e-05 -0.000292003 6.53727e-06 0 5.98434e-05 -0.000143484 -0.000217 9.74755e-05 0.000132212 4.36773e-06 5.14903e-05 -2.24011e-06 -4.37992e-06 0.0003047 0 -3.84467e-05
internal_weight=8990 2312 825 463 381 359 266 1487 76 6678 586 171 131 6092 465 59 5627 5023 604 144 106 463 365 4879 693 4186 1411 49 362 273
internal_count=8990 2312 825 463 381 359 266 1487 76 6678 586 171 131 6092 465 59 5627 5023 604 144 106 463 365 4879 693 4186 1411 49 362 273
is_linear=0
shrinkage=0.05


Tree=36
num_leaves=31
num_cat=0
split_feature=260 64 398 19 324 380 59 347 290 212 34 363 316 19 16 16 209 19 236 352 301 324 59 69 367 77 368 375 274 77
split_gain=0.00052888 0.00129 0.00110642 0.00199082 0.00121659 0.00203056 0.00163628 0.00129185 0.00164334 0.00118804 0.00139069 0.00109511 0.00105935 0.000969855 0.000961504 0.000944693 0.00104675 0.000924141 0.0016054 0.00178359 0.00155176 0.00188738 0.00165445 0.00155622 0.0020569 0.00129223 0.00104304 0.000866132 0.000784239 0.000735437
threshold=-0.28327519458720735 -0.8004310875932138 0.0026689027704623505 1.9918665805877802 0.0096900766117347503 0.0051535048858205009 -0.6181833511784961 0.012101767031543002 -0.00033068783068774995 -1.6817134495617618 0.098875661375661367 -0.13672772412610348 -0.037873066048051247 1.2894003684837811 0.22283506089007851 -0.32578510352993012 -1.387950225965612 0.019604410490453205 -0.60428413476835752 -0.018339166340446945 -0.0020409184765743994 -0.011031411959816249 -0.56681532045297234 -0.57692123890558789 0.43171296296296319 0.42691798941798959 -0.29830656677886641 0.072744146051975808 -1.1367830267209398 0.22371031746031753
decision_type=10 2 2 2 10 10 2 10 10 10 2 10 10 2 2 2 10 2 10 10 10 10 2 2 10 2 10 10 10 2
left_child=17 2 4 13 5 11 15 8 -7 -8 -11 -2 -5 -4 -13 16 -6 -1 19 -19 21 -20 -23 24 26 27 -22 -21 -27 -3
right_child=1 29 3 12 6 7 9 -9 -10 10 -12 14 -14 -15 -16 -17 -18 18 20 25 23 22 -24 -25 -26 28 -28 -29 -30 -31
leaf_value=0 0 -4.3673553463882716e-05 0 0 0 0.00022461140602122477 -6.7999868912940647e-05 -0.0001242960795972347 -6.1833271196832138e-06 0 0.00020416290815986093 0.00047800982469014153 -0.0006031713183633808 0.00027120019025182968 0 0 -0.00038260323826136883 0 0 -0.00024920884821828148 0 0.00062905042583900742 0 0 5.47310993984611e-07 0 -0.00054688638950166173 4.4728702173293539e-05 -0.000647891666926342 4.5207218574854513e-06
leaf_weight=1642 33 935 184 25 46 141 59 58 86 79 211 81 21 34 21 72 45 43 106 36 33 26 33 148 21 22 47 26 40 4636
leaf_count=1642 33 935 184 25 46 141 59 58 86 79 211 81 21 34 21 72 45 43 106 36 33 26 33 148 21 22 47 26 40 4636
internal_value=0 6.59558e-06 5.39366e-05 -2.25668e-05 8.09714e-05 0.000146322 1.75819e-05 4.88905e-05 0.000115193 8.67244e-05 0.000135451 0.000314812 -0.000330258 1.95552e-05 0.000397434 -9.97658e-05 -0.000209151 -2.1502e-05 -7.5793e-05 -0.000209174 -9.87755e-06 9.44653e-05 0.000323678 -9.91028e-05 -0.000250362 -0.000307969 -0.000378566 -4.55559e-05 -0.00048937 -2.67104e-06
internal_weight=8990 6767 1196 264 932 420 512 285 227 349 290 135 46 218 102 163 91 2223 581 167 414 165 59 249 101 124 80 62 62 5571
internal_count=8990 6767 1196 264 932 420 512 285 227 349 290 135 46 218 102 163 91 2223 581 167 414 165 59 249 101 124 80 62 62 5571
is_linear=0
shrinkage=0.05


Tree=37
num_leaves=31
num_cat=0
split_feature=369 315 393 39 207 359 48 228 286 30 30 55 313 46 64 17 258 321 11 91 336 58 277 357 205 48 53 349 202 364
split_gain=0.000519809 0.000811046 0.0010862 0.000915843 0.000697532 0.000614143 0.000701868 0.000908864 0.000572202 0.00129394 0.000895494 0.00273246 0.000858577 0.000716404 0.000716217 0.00107573 0.000651936 0.00116522 0.00106393 0.000620466 0.00131655 0.000831022 0.000566735 0.000481833 0.000184408 0.00018173 0.000180977 0.00041925 0.000526687 0.000227853
threshold=-0.86475595563538576 -0.040639692176808247 -0.6257496194612997 -0.16074046092762781 -0.63181370316530439 -0.068841227719630291 1.6534026642930302 1.0000000180025095e-35 -0.00033068783068784991 2.2088864965724553 2.9679728914771233 -0.53363861457856443 0.014056109135446701 0.42807539682539703 -0.56152113546033988 0.16982494283790103 1.7217644153588239 0.014364938649469352 0.0041335978835978513 0.77269430279834461 0.010582010582009952 -0.72626611053850898 -1.3786751465872344 0.0013227513227513502 0.78832894624233685 0.071086132857154774 0.64240080159651558 0.0086902514838713019 0.69619517422929589 0.1164100577662875
decision_type=8 10 2 2 10 8 2 10 8 2 2 2 10 2 2 2 8 8 2 2 10 2 10 10 10 2 2 10 10 10
left_child=1 -1 -3 4 -4 6 7 -2 9 12 16 -12 14 23 15 -7 19 -18 -19 21 -21 -10 -16 -14 -5 -6 27 28 -8 -28
right_child=5 2 3 24 25 8 26 -9 10 -11 11 -13 13 -15 22 -17 17 18 -20 20 -22 -23 -24 -25 -26 -27 29 -29 -30 -31
leaf_value=7.0682662774358031e-05 0 0 0 -0.0001013007586573401 0 0.0001268193530652601 -0.00025646156724304191 0.00029112540044819689 0.00013006296964376599 0.00032332711275717159 0 -0.00059622589434529176 -0.00044067311236731612 0 -0.00011526453616758425 0 0 0 -0.00034155311275007157 6.182879932711164e-05 -8.3307121495186708e-05 -1.2793411696772748e-05 1.2696584800341611e-05 0 0 -0.00051215133462296776 0 0 0 0.00015936122378160323
leaf_weight=62 102 120 26 63 20 345 39 66 99 37 28 26 23 30 93 217 160 29 63 860 166 4942 1116 26 77 38 20 43 22 32
leaf_count=62 102 120 26 63 20 345 39 66 99 37 28 26 23 30 93 217 160 29 63 860 166 4942 1116 26 77 38 20 43 22 32
internal_value=0 -5.569e-05 -9.30111e-05 -0.000159376 -0.000304454 2.16002e-06 6.972e-05 0.000140748 0 2.36763e-05 -7.64682e-06 -0.000212677 1.49636e-05 -0.00013726 2.45844e-05 7.13429e-05 -5.10011e-06 -8.42231e-05 -0.000225933 -9.88189e-07 3.34681e-05 -8.99349e-06 0 -0.000258512 -3.64857e-05 -0.0004052 0 -4.45776e-05 -0.000143318 6.86558e-05
internal_weight=8990 406 344 224 84 8584 324 168 8260 1887 6373 54 1850 79 1771 562 6319 252 92 6067 1026 5041 1209 49 140 58 156 104 61 52
internal_count=8990 406 344 224 84 8584 324 168 8260 1887 6373 54 1850 79 1771 562 6319 252 92 6067 1026 5041 1209 49 140 58 156 104 61 52
is_linear=0
shrinkage=0.05


Tree=38
num_leaves=31
num_cat=0
split_feature=73 346 344 304 332 353 373 298 335 10 343 35 375 246 250 68 80 241 235 208 348 334 325 231 379 201 13 315 78 238
split_gain=0.000480825 0.00103182 0.00100311 0.000926091 0.00115639 0.00189396 0.00110055 0.0010475 0.000973286 0.000923349 0.000906993 0.00139346 0.00103822 0.000863627 0.0011913 0.000817972 0.00107905 0.000773277 0.000736242 0.0015517 0.00149863 0.000772143 0.00104515 0.000982027 0.000934626 0.000797255 0.000726714 0.000723542 0.00071946 0.000742192
threshold=-0.30323842069971091 -0.0050125418235454485 0.069734458720874817 -0.058891517828195891 -0.022426928425619146 -0.022985423025697997 0.0052910052910051008 -0.0020994587271948996 -0.10794411388619453 0.18039021164021204 0.013888888888888501 0.81464947089946971 0.19127059917002684 0.033487598795222055 -1.1290771196542195 0.96445105820105803 0.72387566137566106 0.79109996127921012 -1.8462645175471428 -0.58946734438537229 -0.083541985465538038 0.022281905574481505 0.014972216672048452 1.1189815185595904 0.05195189507417091 -0.74681720651463768 0.0011574074074073503 -0.017551755993958897 0.31431878306878308 0.25742483467361249
decision_type=2 10 10 10 10 10 10 10 10 2 10 2 10 10 10 2 2 10 10 10 10 10 10 10 10 10 2 10 2 10
left_child=1 18 -2 4 5 9 7 -6 -9 -3 12 -12 -5 14 -14 16 -13 -8 19 20 -1 22 24 25 26 -24 -20 -19 -7 -30
right_child=2 3 -4 10 6 28 17 8 -10 -11 11 15 13 -15 -16 -17 -18 27 21 -21 -22 -23 23 -25 -26 -27 -28 -29 29 -31
leaf_value=0 -3.4447555964099909e-06 -0.0002662379736690022 -0.00011356748084328806 0 0 0 7.0016546773054054e-05 0 0.00019435784904782731 0 0 -0.00053230880413395474 0 0 0.00038082005624851418 0 0 0 0.00013554987724178713 2.7354653927002804e-06 -0.00039831167157527601 0.00011399658100558728 0 0 8.1769683152046389e-05 -0.00031234185699982066 -9.5002546375026531e-05 -0.00031439453338757387 0.00026574890304721617 0
leaf_weight=20 5973 74 221 589 72 77 116 30 419 68 123 35 20 37 57 20 20 22 24 48 63 113 30 27 224 77 245 32 77 37
leaf_count=20 5973 74 221 589 72 77 116 30 419 68 123 35 20 37 57 20 20 22 24 48 63 113 30 27 224 77 245 32 77 37
internal_value=0 1.67802e-05 -8.18289e-06 3.82867e-05 7.08257e-05 0 0.00010778 0.000143827 0.000172724 -0.000143938 0 -9.31656e-05 2.79181e-05 0.000165985 0.000262252 -0.000263216 -0.000362689 0 -2.50106e-05 -0.000134893 -0.000274561 0 -2.71015e-05 -0.000151391 0 -0.000227201 -5.58096e-05 -0.000158787 9.68057e-05 0.000177368
internal_weight=8990 2796 6194 1925 1024 333 691 521 449 142 901 198 703 114 77 75 55 170 871 131 83 740 627 134 493 107 269 54 191 114
internal_count=8990 2796 6194 1925 1024 333 691 521 449 142 901 198 703 114 77 75 55 170 871 131 83 740 627 134 493 107 269 54 191 114
is_linear=0
shrinkage=0.05


Tree=39
num_leaves=31
num_cat=0
split_feature=339 358 257 351 85 66 85 279 254 91 61 63 62 281 226 342 361 225 65 256 73 235 267 387 337 237 316 349 398 355
split_gain=0.000497513 0.000832942 0.000711026 0.000605366 0.000857077 0.000627655 0.00186763 0.00228904 0.00176326 0.00177898 0.00156566 0.00131586 0.00101726 0.00129039 0.00154997 0.00106953 0.000959992 0.000685052 0.000798829 0.00113573 0.0006821 0.000893229 0.000794157 0.00061211 0.000461493 0.000334327 0.000317212 0.000308142 0.000420972 0.000374993
threshold=-0.28768207245179361 0.0013135429039787003 1.1990237395751151 -0.85540231709897319 1.5868732994643102 -0.90478308978315991 1.7105254298217887 2.0219659184516185 -0.90467579726538194 0.41457730832960205 -2.0227520986405945 0.51372354497354511 0.42741402116402105 1.8568149633176227 2.1205670257134446 -0.0089686988399643487 0.0010563947104409502 -2.2694064660729851 0.39558273369528157 -0.42805954405404362 -0.31603462416782596 1.1883832109402916 -0.46807285598741472 0.020719496606306252 0.00066181346525395009 -0.53589682502459213 0.00035758251469735007 -0.019070285159366096 0.00032522518818250008 -0.04527860718544454
decision_type=8 10 10 10 2 2 2 10 10 2 2 2 2 10 10 10 10 10 2 10 2 10 10 10 10 10 10 10 2 10
left_child=1 2 25 4 -2 6 12 -8 9 -7 -11 -12 15 23 -15 16 -5 18 26 -20 21 -19 -22 -14 -17 -1 -10 29 -29 -3
right_child=3 27 -4 5 -6 8 7 -9 17 10 11 -13 13 14 -16 24 -18 20 19 -21 22 -23 -24 -25 -26 -27 -28 28 -30 -31
leaf_value=0 -2.6338093561712872e-05 0 0 0.00025970794805494062 -0.00042165870064711985 0 0 0.00055988850787462737 0 0 -0.00048826929510375501 -3.7016074353891817e-05 7.4876537786078723e-05 -0.0003451955727557253 0 -3.8462291945130152e-05 0 1.3084368378090033e-05 0 -0.00045647669692207104 -8.0208588906059363e-05 0.00012867963897639513 0 -4.1816616214705423e-05 8.6910139711363443e-05 0.00032660519112532829 -0.00014976506323651655 0 -0.00018960908785805173 0.00014376637617948199
leaf_weight=21 208 24 78 106 20 165 68 37 173 67 68 57 178 64 23 187 65 1567 23 31 336 214 4558 304 116 55 36 41 45 55
leaf_count=21 208 24 78 106 20 165 68 37 173 67 68 57 178 64 23 187 65 1567 23 31 336 214 4558 304 116 55 36 41 45 55
internal_value=0 6.08575e-05 0.000145541 -2.67295e-06 -8.31052e-05 0 3.38409e-05 0.00023708 -5.90449e-06 -0.000114265 -0.000217768 -0.00032266 8.56638e-06 -3.07249e-05 -0.00020786 6.62753e-05 0.000166728 0 -7.94465e-05 -0.000259425 2.79136e-06 2.97877e-05 -6.01177e-06 0 0 0.000257394 -8.93088e-06 0 -8.12924e-05 5.04552e-05
internal_weight=8990 319 154 8671 228 8443 1148 105 7295 357 192 125 1043 569 87 474 171 6938 263 54 6675 1781 4894 482 303 76 209 165 86 79
internal_count=8990 319 154 8671 228 8443 1148 105 7295 357 192 125 1043 569 87 474 171 6938 263 54 6675 1781 4894 482 303 76 209 165 86 79
is_linear=0
shrinkage=0.05


Tree=40
num_leaves=31
num_cat=0
split_feature=50 384 65 201 93 352 389 19 14 315 49 27 318 199 67 76 383 297 294 222 252 361 394 76 48 245 352 19 381 307
split_gain=0.000481971 0.00108051 0.00105777 0.000805073 0.00100578 0.000801899 0.00099608 0.000810315 0.000881705 0.000656982 0.000747996 0.000892259 0.000723918 0.000703174 0.00104365 0.000739461 0.000919952 0.00135634 0.0011686 0.000747812 0.00063836 0.000636501 0.00062375 0.000713134 0.000588738 0.000712442 0.000588485 0.0007099 0.0005756 0.000633064
threshold=1.1240699184160701 0.011383391398124002 0.12502833881796807 0.40679458020773412 0.43825948411120658 0.012924364817704452 0.20297797261161432 0.95335719684167908 0.0054563492063491505 -0.037802600488609742 0.56800702417726068 -1.2348251487241597 0.74950902661041974 0.98136383056261112 2.4660788985122006 0.14424827905791751 0.0065568708899857511 0.0025778634849448505 0.00033068783068695003 -1.7250465950892393 -0.44839766562092026 -0.24568094724186193 -0.25650031668927736 -0.51582354879913594 -1.0552719055117399 0.099682842123087159 0.093581832854868416 0.34658630157264153 -2.0818076824430074 0.00066137566137535006
decision_type=2 10 2 10 2 10 2 2 2 8 2 2 10 8 2 2 10 10 10 10 10 10 2 2 2 10 10 2 8 8
left_child=9 5 3 4 -3 7 -7 -2 -9 10 -1 -12 26 14 15 19 17 -17 -18 20 -11 -8 -15 -24 -6 -26 27 -13 -25 -30
right_child=1 2 -4 -5 24 6 21 8 -10 13 11 12 -14 22 -16 16 18 -19 -20 -21 -22 -23 23 28 25 -27 -28 -29 29 -31
leaf_value=1.0988544424804183e-05 0 0 0 0 0 0 0 0.00038001892134164131 0 -0.00021094809226965703 0 7.7549971592581291e-05 0 2.0885465578871813e-05 -0.0002025949932191034 4.6291523514669367e-05 -8.7783759547945748e-05 0.00030439108114917982 4.878376841839859e-05 2.2597956416054999e-06 -1.416633543522258e-05 -0.00038128931383287905 2.8626080707620942e-05 3.4091619964139947e-06 -0.00051804915679850671 0 0 0.0003691282599419738 -0.0001067903593342826 0
leaf_weight=1286 236 32 72 60 25 144 20 36 25 77 79 116 21 236 59 679 257 68 395 3629 249 35 125 82 53 29 20 73 693 79
leaf_count=1286 236 32 72 60 25 144 20 36 25 77 79 116 21 236 59 679 257 68 395 3629 249 35 125 82 53 29 20 73 693 79
internal_value=0 -3.82941e-05 -0.000118801 -0.000180276 -0.000246956 0 -7.1626e-05 5.75299e-05 0.00022192 3.11946e-06 3.22346e-05 0.000104448 0.000156042 -3.13298e-06 3.7512e-06 6.96269e-06 3.85039e-05 7.65167e-05 0 -2.93088e-06 -7.60286e-05 -0.000252452 -3.79156e-05 -5.71978e-05 -0.000320448 -0.000389722 0.000188281 0.000216747 -7.56158e-05 -9.04849e-05
internal_weight=8990 767 271 199 139 496 199 297 61 8223 1595 309 230 6628 5413 5354 1399 747 652 3955 326 55 1215 979 107 82 209 189 854 772
internal_count=8990 767 271 199 139 496 199 297 61 8223 1595 309 230 6628 5413 5354 1399 747 652 3955 326 55 1215 979 107 82 209 189 854 772
is_linear=0
shrinkage=0.05


Tree=41
num_leaves=31
num_cat=0
split_feature=369 315 393 39 207 359 48 228 301 343 381 223 355 18 322 254 347 209 30 365 375 250 281 356 349 35 358 73 356 14
split_gain=0.000458939 0.000733867 0.000999814 0.000823841 0.000618136 0.000562839 0.000637586 0.000770478 0.000561477 0.00115244 0.00152527 0.00134173 0.00100349 0.000989198 0.00140678 0.00192185 0.000879912 0.000818115 0.000981354 0.00134533 0.00119637 0.000813533 0.000848083 0.000810549 0.000789051 0.000787178 0.000623448 0.000571533 0.000968781 0.000567282
threshold=-0.86475595563538576 -0.040639692176808247 -0.6257496194612997 -0.16074046092762781 -0.63181370316530439 -0.068841227719630291 1.6534026642930302 1.0000000180025095e-35 -0.0030852352355748495 0.012235449735449952 0.21399131410916214 1.0994500423406237 0.011142635183020203 -0.99547478253050981 0.011878090100985802 0.46660987431849527 0.013611503910535052 -1.555773214168864 1.8061795274789001 0.21478174603174588 0.019497226209272706 0.9630681845576462 2.0908227269185691 -0.018573964921031347 -0.059524148344992991 0.81464947089946971 0.00071123767327180016 -0.27558098468965847 -0.016395983309989749 0.028852513227513202
decision_type=8 10 2 2 10 8 2 10 8 10 10 10 10 2 10 10 10 10 2 10 10 10 10 10 10 2 10 2 10 2
left_child=1 -1 -3 4 -4 6 7 -2 9 13 11 12 -11 14 -7 -16 24 18 23 20 -20 27 26 29 -15 -25 -23 28 -19 -10
right_child=5 2 3 -5 -6 8 -8 -9 17 10 -12 -13 -14 16 15 -17 -18 21 19 -21 -22 22 -24 25 -26 -27 -28 -29 -30 -31
leaf_value=6.6106708144529866e-05 0 0 0 -3.3162302537257648e-05 -0.00038522328953410976 0 0 0.00027410786208991139 -0.00012321988205168182 0 3.0952059983419041e-05 0 -0.00036525045175034103 -2.971117737201001e-06 0.00039445751446971181 0 -5.0517340552173746e-05 0.00010153026811552009 -0.0005998552677059975 0 0 -6.4774825646404192e-05 -0.00027625885322733068 5.9513640619402582e-05 8.3077000459198967e-05 -4.5902343815574998e-05 9.1323767785189833e-06 0 1.5576807441335433e-07 0
leaf_weight=62 102 120 26 140 58 46 156 66 272 23 127 32 79 285 84 57 241 417 29 31 33 498 41 330 615 379 447 3382 783 29
leaf_count=62 102 120 26 140 58 46 156 66 272 23 127 32 79 285 84 57 241 417 29 31 33 498 41 330 615 379 447 3382 783 29
internal_value=0 -5.22381e-05 -8.81114e-05 -0.000151903 -0.000290076 2.13622e-06 6.68014e-05 0.000134484 0 2.62957e-05 -6.18274e-05 -0.000187003 -0.000280685 4.73832e-05 0.000159571 0.000242259 2.46025e-05 -6.76039e-06 -4.61564e-05 -0.000210281 -0.000347061 1.46525e-07 -4.00928e-05 -2.60746e-05 5.02762e-05 0 -2.45278e-05 9.89751e-06 3.95553e-05 -9.49248e-05
internal_weight=8990 406 344 224 84 8584 324 168 8260 1589 261 134 102 1328 187 141 1141 6671 1103 93 62 5568 986 1010 900 709 945 4582 1200 301
internal_count=8990 406 344 224 84 8584 324 168 8260 1589 261 134 102 1328 187 141 1141 6671 1103 93 62 5568 986 1010 900 709 945 4582 1200 301
is_linear=0
shrinkage=0.05


Tree=42
num_leaves=31
num_cat=0
split_feature=260 353 19 48 384 257 209 377 64 219 87 299 398 19 24 275 331 264 278 217 208 378 316 19 377 281 250 84 234 221
split_gain=0.000452464 0.00118204 0.00158092 0.00182885 0.00145549 0.00172952 0.00209475 0.00107024 0.00105106 0.000978053 0.00122826 0.00100441 0.000950794 0.0017057 0.00142364 0.00136703 0.00150577 0.00107407 0.000887923 0.00131998 0.00209787 0.000933812 0.000853663 0.000842881 0.000707733 0.000698822 0.000704326 0.000691803 0.00113762 0.000676526
threshold=-0.28327519458720735 0.1780838886543212 -0.059718762984434792 0.26410554983404355 0.35808056416290823 -0.78530711724358027 -1.9052352573117812 0.060471096770561054 -0.8004310875932138 -0.55385554902350254 0.23842592592592601 1.0000000180025095e-35 0.0026689027704623505 1.9918665805877802 0.5431547619047622 -0.46249912451756142 -0.088642209239721645 2.305049783205297 0.55435607759344296 0.45538489849247848 -1.9737568117871753 0.006884193382561501 -0.037873066048051247 1.2894003684837811 -0.08943386416885199 0.088548169017571773 -0.49398453131099168 0.16435185185185205 0.79737916093132744 1.9286244805325832
decision_type=10 10 2 2 10 10 10 10 2 10 2 10 2 2 2 10 10 10 10 10 10 10 10 2 10 10 10 2 10 10
left_child=1 2 -1 4 5 6 -4 -7 12 24 -11 -12 14 23 18 -16 -17 -18 19 20 -2 -21 -15 27 -5 -3 -27 -14 -29 -10
right_child=8 25 3 9 -6 7 -8 -9 29 10 11 -13 13 22 15 16 17 -19 -20 21 -22 -23 -24 -25 -26 26 -28 28 -30 -31
leaf_value=-1.3404401207127331e-06 0.00035072029673551014 4.4316434462181384e-06 0 0 0 0 -0.00062523902969542264 -0.00022425833152675968 3.1290889647738163e-06 0.00011222567484032436 0 -0.00021544968109033438 6.6431030567905915e-05 0 1.7294513808008185e-05 -3.3413940035103557e-05 0.00027425537805497735 0 -0.00012753738557197425 0 0 -0.00031245519744349873 -0.00055331898261726752 0.00025192293253726574 0.0002486815341493749 0.00048804463204454353 0 -0.00028855573521481326 0 -5.1460640087693188e-05
leaf_weight=1399 69 179 22 54 52 55 58 79 4941 40 49 139 91 25 259 25 245 33 102 55 114 30 21 34 46 21 30 50 43 630
leaf_count=1399 69 179 22 54 52 55 58 79 4941 40 49 139 91 25 259 25 245 33 102 55 114 30 21 34 46 21 30 50 43 630
internal_value=0 -1.986e-05 -3.4048e-05 -0.000102652 -0.000201607 -0.000259832 -0.000467092 -9.85535e-05 6.1305e-06 -7.1257e-06 -7.77868e-05 -0.000144835 4.88671e-05 -2.11903e-05 7.4076e-05 0.000124222 0.000199089 0.000237982 0 4.56651e-05 0.00013333 -8.42525e-05 -0.000306327 1.61638e-05 0.000103948 8.13138e-05 0.000252771 -3.54385e-07 -0.00011941 -2.14755e-06
internal_weight=8990 2223 1993 594 266 214 80 134 6767 328 228 188 1196 264 932 562 303 278 370 268 183 85 46 218 100 230 51 184 93 5571
internal_count=8990 2223 1993 594 266 214 80 134 6767 328 228 188 1196 264 932 562 303 278 370 268 183 85 46 218 100 230 51 184 93 5571
is_linear=0
shrinkage=0.05


Tree=43
num_leaves=31
num_cat=0
split_feature=50 384 65 207 276 221 352 389 19 14 224 248 19 60 65 229 342 64 204 373 229 346 207 64 363 365 54 229 278 337
split_gain=0.000436054 0.000982402 0.000960362 0.000736621 0.00082994 0.00082204 0.000715062 0.000883934 0.000699441 0.000772301 0.000668064 0.000606121 0.000970037 0.000866962 0.00104982 0.00141786 0.00178202 0.00113644 0.00115325 0.000938148 0.000925685 0.000997619 0.000780366 0.00118778 0.00112436 0.00131922 0.000859102 0.00126852 0.000755853 0.00100869
threshold=1.1240699184160701 0.011383391398124002 0.12502833881796807 -0.72677702415596812 0.77010499770580176 1.9460323843249971 0.012924364817704452 0.20297797261161432 0.95335719684167908 0.0054563492063491505 -0.61182329687155923 0.75048652364530322 -0.48610398740868443 0.37781084656084657 0.49085883940570502 -1.4055533605879209 0.039199368891682553 -0.92936719002633539 -2.2884903189040289 0.016534391534391252 -0.61198502782210029 0.090442614644508354 1.0749318964116257 -0.86985820659830437 -0.00052882077906799983 -1.0000000180025095e-35 0.34904100529100507 1.7142461792773291 -0.37655172664964781 -0.0030742982540147997
decision_type=2 10 2 10 10 10 10 2 2 2 10 8 2 2 2 10 10 2 10 10 10 10 8 2 8 10 2 10 10 10
left_child=11 6 3 -3 5 -5 8 -8 -2 -10 -9 12 -1 14 17 16 -16 18 -14 20 21 -15 23 -13 25 -24 -25 -28 29 -26
right_child=1 2 -4 4 -6 -7 7 10 9 -11 -12 22 13 19 15 -17 -18 -19 -20 -21 -22 -23 24 26 28 -27 27 -29 -30 -31
leaf_value=-6.8525854673010958e-06 0 0 0 -0.00036046526277666298 0 0 0 -0.00038594210784587824 0.0003556300809829744 0 0 0.00010507724995865403 -9.7690273441006581e-05 0.00015461772551114873 -0.00038120027943671568 0 0 0 0.00016113011309379829 -5.6602751544243624e-05 3.4040039295064577e-05 -5.7864110333438228e-05 0 8.6254352063759908e-06 0 -0.00046364123169459031 -2.4426478146912082e-05 -0.00023655573010981508 1.1064122618849963e-06 -0.00026395033138227177
leaf_weight=3035 236 54 72 91 31 23 144 32 36 25 23 217 27 460 68 154 26 1057 239 110 855 26 39 864 20 40 569 98 253 66
leaf_count=3035 236 54 72 91 31 23 144 32 36 25 23 217 27 460 68 154 26 1057 239 110 855 26 39 864 20 40 569 98 253 66
internal_value=0 -3.6262e-05 -0.000113049 -0.000171641 -0.000230469 -0.0002928 0 -6.72836e-05 5.46188e-05 0.000207665 -0.000237622 3.14726e-06 1.178e-05 3.21469e-05 2.95727e-06 -8.74225e-05 -0.000240457 2.36835e-05 0.000116042 6.03026e-05 7.36239e-05 0.000132955 -1.86846e-05 -1.05355e-06 -8.04375e-05 -0.000259387 -1.93678e-05 -6.31198e-05 -2.39264e-05 -0.000155557
internal_weight=8990 767 271 199 145 114 496 199 297 61 55 8223 6057 3022 1571 248 94 1323 266 1451 1341 486 2166 1748 418 79 1531 667 339 86
internal_count=8990 767 271 199 145 114 496 199 297 61 55 8223 6057 3022 1571 248 94 1323 266 1451 1341 486 2166 1748 418 79 1531 667 339 86
is_linear=0
shrinkage=0.05


Tree=44
num_leaves=31
num_cat=0
split_feature=339 358 352 91 295 65 283 363 55 393 398 383 265 50 245 299 282 268 349 247 277 351 378 315 277 49 264 374 334 19
split_gain=0.000430081 0.000749099 0.000699783 0.000620843 0.000563907 0.000731556 0.00158738 0.00479453 0.00107248 0.00133654 0.00156242 0.00117961 0.000968491 0.000874264 0.000964956 0.000936028 0.000854061 0.000727831 0.00100875 0.000932595 0.000679619 0.000649596 0.000697864 0.000636398 0.000586327 0.000529314 0.00120832 0.000478235 0.000477364 0.000456749
threshold=-0.28768207245179361 0.0013135429039787003 0.021516103550457352 0.34914836660195053 -0.11622630264596208 0.31664307481555171 -0.0016838791999352497 0.0044053148410778007 -0.060605483438130194 -0.72157371401195236 -0.0011017591777782497 0.092866291323346603 -0.19041276291816842 -0.87547598142693583 -0.59789330554179754 0.18543598713061496 -0.0034638676295300494 1.7217644153583078 -0.048877123223993992 -0.93588430562136771 -1.1861049354313653 -0.0025874724682167496 -0.0056274410878450485 -0.005279475109283999 -1.136391708905828 1.5898679579016752 -0.075903309509177189 -0.40546510810816389 -0.00068446280367009981 -0.097060375419510583
decision_type=8 10 10 2 8 2 10 10 2 2 2 10 10 2 10 10 10 8 10 8 10 10 10 10 10 2 10 10 10 2
left_child=1 2 3 -1 29 13 7 -7 12 11 -11 -10 20 14 15 16 -6 25 19 -19 -8 24 -23 -20 -16 27 -27 -15 -17 -2
right_child=4 -3 -4 -5 5 6 8 -9 9 10 -12 -13 -14 17 21 28 -18 18 23 -21 -22 22 -24 -25 -26 26 -28 -29 -30 -31
leaf_value=0 0 0 0 0.00029533669925111441 0 -0.00070959520194562758 0.00033630898325429857 0 0.00016737025244871199 0 -0.00024131098763388541 -0.00011888146487577777 0 -8.2457834041332363e-05 -3.8541159140714254e-05 -0.00010497176040115237 0.00021638501296974952 0 6.496762172002044e-05 -0.00018892071436120414 0 0 -0.00016184974823829369 -8.0757766402569201e-05 0.00012078135311117846 0 0.00017993412270597583 -6.7964442519163244e-07 7.7305567909718498e-05 0.00015392413554770362
leaf_weight=28 108 165 55 71 36 35 41 36 85 132 165 47 210 190 37 55 189 42 165 193 43 62 106 137 137 157 131 5933 98 101
leaf_count=28 108 165 55 71 36 35 41 36 85 132 165 47 210 190 37 55 189 42 165 193 43 62 106 137 137 157 131 5933 98 101
internal_value=0 5.67394e-05 0.000137183 0.000216604 -2.35047e-06 -4.91256e-06 -5.05991e-05 -0.000282828 -2.08431e-05 -7.58247e-05 -0.000138607 2.75843e-05 4.23826e-05 0 5.2258e-05 0.000107617 0.000172768 -5.61604e-06 -6.16079e-05 -0.000139276 0.000187274 0 -7.84542e-05 0 5.81806e-05 -1.45249e-07 6.51733e-05 -4.03515e-06 0 7.74243e-05
internal_weight=8990 319 154 99 8671 8462 794 71 723 429 297 132 294 7668 720 378 225 6948 537 235 84 342 168 302 174 6411 288 6123 153 209
internal_count=8990 319 154 99 8671 8462 794 71 723 429 297 132 294 7668 720 378 225 6948 537 235 84 342 168 302 174 6411 288 6123 153 209
is_linear=0
shrinkage=0.05


Tree=45
num_leaves=31
num_cat=0
split_feature=237 350 393 246 339 246 229 373 237 39 341 88 53 297 357 200 339 19 342 66 17 385 313 310 365 345 52 299 206 377
split_gain=0.000415456 0.000918857 0.00079934 0.00177627 0.000793133 0.00106867 0.00103025 0.0010934 0.00079152 0.000834821 0.000866301 0.000707017 0.00068011 0.00176539 0.000966174 0.000803736 0.000781198 0.0014954 0.00201395 0.000921633 0.00117186 0.000935355 0.000770694 0.000520832 0.000547687 0.000532805 0.000567132 0.00050403 0.000590103 0.000585062
threshold=-0.55484624022628715 0.30898207326834098 -0.69457098302100395 -1.4082481825938744 -0.28768207245179361 -0.26875701756072551 1.7330617409195608 0.0036375661375660502 -0.87192928142605608 -1.3462659784663547 0.0013227513227510501 0.65244708994709011 -1.6589483157841098 -0.0040691040569317992 -0.013227513227512947 -0.4835253054813981 -0.018281193579154396 0.72201302173178206 0.037965514156095559 -0.90478308978315991 -0.8367323539439494 -1.8553048226420936 -0.0085374366927054978 -0.00058609316001039988 -0.054563492063492446 0.0099206349206344014 -0.47171799845177992 0.25854472815512602 0.77368408549350154 -0.25850483210322112
decision_type=10 10 2 10 10 10 10 10 8 2 10 2 2 10 10 10 10 2 10 2 2 8 10 10 10 10 2 10 10 10
left_child=8 4 -3 -4 5 6 7 -2 27 10 11 -10 13 -6 -15 -16 17 22 -19 20 -18 -21 -14 -11 -25 26 -26 -1 -29 -30
right_child=1 2 3 -5 12 -7 -8 -9 9 23 -12 -13 16 14 15 -17 19 18 -20 21 -22 -23 -24 24 25 -27 -28 28 29 -31
leaf_value=-7.8365917079520339e-06 0.00041655996348660446 0 -0.00042917899340771292 -2.4930023086542572e-05 -0.0001806104410243158 0 0 0 -0.00043778135358861579 2.1012904783064979e-05 0 0 -7.1054802588429121e-05 0 0.00033543867305281766 0 0.00019572102967171861 -0.00025020567767950169 7.7185012981310255e-05 -0.00011756273045242677 1.5060442477405915e-05 7.4040652500054929e-06 4.9758402055470467e-05 0 0 0 -0.00015903232498191327 0 0 0.00022595328918495851
leaf_weight=1124 60 103 44 163 30 77 33 21 43 260 84 37 227 24 87 57 149 159 38 153 422 4448 315 240 53 45 230 158 25 81
leaf_count=1124 60 103 44 163 30 77 33 21 43 260 84 37 227 24 87 57 149 159 38 153 422 4448 315 240 53 45 230 158 25 81
internal_value=0 6.18341e-06 -7.58768e-05 -0.000135166 1.10161e-05 0.000113179 0.000211823 0.000308034 -1.81714e-05 -5.26785e-05 -0.000162381 -0.000284705 7.00166e-06 9.90627e-05 0.000178826 0.000232523 3.07042e-06 -4.37351e-05 -0.000161679 1.07257e-05 7.09841e-05 2.1593e-06 0 -2.48951e-05 -5.47106e-05 -9.67261e-05 -0.000124692 2.89079e-06 6.74813e-05 0.000158869
internal_weight=8990 6610 310 207 6300 191 114 81 2380 992 164 80 6109 198 168 144 5911 739 197 5172 571 4601 542 828 568 328 283 1388 264 106
internal_count=8990 6610 310 207 6300 191 114 81 2380 992 164 80 6109 198 168 144 5911 739 197 5172 571 4601 542 828 568 328 283 1388 264 106
is_linear=0
shrinkage=0.05


Tree=46
num_leaves=31
num_cat=0
split_feature=50 202 341 381 14 219 279 273 208 264 25 266 251 254 19 66 295 356 222 23 382 216 209 397 358 31 331 356 398 76
split_gain=0.000408777 0.0011814 0.00124307 0.00114882 0.00112652 0.00101913 0.0015168 0.00107605 0.000815748 0.000752286 0.000720723 0.00081391 0.000764434 0.000496139 0.00114872 0.00135663 0.00169173 0.000916678 0.00123463 0.00157192 0.000909167 0.00085771 0.000929717 0.000855754 0.000742905 0.000697434 0.000850781 0.00117108 0.00096008 0.000609305
threshold=-1.5118022612375797 0.47681072169340355 -0.0033068783068780998 1.0000000180025095e-35 0.0021494708994708503 -0.58978361831265436 2.391196087707208 1.9971516745747258 -2.544464220158702 1.8717506326237943 0.047784391534391561 -0.47532979388147417 -0.89809343511614481 -0.63387295254106946 0.35994631834002955 -1.0972605337610346 -0.064362185392485935 -0.0027563332527194497 -1.4114145682880801 0.0028108465608465004 -1.5705773117630495 2.1219999839666523 1.8557031854407471 0.62561621269631307 0.046845487869168805 0.074074074074076013 0.0048690788704406013 0.017855468405143404 -0.0022007120873200497 1.5088972833397232
decision_type=2 10 10 10 2 10 10 10 10 10 2 10 10 10 2 2 10 10 10 2 10 10 10 2 10 2 10 10 2 2
left_child=1 2 4 5 -1 -4 7 -7 -3 -10 11 -5 -13 14 20 17 -17 18 -16 -20 -2 22 -18 24 -19 26 27 28 -15 -27
right_child=13 8 3 10 -6 6 -8 -9 9 -11 -12 12 -14 25 15 16 21 23 19 -21 -22 -23 -24 -25 -26 29 -28 -29 -30 -31
leaf_value=0 -9.1518664560320118e-05 0 0 -0.00031325562471017391 0.00030703239691231025 -3.3430261503141139e-05 0 -0.00068926843915502391 0.00031869729313948534 0 0.00023847456734741278 0.00028297413302811258 -3.4654537839368491e-05 0 0.00013723381267169413 8.1645662450898439e-05 -0.00025840139698583674 0.00030532402174380309 0 -0.00032648761285410485 1.9275439746995414e-05 0 0 0 0 4.0520952945756705e-06 0 0 -0.00033156720360457667 0.00010930391678863475
leaf_weight=36 225 25 33 21 52 33 23 27 77 36 31 23 51 54 22 37 239 58 21 70 1043 25 20 24 20 6231 133 72 81 147
leaf_count=36 225 25 33 21 52 33 23 27 77 36 31 23 51 54 22 37 239 58 21 70 1043 25 20 24 20 6231 133 72 81 147
internal_value=0 4.52225e-05 0 -6.46716e-05 0.000154211 -0.000182857 -0.000278163 -0.000412408 0.000168281 0.000229368 4.5418e-06 -1.93884e-05 0 -2.75421e-06 -2.63334e-05 -8.76953e-05 -0.000152978 0 -8.78116e-05 -0.000197194 0 -0.000201162 -0.000229448 0.000117915 0.00021347 2.83361e-06 -6.55429e-05 -0.000131624 -0.00021961 7.26355e-06
internal_weight=8990 468 330 242 88 116 83 60 138 113 126 95 74 8522 1804 536 321 215 113 91 1268 284 259 102 78 6718 340 207 135 6378
internal_count=8990 468 330 242 88 116 83 60 138 113 126 95 74 8522 1804 536 321 215 113 91 1268 284 259 102 78 6718 340 207 135 6378
is_linear=0
shrinkage=0.05


Tree=47
num_leaves=31
num_cat=0
split_feature=73 275 273 64 393 378 344 207 398 54 35 218 88 46 394 56 279 349 236 279 363 257 345 382 261 248 275 310 207 240
split_gain=0.000409259 0.000884352 0.00159345 0.00118339 0.00165049 0.00119398 0.000812487 0.000748758 0.00112471 0.00120937 0.00103766 0.000869091 0.00130395 0.000932751 0.000811364 0.00138042 0.00189792 0.000796796 0.000788928 0.000745106 0.000689412 0.000722164 0.000686722 0.000661001 0.000619236 0.000618537 0.000591091 0.00055504 0.00110779 0.00054835
threshold=-0.30323842069971091 0.29040139500085094 1.5167785136228251 -0.92936719002633539 -1.1978183700142828 -0.27486070488541486 0.069734458720874817 2.3129186683386087 0.00046405294534780005 0.14831349206349201 0.90294312169312219 2.2310253015748631 0.76620370370370405 0.15740740740740752 -0.040150583414809794 0.78885582010582012 1.8547877232462451 0.05544774717109386 -0.85980472102267214 0.40313569014793826 -0.73034338717441016 0.1589026714173459 0.0033068783068775504 1.1492137113978838 0.57084391728021078 1.0012760428417269 0.91622310543119267 -0.00066507827076894984 0.55700407017866016 -0.42965926890153255
decision_type=2 10 10 2 2 10 10 10 2 2 2 10 2 2 2 2 10 10 10 10 10 10 10 10 10 10 10 10 10 10
left_child=1 7 20 4 -4 -6 -2 11 -9 -10 -11 14 13 17 15 18 -17 -13 -1 -16 21 26 -21 -8 -25 27 -3 28 -22 -29
right_child=6 2 3 -5 5 -7 23 8 9 10 -12 12 -14 -15 19 16 -18 -19 -20 22 25 -23 -24 24 -26 -27 -28 29 -30 -31
leaf_value=-0.00010206092480856735 -2.9587698365999431e-06 0 0 3.5351034417109598e-05 0 0.00053554357499567063 -2.6615795842500979e-05 0 0 -0.00043246795971811961 0 0.00048691131702257169 0 0 0 -4.5388787164274687e-05 -0.00049255420767634387 0 2.5787611334616643e-05 0.00017824438655714972 7.1463937778894839e-05 0 0 -0.00048278756593394363 0 -9.2736685716847834e-05 -0.00035432429945738482 0 -0.00018970936963766199 0.00011493158375185461
leaf_weight=154 5973 24 37 183 27 58 178 66 29 55 23 41 70 22 264 173 37 20 552 141 91 40 61 23 20 64 35 133 64 332
leaf_count=154 5973 24 37 183 27 58 178 66 29 55 23 41 70 22 264 173 37 20 552 141 91 40 61 23 20 64 35 133 64 332
internal_value=0 1.57347e-05 5.14024e-05 0.000149539 0.000279703 0.000400918 -7.30884e-06 -4.06011e-06 -0.000104102 -0.000209211 -0.00031422 3.96392e-06 0.000118789 0.000255393 -5.13823e-06 -3.56083e-05 -0.00014817 0.000356196 0 4.40233e-05 6.77627e-06 -0.000106476 0.00011699 -0.00010221 -0.000298338 3.04901e-05 -0.000222618 5.12864e-05 -4.19088e-06 8.05262e-05
internal_weight=8990 2796 1088 305 122 85 6194 1708 173 107 78 1535 153 83 1382 916 210 61 706 466 783 99 202 221 43 684 59 620 155 465
internal_count=8990 2796 1088 305 122 85 6194 1708 173 107 78 1535 153 83 1382 916 210 61 706 466 783 99 202 221 43 684 59 620 155 465
is_linear=0
shrinkage=0.05


Tree=48
num_leaves=31
num_cat=0
split_feature=369 246 244 27 48 359 202 260 297 301 343 357 19 326 91 49 58 298 209 231 260 49 397 250 245 256 89 368 245 11
split_gain=0.000397347 0.000807645 0.000852701 0.00060022 0.000530093 0.000474871 0.000552617 0.000722757 0.000590474 0.000503914 0.000942357 0.00115209 0.000960792 0.00152685 0.00184971 0.000944814 0.000724801 0.000719407 0.000697727 0.00082064 0.000869785 0.00119365 0.00092336 0.000699253 0.000746577 0.00141212 0.000734267 0.00118721 0.000691926 0.000672053
threshold=-0.86475595563538576 1.3865781778347681 -0.093888761691787739 -1.0784093653590598 0.0098323704608496518 -0.068841227719630291 -0.81029969829204884 -0.85494310356700243 0.00084705417892740021 -0.0030852352355748495 0.012235449735449952 0.0036375661375660502 1.0016095670595402 0.023701270443991253 1.1736775696600203 0.084223231879501606 0.29782546215210653 0.0010787282878826001 -1.555773214168864 0.60491992209605638 -0.41770306469529711 -0.51042549031075779 0.06904342818030372 0.9630681845576462 -1.3396946008003916 0.026099345706906953 -0.82574435378196542 0.31999076106915753 -0.76176371368687523 0.27496693121693105
decision_type=8 10 10 2 2 8 10 10 10 10 10 10 2 10 2 2 2 10 10 10 8 2 2 10 10 10 2 10 10 2
left_child=1 2 -1 -4 -5 6 -2 -8 -9 10 12 -12 16 14 -14 -13 -7 -15 19 20 21 -11 -22 26 25 -25 27 -20 -26 -28
right_child=5 -3 3 4 -6 9 7 8 -10 18 11 15 13 17 -16 -17 -18 -19 23 -21 22 -23 -24 24 28 -27 29 -29 -30 -31
leaf_value=0 0 1.1929567268385573e-06 0 0 -0.00040610428553911054 0.00016215328199067458 0 0.00020429209855084889 0 0 0 -0.00031317960567467157 0 -0.00010316902998700373 0.00037183039757971413 0 3.0858624411793732e-06 0.00021418591164713298 0 2.2985231871422976e-05 -9.0524950529108754e-05 -0.00029910614914103442 1.496136677061153e-05 -0.00032485638088886162 0.00011379833420190543 0 9.1132795575782371e-06 0.00021635328463413424 -3.194687514201978e-05 -6.9676119652677552e-05
leaf_weight=112 92 197 28 21 48 85 36 141 55 63 164 61 39 65 94 36 1022 24 178 251 376 92 320 63 83 98 4010 110 742 284
leaf_count=112 92 197 28 21 48 85 36 141 55 63 164 61 39 65 94 36 1022 24 178 251 376 92 320 63 83 98 4010 110 742 284
internal_value=0 -4.85272e-05 -0.000119283 -0.000229334 -0.000309227 2.07752e-06 6.14598e-05 0.000105957 0.000150007 0 2.50356e-05 -5.36139e-05 4.42463e-05 0.000143424 0.000251005 -0.00019337 1.98296e-05 0 -6.28096e-06 -4.26788e-05 -6.79214e-05 -0.000184079 -3.48474e-05 2.54365e-08 -3.72193e-05 -0.00013936 9.13197e-06 8.70997e-05 -1.12121e-05 2.73635e-06
internal_weight=8990 406 209 97 69 8584 324 232 196 8260 1590 261 1329 222 133 97 1107 89 6670 1102 851 155 696 5568 986 161 4582 288 825 4294
internal_count=8990 406 209 97 69 8584 324 232 196 8260 1590 261 1329 222 133 97 1107 89 6670 1102 851 155 696 5568 986 161 4582 288 825 4294
is_linear=0
shrinkage=0.05


Tree=49
num_leaves=31
num_cat=0
split_feature=348 85 326 369 282 224 383 68 253 390 281 254 255 70 203 255 301 347 338 41 50 354 253 387 312 301 227 264 363 398
split_gain=0.000396813 0.000894251 0.000800962 0.00047259 0.00105593 0.00090447 0.000805442 0.000863486 0.000787823 0.000824046 0.00151237 0.000717805 0.000676724 0.000951135 0.000653457 0.000761373 0.000597128 0.000964045 0.000881349 0.0008302 0.00111155 0.00104033 0.000706509 0.000591161 0.000556452 0.000495324 0.000540809 0.000479038 0.000538884 0.000452547
threshold=0.34289179944102754 0.45412103362556555 0.022569753706999353 -0.20329945532254742 -0.0011494316361998498 0.64505990508508237 -0.16835149939358471 0.066964285714285712 -0.84126004690493394 3.7568331104154349 -0.19868696775331671 1.8670482842011682 -0.60677001174823242 0.7972883597883601 -0.89440813927079554 -1.0190081935363204 -0.0030852352355748495 0.013611503910535052 0.012235449735449303 0.39558368258646809 -1.3296251128147147 -0.011222620407590199 -0.013165435068149349 -0.10596313593179929 -0.0070923174959786487 -0.0029513830433448994 0.57938405828521333 0.087720126737978063 -0.033843447370090644 -0.00027954002777049993
decision_type=10 2 10 8 10 10 8 2 10 2 10 8 10 2 10 10 10 10 10 2 2 10 10 10 10 10 10 10 10 2
left_child=3 -2 -3 4 5 8 7 -5 -1 10 -10 16 13 23 -13 -16 17 18 -8 20 -18 -21 -19 -9 -6 27 -27 -7 -29 -28
right_child=1 2 -4 6 24 25 11 12 9 -11 -12 14 -14 -15 15 -17 19 22 -20 21 -22 -23 -24 -25 -26 26 29 28 -30 -31
leaf_value=0 0 0.00031210813656716357 0 0 7.7527986442761274e-05 0 8.5527376068933897e-05 0 0 0 -0.00022862525680801077 0 9.5033529031202603e-06 0 -0.0003403094256311401 0 0.00015289982858299542 0 -3.3939134614552301e-05 -6.9326362363023058e-05 1.9604158036832711e-06 0 -0.0001556461961683971 0.00036510542470187199 -1.378772614212696e-05 7.7797166531464278e-05 2.319944622961571e-05 0 -0.00033743403921980189 -0.00010076949730417539
leaf_weight=93 348 53 49 190 284 84 731 24 101 146 259 58 137 23 46 34 132 143 128 942 2814 1286 91 73 238 224 85 23 32 119
leaf_count=93 348 53 49 190 284 84 731 24 101 146 259 58 137 23 46 34 132 143 128 942 2814 1286 91 73 238 224 85 23 32 119
internal_value=0 4.55658e-05 0.000176208 -2.59509e-06 -2.6586e-05 -5.45602e-05 2.5857e-06 6.77215e-05 -9.78183e-05 -0.000123363 -0.000164649 -1.18044e-06 0.000127953 0.00022143 -0.000114223 -0.000207097 5.12748e-07 3.47858e-05 6.19037e-05 -5.76157e-06 1.04256e-05 -2.94088e-05 -4.33878e-05 0.000291777 2.63222e-05 -3.47855e-08 1.7302e-05 -8.93364e-05 -0.000204653 -2.46319e-05
internal_weight=8990 450 102 8540 1688 1166 6852 447 599 506 360 6405 257 120 138 80 6267 1093 859 5174 2946 2228 234 97 522 567 428 139 55 204
internal_count=8990 450 102 8540 1688 1166 6852 447 599 506 360 6405 257 120 138 80 6267 1093 859 5174 2946 2228 234 97 522 567 428 139 55 204
is_linear=0
shrinkage=0.05


Tree=50
num_leaves=31
num_cat=0
split_feature=385 378 276 71 366 245 285 359 199 228 35 254 245 348 32 40 50 376 91 348 291 12 386 66 241 75 279 209 379 315
split_gain=0.000384665 0.000858565 0.00107024 0.000923823 0.000725088 0.00097308 0.000819673 0.000661336 0.000986314 0.000811668 0.000681803 0.000535762 0.000562041 0.000644133 0.000526357 0.00110174 0.000503295 0.000741937 0.00070464 0.00224863 0.00320037 0.00183935 0.00173645 0.00143312 0.00268778 0.000591142 0.000656506 0.000634267 0.000467283 0.000465453
threshold=-1.7233832620203959 0.31390099657799747 -0.65523386848673471 0.83961640211640209 -0.37077317920451158 -1.513182457600365 -1.0000000180025095e-35 -0.043678008388884894 -0.63337436608480779 -0.63662853819767007 0.92642195767195801 -1.3857132221548529 -1.5871965924890474 -0.0066769434475725488 0.37251984126984106 -0.95125782803079939 1.5741382479881052 0.0096214966151990516 1.1468309827518051 0.0046417063792136516 -0.058891517828195891 0.0021494708994708503 -0.011177705542460599 1.4633202758419253 0.13507822224741603 0.87797619047619058 -0.79081357797899043 -2.3392040255831406 -0.27076047998775155 -0.030329652559006149
decision_type=10 10 10 2 10 8 10 10 10 10 2 8 10 10 2 2 2 10 2 10 10 2 10 2 10 2 10 10 10 10
left_child=1 4 3 -3 5 6 -1 8 9 -2 -11 12 13 -6 15 -13 18 28 29 20 21 -20 -22 24 -21 26 -19 -28 -18 -9
right_child=7 2 -4 -5 11 -7 -8 16 -10 10 -12 14 -14 -15 -16 -17 17 25 19 23 22 -23 -24 -25 -26 -27 27 -29 -30 -31
leaf_value=0.00046358524011697803 0 -0.00040824945185676204 0 0 0.00038676270447666778 0 0 2.2039916078525507e-05 0 0.00032279403620866427 0 0 -1.4101181464673433e-05 0 -9.591875197989698e-06 -0.00033805208422529485 0.00020717576336077485 0 0 0.00037672665037091194 -7.6121951175558386e-05 -0.00030019187551708992 0.00018059689899242959 0 2.1444351378737942e-05 0 0 -0.00024119982758450699 0 -9.9992691497645912e-06
leaf_weight=26 72 48 126 22 20 142 20 1405 296 76 34 23 97 21 177 53 28 61 34 122 79 128 160 122 154 22 24 133 64 5201
leaf_count=26 72 48 126 22 20 142 20 1405 296 76 34 23 97 21 177 53 28 61 34 122 79 128 160 122 154 22 24 133 64 5201
internal_value=0 -3.37932e-05 -0.000124335 -0.000285332 0 7.74151e-05 0.000277891 3.05181e-06 6.01513e-05 0.00015179 0.000237777 -4.18634e-05 8.73532e-06 0.00018432 -8.92102e-05 -0.000208678 0 -6.06517e-05 2.22212e-06 4.69202e-05 -2.65802e-05 -0.000206993 7.48319e-05 0.000133522 0.000196678 -0.000112497 -0.000143904 -0.000197981 2.02843e-05 -2.42789e-06
internal_weight=8990 775 196 70 579 188 46 8215 478 182 110 391 138 41 253 76 7737 332 7405 799 401 162 239 398 276 240 218 157 92 6606
internal_count=8990 775 196 70 579 188 46 8215 478 182 110 391 138 41 253 76 7737 332 7405 799 401 162 239 398 276 240 218 157 92 6606
is_linear=0
shrinkage=0.05


Tree=51
num_leaves=31
num_cat=0
split_feature=248 31 296 332 197 85 354 373 44 378 227 371 327 367 204 354 381 227 378 348 298 31 325 203 69 302 86 19 218 59
split_gain=0.000369058 0.000911835 0.000856921 0.000811588 0.00114747 0.00105168 0.00107002 0.0016125 0.00141358 0.00137204 0.00127642 0.00118613 0.00102878 0.000983859 0.00101332 0.00109088 0.000901068 0.000836847 0.000794765 0.000788779 0.00107949 0.00078411 0.00097999 0.000766701 0.000732089 0.000720535 0.000719961 0.00069743 0.000663919 0.000619302
threshold=0.78771253426859567 0.85912698412698396 -0.0030532373014549997 0.0057617662982509012 -1.6048716751570036 0.25011264913939507 0.010041516060110651 0.00132275132275125 0.77695105820105803 0.0072401169717385512 -0.51628952238701931 -0.57026025319905971 -0.16219762013569167 -0.40823412698412692 -1.4333526610131813 -0.14371623691977112 0.69308336814291083 1.3739661945187882 -0.75331401538008347 0.084340184420946915 -0.00046593895195199997 0.99421296296296313 -0.011927769763169198 -1.0856625868405714 1.5875809550910502 -0.017095953021228648 0.014880952380952351 0.86315293268756921 -0.37798237313077826 -0.51300178607636993
decision_type=8 2 10 10 10 2 10 10 2 10 10 10 10 10 10 10 10 10 10 10 10 2 10 10 2 10 2 2 10 2
left_child=3 -2 -3 5 13 -1 9 8 17 10 12 16 -7 27 15 -15 -11 -8 -12 -16 -21 22 26 -24 -25 -9 -4 -5 -27 -13
right_child=1 2 21 4 -6 6 7 25 -10 11 18 29 -14 14 19 -17 -18 -19 -20 20 -22 -23 23 24 -26 28 -28 -29 -30 -31
leaf_value=2.171480470143373e-06 2.9782215098103832e-06 7.1461382827647647e-05 0.00027013055954721584 -2.9062341959706561e-05 0 -0.00016713388432937752 0.00029286615191806718 0.00011624669258103661 0 -0.00033848800426495841 0 -0.00011265007562880141 6.7836901915503374e-05 0 0 -0.00043884879863520819 0 0 0.00020889968192731162 -0.00040139463861440996 0 0 0 -0.00020583031056347416 0 -0.00019162449402808563 -4.3498054445118115e-05 0.00027851002023247703 0 8.3616150417882841e-05
leaf_weight=4386 1487 73 20 35 849 74 187 90 43 57 56 64 109 20 118 58 39 32 168 32 20 136 81 304 35 61 176 22 53 105
leaf_count=4386 1487 73 20 35 849 74 187 90 43 57 56 64 109 20 118 58 39 32 168 32 20 136 81 304 35 61 176 22 53 105
internal_value=0 -1.72865e-05 -5.9868e-05 5.89072e-06 -3.09017e-05 1.44825e-05 5.75329e-05 0.000117091 0.000199404 8.78162e-06 7.28032e-05 -7.06755e-05 0 -0.000114081 -0.000160988 -0.000329167 -0.000211272 0.000252379 0.000154493 -5.42817e-05 -0.000217874 -7.92726e-05 -0.000104178 -0.000147474 -0.000180544 0 0 2.36398e-06 -7.15296e-05 0
internal_weight=8990 2312 825 6678 1154 5524 1138 466 262 672 407 265 183 305 248 78 96 219 224 170 52 752 616 420 339 204 196 57 114 169
internal_count=8990 2312 825 6678 1154 5524 1138 466 262 672 407 265 183 305 248 78 96 219 224 170 52 752 616 420 339 204 196 57 114 169
is_linear=0
shrinkage=0.05


Tree=52
num_leaves=31
num_cat=0
split_feature=73 346 23 322 206 358 267 292 197 383 200 215 361 81 88 249 77 39 219 348 383 276 356 249 387 388 249 343 399 230
split_gain=0.000365955 0.000846458 0.000787161 0.000773544 0.000753092 0.00130473 0.00071585 0.000784502 0.0010577 0.00098797 0.000693366 0.000866904 0.00068789 0.000911814 0.00181672 0.000775486 0.00081147 0.000866133 0.00102022 0.000787397 0.000934368 0.000835905 0.000656506 0.00123274 0.000654293 0.000646419 0.000644754 0.000622488 0.000755454 0.000724715
threshold=-0.30323842069971091 -0.0050125418235454485 0.0054563492063491505 -0.0081059947574715976 0.34477358890962012 0.016891472812349855 -0.46807285598741472 -0.00033068783068784991 -1.6394174375939776 -0.07433608146345029 0.41323979202045807 0.68969192309461735 -0.51983488650668408 0.51157407407407407 0.10945767195767202 2.3593492386115158 0.64864417989418011 0.8772676599090472 -1.2291036471640402 -0.030465788688783444 0.023551123359869103 0.13667439911479973 0.041122525013472307 2.64977103495896 0.13930079629713668 0.024497862386060953 1.8083639500645587 0.013888888888888501 -0.65518978283665164 1.9857213693439959
decision_type=2 10 2 10 10 10 10 10 8 10 10 10 10 2 2 10 2 2 10 10 10 10 10 10 10 2 10 10 2 10
left_child=1 12 3 -3 5 24 7 26 9 -9 11 -6 13 14 -1 16 19 18 -18 21 -21 -14 23 -17 -5 -7 -2 29 -29 -4
right_child=6 2 27 4 10 25 -8 8 -10 -11 -12 -13 15 -15 -16 22 17 -19 -20 20 -22 -23 -24 -25 -26 -27 -28 28 -30 -31
leaf_value=0 0 0 0 0.00014567028640585992 0.00033963826428912782 -0.00014773509272357092 -7.1521279016893561e-07 0 -2.9651107423620581e-05 -0.00033498491470400674 0 0 -0.0002033774068398451 0 -0.00038343424334278146 -0.00034155869624491263 0 0 0.00029856489666863726 0.00014074296773623025 -2.5472948275709037e-05 0 0 0 0 7.7256416291119086e-06 0.0002615117817417722 -0.00016283414464644569 0 0.00014328369609540049
leaf_weight=24 69 333 605 261 95 91 5671 35 316 78 78 31 92 55 61 55 48 46 78 126 159 64 32 31 52 74 25 116 83 106
leaf_count=24 69 333 605 261 95 91 5671 35 316 78 78 31 92 55 61 55 48 46 78 126 159 64 32 31 52 74 25 116 83 106
internal_value=0 1.50163e-05 3.46001e-05 6.48769e-05 9.53886e-05 4.61812e-05 -6.77598e-06 -6.29231e-05 -9.56732e-05 -0.000235903 0.000186111 0.000264214 -2.2525e-05 -0.000124216 -0.000228448 0 1.95257e-05 0.00011424 0.000187037 -6.09706e-06 3.04979e-05 -0.000104961 -0.000120153 -0.000197141 0.000111675 -4.77662e-05 3.33508e-05 0 -7.73023e-05 2.27014e-05
internal_weight=8990 2796 1925 1015 682 478 6194 523 429 113 204 126 871 140 85 731 613 172 126 441 285 156 118 86 313 165 94 910 199 711
internal_count=8990 2796 1925 1015 682 478 6194 523 429 113 204 126 871 140 85 731 613 172 126 441 285 156 118 86 313 165 94 910 199 711
is_linear=0
shrinkage=0.05


Tree=53
num_leaves=31
num_cat=0
split_feature=237 237 39 341 237 297 19 301 62 328 64 206 46 312 205 200 338 19 394 53 87 337 333 261 349 273 369 88 320 368
split_gain=0.000363675 0.000685659 0.000775465 0.000737417 0.00065692 0.00118161 0.00137331 0.000699752 0.0012682 0.000933642 0.000924381 0.000888742 0.000898873 0.00123642 0.00120871 0.000716371 0.000663158 0.000831857 0.000860369 0.000707927 0.000660311 0.00065631 0.000625912 0.00102029 0.000886584 0.000853947 0.000775156 0.0005921 0.000556013 0.000710309
threshold=-0.55484624022628715 -0.87192928142605608 -1.3462659784663547 0.0013227513227510501 -0.33773344466834404 9.1027090026507565e-05 0.16378481501111153 -0.0031436526769299997 0.66550925925925919 0.0020969618491880507 -0.34090276302376493 -1.1680917104150135 0.36582341269841251 -0.0036680470662717496 -1.6331830783227539 -0.45934440781359892 -0.046130952380952495 1.5964602659912333 -0.4384201532838819 -0.72040463320603088 0.060515873015873009 0.23510445943795419 -8.2671957671788166e-05 -1.0142581568652278 -0.050393793406906792 -0.15080539295658688 -0.028146597691591998 0.65244708994709011 0.013155487513294503 0.76937403279254146
decision_type=10 8 2 10 10 10 2 10 2 10 2 10 2 10 10 10 10 2 2 2 2 10 10 10 10 10 10 2 10 10
left_child=1 28 3 27 5 -2 -7 8 22 10 21 12 13 15 -15 -9 19 20 -19 -13 -18 -10 24 26 -6 -26 -24 -3 -1 -30
right_child=4 2 -4 -5 7 6 -8 11 9 -11 -12 16 -14 14 -16 -17 17 18 -20 -21 -22 -23 23 -25 25 -27 -28 -29 29 -31
leaf_value=1.8223168732180136e-05 0 -0.00040971954770921973 -2.1940872831358554e-05 0 -3.5625325783111986e-05 2.9948631787367477e-05 0.00029944137145972377 5.7253709849517866e-05 0.00034323517359051935 0 0 0 0 -0.0002824107809301886 0 -8.6637241379845559e-05 -8.3610047331243533e-05 0 0.00018153406552037874 -0.00017510976463015472 6.9542735022074344e-06 0 0 0 0 0.00018934358661135521 -0.00029122396882647446 0 -0.00014340005584395941 1.9053755724252022e-05
leaf_weight=1209 316 43 828 84 101 215 90 136 93 162 68 33 344 135 105 183 212 53 134 106 3488 21 35 305 72 142 61 37 134 45
leaf_count=1209 316 43 828 84 101 215 90 136 93 162 68 33 344 135 105 183 212 53 134 106 3488 21 35 305 72 142 61 37 134 45
internal_value=0 -1.67393e-05 -4.88905e-05 -0.000154388 6.05409e-06 5.50824e-05 0.000125931 1.34647e-07 3.77639e-05 0.000116651 0.000196292 -6.94388e-06 -5.20275e-05 -9.16058e-05 -0.000179699 -9.6241e-06 1.92718e-06 6.97806e-06 0.000110106 -0.000103274 4.11748e-07 0.000285915 0 -4.15772e-05 5.25881e-05 0.000117572 -0.000183732 -0.000268043 2.63887e-06 -7.46545e-05
internal_weight=8990 2380 992 164 6610 621 305 5989 1060 344 182 4929 903 559 240 319 4026 3887 187 139 3700 114 716 401 315 214 96 80 1388 179
internal_count=8990 2380 992 164 6610 621 305 5989 1060 344 182 4929 903 559 240 319 4026 3887 187 139 3700 114 716 401 315 214 96 80 1388 179
is_linear=0
shrinkage=0.05


Tree=54
num_leaves=31
num_cat=0
split_feature=264 379 302 49 59 328 35 79 244 78 261 207 366 46 320 379 253 80 91 386 268 89 66 217 215 307 351 32 73 274
split_gain=0.000366779 0.000833401 0.00136554 0.00100233 0.000964516 0.000863754 0.000828243 0.000815018 0.000753444 0.000804336 0.000701921 0.00069216 0.000811132 0.000661341 0.000643133 0.000678813 0.000630887 0.000836865 0.00130843 0.0011393 0.00103702 0.00126173 0.000799369 0.000640842 0.0011608 0.000880258 0.000473416 0.000457174 0.000450502 0.000993752
threshold=1.1688056133231148 0.21502745778698001 -0.013993066555031597 0.084223231879501606 0.939656099873866 -0.011387614267865099 0.98429232804232802 -0.97635535487498892 -1.0204340884703778 0.42204034391534412 -1.2089960417610024 -0.26688493488628162 1.6023481931033412 0.17344576719576701 1.0000000180025095e-35 -0.52458798637398785 1.7218956655191018 0.60333994708994709 1.0000000180025095e-35 0.07435616861818882 -0.032821754455748399 0.87598604600626462 1.3065238882745602 1.1036632488957674 -0.6158100871019957 -0.00033068783068784991 0.010974449748543601 0.36458333333333304 -0.30323842069971091 0.56657431145887804
decision_type=10 10 10 2 2 10 2 2 10 2 10 10 10 2 10 10 8 2 2 10 10 2 2 10 10 10 10 2 2 10
left_child=16 4 7 8 5 10 11 -3 -4 -10 13 -7 -13 -2 -6 -16 28 20 -19 -20 23 22 -22 24 -18 -26 -17 -12 29 -1
right_child=1 2 3 -5 14 6 -8 -9 9 -11 27 12 -14 -15 15 26 17 18 19 -21 21 -23 -24 -25 25 -27 -28 -29 -30 -31
leaf_value=0 0.00037384703247785847 0.00028119372136350116 0 0 1.7925850031309293e-05 0 -4.5213799225761842e-06 0 0 -0.00039556855721300014 -0.00025783334039943868 0.00021265744880488545 0 0 0 -0.00039713068150116929 0 -4.5076036936230094e-07 -0.00033726509299883948 0 0.00035083608841715482 0 0 5.2004653165222726e-05 0 -0.00032739677430251342 0 0 -6.1938438847302985e-06 8.5803485020600063e-05
leaf_weight=1182 21 34 27 87 48 103 39 136 40 60 24 282 43 20 20 30 125 203 87 45 56 58 20 51 36 69 22 124 5436 462
leaf_count=1182 21 34 27 87 48 103 39 136 40 60 24 282 43 20 20 30 125 203 87 45 56 58 20 51 36 69 22 124 5436 462
internal_value=0 2.62304e-05 -2.54477e-05 -0.000118449 5.82455e-05 8.5266e-05 0.000121799 6.22306e-05 -0.000208204 -0.00027177 0 0.000144987 0.00018167 0.000177549 -4.77823e-05 -0.0001609 -3.89448e-06 -4.75499e-05 -0.000106323 -0.000231167 0 0.000114314 0.000253923 -5.4671e-05 -0.000100067 -0.000222564 -0.000261533 -5.56822e-05 2.44365e-08 2.36259e-05
internal_weight=8990 1160 384 214 776 656 467 170 127 100 189 428 325 41 120 72 7830 750 335 132 415 134 76 281 230 105 52 148 7080 1644
internal_count=8990 1160 384 214 776 656 467 170 127 100 189 428 325 41 120 72 7830 750 335 132 415 134 76 281 230 105 52 148 7080 1644
is_linear=0
shrinkage=0.05


Tree=55
num_leaves=31
num_cat=0
split_feature=211 359 204 252 398 247 248 373 85 241 350 320 38 256 232 323 50 197 72 221 208 244 392 235 275 211 201 382 72 376
split_gain=0.000357008 0.000771034 0.00093137 0.000932615 0.00102951 0.00114608 0.000880828 0.00083307 0.000910179 0.000843008 0.000892642 0.00103268 0.00074967 0.000809904 0.00104411 0.00129718 0.000527126 0.00107996 0.000827358 0.00124921 0.000611819 0.00104034 0.00139371 0.0015571 0.00133021 0.000781577 0.000657005 0.000646415 0.000787692 0.000767633
threshold=-0.82642608117316907 -0.0075198070435995492 -1.9184025593767959 -0.043176662787241242 -0.0031610360920447996 0.58381966985952793 1.2510186582139882 -0.0016534391534391497 0.26292383191088559 1.0292405588614491 0.18492421800167194 0.034055201830107407 0.78717944817005114 0.14142319192007088 -1.0605113581384773 -0.76634009478131149 1.1240699184160701 -1.3461660096184727 1.0324413049550052 -1.4192783684683801 -1.3097646345338532 -1.0846726330920964 0.69831774589055085 -2.1695612491431007 -0.70051806827934426 -0.46194940710499149 -1.0815225626046232 -0.37287173265607915 -0.10304803590084999 0.014929797102003902
decision_type=8 10 10 10 2 10 10 10 2 10 10 10 2 10 10 10 2 10 2 10 8 10 2 10 10 10 10 10 2 10
left_child=1 2 -1 4 -4 6 -6 12 -9 10 11 -10 -3 14 -14 -16 20 18 19 -18 21 25 27 26 -25 -2 -24 28 -23 -29
right_child=16 7 3 -5 5 -7 -8 8 9 -11 -12 -13 13 -15 15 -17 17 -19 -20 -21 -22 22 23 24 -26 -27 -28 29 -30 -31
leaf_value=-4.5818229810170284e-05 -0.00023082317963529092 0 0 1.8792885618260129e-05 0.00039438554559598226 0 0 0 0.00025963397096044394 -1.1064387362794724e-06 0 0 0 0 0 -0.00038964135559392326 0 0 0 -0.00027864226888466096 -8.0637179554181924e-06 0 5.0047640845512904e-05 1.2137874749509712e-05 0.00023967144603738227 0 -0.00018013714062588043 0.00011588387867371682 -0.00021610446854647685 -4.0189851717811612e-05
leaf_weight=91 48 180 44 281 94 46 20 663 145 41 24 22 23 132 20 74 69 349 39 121 5409 83 27 156 239 177 52 162 68 91
leaf_count=91 48 180 44 281 94 46 20 663 145 41 24 22 23 132 20 74 69 349 39 121 5409 83 27 156 239 177 52 162 68 91
internal_value=0 1.91699e-05 6.75127e-05 9.9089e-05 0.000185132 0.000244477 0.000330116 0 2.55634e-05 0.000111013 0.000161233 0.000207569 -5.90798e-05 -0.000116346 -0.000214677 -0.000291701 -5.23445e-06 -5.1126e-05 -0.000135575 -0.000181747 -3.92624e-07 3.26903e-05 6.00923e-05 0.00011848 0.000162491 -5.20053e-05 -3.82915e-05 0 -8.95285e-05 3.9998e-05
internal_weight=8990 1900 576 485 204 160 114 1324 895 232 191 167 429 249 117 94 7090 578 229 190 6512 1103 878 474 395 225 79 404 151 253
internal_count=8990 1900 576 485 204 160 114 1324 895 232 191 167 429 249 117 94 7090 578 229 190 6512 1103 878 474 395 225 79 404 151 253
is_linear=0
shrinkage=0.05


Tree=56
num_leaves=31
num_cat=0
split_feature=348 76 277 369 253 244 281 375 235 383 68 254 387 345 343 203 58 199 237 72 58 321 256 372 91 87 376 237 203 245
split_gain=0.000361553 0.00080492 0.000797736 0.000442111 0.000994836 0.00113379 0.00172604 0.00182196 0.00121449 0.000669654 0.00077333 0.000628944 0.000598742 0.000681898 0.000578175 0.000573309 0.000577247 0.000508027 0.000452631 0.000765267 0.00168725 0.00103507 0.000656089 0.000926801 0.000440106 0.000486762 0.000435878 0.000424627 0.000414132 0.000661375
threshold=0.34289179944102754 0.3703546543081831 0.78215558610907654 -0.20329945532254742 -1.0466815362864195 -0.11110311282692419 -0.018769280997019896 -0.2218004438379417 -2.4524583448845627 -0.16835149939358471 0.066964285714285712 1.8670482842011682 -0.10596313593179929 0.0012400793650799503 -0.0019841269841277495 -0.89440813927079554 1.9048618078884452 -0.66230431353997721 -0.55484624022628715 0.22145345148162252 -0.40521642969460842 0.022140503213152803 -1.0000000180025095e-35 0.044070527114089909 -0.46883866091748494 0.7501653439153444 0.035843500210920608 -0.89014325487469648 0.12344973476761666 0.22900816203342783
decision_type=10 2 10 8 10 10 10 10 10 8 2 8 10 10 10 10 2 10 10 2 2 10 8 10 2 2 10 10 10 10
left_child=3 -2 26 4 24 17 14 -8 -9 10 28 18 -12 -14 -7 -13 -17 -6 22 21 -21 -20 23 -11 -1 -26 -3 -24 -5 -30
right_child=1 2 -4 9 5 6 7 8 -10 11 12 15 13 -15 -16 16 -18 -19 19 20 -22 -23 27 -25 25 -27 -28 -29 29 -31
leaf_value=0 0 0.000411708987356287 0 5.9017772914395078e-05 -3.9783709021422081e-05 8.3047904889982545e-05 3.8636451561423088e-05 0 -0.00021675828524816965 -3.8386793465354383e-05 0 0 2.8366106463126817e-05 0.0002817321492941256 -4.5409863555014509e-05 -0.00027674012683389786 0 4.4796416554245601e-05 6.0493386515530824e-06 0.00029329425984721437 2.4318083630779405e-05 -8.562128121636134e-05 2.8528761852440409e-05 -0.00034382275247443381 0.00023157008578993685 0 0 -3.8753467232178674e-05 -0.00018927260871777428 0
leaf_weight=53 370 35 23 92 303 135 70 32 363 461 54 58 118 85 249 58 22 394 3296 68 1100 337 577 34 65 24 22 394 66 32
leaf_count=53 370 35 23 92 303 135 70 32 363 461 54 58 118 85 249 58 22 394 3296 68 1100 337 577 34 65 24 22 394 66 32
internal_value=0 4.35399e-05 0.000189142 -2.43456e-06 -2.56554e-05 -3.95989e-05 -7.86948e-05 -0.00014347 -0.000188399 2.55653e-06 6.19295e-05 -8.07336e-07 0.000119119 0.00015916 0 -0.000106732 -0.000193737 8.5472e-07 7.2899e-07 8.91503e-06 4.42819e-05 -1.07999e-06 -2.26678e-05 -6.95304e-05 9.08865e-05 0.000159758 0.00029174 0 0 -8.53449e-05
internal_weight=8990 450 80 8540 1688 1546 849 465 395 6852 447 6405 257 203 384 138 80 697 6267 4801 1168 3633 1466 495 142 89 57 971 190 98
internal_count=8990 450 80 8540 1688 1546 849 465 395 6852 447 6405 257 203 384 138 80 697 6267 4801 1168 3633 1466 495 142 89 57 971 190 98
is_linear=0
shrinkage=0.05


Tree=57
num_leaves=31
num_cat=0
split_feature=385 78 326 15 204 59 54 73 351 359 199 228 35 241 73 292 356 64 321 258 62 397 49 329 362 19 65 264 298 206
split_gain=0.000355675 0.000754637 0.00122985 0.000821752 0.000643351 0.000727452 0.00075131 0.000608541 0.000591775 0.000547896 0.00087707 0.000702364 0.000543787 0.000499436 0.000483538 0.00096031 0.00117781 0.0011146 0.00104277 0.000855588 0.000616241 0.000888904 0.000875332 0.000758678 0.000580176 0.000940074 0.00110581 0.000655525 0.000893689 0.000434998
threshold=-1.7233832620203959 0.62094907407407407 -0.10493479486926924 0.031911375661375661 0.46005471466239173 0.43423297137610656 0.38864087301587374 0.57771188497914361 -0.040269054353945392 -0.043678008388884894 -0.63337436608480779 -0.63662853819767007 0.92642195767195801 1.0144708359030616 -1.9090376702397247 -0.00033068783068774995 0.069978995897475513 -0.66600651603980443 0.006824710541090101 0.12877418604053423 0.069609788359788358 -0.040861271139885594 1.2922175411117653 -0.016900119424882998 -0.061177248677248337 0.039221393622132554 0.26513703993043408 0.50266539720991743 0.00022208276670895001 -0.94556637550219058
decision_type=10 2 10 2 8 2 2 2 10 10 10 10 2 10 2 10 10 2 10 10 2 2 2 10 10 2 2 10 10 10
left_child=1 4 -3 -4 5 6 -1 13 -5 10 11 -2 -13 -8 15 16 17 18 -11 -17 21 -16 23 -23 25 -22 -27 29 -29 -26
right_child=9 2 3 8 -6 -7 7 -9 -10 14 -12 12 -14 -15 20 19 -18 -19 -20 -21 24 22 -24 -25 27 26 -28 28 -30 -31
leaf_value=0 0 0 0 0 -6.6595101280340257e-05 -6.9963415791948758e-05 0.00027423770182164858 0 -0.00038404394185248759 0 0 0.00029794301202217227 0 0 8.7783713100219017e-06 5.7124157818440469e-05 -1.1708397251660268e-06 0 0.00044736399381482969 -0.00022950002531794785 0 -1.4082382835847835e-05 1.3929523899147123e-05 -0.00024943197937205962 -2.8471540371719663e-05 0.00012534594585915756 -8.8939588655107948e-06 -8.3860260904331587e-05 2.3646949827999157e-06 9.6456227083990087e-06
leaf_weight=115 72 158 21 28 197 56 92 22 63 46 296 76 34 23 155 32 34 26 59 40 1084 117 37 126 940 402 144 584 403 3508
leaf_count=115 72 158 21 28 197 56 92 22 63 46 296 76 34 23 155 32 34 26 59 40 1084 117 37 126 940 402 144 584 403 3508
internal_value=0 -3.23584e-05 -9.99477e-05 -0.000226929 0 4.88178e-05 9.50643e-05 0.00017412 -0.000293118 3.07355e-06 5.50208e-05 0.000141383 0.000221381 0.000222104 0 7.01603e-05 0.000145392 0.000221542 0.000296202 -3.28608e-05 -2.35876e-06 -6.02715e-05 -0.000116336 -0.000156736 5.0009e-07 2.72934e-05 8.0791e-05 -6.61586e-06 -4.35919e-05 4.65753e-07
internal_weight=8990 775 270 112 505 308 252 137 91 8215 478 182 110 115 7737 237 165 131 105 72 7500 435 280 243 7065 1630 546 5435 987 4448
internal_count=8990 775 270 112 505 308 252 137 91 8215 478 182 110 115 7737 237 165 131 105 72 7500 435 280 243 7065 1630 546 5435 987 4448
is_linear=0
shrinkage=0.05


Tree=58
num_leaves=31
num_cat=0
split_feature=75 367 287 357 75 323 275 211 369 385 378 276 252 298 325 208 315 393 331 72 27 271 80 275 63 234 237 230 325 53
split_gain=0.000337797 0.000567834 0.00061012 0.000594908 0.000499923 0.000889751 0.000524643 0.000490426 0.000487842 0.000540979 0.0010254 0.00109846 0.000639766 0.000696655 0.000483476 0.000658416 0.000474246 0.000635056 0.000728245 0.000462413 0.000892333 0.000525433 0.000458751 0.00040566 0.000392169 0.000348233 0.000345773 0.000433483 0.000319213 0.000308425
threshold=0.87797619047619058 -0.39583333333333298 -0.0028985588421598994 0.0016534391534399502 0.83763227513227512 0.12285169218406612 -0.35008330277029936 0.32059165721039712 -0.89996147956708061 -1.7233832620203959 0.32282887664690313 -0.65523386848673471 0.97887816338035949 0.00075792924879195011 -0.21367088590643052 0.53535599611457818 -0.040639692176808247 -0.6257496194612997 0.016466764448761204 -0.58363551957576998 -0.20807084402857048 -1.1616616556693555 0.68667328042328057 -0.93721220257587157 0.34937169312169308 1.0078018660496888 -1.1176026333109033 -0.53880129230115725 -0.0090812146944621985 -0.21906573271696247
decision_type=2 10 10 10 2 10 10 10 8 10 10 10 8 10 10 10 10 2 10 2 2 10 2 10 2 10 10 10 10 2
left_child=4 -2 3 7 8 6 -6 -3 16 10 12 -12 13 -10 15 -11 -1 -18 23 20 -16 -21 -14 -19 -4 -9 -5 -28 -27 -7
right_child=1 2 24 26 5 29 -8 25 9 14 11 -13 22 -15 19 -17 17 18 -20 21 -22 -23 -24 -25 -26 28 27 -29 -30 -31
leaf_value=1.8097357411045936e-05 -4.082292734338948e-05 -8.1848700388315036e-06 -0.00012335936003102173 0 0 -2.4355304195599191e-05 -0.00022649327346211772 0 0 0.00028857868967753242 -0.00036457848395694706 -1.0094683331263624e-05 -0.00015887181165655833 0.00014410257592482095 0 0 0 0 0 8.1119858978273771e-05 -0.00012265912029230436 5.2298086206737332e-06 0 -0.00026731249558289868 1.3801589927705117e-05 0 0 0.00019207496215096874 0.00027362119464967115 0.00010808776689240585
leaf_weight=42 174 230 62 30 90 59 95 20 256 36 48 104 97 98 431 27 96 36 31 254 199 5791 33 95 186 34 50 184 39 63
leaf_count=42 174 230 62 30 90 59 95 20 256 36 48 104 97 98 431 27 96 36 31 254 199 5791 33 95 186 34 50 184 39 63
internal_value=0 2.72612e-05 4.74393e-05 7.61518e-05 -3.44201e-06 -6.61486e-05 -0.000138818 1.22007e-05 -2.81045e-07 1.60424e-06 -4.14766e-05 -0.000155076 0 2.88861e-05 6.41324e-06 0.000146825 -6.32675e-05 -9.58871e-05 -0.000156313 4.33678e-06 -3.48365e-05 9.24698e-06 -0.000100113 -0.000209996 -3.71384e-07 0.000116277 0.000135428 0.000156153 0.000170672 3.1199e-06
internal_weight=8990 1009 835 587 7981 307 185 323 7674 7374 636 152 484 354 6738 63 300 258 162 6675 630 6045 130 131 248 93 264 234 73 122
internal_count=8990 1009 835 587 7981 307 185 323 7674 7374 636 152 484 354 6738 63 300 258 162 6675 630 6045 130 131 248 93 264 234 73 122
is_linear=0
shrinkage=0.05


Tree=59
num_leaves=31
num_cat=0
split_feature=330 216 238 277 75 276 54 199 80 75 254 32 250 333 73 363 222 253 238 238 357 266 202 250 285 355 379 207 239 342
split_gain=0.000333546 0.000845036 0.000625468 0.00117963 0.00111805 0.000622823 0.0010124 0.000730688 0.000603409 0.000569278 0.000697182 0.000932761 0.00101656 0.00100488 0.000584949 0.00112074 0.00146767 0.000747586 0.000645532 0.000673802 0.000544379 0.000504318 0.000542931 0.000465483 0.000412756 0.000388006 0.000386424 0.000553001 0.000384161 0.000362456
threshold=0.11135189527993107 -0.56302375388125736 -2.1284998876220649 0.29444519570095357 0.45734126984127005 -0.81813604178464394 0.36301256613756661 -0.28032461527355784 0.64930555555555547 0.87797619047619058 -0.63387295254106946 0.36458333333333304 -0.88553310815605568 0.006283068783068951 -0.27558098468965847 -0.70593201351755364 -0.090280401297681834 0.44354429358454367 -1.6063833216958814 -1.0142027090478367 0.0033068783068773504 -0.25930990361782524 0.25972114777560396 0.23167057569297392 0.0007178752130519001 0.0076670646571001507 0.035060602910745704 -0.49177097719333762 -0.14957682589568858 -0.030050777154656445
decision_type=10 10 8 10 2 10 2 10 2 2 10 2 10 10 2 10 10 10 10 10 10 10 10 8 10 10 10 10 10 10
left_child=2 8 3 5 -5 6 -1 -7 -2 10 11 12 -4 -14 15 17 -17 -12 25 -20 26 23 -23 -13 -22 -16 28 -28 -11 -30
right_child=1 -3 9 4 -6 7 -8 -9 -10 20 14 21 13 -15 18 16 -18 -19 19 -21 24 22 -24 -25 -26 -27 27 -29 29 -31
leaf_value=0 -0.00035054079591363696 0 2.7846454494988694e-06 0 0.00048510592075781992 0 -0.00028685009024116286 0.00022929237004871267 0 0 0 0 -0.00016808885735796432 0 0 0 9.4516247693856597e-05 -0.00020191572291052844 9.9396923604339637e-05 -9.3679766829761502e-06 0.00010512594689556304 7.0692876649176815e-05 -2.2092749553420991e-05 -9.0650486651319294e-05 0 -0.00033143929834755889 0 0.00014548065936881616 0 -0.00012383244405868974
leaf_weight=80 36 157 120 32 31 102 36 56 24 188 65 294 331 85 24 862 709 79 143 4002 323 327 192 251 46 25 100 99 33 138
leaf_count=80 36 157 120 32 31 102 36 56 24 188 65 294 331 85 24 862 709 79 143 4002 323 327 192 251 46 25 100 99 33 138
internal_value=0 -6.12631e-05 1.47366e-06 6.84529e-05 0.000267748 4.30715e-06 -6.15202e-05 8.427e-05 -0.000220701 -6.10103e-07 -5.75204e-06 -3.51797e-05 -8.95821e-05 -0.000128237 1.3705e-06 2.66655e-05 4.11891e-05 -9.70036e-05 -7.78132e-06 -4.4071e-06 3.56442e-05 -3.06932e-06 2.67379e-05 -4.06268e-05 8.29365e-05 -0.000190789 0 5.99226e-05 -2.64458e-05 -8.41484e-05
internal_weight=8990 217 8773 337 63 274 116 158 60 8436 7509 1600 536 416 5909 1715 1571 144 4194 4145 927 1064 519 545 369 49 558 199 359 171
internal_count=8990 217 8773 337 63 274 116 158 60 8436 7509 1600 536 416 5909 1715 1571 144 4194 4145 927 1064 519 545 369 49 558 199 359 171
is_linear=0
shrinkage=0.05


Tree=60
num_leaves=31
num_cat=0
split_feature=248 31 332 355 32 344 280 295 324 377 355 241 224 58 205 320 299 382 215 328 208 66 235 59 344 378 351 376 301 373
split_gain=0.000334844 0.000819433 0.000716587 0.000918181 0.00119317 0.00086153 0.000847737 0.000734729 0.000755745 0.000730155 0.000684234 0.00102111 0.000887919 0.000678457 0.000654987 0.000693815 0.000951802 0.000709364 0.00064632 0.000621521 0.000585022 0.00176343 0.0014109 0.000989395 0.000901476 0.00103338 0.000960259 0.000522266 0.000521492 0.000569325
threshold=0.78771253426859567 0.85912698412698396 0.0057617662982509012 0.051005368091998605 0.37251984126984106 0.059525461435305758 1.7217644153584717 0.0011641448797944001 0.017053114009852152 -0.0043606402238070491 0.017181760137872003 -1.1052474849572154 -0.76726215680526588 0.67267096222439815 -0.88483398637065813 -0.013929399293759049 0.0021985839672550005 0.95106582303741127 -0.43711211656756871 -0.006421860176190999 -1.031469354105395 -0.92200487280130095 -1.7742894316973026 0.70082967217421721 -0.00033107105404434994 0.0019997286955619506 -0.019805519367230098 0.054085107502427059 -0.007576689412869899 -0.0082671957671950486
decision_type=8 2 10 10 2 10 10 10 10 10 10 10 10 2 10 10 10 10 10 10 8 2 10 2 10 10 10 10 8 10
left_child=2 28 7 10 5 6 -5 20 9 -9 18 -12 -13 -11 -3 -16 -17 -18 -4 -20 21 22 -1 -24 25 -23 -26 -10 29 -2
right_child=1 14 3 4 -6 -7 -8 8 27 13 11 12 -14 -15 15 16 17 -19 19 -21 -22 24 23 -25 26 -27 -28 -29 -30 -31
leaf_value=0 0 0 2.0292159630838809e-05 -0.00038950282357334587 -1.0463824526730327e-05 0 0 5.3925695092802906e-05 -6.2844829897250974e-05 0.00046974683820650317 0 0.00034888265724587921 0 0 0 -1.1825116815351584e-05 -0.00030247089580223463 0 0 -0.00014885163860852256 0 8.2377773765445662e-06 0.00033159572640240417 0 0.00016680228837842202 -0.00015073748904371824 0 7.435064901006515e-05 -3.8809643616655057e-06 0.00014917625562445617
leaf_weight=38 31 358 314 69 245 24 21 184 119 34 49 51 37 22 138 160 111 58 195 149 4182 153 110 38 133 155 205 151 1334 122
leaf_count=38 31 358 314 69 245 24 21 184 119 34 49 51 37 22 138 160 111 58 195 149 4182 153 110 38 133 155 205 151 1334 122
internal_value=0 -1.64214e-05 5.65585e-06 -2.88204e-05 -9.51931e-05 -0.000233297 -0.00030468 1.37637e-05 7.20638e-05 0.000137485 0 0.000102744 0.000213081 0.000322325 -5.67988e-05 -9.5939e-05 -0.000135405 -0.000222759 -2.00029e-05 -7.13098e-05 6.83517e-06 4.51574e-05 0.000181127 0.000255032 0 -5.55605e-05 6.20701e-05 0 2.62039e-06 9.19293e-05
internal_weight=8990 2312 6678 1154 359 114 90 5524 510 240 795 137 88 56 825 467 329 169 658 344 5014 832 186 148 646 308 338 270 1487 153
internal_count=8990 2312 6678 1154 359 114 90 5524 510 240 795 137 88 56 825 467 329 169 658 344 5014 832 186 148 646 308 338 270 1487 153
is_linear=0
shrinkage=0.05


Tree=61
num_leaves=31
num_cat=0
split_feature=348 76 277 360 260 19 341 260 352 274 261 362 326 73 299 208 344 12 388 277 44 388 256 57 373 39 208 370 355 373
split_gain=0.000318797 0.000706108 0.000739454 0.000461549 0.000367894 0.000803583 0.00112226 0.00125443 0.00137449 0.00131767 0.000763145 0.000579729 0.000838583 0.000608912 0.00055629 0.000569493 0.000503518 0.000490216 0.000804347 0.000933637 0.000891352 0.000889095 0.00100366 0.000648018 0.000852174 0.000857893 0.000529994 0.000513933 0.0011688 0.000455709
threshold=0.34289179944102754 0.3703546543081831 0.78215558610907654 0.00247252097932985 -0.28327519458720735 0.019604410490453205 0.01653439153439205 -1.4418087073829204 -0.020321170444381396 0.48343197020825784 -1.2451318757592909 0.26388888888888912 0.021625834579699455 0.48019137685243857 -0.30432176597610489 -1.2900630152703891 -0.0057595581436849994 0.28389550264550306 -0.09928456246592203 -0.75305477108530006 0.20254629629629603 0.080571063106034763 1.8269997529712005 -0.33091158461703146 -0.0033068783068780998 0.77650378475180015 -1.0723977590903393 0.12979962334798853 0.054325372192059608 0.0046296296296296511
decision_type=10 2 10 10 10 2 10 10 10 10 10 10 10 2 8 8 10 2 2 10 2 2 10 2 10 2 10 10 8 10
left_child=4 -2 3 -3 5 14 7 10 29 -10 -7 17 13 -13 -1 -16 -8 23 19 20 -19 22 -20 24 -6 -26 -23 -25 -29 -9
right_child=1 2 -4 -5 11 6 16 8 9 -11 -12 12 -14 -15 15 -17 -18 18 21 -21 -22 26 -24 27 25 -27 -28 28 -30 -31
leaf_value=-6.5750857592436626e-05 0 0.00038575044189525034 0 0 0 0.00030575023484163456 0 3.4512852461876605e-05 -0.00026663816964445168 0 0 0.00024982087066728598 0 0 0.0001615640043975319 0 0.0002373864948991918 0 -0.00018606420790757955 -1.8025032732993963e-05 0.00035176485518862566 4.8757818248106364e-05 0 7.8081755848699659e-06 0.00034683247065699541 0 -0.00010010740823637246 0 -0.00017384767168321459 -0.000189522582850356
leaf_weight=282 370 37 23 20 30 22 28 109 210 65 43 82 111 50 61 1197 31 40 220 136 38 169 84 4849 50 20 92 363 130 28
leaf_count=282 370 37 23 20 30 22 28 109 210 65 43 82 111 50 61 1197 31 40 220 136 38 169 84 4849 50 20 92 363 130 28
internal_value=0 4.08972e-05 0.000177305 0.000276541 -2.27403e-06 -2.09138e-05 -7.37644e-05 -0.000104689 -0.00014112 -0.000205726 4.9283e-05 2.93911e-06 7.86863e-05 0.000165119 0 1.16638e-05 9.14041e-05 0 -3.71157e-05 3.02707e-05 0.000178414 -7.14879e-05 -0.000129638 5.28967e-06 0.000132278 0.000235323 0 1.9741e-06 -4.52581e-05 0
internal_weight=8990 450 80 57 8540 2076 536 477 412 275 65 6464 243 132 1540 1258 59 6221 779 214 78 565 304 5442 100 70 261 5342 493 137
internal_count=8990 450 80 57 8540 2076 536 477 412 275 65 6464 243 132 1540 1258 59 6221 779 214 78 565 304 5442 100 70 261 5342 493 137
is_linear=0
shrinkage=0.05


Tree=62
num_leaves=31
num_cat=0
split_feature=350 67 346 237 257 32 333 356 339 246 229 319 346 229 277 301 85 44 363 197 370 363 76 318 54 46 88 324 296 59
split_gain=0.000325162 0.000708659 0.000784291 0.000482844 0.000666588 0.00114922 0.000987073 0.000777654 0.000593603 0.000845311 0.000786891 0.000964856 0.000561883 0.000870975 0.00136598 0.000657329 0.000839513 0.000884488 0.000675073 0.00103225 0.00091709 0.000359408 0.000850094 0.000718442 0.000685727 0.000800372 0.000590717 0.00055944 0.000348834 0.000302573
threshold=0.30898207326834098 0.72164304749426955 0.034070580133379706 -0.55484624022628715 -0.33024851337846423 0.37251984126984106 -0.0052910052910049498 0.052418424161360812 -0.28768207245179361 -0.26875701756072551 1.7330617409195608 -0.010370084328340398 0.090442614644508354 -1.0712959737135357 0.29444519570095357 -0.0029513830433448994 -0.11262971418059099 0.63111772486772511 -0.65440226506675969 -1.5934364924607392 0.34019261823608543 0.078288649670265817 0.067555920741601952 -0.079887953339647697 0.67410714285714268 0.0057870370370370012 0.59490740740740755 0.10750144045397762 0.0030757830441699506 0.63513191477093411
decision_type=10 2 10 10 10 2 10 10 10 10 10 10 10 10 10 10 2 2 10 10 10 10 2 10 2 2 2 10 10 2
left_child=3 2 -2 4 5 6 -1 28 9 10 11 -5 15 14 -14 16 -10 -18 19 -17 -20 22 -6 -23 25 -24 27 -25 -8 -7
right_child=1 -3 -4 8 21 29 7 -9 12 -11 -12 -13 13 -15 -16 18 17 -19 20 -21 -22 23 24 26 -26 -27 -28 -29 -30 -31
leaf_value=0 -0.00028337980705384357 0 0 0 -4.5139561638807108e-06 0 -0.0003410248017718851 0 0 0 0 0.00037262318847250983 -0.0004482007411634268 0 0 -0.00023637833832186638 0.00012824867863582836 0 1.8743478288085313e-06 0 0.00015688935381186604 0 0 -0.00026373472792229737 0 0.00018777440143553754 0 0 0 -9.578866335129372e-05
leaf_weight=54 56 379 20 21 570 556 89 21 570 77 33 60 33 166 34 73 397 151 4383 202 100 391 30 73 97 179 35 26 20 94
leaf_count=54 56 379 20 21 570 556 89 21 570 77 33 60 33 166 34 73 397 151 4383 202 100 391 30 73 97 179 35 26 20 94
internal_value=0 -4.12048e-05 -0.00018285 2.1708e-06 -1.70046e-05 -5.26504e-05 -0.000166085 -0.000240834 9.76732e-06 9.84474e-05 0.000186423 0.000270466 6.17469e-06 -6.73348e-05 -0.000219548 9.94155e-06 4.4573e-05 8.87811e-05 7.52499e-07 -7.39353e-05 6.45091e-06 6.485e-07 2.35542e-05 -2.80465e-05 9.2157e-05 0.000143636 -0.000128351 -0.000192858 -0.000294932 -1.2828e-05
internal_weight=8990 455 76 8535 2235 834 184 130 6300 191 114 81 6109 233 67 5876 1118 548 4758 275 4483 1401 876 525 306 209 134 99 109 650
internal_count=8990 455 76 8535 2235 834 184 130 6300 191 114 81 6109 233 67 5876 1118 548 4758 275 4483 1401 876 525 306 209 134 99 109 650
is_linear=0
shrinkage=0.05


Tree=63
num_leaves=31
num_cat=0
split_feature=248 369 56 79 265 332 197 20 365 310 235 279 85 354 329 219 331 65 62 34 245 350 281 210 217 30 222 73 294 93
split_gain=0.000314595 0.000731583 0.000855729 0.000841005 0.000639741 0.000633854 0.000882905 0.00114373 0.0010079 0.000916933 0.001672 0.00120338 0.000834341 0.000925048 0.00113526 0.00140488 0.00117318 0.00158338 0.000771155 0.000881806 0.000751127 0.0017868 0.000730107 0.000716631 0.000704643 0.000623458 0.000595397 0.000575799 0.000624679 0.000695365
threshold=0.78771253426859567 -0.19088412450393441 0.79910714285714313 0.76516569276888313 -0.72196866976119123 0.0057617662982509012 -1.6048716751570036 -0.94996086049688289 0.41220238095238104 0.00091940678415850018 0.3565756413524685 1.184363374693256 0.25011264913939507 0.010041516060110651 0.0024580185556529505 0.20385454109954129 -0.012455403054319849 0.53811678743106772 0.6681547619047622 0.5459656084656086 -1.513182457600365 -0.044391377197636042 1.5831852403079572 0.065188133612987156 -1.7229980834950795 -0.49833877766118245 0.13055604710157187 1.3321129942555154 -0.00033068783068784991 0.40240782360328203
decision_type=8 8 2 2 10 10 10 2 10 10 10 10 2 10 10 10 10 2 2 2 10 10 10 10 10 2 10 2 10 2
left_child=5 2 -2 -4 25 12 8 -8 9 10 -7 -12 -1 14 16 -16 17 -14 20 -20 21 -15 -10 -21 -17 -3 -22 28 -6 -30
right_child=1 4 3 -5 27 6 7 -9 22 -11 11 -13 13 18 15 24 -18 -19 19 23 26 -23 -24 -25 -26 -27 -28 -29 29 -31
leaf_value=1.9208214165344118e-06 -6.3895952050742154e-06 0 -0.00026310378700607369 0 -3.5157042208954548e-05 -3.4805393170881238e-05 0.00018027937492893559 -1.9356055405061956e-05 -2.2365499165377686e-05 0 0 -0.00064294404683020638 0.00024660107357262357 0 0 -0.00059641283918409585 0 -5.2307344143207013e-05 -0.00012558378152321354 0.00025108613053063868 0 0.00033842355730906166 0.00027366821271987125 0 0 -0.00017191899230121181 0.00015803928622136083 -6.2792833413710404e-05 0 7.2511724113237292e-05
leaf_weight=4386 324 113 96 68 273 100 79 770 48 71 26 36 128 23 73 20 399 31 65 47 107 115 24 34 21 102 75 205 421 710
leaf_count=4386 324 113 96 68 273 100 79 770 48 71 26 36 128 23 73 20 399 31 65 47 107 115 24 34 21 102 75 205 421 710
internal_value=0 -1.60395e-05 -7.04681e-05 -0.000166512 0 5.35724e-06 -2.69802e-05 0 -9.99404e-05 -0.000154489 -0.000220141 -0.000438017 1.30182e-05 5.13919e-05 5.6551e-06 -0.000128223 4.19835e-05 0.0001569 0.000106604 0 0.000150235 0.000251217 7.20698e-06 0.000120511 -0.000362075 -8.23594e-05 4.6114e-05 9.33811e-06 2.34348e-05 4.2e-05
internal_weight=8990 2312 488 164 1824 6678 1154 849 305 233 162 62 5524 1138 672 114 558 159 466 146 320 138 72 81 41 215 182 1609 1404 1131
internal_count=8990 2312 488 164 1824 6678 1154 849 305 233 162 62 5524 1138 672 114 558 159 466 146 320 138 72 81 41 215 182 1609 1404 1131
is_linear=0
shrinkage=0.05


Tree=64
num_leaves=31
num_cat=0
split_feature=211 67 48 19 387 207 276 384 245 215 208 208 19 379 348 275 378 371 398 334 345 349 91 253 261 86 346 364 323 338
split_gain=0.000319801 0.000736949 0.00068169 0.00158906 0.000792544 0.000822612 0.000975454 0.00079667 0.000680145 0.000504258 0.000456913 0.000995889 0.000794082 0.00126296 0.00136566 0.00092624 0.000765907 0.00073976 0.00122397 0.00101046 0.000734885 0.000922882 0.000633082 0.000605041 0.00060817 0.000490693 0.000441675 0.000682983 0.000506094 0.000661224
threshold=-0.82642608117316907 0.14724281191712676 -0.35721317589737345 0.95335719684167908 0.0010732876501252503 0.096778902708662504 -1.0272035667907673 -0.064444050497175123 -1.4632423595236086 -1.9140470292062919 -1.3097646345338532 -1.5901701999929962 0.61109025803892714 -0.15952864414355863 0.0079271429978795532 -0.89983584078705758 1.2981355039885798 -0.51126466051863384 -0.00031569297082304995 -0.0075055384536863992 0.0033068783068775504 -0.26444743986479019 -0.26121903347082792 0.25745659750147604 1.0296603970081961 0.55142195767195923 0.0065898116663442004 -0.00076434807293544987 -0.19290498975482148 0.00033068783068695003
decision_type=8 2 2 2 10 10 10 10 10 8 8 10 2 10 10 10 10 10 2 10 10 10 2 10 10 2 10 10 10 10
left_child=1 -1 3 -3 26 8 -7 -8 -6 -2 11 16 -12 23 15 -15 17 18 -11 -19 21 -13 -23 24 -14 -16 28 -28 29 -4
right_child=9 2 4 -5 5 6 7 -9 -10 10 12 20 13 14 25 -17 -18 19 -20 -21 -22 22 -24 -25 -26 -27 27 -29 -30 -31
leaf_value=0.00021905404351863118 5.6355092146711348e-05 -4.5621558518287702e-06 0.00018951648601863024 -0.00044022776622178335 -0.00011824618587537059 0 0 0.00023421018046607272 4.5792381445629136e-05 1.7785184812247073e-05 -7.6547850256463236e-06 0 0.00015382448355258729 0 -0.00011268532394409937 -0.00027831384802680197 -0.00015494522500822931 0.00016797194686856874 -0.00015563292583307527 0 0 0 0.00025003919609611317 -0.00010193142331632398 0 3.8398237415730691e-05 -0.00020001769907688441 0 -9.4787747569960202e-06 0
leaf_weight=47 297 408 83 24 68 50 72 175 375 193 4971 20 107 47 84 153 78 133 151 423 67 32 137 50 39 108 68 128 320 82
leaf_count=47 297 408 83 24 68 50 72 175 375 193 4971 20 107 47 84 153 78 133 151 423 67 32 137 50 39 108 68 128 320 82
internal_value=0 1.78153e-05 1.00013e-05 -4.04335e-05 2.88542e-05 6.53072e-05 0.000131975 0.00017553 9.30751e-06 -5.26367e-06 -8.69456e-06 1.69771e-05 -1.52928e-05 -7.13514e-05 -0.000125032 -0.000218387 -1.06121e-06 6.7362e-06 -4.38297e-05 4.70151e-05 0.000105386 0.000157343 0.000203295 1.0522e-05 8.33e-05 -1.69696e-06 -3.41973e-06 -7.20157e-05 1.40035e-05 8.98077e-05
internal_weight=8990 1900 1853 432 1421 740 297 247 443 7090 6793 1234 5559 588 392 200 978 900 344 556 256 189 169 196 146 192 681 196 485 165
internal_count=8990 1900 1853 432 1421 740 297 247 443 7090 6793 1234 5559 588 392 200 978 900 344 556 256 189 169 196 146 192 681 196 485 165
is_linear=0
shrinkage=0.05


Tree=65
num_leaves=31
num_cat=0
split_feature=385 59 250 383 322 306 394 37 350 89 399 372 80 376 370 65 19 53 62 299 269 19 397 354 50 265 327 331 91 368
split_gain=0.000312751 0.000733953 0.000850884 0.000979149 0.00108872 0.000846095 0.000820489 0.000704818 0.000563367 0.000559904 0.000627755 0.000568907 0.000515261 0.000514338 0.000562003 0.00070287 0.000644049 0.000566451 0.000521559 0.000792129 0.000560267 0.000945798 0.000516947 0.000493255 0.00043382 0.000702622 0.000770447 0.00063175 0.000512398 0.00145512
threshold=-1.7233832620203959 0.47716208203086158 -0.24536735624760045 0.29751521205007209 -0.015984838571464145 0.00041858520653135004 -0.046269534962164287 -0.49322817932125995 -0.045799094304826343 1.0489266505573254 -0.9431703130603073 -0.032487349905611897 0.70403439153439162 -0.083369517326877793 -0.0064976643082759996 -0.29960567685632244 -0.23456481830197148 0.68222166581386057 0.27033730158730207 0.081932564661039167 -0.1623958898484765 0.39951602191526853 -0.037395754794959095 0.095912681214877157 1.5741382479881052 0.16299511627349864 -0.16247125222241746 0.010704614497971951 1.1468309827518051 -0.04180242745203179
decision_type=8 2 10 10 10 10 2 2 10 2 2 10 2 8 10 2 2 2 2 10 10 2 2 10 2 10 10 10 2 10
left_child=1 2 3 4 -1 8 9 -3 -6 10 -4 -12 -9 14 15 16 -2 -18 19 23 21 -20 -17 -16 28 26 -26 -28 -15 -30
right_child=13 7 6 -5 5 -7 -8 12 -10 -11 11 -13 -14 24 18 22 17 -19 20 -21 -22 -23 -24 -25 25 -27 27 -29 29 -31
leaf_value=-3.5435379614117785e-05 1.6467497804063833e-10 0 0 -1.9836366148961873e-05 0 0 1.6516609338831975e-05 -0.00028729929050159324 0.00036363396095172524 0 0 -0.00030479913321414096 0 -4.6146507251766774e-06 0.00020646565482465153 -0.00011177379455521806 0.00027841163103097547 0 0 0 5.278522134762308e-06 -0.0003181389886201445 7.4584150641597669e-05 0 0 0 -0.00029369783995443065 0 0.00012223419006012151 -1.3671769614924233e-05
leaf_weight=21 109 26 67 110 30 33 119 68 72 68 23 82 35 5845 104 61 96 22 142 154 524 38 95 27 53 174 74 20 316 382
leaf_count=21 109 26 67 110 30 33 119 68 72 68 23 82 35 5845 104 61 96 22 142 154 524 38 95 27 53 174 74 20 316 382
internal_value=0 -3.1244e-05 -5.48877e-07 5.84868e-05 0.000145723 0.000210918 -5.8219e-05 -0.000141115 0.000282103 -0.000116091 -0.000164121 -0.00024298 -0.000205002 2.35651e-06 3.06196e-05 8.34142e-05 0.000139553 0.000226015 5.11296e-06 6.5526e-05 -1.22486e-05 -9.10089e-05 0 0.000156342 -2.56476e-06 -5.93146e-05 -0.000140075 -0.000226144 0 4.07023e-05
internal_weight=8990 754 625 266 156 135 359 129 102 240 172 105 103 8236 1372 383 227 118 989 285 704 180 156 131 6864 321 147 94 6543 698
internal_count=8990 754 625 266 156 135 359 129 102 240 172 105 103 8236 1372 383 227 118 989 285 704 180 156 131 6864 321 147 94 6543 698
is_linear=0
shrinkage=0.05


Tree=66
num_leaves=31
num_cat=0
split_feature=350 67 346 237 257 32 80 357 88 315 357 32 393 366 295 357 317 335 298 50 388 246 340 378 279 331 199 387 250 67
split_gain=0.000297931 0.000650803 0.000713635 0.000451466 0.000596131 0.00102458 0.000726846 0.000546692 0.000550702 0.000515501 0.000693772 0.000868849 0.00103156 0.00070779 0.000665673 0.000843473 0.000796708 0.000781552 0.000773525 0.00101138 0.000658628 0.000544002 0.000757382 0.00083158 0.000711314 0.000532877 0.000647476 0.000432531 0.00065475 0.000414786
threshold=0.30898207326834098 0.72164304749426955 0.034070580133379706 -0.55484624022628715 -0.33024851337846423 0.37251984126984106 0.027943121693121704 -0.039351851851850944 0.28935185185185203 -0.015316640201842749 0.0080191798941799015 0.6456679894179892 1.8534588730588857 1.6410716982557121 -0.0011764711310139999 0.00074404761904695016 -0.06041689679721584 -0.060688906853244941 -0.0010887357889658997 -0.17533451118943297 -0.024230592725868149 -2.0527645978064997 -0.0086100286254679487 0.79722335213083462 2.2227917994215187 -0.0020150848754260996 -1.0083619239649291 -0.018450444109233449 -0.64227390858737943 0.81541742136196105
decision_type=10 2 10 10 10 2 2 10 2 10 10 2 2 10 10 10 8 10 10 2 2 10 10 10 10 10 10 10 10 2
left_child=3 2 -2 4 5 6 -1 -8 -9 14 21 12 13 -12 25 16 17 -16 -17 -20 -18 22 24 -24 -11 26 -5 28 -27 -13
right_child=1 -3 -4 9 -6 -7 7 8 -10 10 11 29 -14 -15 15 18 20 -19 19 -21 -22 -23 23 -25 -26 27 -28 -29 -30 -31
leaf_value=0 -0.00027145062000684237 0 0 0.00029491535857495053 0 -1.2448786686629087e-05 0 0 -0.00029372055075681838 2.6883254570075845e-05 -0.00015066723573031214 0.00018251007901941849 8.2542837949950825e-05 0 -0.0002059649559225991 0 0 0 0.00022939435821332489 5.2781732836431175e-05 0.00011432928548406228 0 0.00019843503782389135 0 -0.00028081971937864262 0 8.8186176610228963e-06 0 -0.00016050868840228815 -1.8823116102483347e-06
leaf_weight=22 56 379 20 29 1401 650 20 36 106 49 344 31 39 26 59 103 145 305 170 376 238 2827 140 30 22 204 234 508 121 300
leaf_count=22 56 379 20 29 1401 650 20 36 106 49 344 31 39 26 59 103 145 305 170 376 238 2827 140 30 22 204 234 508 121 300
internal_value=0 -3.98486e-05 -0.000175716 1.61167e-06 -1.69453e-05 -5.05589e-05 -0.000157948 -0.000198855 -0.000233938 8.9888e-06 -1.35857e-06 -4.58702e-05 -9.54772e-05 -0.000127769 2.68063e-05 4.97465e-05 6.02773e-06 -3.89802e-05 9.23552e-05 0.000116959 6.18534e-05 7.74908e-06 8.00311e-05 0.000142161 0 0 5.94697e-05 -2.19585e-05 -6.75408e-05 3.35795e-07
internal_weight=8990 455 76 8535 2235 834 184 162 142 6300 3808 740 409 370 2492 1396 747 364 649 546 383 3068 241 170 71 1096 263 833 325 331
internal_count=8990 455 76 8535 2235 834 184 162 142 6300 3808 740 409 370 2492 1396 747 364 649 546 383 3068 241 170 71 1096 263 833 325 331
is_linear=0
shrinkage=0.05


Tree=67
num_leaves=31
num_cat=0
split_feature=248 397 348 282 229 31 84 323 59 346 301 332 197 20 62 39 64 200 85 344 378 198 298 25 244 331 246 364 30 338
split_gain=0.000290096 0.000727718 0.000689726 0.000851846 0.00154291 0.00108545 0.000815505 0.000771999 0.000911914 0.000719589 0.000629366 0.000580287 0.000789969 0.00102759 0.000802717 0.000904113 0.000846147 0.000768212 0.000698991 0.000753482 0.00122193 0.00110742 0.00110456 0.00106789 0.00104471 0.00111693 0.000918562 0.000894846 0.000663547 0.000594024
threshold=0.78771253426859567 -0.085782701068738823 0.0035154620143010504 -0.0013716688856249498 -1.351482576011876 0.19014550264550253 0.64666005291005313 -0.012377875032730449 0.65897016480447668 -0.0050125418235454485 -0.007576689412869899 0.0057617662982509012 -1.6048716751570036 -0.94996086049688289 0.61127645502645511 -1.8277441843285998 -0.13616829075648448 -0.76498042730071403 0.25011264913939507 0.00047904368423295004 0.0078235496747794016 0.56763687044182676 -0.0011326660432198997 0.029927248677248702 0.52619990197763056 0.0083082195938742019 0.5818641117600124 -0.0073806179111975496 -1.6556573315386049 0.00033068783068695003
decision_type=8 2 10 8 10 2 2 10 2 10 10 10 10 2 2 2 2 10 2 10 10 10 10 2 8 10 10 10 2 10
left_child=11 10 3 4 -3 -6 -7 8 -4 -9 -2 18 14 -14 16 -16 17 -13 -1 20 24 23 -21 -22 25 -20 27 -24 -26 -17
right_child=1 2 7 -5 5 6 -8 9 -10 -11 -12 12 13 -15 15 29 -18 -19 19 22 21 -23 26 -25 28 -27 -28 -29 -30 -31
leaf_value=1.9448674557428077e-06 9.6062306354772106e-05 0 0.00011144834475561424 -1.3339592800722002e-06 0 -0.00036161424639923208 0 -0.00017224702158696805 -0.00011856865019741814 0 -3.0127011797920589e-06 -0.00040413553145224318 0.00017031436303570355 -1.8880477236600792e-05 0.00019333990881962795 0 0 -5.7286921908417045e-05 0.00020909426403249829 -2.3490815876701272e-05 -0.00024301690480455965 8.1054690227980267e-05 1.0599723201088839e-05 0 8.9153941518653018e-05 0 0 0.00023119927446330364 -9.2231182231761804e-05 -0.00025614102940276276
leaf_weight=4386 176 104 212 265 24 113 40 97 35 183 1063 52 79 770 42 41 48 89 162 84 110 49 123 86 79 57 49 218 121 33
leaf_count=4386 176 104 212 265 24 113 40 97 35 183 1063 52 79 770 42 41 48 89 162 84 110 49 123 86 79 57 49 218 121 33
internal_value=0 -1.56786e-05 -4.65607e-05 -8.61248e-05 -0.000148272 -0.000238065 -0.000288589 0 5.85853e-05 -6.21491e-05 7.03234e-06 4.84684e-06 -2.60646e-05 0 -9.5094e-05 0 -0.000158753 -0.000220834 1.22099e-05 4.73759e-05 4.70374e-06 -7.52125e-05 9.65929e-05 -0.000139798 6.33699e-05 0.000140007 0.000135274 0.000166313 0 -9.62573e-05
internal_weight=8990 2312 1073 546 281 177 153 527 247 280 1239 6678 1154 849 305 116 189 141 5524 1138 664 245 474 196 419 219 390 341 200 74
internal_count=8990 2312 1073 546 281 177 153 527 247 280 1239 6678 1154 849 305 116 189 141 5524 1138 664 245 474 196 419 219 390 341 200 74
is_linear=0
shrinkage=0.05


Tree=68
num_leaves=31
num_cat=0
split_feature=330 216 80 238 277 299 374 378 263 203 254 66 354 254 342 73 364 376 365 247 91 331 200 376 21 347 331 20 375 316
split_gain=0.00028916 0.000734201 0.000660243 0.000538604 0.00102126 0.00138387 0.000678953 0.000754737 0.000719561 0.00100854 0.000481889 0.000828893 0.000656851 0.000694496 0.000658404 0.00062624 0.000609078 0.000882834 0.000855148 0.000740331 0.000787354 0.00059711 0.000593134 0.000586151 0.00052741 0.000589576 0.000507093 0.000430357 0.000417224 0.00040702
threshold=0.11135189527993107 -0.39660020476829211 0.64930555555555547 -2.1284998876220649 0.29444519570095357 0.025963413304107754 0.13318644607755334 0.0029915513438700503 -0.66097566498362015 1.3602104864903801 -0.63387295254106946 -0.78079116303453444 0.012664636560138552 -1.0085853125446553 0.067072611259700765 0.53239351650778366 0.010541661122767502 -0.0061580195715617491 -0.32440476190476208 0.072003360488309659 -0.12113040695701043 0.0069692947213113006 -0.81675311289725305 -0.053762217318511142 1.8896297981642203 -0.0055367026114465489 0.0019378485891484002 1.2833983641536701 0.016477227426954202 0.0083084553909114501
decision_type=10 10 2 8 10 10 10 10 10 10 10 2 10 10 8 2 10 10 10 10 2 10 10 10 2 10 10 2 10 10
left_child=3 2 -2 4 6 -6 7 -1 -9 -10 11 16 14 21 15 -13 19 22 -19 20 -5 -14 -18 24 25 -12 -21 -15 -26 -25
right_child=1 -3 -4 10 5 -7 -8 8 9 -11 23 12 13 27 -16 -17 17 18 -20 26 -22 -23 -24 29 28 -27 -28 -29 -30 -31
leaf_value=-1.0003748940314539e-06 -0.00028130173372780456 0 0 0 0.00049438200796998526 0 -0.00022435252329129803 0 0.00033939957058351939 0 0 -0.00019692390356504036 -0.00029007314999322911 0.00012159470847911113 0 -1.6240131314777632e-05 6.4180507856755333e-05 0 -0.00022616396963793517 8.0530586643312558e-05 0.00028146696418395573 0 -2.6315341844164244e-05 3.5828335623130395e-06 2.5447795531049566e-05 0.00010849256869222141 -0.0001399942653411582 0 -0.00010722463415910263 -4.007445799701272e-05
leaf_weight=140 53 132 32 62 30 33 24 21 58 31 200 205 34 97 44 151 259 25 90 47 64 30 600 5193 153 374 49 85 82 592
leaf_count=140 53 132 32 62 30 33 24 21 58 31 200 205 34 97 44 151 259 25 90 47 64 30 600 5193 153 374 49 85 82 592
internal_value=0 -5.74175e-05 -0.000173145 9.04256e-07 6.3175e-05 0.000248519 2.24268e-06 4.40688e-05 0.000146792 0.00021637 -9.91354e-07 -2.40724e-05 -6.97098e-05 0 -0.000109323 -0.000134353 0 -1.64525e-05 -0.000146513 7.52909e-05 0.000157041 -0.00014654 0 4.69823e-06 4.46208e-05 7.14331e-05 0 4.44478e-05 0 -2.11014e-08
internal_weight=8990 217 85 8773 337 63 274 250 110 89 8436 1842 646 246 400 356 1196 974 115 222 126 64 859 6594 809 574 96 182 235 5785
internal_count=8990 217 85 8773 337 63 274 250 110 89 8436 1842 646 246 400 356 1196 974 115 222 126 64 859 6594 809 574 96 182 235 5785
is_linear=0
shrinkage=0.05


Tree=69
num_leaves=31
num_cat=0
split_feature=211 67 302 248 279 234 58 348 19 68 249 388 381 397 337 249 261 254 306 323 292 249 374 65 19 375 383 246 253 398
split_gain=0.000283273 0.000650441 0.00066903 0.00083965 0.000935264 0.000688039 0.00057856 0.000699317 0.000803016 0.000562524 0.000553014 0.000654998 0.000806619 0.000476758 0.000433738 0.000909041 0.00142623 0.00154869 0.00127122 0.000888008 0.00153854 0.000747016 0.00108814 0.00105727 0.00103494 0.00114278 0.00123574 0.000558364 0.00115688 0.00147375
threshold=-0.82642608117316907 0.14724281191712676 -0.0045458213002613984 0.33688448447813707 2.0883072153139235 0.095544321520740508 1.4497866108017201 -0.013451333793738248 -0.012261549959121447 0.73958333333333248 0.481280029946346 0.18166360589426941 1.7228294560994843 0.29668054438717356 0.0018159826257813001 2.0033746912896557 -1.487533952231189 -1.3512153883102889 0.00033456006601220001 -0.49755141587058088 -0.00033068783068784991 1.3826203674265043 0.011080530805828052 0.038434185459380307 1.0427878280171401 -0.16956676038906524 0.07691010378290182 -1.6119116664684969 -0.013165435068149349 -0.00096107573108929992
decision_type=8 2 10 10 10 10 2 10 2 2 10 2 10 2 10 10 10 10 10 10 10 10 10 2 2 10 10 8 8 2
left_child=1 -1 3 4 5 -3 7 -4 -9 -7 -5 12 -12 -6 27 21 17 -17 19 -18 -21 24 23 -23 -16 -26 -27 28 29 -2
right_child=14 2 6 10 13 9 -8 8 -10 -11 11 -13 -14 -15 15 16 18 -19 -20 20 -22 22 -24 -25 25 26 -28 -29 -30 -31
leaf_value=0.00020591647776596112 0.00026763497362865604 0 0 5.3771698338169264e-05 0 0.0001890955950116581 1.1118147143980723e-05 -1.8075414102681689e-05 -0.00025498314144582328 0 -0.00021007598888355073 6.3816369155295718e-08 0 0.00043496094131279531 -6.0256588440962839e-06 0.00039298625317118633 0 -3.8171920006105943e-05 -2.0069677413698402e-05 0 -0.00049497966493272801 1.6218111327948467e-05 -2.6620366880541303e-05 0.00037188215741897328 0 -0.00038153573174842104 0 -3.1006476452754445e-06 0 0
leaf_weight=47 111 266 188 139 23 115 606 167 81 47 105 56 27 33 1488 24 20 104 131 25 66 103 83 47 24 63 33 4249 425 94
leaf_count=47 111 266 188 139 23 115 606 167 81 47 105 56 27 33 1488 24 20 104 131 25 66 103 83 47 24 63 33 4249 425 94
internal_value=0 1.66178e-05 9.10739e-06 4.4776e-05 8.76771e-05 4.80705e-05 -1.38575e-05 -6.00312e-05 -0.000115677 0.000129283 -3.44448e-06 -7.23356e-05 -0.000140877 0.000300633 -5.08685e-06 -2.36958e-05 -9.64035e-05 3.8819e-06 -0.000170079 -0.000301936 -0.000368169 -6.36295e-06 7.28253e-05 0.000161144 -2.09504e-05 -0.000164227 -0.000251863 2.32163e-06 4.68218e-05 0.000144348
internal_weight=8990 1900 1853 811 484 428 1042 436 248 162 327 188 132 56 7090 2211 370 128 242 111 91 1841 233 150 1608 120 96 4879 630 205
internal_count=8990 1900 1853 811 484 428 1042 436 248 162 327 188 132 56 7090 2211 370 128 242 111 91 1841 233 150 1608 120 96 4879 630 205
is_linear=0
shrinkage=0.05


Tree=70
num_leaves=29
num_cat=0
split_feature=86 86 85 73 199 380 370 237 369 353 316 208 225 260 19 236 64 354 248 77 238 199 211 76 19 88 228 380
split_gain=0.000275605 0.00086119 0.00133732 0.000525402 0.00046477 0.000638448 0.000566786 0.000382981 0.000508995 0.00035243 0.000849907 0.00102753 0.00139471 0.00047734 0.00114445 0.00147446 0.000551185 0.000901421 0.000739635 0.000458134 0.00032557 0.000298493 0.000297762 0.000282009 0.000208363 0.000165339 0.000250332 0.000170134
threshold=0.0056216931216930511 0.014880952380952351 0.37113726182379508 0.32300063923006456 -2.2958608289923572 -0.020091541649626198 0.0194572202035737 0.93066058138488372 0.16237602906455853 0.17384541259759362 -0.028622125686889946 -1.2900630152703891 1.7381284805174122 -0.28327519458720735 -0.059718762984434792 -0.60428413476835752 -0.82824773863720835 -0.022768582862860095 0.94813081274110911 0.33878968253968256 0.59740146802437877 -0.71462099527356882 0.48296023566845242 0.17080923224896202 -0.12917681676025011 0.012235449735449752 -1.6859133998515181 0.0280574306869967
decision_type=2 2 2 2 10 10 10 10 10 8 10 10 10 10 2 10 2 10 10 2 10 10 10 2 2 2 10 10
left_child=7 2 25 -4 5 -3 -7 8 24 13 11 12 -11 14 23 -16 17 -15 -18 -13 22 -22 -12 -6 -1 -2 -27 -28
right_child=1 4 3 -5 9 6 -8 -9 -10 10 20 19 -14 16 15 -17 18 -19 -20 -21 21 -23 -24 -25 -26 26 27 -29
leaf_value=0 -9.8008695647291738e-05 0 0.00046049366136461587 0 -1.1652275176764914e-05 -0.00040024391619017581 0 0 0 0.00040623459673075368 5.062368465898751e-05 -2.5460301564273881e-05 0 0.00010572455219137786 -0.00021086462630782828 -1.8638459089361368e-05 5.9930066075512414e-06 0 -4.340031040417434e-05 7.5415194806483128e-05 0 -0.00014352702756085381 -3.2695451455269203e-05 4.3842819288868645e-05 -0.00031745883778196453 0 0.00021565219711234 0
leaf_weight=20 26 59 32 20 1043 26 22 44 23 53 236 130 45 328 171 415 3904 576 922 222 60 76 143 293 34 21 26 20
leaf_count=20 26 59 32 20 1043 26 22 44 23 53 236 130 45 328 171 415 3904 576 922 222 60 76 143 293 34 21 26 20
internal_value=0 6.06301e-07 0.000121731 0.000324716 -8.35136e-07 -0.000104431 -0.000239721 -7.52509e-05 -0.000145989 0 2.88965e-05 8.03997e-05 0.000231912 -3.135e-06 -2.50351e-05 -8.32891e-05 3.33861e-06 3.95451e-05 -2.40818e-06 2.39629e-05 -6.40623e-06 -7.76883e-05 5.99719e-06 0 -0.000232152 0 4.92323e-05 0.00013078
internal_weight=8990 8869 145 52 8724 107 48 121 77 8617 965 450 98 7652 1922 586 5730 904 4826 352 515 136 379 1336 54 93 67 46
internal_count=8990 8869 145 52 8724 107 48 121 77 8617 965 450 98 7652 1922 586 5730 904 4826 352 515 136 379 1336 54 93 67 46
is_linear=0
shrinkage=0.05


Tree=71
num_leaves=31
num_cat=0
split_feature=60 235 362 333 34 229 343 69 78 207 20 348 383 369 282 28 261 352 238 234 365 28 70 298 244 65 64 85 376 308
split_gain=0.000278476 0.000554299 0.000504449 0.000344113 0.000505129 0.000519422 0.000379271 0.000817075 0.000648287 0.000566603 0.000578688 0.000427278 0.000850625 0.000524621 0.000958879 0.000831003 0.000499395 0.000496845 0.000487703 0.000411614 0.000406802 0.000350636 0.000338167 0.000283018 0.000318807 0.000274868 0.000415544 0.000172182 0.000229352 0.00020745
threshold=0.023644179894179902 0.83945656816172154 -0.020171957671957844 -0.047288359788359394 0.39814814814814897 1.9693327337074151 0.039682539682539507 -0.33512575443982667 0.97668650793650802 -0.93356379665570965 1.2394350961102603 0.34289179944102754 -0.026400381773557698 -0.20329945532254742 -0.0011419605284339498 0.47470238095238104 1.2075928780957754 -0.067063309070146196 -0.34734298705107003 -1.6346710857133513 0.27364417989418005 0.37384259259259306 0.24173280423280405 -0.00082383501257084983 -0.12784019445717207 -0.45700949986646444 0.22881520629315302 -0.33065847527694042 0.085355662237115715 -0.017568990050522645
decision_type=2 10 10 10 2 8 10 2 2 10 2 10 10 10 10 2 8 10 10 10 10 2 2 10 10 2 2 2 10 10
left_child=1 2 -1 4 -2 22 11 8 9 -8 -11 13 17 14 15 -5 18 -13 -15 -19 -16 -18 -6 24 -9 -24 -27 28 -14 -29
right_child=3 -3 -4 6 5 -7 7 23 -10 10 -12 12 27 16 20 -17 21 19 -20 -21 -22 -23 25 -25 -26 26 -28 29 -30 -31
leaf_value=-0.00029597552392955352 0 0 0 -9.1431618881580219e-05 0 0 0 0 0 -0.00042126994400844866 0 0 -0.00010440000321642217 3.2622477345156831e-05 5.7121812086922479e-05 0 -5.789812589487005e-05 0 0 0.00019881483120914368 -3.2560967278388022e-05 9.1560576673820527e-06 0 0.00012531538184296954 -0.00015727007779350118 0.00027362518233254955 0 0 0 8.981583274573216e-05
leaf_weight=38 84 100 31 645 24 38 26 45 21 42 21 27 84 1666 358 427 503 20 4045 138 120 135 24 42 34 80 24 38 35 75
leaf_count=38 84 100 31 645 24 38 26 45 21 42 21 27 84 1666 358 427 503 20 4045 138 120 135 24 42 34 80 24 38 35 75
internal_value=0 -6.39129e-05 -0.000173351 7.85402e-07 5.61543e-05 0.000105781 -4.05257e-07 -6.39392e-05 -0.000164725 -0.000227419 -0.000308996 7.5908e-07 5.0436e-05 -1.23106e-06 -2.77879e-05 -5.56093e-05 4.46516e-06 0.000131228 9.84772e-06 0.000167387 2.41471e-05 -3.58746e-05 0.000150076 0 -2.42219e-05 0.000182598 0.000218243 0 -5.36851e-05 2.77667e-05
internal_weight=8990 169 69 8821 274 190 8547 231 110 89 63 8316 417 7899 1550 1072 6349 185 5711 158 478 638 152 121 79 128 104 232 119 113
internal_count=8990 169 69 8821 274 190 8547 231 110 89 63 8316 417 7899 1550 1072 6349 185 5711 158 478 638 152 121 79 128 104 232 119 113
is_linear=0
shrinkage=0.05


Tree=72
num_leaves=31
num_cat=0
split_feature=385 277 337 328 366 276 245 325 359 9 239 277 219 16 83 58 338 62 372 14 208 268 376 79 368 287 386 326 220 289
split_gain=0.000298985 0.000641652 0.000672629 0.000616472 0.000798606 0.000563583 0.000507615 0.000462443 0.000452454 0.000862512 0.000776018 0.000625966 0.00064915 0.000437479 0.000370545 0.000363516 0.000359622 0.000358884 0.000348151 0.000327387 0.000320698 0.000838648 0.00134666 0.000743601 0.000801374 0.00117585 0.000615833 0.00082636 0.00107257 0.00103484
threshold=-1.7233832620203959 -0.71122083167899153 0.014761228248910551 0.027611411606986852 -0.40609690296621154 0.1084940039211915 0.58658876765010703 -0.013752079767372548 -0.045432629549890087 1.3270059601162103 -0.92906261955483893 0.68880165627615841 -0.73674483248130163 -1.5053426069379514 0.0049603174603174002 1.6254252393908353 0.0033068783068781007 0.49652777777777807 -0.023512821047654897 0.0054563492063491505 -1.3097646345338532 -1.3091213307911622 0.038914933983805106 -1.5921704294981349 -0.32948527273919698 -0.0070923174959786487 0.11095488073843582 0.037991343885964958 0.68902785686548207 -0.079360645792468335
decision_type=8 10 10 10 10 10 10 10 10 2 8 10 10 2 2 2 10 2 10 2 8 10 10 2 10 10 10 10 10 10
left_child=1 2 7 4 6 16 -3 15 9 11 -11 12 -2 19 -9 -1 -5 18 -12 -6 21 22 -10 24 -22 -26 27 29 -29 -23
right_child=8 3 -4 5 13 -7 -8 14 20 10 17 -13 -14 -15 -16 -17 -18 -19 -20 -21 23 26 -24 -25 25 -27 -28 28 -30 -31
leaf_value=0.00015347085984785183 0 0.00019556464268889189 -0.00026204314745387219 -0.00031472554987268565 0 0 0 -0.00020639048145531275 0.00028782693252788237 -0.00018146215371099724 0.00015958398519312579 0 0.00028891626880789642 0 0 0 0 0 0 -0.00030233777509958116 0 0.0001266639096776787 0 -2.4476663960164874e-06 -0.00046483906262664485 0 7.1987605831235561e-05 -0.00020767469697532352 0 -1.2340785045523662e-05
leaf_weight=41 38 92 57 36 21 29 52 49 73 49 82 44 78 244 50 42 20 126 35 21 26 164 40 6346 32 23 288 109 158 525
leaf_count=41 38 92 57 36 21 29 52 49 73 49 82 44 78 244 50 42 20 126 35 21 26 164 40 6346 32 23 288 109 158 525
internal_value=0 -3.05425e-05 -9.82402e-05 0 2.52128e-05 -0.000122055 0.00012505 -1.93661e-05 2.31148e-06 5.09833e-05 0 0.000144251 0.000205362 -7.60479e-06 -0.000108431 2.67024e-05 -0.000218434 3.64653e-05 0.00010209 -0.000162393 0 2.15419e-05 0.000154201 -5.17286e-06 -0.000156761 -0.000269314 5.46128e-06 -9.35597e-06 -8.70485e-05 1.35037e-05
internal_weight=8990 754 239 515 430 85 144 182 8236 452 292 160 116 286 99 83 56 243 117 42 7784 1357 113 6427 81 55 1244 956 267 689
internal_count=8990 754 239 515 430 85 144 182 8236 452 292 160 116 286 99 83 56 243 117 42 7784 1357 113 6427 81 55 1244 956 267 689
is_linear=0
shrinkage=0.05


Tree=73
num_leaves=31
num_cat=0
split_feature=397 246 368 85 248 31 205 367 15 88 258 361 332 64 321 238 213 245 357 53 21 316 394 366 200 366 89 84 207 89
split_gain=0.000284576 0.000670605 0.000817601 0.00107117 0.000369842 0.000750154 0.000628617 0.0007432 0.000631684 0.000900028 0.000506769 0.000506441 0.000545948 0.000501935 0.000604282 0.000492945 0.000813708 0.000958912 0.000650415 0.000567285 0.000920918 0.000504009 0.000480974 0.000443559 0.000476768 0.000489555 0.000418699 0.000367106 0.00033416 0.000327075
threshold=-0.46366599580580997 -0.84220902661976049 0.050601442649757807 0.059307719157394106 0.78771253426859567 0.85912698412698396 -0.88483398637065813 0.22222222222222252 0.57622354497354511 0.0069444444444444016 -1.0171663849365051 1.2366018340666407 0.23851449850424078 -0.43312295870977197 -0.00096841800620179989 -0.38803055839736261 -1.2670563272287321 -0.81569963541407575 -1.0000000180025095e-35 -0.37923498582448395 -1.2018366428687697 0.033333099352454952 -0.21910835575469093 1.2177616423135857 1.1336764967868174 -0.68390705796560136 -0.049225635383977742 0.50429894179894208 0.78020846280250478 -0.50605463650748339
decision_type=2 10 10 2 8 2 10 10 2 2 8 10 10 2 10 10 10 10 10 2 2 10 2 10 8 10 2 2 8 2
left_child=1 2 -1 -4 11 10 -7 8 9 -8 22 12 15 14 -13 16 18 -18 -2 21 -21 -17 -6 24 25 -12 -25 -14 -26 -3
right_child=4 29 3 -5 5 6 7 -9 -10 -11 23 13 27 -15 -16 19 17 -19 -20 20 -22 -23 -24 26 28 -27 -28 -29 -30 -31
leaf_value=0 -0.00016210481464164065 -6.6884008113482873e-05 2.8096203672834234e-05 0.00042622657725740272 0 0 0 0 0 -0.00025190965025194547 0 0 -0.00016242901498593156 0 -0.00030522794672758092 4.5632120263013116e-05 9.9887057146286036e-05 8.8178743267195623e-06 0 -0.00022608731906253248 -6.9226090821137499e-06 -7.4738855574342603e-05 -0.00020722421375280573 0 1.31682385237832e-05 8.5682222803509553e-05 -0.00018391430754044434 0 -7.1197760875161883e-05 1.5516115639719333e-05
leaf_weight=143 86 147 94 38 21 283 36 158 66 160 195 38 79 65 42 884 528 960 87 51 3112 68 55 51 241 402 50 25 162 663
leaf_count=143 86 147 94 38 21 283 36 158 66 160 195 38 79 65 42 884 528 960 87 51 3112 68 55 51 241 402 50 25 162 663
internal_value=0 2.34645e-05 9.0917e-05 0.000180795 -3.79753e-06 -2.33548e-05 -6.42327e-05 -0.00010318 -0.000155411 -0.000200835 0 1.4754e-06 4.5653e-06 -8.92833e-05 -0.000173511 7.4231e-06 3.05339e-05 4.44973e-05 -6.06386e-05 -6.90936e-07 -1.20442e-05 3.17757e-05 -0.000123658 9.684e-06 2.37538e-05 5.37975e-05 -8.00506e-05 -0.000105976 -8.35102e-06 0
internal_weight=8990 1085 275 132 7905 1880 703 420 262 196 1177 6025 5880 145 80 5776 1661 1488 173 4115 3163 952 76 1101 1000 597 101 104 403 810
internal_count=8990 1085 275 132 7905 1880 703 420 262 196 1177 6025 5880 145 80 5776 1661 1488 173 4115 3163 952 76 1101 1000 597 101 104 403 810
is_linear=0
shrinkage=0.05


Tree=74
num_leaves=31
num_cat=0
split_feature=385 59 250 383 322 394 306 393 232 380 33 89 376 253 279 243 37 369 398 70 47 308 369 331 352 90 246 339 369 377
split_gain=0.000271526 0.000592191 0.000649644 0.00079678 0.000938389 0.000729703 0.000722971 0.000643268 0.000485124 0.000475165 0.000674254 0.000700108 0.000408593 0.000539139 0.000617249 0.000584643 0.000650788 0.000494554 0.000488492 0.000690874 0.000737101 0.00057342 0.000611017 0.000562933 0.000489849 0.000565739 0.000468865 0.000388871 0.000614765 0.000673761
threshold=-1.7233832620203959 0.47716208203086158 -0.24536735624760045 0.29751521205007209 -0.015984838571464145 -0.046269534962164287 0.00038402459645105002 -0.50686486228761629 0.55003796889858936 -0.060159088581343292 1.3144307958288353 1.0489266505573254 -0.083369517326877793 -0.040466616350569744 -0.67314911508534658 1.7347561900680721 1.6129019427583953 -0.74915683599215332 -0.00058484678233554994 0.61739417989418011 0.22833994708994701 -0.006711510166070799 -0.087150358989905488 0.0051230480786805012 -0.055745971942705898 0.034060846560846555 0.93345895559078962 -0.28768207245179361 -0.14384751938145748 0.26719515234457553
decision_type=8 2 10 10 10 2 10 2 10 10 2 2 8 10 10 10 2 10 2 2 2 10 10 10 8 2 10 10 10 10
left_child=1 2 3 4 -1 9 8 -3 -6 -4 11 -11 13 14 -2 16 17 -16 24 20 -20 22 -21 -22 -15 -26 -27 28 -14 -30
right_child=12 7 5 -5 6 -7 -8 -9 -10 10 -12 -13 27 18 15 -17 -18 -19 19 21 23 -23 -24 -25 25 26 -28 -29 29 -31
leaf_value=-3.0333201441763758e-05 0 0 0 -1.8082198335646108e-05 0.000357955532784828 1.7379959257631181e-05 0 -0.00022000426806262211 0 -0.00023462892798796392 0 0 -2.6032300088545319e-05 -3.4438882009342371e-05 0 0 0 0.00020708689800859261 0 0 -0.00022656173472370496 -1.944411934537297e-06 0.00033309657078607548 0 0 0.00019785660568266846 0 -5.0930420145018682e-06 0.00017448211081563976 0
leaf_weight=21 263 52 20 110 62 119 34 77 39 134 35 51 50 71 30 106 82 192 94 23 107 47 28 72 115 109 33 6647 132 35
leaf_count=21 263 52 20 110 62 119 34 77 39 134 35 51 50 71 30 106 82 192 94 23 107 47 28 72 115 109 33 6647 132 35
internal_value=0 -2.92117e-05 -7.53222e-07 4.95853e-05 0.000129311 -5.19785e-05 0.000191159 -0.000128255 0.000258279 -0.000107186 -0.000133903 -0.000174433 2.07093e-06 2.72955e-05 5.93397e-05 9.7684e-05 0.000132946 0.000177554 0 -4.27142e-05 -9.07147e-05 3.99892e-05 0.000176409 -0.00015112 4.07248e-05 8.09428e-05 0.000147673 -2.24293e-06 6.19909e-05 0.000118267
internal_weight=8990 754 625 266 156 359 135 129 101 240 220 185 8236 1372 673 410 304 222 699 371 273 98 51 179 328 257 142 6864 217 167
internal_count=8990 754 625 266 156 359 135 129 101 240 220 185 8236 1372 673 410 304 222 699 371 273 98 51 179 328 257 142 6864 217 167
is_linear=0
shrinkage=0.05


Tree=75
num_leaves=31
num_cat=0
split_feature=328 371 261 324 342 324 253 264 250 247 247 335 276 202 367 86 87 371 325 264 370 379 300 254 375 85 211 77 347 397
split_gain=0.000273373 0.000504649 0.000623806 0.0007806 0.000585332 0.000625184 0.000514183 0.000454184 0.000842259 0.000897061 0.00101192 0.000814303 0.000798529 0.000764328 0.00103111 0.000653579 0.000802145 0.000645987 0.000740675 0.000533232 0.00077299 0.000715938 0.000871141 0.000665966 0.000665791 0.000630124 0.000516532 0.000608707 0.000516386 0.000965912
threshold=-0.025846815846453895 -1.0000000180025095e-35 -1.1623640439450262 0.081497178684381763 0.011807522546632252 -0.15193706277740607 -0.024337142115681495 1.1688056133231148 -0.64227390858737943 0.2938081374488053 1.1915124569824698 -0.088495768867843341 -0.28084022682619697 -0.80794498736022469 0.52728174603174593 0.78207671957671965 0.13855820105820102 -0.51126466051863384 -0.019578717449025597 0.50266539720991743 0.030229017059576004 -0.20752481677336129 -0.070398006138970085 1.5234482228659461 0.17465685045803753 -0.62738065890163441 -0.66085210440269992 0.65443121693121709 -0.0055367026114465489 -0.28130966732744794
decision_type=8 10 10 10 10 10 10 10 10 10 10 10 10 10 10 2 2 10 10 8 10 10 10 10 10 2 10 2 10 2
left_child=1 4 3 -3 5 -1 -4 19 13 11 12 -10 -11 -9 15 16 -15 -13 -19 26 23 -22 -23 24 -21 -24 27 -2 29 -28
right_child=7 2 6 -5 -6 -7 -8 8 9 10 -12 17 -14 14 -16 -17 -18 18 -20 20 21 22 25 -25 -26 -27 28 -29 -30 -31
leaf_value=0 0 0.00027951584743018395 8.4677335585375256e-06 0 0 -0.00019356381336536738 -0.00011834204181304627 0 -0.00012614162088862485 -0.00032670364933094342 0 0 0 0 0 0 0.00029549108440382875 0 0.00018634822593202824 -3.8844624115026378e-06 0 0 0 -0.00022429779438139447 0.00014511756537942635 -0.00028818920025662113 2.9670445121151586e-05 6.5016259261307575e-05 1.8044144055461604e-06 -6.8321199984125124e-05
leaf_weight=41 1174 42 102 33 80 132 107 106 39 55 162 144 47 21 44 57 130 48 166 435 100 57 44 32 81 106 290 635 3710 770
leaf_count=41 1174 42 102 33 80 132 107 106 39 55 162 144 47 21 44 57 130 48 166 435 100 57 44 32 81 106 290 635 3710 770
internal_value=-2.47504e-08 -3.50936e-05 0 0.000133464 -8.71674e-05 -0.000139869 -3.25676e-05 1.61199e-06 3.32421e-05 0 -7.1628e-05 4.72797e-05 -0.000195061 9.4999e-05 0.000142825 0.000192612 0.000248813 8.01645e-05 0.000135247 -2.05145e-06 -3.95336e-05 -0.000103172 -0.00015629 0 9.84093e-06 -0.000219572 2.06023e-06 2.53533e-05 -5.72571e-06 -3.67954e-05
internal_weight=8990 537 284 75 253 173 209 8453 1019 661 264 397 102 358 252 208 151 358 214 7434 855 307 207 548 516 150 6579 1809 4770 1060
internal_count=8990 537 284 75 253 173 209 8453 1019 661 264 397 102 358 252 208 151 358 214 7434 855 307 207 548 516 150 6579 1809 4770 1060
is_linear=0
shrinkage=0.05


Tree=76
num_leaves=31
num_cat=0
split_feature=350 49 48 237 203 16 241 339 284 308 289 256 237 19 253 202 335 66 371 85 315 359 364 283 254 306 261 325 208 31
split_gain=0.000257402 0.00061324 0.000987576 0.000399013 0.000525541 0.000580508 0.000548299 0.000605081 0.000665058 0.000537786 0.000683486 0.000746724 0.000481344 0.000893836 0.00107754 0.00099021 0.00101373 0.000521393 0.00157296 0.00190308 0.000922977 0.001066 0.000879124 0.000846312 0.000747346 0.00132803 0.000650532 0.000513111 0.000568891 0.000468577
threshold=0.30898207326834098 0.026372222338729503 0.92126141682323515 -0.55484624022628715 1.3046638226692917 -0.36266619765438796 0.79109996127921012 0.00066181346525395009 0.00033068783068635003 -0.032269260568787241 -0.0095240974853478492 1.1967562694336773 -0.33773344466834404 -0.027927480904374496 0.98228069552201636 -0.88053323752637747 0.046173681945757862 -0.90478308978315991 -0.44737755050544337 0.26292383191088559 -0.023572598558030296 -0.0030660492505999999 0.073281269770650512 -0.00132255491104935 -0.90467579726538194 0.00033658702045240004 0.15371053425656328 -0.13158054216872597 0.89188889016511375 0.074074074074076013
decision_type=10 2 2 10 10 2 8 10 10 10 10 10 10 2 10 10 10 2 10 2 10 10 10 10 10 10 10 10 10 2
left_child=3 -2 -3 4 5 9 -7 -8 -9 -1 11 -11 13 -5 15 -15 -17 18 20 -20 23 -22 -21 -14 25 26 -19 28 -26 -29
right_child=1 2 -4 12 -6 6 7 8 -10 10 -12 -13 17 14 -16 16 -18 24 19 22 21 -23 -24 -25 27 -27 -28 29 -30 -31
leaf_value=0 0 0 -0.00024663819979635191 0 1.92682262612871e-05 9.3790328065016029e-06 0 -0.00022162151610605432 0 -0.0002141795586122083 0 0 0.00018905222712684299 0 0 0.00037028312916143752 0 -0.00030124966985547297 0 0.0005150439054478717 0 -0.00021414134178884361 0 0 0.00020270406528049873 3.6781070511900063e-06 0 -6.6023418312559018e-05 0 3.0656793791349044e-06
leaf_weight=95 292 87 76 388 595 808 221 93 78 173 123 49 107 28 55 84 35 75 69 46 282 71 21 77 66 94 52 259 22 4469
leaf_count=95 292 87 76 388 595 808 221 93 78 173 123 49 107 28 55 84 35 75 69 46 282 71 21 77 66 94 52 259 22 4469
internal_value=-8.98758e-09 -3.71222e-05 -0.000115087 1.38411e-06 -1.60271e-05 -3.18814e-05 -9.02274e-06 -5.96975e-05 -0.000130415 -8.2846e-05 -0.000112467 -0.00016537 8.35474e-06 5.1951e-05 0.000137613 0.000210549 0.000274842 2.97357e-06 4.46359e-05 0.000196842 0 -4.10631e-05 0.000386646 9.64343e-05 -1.60112e-06 -9.19733e-05 -0.000202057 1.50958e-06 0.000121182 0
internal_weight=8990 455 163 8535 2235 1640 1200 392 171 440 345 222 6300 590 202 147 119 5710 673 136 537 353 67 184 5037 221 127 4816 88 4728
internal_count=8990 455 163 8535 2235 1640 1200 392 171 440 345 222 6300 590 202 147 119 5710 673 136 537 353 67 184 5037 221 127 4816 88 4728
is_linear=0
shrinkage=0.05


Tree=77
num_leaves=31
num_cat=0
split_feature=50 384 65 279 352 389 80 19 201 361 376 73 387 66 34 40 324 199 253 204 348 85 263 85 319 398 298 238 241 342
split_gain=0.000253834 0.000696236 0.000732475 0.000698279 0.000567605 0.000620344 0.000485503 0.000471493 0.000468427 0.000463302 0.000423745 0.000405164 0.00161128 0.0015886 0.00138288 0.00128214 0.0015915 0.00128485 0.000750862 0.000807921 0.000698082 0.000874462 0.000856291 0.000727114 0.000555792 0.000545955 0.000525807 0.000480736 0.000771928 0.000830035
threshold=1.1240699184160701 0.011383391398124002 0.12502833881796807 0.31480412605531222 0.012924364817704452 0.20297797261161432 0.45585317460317504 0.95335719684167908 -0.21796996077285255 -0.24568094724186193 -0.0061580195715617491 -1.5788418710008199 0.11299614159333932 1.5447279409944052 0.41832010582010609 -0.65297390195611926 -0.011031411959816249 1.0636352117453607 1.5570284529349372 0.49376912474254103 0.19993533555926266 0.50188433532737775 -0.80413743860478271 0.39066055014241957 0.0018163751326494002 -0.0019130616800091997 -0.0011657191342698498 -1.0142027090478367 -0.279789113168529 0.004226549734914751
decision_type=2 10 2 10 10 2 2 2 10 10 10 2 10 2 2 2 10 10 8 10 10 2 10 2 10 2 10 10 10 10
left_child=11 4 3 -3 7 10 -5 -2 -9 -7 -6 12 13 15 -14 -1 -17 -18 27 20 21 25 -23 -22 -21 -20 -16 28 -13 -30
right_child=1 2 -4 6 5 9 -8 8 -10 -11 -12 18 14 -15 26 16 17 -19 19 24 23 22 -24 -25 -26 -27 -28 -29 29 -31
leaf_value=0 0 0 0 -1.6023177793512032e-05 0.00014851523923622631 0 -0.00038468222746266379 0.0002754624898589631 0 -0.00030936378481674496 -5.1125754496195185e-05 -1.1483430627321829e-07 0 -6.4049711307212739e-05 0 0 0.00040814109371341257 0 9.3335403554846397e-06 -2.1964625082247534e-05 0 0 -0.00023878124763177427 0.00027756515184018362 0.00011007809536854353 -8.6192127678097984e-05 -0.00051228598054892528 0 4.4762614105221969e-06 0.0001800221339770728
leaf_weight=105 236 99 72 52 35 20 48 41 20 35 109 300 49 76 20 76 107 24 175 123 68 44 159 24 120 256 23 6085 223 166
leaf_count=105 236 99 72 52 35 20 48 41 20 35 109 300 49 76 20 76 107 24 175 123 68 44 159 24 120 256 23 6085 223 166
internal_value=0 -2.79673e-05 -9.29176e-05 -0.000144752 0 -5.71446e-05 -0.000243137 5.08709e-05 0.000178537 -0.000199865 0 2.05076e-06 4.67091e-05 9.87566e-05 -0.000118375 0.000154443 0.000226767 0.00033404 -7.25065e-08 -4.18402e-05 -7.03262e-05 -9.14013e-05 -0.000184727 2.05614e-05 2.26924e-05 -3.58142e-05 -0.000331899 5.16465e-06 4.47916e-05 9.2265e-05
internal_weight=8990 767 271 199 496 199 100 297 61 55 144 8223 480 388 92 312 207 131 7743 969 726 634 203 92 243 431 43 6774 689 389
internal_count=8990 767 271 199 496 199 100 297 61 55 144 8223 480 388 92 312 207 131 7743 969 726 634 203 92 243 431 43 6774 689 389
is_linear=0
shrinkage=0.05


Tree=78
num_leaves=31
num_cat=0
split_feature=351 339 357 331 349 295 346 207 349 241 54 243 73 199 374 257 207 349 270 39 285 217 207 277 283 69 275 373 346 23
split_gain=0.000258861 0.000348513 0.000683936 0.000644768 0.000426156 0.00041393 0.000470682 0.000934549 0.00132509 0.000435645 0.000710302 0.000983301 0.000559629 0.00117553 0.000646687 0.000552896 0.000332449 0.000370313 0.000385361 0.000292547 0.00038746 0.000281996 0.000257745 0.000252921 0.000242738 0.000214671 0.000188087 0.000358384 0.000156698 9.46643e-05
threshold=-1.5568851295373671 -0.28768207245179361 0.0082671957671967018 0.0080348527777613522 -0.016198914784681197 -0.11622630264596208 0.090442614644508354 0.47683480286466812 -0.006107118975347949 0.75617667604501959 0.63508597883597917 -1.4281951954861001 -1.6163195475373597 -0.59766516745208087 -0.0037620599541550994 -0.60060380719591022 -0.89410420000690527 -0.12571840546861715 -0.48794675956281036 -0.22929569578231548 0.0003359086454860001 -1.4878343795793054 0.049879102436249705 0.10341002755065197 -0.0015813305745365997 0.62239998716131162 -0.11382337331796565 0.0016534391534393001 -0.0039665197067890491 0.0028108465608465004
decision_type=8 10 8 10 10 10 10 10 10 8 2 10 2 10 10 10 10 10 10 2 10 10 10 10 10 2 10 10 10 2
left_child=19 2 3 25 28 16 9 22 23 12 15 -12 13 -7 -14 -11 -3 -18 -19 -1 -21 -20 24 -9 -8 -2 27 -5 -4 -6
right_child=1 5 4 26 29 6 7 8 -10 10 11 -13 14 -15 -16 -17 17 18 21 20 -22 -23 -24 -25 -26 -27 -28 -29 -30 -31
leaf_value=0 0.00029282630603747433 0 0 0.00020197998726526365 0 0.00022491941772598766 1.2791582623955388e-05 -0.00040885582380087128 0 -4.5184338129383359e-05 -0.00016996696001680246 -1.6471377258234301e-05 -2.3805471410362016e-05 0 1.3403916476318508e-05 2.1328223015148432e-05 0 0 0 -0.00026621766468495786 0 0.00026789055091657398 0.00011886958760594986 0 -6.9711888947061277e-05 0 -5.2684011095030736e-05 0 0.00012764539431598152 -0.00018917449658341934
leaf_weight=41 55 66 24 31 21 90 47 45 59 459 171 523 1617 222 3999 978 37 20 23 33 22 61 38 20 145 23 35 22 29 34
leaf_count=41 55 66 24 31 21 90 47 45 59 459 171 523 1617 222 3999 978 37 20 23 33 22 61 38 20 145 23 35 22 29 34
internal_value=0 3.84122e-07 5.62384e-05 0.000124536 -2.50197e-06 -8.11884e-07 -3.10178e-06 -5.95959e-05 -0.000170178 0 -1.99805e-05 -6.15149e-05 6.34063e-06 7.20286e-05 1.79979e-06 0 6.80687e-05 0.000112654 0.000161539 -8.19787e-05 -0.000158097 0.000209179 0 -0.000325721 -2.34915e-05 0.000231567 0 8.3789e-05 3.93905e-05 -0.000133613
internal_weight=8990 8894 274 166 108 8620 8413 354 124 8059 2131 694 5928 312 5616 1437 207 141 104 96 55 84 230 65 192 78 88 53 53 55
internal_count=8990 8894 274 166 108 8620 8413 354 124 8059 2131 694 5928 312 5616 1437 207 141 104 96 55 84 230 65 192 78 88 53 53 55
is_linear=0
shrinkage=0.05


Tree=79
num_leaves=31
num_cat=0
split_feature=397 246 382 40 50 384 279 80 347 73 387 255 254 322 199 253 204 393 315 50 36 91 354 387 79 41 77 291 394 352
split_gain=0.000258137 0.000637881 0.000695206 0.000892868 0.00041259 0.000778717 0.000688013 0.000951123 0.00054064 0.000467321 0.00124142 0.00128629 0.00123943 0.00109728 0.000955685 0.000694409 0.000867076 0.000758173 0.000763668 0.000693818 0.000452273 0.000490618 0.000440723 0.000609455 0.00059154 0.000438661 0.000419909 0.000414647 0.000482873 0.000575442
threshold=-0.46366599580580997 -0.84220902661976049 0.10003203351262321 -0.14903635915768498 1.1240699184160701 0.011383391398124002 0.38377705219788949 0.43634259259259306 0.015156422890182252 -1.5788418710008199 0.11299614159333932 -1.7627331524243484 0.94684201053147155 -0.011651720568737298 -0.5871297528626056 1.5570284529349372 0.49376912474254103 1.9033647200308301 -0.030329652559006149 -2.7957776129254568 0.12483465608465601 0.54743052253830016 0.044562261484347658 -0.15003323082549427 -2.0952951963473887 0.83281609673834411 0.51686507936507964 -0.055612817555107587 -0.010466444955772248 0.012924364817704452
decision_type=2 10 10 2 2 10 10 2 10 2 10 10 10 10 10 8 10 2 10 2 2 2 8 8 2 2 2 10 2 10
left_child=1 2 -1 -4 9 8 -7 -8 27 10 12 25 13 -2 -15 19 17 18 -17 -11 -10 -22 24 -24 -21 -12 -19 28 29 -6
right_child=4 -3 3 -5 5 6 7 -9 20 15 11 -13 -14 14 -16 16 -18 26 -20 22 21 -23 23 -25 -26 -27 -28 -29 -30 -31
leaf_value=0 0 0 0 0.000293054821866721 0.00019031132121810393 0 0 -0.00036430851365356752 0 0.00024982522976832282 -0.00041857827015747583 1.6366790173716103e-05 -1.4780401053885064e-05 0.0003907342799344684 8.1769491082473551e-05 0 2.4755627460436937e-05 0.00020645541767525314 -0.00013328682368237164 -0.00027524901427641965 0 -0.00029611785144633269 -4.4423506303417517e-05 4.2456032282228128e-05 -4.3931415034313386e-06 0 0 -9.1411601811930737e-06 0 0
leaf_weight=141 74 810 63 71 109 114 61 54 27 28 29 39 102 70 134 167 219 27 424 21 31 39 193 1130 4540 20 36 135 30 52
leaf_count=141 74 810 63 71 109 114 61 54 27 28 29 39 102 70 134 167 219 27 424 21 31 39 193 1130 4540 20 36 135 30 52
internal_value=0 2.23341e-05 8.81154e-05 0.000169967 -3.62856e-06 -4.17299e-05 -0.000115992 -0.000204263 0 0 4.81103e-05 -9.50926e-05 9.44438e-05 0.000152489 0.000212424 -3.53605e-06 -4.54254e-05 -7.65706e-05 -9.75519e-05 1.80451e-06 -0.000105037 -0.000177234 0 2.60006e-05 -6.74246e-06 -0.000285491 4.08571e-05 2.93187e-05 8.26573e-05 0.000124892
internal_weight=8990 1085 275 134 7905 652 229 115 423 7253 468 88 380 278 204 6785 873 654 591 5912 97 70 5884 1323 4561 49 63 326 191 161
internal_count=8990 1085 275 134 7905 652 229 115 423 7253 468 88 380 278 204 6785 873 654 591 5912 97 70 5884 1323 4561 49 63 326 191 161
is_linear=0
shrinkage=0.05


Tree=80
num_leaves=31
num_cat=0
split_feature=73 44 223 275 254 66 349 254 296 92 14 388 374 324 59 15 232 63 223 49 248 344 247 277 203 315 302 228 202 380
split_gain=0.000244509 0.000645718 0.000770809 0.000605274 0.000919028 0.00120277 0.000997552 0.000911628 0.00108693 0.000885516 0.0009355 0.000869851 0.000705339 0.000919271 0.000999508 0.00103927 0.000768121 0.00068887 0.000668239 0.000639102 0.000626684 0.00059286 0.000554983 0.000541364 0.000529912 0.000704333 0.000520138 0.000768528 0.00049933 0.000413557
threshold=-0.30323842069971091 0.022652116402116403 -1.2518402507590742 0.29040139500085094 -0.8604789238005488 -0.92200487280130095 -0.36811637261587876 0.62863162979052178 -0.0009980782493424498 0.35730820105820105 0.0051256613756613008 0.13957889399645249 -0.3625100804619576 0.032852822318540656 -0.76651875588273166 0.31531084656084657 -0.62395967628957105 0.68237433862433916 -1.0211578264268872 0.24034168244216106 0.018781333214686752 0.062566419910917215 0.7246471333529757 -0.5421240160899008 1.3115427620637317 -0.025445922329150647 0.042463785396427055 1.0538702977797108 0.78017561573197847 -0.57301016085330547
decision_type=2 2 10 10 10 2 10 10 10 2 2 2 10 10 2 2 10 2 10 2 10 10 10 10 10 10 10 10 10 10
left_child=1 2 -1 4 5 9 19 8 -8 22 -11 17 16 14 15 -14 23 -7 -9 -6 -16 -2 -3 -5 25 -23 27 -15 -27 -28
right_child=21 3 -4 12 6 11 7 18 -10 10 -12 -13 13 26 20 -17 -18 -19 -20 -21 -22 24 -24 -25 -26 28 29 -29 -30 -31
leaf_value=0 -1.9952660028695885e-06 0.00014124490021899977 -0.00024950389577247327 -0.00032552633525934169 0 -0.00041268360273071447 -1.4190337382131497e-05 -0.00010133764823224395 0.00011054824263746218 -0.0002070669369139222 0 0 0.00046256036057921345 0 0.00010062695564233006 0 5.1380919428305139e-06 0 1.6700915257931316e-05 -0.00038068273827409396 -2.0905674808040436e-06 0 0 0 0 -0.00028315117426812477 -1.3168713446949596e-05 -0.0001787424702753344 0 9.618256363195645e-05
leaf_weight=20 5938 104 50 33 20 51 168 157 504 90 64 35 43 107 354 27 71 23 365 23 104 97 58 21 63 75 34 77 21 193
leaf_count=20 5938 104 50 33 20 51 168 157 504 90 64 35 43 107 354 27 71 23 365 23 104 97 58 21 63 75 34 77 21 193
internal_value=0 1.16977e-05 -0.00013039 1.71851e-05 0 -6.50536e-05 2.00751e-05 3.2258e-05 7.19268e-05 0 -9.94613e-05 -0.000209882 4.66758e-05 6.39949e-05 0.000107863 0.000307389 -4.34047e-05 -0.000306927 -9.23701e-06 -0.000201496 6.63924e-05 -6.0759e-06 6.52121e-05 -0.000199542 -8.11662e-05 -0.000124892 0 -5.4256e-05 -0.000222856 5.77886e-05
internal_weight=8990 2796 70 2726 1662 425 1237 1194 672 316 154 109 1064 939 528 70 125 74 522 43 458 6194 162 54 256 193 411 184 96 227
internal_count=8990 2796 70 2726 1662 425 1237 1194 672 316 154 109 1064 939 528 70 125 74 522 43 458 6194 162 54 256 193 411 184 96 227
is_linear=0
shrinkage=0.05


Tree=81
num_leaves=31
num_cat=0
split_feature=286 313 91 307 267 215 77 91 207 231 206 297 383 383 283 377 369 31 243 283 19 91 89 385 64 299 201 16 19 324
split_gain=0.000247816 0.000735112 0.000790509 0.00168621 0.000678905 0.000661745 0.000646812 0.00068321 0.000741234 0.000516638 0.000460804 0.000673939 0.000890273 0.000846107 0.000641769 0.00079399 0.000611736 0.000493145 0.000491716 0.000669428 0.000753947 0.000426729 0.000420241 0.000419697 0.000820677 0.000812094 0.000343196 0.000805191 0.000933869 0.000938725
threshold=-0.00033068783068784991 0.014056109135446701 2.2597071514153755 -0.00033068783068774995 -2.9666551845460325 -0.87329394072404321 0.56092923280423335 -0.68630718892274845 -0.65108971466735921 1.1776008929260777 -1.6703626036872592 -0.00082387928604399981 0.020024158077133352 -0.0066004772460046988 -0.0013829458836838498 0.071940038792783212 0.21219124757442423 0.047453703703703713 -0.29183103154287215 -0.0016705276843725998 -0.13445722937406698 3.0800826753290553 1.8116765009569502 0.33745204442126125 -0.69200389932581741 -0.27854738477053193 -0.96038956886907711 -0.76012308610668289 -0.041955767096319742 0.11902028508136121
decision_type=10 10 2 10 8 10 2 2 10 10 10 10 10 10 10 10 10 2 10 10 2 2 2 10 2 10 10 2 2 10
left_child=1 2 4 -4 -1 -3 7 -6 -9 -7 11 12 -2 14 15 22 17 -14 19 -15 -21 26 -13 24 -8 -25 27 28 -12 -30
right_child=10 5 3 -5 6 9 23 8 -10 -11 21 13 16 18 -16 -17 -18 -19 -20 20 -22 -23 -24 25 -26 -27 -28 -29 29 -31
leaf_value=-0.00019451721335482671 0 0 0 0.0004038799885243417 0 -0.00029441906236549707 0.00014376198826511336 0 0.00012359030456352783 0 0 -0.00031927389843631749 0 0 0 0 0 -0.00045835418008534324 0 0 0.00030004954880123957 0.00015800011308582813 0 -0.00016599682816093397 -1.8572704469444677e-06 0 -7.0367481760062267e-06 0 0.00029478579738903267 0
leaf_weight=34 130 22 32 42 412 48 106 134 389 23 107 61 21 36 138 30 31 38 169 60 59 42 23 107 502 247 5253 572 84 38
leaf_count=34 130 22 32 42 412 48 106 134 389 23 107 61 21 36 138 30 31 38 169 60 59 42 23 107 502 247 5253 572 84 38
internal_value=-6.68284e-08 1.43808e-05 2.28642e-05 0.000189174 1.38922e-05 -0.000114636 2.02732e-05 5.04734e-05 8.84265e-05 -0.000201186 -5.19046e-06 -4.09915e-05 -0.000117069 -3.23988e-06 -7.93738e-05 -0.000167277 -0.000241209 -0.000338492 4.05543e-05 0.000106595 0.000169849 0 -0.000248124 -3.88459e-06 1.53274e-05 -5.09968e-05 -1.61735e-06 2.76783e-05 0.000107076 0.000201578
internal_weight=8990 2098 2005 74 1931 93 1897 935 523 71 6892 796 220 576 252 114 90 59 324 155 119 6096 84 962 608 354 6054 801 229 122
internal_count=8990 2098 2005 74 1931 93 1897 935 523 71 6892 796 220 576 252 114 90 59 324 155 119 6096 84 962 608 354 6054 801 229 122
is_linear=0
shrinkage=0.05


Tree=82
num_leaves=31
num_cat=0
split_feature=397 246 368 40 85 248 31 31 325 296 206 60 332 235 258 394 86 288 21 85 296 62 383 374 325 336 220 27 89 209
split_gain=0.000248944 0.000569961 0.000667898 0.00091594 0.000559817 0.00036011 0.000667196 0.000554684 0.000685951 0.000565488 0.000548105 0.000421667 0.000480135 0.000463802 0.000421329 0.00042783 0.00041881 0.000406618 0.00067574 0.000532318 0.000871849 0.000479309 0.000405055 0.000379112 0.000411798 0.000549876 0.000341576 0.000354108 0.000285299 0.000562177
threshold=-0.46366599580580997 -0.84220902661976049 0.050601442649757807 -0.14903635915768498 0.059307719157394106 0.78771253426859567 0.85912698412698396 0.99421296296296313 -0.011927769763169198 -0.0030532373014549997 -1.4707134639058177 0.023644179894179902 0.23851449850424078 0.83945656816172154 -1.0171663849365051 -0.21910835575469093 0.014880952380952351 0.00082671957671945015 0.47347514075863156 0.90443910357207724 -0.006061928170594799 0.069609788359788358 -0.07433608146345029 0.012605264556380903 0.018053259640952803 0.0067791005291007013 1.2852300792182783 -1.3240843481176947 -0.50605463650748339 -1.6216114170739495
decision_type=2 10 10 2 2 8 2 2 10 10 10 2 10 10 8 2 2 10 2 2 10 2 10 8 8 10 10 2 2 10
left_child=1 2 -1 -4 -5 11 14 8 16 -10 -11 13 17 22 15 -7 -8 19 -19 21 -21 -13 -2 -16 25 -25 27 -14 29 -3
right_child=5 28 3 4 -6 6 7 -9 9 10 -12 12 26 -15 23 -17 -18 18 -20 20 -22 -23 -24 24 -26 -27 -28 -29 -30 -31
leaf_value=0 0 -0.00020947195670207105 0 0 0.00046247500955957455 0 0.00020928429729254237 2.8981927279003673e-06 0 0 -0.00016996841144709444 -5.6804359771948297e-05 0 0 -2.4177245829507705e-06 -0.00019316025868853885 -3.1027774274047871e-05 -0.00024031750855564053 0 -0.00011499473191783791 7.2029873336533487e-05 8.3805221219448777e-06 -0.00028686699809386145 0.00015666398474169062 0 0 0 -0.0002304375902636758 1.4518214070864422e-05 0
leaf_weight=143 26 45 60 38 34 21 20 119 24 71 296 290 23 65 858 55 173 41 209 50 655 4547 38 139 53 51 29 52 663 102
leaf_count=143 26 45 60 38 34 21 20 119 24 71 296 290 23 65 858 55 173 41 209 50 655 4547 38 139 53 51 29 52 663 102
internal_value=-1.56273e-07 2.16662e-05 8.38521e-05 0.000165174 0.000285912 -3.78426e-06 -2.30805e-05 -6.16183e-05 -8.33231e-05 -0.000121464 -0.00013989 1.40724e-06 4.17734e-06 -8.63769e-05 0 -0.000113842 0 6.90107e-06 -5.2307e-05 1.0475e-05 5.16601e-05 3.43762e-06 -0.000181977 7.80445e-06 6.44514e-05 0.000103574 -9.93436e-05 -0.000158275 0 -6.24385e-05
internal_weight=8990 1085 275 132 72 7905 1880 703 584 391 367 6025 5896 129 1177 76 193 5792 250 5542 705 4837 64 1101 243 190 104 75 810 147
internal_count=8990 1085 275 132 72 7905 1880 703 584 391 367 6025 5896 129 1177 76 193 5792 250 5542 705 4837 64 1101 243 190 104 75 810 147
is_linear=0
shrinkage=0.05


Tree=83
num_leaves=31
num_cat=0
split_feature=211 359 204 219 329 46 387 219 19 248 347 58 234 32 33 393 274 260 371 211 39 306 310 208 246 19 19 198 89 337
split_gain=0.000244438 0.000557447 0.0006537 0.000729376 0.000721409 0.000606528 0.000592592 0.000635944 0.000685039 0.000570041 0.000511229 0.000616171 0.000460219 0.000448434 0.000440731 0.000422883 0.000495265 0.000416032 0.000409564 0.000363763 0.000954098 0.00113844 0.000368152 0.000531464 0.000830657 0.00142415 0.000680463 0.00107725 0.00135381 0.000621717
threshold=-0.82642608117316907 -0.0075198070435995492 -1.9184025593767959 1.284763268508698 -0.020212111571273696 0.52562830687830708 -0.017650925200233997 -0.75933895770434312 0.70032122198467561 1.2375531103413988 0.0015050525321782502 0.29782546215210653 -0.17677431571524632 0.60763888888888817 -0.94744841523770751 0.75422287381554121 -0.14107060920246553 -0.33152075390130836 1.8805632575480689 -0.73721447805202434 -0.67750341123832591 0.00049751247885905015 -0.28160858200425948 -1.3097646345338532 -1.9473984586518842 1.8347531600432743 0.61109025803892714 -0.47346584890403193 -0.49432831106456648 0.0016556295626435503
decision_type=8 10 10 10 10 2 10 10 2 10 10 2 10 2 2 2 10 10 10 10 2 10 10 10 10 2 2 10 2 10
left_child=1 2 -1 4 -4 9 7 -3 -9 -6 11 13 -10 17 -12 16 -13 -8 -17 20 21 -2 -21 24 29 -26 -25 28 -28 -24
right_child=19 6 3 -5 5 -7 10 8 12 -11 14 15 -14 -15 -16 18 -18 -19 -20 22 -22 -23 23 26 25 -27 27 -29 -30 -31
leaf_value=-3.2456165018788431e-05 -0.00031835924784897343 7.9061240988547938e-06 0 0 0.00021850139480082093 0 0 -3.2905752074408742e-05 -0.00037034877338061687 0 -0.00010614951379510759 -0.00012608884079329046 0 0 5.363327261558789e-06 0.00012379174253202815 1.6927266458891693e-05 0.00035197434032189254 0 -8.7194560841666761e-05 0 0 3.3923133728103806e-05 0 4.2665917521130089e-05 0.00039169229882533401 -0.00034243738998730267 0 -3.1212798073042411e-05 -6.1747906213922943e-05
leaf_weight=91 62 164 106 89 208 44 22 257 38 38 102 76 20 21 255 143 156 42 28 124 200 37 396 4916 474 38 67 316 172 288
leaf_count=91 62 164 106 89 208 44 22 257 38 38 102 76 20 21 255 143 156 42 28 124 200 37 396 4916 474 38 67 316 172 288
internal_value=-1.7952e-07 1.51306e-05 5.63394e-05 8.33105e-05 0.000114471 0.000155269 0 -4.70673e-05 -9.15498e-05 0.000185958 2.22962e-05 5.80049e-05 -0.000264841 0.000189453 -1.25166e-05 1.78362e-05 -8.41454e-06 0.000255227 8.26579e-05 -4.98774e-06 -5.96057e-05 -0.000186526 -1.84588e-06 0 2.99296e-05 7.84054e-05 -6.85666e-06 -5.93967e-05 -0.000139478 0
internal_weight=8990 1900 576 485 396 290 1324 479 315 246 845 488 58 85 357 403 232 64 171 7090 299 99 6791 6667 1196 512 5471 555 239 684
internal_count=8990 1900 576 485 396 290 1324 479 315 246 845 488 58 85 357 403 232 64 171 7090 299 99 6791 6667 1196 512 5471 555 239 684
is_linear=0
shrinkage=0.05


Tree=84
num_leaves=31
num_cat=0
split_feature=385 59 37 250 383 322 306 393 275 19 350 342 388 276 375 211 217 354 258 68 248 207 348 85 369 19 36 383 355 364
split_gain=0.000248268 0.000505432 0.000567604 0.000537106 0.000654396 0.000814384 0.000629725 0.000629026 0.000564584 0.000638689 0.000478755 0.000450126 0.000434975 0.00046096 0.000392537 0.000532224 0.000619105 0.000457489 0.000483056 0.000739264 0.00063763 0.000765319 0.000410085 0.000545076 0.000470053 0.000809939 0.00132078 0.000631846 0.000454398 0.000453992
threshold=-1.7233832620203959 0.47716208203086158 -0.49322817932125995 -0.24536735624760045 0.29751521205007209 -0.015984838571464145 0.00038402459645105002 0.90797861362410859 1.1297308864454154 -0.34755136339842896 -0.045799094304826343 -0.033175927106268897 -0.13758783967257041 0.014233260651374202 -0.3847819553223622 0.3781190488541108 -0.86218992485152368 0.34902891260801711 -0.14711250436237402 0.017526455026455053 -1.0453441561280379 -0.99783700451049517 0.34289179944102754 0.39066055014241957 -0.20329945532254742 0.36977255998086056 0.88773148148148162 -0.28973217858135453 -0.032891686341789496 1.0000000180025095e-35
decision_type=8 2 2 10 10 10 10 2 10 2 10 10 2 10 8 10 10 10 10 2 10 10 10 2 8 2 2 8 8 10
left_child=1 3 -3 4 5 -1 10 8 9 -5 -7 -11 -4 -14 15 16 -2 22 -19 -20 -21 -22 24 -24 25 -16 -27 29 -29 -26
right_child=14 2 12 7 -6 6 -8 -9 -10 11 -12 -13 13 -15 17 -17 -18 18 19 20 21 -23 23 -25 27 26 -28 28 -30 -31
leaf_value=-2.2430730807336732e-05 0.00018372435383661663 0 0 0 -1.434182970336601e-05 0 0 1.3983319243038653e-05 0 0 0.00031189990050451501 -0.00023800022815397459 -0.00034598629005030339 0 -2.8832409614704908e-06 -3.9808720893287514e-06 1.0921167656663418e-05 0 0 0 0 -0.0002801076722887077 0 0.00016307762076085401 0.00017976344425443174 -0.00016220688322599286 4.6092849458843549e-05 -2.124986328053553e-05 1.1026214617286446e-05 0
leaf_weight=21 114 26 27 49 110 30 34 118 55 22 71 115 46 30 1140 171 235 110 35 23 21 98 270 90 88 236 65 1458 4037 45
leaf_count=21 114 26 27 49 110 30 34 118 55 22 71 115 46 30 1140 171 235 110 35 23 21 98 270 90 88 236 65 1458 4037 45
internal_value=-2.30913e-07 -2.81337e-05 -0.000120019 -1.15372e-06 4.36424e-05 0.000116543 0.000175171 -4.82719e-05 -9.94852e-05 -0.000142852 0.000237857 -0.00019836 -0.000178327 -0.000239526 1.71679e-06 4.39327e-05 8.17259e-05 -4.80775e-07 -6.28417e-05 -0.000114982 -0.000171707 -0.000220366 1.25616e-06 5.35716e-05 -7.015e-07 -2.67737e-05 -0.000100619 5.08602e-06 1.5522e-06 0.000113412
internal_weight=8990 754 129 625 266 156 135 359 241 186 101 137 103 76 8236 520 349 7716 287 177 142 119 7429 360 7069 1441 301 5628 5495 133
internal_count=8990 754 129 625 266 156 135 359 241 186 101 137 103 76 8236 520 349 7716 287 177 142 119 7429 360 7069 1441 301 5628 5495 133
is_linear=0
shrinkage=0.05


Tree=85
num_leaves=31
num_cat=0
split_feature=50 205 203 59 375 91 348 322 254 385 54 317 384 64 370 221 88 34 365 254 39 375 245 223 325 59 379 342 365 241
split_gain=0.000229937 0.000479586 0.000592494 0.000391351 0.00042778 0.000277617 0.000869899 0.00126237 0.00145781 0.00136526 0.0014204 0.000954903 0.000944532 0.000871441 0.000863075 0.000757087 0.000703745 0.000594709 0.000713824 0.000488303 0.000436183 0.00100263 0.000815834 0.000701879 0.000655829 0.000608921 0.000608791 0.00051728 0.000514617 0.000687639
threshold=1.8662252048319852 0.071111720869809367 -1.0982362656274527 -0.82759930192651088 0.19763431061406569 1.1468309827518051 -0.031573203560863898 -0.010641090953500498 0.89055343219435723 -1.599728185826794 0.16650132275132304 -0.060595237468396047 0.43476997011847329 -1.1152190804552349 0.038111337068594958 1.3419155362133226 0.50165343915343963 0.92592592592592615 0.23115079365079369 0.33909650507753492 -1.3593636728391447 0.085599637957033112 1.2565261586463528 -2.4509302431770217 0.016691050502193754 0.25570348210719956 0.18878971990982571 0.023164026139723303 -0.067956349206349478 0.84286522231113981
decision_type=2 10 10 2 10 2 10 10 10 10 2 10 10 2 10 10 2 2 10 10 2 10 10 10 10 2 10 10 10 8
left_child=5 2 -2 -4 -5 20 12 11 9 -9 -11 -8 14 -10 15 19 -14 18 -13 -7 21 25 23 -23 -25 -1 27 -27 -22 -30
right_child=1 -3 3 4 -6 6 7 8 13 10 -12 17 16 -15 -16 -17 -18 -19 -20 -21 28 22 -24 24 -26 26 -28 -29 29 -31
leaf_value=-2.8380341894117261e-05 0 0 0 -0.00030203132559587792 0 0 4.7058737252814153e-05 0 -0.00028372511182318431 0 0.00024686464204605013 -0.00034280259223477523 0.00027708539423065717 0 -0.00022228456038090878 -0.00019172550121686457 0 0 0 0.00015281273255771303 2.0156079225740851e-05 0 0 -0.00022238960117305128 0 0.00023242953898684927 0 0 7.6788189778946146e-07 -4.666826068728012e-05
leaf_weight=415 26 92 20 58 20 111 77 96 28 90 261 49 33 89 82 49 45 21 28 56 2477 30 58 183 40 74 59 29 3371 923
leaf_count=415 26 92 20 58 20 111 77 96 28 90 261 49 33 89 82 49 45 21 28 56 2477 30 58 183 40 74 59 29 3371 923
internal_value=-1.15762e-07 -5.14494e-05 -0.00011946 -0.000182077 -0.000232742 5.78691e-07 2.43119e-05 5.83094e-05 9.77208e-05 0.000141468 0.000187634 -4.01359e-05 -2.9211e-05 -2.66946e-05 -7.98421e-05 -2.55143e-06 0.00010006 -0.000159593 -0.000227356 2.31141e-05 -2.22385e-06 -3.54357e-05 -0.000107897 -0.000149559 -0.000182321 0 8.56072e-05 0.000162125 1.39383e-06 -8.26503e-06
internal_weight=8990 216 124 98 78 8774 1115 739 564 447 351 175 376 117 298 216 78 98 77 167 7659 888 311 253 223 577 162 103 6771 4294
internal_count=8990 216 124 98 78 8774 1115 739 564 447 351 175 376 117 298 216 78 98 77 167 7659 888 311 253 223 577 162 103 6771 4294
is_linear=0
shrinkage=0.05


Tree=86
num_leaves=31
num_cat=0
split_feature=353 316 77 260 19 69 301 333 368 72 385 310 239 369 36 369 376 380 336 327 23 273 378 16 235 385 365 308 380 335
split_gain=0.000232128 0.00071888 0.000687599 0.000510446 0.00100703 0.00101176 0.00120182 0.00120199 0.00111487 0.00062842 0.000591424 0.00082553 0.0006651 0.000956845 0.00080201 0.000590648 0.00103043 0.000587555 0.000894225 0.000577697 0.000636485 0.000528089 0.000830999 0.000726697 0.000617965 0.000527427 0.00070744 0.000532542 0.000476189 0.000801774
threshold=0.17384541259759362 -0.028622125686889946 0.32688492063492108 -0.28327519458720735 -0.059718762984434792 -0.56756470019137739 -0.0036328295251299497 0.022156084656083954 0.96937117741464784 -0.97782374325058841 2.0649333588632839 0.0020411653201249003 -1.248972707755851 -0.72599454358863114 0.26901455026455007 -0.19088412450393441 0.0034787548679339505 -0.026649880989543847 -0.005291005291005949 -0.16140484193558061 0.0081018518518518028 2.1287037615926478 0.55823956591424806 -0.25745576495241468 0.59582800080929899 -1.9562694013348438 -0.12996031746031772 -0.014085438483348848 -0.011737232948351347 0.0071158894034126507
decision_type=10 10 2 10 2 2 10 10 10 2 8 10 10 10 2 10 8 10 10 10 2 10 10 2 10 10 10 10 10 10
left_child=3 2 -2 4 -1 6 -6 8 -8 -7 15 12 -12 -14 -15 16 19 18 -11 -5 -21 25 23 -23 -24 26 -17 -27 29 -3
right_child=1 28 -4 10 5 9 7 -9 -10 17 11 -13 13 14 -16 21 -18 -19 -20 20 -22 22 24 -25 -26 27 -28 -29 -30 -31
leaf_value=0 0 -0.00013712100765224814 0.00011705403014218106 -9.2866212800981726e-05 0 0.00012454954909796022 -0.00036188739413410396 0 0 0 0 -5.1413945273948082e-05 0 0 0.00024439512090513189 0 -9.7386863582510344e-05 0 -0.00024381444640967991 7.920400411112066e-05 -3.5398062533629725e-05 0.00023509818270369307 -0.00028583044445417837 2.138780621615289e-06 0 3.5054166263659145e-05 -0.00013229159621744991 -3.2334170630819657e-06 2.7585458381374921e-05 0
leaf_weight=1394 162 161 289 109 49 50 115 21 33 26 39 59 30 43 159 106 406 221 77 308 129 96 20 126 36 1210 166 2954 270 126
leaf_count=1394 162 161 289 109 49 50 115 21 33 26 39 59 30 43 159 106 406 221 77 308 129 96 20 126 36 1210 166 2954 270 126
internal_value=-6.03694e-08 2.19251e-05 7.05011e-05 -3.46343e-06 -2.57316e-05 -8.04545e-05 -0.000169649 -0.000234283 -0.000288031 -1.50672e-05 3.07869e-06 6.82004e-05 0.000112695 0.000148317 0.000192613 0 -3.66008e-05 -5.20721e-05 -0.0001509 0 3.39347e-05 6.53249e-06 7.38116e-05 0.000125451 -4.16331e-05 1.18749e-06 -6.46799e-05 6.69225e-06 -8.43708e-06 -5.97392e-05
internal_weight=8990 1008 451 7982 1986 592 218 169 148 374 5996 330 271 232 202 5666 952 324 103 546 437 4714 278 222 56 4436 272 4164 557 287
internal_count=8990 1008 451 7982 1986 592 218 169 148 374 5996 330 271 232 202 5666 952 324 103 546 437 4714 278 222 56 4436 272 4164 557 287
is_linear=0
shrinkage=0.05


Tree=87
num_leaves=31
num_cat=0
split_feature=397 246 19 368 50 384 279 80 347 27 73 66 371 259 284 253 321 85 385 322 322 50 313 259 60 259 274 59 331 322
split_gain=0.000227555 0.000538866 0.000617969 0.000662064 0.000365414 0.000692843 0.000615048 0.00078989 0.000443363 0.00043415 0.000384304 0.00115856 0.0010028 0.00105244 0.00101056 0.000605679 0.000734259 0.000758961 0.000916828 0.000601859 0.00101089 0.000584759 0.00050469 0.000438322 0.000385926 0.000362927 0.000361797 0.000357003 0.00043112 0.000374754
threshold=-0.46366599580580997 -0.84220902661976049 -0.19575146236330146 0.050601442649757807 1.1240699184160701 0.011383391398124002 0.38377705219788949 0.43634259259259306 0.015156422890182252 -1.3540763038195198 -1.5788418710008199 1.5447279409944052 0.32758023558680954 -0.78525556398398044 -0.00033068783068794999 1.5570284529349372 -0.005539894656778099 0.035156179831956458 0.27958534598813273 -0.011434417993713699 0.0095917382381001028 -2.7957776129254568 -0.013617644058743248 -0.15210064691830991 0.33779761904761907 1.7217644153584677 -0.20407846904259971 -0.53457044251679586 -0.027237291842680696 -0.0081059947574715976
decision_type=2 10 2 10 2 10 10 2 10 2 2 2 10 10 10 8 8 2 10 10 10 2 10 10 2 10 10 2 10 10
left_child=1 2 -1 -4 10 8 -7 -8 27 -10 11 12 19 -14 -15 21 23 -18 -19 24 -21 -12 -13 -17 -2 -25 -11 28 -6 -30
right_child=4 -3 3 -5 5 6 7 -9 9 26 15 22 13 14 -16 16 17 18 -20 20 -22 -23 -24 25 -26 -27 -28 -29 29 -31
leaf_value=0 0 0 0 0.00024137972226469435 0 0 0 -0.00034009899730818238 0 0 0.0002292470183319601 -0.00023565723121693808 0 0 0.00035673563112394044 -3.6160447116923529e-05 0 -1.5334433699090796e-05 -0.00022811182950871088 0.00020126609273301383 -3.7741179820072106e-06 0 0 0.0001140695141358868 -0.00021471234583364917 0 -0.00025806463778795772 -7.1512924006915702e-06 0 0.00016933074509969199
leaf_weight=95 22 810 94 86 36 114 61 54 31 23 28 36 38 33 84 146 255 167 145 81 79 5884 58 140 37 20 43 135 46 109
leaf_count=95 22 810 94 86 36 114 61 54 31 23 28 36 38 33 84 146 255 167 145 81 79 5884 58 140 37 20 43 135 46 109
internal_value=-5.51146e-08 2.07965e-05 8.12584e-05 0.000136616 -3.54983e-06 -3.94167e-05 -0.000109466 -0.000192899 0 -9.52247e-05 0 4.34753e-05 9.01169e-05 0.000189081 0.000264239 -3.34689e-06 -4.2477e-05 -7.74312e-05 -0.000130283 0 6.88579e-05 1.58619e-06 -8.88625e-05 5.96076e-06 -0.000112317 7.56254e-05 -0.000172455 2.64378e-05 7.63344e-05 0.000118863
internal_weight=8990 1085 275 180 7905 652 229 115 423 97 7253 468 374 155 117 6785 873 567 312 219 160 5912 94 306 59 160 66 326 191 155
internal_count=8990 1085 275 180 7905 652 229 115 423 97 7253 468 374 155 117 6785 873 567 312 219 160 5912 94 306 59 160 66 326 191 155
is_linear=0
shrinkage=0.05


Tree=88
num_leaves=31
num_cat=0
split_feature=330 216 80 75 19 355 274 329 238 263 276 253 254 198 199 393 248 73 232 19 207 246 398 247 382 232 197 282 13 300
split_gain=0.000224411 0.000569219 0.000381059 0.000329735 0.000474022 0.000718968 0.00068935 0.000512877 0.000385022 0.000865153 0.00089425 0.00136224 0.000535088 0.000563325 0.000867939 0.000875836 0.000481948 0.000424761 0.000721249 0.00103906 0.000787636 0.000548576 0.000789559 0.000341498 0.00054439 0.000323655 0.000321366 0.000556213 0.000424082 0.000316992
threshold=0.11135189527993107 -0.56302375388125736 0.64930555555555547 0.87797619047619058 -0.12917681676025011 -0.048408992734454696 -1.5389889022808005 -0.0075131613234579496 -2.1284998876220649 -0.66097566498362015 -1.0820666449968723 1.6927224641278773 -0.63387295254106946 -0.49973375640581491 -0.5871297528626056 -1.7278277833942715 -0.68754589628972174 -0.27558098468965847 -0.83166997317802593 0.92551619966472154 1.5029088571413283 -1.1005609398553955 -0.0045428617944939494 -0.78577465708003846 0.73011714630271907 0.48141205468475085 -1.653059397161418 -0.0018613664841298 0.004464285714285701 -0.022521137235214945
decision_type=10 10 2 2 2 10 10 10 8 10 10 10 10 10 10 2 10 2 10 2 10 10 2 10 10 10 10 10 2 10
left_child=3 2 -2 8 -5 -6 -7 -8 9 16 23 -12 13 14 25 -16 -1 18 20 -20 -14 22 -19 -11 -25 -10 27 -15 -28 -23
right_child=1 -3 -4 4 5 6 7 -9 12 10 11 -13 17 26 15 -17 -18 21 19 -21 -22 29 -24 24 -26 -27 28 -29 -30 -31
leaf_value=0 -0.00028511699318721419 0 0 0 0 0 0.0002374900958945866 0 -2.7841951337165017e-05 7.708240617653886e-05 0.00034669137092801014 0 0 -0.00015418518289310158 2.9756195149938223e-05 -0.00013968813660689957 -0.00025016868995894826 -0.00023550069352893849 1.623885689774456e-05 0.00014259156399000538 -0.00014824706377919935 4.0303625346613871e-05 -1.6034292055523658e-05 -0.00026348435323826305 0 9.9856267750642947e-05 5.2815398567556538e-05 0 -1.7459956864275691e-05 -5.8385496221409267e-06
leaf_weight=44 36 157 24 665 89 53 120 29 142 56 69 68 424 91 39 372 24 62 955 237 99 417 343 27 20 70 341 86 459 3372
leaf_count=44 36 157 24 665 89 53 120 29 142 56 69 68 424 91 39 372 24 62 955 237 99 417 343 27 20 70 341 86 459 3372
internal_value=-1.6525e-07 -5.074e-05 -0.000181599 5.16355e-07 2.86681e-05 8.22819e-05 0.000136549 0.000191916 -2.28724e-06 5.11079e-05 0.000105339 0.000189048 -5.14388e-06 -3.09283e-05 -6.86421e-05 -0.000111444 -6.67488e-05 9.92109e-07 2.2661e-05 4.55651e-05 -1.99813e-05 -6.67688e-06 -6.20241e-05 0 -0.000105115 0 -1.75773e-06 -6.616e-05 6.24855e-06 0
internal_weight=8990 217 60 8773 956 291 202 149 7817 308 240 137 7509 1600 623 411 68 5909 1715 1192 523 4194 405 103 47 212 977 177 800 3789
internal_count=8990 217 60 8773 956 291 202 149 7817 308 240 137 7509 1600 623 411 68 5909 1715 1192 523 4194 405 103 47 212 977 177 800 3789
is_linear=0
shrinkage=0.05


Tree=89
num_leaves=29
num_cat=0
split_feature=86 86 85 73 199 380 370 237 369 205 228 384 50 356 206 387 315 246 357 310 295 254 19 397 88 228 380 279
split_gain=0.00021528 0.000676878 0.0011033 0.00035441 0.000347737 0.000524915 0.000475611 0.000329028 0.000424369 0.00028378 0.000618164 0.000432291 0.000748606 0.000564445 0.000397381 0.000439056 0.000464293 0.000367018 0.000390977 0.000361955 0.000360333 0.000340943 0.000131966 0.000126759 0.00011545 0.000206273 0.000142607 2.9806e-05
threshold=0.0056216931216930511 0.014880952380952351 0.37113726182379508 0.32300063923006456 -2.2958608289923572 -0.020091541649626198 0.0194572202035737 0.93066058138488372 0.16237602906455853 1.2472809064924195 -0.87407435211986473 -1.5444558503618011 1.1811866454545503 0.0023566644817425001 1.5230947630911869 -0.020408751367615798 -0.037019033866580141 1.3669132827618653 0.027116402116401952 -0.00096753208925334994 -0.046416581625419388 0.81351363464849824 -0.12917681676025011 0.019565385501732455 0.012235449735449752 -1.6859133998515181 0.0280574306869967 -1.1341561440417747
decision_type=2 2 2 2 8 10 10 10 10 10 10 10 2 10 10 10 10 10 10 10 10 10 2 2 2 10 10 10
left_child=7 2 24 -4 5 -3 -7 8 22 10 20 13 -13 -12 17 16 -16 18 -11 -17 23 -22 -1 -6 -2 -26 -27 -19
right_child=1 4 3 -5 9 6 -8 -9 -10 14 11 12 -14 -15 15 19 -18 27 -20 -21 21 -23 -24 -25 25 26 -28 -29
leaf_value=0 -8.4449403912142994e-05 0 0.00040741523704564088 0 5.6112026924545507e-05 -0.00035982892395378986 0 0 0 8.9159375190541319e-05 0.00015388283905521887 5.4543635762392832e-06 -6.6784627118856291e-05 0 0 0.00010742727964240156 -0.00011450381922739535 -2.3099368849515327e-05 0 0 -5.2808411998476093e-05 0 -0.00028404991652280885 0 0 0.00019324680101625991 0 1.0998544557154254e-05
leaf_weight=20 26 39 32 20 126 26 22 44 23 437 107 5023 386 70 133 99 154 96 67 315 1182 229 34 21 21 26 20 192
leaf_count=20 26 39 32 20 126 26 22 44 23 437 107 5023 386 70 133 99 154 96 67 315 1182 229 34 21 21 26 20 192
internal_value=-1.27412e-07 2.17122e-07 0.000107728 0.000291997 -9.97882e-07 -0.000100403 -0.000213393 -6.66484e-05 -0.000132838 0 -4.13872e-06 2.81547e-06 0 7.97019e-05 1.98291e-05 -1.09326e-06 -5.47211e-05 4.46577e-05 7.03836e-05 2.40134e-05 -3.22796e-05 -4.16188e-05 -0.000211561 2.33403e-05 0 3.90818e-05 0.000115799 0
internal_weight=8990 8869 145 52 8724 87 48 121 77 8637 7144 5586 5409 177 1493 701 287 792 504 414 1558 1411 54 147 93 67 46 288
internal_count=8990 8869 145 52 8724 87 48 121 77 8637 7144 5586 5409 177 1493 701 287 792 504 414 1558 1411 54 147 93 67 46 288
is_linear=0
shrinkage=0.05


Tree=90
num_leaves=31
num_cat=0
split_feature=350 394 350 21 376 58 55 398 204 365 65 325 339 391 223 397 321 66 279 342 50 202 216 326 210 351 228 246 356 391
split_gain=0.000213142 0.000511671 0.000503792 0.000486126 0.000398758 0.000323864 0.000816447 0.00122677 0.000596056 0.000642032 0.000966415 0.000809754 0.00065853 0.000980968 0.000953074 0.00062316 0.000339587 0.000721366 0.000716024 0.0008139 0.000557917 0.00103025 0.000629323 0.000585043 0.000729692 0.00058816 0.000552215 0.000514441 0.00044347 0.000667338
threshold=0.30898207326834098 -0.13065281382287472 0.63819206911826021 0.62841325544540161 -0.050489551623890343 -0.52681670990201546 -0.5471962871766064 0.0021732324464244003 -2.0739938061069823 0.2433862433862434 -0.43007412171271392 -0.0020802482857891999 0.083192268050316223 0.44269446211874014 0.82926290283964865 0.1294848830562462 0.021111149028490202 -0.15913088492293945 2.1453342312718697 -0.025156026753976195 -1.1190841854499618 0.47681072169340355 1.6628373523345341 -0.11080604165662454 -1.2361347876955766 -0.0025874724682167496 -0.64689217752997841 1.1435454682182244 -0.0033750877008095494 1.4286608962475962
decision_type=10 2 10 2 10 2 2 2 10 10 2 10 10 2 10 2 10 2 10 10 2 10 10 10 10 8 10 10 10 2
left_child=5 -2 3 4 -3 6 7 -1 15 12 -11 -12 13 -10 -14 -8 20 18 19 -18 21 23 26 24 -7 -25 -23 -21 -19 -30
right_child=1 2 -4 -5 -6 16 8 -9 9 10 11 -13 14 -15 -16 -17 17 28 -20 27 -22 22 -24 25 -26 -27 -28 -29 29 -31
leaf_value=0.00039344710878278633 0 0 0 0 -0.00030657592231083639 0.00017916999321756518 -0.00033373119998965166 0 2.2759997236196158e-05 0 0 0.00037279969495038982 0.0003005904355145934 -0.00015245189259033637 0 0 0 5.7704896922678396e-05 8.9445899671243254e-06 -0.00020782085426555971 -1.2153937655246365e-06 0 0 0 0 -0.00015055950501767298 0.00027310995754678801 0 6.7430148522740725e-06 -0.00012202743219390813
leaf_weight=38 227 20 55 97 56 88 23 20 124 75 22 47 39 124 29 20 64 223 49 179 6600 33 21 130 88 85 93 20 165 136
leaf_count=38 227 20 55 97 56 88 23 20 124 75 22 47 39 124 29 20 64 223 49 179 6600 33 21 130 88 85 93 20 165 136
internal_value=-7.98362e-08 -3.38642e-05 -8.88595e-05 -0.000132969 -0.000237039 1.13576e-06 3.8113e-05 0.00022074 7.07664e-06 3.29799e-05 0.000120878 0.000255803 0 -4.47189e-05 0.00012996 -0.000153452 -8.39137e-07 -3.14092e-05 -9.17671e-05 -0.000129531 2.04114e-06 5.12759e-05 0.000164703 0 7.55049e-05 -4.6177e-05 0.000210051 -0.000179976 0 -3.48544e-05
internal_weight=8990 455 228 173 76 8535 561 58 503 460 144 69 316 248 68 43 7974 836 312 263 7138 538 147 391 176 215 126 199 524 301
internal_count=8990 455 228 173 76 8535 561 58 503 460 144 69 316 248 68 43 7974 836 312 263 7138 538 147 391 176 215 126 199 524 301
is_linear=0
shrinkage=0.05


Tree=91
num_leaves=31
num_cat=0
split_feature=286 352 55 85 228 229 221 273 345 240 213 349 211 361 322 85 391 89 364 64 201 19 30 16 258 321 13 397 270 247
split_gain=0.000215991 0.000623436 0.000773593 0.00136508 0.000786675 0.00145689 0.000717481 0.000921187 0.000746616 0.000843081 0.0011849 0.000657588 0.000656156 0.000938981 0.000638821 0.00090372 0.000471487 0.000467586 0.000635492 0.000640835 0.00039839 0.00112927 0.00108291 0.000503236 0.0004036 0.000771913 0.000926801 0.000926415 0.000424003 0.000856285
threshold=-0.00033068783068784991 -0.0030659851019118494 -0.036513073348826398 0.35609280098669105 0.79509224758441432 -0.35576352444860759 1.0202925830171272 0.14647481981508179 0.0066137566137569508 -0.11726146022269823 -1.2550193366100981 0.044129909616530703 -0.71418061570740643 0.0010563947104409502 -0.0088397782622272481 -0.30971237905073151 1.3489730577551733 -0.34362094914928293 -0.03289008878137499 -0.36029481676416891 -0.96704124551020287 2.228098564264791 2.9679728914771233 -0.8292903530552459 1.7217644153587162 0.014364938649469352 0.0041335978835978513 0.065120453292143624 2.0859129898212934 0.37190142280317168
decision_type=10 8 2 2 10 10 10 10 10 10 10 10 10 10 10 2 2 2 10 2 8 2 2 2 8 10 2 2 10 10
left_child=1 2 4 -4 16 11 7 -3 9 -9 -11 -6 -5 -14 15 -8 -1 18 -16 -20 21 23 24 -2 28 -26 -27 -28 -22 -30
right_child=20 6 3 12 5 -7 14 8 -10 10 -12 -13 13 -15 17 -17 -18 -19 19 -21 22 -23 -24 -25 25 26 27 -29 29 -31
leaf_value=0 7.146806923944114e-05 8.4171785567807122e-06 0 0 0.00035467576153564757 0 0 0 0 0 0.00033052431350839292 0 -0.00042109928416568802 0 0 -0.00020518924563525041 -0.00010477671678732596 0 0.00034905704675460627 0 0 0.0003076867248028506 -0.0002664066520420007 -9.7105869981742096e-06 0 0 -0.00041195365416321405 0 0 -0.00019623277957373552
leaf_weight=243 244 313 176 26 56 200 96 42 43 21 117 20 53 35 46 79 132 316 40 44 5409 35 42 622 165 30 46 26 188 85
leaf_count=243 244 313 176 26 56 200 96 42 43 21 117 20 53 35 46 79 132 316 40 44 5409 35 42 622 165 30 46 26 188 85
internal_value=0 1.34629e-05 -1.29203e-05 -8.33499e-05 1.07825e-05 8.0087e-05 3.9241e-05 8.16664e-05 0.000162017 0.000207076 0.000266803 0.000266705 -0.000218113 -0.000283253 0 -7.82088e-05 -2.69036e-05 3.43392e-05 0.000114142 0.000197599 -4.81365e-06 2.46412e-05 -1.00783e-05 7.39453e-06 -7.42375e-06 -6.86997e-05 -0.00017677 -0.000276379 -3.66325e-06 -6.45027e-05
internal_weight=8990 2098 941 290 651 276 1157 536 223 180 138 76 114 88 621 175 375 446 130 84 6892 901 5991 866 5949 267 102 72 5682 273
internal_count=8990 2098 941 290 651 276 1157 536 223 180 138 76 114 88 621 175 375 446 130 84 6892 901 5991 866 5949 267 102 72 5682 273
is_linear=0
shrinkage=0.05


Tree=92
num_leaves=31
num_cat=0
split_feature=248 397 395 212 229 296 76 297 76 63 213 72 378 65 229 362 273 50 339 351 397 247 25 65 62 375 344 79 325 273
split_gain=0.000218532 0.00059807 0.000543694 0.000726926 0.000979071 0.000709992 0.000505353 0.000485165 0.000695447 0.000687158 0.00088027 0.000409858 0.000428876 0.000383491 0.00113999 0.0011731 0.00103296 0.000549735 0.000827396 0.00102791 0.000732879 0.000753259 0.000650289 0.000506629 0.00058054 0.00055885 0.000445759 0.000382778 0.000378295 0.000649035
threshold=0.78771253426859567 -0.085782701068738823 0.22569217675839712 -1.345583664526808 -1.5407580721204333 -0.0030532373014549997 -0.6132960083964708 0.0014923688482498003 0.15781922366796705 0.51372354497354511 1.5037846118862559 0.38740747335129355 0.00055932665200030018 0.49085883940570502 -1.4218996567131656 0.0003306878306873501 0.86930537983253697 -0.87547598142693583 0.0021358426326501504 0.045759416182770858 0.7288289193297518 -0.58925941948316363 0.011739417989418003 1.3797623809588475 0.34308862433862403 -0.11048378114785269 -0.0022648267932778494 0.11065937201391803 -0.011927769763169198 1.5167785136228251
decision_type=8 2 2 10 10 10 2 10 2 2 10 2 10 2 10 10 10 2 10 10 2 10 2 2 2 10 10 2 10 10
left_child=7 28 -3 4 -4 -6 -7 13 -9 10 -10 -5 -13 17 15 16 -15 18 20 -20 21 -1 -21 24 -16 -26 -25 -14 -2 -30
right_child=1 2 3 11 5 6 -8 8 9 -11 -12 12 27 14 23 -17 -18 -19 19 22 -22 -23 -24 26 25 -27 -28 -29 29 -31
leaf_value=0 4.973969834985269e-05 0 0 -5.5427902186312144e-05 0 0 -0.00027688057874708315 0 0.00027527485029648941 0 0 0 0.00022538108502211346 0 1.0436385067696546e-05 0 -0.00050659544122278941 -9.8623682751210516e-07 -0.00029088536900104327 -0.00014250110561025222 0 0.00017076306459491087 9.5088807300323754e-05 0 0 -0.00019375139693825815 0.00017588862152744333 0 0 -0.00021787328923192733
leaf_weight=79 386 421 58 300 22 21 136 369 92 96 29 51 44 27 70 46 36 5118 31 32 69 245 108 54 27 87 63 20 818 35
leaf_count=79 386 421 58 300 22 21 136 369 92 96 29 51 44 27 70 46 36 5118 31 32 69 245 108 54 27 87 63 20 818 35
internal_value=0 -1.37548e-05 -4.18512e-05 -7.04749e-05 -0.000144457 -0.000203205 -0.000241605 4.03808e-06 4.74896e-05 0.00011873 0.000198639 -1.61548e-05 4.28153e-05 0 -4.68342e-05 -0.000185385 -0.000325422 3.22764e-06 5.03234e-05 -1.95308e-05 9.34347e-05 0.000127443 5.0308e-06 0 -4.82648e-05 -0.000128108 8.45804e-05 0.000141487 6.5435e-06 -7.14622e-06
internal_weight=8990 2312 1073 652 237 179 157 6678 586 217 121 415 115 6092 410 109 63 5682 564 171 393 324 140 301 184 114 117 64 1239 853
internal_count=8990 2312 1073 652 237 179 157 6678 586 217 121 415 115 6092 410 109 63 5682 564 171 393 324 140 301 184 114 117 64 1239 853
is_linear=0
shrinkage=0.05


Tree=93
num_leaves=31
num_cat=0
split_feature=333 34 75 366 348 310 328 380 257 346 330 46 384 50 49 336 228 388 242 325 48 252 299 392 314 35 31 334 265 93
split_gain=0.000213388 0.000348015 0.000348467 0.000428976 0.000292008 0.000838104 0.000498769 0.000417078 0.000284326 0.000829867 0.000695765 0.000756705 0.000663282 0.000543135 0.000734243 0.000523597 0.000484417 0.000464707 0.00105718 0.000964151 0.000761414 0.00115224 0.000522726 0.000459752 0.00063026 0.000463348 0.000426973 0.000828829 0.000402999 0.000392007
threshold=-0.047288359788359394 0.39814814814814897 0.27149470899470907 1.6023481931033412 -0.39174725364107249 0.00064715706824650012 0.0086615625545876512 -0.058043169587088446 1.0000000180025095e-35 0.010334102283931902 -0.013305881490521998 0.0024801587301587001 0.0034731782787291504 -1.5684761137222198 -0.66209236048201581 0.0033068783068781007 1.0195903082145927 1.0000000180025095e-35 1.6061908968614738 -0.011409984810760899 0.90086930137584009 -0.48754530417019942 0.044440901501847908 1.1738301467491041 0.0087880658682847022 0.65509259259259323 0.87045304232804066 0.018189597320253003 -2.0291452629141569 -0.59961698454212742
decision_type=10 2 2 10 8 10 10 10 10 10 10 2 10 2 2 10 10 2 10 10 2 10 10 2 10 2 2 10 10 2
left_child=1 -1 -3 -4 5 6 7 -2 9 17 -11 16 -13 14 -10 -16 -12 18 -6 -20 22 -22 -19 26 29 -26 28 -28 -15 -25
right_child=4 2 3 -5 8 -7 -8 -9 13 10 11 12 -14 23 15 -17 -18 20 19 -21 21 -23 -24 24 25 -27 27 -29 -30 -31
leaf_value=0 0 0 0.00015840424029179868 0 0 0 0 -0.00033783492932674237 0 6.2446653980432286e-05 0 -2.6223491627538036e-05 -0.00014781518949578398 -9.6405578152573162e-05 0.0002463181561823761 0 0.00023143280848817919 -3.8977371066898951e-05 0 -0.00015736509525064894 0.00014338390548837318 2.5324351223994981e-07 3.871980345971937e-05 0 -0.00010105070312032211 1.2573538233758327e-05 -7.6329741127681178e-05 5.4339335035963087e-05 1.2000740230219223e-05 8.5457312019140375e-05
leaf_weight=84 23 37 132 27 2240 96 26 45 33 70 30 366 320 85 79 35 26 549 75 220 269 451 326 248 119 168 488 116 1712 495
leaf_count=84 23 37 132 27 2240 96 26 45 33 70 30 366 320 85 79 35 26 549 75 220 269 451 326 248 119 168 488 116 1712 495
internal_value=0 4.22922e-05 8.36152e-05 0.000118714 -1.9309e-06 -6.33326e-05 -0.000174268 -0.000245508 0 -8.31806e-06 -5.45505e-05 -7.23325e-05 -9.02435e-05 1.01534e-05 0.000106057 0.000174897 5.77201e-05 0 -1.25167e-05 -0.000101499 2.18939e-05 6.06844e-05 -4.31487e-06 4.58419e-06 3.33309e-05 -1.71422e-05 -5.66632e-06 -4.29527e-05 4.08567e-06 5.95556e-05
internal_weight=8990 280 196 159 8710 190 94 68 8520 4942 812 742 686 3578 147 114 56 4130 2535 295 1595 720 875 3431 1030 287 2401 604 1797 743
internal_count=8990 280 196 159 8710 190 94 68 8520 4942 812 742 686 3578 147 114 56 4130 2535 295 1595 720 875 3431 1030 287 2401 604 1797 743
is_linear=0
shrinkage=0.05


Tree=94
num_leaves=31
num_cat=0
split_feature=353 316 208 216 252 260 19 236 319 323 320 200 274 385 310 239 369 320 369 376 327 236 310 217 235 397 250 219 78 381
split_gain=0.000210888 0.000613656 0.00072161 0.000716044 0.000588203 0.000436414 0.000875882 0.000979568 0.00105255 0.00121851 0.00116111 0.000837529 0.000695551 0.00048935 0.000725993 0.000585775 0.000876091 0.000630692 0.000504262 0.000907607 0.000477703 0.00065628 0.000474505 0.001245 0.000622507 0.000451771 0.000496742 0.000449129 0.000528518 0.000443006
threshold=0.17384541259759362 -0.028622125686889946 -1.2900630152703891 -0.74136754876731648 -0.28779592500156631 -0.28327519458720735 -0.059718762984434792 -0.60428413476835752 0.011614940131314451 -0.72950485575375135 -0.0048706915388312495 0.28227306046691181 -0.10168100482579263 2.0649333588632839 0.0020411653201249003 -1.248972707755851 -0.72599454358863114 -0.019042266619020944 -0.19088412450393441 0.0034787548679339505 -0.16140484193558061 0.42377694488812639 0.0025665111144349004 0.46959898389543592 -1.2381036072527305 -0.49021141579304184 1.4843546951789064 -0.55385554902350254 0.94527116402116407 0.38453802453823815
decision_type=10 10 10 10 10 10 2 10 10 10 10 10 10 8 10 10 10 8 10 10 10 10 10 10 10 2 10 10 2 10
left_child=5 2 3 -2 -5 6 -1 8 9 -8 -11 27 -13 18 15 -15 -17 -18 19 20 -7 -22 -20 24 -24 -21 -27 29 -29 -9
right_child=1 -3 -4 4 -6 13 7 11 -10 10 -12 12 -14 14 -16 16 17 -19 22 25 21 -23 23 -25 -26 26 -28 28 -30 -31
leaf_value=0 0 -6.324735427971687e-06 1.5770297953830773e-05 0.00038370791534228835 0 -8.3315584252093982e-05 0 0.00020707225722144896 0 0 -0.00040352655952452781 -0.00020592758527321234 0 0 -4.7557436856394909e-05 0 0 0.0002161766087988573 0 0 9.7509563078530638e-05 -1.0185524569232521e-05 0 -3.4995451744386899e-05 0.0001500097747014071 -0.00013154177369201282 0 3.710179629274117e-06 -0.00024429859474461472 0
leaf_weight=1394 30 557 351 47 23 109 30 54 25 30 87 92 60 39 59 30 27 175 4144 49 216 221 116 197 257 331 26 169 22 23
leaf_count=1394 30 557 351 47 23 109 30 54 25 30 87 92 60 39 59 30 27 175 4144 49 216 221 116 197 257 331 26 169 22 23
internal_value=0 2.10204e-05 6.58706e-05 0.000191581 0.000279191 -3.2009e-06 -2.38113e-05 -7.48334e-05 -0.000180425 -0.000236588 -0.000310368 -1.96566e-05 -0.000119354 2.79209e-06 6.20297e-05 0.00010434 0.000137934 0.000180796 0 -3.38169e-05 0 3.1617e-05 6.03778e-06 4.88082e-05 0.000106468 -9.09311e-05 -0.000112097 1.8262e-05 0 0.000125391
internal_weight=8990 1008 451 100 70 7982 1986 592 172 147 117 420 152 5996 330 271 232 202 5666 952 546 437 4714 570 373 406 357 268 191 77
internal_count=8990 1008 451 100 70 7982 1986 592 172 147 117 420 152 5996 330 271 232 202 5666 952 546 437 4714 570 373 406 357 268 191 77
is_linear=0
shrinkage=0.05


Tree=95
num_leaves=31
num_cat=0
split_feature=211 340 85 66 381 258 374 78 255 378 374 234 352 33 253 360 375 326 380 341 379 238 18 372 238 197 252 388 299 24
split_gain=0.000209449 0.000512952 0.000859913 0.00071509 0.00110735 0.000904227 0.000736418 0.000387433 0.000400485 0.000433226 0.000360258 0.000588021 0.000531157 0.000370874 0.000319462 0.000747304 0.000828351 0.000947817 0.000896721 0.000936036 0.000847758 0.00084604 0.00119246 0.000760998 0.000651949 0.000629692 0.000433488 0.000778039 0.000875267 0.000672102
threshold=-0.82642608117316907 0.0012569245847924 0.30835715566285005 1.4518806112580152 -1.2218760522546923 1.7217644153587817 0.21718289046390393 0.81498015873015917 -0.020912601979058299 -0.27486070488541486 -0.021506205220965299 1.6132168765010437 0.14254573754080432 1.9344501946985102 0.043389920463596555 0.036070063883650451 -0.19748144759674482 0.017661477827956702 -0.0032579726087820994 -0.00033068783068769997 -0.06629710812075143 -0.23957689605425198 0.74949336080235851 -0.0024919805059198997 -0.045053150644666043 -1.4885802066747267 -0.5159284890870649 0.080571063106034763 -0.17950443623747783 0.98792989417989407
decision_type=8 10 2 2 10 10 10 2 10 10 10 10 10 2 8 8 8 10 8 10 10 10 2 10 10 10 10 2 10 2
left_child=1 2 7 4 -4 6 -6 -1 9 -9 11 12 13 -3 26 16 23 18 20 -20 -18 22 -19 25 -25 -16 27 -2 -29 -30
right_child=14 10 3 -5 5 -7 -8 8 -10 -11 -12 -13 -14 -15 15 -17 17 21 19 -21 -22 -23 -24 24 -26 -27 -28 28 29 -31
leaf_value=2.7836309520328624e-05 0 -0.00026157014293326346 0 0 0.00031676489872048462 0 0 0 0 -0.00023388686845126768 0 0 0 0 -0.00022554489542045441 2.5125345348129001e-05 -3.080988880308149e-05 -0.00028535585450721888 0 -0.0001062921262772674 0.00012130575470886527 -2.3370212283350656e-05 0 0.00023747453041514873 0 0 -3.3613378661520994e-06 0 0.00021463164724611026 0
leaf_weight=639 417 69 55 62 123 21 20 23 91 47 640 47 43 20 32 555 112 136 346 395 176 226 76 67 59 91 4082 127 149 44
leaf_count=639 417 69 55 62 123 21 20 23 91 47 640 47 43 20 32 555 112 136 346 395 176 226 76 67 59 91 4082 127 149 44
internal_value=0 1.41943e-05 3.80259e-05 0.000114638 0.000158177 0.000224222 0.000271018 4.85587e-06 -5.52763e-05 -0.000145961 -1.11576e-05 -7.48203e-05 -0.000136814 -0.000206531 -4.4562e-06 -2.01489e-05 -3.7706e-05 -5.35072e-05 -2.1149e-05 -5.35321e-05 4.48044e-05 -0.000118092 -0.000195436 3.52996e-05 0.000130702 -2.18393e-05 1.90187e-06 3.78329e-05 9.68115e-05 0.000163916
internal_weight=8990 1900 1081 281 219 164 143 800 161 70 819 179 132 89 7090 2271 1716 1467 1029 741 288 438 212 249 126 123 4819 737 320 193
internal_count=8990 1900 1081 281 219 164 143 800 161 70 819 179 132 89 7090 2271 1716 1467 1029 741 288 438 212 249 126 123 4819 737 320 193
is_linear=0
shrinkage=0.05


Tree=96
num_leaves=31
num_cat=0
split_feature=80 273 77 378 375 9 374 331 249 331 260 277 394 80 315 378 19 64 73 295 324 377 384 343 343 235 377 329 27 326
split_gain=0.000209434 0.000310433 0.00026392 0.000921709 0.00107395 0.000710024 0.000896219 0.000653243 0.00051769 0.00045664 0.00049319 0.000405595 0.000360257 0.000396088 0.000397638 0.000353814 0.00065969 0.000445435 0.000438677 0.000582484 0.00118048 0.000888969 0.000667166 0.000432171 0.000671161 0.000670303 0.000383807 0.000426983 0.000330582 0.000667644
threshold=0.98181216931216964 -0.50730797670729 0.23627645502645503 0.0093131573185332005 0.0050556239639523515 2.0887732556143557 0.34287981928341532 0.095020261598926611 1.7188523435930982 0.010704614497971951 0.16869430896397622 0.14008913796196093 -0.4663537438594742 0.81580687830687815 -0.036911349589729893 -1.4446320828178549 -0.035090110258501742 0.22527994715234254 0.90950323320320858 0.00046816482821150006 0.014745486366977752 -0.12699904985588886 0.06782421733318901 0.039682539682539507 -1.0000000180025095e-35 0.27307468838396792 0.10661661244429417 -0.022163738539720746 0.51106798513033957 -0.085290876091780737
decision_type=2 10 2 10 10 2 10 10 8 10 10 10 2 2 10 8 2 2 2 10 10 10 10 10 10 10 10 10 2 10
left_child=2 -2 3 8 5 6 7 -5 12 10 11 -10 -1 14 -14 16 -4 26 19 23 21 -21 -22 24 -17 -25 27 -18 -20 -30
right_child=1 -3 15 4 -6 -7 -8 -9 9 -11 -12 -13 13 -15 -16 18 17 -19 28 20 22 -23 -24 25 -26 -27 -28 -29 29 -31
leaf_value=2.1525798061431164e-05 0 9.8555048000077662e-05 0 -0.00023905937889969419 0 0 0 0 0.00024146092221550425 0 0 0 0 0 -0.00010886802851268638 -1.6759822776143318e-05 0 0 -1.4685015711140467e-06 0 3.3652364655417077e-05 0.00013043617363480919 -7.0994846414943009e-05 -0.00024255344793515409 2.9740357560240066e-05 0 0 -0.0003392480935789103 4.1182224423362198e-05 -0.00010275311378963037
leaf_weight=322 92 131 216 197 334 75 25 20 80 65 47 36 53 116 235 1416 22 20 2152 204 413 446 238 45 1569 39 21 48 59 254
leaf_count=322 92 131 216 197 334 75 25 20 80 65 47 36 53 116 235 1416 22 20 2152 204 413 446 238 45 1569 39 21 48 59 254
internal_value=0 4.7213e-05 -1.73136e-06 -2.03445e-05 -6.70889e-05 -0.000133074 -0.000174719 -0.000210623 6.3166e-06 7.49554e-05 0.000121888 0.000177457 -8.36065e-06 -4.45536e-05 -7.88755e-05 1.74194e-06 -4.77563e-05 -0.000146831 4.84222e-06 1.48585e-05 4.3093e-05 9.08635e-05 0 1.25927e-06 6.00717e-06 -0.000107814 -0.000196255 -0.000252472 -1.08864e-05 -5.96477e-05
internal_weight=8990 223 8767 1605 651 317 242 217 954 228 163 116 726 404 288 7162 327 111 6835 4370 1301 650 651 3069 2985 84 91 70 2465 313
internal_count=8990 223 8767 1605 651 317 242 217 954 228 163 116 726 404 288 7162 327 111 6835 4370 1301 650 651 3069 2985 84 91 70 2465 313
is_linear=0
shrinkage=0.05


Tree=97
num_leaves=31
num_cat=0
split_feature=357 250 295 246 357 316 246 359 266 202 295 339 65 283 363 397 374 60 344 246 33 246 207 385 363 50 211 377 69 227
split_gain=0.00020152 0.000594284 0.000709947 0.000762951 0.000478552 0.000667052 0.000662942 0.000805831 0.000724768 0.000622549 0.000332651 0.000353717 0.000638666 0.00107313 0.00236966 0.00098863 0.000486118 0.000629228 0.000480056 0.000775135 0.000512849 0.00042674 0.000321287 0.000324979 0.000318171 0.000280674 0.000260076 0.000479615 0.000689868 0.000464836
threshold=0.098214285714285657 -0.014413567648220748 -0.0032894855490179496 0.74555359835795043 0.037037037037036959 -0.035155981894975645 -0.068596562954810786 0.037315682632961859 -1.2410263365010052 -0.88053323752637747 -0.11622630264596208 -0.28768207245179361 0.31664307481555171 -0.0016838791999352497 0.0044053148410778007 0.34285557906778058 0.0087210039302695018 0.17873677248677253 -0.029757547757935248 -0.84220902661976049 -1.8277530292266198 0.48948275244266254 -0.75374033139536056 -1.470982963175703 -0.56692174424272801 0.74032003390900514 -0.33255245209640938 0.024763277124434904 0.19489068289037603 1.0000000180025095e-35
decision_type=10 10 10 10 8 10 10 10 10 10 10 10 2 10 10 2 10 2 10 10 2 10 10 10 10 2 10 10 2 10
left_child=4 2 -2 -4 10 26 7 8 -7 -10 22 16 18 14 -14 -15 17 -12 19 -13 -20 -19 -1 -24 -25 -26 -6 28 29 -28
right_child=1 -3 3 -5 5 6 -8 -9 9 -11 11 12 13 15 -16 -17 -18 21 20 -21 -22 -23 23 24 25 -27 27 -29 -30 -31
leaf_value=0 0 0 -0.00035062977202161404 0 3.5924825715261475e-05 0 0 0 0 0.00032745261393186877 0 0.00012453781700498041 -0.00055351415930422775 -7.2101076894974566e-05 0 5.7309897957932183e-05 0 0.00023956130502386996 -7.0977643115424557e-05 0 -2.283799809386339e-06 0 0 0 0.00021876562880898611 0 -0.00032399056464884213 0 0 0
leaf_weight=72 43 98 46 22 164 35 150 20 20 92 26 187 33 433 24 186 104 79 298 446 6083 25 20 20 80 21 43 64 34 22
leaf_count=72 43 98 46 22 164 35 150 20 20 92 26 187 33 433 24 186 104 79 298 446 6083 25 20 20 80 21 43 64 34 22
internal_value=0 -4.88821e-05 -0.000133678 -0.000234981 6.88704e-07 4.25763e-05 9.45573e-05 0.000163968 0.000210324 0.000272417 -2.01249e-06 -4.26149e-06 -6.68721e-06 -5.33633e-05 -0.000271757 -2.51358e-05 5.40659e-05 0.000120835 -1.47508e-06 3.90218e-05 -6.27651e-06 0.000182644 5.8154e-05 0.000103924 0.000138898 0.000176003 0 -5.18453e-05 -0.000128542 -0.000227256
internal_weight=8990 209 111 68 8781 644 317 167 147 112 8137 7924 7690 676 57 619 234 130 7014 633 6381 104 213 141 121 101 327 163 99 65
internal_count=8990 209 111 68 8781 644 317 167 147 112 8137 7924 7690 676 57 619 234 130 7014 633 6381 104 213 141 121 101 327 163 99 65
is_linear=0
shrinkage=0.05


Tree=98
num_leaves=31
num_cat=0
split_feature=330 216 75 19 355 274 371 255 379 358 358 255 353 320 241 370 18 258 348 328 361 13 367 253 63 355 50 39 70 352
split_gain=0.000202994 0.000489851 0.000279297 0.000403346 0.000641332 0.000601752 0.000377544 0.000337119 0.000796593 0.00168331 0.00089674 0.000543001 0.00044656 0.000542021 0.000404519 0.000355395 0.000552487 0.000450094 0.000598206 0.000375758 0.000320241 0.000318219 0.000317056 0.000270108 0.000181465 0.000187342 0.00023986 0.000213903 0.000179057 0.000279208
threshold=0.11135189527993107 -0.56302375388125736 0.87797619047619058 -0.12917681676025011 -0.048408992734454696 -1.5389889022808005 1.3791567069188833 -2.473775996446379 -0.21481589309435603 -0.0073333735313344988 -0.047963127838420445 -2.3743808474461834 -0.018508456539226694 0.0090251522108076524 0.85515202095059262 0.60030729330271104 -0.88132275955587269 1.0475512536426186 0.0046417063792136516 -0.017142246482844844 0.0031981438758901504 0.006779100529100501 -0.36342592592592587 0.31234383098935781 0.074570105820105814 0.061780008781574858 0.23658441493283003 0.8210823939011197 0.91170634920634908 0.023198126286653905
decision_type=10 10 2 2 10 10 10 8 10 10 10 8 10 10 10 10 2 8 10 8 10 2 10 10 2 10 2 2 2 10
left_child=2 23 7 24 -5 -6 22 8 14 10 -10 21 13 -11 -1 17 -17 19 -19 -13 -14 -9 -7 -2 -4 26 27 -26 29 -27
right_child=1 -3 3 4 5 6 -8 11 9 12 -12 15 20 -15 -16 16 -18 18 -20 -21 -22 -23 -24 -25 25 28 -28 -29 -30 -31
leaf_value=0 0 0 -6.853860783411369e-05 0 0 0 0 -0.00025730347543336245 0 0 0.00053799603010819394 -3.5900493578775547e-05 0.0001830579755382074 -0.00018835952952050663 -0.00022875630750839187 0 0.00021249631084206469 -5.4702692719694343e-05 0 6.4742718189508581e-06 0 0 0.00026070316760349921 -0.00032248344540483122 9.6490509024349275e-05 -0.00014751677788374861 0 0 0 0
leaf_weight=91 37 157 72 89 53 23 30 34 25 59 31 571 53 42 22 36 48 924 742 5082 33 24 96 23 181 54 198 56 74 30
leaf_count=91 37 157 72 89 53 23 30 34 25 59 31 571 53 42 22 36 48 924 742 5082 33 24 96 23 181 54 198 56 74 30
internal_value=0 -4.81055e-05 7.61411e-07 2.66486e-05 7.61342e-05 0.000127602 0.000179332 -1.7652e-06 4.45318e-05 0.000102468 0.000347123 -4.64496e-06 2.33236e-06 -3.70296e-05 -3.58284e-05 -2.761e-06 9.69648e-05 -4.59001e-06 -2.76063e-05 1.30904e-06 0.000106621 -0.000158633 0.000219512 -0.000169517 0 1.39229e-05 3.5609e-05 6.9685e-05 -1.41418e-05 -7.54897e-05
internal_weight=8990 217 8773 956 291 202 149 7817 356 243 56 7461 187 101 113 7403 84 7319 1666 5653 86 58 119 60 665 593 435 237 158 84
internal_count=8990 217 8773 956 291 202 149 7817 356 243 56 7461 187 101 113 7403 84 7319 1666 5653 86 58 119 60 665 593 435 237 158 84
is_linear=0
shrinkage=0.05


Tree=99
num_leaves=31
num_cat=0
split_feature=351 387 224 328 261 357 353 40 89 363 93 229 393 392 258 238 18 246 50 219 331 346 315 76 257 360 252 371 324 226
split_gain=0.000204936 0.000288817 0.000308384 0.000223508 0.000402131 0.000420429 0.000540658 0.000675989 0.000341875 0.000694788 0.00081128 0.000698667 0.00118132 0.000413572 0.000448534 0.000376372 0.000926533 0.000701518 0.000916034 0.00119392 0.000669464 0.000502494 0.000475912 0.000452783 0.000382648 0.000682341 0.000352964 0.000339126 0.000527453 0.000337503
threshold=-1.5568851295373671 -0.028429022762717946 1.288595615952308 -0.025846815846453895 -1.1376957921830486 -0.022321428571428496 -0.026832714988712699 -0.91313971251545134 -0.95651540520330391 0.61072035237112632 0.80691105361468063 -2.0493961635498379 0.48290694246174021 0.8595136157219444 -0.49203769222032939 -2.1284998876220649 -0.20927309795464896 -1.9473984586518842 -0.35693954226071595 -0.10973653623987935 0.012413074135490901 -0.013353795197361597 -0.037802600488609742 -0.74480245252225141 -0.11998141890332954 -0.013331429603459849 -0.93317786687873994 -1.0000000180025095e-35 0.081497178684381763 0.11186158742872936
decision_type=8 10 10 8 10 10 10 2 2 10 2 10 2 2 10 8 2 10 2 10 10 8 10 2 10 10 10 10 10 10
left_child=1 -1 -3 4 27 -6 -7 -8 9 11 -11 12 -5 -13 -15 16 20 18 19 -17 -10 -20 23 -19 25 -18 -26 -2 -29 -24
right_child=3 2 -4 8 5 6 7 -9 15 10 -12 13 -14 14 -16 17 24 22 21 -21 -22 -23 29 -25 26 -27 -28 28 -30 -31
leaf_value=0 -7.7418271632480092e-06 -0.00020203236842579201 0 -0.0004453489340354039 2.5349184268665594e-06 0 0 -0.00019154197254112897 0.00027838291467234598 0 0.00041265505895695591 0 0 0 0.00011120782488860696 0 0 -3.6707641028136089e-05 -0.00011295454320843922 -0.00020925647437751405 0 3.3247073966778363e-05 -8.7679108503258524e-06 4.2947400284129865e-05 0.00019805773249388501 -0.00029041895542624129 0 0.00022814478066138352 0 3.3146277753783986e-05
leaf_weight=23 42 49 24 21 64 148 51 150 63 50 27 362 20 43 222 98 57 145 76 161 20 258 5002 1112 32 27 67 43 33 500
leaf_count=23 42 49 24 21 64 148 51 150 63 50 27 362 20 43 222 98 57 145 76 161 20 258 5002 1112 32 27 67 43 33 500
internal_value=0 -7.29286e-05 -0.000129883 3.70883e-07 -3.03357e-05 -5.85188e-05 -8.4035e-05 -0.000137769 2.91877e-06 3.52519e-05 0.000183159 1.0694e-05 -0.000173106 3.07117e-05 7.83028e-05 0 5.81588e-05 -2.35747e-06 -5.47738e-05 -0.000125325 0.000196736 0 1.50227e-06 2.97793e-05 0 -8.30346e-05 6.16598e-05 2.59343e-05 0.000110233 -4.04964e-06
internal_weight=8990 96 73 8894 531 413 349 201 8363 745 77 668 41 627 265 7618 266 7352 593 259 83 334 6759 1257 183 84 99 118 76 5502
internal_count=8990 96 73 8894 531 413 349 201 8363 745 77 668 41 627 265 7618 266 7352 593 259 83 334 6759 1257 183 84 99 118 76 5502
is_linear=0
shrinkage=0.05


Tree=100
num_leaves=31
num_cat=0
split_feature=248 397 348 213 31 360 232 323 346 297 76 355 80 369 247 71 316 80 88 335 66 279 308 369 345 92 393 19 20 281
split_gain=0.000196914 0.000504329 0.000499318 0.000695166 0.000800719 0.000644455 0.000721875 0.00058778 0.000526367 0.000431589 0.000646852 0.00065995 0.000558278 0.000452373 0.000423835 0.000436736 0.000570295 0.000415185 0.000543514 0.000407723 0.000440189 0.000382708 0.000654313 0.000695027 0.000605537 0.00037361 0.000364318 0.000535623 0.000777202 0.000514369
threshold=0.78771253426859567 -0.085782701068738823 0.0035154620143010504 0.22045875103241552 0.23429232804232894 -0.066973689004691792 -0.9717492223423797 -0.012377875032730449 -0.0033090731237423493 0.0014923688482498003 0.15781922366796705 0.060182808970966305 0.26736111111111105 0.10807503097277248 0.22645760223953043 0.30985449735449755 -0.013303385235761947 0.56580687830687815 0.63988095238095266 -0.090137771157683441 0.94758089038601512 -0.8767486762031137 -0.0035738300170550497 -0.18525597296362947 -0.014550264550264697 0.50049603174603219 1.959658020087711 -0.085694154876167883 1.9943013301449652 1.8568149633176227
decision_type=8 2 8 10 2 10 10 8 8 10 2 10 2 10 10 2 10 2 2 10 2 10 10 10 10 2 2 2 2 10
left_child=9 19 3 4 -3 -6 -7 14 17 26 -11 12 -12 -14 15 -4 -17 18 -9 20 25 -21 23 -23 -25 -2 29 -28 -29 -1
right_child=1 2 7 -5 5 6 -8 8 -10 10 11 -13 13 -15 -16 16 -18 -19 -20 21 -22 22 -24 24 -26 -27 27 28 -30 -31
leaf_value=9.0131946377876922e-07 -0.00024243696486560219 0 0 -2.230059775229639e-06 0 0 -0.00026736248453135416 -0.00030041229142017386 0 0 0 0 0.00029331878460504639 0 0 0.00023294243449581867 0 0 0 -1.4109106620400082e-05 0 0 -5.7616239172586016e-07 0 0.00014129177374988566 0 0 0.00031109388294822075 0 -6.0920576436963828e-05
leaf_weight=5593 46 38 61 287 33 28 140 50 189 369 52 54 81 30 67 78 41 39 22 368 41 109 305 30 308 32 72 43 33 351
leaf_count=5593 46 38 61 287 33 28 140 50 189 369 52 54 81 30 67 78 41 39 22 368 41 109 305 30 308 32 72 43 33 351
internal_value=0 -1.29439e-05 -3.87619e-05 -7.37387e-05 -0.00013866 -0.000181146 -0.000220998 0 -5.19124e-05 3.96349e-06 4.49436e-05 0.000113587 0.000165195 0.0002294 5.17095e-05 9.77339e-05 0.000153661 -0.000138289 -0.000209438 5.38127e-06 -7.52862e-05 1.8422e-05 4.09893e-05 8.05275e-05 0.000117109 -0.000150778 0 7.74828e-05 0.000171113 -1.90913e-06
internal_weight=8990 2312 1073 526 239 201 168 547 300 6678 586 217 163 111 247 180 119 111 72 1239 119 1120 752 447 338 78 6092 148 76 5944
internal_count=8990 2312 1073 526 239 201 168 547 300 6678 586 217 163 111 247 180 119 111 72 1239 119 1120 752 447 338 78 6092 148 76 5944
is_linear=0
shrinkage=0.05


Tree=101
num_leaves=31
num_cat=0
split_feature=385 46 302 399 375 217 68 208 354 258 68 306 277 353 381 258 277 19 262 395 250 298 69 328 85 254 87 387 86 284
split_gain=0.000197385 0.000452016 0.000535582 0.000340324 0.000439731 0.000504334 0.00051733 0.00039243 0.000392096 0.000440533 0.000655739 0.00053385 0.000392815 0.00050819 0.000634803 0.000597929 0.000498813 0.000735203 0.000727274 0.000380028 0.000339701 0.000466878 0.000456289 0.000429346 0.000531567 0.000494534 0.00052314 0.000333321 0.000324892 0.000322083
threshold=-1.7233832620203959 0.024305555555555702 -0.095312125581188789 -1.3564260326584787 -0.3847819553223622 0.76603011014268152 0.041170634920634906 1.5023195638273033 0.34902891260801711 -0.14711250436237402 0.017526455026455053 -0.00065919587662944992 -1.065776406952373 0.068899267805878711 -0.91002315282599777 -0.45257092900283952 -0.84291273714241532 0.50300167457151257 -0.54969520684833306 0.17372976057682901 -0.44176189106981806 -0.00088176457516389985 -0.22297723425995597 0.0074708472186399508 -0.71206892922186793 -0.57928163804691646 0.10085978835978851 -0.025436608281313295 0.24123677248677178 -0.00033068783068804995
decision_type=8 2 10 2 8 10 2 10 10 10 2 10 8 10 10 10 10 2 10 2 10 10 2 10 2 10 2 10 2 10
left_child=1 2 -1 27 5 6 -5 29 12 -10 -11 -12 13 14 -6 -15 17 -14 -18 -7 21 -3 28 -22 -25 26 -26 -2 -23 -8
right_child=3 20 -4 4 8 19 7 -9 9 10 11 -13 16 15 -16 -17 18 -19 -20 -21 23 22 -24 24 25 -27 -28 -29 -30 -31
leaf_value=0 0 -3.176256256102824e-06 -0.00017213342907449928 0 0 -9.845512132827805e-05 0 0 0 0 0 -0.00021489753993933467 0 -0.00015462357436858275 8.3897124876567677e-05 4.3240171149615506e-06 6.3495211959702544e-05 -0.00017355639633964787 -2.473565825990865e-06 4.1566899554151344e-05 0 0 0 0 0 0 -0.00025715617944760204 -0.00013547574560914189 0.00024515620536011743 0.00019231388447893107
leaf_weight=58 54 77 99 107 267 79 20 42 109 35 33 108 289 65 544 203 447 102 5389 106 225 21 59 35 20 20 81 87 59 150
leaf_count=58 54 77 99 107 267 79 20 42 109 35 33 108 289 65 544 203 447 102 5389 106 225 21 59 35 20 20 81 87 59 150
internal_value=0 -2.48942e-05 -0.000100836 1.78122e-06 3.71359e-06 4.90122e-05 8.8012e-05 0.000133235 4.67374e-08 -5.6709e-05 -0.000107054 -0.000161002 2.94583e-06 3.10103e-05 5.25841e-05 -1.56202e-05 -1.11459e-06 -5.62493e-05 1.72348e-06 0 0 4.47438e-05 0.000107218 -3.30636e-05 -9.76988e-05 -0.00015257 -0.000200278 -7.36467e-05 0.000184944 0.00016704
internal_weight=8990 754 157 8236 8095 504 319 212 7591 285 176 141 7306 1079 811 268 6227 391 5836 185 597 216 139 381 156 121 101 141 80 170
internal_count=8990 754 157 8236 8095 504 319 212 7591 285 176 141 7306 1079 811 268 6227 391 5836 185 597 216 139 381 156 121 101 141 80 170
is_linear=0
shrinkage=0.05


Tree=102
num_leaves=31
num_cat=0
split_feature=353 77 36 270 318 377 253 349 85 284 264 237 73 362 292 257 212 356 91 274 342 358 299 261 85 218 369 282 243 29
split_gain=0.000198373 0.000481761 0.000769054 0.000495966 0.000581011 0.000331373 0.000281088 0.00071201 0.00089831 0.000937553 0.000640775 0.000569937 0.000567914 0.00076455 0.000884201 0.000564856 0.00119639 0.000652405 0.000900077 0.000691174 0.000506707 0.000486467 0.000395695 0.000393093 0.000765224 0.00069973 0.000682752 0.000413769 0.00061099 0.000377477
threshold=0.17384541259759362 0.24917328042328055 0.56845238095238104 -1.1134091118325111 -0.041304455279472192 0.10977557073751407 0.69143037320455958 0.058765440416864663 0.56104470287780561 -0.00033068783068774995 1.8294897113670026 2.2523819539344552 -1.9462096019913993 -0.036044973544973942 -0.00033068783068774995 -0.50353843197499681 -1.7946804616897107 0.036887662556973705 0.41457730832960205 -0.34892474201443652 -0.0017391637496092997 0.050315126803035008 -0.48825510609024597 -0.24961315711916823 0.45412103362556555 -1.5609708417617998 -0.30421060808780093 -0.0012527109863820498 -1.6505617291132462 0.86193783068783103
decision_type=8 2 2 10 10 10 10 10 2 10 10 10 2 10 10 10 10 10 2 10 10 10 10 10 2 10 10 10 10 2
left_child=6 -2 3 -3 5 -5 11 12 -9 10 -10 23 13 -8 -15 16 -14 18 -17 -19 -18 22 -13 24 27 -26 -27 28 -1 -29
right_child=1 2 -4 4 -6 -7 7 8 9 -11 -12 21 15 14 -16 17 20 19 -20 -21 -22 -23 -24 -25 25 26 -28 29 -30 -31
leaf_value=-0.00015487642582121799 -2.6421051411340574e-05 0 0 0.00023078603130833588 0 0 0 -1.7421566867316493e-05 -0.00038830863677647012 0 0 0 -0.00029959055234113569 0.00030572890431164142 0 0 2.4964574434384974e-05 -0.00017477801852514244 0.00014457814719448042 0 -6.9575139507610173e-05 0 0.00015938064810999371 -8.7163575406840128e-06 0 0 0.00021171679921194072 6.6762324976633693e-05 0 0
leaf_weight=81 272 50 510 129 24 44 30 436 57 64 22 34 47 58 23 306 218 74 168 83 258 58 143 4555 66 20 134 350 400 276
leaf_count=81 272 50 510 129 24 44 30 436 57 64 22 34 47 58 23 306 218 74 168 83 258 58 143 4555 66 20 134 350 400 276
internal_value=0 2.01583e-05 4.35002e-05 0.000116527 0.000152689 0.000186916 -3.12514e-06 -2.04405e-05 -6.63647e-05 -0.000180533 -0.000297648 1.27752e-06 0 0.000108535 0.000199262 -9.80912e-06 -5.08952e-05 1.63248e-05 5.16257e-05 -5.83905e-05 -1.57794e-05 7.79809e-05 0.000122228 -9.38199e-07 2.19918e-05 0.000107736 0.000167123 4.26951e-07 -2.94707e-05 3.13864e-05
internal_weight=8990 1029 757 247 197 173 7961 1844 579 143 79 6117 1265 111 81 1154 523 631 474 157 476 235 177 5882 1327 220 154 1107 481 626
internal_count=8990 1029 757 247 197 173 7961 1844 579 143 79 6117 1265 111 81 1154 523 631 474 157 476 235 177 5882 1327 220 154 1107 481 626
is_linear=0
shrinkage=0.05


Tree=103
num_leaves=31
num_cat=0
split_feature=369 315 393 331 275 397 286 283 93 62 88 313 398 385 337 355 355 340 93 65 12 29 227 31 359 250 89 36 71 39
split_gain=0.000194161 0.00041737 0.000542037 0.000503425 0.000595348 0.00043881 0.000232742 0.00061819 0.00105935 0.000481433 0.000822459 0.000471568 0.000457553 0.000448152 0.000499268 0.000425284 0.000593978 0.000861312 0.000619338 0.000481248 0.000553602 0.000482176 0.000461046 0.000421679 0.000884765 0.00086842 0.000599168 0.000566692 0.000421062 0.00040856
threshold=-0.89996147956708061 -0.040639692176808247 -0.6257496194612997 0.016466764448761204 -0.93721220257587157 -0.16910433350849033 -0.00033068783068784991 -0.0015644323831927496 1.5265221519192822 0.47800925925925902 0.41402116402116412 0.021526289890760605 0.0053836893569928013 -2.4745223544271977 1.0000000180025095e-35 -0.15444063964134688 -0.032891686341789496 0.0039862482169820508 0.097235546697298711 -0.21394560969906598 0.0021494708994708503 0.67741402116402105 1.0926520968959579 0.085648148148148168 -0.0029083608562252496 0.49800791025786212 -0.94438570006020239 0.041832010582010602 0.77215608465608454 1.0165517970036753
decision_type=8 10 2 10 10 2 10 10 2 2 2 10 2 8 10 10 10 10 2 2 2 2 10 2 10 10 2 2 2 2
left_child=1 -1 -3 4 -4 -6 7 8 9 10 28 13 29 14 -8 22 17 18 -17 21 -21 -18 -9 24 -15 -26 27 -25 -2 -13
right_child=6 2 3 -5 5 -7 11 15 -10 -11 -12 12 -14 23 -16 16 19 -19 -20 20 -22 -23 -24 26 25 -27 -28 -29 -30 -31
leaf_value=4.9332562480024656e-05 0.00024711917074917832 0 0 0 0 -0.00029417456818163848 0 0.00012130349093486847 0.00035643880695918479 -1.2446584078552838e-06 0 0.00018779137763168255 0 9.5125600825669166e-06 -0.00019009147717394259 0 2.2284853441281427e-05 0 -0.00019891023466994296 -7.002977869504695e-05 7.0510389736089959e-05 -6.1931735050741059e-05 0 -4.668759609820672e-05 -0.00017996802778823284 0 -4.0797849287342258e-06 8.1582294218437109e-05 0 0
leaf_weight=55 77 112 51 42 41 76 78 145 34 191 96 90 30 197 70 64 229 124 132 49 438 339 43 56 169 94 5377 406 20 65
leaf_count=55 77 112 51 42 41 76 78 145 34 191 96 90 30 197 70 64 229 124 132 49 438 339 43 56 169 94 5377 406 20 65
internal_value=-1.82354e-09 -3.55736e-05 -6.56101e-05 -0.000114233 -0.000154261 -0.000216497 9.75074e-07 1.64294e-05 7.05367e-05 3.21188e-05 9.10134e-05 -2.88746e-06 7.39468e-05 -5.86891e-06 -9.31436e-05 0 -7.66289e-06 -6.90215e-05 -0.000136956 6.21415e-06 4.60935e-05 -1.9179e-05 7.2271e-05 -3.02312e-06 -4.91565e-05 -0.000112094 0 5.52075e-05 0.000194032 0.000117902
internal_weight=8990 377 322 210 168 117 8613 1981 418 384 193 6632 185 6447 148 1563 1375 320 196 1055 487 568 188 6299 460 263 5839 462 97 155
internal_count=8990 377 322 210 168 117 8613 1981 418 384 193 6632 185 6447 148 1563 1375 320 196 1055 487 568 188 6299 460 263 5839 462 97 155
is_linear=0
shrinkage=0.05


Tree=104
num_leaves=31
num_cat=0
split_feature=50 384 65 276 207 30 291 352 224 198 365 19 201 248 248 245 337 199 207 362 250 60 64 237 238 53 244 91 68 278
split_gain=0.000212836 0.000463964 0.000601138 0.000488104 0.000518652 0.000561256 0.000543996 0.000352684 0.000369331 0.000523997 0.000394727 0.00032313 0.00031789 0.000300461 0.000585815 0.00077529 0.000652398 0.000746731 0.000461556 0.000727331 0.000943618 0.000843729 0.000544155 0.000470353 0.000574774 0.000567327 0.00044396 0.000673855 0.000665586 0.000406502
threshold=1.1240699184160701 0.011383391398124002 0.12502833881796807 0.77010499770580176 -0.72677702415596812 0.511409810917132 -0.010753102610482549 0.012924364817704452 0.027824511571638854 -1.835597332542146 -0.34738756613756594 0.95335719684167908 -0.21796996077285255 0.75048652364530322 0.38114488676522451 -1.4458573930479635 0.0080431871342951013 -0.36942246477427182 1.0749318964116257 -0.0016534391534399498 -0.24536735624760045 0.78885582010582012 -0.82824773863720835 -0.43979276789017213 0.37210918785415908 0.25125943111205157 1.0116191485445321 -0.43225974650203697 0.0094246031746031012 -0.70988058660249187
decision_type=2 10 2 10 10 2 10 10 10 10 10 2 10 8 10 10 10 10 10 10 10 2 2 10 10 2 10 2 2 10
left_child=13 7 3 4 -3 6 -6 11 9 -9 -11 -2 -13 14 -1 16 17 -16 22 20 -20 -22 23 -15 25 -25 27 -24 -29 -21
right_child=1 2 -4 -5 5 -7 -8 8 -10 10 -12 12 -14 18 15 -17 -18 -19 19 29 21 -23 26 24 -26 -27 -28 28 -30 -31
leaf_value=1.3109162494605515e-06 0 0 0 0 -0.00035750599747846673 0 0 0 0 0 -0.00024551480256212321 0.00022177349088371929 0 0 0.00040623674686704253 1.6834586030989678e-05 0 0 0 -0.0001589102893771887 0 -0.00060721588733725221 0 0.00023170705851845177 0 0 7.9077769566812336e-06 0 -0.00012903110476486008 0
leaf_weight=5327 236 38 72 47 66 28 20 28 86 24 61 41 20 90 43 601 36 50 35 42 20 21 388 95 41 31 761 80 282 280
leaf_count=5327 236 38 72 47 66 28 20 28 86 24 61 41 20 90 43 601 36 50 35 42 20 21 388 95 41 31 761 80 282 280
internal_value=0 -2.56706e-05 -7.83784e-05 -0.000126146 -0.000169861 -0.000223217 -0.000286925 0 -4.82136e-05 -0.000110707 -0.000177994 3.75491e-05 0.000141694 1.79814e-06 8.04106e-06 5.02974e-05 0.000167334 0.000237375 -1.33508e-05 -6.21959e-05 -0.000208601 -0.00037144 0 6.46509e-05 0.000116051 0.000171003 -1.37521e-05 -4.23935e-05 -9.15171e-05 -1.20636e-05
internal_weight=8990 767 271 199 152 114 86 496 199 113 85 297 61 8223 6057 730 129 93 2166 398 76 41 1768 257 167 126 1511 750 362 322
internal_count=8990 767 271 199 152 114 86 496 199 113 85 297 61 8223 6057 730 129 93 2166 398 76 41 1768 257 167 126 1511 750 362 322
is_linear=0
shrinkage=0.05


Tree=105
num_leaves=31
num_cat=0
split_feature=330 216 355 80 255 353 379 333 203 393 257 375 397 361 239 361 274 260 213 326 50 336 301 22 234 215 350 39 65 219
split_gain=0.000189202 0.000430751 0.000438035 0.0003939 0.000243573 0.000700954 0.00112641 0.00106437 0.00102574 0.00089562 0.000543447 0.000295082 0.000742337 0.00060157 0.000629925 0.000572273 0.000664092 0.000805675 0.000572601 0.000555401 0.000549584 0.00116628 0.000478873 0.000472149 0.000424766 0.000609616 0.000389237 0.000441552 0.00085356 0.000408523
threshold=0.11135189527993107 -0.39660020476829211 -0.034861841536600192 0.64930555555555547 -2.473775996446379 -0.061317601429830539 -0.22107386485362557 -0.0049603174603177992 1.3115427620637317 -0.97879300281160087 -0.95657284426101497 -0.0075048215975515491 -0.22062675557314407 0.00054070507405650013 -1.5143138216785708 -1.0000000180025095e-35 0.48343197020825784 0.15749656196613762 -1.1037806732078548 0.096885321830893559 -1.5118022612375797 0.0019841269841269506 -0.0022262697430798996 -0.72498115860291301 1.656320327561611 -1.3237108155753099 -0.40594465243279171 -1.3977821634683096 -0.26985720350026593 0.11928773846808997
decision_type=10 10 10 2 8 10 10 10 10 2 10 8 2 10 10 10 10 10 10 10 2 8 10 2 10 10 8 2 2 10
left_child=4 2 -2 -4 5 10 -7 -8 9 -9 -1 12 13 -6 -15 18 17 -17 22 -16 21 24 -14 -20 25 -13 -22 28 -28 -29
right_child=1 -3 3 -5 11 6 7 8 -10 -11 -12 20 15 14 19 16 -18 -19 23 -21 26 -23 -24 -25 -26 -27 27 29 -30 -31
leaf_value=-0.00021063478219460836 0 0 -0.00031689189010165267 0 -3.4102142677657078e-06 -2.4386546956575251e-06 0 0 0 0.00044410591190474229 0 0 0 -8.3672984898009334e-06 0.00015985103248349541 -0.00010948168036726844 0 0 9.27419680337875e-05 0 -7.2414406148743341e-05 -2.7160639041780549e-05 -0.00015899701474035626 0 0 0.00025921237796337472 1.088843978343228e-05 0 -0.00010661896413388331 2.9335709138325944e-05
leaf_weight=35 28 132 36 21 452 100 47 27 41 63 62 22 41 62 193 587 541 245 175 87 164 74 91 512 22 104 247 2735 247 1797
leaf_count=35 28 132 36 21 452 100 47 27 41 63 62 22 41 62 193 587 541 245 175 87 164 74 91 512 22 104 247 2735 247 1797
internal_value=0 -4.64523e-05 -0.000134756 -0.00021504 7.19682e-07 4.03836e-05 8.82416e-05 0.000167232 0.000241433 0.000336565 -4.52327e-05 -4.56538e-07 -1.36049e-05 2.44966e-05 7.59851e-05 -2.96877e-05 -4.94872e-05 -7.76946e-05 0 0.00011251 5.87416e-06 8.34744e-05 -9.1494e-05 2.17712e-05 0.000172534 0.000208285 1.58992e-06 5.00091e-06 -3.77555e-05 1.07654e-05
internal_weight=8990 217 85 57 8773 375 278 178 131 90 97 8398 2986 794 342 2192 1373 832 819 280 5412 222 132 687 148 126 5190 5026 494 4532
internal_count=8990 217 85 57 8773 375 278 178 131 90 97 8398 2986 794 342 2192 1373 832 819 280 5412 222 132 687 148 126 5190 5026 494 4532
is_linear=0
shrinkage=0.05


Tree=106
num_leaves=31
num_cat=0
split_feature=203 376 276 359 373 245 353 241 30 320 203 366 348 91 276 275 200 216 380 256 23 358 387 277 219 279 385 243 229 347
split_gain=0.000191041 0.000371156 0.000560077 0.000376819 0.000450013 0.000454647 0.000415895 0.000646286 0.000473305 0.000445052 0.00034582 0.00107507 0.000701111 0.000763406 0.000973658 0.000894352 0.000656943 0.000524188 0.000546813 0.000551312 0.00045171 0.000387553 0.000369155 0.00117524 0.000648305 0.000422486 0.00053996 0.00041298 0.000810352 0.000828207
threshold=1.4044140229654565 -0.04358729046346229 -1.1954166238410731 0.0094611211342677509 0.0006613756613749501 2.0905469699275359 0.019048536139931006 1.0012362854421903 -1.2948603012161348 0.0092198688905604526 0.74018093070211888 -0.1597422652657394 0.19382595257358579 0.059344836485321205 1.1495399185760786 -1.0607263656955312 -0.96303308839286839 0.10797249685713131 0.24209845908528507 -1.8483534765479412 0.0038029100529100007 0.0013564914149645502 -0.41626095036647498 -0.71122083167899153 -0.9624868890460011 0.61332082271556787 0.62474763823206392 -1.5451351939667253 -0.090428379540596779 0.0036603246023597003
decision_type=10 10 10 10 10 10 10 10 2 10 8 10 10 2 10 10 8 8 10 10 2 10 8 10 10 10 8 10 10 10
left_child=10 2 -2 6 5 -5 7 8 -3 -10 22 16 13 -13 15 -15 20 18 19 -18 -12 -14 23 24 -1 -25 -27 28 29 -24
right_child=1 3 -4 4 -6 -7 -8 -9 9 -11 11 12 21 14 -16 -17 17 -19 -20 -21 -22 -23 27 25 -26 26 -28 -29 -30 -31
leaf_value=0 0 0 9.7886986071971585e-05 0.00011448912316783732 0 0 4.2968404525253272e-06 2.3507141107957408e-06 -0.0002076959756311781 0 0 -2.5646976040622383e-05 0 0 0 -0.00023297756684466684 0 0 0 0.00017695545704880962 -0.00013262863873604984 0.00013681979144102976 0.00020887990330622575 -3.9164839941094277e-05 -0.00032122045839848913 0.00023755766374319246 0 0 0 0
leaf_weight=22 130 53 282 210 247 33 224 81 125 51 41 472 43 60 54 209 20 284 32 171 96 57 120 130 52 39 20 5309 288 35
leaf_count=22 130 53 282 210 247 33 224 81 125 51 41 472 43 60 54 209 20 284 32 171 96 57 120 130 52 39 20 5309 288 35
internal_value=0 1.61585e-05 5.62271e-05 0 3.16933e-05 8.15654e-05 -2.90187e-05 -6.92093e-05 -0.000116335 -0.000155969 -3.68613e-06 -2.49997e-05 -6.18927e-05 -7.99449e-05 -0.000143783 -0.000184031 1.85112e-05 5.06692e-05 0.00010821 0.000144304 -6.3977e-05 3.16086e-05 9.36264e-07 -5.57233e-05 -0.000225112 0 0.000120395 4.39709e-06 5.0804e-05 0.000142953
internal_weight=8990 1436 412 1024 490 243 534 310 229 176 7554 1539 895 795 323 269 644 507 223 191 137 100 6015 263 74 189 59 5752 443 155
internal_count=8990 1436 412 1024 490 243 534 310 229 176 7554 1539 895 795 323 269 644 507 223 191 137 100 6015 263 74 189 59 5752 443 155
is_linear=0
shrinkage=0.05


Tree=107
num_leaves=31
num_cat=0
split_feature=248 31 335 55 381 39 268 383 366 64 365 54 300 238 288 260 72 301 357 279 21 319 236 315 76 295 299 64 238 256
split_gain=0.000181625 0.000418624 0.000472204 0.000598119 0.000762793 0.000644598 0.000683088 0.000406289 0.000381885 0.000363357 0.000821241 0.000637468 0.000512025 0.00034882 0.000330952 0.000314695 0.000474506 0.000720761 0.000738831 0.000977525 0.00086359 0.00060085 0.000635858 0.000608072 0.000525369 0.000515446 0.000854506 0.000595386 0.000421716 0.000419945
threshold=0.78771253426859567 0.85912698412698396 0.034764747787310056 1.0000000180025095e-35 0.64560892841892292 1.2171125103408851 1.7217644153588674 0.041370506407908354 1.1982219792731319 -0.82824773863720835 -0.26934523809523836 0.21511243386243403 -0.063621708141278946 0.12702868758616487 -1.0000000180025095e-35 -1.3055703620275183 -0.47365161319302546 -0.0020409184765743994 -0.0085978835978837969 -0.16208920859432999 1.5566397095116973 0.0037852859074492006 0.12337055428829001 -0.031551226124992143 -0.14695399316533497 0.00034590108608830008 0.070827454796738923 -0.99126767314497533 0.068042112448534961 -0.68020815277105973
decision_type=8 2 10 2 10 2 10 10 10 2 10 2 10 10 10 10 2 10 10 10 2 8 10 10 2 10 10 2 10 10
left_child=15 8 3 -3 5 6 -5 -4 9 10 -2 -12 -13 14 -10 28 17 29 -19 -20 -21 22 25 -24 -25 27 -27 -18 -1 -17
right_child=1 2 7 4 -6 -7 -8 -9 13 -11 11 12 -14 -15 -16 16 21 18 19 20 -22 -23 23 24 -26 26 -28 -29 -30 -31
leaf_value=0.00010179312941182881 -1.6642026113574672e-05 0 -3.561469892185392e-05 -0.00024120423123934166 0 0 0 8.9123912269431391e-05 -0.00023196334518803334 0 0 0 0.00022797368238815092 0 0 0.00011142636526462197 -0.00011147256803855775 0 0 -0.00032786833092799793 0 3.3808828565706475e-05 3.1677448458456681e-06 0 -9.8851947795286976e-05 0 0.00010823641879023983 6.9776545671160724e-08 0 -2.0475686315619533e-05
leaf_weight=186 97 256 130 160 82 63 27 107 46 1067 48 25 115 63 26 75 122 83 72 86 34 1447 314 186 442 547 301 2357 146 280
leaf_count=186 97 256 130 160 82 63 27 107 46 1067 48 25 115 63 26 75 122 83 72 86 34 1447 314 186 442 547 301 2357 146 280
internal_value=0 -1.25812e-05 -4.13758e-05 -6.64017e-05 -0.000110953 -0.000154828 -0.000201634 0 3.36948e-08 1.13324e-05 6.16058e-05 0.000128547 0.000183197 -7.60357e-05 -0.000151421 3.63184e-06 3.49263e-07 -3.9913e-05 -0.000100989 -0.000155629 -0.000243082 5.66219e-06 -2.70762e-06 -3.97639e-05 -6.91874e-05 6.2825e-06 4.05009e-05 -3.40701e-06 5.13019e-05 0
internal_weight=8990 2312 825 588 332 250 187 237 1487 1352 285 188 140 135 72 6678 6346 630 275 192 120 5716 4269 942 628 3327 848 2479 332 355
internal_count=8990 2312 825 588 332 250 187 237 1487 1352 285 188 140 135 72 6678 6346 630 275 192 120 5716 4269 942 628 3327 848 2479 332 355
is_linear=0
shrinkage=0.05


Tree=108
num_leaves=31
num_cat=0
split_feature=50 384 31 201 316 397 197 352 312 44 64 207 67 368 393 374 323 252 384 80 229 374 55 66 20 13 364 372 91 224
split_gain=0.000186434 0.000411239 0.000537966 0.000837337 0.000309958 0.000309167 0.000496812 0.000303495 0.000405237 0.000400048 0.000295889 0.000295136 0.000402717 0.000490141 0.000396212 0.000376817 0.000488034 0.000572653 0.00059347 0.000439729 0.000532709 0.000489929 0.000763506 0.000419327 0.000411449 0.000287479 0.000601238 0.000286921 0.000378135 0.000588811
threshold=1.1240699184160701 0.011383391398124002 0.85532407407407407 0.30532324622439172 -0.033115150968305695 -0.26723663435820499 -1.2949248957615869 0.012924364817704452 -0.018332334487303797 0.51967592592592615 -0.36029481676416891 -0.76135746785955261 2.4425186648609558 0.066658769611469174 0.72043706876322089 -0.14030003995231202 0.86115441321082808 -1.0208458842870314 0.13401030913884798 0.90839947089947115 0.40763822523986742 -0.010790665933392748 -0.060605483438130194 1.2405829836719353 0.89419651897907559 0.0057870370370370012 -0.00076434807293544987 -0.0027097138656750493 -0.70719964018409687 -1.7381197504191646
decision_type=2 10 2 10 10 2 10 10 10 2 2 10 2 8 2 10 10 10 10 2 10 10 2 2 2 2 10 8 2 10
left_child=11 7 4 -4 -3 -6 -7 25 -9 10 -10 14 15 -14 27 16 17 -13 -19 21 24 22 -17 -23 -21 26 -2 28 -1 -30
right_child=1 2 3 -5 5 6 -8 8 9 -11 -12 12 13 -15 -16 19 -18 18 -20 20 -22 23 -24 -25 -26 -27 -28 -29 29 -31
leaf_value=0 0 3.8998407275558007e-05 -0.00026464924939735216 0 0 -0.00036245740012052022 0 0 -0.00030382758539956173 0 0 0 0 -0.00019133337500635121 6.7398105763474754e-06 5.761023627015481e-06 -1.4973393284354363e-05 0.000154272364859007 0 0.00014638311205771024 0 1.2654798723987645e-06 -8.1589153202223471e-05 5.6367612951458454e-05 0 0 0.00020571422690099624 -1.4382476646953276e-05 0 -0.00020320515423472105
leaf_weight=105 105 98 70 37 25 20 21 71 34 74 20 115 49 54 878 375 99 232 107 168 134 3891 431 407 132 131 61 908 34 104
leaf_count=105 105 98 70 37 25 20 21 71 34 74 20 115 49 54 878 375 99 232 107 168 134 3891 431 407 132 131 61 908 34 104
internal_value=0 -2.4042e-05 -7.3674e-05 -0.000162163 0 -9.72929e-05 -0.000184471 0 -4.45344e-05 -0.000104839 -0.000210978 1.66101e-06 7.6179e-06 -8.55838e-05 -1.40591e-05 1.00162e-05 5.05046e-05 7.57937e-05 0.000109155 5.06955e-06 5.34817e-05 0 -3.47502e-05 7.64788e-06 9.26025e-05 3.49957e-05 8.0731e-05 -3.42677e-05 -8.79673e-05 -0.000143063
internal_weight=8990 767 271 107 164 66 41 496 199 128 54 8223 6194 103 2029 6091 553 454 339 5538 434 5104 806 4298 300 297 166 1151 243 138
internal_count=8990 767 271 107 164 66 41 496 199 128 54 8223 6194 103 2029 6091 553 454 339 5538 434 5104 806 4298 300 297 166 1151 243 138
is_linear=0
shrinkage=0.05


Tree=109
num_leaves=31
num_cat=0
split_feature=359 227 337 326 326 57 321 265 359 281 254 210 357 395 43 369 365 216 19 40 255 23 261 247 222 323 245 93 273 247
split_gain=0.000175651 0.000397497 0.000496601 0.000296426 0.000343101 0.00057682 0.000463052 0.000384923 0.0003716 0.000596305 0.000356813 0.000445206 0.000370281 0.000330171 0.000374854 0.000335227 0.000372078 0.000483857 0.000320705 0.000305152 0.000409709 0.000304618 0.000302201 0.00038652 0.000655397 0.00062281 0.00037541 0.000532529 0.000512799 0.000246282
threshold=-0.068841227719630291 -0.078442292206670233 0.0018159826257813001 -0.28084854679949761 -0.11633519997723758 1.5303141298363452 -0.016567913402202747 1.3213757388483462 -0.028632709162774897 1.0461335211309355 -0.4773354937844968 0.16085958643891199 -0.021494708994708494 2.232366661308768 -0.88150031584757926 -0.16293863390064398 -0.35449735449735442 1.8001717288618222 -0.28665459125663895 0.04946890803740981 1.2193390319646797 0.0071097883597883013 0.51176965236667471 0.14290849877983178 1.0000000180025095e-35 -0.15495418963571847 -1.9561410896694327 1.8588096277100752 0.25013536247553542 0.79229823872628191
decision_type=10 8 10 8 10 2 10 10 10 10 10 10 10 2 2 10 10 10 2 2 10 2 10 10 10 10 10 2 10 10
left_child=1 2 29 13 5 6 -5 18 9 19 12 21 -7 14 15 -2 -17 -18 -8 20 -6 -12 23 24 -10 -25 28 -28 -24 -1
right_child=3 -3 -4 4 8 10 7 -9 22 -11 11 -13 -14 -15 -16 16 17 -19 -20 -21 -22 -23 26 25 -26 -27 27 -29 -30 -31
leaf_value=0.00024544225683755997 0 0 0 0 -0.00014702019442234987 -0.00011330235378385043 1.2472070907144196e-05 0 0 -0.0002620078772240334 0.00015995847140276746 0 0 0 0 0 -0.00023236049641551485 0 0.00022618648541214827 1.7808762811483087e-05 0 0 0 1.3676376455752058e-05 4.9598956982930321e-05 -4.4834151394743846e-05 -1.8303854225251611e-05 -0.00026021040578688942 0.00019717179540063774 0
leaf_weight=54 55 216 52 57 82 90 91 25 2359 36 99 117 349 168 59 26 102 31 100 123 45 23 42 816 1005 835 1842 27 44 20
leaf_count=54 55 216 52 57 82 90 91 25 2359 36 99 117 349 168 59 26 102 31 100 123 45 23 42 816 1005 835 1842 27 44 20
internal_value=0 3.45403e-05 0.000105438 -1.89304e-06 0 2.84823e-05 9.00307e-05 0.000124902 -3.44629e-06 -5.95307e-05 0 5.25821e-05 -2.29339e-05 -4.18365e-05 -7.64816e-05 -0.000108805 -0.000145597 -0.0001798 0.000150589 -1.02888e-05 -7.68332e-05 0.00012054 -4.26809e-07 5.32238e-06 1.57463e-05 -1.28882e-05 -1.77317e-05 -2.44873e-05 7.0872e-05 0.000188873
internal_weight=8990 342 126 8648 8207 951 273 216 7256 286 678 239 439 441 273 214 159 133 191 250 127 122 6970 5015 3364 1651 1955 1869 86 74
internal_count=8990 342 126 8648 8207 951 273 216 7256 286 678 239 439 441 273 214 159 133 191 250 127 122 6970 5015 3364 1651 1955 1869 86 74
is_linear=0
shrinkage=0.05


Tree=110
num_leaves=31
num_cat=0
split_feature=35 369 241 315 37 69 236 279 67 297 361 372 67 72 241 359 50 351 356 350 308 374 380 357 388 91 50 79 378 248
split_gain=0.000179261 0.000497907 0.000332021 0.000846463 0.000638935 0.000667487 0.000597899 0.000814367 0.000594628 0.000820225 0.000840173 0.00111341 0.00115668 0.000701676 0.00113425 0.000690258 0.0015065 0.000554721 0.000503626 0.000538664 0.000512846 0.000424296 0.000647061 0.000446233 0.000550272 0.000853147 0.000401635 0.00037379 0.000373511 0.000372689
threshold=0.99421296296296313 0.0016228373340449501 0.75617667604501959 -0.037195402232261289 0.8546320383540561 1.4615308567273153 1.3120398459560589 -0.016058505454543397 1.2942163314318453 -0.0049510950709997989 0.00024978082487295007 -0.0010289434478854497 0.83471030729073303 0.082631542264697724 -1.4727694133867322 -0.016039014279529997 0.091866029210587521 -0.014793950998168248 0.006850705158045701 -0.015805502624726995 -0.017265626294278944 -0.0037620599541550994 -0.0044125096175143992 -0.0099206349206343979 0.68193109232853688 0.29064906761676207 -0.45296532791848343 -0.021796634465129597 0.30330343890655015 0.66936675327928008
decision_type=2 10 8 8 2 2 8 10 2 10 10 10 2 2 10 10 2 10 10 10 10 10 10 10 2 2 2 2 10 10
left_child=2 -2 8 18 5 6 7 -5 9 13 15 12 -12 14 -1 17 -17 -11 -4 -20 -21 23 26 28 25 -25 29 -26 -10 -23
right_child=1 -3 3 4 -6 -7 -8 -9 21 10 11 -13 -14 -15 -16 16 -18 -19 19 20 -22 22 -24 24 27 -27 -28 -29 -30 -31
leaf_value=-0.00046816266623554611 6.9391353849358248e-05 -8.6991757444580718e-06 -5.8225828316304128e-06 -2.7706452764926837e-05 8.519952337714706e-06 0 0 -0.00015381206342065664 5.6954940986393139e-05 0 0.00035012381739276776 1.833700804450559e-05 0 0 0 0.00019480108400650919 -9.4033790374233468e-06 -0.00018390699328800665 0 0 0.00018066104730468771 0.00014045561589852906 -9.0291787890862829e-06 -2.1010256182435177e-05 0.00012993338540891365 -0.00013891530958238334 1.5296996793211005e-05 0 -3.7686666837065524e-05 0
leaf_weight=24 337 291 335 369 332 333 124 383 251 59 86 226 66 27 20 120 212 68 123 57 130 162 2361 696 59 269 1138 125 124 83
leaf_count=24 337 291 335 369 332 333 124 383 251 59 86 226 66 27 20 120 212 68 123 57 130 162 2361 696 59 269 1138 125 124 83
internal_value=0 2.525e-05 -2.38841e-06 -1.94591e-05 -4.08698e-05 -5.85675e-05 -8.14778e-05 -9.85931e-05 2.84444e-06 4.06107e-05 5.84095e-05 0.000114483 0.000224458 -9.86778e-05 -0.000235534 1.32534e-06 4.93862e-05 -8.49149e-05 2.39418e-05 7.22219e-05 0.000125867 -2.71655e-06 5.25049e-06 -2.55688e-05 -4.22886e-05 -5.90689e-05 3.32421e-05 1.85414e-05 1.23286e-05 9.61552e-05
internal_weight=8990 628 8362 2186 1541 1209 876 752 6176 908 837 378 152 71 44 459 332 127 645 310 187 5268 3744 1524 1149 965 1383 184 375 245
internal_count=8990 628 8362 2186 1541 1209 876 752 6176 908 837 378 152 71 44 459 332 127 645 310 187 5268 3744 1524 1149 965 1383 184 375 245
is_linear=0
shrinkage=0.05


Tree=111
num_leaves=31
num_cat=0
split_feature=50 303 318 215 91 348 322 254 385 317 198 348 384 228 389 300 65 88 315 39 375 65 71 388 365 66 385 63 295 286
split_gain=0.000173819 0.00035283 0.000718992 0.000496936 0.000238031 0.00067756 0.0010125 0.00111529 0.00111941 0.00119105 0.000758439 0.000872101 0.000725745 0.000705248 0.000707751 0.000730144 0.000616086 0.00053441 0.000461433 0.000322646 0.000814383 0.000683396 0.000422003 0.000457418 0.000394006 0.000423164 0.000410187 0.000425983 0.000525164 0.000402295
threshold=1.8662252048319852 -0.00033068783068774995 -0.15872550474187744 0.071385436449893064 1.1468309827518051 -0.031573203560863898 -0.010641090953500498 0.89055343219435723 -1.599728185826794 -0.062185937066030893 0.64356401619615056 0.15494745271752802 0.43476997011847329 2.2879131854578199 -0.084084775639680684 -0.061977212680374996 0.36447890927455234 0.50165343915343963 -0.037405834804737449 -1.3593636728391447 0.085599637957033112 -0.18476319454445397 0.55787037037037057 -0.15087872467704616 -0.067956349206349478 0.3516288135149635 -0.88077983973357366 0.37251984126984106 0.0010582014531893003 0.00033068783068785002
decision_type=2 10 10 10 2 10 8 10 10 10 10 10 10 10 2 10 2 2 10 2 10 2 2 2 10 2 8 2 10 10
left_child=4 -2 -3 -4 19 12 10 8 -8 -10 11 18 13 14 -6 -16 -9 -14 -7 20 -1 -22 23 -23 25 29 27 28 -26 -21
right_child=1 2 3 -5 5 6 7 16 9 -11 -12 -13 17 -15 15 -17 -18 -19 -20 24 21 22 -24 -25 26 -27 -28 -29 -30 -31
leaf_value=0 0 0 0 -0.00034722630448905117 0 0 0 1.1819580792980419e-05 0 0.00022654957735548234 0.00014907425856179081 1.7316964464507924e-05 0.00024159951501292405 0.00011291383086296515 0 -0.00020516238970333611 -0.00020207179825767639 0 -0.00023232284847187948 4.9629074164945353e-05 0 0 0 -0.0002803602485643913 -0.00010643956878302209 0 0 0 1.0661343245567955e-06 -2.9288280050489687e-05
leaf_weight=577 132 24 24 36 77 25 96 79 99 252 27 34 33 23 44 154 38 45 89 1114 172 33 20 86 320 1258 3536 394 44 105
leaf_count=577 132 24 24 36 77 25 96 79 99 252 27 34 33 23 44 154 38 45 89 1114 172 33 20 86 320 1258 3536 394 44 105
internal_value=0 -4.46356e-05 -0.000124931 -0.000227483 6.75526e-07 2.26536e-05 5.2813e-05 8.83292e-05 0.000126572 0.000168439 -3.30805e-05 -0.000100151 -2.33264e-05 -6.90903e-05 -0.000102523 -0.000153389 -1.50641e-05 8.73595e-05 -0.000178991 -1.87149e-06 -3.04717e-05 -9.58908e-05 -0.000181238 -0.000217305 1.14131e-06 1.76376e-05 -7.21038e-06 -4.05853e-05 -7.97152e-05 3.87282e-05
internal_weight=8990 216 84 60 8774 1115 739 564 447 351 175 148 376 298 275 198 117 78 114 7659 888 311 139 119 6771 2477 4294 758 364 1219
internal_count=8990 216 84 60 8774 1115 739 564 447 351 175 148 376 298 275 198 117 78 114 7659 888 311 139 119 6771 2477 4294 758 364 1219
is_linear=0
shrinkage=0.05


Tree=112
num_leaves=31
num_cat=0
split_feature=248 369 91 44 347 242 320 265 255 77 316 205 251 261 30 332 32 372 348 207 387 85 354 373 387 369 302 85 335 348
split_gain=0.000173926 0.000399688 0.000648374 0.000771329 0.000777764 0.000787609 0.000598708 0.000380183 0.000432816 0.000753097 0.000836799 0.000590403 0.000513653 0.000577958 0.000402841 0.000358274 0.000681337 0.000624772 0.000647156 0.000628888 0.000904825 0.000446335 0.000860702 0.000796817 0.00079942 0.000862072 0.000761011 0.000657816 0.000844797 0.000553847
threshold=0.78771253426859567 -0.19088412450393441 -0.37188538278653732 0.19097222222222202 0.017518534908707455 -1.2208449487624322 -0.0066072814534438992 -0.70079859491190721 -1.1987229465315263 0.65443121693121709 -0.031087742537068145 -1.582469718428728 -0.80550982828077677 1.4319908014345157 -0.49833877766118245 0.0095981892956168522 0.36656746031746007 0.025970867238464854 -0.087296948490008533 -0.93356379665570965 -0.028429022762717946 -0.010855075681296948 0.010041516060110651 0.00132275132275125 -0.38106131457731235 0.17914552571988754 -0.017521619782623749 2.7703590236691435 -0.014797562542991449 0.41633877474222941
decision_type=8 8 2 2 10 10 10 8 8 2 10 10 10 10 2 10 2 10 10 10 10 2 10 10 10 10 10 2 10 10
left_child=15 2 -2 -4 5 -5 -7 14 9 10 11 -9 -11 -14 -3 21 17 18 -17 -20 -21 -1 27 24 -24 -26 -25 29 -29 -23
right_child=1 7 3 4 -6 6 -8 8 -10 12 -12 -13 13 -15 -16 16 -18 -19 19 20 -22 22 23 26 25 -27 -28 28 -30 -31
leaf_value=0 0 0 0 0 0 0 -0.00031160450613914627 0 -7.2168167443979198e-06 0 6.0371608576358207e-05 -0.00020283229762737369 0.00019120461404008226 0 -0.00013272662037144882 0 0 0 0 0 -0.00031652508487724879 0 0 0.00010485444647868717 0.00019966350400677077 0 -5.9912915606600322e-05 0 -0.00035377305456680403 0.00019580819485488744
leaf_weight=4118 218 94 57 28 40 39 106 39 1109 62 165 72 156 20 107 50 731 41 20 51 92 825 53 121 248 73 159 28 29 39
leaf_count=4118 218 94 57 28 40 39 106 39 1109 62 165 72 156 20 107 50 731 41 20 51 92 825 53 121 248 73 159 28 29 39
internal_value=0 -1.21861e-05 -5.24462e-05 -0.000104747 -0.000151511 -0.000198728 -0.000246341 0 6.60681e-06 4.61538e-05 0 -0.000115817 0.000111834 0.00015557 -6.61361e-05 3.70085e-06 -2.27507e-05 -9.33276e-05 -0.000133099 -0.00018184 -0.000220622 9.15605e-06 3.1803e-05 7.56651e-05 0.000123835 0.000155211 0 0 -0.000163694 1.15117e-05
internal_weight=8990 2312 488 270 213 173 145 1824 1623 514 276 111 238 176 201 6678 985 254 213 163 143 5693 1575 654 374 321 280 921 57 864
internal_count=8990 2312 488 270 213 173 145 1824 1623 514 276 111 238 176 201 6678 985 254 213 163 143 5693 1575 654 374 321 280 921 57 864
is_linear=0
shrinkage=0.05


Tree=113
num_leaves=31
num_cat=0
split_feature=237 237 237 297 19 66 345 91 91 238 54 350 246 273 378 19 299 382 208 275 232 266 64 75 339 331 333 276 299 326
split_gain=0.000168116 0.000497886 0.000486889 0.00089768 0.000987657 0.000482676 0.000419633 0.000576983 0.000700703 0.000593387 0.000652508 0.000411266 0.000490244 0.000422247 0.000401152 0.000672662 0.00077358 0.000966836 0.000619646 0.000693402 0.00135557 0.000619375 0.000594458 0.000759793 0.000399869 0.000589051 0.000441795 0.000396319 0.000389139 0.000417568
threshold=-0.55484624022628715 -0.87192928142605608 -0.33773344466834404 9.1027090026507565e-05 -0.041955767096319742 1.2783516791047602 0.010251322751323552 0.43763843921153528 1.558179200037757 -1.1575043809861059 0.38442460317460309 0.32156544672443482 -0.76251932146971779 1.4974079125602946 0.58641757471386902 0.45011611725825401 -0.22081605993273812 -1.9121708717746495 -1.2900630152703891 0.29040139500085094 -0.96057472116960552 1.1433076699870057 -1.0663272403496646 0.29001322751322756 0.0015692434038734003 0.0014145418647463002 0.00033068783068695003 -2.1116080288054078 0.25854472815512602 -0.075877988829416529
decision_type=10 8 10 10 2 2 8 2 2 10 2 10 10 10 10 2 10 10 10 10 10 10 2 2 10 10 10 8 10 10
left_child=1 28 3 -2 -5 -6 7 -3 9 -9 -11 14 13 -13 18 24 -17 -18 19 21 -21 -4 23 -20 25 -16 -26 -24 -1 -30
right_child=2 6 11 4 5 -7 -8 8 -10 10 -12 12 -14 -15 15 16 17 -19 22 20 -22 -23 27 -25 26 -27 -28 -29 29 -31
leaf_value=-4.3081705711452744e-06 0 -2.5556601267609222e-05 4.5883761286291203e-05 5.0777509450757664e-06 0.00026734844817240835 0 1.8976396210384806e-05 0 0 0 -0.00031601443456117111 -0.00024631121095253569 0 0 9.830317857017679e-05 0 9.7599984447828444e-06 -0.000199021635647252 0 -1.8632945409185298e-05 0.00017438325420119475 -5.2611050491539899e-05 9.39224528505463e-05 -0.00024051999250665731 0 -6.144227156767562e-06 -0.00012508420926333832 0 0 0.00011851513650863966
leaf_weight=1124 316 695 470 184 101 20 135 27 22 29 84 54 169 37 186 54 20 169 30 81 229 216 115 58 117 234 113 3637 120 144
leaf_count=1124 316 695 470 184 101 20 135 27 22 29 84 54 169 37 186 54 20 169 30 81 229 216 115 58 117 234 113 3637 120 144
internal_value=0 -1.17152e-05 3.76367e-06 4.59406e-05 0.000107945 0.000222949 -3.94406e-05 -5.44775e-05 -0.000147614 -0.000194204 -0.000244613 0 -6.20358e-05 -0.000156337 2.17835e-06 -2.73325e-05 -9.82961e-05 -0.000150494 8.66208e-06 4.38116e-05 0.000107836 7.5801e-06 0 -0.000128803 0 2.82215e-05 -5.37625e-05 2.55788e-06 4.49947e-06 6.09183e-05
internal_weight=8990 2380 6610 621 305 121 992 857 162 140 113 5989 260 91 5729 893 243 189 4836 996 310 686 3840 88 650 420 230 3752 1388 264
internal_count=8990 2380 6610 621 305 121 992 857 162 140 113 5989 260 91 5729 893 243 189 4836 996 310 686 3840 88 650 420 230 3752 1388 264
is_linear=0
shrinkage=0.05


Tree=114
num_leaves=31
num_cat=0
split_feature=73 222 66 354 324 356 385 355 267 262 32 28 363 339 372 356 73 356 91 326 377 19 385 19 363 296 78 238 321 398
split_gain=0.000170268 0.000318245 0.000287541 0.00027599 0.000545626 0.000475085 0.000420604 0.000316182 0.000641229 0.00123039 0.000905114 0.00134324 0.000372881 0.000430986 0.000443349 0.000371081 0.00055793 0.000724813 0.00138329 0.000707225 0.000895775 0.000802094 0.000518191 0.000589254 0.00126591 0.000558645 0.000511814 0.000309762 0.00029929 0.000281581
threshold=1.6166646439674353 -0.77538091696487343 -0.71519614078524396 -0.21364867168870685 0.035234056754887506 0.059677456252900059 0.11608016980170786 -0.046974193898529942 -1.4695409005409952 -0.79631468539739536 0.62268518518518645 0.0066137566137566507 0.65280272493487368 0.0069723328363414513 0.0085040301078001517 -0.039104910302266198 -0.30323842069971091 -0.071400680824154891 0.11513278606058051 0.0019327179517373003 -0.046821321517638743 0.29545496407300503 -1.9562694013348438 0.10350993189040351 0.045795881417567706 0.00078184844092450006 0.21345899470899501 -1.7985935782916751 0.0081056252837392508 -0.0034726156305629995
decision_type=2 10 2 10 8 10 10 10 10 10 2 2 10 10 10 10 2 10 2 10 10 2 10 2 10 10 2 10 10 2
left_child=3 -2 -3 4 5 6 -1 8 9 28 11 -11 13 27 -15 16 19 -18 -19 20 -9 -21 25 -24 -25 -17 -27 -10 -5 -8
right_child=1 2 -4 7 -6 -7 29 15 12 10 -12 -13 -14 14 -16 22 17 18 -20 21 -22 -23 23 24 -26 26 -28 -29 -30 -31
leaf_value=3.9277837254715899e-05 0 0 -0.00011536394445464671 -5.2544781409259364e-05 -4.4335567887896852e-06 0 0 0 0.00012654375027000388 0 0 -0.00045111568140248173 7.4104922541122387e-05 -0.0001123168321743604 0 0 0 -2.8888013123014752e-05 -0.00033043678968703146 6.4255377133657383e-06 0.00025583878003169948 -0.00016270078344638247 2.3048768496245448e-06 8.4080711815176892e-05 -9.3005879681170201e-06 0 -0.00026280374974618271 -6.2444904288999264e-06 0.00010227388789004278 0.00026554995247589559
leaf_weight=259 145 46 145 47 325 65 20 165 46 44 41 54 119 197 76 197 427 227 63 169 59 84 3543 789 513 23 50 928 59 65
leaf_count=259 145 46 145 47 325 65 20 165 46 44 41 54 119 197 76 197 427 227 63 169 59 84 3543 789 513 23 50 928 59 65
internal_value=0 -3.52088e-05 -7.96467e-05 1.02095e-06 3.06475e-05 7.07399e-05 9.69591e-05 -1.09379e-06 -2.13174e-05 -9.71393e-05 -0.000196825 -0.00027928 -4.05214e-06 -1.55252e-05 -7.10351e-05 3.27805e-06 -2.05246e-05 -5.02267e-05 -0.000111724 1.36431e-05 8.52553e-05 -3.00141e-05 9.81213e-06 1.43944e-05 4.34498e-05 -5.38777e-05 -0.000172717 0 0 0.00021371
internal_weight=8990 336 191 8654 734 409 344 7920 1611 245 139 98 1366 1247 273 6309 1194 717 290 477 224 253 5115 4845 1302 270 73 974 106 85
internal_count=8990 336 191 8654 734 409 344 7920 1611 245 139 98 1366 1247 273 6309 1194 717 290 477 224 253 5115 4845 1302 270 73 974 106 85
is_linear=0
shrinkage=0.05


Tree=115
num_leaves=31
num_cat=0
split_feature=333 345 246 78 345 375 328 397 29 383 91 357 297 321 63 50 358 66 59 65 235 47 54 60 321 345 70 200 326 385
split_gain=0.000168265 0.000604864 0.000371287 0.000316394 0.000308156 0.00024089 0.000671885 0.000668628 0.000641842 0.000543947 0.000549409 0.000524821 0.000795574 0.000736324 0.000717083 0.000490232 0.000686106 0.000756911 0.000758655 0.00046998 0.000454097 0.000485161 0.000475282 0.000395526 0.000551156 0.00038378 0.000479813 0.000380001 0.000363555 0.000428778
threshold=-0.047288359788359394 0.0092592592592592518 0.51063297688841436 0.52190806878306917 -1.0000000180025095e-35 -0.0075048215975515491 -0.029996763385666547 -0.22062675557314407 0.9859457671957671 0.14443316473238718 0.25493927680822709 -0.019841269841269844 0.0018923384911699002 0.026221995886466204 0.51802248677248708 -1.0969293629453898 0.012028222587283602 0.68746218253134617 0.47716208203086158 0.55523821516233673 -0.11662697414774374 0.70916005291005313 0.70453042328042315 0.38210978835978804 0.007674774027014851 -0.0033068783068786497 0.76686507936507964 -0.51464262158170515 0.12465126406844391 -1.3041962755753245
decision_type=10 10 10 2 10 8 8 2 2 10 2 10 10 10 2 2 10 2 2 2 10 2 2 2 10 10 2 10 10 10
left_child=1 3 -3 -1 -5 7 23 27 11 10 -10 25 14 -14 -13 16 17 18 -8 -12 22 -22 -18 24 -7 26 -9 -2 29 -29
right_child=5 2 -4 4 -6 6 15 8 9 -11 19 12 13 -15 -16 -17 20 -19 -20 -21 21 -23 -24 -25 -26 -27 -28 28 -30 -31
leaf_value=4.5570566137769462e-05 -7.3328335091796614e-06 0.00025664392880081976 0 0 -0.0001788066131443209 0 0.00032464474908416022 -0.00010795027845008575 0 -3.8534975233365994e-05 0.00021561859980735035 -0.00013057506518274558 -1.7427805260487376e-06 0.00022263505047692171 -2.7725388548709249e-05 2.9682622188129386e-06 -0.00013831640566782708 0 0 0 0 0.00013131670106340579 0 0 -0.0002656765975822781 9.4141826909785239e-06 1.233000706296305e-05 0 0 0.00010402899415982907
leaf_weight=119 339 43 32 45 41 74 67 181 118 106 86 454 90 39 524 4919 81 48 28 26 39 115 46 116 53 625 36 48 146 306
leaf_count=119 339 43 32 45 41 74 67 181 118 106 86 454 90 39 524 4919 81 48 28 26 39 115 46 116 53 625 36 48 146 306
internal_value=0 3.77165e-05 0.000159502 0 -7.94619e-05 -1.59684e-06 3.94944e-06 -1.31144e-05 -2.81351e-05 2.73886e-05 7.9504e-05 -4.02734e-05 -6.34785e-05 2.74826e-05 -8.05899e-05 8.49445e-06 6.08006e-05 0.000151467 0.00023328 0.00015883 0 7.07744e-05 -5.34678e-05 -7.53794e-05 -0.000136557 -3.82363e-06 -6.49686e-05 2.18341e-05 5.16047e-05 7.95475e-05
internal_weight=8990 280 75 205 86 8710 5586 3124 2285 336 230 1949 1107 129 978 5343 424 143 95 112 281 154 127 243 127 842 217 839 500 354
internal_count=8990 280 75 205 86 8710 5586 3124 2285 336 230 1949 1107 129 978 5343 424 143 95 112 281 154 127 243 127 842 217 839 500 354
is_linear=0
shrinkage=0.05


Tree=116
num_leaves=31
num_cat=0
split_feature=330 80 346 330 216 262 71 316 278 19 88 21 376 331 378 335 238 255 229 388 256 66 291 248 19 315 326 20 15 28
split_gain=0.000164893 0.000380238 0.000335331 0.000494745 0.000382422 0.00028531 0.000528644 0.000765291 0.00085675 0.000559245 0.000434441 0.00058828 0.000862172 0.000351382 0.000331508 0.000397711 0.000294764 0.000560989 0.00056489 0.00062749 0.000593894 0.000406549 0.000642438 0.000676793 0.000531693 0.000408711 0.000581694 0.000698295 0.000627824 0.000392078
threshold=0.11135189527993107 0.64930555555555547 -0.031083267015277097 0.60977686885484716 1.2857518806989858 -0.82683168209461166 0.68287037037037057 -0.035436237154232393 -0.73851134997384993 0.081471832529570215 0.49041005291005307 1.3778073685636401 0.0062594390643967513 0.0062242107752917006 -0.90241930707833273 -0.033432395523914943 1.0248856057705782 -0.6643200045286396 1.3909585541155067 0.49999999999998129 -1.8213122535073738 1.2405829836719353 -0.062581571477007228 0.12709280156924013 -0.60876011180764289 -0.037405834804737449 0.017661477827956702 -0.79035694922770883 0.67038690476190499 0.039351851851851756
decision_type=10 2 10 10 10 8 2 10 10 2 2 2 10 10 10 10 8 8 10 2 10 2 10 10 2 10 10 2 2 2
left_child=5 2 -2 4 -4 6 10 8 -8 -10 11 -1 -13 14 -12 -16 21 18 19 20 -18 25 -23 24 -24 29 27 -27 -28 -7
right_child=1 -3 3 -5 -6 16 7 -9 9 -11 13 12 -14 -15 15 -17 17 -19 -20 -21 -22 22 23 -25 -26 26 28 -29 -30 -31
leaf_value=0 0 0 -0.00027973491805840085 0 0 0 0 0 0 0.00037881357573203375 0 -0.00036272484506516664 0 0 0 0.00016033701981655124 0 0 0 0 -0.00016870079965709652 -9.2841973567680727e-07 0 0 0.00016053585082344922 5.0506653056234524e-05 -7.5722405208688507e-05 -8.5804606077834218e-06 0 5.5812944503917162e-05
leaf_weight=95 33 83 56 22 23 547 42 79 27 52 27 32 56 141 38 124 44 570 78 49 232 447 36 248 218 591 601 3231 649 519
leaf_count=95 33 83 56 22 23 547 42 79 27 52 27 32 56 141 38 124 44 570 78 49 232 447 36 248 218 591 601 3231 649 519
internal_value=0 -4.33552e-05 -0.000100657 -0.000147414 -0.000208355 6.88214e-07 3.13647e-05 0.000100551 0.000180291 0.000277204 0 -5.71127e-05 -0.000153208 3.84829e-05 8.50331e-05 0.000116395 -1.40549e-06 -2.75278e-05 -7.28597e-05 -0.000104528 -0.000136187 1.47577e-06 3.23605e-05 7.19546e-05 0.000129959 -2.4852e-06 -9.13052e-06 0 -3.87497e-05 2.4441e-05
internal_weight=8990 217 134 101 79 8773 713 200 121 79 513 183 88 330 189 162 8060 973 403 325 276 7087 949 502 254 6138 5072 3822 1250 1066
internal_count=8990 217 134 101 79 8773 713 200 121 79 513 183 88 330 189 162 8060 973 403 325 276 7087 949 502 254 6138 5072 3822 1250 1066
is_linear=0
shrinkage=0.05


Tree=117
num_leaves=31
num_cat=0
split_feature=353 316 208 225 65 260 253 259 366 70 215 260 385 310 369 19 36 369 376 54 257 20 351 374 64 37 62 397 56 236
split_gain=0.00016337 0.000479408 0.000527734 0.000706044 0.000409716 0.000374192 0.000569742 0.000853343 0.000557214 0.000540627 0.000503662 0.000569879 0.000352743 0.000526435 0.000542081 0.000634404 0.000851958 0.000360812 0.000708123 0.000388906 0.000965681 0.000622087 0.000928293 0.000597797 0.000382859 0.000457045 0.000362785 0.000356561 0.000426062 0.000352127
threshold=0.17384541259759362 -0.028622125686889946 -1.2900630152703891 1.7381284805174122 -0.066465652070713491 -0.24233576352271416 1.3873633247797212 0.42588348789402192 1.1982219792731319 0.087632275132275159 -1.5429572058642111 -1.3783220603559168 2.0649333588632839 0.0020411653201249003 -0.62465303927452631 -0.07646695393282768 0.27860449735449705 -0.19088412450393441 0.0034787548679339505 0.86888227513227512 -0.065988862401764395 -0.80075893202736637 -0.048971508537425192 0.076568122869875507 0.60360748403341857 1.4636976297383002 0.56365740740740711 -0.49021141579304184 0.15591931216931201 0.8105353219714585
decision_type=8 8 10 10 2 10 10 10 10 2 10 10 10 10 10 2 2 10 10 2 10 2 10 10 2 2 2 2 2 10
left_child=5 2 3 4 -2 6 8 9 -1 -8 -11 -12 17 14 -14 -16 -17 18 24 21 23 22 -19 -21 25 -7 -22 -20 -29 -10
right_child=1 -3 -4 -5 -6 12 7 -9 29 10 11 -13 13 -15 15 16 -18 19 27 20 26 -23 -24 -25 -26 -27 -28 28 -30 -31
leaf_value=4.4941113596591645e-06 0 -4.1616287406898488e-06 1.309531319781101e-05 0 0.00041711343311983225 -4.8366057538317444e-05 0 0 -0.00011445448607194779 0 0 -0.0002224821239530564 0 -3.094516367678672e-05 0 0 0.00025682609594811088 0 0 -0.00018746512596152544 9.7303228917255391e-05 2.6836040012363565e-06 0.00012265117948365156 0 9.5572013632519049e-05 6.3678083480534506e-05 -2.1381291717647828e-05 0 -0.00012283136207835951 0
leaf_weight=1365 23 578 351 45 32 328 53 176 173 22 43 172 47 58 78 32 110 173 48 128 96 3863 288 38 100 103 80 55 297 35
leaf_count=1365 23 578 351 45 32 328 53 176 173 22 43 172 47 58 78 32 110 173 48 128 96 3863 288 38 100 103 80 55 297 35
internal_value=0 1.8385e-05 5.83591e-05 0.000167113 0.000287696 -2.75858e-06 -2.15541e-05 -7.10041e-05 -3.72256e-06 -0.000124315 -0.000156873 -0.000181603 2.86885e-06 5.35023e-05 9.0571e-05 0.000126933 0.000190045 0 -2.84904e-05 5.59855e-06 -4.30043e-05 1.05999e-05 6.60771e-05 -0.000134557 4.95322e-07 -9.98305e-06 1.49813e-05 -7.94563e-05 -9.85172e-05 -8.16476e-05
internal_weight=8990 1029 451 100 55 7961 2039 466 1573 290 237 215 5922 325 267 220 142 5597 931 4666 342 4324 461 166 531 431 176 400 352 208
internal_count=8990 1029 451 100 55 7961 2039 466 1573 290 237 215 5922 325 267 220 142 5597 931 4666 342 4324 461 166 531 431 176 400 352 208
is_linear=0
shrinkage=0.05


Tree=118
num_leaves=31
num_cat=0
split_feature=288 284 220 59 385 255 353 379 203 301 208 249 382 361 210 392 39 249 220 379 21 35 397 255 265 208 91 398 73 253
split_gain=0.000158962 0.000846089 0.000651987 0.000558226 0.000444151 0.000278527 0.000671302 0.000984727 0.000957704 0.000847642 0.000691893 0.00071941 0.0005903 0.000365692 0.000350263 0.000629252 0.000711506 0.000848289 0.000710703 0.000420542 0.000555497 0.000777137 0.000675813 0.000406193 0.000754602 0.000712509 0.000696743 0.000691874 0.000562398 0.000359155
threshold=0.00082671957671945015 -0.00016534391534284997 1.5251711311611107 0.59912140660162116 0.21793041025845658 -2.473775996446379 -0.032545881779711794 -0.22107386485362557 1.3115427620637317 0.0022005544942799503 -2.1842370787956971 2.64977103495896 0.33479289952057517 0.0010910982672829503 -2.4117621555668411 0.73645979914842907 -1.9262598796999699 2.5224425386283338 -1.7446940506675415 -0.78151816936606766 1.1325821214662501 0.77496693121693105 -0.21489264886859874 -2.0110841473586283 0.53516193504581488 -1.2900630152703891 0.29064906761676207 0.0041582527637976504 0.10786795294666902 0.69143037320455958
decision_type=10 10 10 2 10 8 10 8 10 10 10 10 10 10 8 2 2 10 10 8 2 2 2 10 8 10 2 2 2 10
left_child=5 2 3 4 -2 6 10 -8 9 12 11 13 -9 -1 15 16 -7 18 -18 20 21 22 -16 24 27 26 -25 -21 -26 -27
right_child=1 -3 -4 -5 -6 14 7 8 -10 -11 -12 -13 -14 -15 19 -17 17 -19 -20 23 -22 -23 -24 25 28 29 -28 -29 -30 -31
leaf_value=-0.00044616414336112476 -4.027309510074481e-05 3.7409971327504574e-05 0 0 -0.00035836302445084239 0 0 0.00048421696506948476 0 0 6.6467517380213798e-05 0 0 0 0 0 0 0 -0.00045562590930320313 -0.00013309359981256795 0 0 0.00023236856092007238 0 0.00012055428849073286 2.0222602106869119e-07 9.3565114179829236e-05 3.0565895122329607e-05 -3.5463939085798249e-05 -3.1019113381808624e-05
leaf_weight=21 74 151 57 45 49 24 84 46 52 25 61 37 21 24 40 112 21 46 39 261 405 170 112 353 87 4984 389 26 118 1056
leaf_count=21 74 151 57 45 49 24 84 46 52 25 61 37 21 24 40 112 21 46 39 261 405 170 112 353 87 4984 389 26 118 1056
internal_value=0 -3.2042e-05 -0.00010086 -0.000152704 -0.000207797 1.14367e-06 4.36592e-05 0.000101673 0.000182886 0.000279872 -1.3904e-05 -0.000134602 0.000372952 -0.000269926 -1.63798e-07 -5.98632e-05 -0.000136968 -0.000199422 -0.000324799 1.0177e-06 3.76693e-05 8.66873e-05 0.000169373 -1.95855e-06 -4.60089e-05 5.00481e-07 4.73598e-05 -0.000100846 6.39682e-06 -4.42896e-06
internal_weight=8990 376 225 168 123 8614 371 228 144 92 143 82 67 45 8243 242 130 106 60 8001 727 322 152 7274 492 6782 742 287 205 6040
internal_count=8990 376 225 168 123 8614 371 228 144 92 143 82 67 45 8243 242 130 106 60 8001 727 322 152 7274 492 6782 742 287 205 6040
is_linear=0
shrinkage=0.05


Tree=119
num_leaves=31
num_cat=0
split_feature=321 54 332 239 302 382 68 395 355 328 355 81 50 36 246 35 335 229 375 216 56 66 318 340 277 298 16 317 265 287
split_gain=0.000159381 0.000587864 0.000607856 0.000535506 0.000535237 0.000560615 0.000879328 0.000424018 0.000612198 0.00036459 0.000409257 0.000308738 0.000301252 0.000542984 0.000451326 0.00100427 0.000910015 0.000607471 0.000445423 0.000472738 0.000549586 0.000589728 0.000350702 0.000486533 0.000517212 0.000331588 0.00130884 0.000972189 0.000580192 0.000637027
threshold=0.021111149028490202 0.70932539682539708 -0.014173899109665348 1.0222571711873074 -0.16764621916948982 0.82354250312144661 0.91567460317460314 0.4416473397984369 0.082637575139249964 0.0083057757119816018 -0.046974193898529942 0.19609788359788352 -0.8529117608812079 0.080522486772486815 -0.90225378228401432 0.93005952380952406 1.0000000180025095e-35 -1.7704322997827253 -0.16461731856229192 -0.23599335211644867 0.9171626984126986 -1.1260293097001999 -0.15900170066188504 0.0058124345882058009 1.0650400776677182 -0.0018408324803348998 -0.26561124551810644 -0.047345716288485093 -0.44656612775320703 -0.00049603178671444985
decision_type=10 2 10 10 10 10 2 2 10 10 10 2 2 2 10 2 10 10 10 10 2 2 10 10 10 8 2 10 10 10
left_child=12 2 11 4 -4 6 -6 8 9 10 -3 -2 13 18 15 16 17 -15 -1 20 21 -20 -16 24 -24 26 27 28 -14 -30
right_child=1 7 3 -5 5 -7 -8 -9 -10 -11 -12 -13 25 14 22 -17 -18 -19 19 -21 -22 -23 23 -25 -26 -27 -28 -29 29 -31
leaf_value=7.8836084194064347e-05 -1.4512888286563947e-05 0 0 0 -0.00020375340712737357 0 0 0 0 0 0.00040478409317080732 9.3298237254644059e-05 0 0 -6.7310777525459657e-05 -7.2208147418703386e-06 1.6805044187428072e-05 0.00028219246159254117 0 0 0 -0.00037277660344001959 0.00013349467493973044 -2.0498235168463339e-05 0 2.8735569604120807e-06 0 0 -0.00038557256753200472 0
leaf_weight=20 189 23 20 78 222 124 51 111 22 25 30 84 21 37 109 118 172 116 21 48 30 38 160 92 32 6019 800 92 64 22
leaf_count=20 189 23 20 78 222 124 51 111 22 25 30 84 21 37 109 118 172 116 21 48 30 38 160 92 32 6019 800 92 64 22
internal_value=0 -1.92107e-05 -4.30612e-05 -7.71103e-05 -0.000101329 -0.000118972 -0.000160353 4.38945e-05 0.00012105 0.000195901 0.000271314 3.7347e-07 2.15242e-06 2.81264e-05 4.72594e-05 8.2224e-05 0.000130071 0.000224651 -4.18924e-05 -9.60313e-05 -0.000165694 -0.000254241 0 3.66904e-05 9.01178e-05 -8.10621e-07 -2.80105e-05 -0.000142729 -0.000246099 -0.000303616
internal_weight=8990 979 768 495 417 397 273 211 100 78 53 273 8011 993 836 443 325 153 157 137 89 59 393 284 192 7018 999 199 107 86
internal_count=8990 979 768 495 417 397 273 211 100 78 53 273 8011 993 836 443 325 153 157 137 89 59 393 284 192 7018 999 199 107 86
is_linear=0
shrinkage=0.05


Tree=120
num_leaves=31
num_cat=0
split_feature=211 359 211 373 36 204 219 245 241 248 48 279 251 320 252 215 294 363 306 73 19 19 385 230 62 70 296 46 297 390
split_gain=0.000161338 0.000444931 0.000516368 0.000623816 0.000483075 0.000444369 0.000550158 0.000495133 0.000584377 0.000485603 0.000407318 0.000463294 0.000598885 0.000432478 0.000524679 0.000396412 0.000386039 0.000420425 0.000463484 0.000345189 0.000433288 0.000341206 0.000321883 0.000722731 0.0010403 0.000523487 0.000489411 0.000798359 0.00074061 0.000500163
threshold=-0.82642608117316907 -0.0075198070435995492 -0.89182098423124312 -0.0026455026455033995 0.29067460317460309 -1.9184025593767959 1.284763268508698 0.78444487658677386 1.2275891294542938 0.81867540191590693 -0.34174474390049192 0.13685842606466156 -1.0866192271926434 0.0067125605692554503 0.23730306007569693 -1.9140470292062919 -0.00033068783068794999 -0.2115860973028473 -0.00089525642014084993 -1.6594057954440098 -0.73537680723264787 -0.44451379367845145 -0.059937695840762591 2.1175642630864977 0.36259920634920606 0.92030423280423312 0.0006081492218789501 0.0061177248677248006 0.0019530818886699002 2.2393204535019726
decision_type=8 10 10 10 2 10 10 10 10 10 2 10 10 10 10 8 10 10 10 2 2 2 8 10 2 2 10 2 10 2
left_child=1 5 3 4 -3 -1 7 8 9 -7 13 -12 -13 -5 -15 -2 -4 -18 -19 -6 -21 -20 23 26 -25 -24 -17 29 -29 -28
right_child=15 2 16 10 19 6 -8 -9 -10 -11 11 12 -14 14 -16 22 17 18 21 20 -22 -23 25 24 -26 -27 27 28 -30 -31
leaf_value=-1.4293683119697479e-05 5.1043571416746364e-05 0 0 0 0 0.00022145297195620665 0 0 0 0 0 0 0.00015810034261869562 -0.00022786093644158435 0 -8.5759487730086221e-06 0 0 0 0 -0.00019982303603854909 0.00026699437942718498 5.9002801087351106e-06 0.00030283812975586582 0 -7.6950928856179038e-05 -2.4534239112168866e-05 -0.00013231468306307322 0 0.00013175288686136409
leaf_weight=91 297 77 37 143 23 159 89 129 37 71 389 70 124 57 29 1679 34 29 47 69 126 70 3966 39 76 198 171 393 205 66
leaf_count=91 297 77 37 143 23 159 89 129 37 71 389 70 124 57 29 1679 34 29 47 69 126 70 3966 39 76 198 171 393 205 66
internal_value=0 1.27663e-05 0 -1.70452e-05 -7.98422e-05 4.96823e-05 7.19936e-05 9.9096e-05 0.000138554 0.000169213 0 2.76726e-05 9.09268e-05 -4.99573e-05 -0.000138558 -3.63471e-06 6.68176e-05 0.000103636 0.000142948 -0.000119007 -0.000142322 0.000188121 -6.76208e-06 -2.05746e-05 9.2515e-05 7.58176e-07 -2.774e-05 -6.02816e-05 -9.17108e-05 0
internal_weight=8990 1900 1324 1107 295 576 485 396 267 230 812 583 194 229 86 7090 217 180 146 218 195 117 6793 2629 115 4164 2514 835 598 237
internal_count=8990 1900 1324 1107 295 576 485 396 267 230 812 583 194 229 86 7090 217 180 146 218 195 117 6793 2629 115 4164 2514 835 598 237
is_linear=0
shrinkage=0.05


Tree=121
num_leaves=31
num_cat=0
split_feature=350 394 350 348 52 393 237 365 366 394 270 80 237 297 19 66 213 30 369 60 374 301 365 364 239 259 59 274 307 289
split_gain=0.000156295 0.000388115 0.000432158 0.000402456 0.00046427 0.000392749 0.0002562 0.000414464 0.000547017 0.00073346 0.000559932 0.000426978 0.000382087 0.000704319 0.000637175 0.000462565 0.000504478 0.00037405 0.000559795 0.000506218 0.000554187 0.000356729 0.000549969 0.000589735 0.00063003 0.000493475 0.000877315 0.000504395 0.000366373 0.000676332
threshold=0.30898207326834098 -0.13065281382287472 0.63819206911826021 0.11424679149192261 -0.58870661948329439 1.154245930772825 -0.55484624022628715 0.28025793650793679 1.7249239790370814 -0.068067869513882884 -0.71338721205044309 0.95006613756613756 -0.33773344466834404 5.5910831310998512e-05 -0.041955767096319742 1.1990015112924153 -0.75026590534275861 -0.71175672252312738 0.011001371520647002 0.6410383597883601 0.038804151650982159 -0.0031436526769299997 0.16699735449735467 -0.064546909670264482 0.012895051351227552 0.059136092062640006 -0.66726717142940484 0.14045941787293198 -0.00033068783068774995 -0.015686837435610647
decision_type=10 2 10 10 2 2 10 10 10 2 10 2 10 10 2 2 10 2 10 2 10 10 10 10 10 10 2 10 10 10
left_child=6 -2 3 4 -3 -6 7 17 9 10 -9 -12 13 -8 -15 16 -16 -1 -19 20 -20 22 25 -24 -25 27 -27 -14 29 -23
right_child=1 2 -4 -5 5 -7 12 8 -10 -11 11 -13 21 14 15 -17 -18 18 19 -21 -22 28 23 24 -26 26 -28 -29 -30 -31
leaf_value=2.047118617888113e-05 0 0 0 0 -0.00027430191621631789 0 0 0 0 0 -0.00021322683766420559 0 -0.00011603549632111818 1.1742400895524418e-05 0 0 0.00031563634619670802 2.737251680138847e-06 -0.00017072363455425198 0 0 9.0801464888678867e-07 0 0.00016409348568330719 0 0.0001971230103199194 0 0 5.7354240704605357e-06 -6.079297803020066e-05
leaf_weight=964 227 26 55 34 74 39 292 39 215 156 155 25 140 185 22 21 70 357 157 128 39 842 71 197 82 72 295 144 3181 686
leaf_count=964 227 26 55 34 74 39 292 39 215 156 155 25 140 185 22 21 70 357 157 128 39 842 71 197 82 72 295 144 3181 686
internal_value=0 -2.87446e-05 -7.68264e-05 -0.000118402 -0.000157096 -0.000201531 1.31279e-06 -1.24618e-05 -4.84161e-05 -8.5636e-05 -0.000144651 -0.000182284 6.99323e-06 4.5803e-05 0.000100298 0.000200931 0.000249268 0 -2.79243e-05 -7.71266e-05 -0.000127612 2.10674e-06 2.96975e-05 8.03064e-05 0.000115638 0 4.0708e-05 -4.69166e-05 -2.697e-06 -2.3523e-05
internal_weight=8990 455 228 173 139 113 8535 2235 590 375 219 180 6300 590 298 113 92 1645 681 324 196 5710 1001 350 279 651 367 284 4709 1528
internal_count=8990 455 228 173 139 113 8535 2235 590 375 219 180 6300 590 298 113 92 1645 681 324 196 5710 1001 350 279 651 367 284 4709 1528
is_linear=0
shrinkage=0.05


Tree=122
num_leaves=31
num_cat=0
split_feature=73 319 363 235 37 300 391 333 319 257 277 241 359 257 238 275 374 373 206 263 23 210 77 344 215 235 300 347 385 309
split_gain=0.00015528 0.000447829 0.000676775 0.00050228 0.000662702 0.000761347 0.000495936 0.000466421 0.000479195 0.000414318 0.000656479 0.00113788 0.00107657 0.00058837 0.0005554 0.000550211 0.000482525 0.00046842 0.000428463 0.000586034 0.00057491 0.000396272 0.000370123 0.000329186 0.000517465 0.000492063 0.000392397 0.000463639 0.000502553 0.00038272
threshold=-0.27558098468965847 0.0045319946777935003 -0.037712380726125046 -2.1524459004594139 -0.51961677663651074 0.069156772655509971 0.43047511634451124 -0.041170634920634941 -0.012741291443597048 1.0000000180025095e-35 -0.067983545682590199 0.28682429845740776 -0.0082562221586952485 0.20786658660704829 0.58504197662864432 -0.56659394313070555 0.031780262974795505 -0.0019841269841268496 0.028555304341462504 0.68698861539565259 0.0038029100529100007 -0.4235396796714504 0.21742724867724902 0.093957181270184167 -0.96651309141508168 0.66073212767680023 -0.025148262234000098 -0.0061460220132414497 -1.7853886565060677 0.0064699465983511515
decision_type=2 10 10 10 2 10 2 10 10 10 10 10 10 10 10 10 10 10 10 10 2 10 2 10 10 10 10 8 8 10
left_child=1 7 -3 -4 5 6 -5 8 -1 10 11 17 -13 16 15 -12 -11 -9 20 -20 -15 -16 -2 26 -25 -26 27 -24 -29 -30
right_child=22 2 3 4 -6 -7 -8 9 -10 13 14 12 -14 18 21 -17 -18 -19 19 -21 -22 -23 23 24 25 -27 -28 28 29 -31
leaf_value=0 -3.5410025526078323e-05 -4.483905825835039e-07 -1.4350075097568943e-05 0 2.9305306738860235e-05 0 0.00030264494377804635 -8.2505059031640765e-05 0.00016875463797929837 0.00023396529514408757 0 0 -0.00021181840167809043 8.3267326540377712e-06 -0.00013873591436416201 9.5237567246094941e-05 0 2.7767601319347733e-05 0 0.00010461406310961069 -0.00010289275647105603 0 -1.0636650828973169e-05 0 -0.0002743355662175486 0 -4.1137319188550248e-06 -5.8318479605963494e-06 8.1115514989503609e-05 0
leaf_weight=21 839 295 30 21 266 37 97 141 79 53 163 78 180 134 84 237 20 273 221 185 183 68 331 56 44 29 3976 160 649 40
leaf_count=21 839 295 30 21 266 37 97 141 79 53 163 78 180 134 84 237 20 273 221 185 183 68 331 56 44 29 3976 160 649 40
internal_value=0 9.54981e-06 4.30221e-05 8.25341e-05 0.000101313 0.000192553 0.000254576 0 0.000102644 -7.42673e-06 -2.73816e-05 -6.15285e-05 -0.000144499 1.69767e-05 5.13577e-06 4.4012e-05 0.000152515 0 0 3.71567e-05 -4.01231e-05 -6.42586e-05 -4.55053e-06 0 -7.84803e-05 -0.00016904 2.32278e-06 2.8246e-05 4.92932e-05 6.93492e-05
internal_weight=8990 2866 746 451 421 155 118 2120 100 2020 1224 672 258 796 552 400 73 414 723 406 317 152 6124 5285 129 73 5156 1180 849 689
internal_count=8990 2866 746 451 421 155 118 2120 100 2020 1224 672 258 796 552 400 73 414 723 406 317 152 6124 5285 129 73 5156 1180 849 689
is_linear=0
shrinkage=0.05


Tree=123
num_leaves=31
num_cat=0
split_feature=248 31 335 31 397 66 326 332 251 386 238 93 353 201 75 228 248 91 339 253 85 354 373 387 85 331 218 335 44 28
split_gain=0.000166 0.000384058 0.000406249 0.000514134 0.000464229 0.00054471 0.000441917 0.000337232 0.00047924 0.000790328 0.000624736 0.000862562 0.000623243 0.000611563 0.000487861 0.000704866 0.000537578 0.000424088 0.000380797 0.000409414 0.000379577 0.000545001 0.000953805 0.000948615 0.000636505 0.000862296 0.000718065 0.000711818 0.000579413 0.000454301
threshold=0.78771253426859567 0.85912698412698396 0.035203166320097061 0.99421296296296313 -0.41430056006552302 -0.90478308978315991 0.10970584267251476 0.0035700917130915004 0.2721621025099053 0.0091914506563116009 -0.44434749041828797 1.2476565714649503 0.014918578793400802 -0.94918583326238559 0.57374338624338617 -0.74663364890393258 -1.3255311165581316 -0.68630718892274845 0.0069723328363414513 -0.59380802567958579 0.25011264913939507 0.010041516060110651 0.00132275132275125 -0.093640703346382984 2.7703590236691435 -0.012455403054319849 1.0616552527258365 -0.014797562542991449 0.79513888888888917 0.012235449735449652
decision_type=8 2 10 2 2 2 10 10 10 10 10 2 10 10 2 10 10 2 10 10 2 10 10 10 2 10 10 10 2 2
left_child=7 -2 3 4 -3 -6 -7 20 10 -10 14 18 13 -11 15 -9 -17 -15 -12 -20 -1 24 23 -23 25 26 -22 -26 -25 -27
right_child=1 2 -4 -5 5 6 -8 8 9 12 11 -13 -14 17 -16 16 -18 -19 19 -21 21 22 -24 28 27 29 -28 -29 -30 -31
leaf_value=2.0136810203519435e-06 2.4412123674851177e-07 0 0 0 0 -0.00017181566102738885 0 0 0 0 2.0922593536573925e-05 -0.00024264655961525668 0 0 0 0 0.00021354586542813187 -0.00027377221135348179 0 -0.00017754607276891627 0.00018769257641375125 0 0 0.00028381585366004145 0 -7.6666589120039726e-05 0 -0.00032552374007589985 0 2.3979382211289347e-05
leaf_weight=4300 1487 104 235 110 63 244 69 69 287 28 329 42 91 31 66 26 122 103 42 58 120 112 195 112 26 169 40 29 22 259
leaf_count=4300 1487 104 235 110 63 244 69 69 287 28 329 42 91 31 66 26 122 103 42 58 120 112 195 112 26 169 40 29 22 259
internal_value=0 -1.17245e-05 -3.93544e-05 -6.2343e-05 -8.63387e-05 -0.000112256 -0.000139594 3.81448e-06 -1.77783e-05 -5.45031e-05 1.89652e-06 -2.61574e-05 -0.000118935 -0.000178041 6.62414e-05 0.000106489 0.000168883 -0.000222976 0 -8.98399e-05 9.93303e-06 3.67322e-05 8.00311e-05 0.000145496 0 2.20989e-05 0.000123346 -0.000153841 0.00023777 -4.09078e-06
internal_weight=8990 2312 825 590 480 376 313 6678 1294 540 754 471 253 162 283 217 148 134 429 100 5384 1084 441 246 643 588 160 55 134 428
internal_count=8990 2312 825 590 480 376 313 6678 1294 540 754 471 253 162 283 217 148 134 429 100 5384 1084 441 246 643 588 160 55 134 428
is_linear=0
shrinkage=0.05


Tree=124
num_leaves=31
num_cat=0
split_feature=274 87 72 299 247 37 11 392 378 220 23 271 341 86 232 43 248 79 241 207 353 274 244 266 260 15 288 332 352 321
split_gain=0.000152559 0.000460471 0.000425124 0.000423008 0.000575706 0.000764806 0.000413846 0.000418554 0.000662762 0.000584123 0.000413502 0.000381427 0.000434862 0.000379519 0.000555974 0.000552068 0.000371213 0.000506779 0.000358607 0.000359434 0.000346873 0.000379069 0.00060367 0.00044528 0.00057114 0.000338396 0.000327088 0.000356526 0.000396722 0.000317892
threshold=0.56657431145887804 0.88723544973544954 2.0530013309904702 0.19941648128502848 0.7246471333529757 1.6129019427583953 0.057622354497354554 1.1608624337593132 0.27692664466711941 1.4561161362035082 0.0057870370370370012 1.8948451422548414 0.0006613756613749501 0.94279100529100512 0.63938486231418779 -0.6658135235222219 -1.6721523447408753 1.1631085329712401 -1.0571507111574643 -0.77656840239916192 0.1780838886543212 0.3571295843926276 -0.012157886428626198 1.1433076699870057 -0.28327519458720735 0.031911375661375661 -0.00033068783068774995 -0.022912109983235094 -0.096084493784697536 0.014158134965216002
decision_type=10 2 2 10 10 2 2 2 10 10 2 10 10 2 10 2 10 2 10 10 8 10 10 10 10 2 10 10 10 10
left_child=2 3 11 6 5 18 10 8 9 -8 16 20 -13 14 15 -3 -2 -18 -5 -20 21 23 -23 24 -1 -25 27 -22 -29 -24
right_child=1 13 -4 4 -6 -7 7 -9 -10 -11 -12 12 -14 -15 -16 -17 17 -19 19 -21 26 22 29 25 -26 -27 -28 28 -30 -31
leaf_value=-3.1301373704013614e-05 0 -0.00017016561326494437 9.7226945424393565e-05 0 0 0 -0.00020121110565661252 1.2353288966209597e-05 0 0 0 0 -0.00026557832389959159 0 0 0 0.000125663250562048 0 0 0.0001866645636407506 0 0 -0.00017097431371550958 7.1550853604721393e-06 1.0717650695914925e-05 -5.6623055295972604e-05 0 0 0.00014145341986330777 0
leaf_weight=1029 77 138 96 33 114 69 111 149 91 57 445 51 31 441 93 37 251 137 28 209 87 190 122 121 3660 640 256 33 163 31
leaf_count=1029 77 138 96 33 114 69 111 149 91 57 445 51 31 441 93 37 251 137 28 209 87 190 122 121 3660 640 256 33 163 31
internal_value=0 1.04275e-05 -4.14275e-06 2.53804e-05 6.87151e-05 0.00010273 6.68873e-06 -2.95825e-05 -7.30007e-05 -0.000134427 2.84463e-05 -6.441e-06 -0.000116086 -1.98701e-05 -6.76996e-05 -0.000122292 6.16933e-05 8.33812e-05 0.000142578 0.000164131 -4.22964e-06 -8.49262e-06 -6.07288e-05 -4.28662e-06 4.29812e-07 -3.99132e-05 3.23058e-05 6.98274e-05 0.00010763 -0.000134619
internal_weight=8990 2480 6510 1771 453 339 1318 408 259 168 910 6414 82 709 268 175 465 388 270 237 6332 5793 343 5450 4689 761 539 283 196 153
internal_count=8990 2480 6510 1771 453 339 1318 408 259 168 910 6414 82 709 268 175 465 388 270 237 6332 5793 343 5450 4689 761 539 283 196 153
is_linear=0
shrinkage=0.05


Tree=125
num_leaves=31
num_cat=0
split_feature=260 261 227 380 291 260 251 279 55 315 35 93 270 346 394 385 59 231 381 315 253 285 238 363 367 70 300 372 41 356
split_gain=0.000152405 0.000515471 0.000351712 0.00043927 0.000358579 0.000347047 0.000472303 0.000443648 0.00100562 0.000674902 0.00034103 0.000406046 0.000599857 0.000284719 0.000480591 0.000390899 0.000941769 0.000704933 0.000616416 0.000407137 0.000392822 0.000498361 0.000478923 0.000344509 0.000321299 0.000315037 0.000512565 0.000384289 0.000295299 0.000267026
threshold=-1.3055703620275183 -0.27011452779272888 1.4260079242254495 -0.27204950887921359 -0.15415067982729261 -0.68175728712599915 -1.4482510260523294 1.2914112565700391 -0.63437961802789611 -0.029102533143221795 0.95213293650793707 0.13636420072480551 0.57085107413171776 -0.19340617053937342 -0.23906745567973767 2.0649333588632839 -0.61477046182245942 0.33583591609558655 -1.3714933161632759 -0.029102533143221795 0.026994205439626905 -0.00038240919646119991 -0.38803055839736261 0.19016761204226348 -0.45419973544973535 0.28273809523809507 -0.13060188939847511 -0.0064676019403398493 1.025454058956228 -0.023221518560416498
decision_type=8 10 10 10 10 10 8 10 2 10 2 2 8 10 2 8 2 10 8 10 10 10 10 10 10 2 10 10 2 10
left_child=1 2 3 -1 -5 6 29 10 -9 -10 11 -8 -13 14 -7 19 23 18 -18 25 22 -22 -21 28 -16 26 -15 -27 -17 -2
right_child=5 -3 -4 4 -6 13 7 8 9 -11 -12 12 -14 15 24 16 17 -19 -20 20 21 -23 -24 -25 -26 27 -28 -29 -30 -31
leaf_value=0 0 0 0 0 0.00022154711206398992 0 0 0 0 -0.0003205981601519953 2.6429701837676477e-05 -0.00013612377663692785 0 0.00014835480089422467 0 -0.00017445306738718592 0 0 0.00018934805484964627 3.8628959809016577e-05 -6.6793285830848284e-05 0 -5.9389563943705348e-06 0 -0.00014572731964150021 0 -1.120847573355724e-05 6.4716741138321011e-05 0 0.00013396906397098663
leaf_weight=23 20 291 25 29 92 71 295 57 33 66 169 189 39 54 23 59 40 79 182 729 540 878 3218 32 124 210 722 616 30 55
leaf_count=23 20 291 25 29 92 71 295 57 33 66 169 189 39 54 23 59 40 79 182 729 540 878 3218 32 124 210 722 616 30 55
internal_value=0 2.78933e-05 9.868e-05 0.000132397 0.000172993 -1.64337e-06 -3.0856e-05 -4.52727e-05 -0.000128876 -0.000227004 -1.91856e-05 -4.34861e-05 -9.37391e-05 1.24424e-06 -5.37763e-05 3.5449e-06 5.03506e-05 0.000103499 0.000149857 0 -5.88441e-06 -2.86458e-05 1.02663e-06 -4.05497e-05 -0.000111604 2.27895e-05 0 4.42788e-05 -0.000109093 6.54142e-05
internal_weight=8990 460 169 144 121 8530 923 848 156 99 692 523 228 7607 218 7389 422 301 222 6967 5365 1418 3947 121 147 1602 776 826 89 75
internal_count=8990 460 169 144 121 8530 923 848 156 99 692 523 228 7607 218 7389 422 301 222 6967 5365 1418 3947 121 147 1602 776 826 89 75
is_linear=0
shrinkage=0.05


Tree=126
num_leaves=31
num_cat=0
split_feature=369 246 394 325 79 73 346 266 207 263 253 261 267 343 91 14 349 361 247 263 346 72 40 15 249 356 249 197 264 369
split_gain=0.000151773 0.000459543 0.000352702 0.000422385 0.00027602 0.000200238 0.000480807 0.000488625 0.000773717 0.000655219 0.0008525 0.000567226 0.000506163 0.000705424 0.000526614 0.000421398 0.000605017 0.000393593 0.000485475 0.000538842 0.000375263 0.00054533 0.000987883 0.000564007 0.000343106 0.000423803 0.00068503 0.000323316 0.000438317 0.000380036
threshold=-0.89996147956708061 1.3865781778347681 -0.22885097558621295 0.009072436820412302 0.97114645172621161 -0.27558098468965847 -0.0050125418235454485 -0.47532979388147417 0.079254955202691019 0.77329041283198474 2.0880755411824805 -0.86579271091767418 -0.64107506916706847 0.011243386243385951 -0.65186355554156239 0.0038029100529100007 0.058765440416864663 -0.49823490171239848 -0.53271748624990678 -0.037795602853649295 0.017938445161215805 0.25691367591044606 0.57896006731208105 0.60400132275132312 2.3770546973150499 0.041122525013472307 2.64977103495896 -1.3945909230562348 -0.099903305864549485 0.0034918894341986503
decision_type=8 10 2 10 2 2 10 10 10 10 10 10 10 10 2 2 10 10 10 10 10 2 2 2 10 10 10 10 10 10
left_child=1 2 -1 4 -4 6 17 12 -9 11 -11 -10 13 -8 -15 -14 -17 18 -2 -20 -7 22 -22 -24 27 26 -26 29 -29 -19
right_child=5 -3 3 -5 -6 20 7 8 9 10 -12 -13 15 14 -16 16 -18 24 19 -21 21 -23 23 -25 25 -27 -28 28 -30 -31
leaf_value=0 0 2.1019511511228103e-06 -0.000262547495294757 0 0 8.9478766031136647e-07 0 0 0 0.00021577224716431777 0 0.00010745122761760781 0 0 -0.00027229568262757906 0.00015249236398863589 0 2.5451140625946134e-05 0 -0.00025128599692662189 -2.5681538787688506e-05 5.0029516366234701e-06 -0.00031672737686445722 0 -0.00026381908276756417 0 0 0 9.7695220987338121e-05 -8.2383216197437977e-05
leaf_weight=90 62 183 60 20 24 4943 288 414 334 170 93 163 195 22 52 131 72 103 27 59 469 313 59 20 50 32 31 164 208 139
leaf_count=90 62 183 60 20 24 4943 288 414 334 170 93 163 195 22 52 131 72 103 27 59 469 313 59 20 50 32 31 164 208 139
internal_value=0 -3.11942e-05 -8.83473e-05 -0.000151735 -0.00020262 1.20389e-06 1.25779e-05 2.74689e-05 4.77848e-05 7.79221e-05 0.000148324 3.05864e-05 0 -4.64972e-05 -0.000185377 3.48157e-05 8.69655e-05 -1.4621e-05 -8.89225e-05 -0.000166425 -3.43955e-06 -3.41267e-05 -6.55956e-05 -0.000239011 0 -7.95046e-05 -0.000147916 1.52524e-05 4.8917e-05 -1.58426e-05
internal_weight=8990 377 194 104 84 8613 2809 1934 1174 760 263 497 760 362 74 398 203 875 148 86 5804 861 548 79 727 113 81 614 372 242
internal_count=8990 377 194 104 84 8613 2809 1934 1174 760 263 497 760 362 74 398 203 875 148 86 5804 861 548 79 727 113 81 614 372 242
is_linear=0
shrinkage=0.05


Tree=127
num_leaves=31
num_cat=0
split_feature=357 75 328 284 275 261 21 260 89 395 90 260 32 265 284 90 340 347 65 351 264 60 370 216 275 399 286 317 54 383
split_gain=0.000147761 0.000449672 0.000495845 0.000526516 0.000460643 0.000757782 0.000742461 0.000823814 0.000656352 0.000495656 0.000493223 0.000857306 0.000444269 0.000616059 0.000619063 0.000689585 0.000782645 0.000583517 0.00051283 0.000676086 0.000464227 0.000510909 0.000450304 0.000415351 0.00051108 0.000400683 0.000450778 0.000596943 0.000588629 0.000461019
threshold=-0.00033068783068794999 0.96263227513227512 -0.029996763385666547 0.00033068783068785002 -0.56659394313070555 -0.44046272598649167 1.3869277935934654 -1.0000000180025095e-35 -0.81611579050629335 0.92871305957978267 0.17559523809523805 0.52206084336252045 0.088707010582010706 -1.2253945841659315 -0.00049603174603164984 0.28802910052910052 0.010110441419037402 -0.0029417256796618993 0.72307777393905637 0.037067463308290312 -0.61369600043719685 0.26570767195767203 -0.019747019101861947 -0.49619561996089906 -1.2075028650672313 -0.27996176986809063 -0.00033068783068774995 -0.10588482296755904 0.80869708994709011 0.11422473837261336
decision_type=8 2 8 10 10 10 2 10 2 2 2 10 2 10 10 2 10 10 2 10 10 2 10 8 10 2 10 10 2 10
left_child=12 2 3 -2 8 6 7 -6 10 -8 -4 -12 13 -1 -15 16 -16 18 20 -20 -14 -22 -23 24 -10 26 27 -19 -29 -28
right_child=1 -3 4 -5 5 -7 9 -9 23 -11 11 -13 17 14 15 -17 -18 25 19 -21 21 22 -24 -25 -26 -27 29 28 -30 -31
leaf_value=-5.3382020308411702e-05 -0.00014197990172447065 8.0150138648194512e-05 0 0 0 1.3071278396317409e-06 5.7356668837045024e-05 0.00016112323901339176 0 -4.914479054009537e-05 0.00026688794997909869 0 1.9015799232305548e-05 0 0.00023700215231464559 0 0 -5.4929185292928301e-05 -0.00033849465017171828 0 0 0 -0.00010845985603891373 -6.1750443147459859e-06 -0.00012659536672570811 -9.0067221079329624e-05 1.5977349882747466e-06 7.902222644147831e-05 0 -7.1702749063922081e-05
leaf_weight=72 120 193 133 121 172 2759 237 259 228 190 58 29 212 69 127 37 45 119 37 26 221 178 378 1043 220 114 489 570 262 272
leaf_count=72 120 193 133 121 172 2759 237 259 228 190 58 29 212 69 127 37 45 119 37 26 221 178 378 1043 220 114 489 570 262 272
internal_value=0 4.62226e-06 1.10556e-06 -6.76905e-05 5.15702e-06 1.59568e-05 5.72322e-05 0.000104046 -1.47509e-05 0 5.88429e-05 0.000151349 -8.73481e-06 4.05719e-05 8.28948e-05 0.00012861 0.000173533 -1.64696e-05 -4.61364e-05 -0.000201447 -3.11686e-05 -5.12959e-05 -7.72904e-05 -2.89663e-05 -7.08558e-05 0 6.66767e-06 3.16944e-05 5.00981e-05 -1.80382e-05
internal_weight=8990 5762 5569 241 5328 3617 858 431 1711 427 220 87 3228 350 278 209 172 2878 1052 63 989 777 556 1491 448 1826 1712 951 832 761
internal_count=8990 5762 5569 241 5328 3617 858 431 1711 427 220 87 3228 350 278 209 172 2878 1052 63 989 777 556 1491 448 1826 1712 951 832 761
is_linear=0
shrinkage=0.05


Tree=128
num_leaves=31
num_cat=0
split_feature=351 387 41 339 358 35 357 347 318 247 346 65 385 211 206 277 328 50 328 378 60 321 362 67 350 295 340 218 57 358
split_gain=0.000148841 0.000223619 0.000246908 0.000201568 0.000488195 0.000428428 0.000254527 0.000474491 0.000621486 0.000520618 0.00101263 0.00160951 0.000511912 0.000600506 0.000458162 0.000469125 0.000394219 0.000485443 0.000558975 0.000777328 0.000385946 0.000564077 0.000352616 0.000627526 0.000445072 0.000336286 0.000329517 0.000278833 0.000222878 0.000359513
threshold=-1.5568851295373671 -0.028429022762717946 1.3342270792280302 -0.28768207245179361 0.0089994195792687023 0.7060185185185186 -0.00033068783068794999 -0.0029417256796618993 -0.15830686892279261 -0.13629944729806012 -0.051206219852697396 0.26513703993043408 0.27177372441047126 -0.34687757986931389 1.4964110507305142 0.31213116643340327 -0.029996763385666547 -1.0969293629453898 0.015498888861950352 0.34388042395453744 0.38210978835978804 0.0086258252574315519 -0.061177248677248337 1.3034060065343047 -0.33660845428485359 0.00039169606390220007 -0.021598466610959845 1.2082669743256076 1.6449422929189452 -0.0095182191894776988
decision_type=8 10 2 10 8 2 10 10 10 10 10 2 10 10 10 10 8 2 10 10 2 10 8 2 8 10 10 8 2 10
left_child=1 -1 -3 4 5 -2 7 9 12 10 26 -12 25 -14 15 -10 20 18 19 -18 21 -8 23 -19 -24 -9 -5 -16 29 -11
right_child=3 2 -4 6 -6 -7 16 8 14 28 11 -13 13 -15 27 -17 17 22 -20 -21 -22 -23 24 -25 -26 -27 -28 -29 -30 -31
leaf_value=0 0 -0.00017933441736875508 0 0.00019063786940050895 0 0.00019829890425452897 0 -3.8751134607899082e-05 7.0134912763718832e-05 0.00010824357461558266 -5.4552015276756099e-05 -0.00036138207055572201 0 -0.00016857464522735289 -7.1143186986699039e-05 0 0.00015934390087102185 0.00012038986102951117 0 0 0 -0.00026755989455588792 -9.4402704257063943e-05 1.6377956361476273e-06 6.7935001465082502e-07 5.004830229004674e-05 0 1.2030572907518965e-05 -2.1296927722148154e-05 0
leaf_weight=23 84 48 25 33 119 71 71 246 584 111 521 58 150 127 169 402 194 173 147 68 129 43 125 590 4007 188 43 64 340 37
leaf_count=23 84 48 25 33 119 71 71 246 584 111 521 58 150 127 169 402 194 173 147 68 129 43 125 590 4007 188 43 64 340 37
internal_value=0 -6.21015e-05 -0.000112773 4.08173e-07 4.2892e-05 0.000105453 -3.62684e-07 -1.24265e-05 1.97962e-07 -3.81156e-05 -6.72444e-05 -9.39792e-05 -3.4181e-05 -8.72737e-05 2.43526e-05 4.15245e-05 5.41931e-06 9.08786e-06 6.22941e-05 0.000106718 -5.40579e-05 -0.000121171 3.61962e-06 3.51277e-05 -9.8922e-07 0 7.05855e-05 -2.68518e-05 0 5.21606e-05
internal_weight=8990 96 73 8894 274 155 8620 3073 1930 1143 655 579 711 277 1219 986 5547 5304 409 262 243 114 4895 763 4132 434 76 233 488 148
internal_count=8990 96 73 8894 274 155 8620 3073 1930 1143 655 579 711 277 1219 986 5547 5304 409 262 243 114 4895 763 4132 434 76 233 488 148
is_linear=0
shrinkage=0.05


Tree=129
num_leaves=31
num_cat=0
split_feature=80 281 340 339 258 378 257 201 19 321 49 359 377 372 273 266 374 368 50 350 73 50 297 75 380 61 363 65 385 237
split_gain=0.000146885 0.000260671 0.000222588 0.00025224 0.000202765 0.00048012 0.000608565 0.000722395 0.000676427 0.000720877 0.000325021 0.000378098 0.000492121 0.000492363 0.00070431 0.000439486 0.000441695 0.000352143 0.000323307 0.000477018 0.00043009 0.000309205 0.000614294 0.000720499 0.000313729 0.000296598 0.000294371 0.000819614 0.000499723 0.000262908
threshold=0.98181216931216964 -0.49475860879529893 -0.0089012779587094495 -0.009725093687840098 -0.64098535524856703 0.0016792382410374003 -0.081770421385761641 -0.75824654163740746 -0.29954913611335648 0.031237716640906101 -0.66209236048201581 -0.038799070818694444 -0.19940924740049812 -0.026052077589660296 1.86041080324613 -0.25930990361782524 -0.12231421497525803 -0.56422132736753638 -0.78503836679906291 0.023837869061515155 0.46182597640345108 -0.47726895787132495 -0.00073250591681889982 0.55324074074074114 0.12697929499775748 0.7536798259245201 -0.70593201351755364 0.26513703993043408 1.4516003288187382 -0.86419923454300873
decision_type=2 8 10 10 10 8 8 10 2 10 2 10 8 10 10 10 10 10 2 10 2 2 10 2 10 2 10 2 8 8
left_child=4 -2 -3 -4 5 21 7 -7 -9 -10 18 15 13 -13 -15 -12 -17 -18 19 20 -6 22 -1 24 -24 29 27 -14 -28 -8
right_child=1 2 3 -5 10 6 25 8 9 -11 11 12 26 14 -16 16 17 -19 -20 -21 -22 -23 23 -25 -26 -27 28 -29 -30 -31
leaf_value=0 0 0 0 0.00014793580342590653 -0.00020667355468230355 0 2.2475500813067362e-05 -1.2662741836606912e-05 -0.00024334110021681488 0 0 5.2921520194750741e-06 0 -0.00015135786049651548 0 0 0 0.00017272797122283514 -4.7428621934436347e-06 0 0 -5.0076633567900657e-06 0.00026433823688691268 0 0 9.4749736622089101e-05 3.3885657540241283e-06 -0.00022951702568398276 5.4884539857745826e-05 -5.0464969747635258e-05
leaf_weight=73 67 33 23 100 84 99 99 159 143 24 270 67 247 175 56 30 57 144 927 55 27 654 70 21 35 65 4261 47 578 300
leaf_count=73 67 33 23 100 84 99 99 159 143 24 270 67 247 175 56 30 57 144 927 55 27 654 70 21 35 65 4261 47 578 300
internal_value=0 3.97178e-05 8.01831e-05 0.000112576 -1.31984e-06 -1.6916e-05 -4.34496e-05 -8.67608e-05 -0.000123898 -0.000199812 1.83601e-06 7.10162e-06 2.29119e-06 -5.85409e-05 -9.86851e-05 4.92593e-05 0.000100078 0.000130387 -2.21657e-05 -8.9297e-05 -0.000150517 4.87826e-06 6.24669e-05 0.000135424 0.000197845 0 6.79798e-06 -3.83306e-05 1.05738e-05 -1.98377e-05
internal_weight=8990 223 156 123 8767 1742 889 425 326 167 7025 5932 5431 298 231 501 231 201 1093 166 111 853 199 126 105 464 5133 294 4839 399
internal_count=8990 223 156 123 8767 1742 889 425 326 167 7025 5932 5431 298 231 501 231 201 1093 166 111 853 199 126 105 464 5133 294 4839 399
is_linear=0
shrinkage=0.05


Tree=130
num_leaves=31
num_cat=0
split_feature=73 222 363 354 302 356 366 226 398 27 263 389 348 22 229 367 371 11 318 200 206 30 206 338 397 219 18 59 236 59
split_gain=0.000142292 0.00026237 0.000336538 0.000248277 0.000485607 0.00047478 0.000387072 0.000428816 0.000395869 0.000252325 0.000411704 0.000255489 0.000571331 0.000503554 0.000503702 0.000287335 0.000825057 0.000524624 0.000468496 0.000402075 0.000364641 0.000274678 0.000376407 0.000300216 0.000272504 0.000222508 0.000197972 0.000384161 0.000186079 0.000174182
threshold=1.6166646439674353 -0.74050425102265394 0.13622977005357909 -0.21364867168870685 0.0077074067253947503 0.059677456252900059 -0.60413230650270522 -0.40873896999983722 -0.0051666652024782997 -1.6493203103553298 1.7217644153584468 1.181774598938774 -0.0010661089348233499 0.69718931044050547 -1.213444473290713 -0.46180555555555552 -1.4494490090542171 0.0011574074074073503 -0.12649611032439187 0.28227306046691181 0.92352093114479328 -0.098106682557140792 0.47663597454187484 -0.00033068783068759995 -0.21014192636942838 0.89135128373912231 0.19256431718002798 -0.47946710863099495 0.51693184124770963 1.0000000180025095e-35
decision_type=2 10 10 10 10 8 10 10 2 2 10 2 10 2 10 10 10 2 10 10 10 2 10 10 2 10 2 2 10 2
left_child=3 -2 28 4 5 6 -1 -8 -9 10 25 15 13 -13 -15 16 19 20 -18 -11 -17 22 -14 -23 -19 -5 -6 -28 -3 -12
right_child=1 2 -4 9 26 -7 7 8 -10 11 29 12 21 14 -16 17 18 24 -20 -21 -22 23 -24 -25 -26 -27 27 -29 -30 -31
leaf_value=0 0 -0.00015192717924359975 0 0.00013985799457395302 8.7827323640046967e-06 0 0 0 0.00018322755595914005 -0.00021015307658572613 -8.2711652599473852e-05 0 0.00010559943166743148 0 -0.00021193799167348339 0.00012985922645928523 -3.7637856590882548e-05 2.1526520037346505e-05 4.3261117777880084e-05 0 0 0 0 -0.0001345236140300902 -4.7786207982024931e-06 0 0 -0.00016044920296747001 0 1.7868859103147145e-05
leaf_weight=99 151 100 54 109 195 83 27 23 180 84 60 184 127 73 104 136 454 1245 282 46 44 109 99 53 4567 68 71 56 31 76
leaf_count=99 151 100 54 109 195 83 27 23 180 84 60 184 127 73 104 136 454 1245 282 46 44 109 99 53 4567 68 71 56 31 76
internal_value=0 -3.2179e-05 -7.36467e-05 9.43432e-07 2.90608e-05 6.6639e-05 9.57464e-05 0.000131594 0.00015779 -1.03143e-06 4.18547e-05 -3.45384e-06 -3.12056e-05 -7.73021e-05 -0.000138897 0 -2.73189e-05 3.46512e-06 0 -0.000144301 8.76464e-05 0 4.58979e-05 -3.60263e-05 0 9.43866e-05 -3.50321e-06 -6.16986e-05 -0.00011864 0
internal_weight=8990 336 185 8654 734 412 329 230 203 7920 313 7607 749 361 177 6858 866 5992 736 130 180 388 226 162 5812 177 322 127 131 136
internal_count=8990 336 185 8654 734 412 329 230 203 7920 313 7607 749 361 177 6858 866 5992 736 130 180 388 226 162 5812 177 322 127 131 136
is_linear=0
shrinkage=0.05


Tree=131
num_leaves=31
num_cat=0
split_feature=207 19 259 54 209 331 26 36 29 350 339 319 389 306 64 247 347 39 79 301 206 259 319 351 22 80 86 313 374 17
split_gain=0.000142589 0.000409724 0.000332363 0.00042652 0.00034917 0.000418388 0.000430567 0.000303219 0.000337102 0.000524056 0.000733531 0.000877813 0.000525658 0.000726521 0.000649227 0.00047272 0.000451585 0.000737877 0.000570529 0.000882674 0.000378599 0.000447684 0.000511221 0.000412015 0.000375542 0.000529962 0.000347412 0.000374761 0.000342285 0.000516516
threshold=-0.76135746785955261 0.39951602191526853 0.45373623122227408 0.41418650793650807 1.2527423877760391 0.019008157833224255 -0.029785877650219398 0.99785052910052918 0.89360119047618947 0.014785013643005751 0.013117076096947301 0.0091141482439577506 0.0053196530020504507 0.00033545791261690002 -1.0591857601672847 -0.96038443553268904 -0.099857973531425545 0.060536350481428712 -1.5921704294981349 -0.0037258751320349997 -1.6703626036872592 -0.085414883289657392 0.020935361659088155 -0.32327391627194052 -0.53884144354761665 0.15509259259259253 0.63045634920634985 -0.011468785213141897 0.023059472721473354 0.16982494283790103
decision_type=10 2 8 2 10 10 2 2 2 10 10 10 2 10 2 10 10 2 2 10 10 10 10 10 2 2 2 10 10 2
left_child=1 2 -1 -4 5 6 -5 8 20 16 12 15 13 -11 -14 -12 17 -10 19 -18 24 26 23 -23 28 -26 27 -22 29 -2
right_child=7 -3 3 4 -6 -7 -8 -9 9 10 11 -13 14 -15 -16 -17 18 -19 -20 -21 21 22 -24 -25 25 -27 -28 -29 -30 -31
leaf_value=0 0.00016358539310998787 0.00015811334267232344 0 0 0 0 -0.00012182973830540634 5.4814569495103271e-05 0.0003845458759912359 -0.00014483144660819042 0 0 0.00018914862835653205 0 0 -0.00024662355279461565 0 0 3.0429666066628352e-06 -0.00018715787078799873 0 0 -6.3768980818944783e-05 6.0647761979758733e-05 0 -0.00010792354390594694 3.4518186009942262e-05 -7.4149704842780723e-05 -2.0023689864716359e-05 0
leaf_weight=1098 84 30 442 51 173 52 367 276 20 147 25 32 50 242 296 110 46 26 2484 103 292 189 70 1207 199 200 338 255 52 34
leaf_count=1098 84 30 442 51 173 52 367 276 20 147 25 32 50 242 296 110 46 26 2484 103 292 189 70 1207 199 200 338 255 52 34
internal_value=0 -1.13349e-05 -1.5961e-05 -3.57531e-05 -6.17649e-05 -8.41172e-05 -0.000102262 3.26245e-06 3.03892e-07 -9.16617e-06 -4.22589e-05 -0.000140961 -1.30147e-05 -5.71149e-05 2.21216e-05 -0.000202041 1.1079e-07 0.000156397 -7.26552e-07 -9.70632e-05 1.36299e-05 2.34933e-05 4.06017e-05 4.94208e-05 -1.83352e-05 -5.02002e-05 0 -2.91751e-05 2.70451e-05 9.01236e-05
internal_weight=8990 2213 2183 1085 643 470 418 6777 6501 3581 902 167 735 389 346 135 2679 46 2633 149 2920 2351 1466 1396 569 399 885 547 170 118
internal_count=8990 2213 2183 1085 643 470 418 6777 6501 3581 902 167 735 389 346 135 2679 46 2633 149 2920 2351 1466 1396 569 399 885 547 170 118
is_linear=0
shrinkage=0.05


Tree=132
num_leaves=31
num_cat=0
split_feature=255 244 283 46 85 393 354 370 263 246 261 251 399 369 301 274 36 207 398 18 50 268 322 205 30 72 248 310 285 344
split_gain=0.000148259 0.000594768 0.000759052 0.000500151 0.000480174 0.000546215 0.000321466 0.000374419 0.000474533 0.000439078 0.000550297 0.000373668 0.000230582 0.000380428 0.000461627 0.000549382 0.000210856 0.00033297 0.000220537 0.000514767 0.00108545 0.000582627 0.000562265 0.000470892 0.000562 0.000558772 0.000434224 0.000360276 0.000289085 0.000305236
threshold=-2.473775996446379 0.4139004211936877 -0.0016705276843725998 0.0034722222222222008 -0.23467905969771699 -0.94455258751730886 -0.021219466676540146 -0.0071097228461023997 -0.60329871410515945 -2.5035040402483184 -1.4402399312915062 0.3715789678926425 -1.3564260326584787 0.077972053047748568 -0.0023009199022149996 0.56657431145887804 0.99785052910052918 -0.57006495413162683 -0.0014141598636351498 -0.86112977665255119 0.31469368459971409 -1.2524861313944815 0.010833743348376551 -2.2405909996532909 -0.53027376626973988 0.19063302912190302 0.059204535960768259 -0.00026500306309189996 -0.068002525342298129 0.0037099622107155503
decision_type=8 10 10 2 2 2 10 10 10 10 10 10 2 10 10 10 2 10 2 2 2 10 10 8 2 2 10 10 8 8
left_child=1 2 -1 -4 -5 -6 11 -8 -9 -10 -11 -3 13 14 -2 -16 18 -18 19 20 21 -14 26 24 -20 -26 -21 -24 -25 -30
right_child=12 6 3 4 5 -7 7 8 9 10 -12 -13 16 -15 15 -17 17 -19 23 22 -22 -23 27 28 25 -27 -28 -29 29 -31
leaf_value=-6.6536142142109826e-06 0 0.00016041519938078935 0 0 0 0.00040033248343011624 0 0 0 -0.00046560371260683311 0 0 0 0 -0.00032712571869703287 0 0 7.6046044779120268e-05 0 3.2685174363349337e-05 -1.0407997090016686e-05 0.00016152991536232445 0 -0.00012055685165415969 -0.00023071167883887593 0 -1.3432889554872713e-05 -0.00010414365544097424 -1.037528718815706e-05 1.6573315225213674e-05
leaf_weight=21 23 43 25 24 26 47 27 22 30 24 27 68 43 49 38 26 138 228 87 1022 192 216 122 55 80 46 839 198 3827 1377
leaf_count=21 23 43 25 24 26 47 27 22 30 24 27 68 43 49 38 26 138 228 87 1022 192 216 122 55 80 46 839 198 3827 1377
internal_value=0 3.01245e-05 0.000113255 0.000174833 0.000226525 0.000290831 0 -6.9518e-05 -0.000123197 -0.000184181 -0.000274444 3.96795e-05 -1.60182e-06 -6.63157e-05 -0.000133383 -0.000205375 0 3.64604e-05 -2.23442e-06 8.76388e-06 5.74543e-05 0.000127044 0 -8.43833e-06 -8.28183e-05 -0.000150774 9.20745e-06 -6.24373e-05 -4.47355e-06 -2.28361e-06
internal_weight=8990 384 143 122 97 73 241 130 103 81 51 111 8606 136 87 64 8470 366 8104 2632 451 259 2181 5472 213 126 1861 320 5259 5204
internal_count=8990 384 143 122 97 73 241 130 103 81 51 111 8606 136 87 64 8470 366 8104 2632 451 259 2181 5472 213 126 1861 320 5259 5204
is_linear=0
shrinkage=0.05


Tree=133
num_leaves=31
num_cat=0
split_feature=248 397 395 364 380 325 345 335 66 301 23 259 332 32 372 348 207 323 297 250 264 307 85 349 361 321 62 388 334 307
split_gain=0.000144101 0.000335807 0.000401714 0.000565647 0.000701096 0.00063215 0.000605946 0.000321774 0.000361484 0.000361486 0.000309938 0.000532375 0.000303598 0.000512307 0.000524477 0.000524386 0.000531192 0.000609117 0.000359044 0.000429904 0.000532291 0.000315272 0.000567676 0.000528569 0.000660163 0.000484333 0.000644192 0.000480811 0.000469777 0.000390384
threshold=0.78771253426859567 -0.085782701068738823 0.1942404660227631 0.022204417294398354 -0.17899157732576296 -0.031245933541116645 -0.0076058201058205989 -0.090137771157683441 0.94758089038601512 -0.0034184199886549498 0.0029761904761904504 1.7217644153587817 0.0095981892956168522 0.36656746031746007 0.025970867238464854 -0.087296948490008533 -0.93356379665570965 0.80277275023089478 0.0013174894726350503 0.19770144861331371 0.18296322700289372 -0.00033068783068774995 -0.010855075681296948 -0.0077424306574298994 0.00024491507709095006 -0.013540444770946897 0.79646164021164012 0.012273144992453602 -0.010641467818492749 -0.00033068783068784991
decision_type=8 2 2 10 10 10 10 10 2 10 2 10 10 2 10 10 10 10 10 10 10 10 2 10 10 10 2 2 10 10
left_child=12 7 -3 4 -4 -6 -7 8 9 -2 -9 -12 18 14 15 -14 -17 -18 21 -20 -21 25 -23 24 -24 -1 29 -25 -28 -27
right_child=1 2 3 -5 5 6 -8 10 -10 -11 11 -13 13 -15 -16 16 17 -19 19 20 -22 22 23 27 -26 26 28 -29 -30 -31
leaf_value=3.4686041721675336e-05 0 0 0 0 0 0 -0.00018300456180534057 -1.6169850212947822e-05 0 -0.00020346615272791259 1.608444747682706e-05 0.00019836099846301717 0 0 0 0 -0.00024452192885381243 0 0 1.7864745891772226e-05 0.00023137744496702796 3.6475335620165184e-07 0.00018065055840973246 -3.6897165036361302e-05 6.422498774621069e-06 1.5736022552796002e-05 0 7.0032351596858083e-05 -0.00012696433160837498 -3.8685896601496518e-05
leaf_weight=373 21 388 79 257 46 53 250 329 41 57 738 53 50 731 41 20 120 23 260 174 67 2526 153 216 189 678 80 185 233 559
leaf_count=373 21 388 79 257 46 53 250 329 41 57 738 53 50 731 41 20 120 23 260 174 67 2526 153 216 189 678 80 185 233 559
internal_value=0 -1.10568e-05 -3.21566e-05 -5.55479e-05 -9.07808e-05 -0.000122991 -0.000150455 3.18192e-06 -6.83516e-05 -0.000136732 1.52517e-05 3.46415e-05 3.40859e-06 -2.08245e-05 -8.19855e-05 -0.000119029 -0.000162938 -0.000198845 8.47993e-06 4.97912e-05 9.80327e-05 3.52974e-06 1.36989e-05 5.22966e-05 9.90123e-05 -1.11571e-05 -2.54162e-05 0 -9.08302e-05 -4.81666e-06
internal_weight=8990 2312 1073 685 428 349 303 1239 119 78 1120 791 6678 985 254 213 163 143 5693 501 241 5192 3269 743 342 1923 1550 401 313 1237
internal_count=8990 2312 1073 685 428 349 303 1239 119 78 1120 791 6678 985 254 213 163 143 5693 501 241 5192 3269 743 342 1923 1550 401 313 1237
is_linear=0
shrinkage=0.05


Tree=134
num_leaves=31
num_cat=0
split_feature=362 296 379 250 324 41 48 229 87 68 372 372 323 377 347 203 55 20 232 222 277 296 382 274 318 332 388 371 15 302
split_gain=0.000147047 0.000488148 0.000247212 0.000557806 0.000697518 0.000705282 0.000487782 0.000669365 0.000250606 0.000512761 0.000699531 0.000463723 0.000258937 0.000385046 0.000455847 0.000344903 0.000364547 0.000745295 0.000483153 0.000333812 0.000376417 0.000308639 0.000395324 0.000281091 0.000259329 0.000213656 0.000213487 0.000165813 0.000271898 0.000257859
threshold=0.26388888888888912 0.0011229000131179501 0.77400814912615001 0.21030490794383841 -0.097581237647683325 1.912125308355282 -1.1444662512833648 -1.5217830810681392 0.019510582010582003 0.055720899470899511 0.0063094017253584505 -0.0078499306051943978 -0.83204087449935649 -0.081003647484075889 -0.0012958452367119496 1.4044140229654565 -0.54320296146492042 -0.79035694922770883 -1.1707661971222214 -1.7250465950892393 1.3019949004851268 0.00044850704834695004 0.21687004815521183 0.24068570233344247 -0.15763215289902718 -0.01343536948076045 0.057375361513860752 -0.12111685690666098 0.77827380952380965 0.057322148297896856
decision_type=8 10 10 10 10 2 2 10 2 2 10 10 8 10 10 10 2 2 10 10 10 10 10 10 10 10 2 10 2 10
left_child=2 -2 8 4 -4 6 -6 -8 9 10 11 -1 13 14 -10 16 17 -14 -18 24 -21 22 -15 -23 -17 -16 -3 -5 29 -29
right_child=1 26 3 27 5 -7 7 -9 12 -11 -12 -13 15 21 25 19 18 -19 -20 20 -22 23 -24 -25 -26 -27 -28 28 -30 -31
leaf_value=0 0 0 0 -1.4665142945746133e-05 0 0 0 -0.00029019235869284375 0 0 0 -0.00034112780790199887 0.00011300365232132211 -9.1020722739416619e-05 0 -0.00010556844484640913 -4.6707944448555453e-05 3.507338911385539e-06 0 6.7899599508648665e-05 0 -3.1079633366042168e-05 0 7.5270990778803743e-05 0 0.00020389223738710867 0.00021365902149639954 0.00019736874941921244 0 0
leaf_weight=29 299 37 52 98 20 44 20 100 53 138 26 41 207 351 34 59 608 1103 4048 624 181 152 245 98 122 46 46 44 37 28
leaf_count=29 299 37 52 98 20 44 20 100 53 138 26 41 207 351 34 59 608 1103 4048 624 181 152 245 98 122 46 46 44 37 28
internal_value=0 3.0282e-05 -1.41489e-06 -3.7864e-05 -9.27192e-05 -0.000143168 -0.000198796 -0.00023718 0 -5.03171e-05 -0.000139667 -0.000227353 2.06494e-06 -2.09316e-05 4.27031e-05 6.02284e-06 6.29583e-07 2.46332e-05 -5.05055e-06 3.35821e-05 4.9041e-05 -3.6849e-05 -5.67603e-05 0 -7.55188e-06 0.000131368 0.000137484 5.47985e-07 6.00563e-05 0.000122006
internal_weight=8990 382 8608 443 236 184 140 120 8165 234 96 70 7931 979 133 6952 5966 1310 4656 986 805 846 596 250 181 80 83 207 109 72
internal_count=8990 382 8608 443 236 184 140 120 8165 234 96 70 7931 979 133 6952 5966 1310 4656 986 805 846 596 250 181 80 83 207 109 72
is_linear=0
shrinkage=0.05


Tree=135
num_leaves=31
num_cat=0
split_feature=241 67 297 361 377 29 332 359 50 389 72 241 351 327 381 22 361 229 347 261 387 69 208 323 333 225 348 397 261 311
split_gain=0.000136788 0.000481532 0.000588208 0.000670065 0.000857772 0.00093097 0.00124756 0.000544204 0.00116522 0.00056025 0.000536895 0.000876093 0.000500703 0.000553029 0.000404342 0.000613878 0.000574094 0.000675814 0.000526605 0.000399346 0.000736752 0.000684248 0.00094162 0.000536308 0.000500447 0.000731458 0.000708201 0.000595872 0.000366247 0.00036262
threshold=0.75617667604501959 1.2942163314318453 -0.0049510950709997989 0.00024978082487295007 0.044359015431077557 0.29976851851851855 0.014673169015387002 -0.016039014279529997 0.091866029210587521 0.29260635039813626 0.082631542264697724 -1.4727694133867322 -0.014793950998168248 -0.031611606559303791 -0.26929258167448805 -1.5198843944052147 0.00024167064121145005 1.4274460214361877 -0.0055367026114465489 0.18108838630004961 0.043103986856111755 0.87514403710773359 1.1875923719857402 1.2165266242682808 0.00066137566137605013 -1.6057491565481861 0.13018798769201581 0.042254950902754655 0.68206672761669107 0.00033068783068785002
decision_type=8 2 10 10 10 2 10 10 2 2 2 10 10 10 8 2 10 10 10 8 10 2 10 10 10 10 10 2 8 10
left_child=1 2 10 7 5 -5 -7 12 9 -9 11 -1 -4 -14 15 16 -2 -18 -17 20 24 22 23 -22 25 -16 27 -26 29 -21
right_child=14 -3 3 4 -6 6 -8 8 -10 -11 -12 -13 13 -15 19 18 17 -19 -20 28 21 -23 -24 -25 26 -27 -28 -29 -30 -31
leaf_value=-0.0004037253465648369 0 -8.4537999521622882e-07 0 0 0 0.00024867882074964046 0 0.00023374124400489039 -3.5234760516985755e-06 0 0 0 -0.00028120838608255392 0 0.00025323320403278606 -2.562014795030909e-05 -0.00031451413762974365 0 5.1257908984854835e-05 8.2914917373590354e-05 -0.00022975914632687285 0 0 0 0 0 0 -0.00025655313641677514 -3.3647265494374889e-05 0
leaf_weight=24 46 5638 60 28 137 188 26 91 216 29 27 20 42 26 34 227 41 22 710 204 178 78 47 20 32 192 87 63 370 87
leaf_count=24 46 5638 60 28 137 188 26 91 216 29 27 20 42 26 34 227 41 22 710 204 178 78 47 20 32 192 87 63 370 87
internal_value=0 3.75482e-06 3.75979e-05 5.29859e-05 0.000103252 0.000159848 0.000199408 1.14117e-06 4.45231e-05 0.00017257 -7.46007e-05 -0.000198516 -7.36503e-05 -0.00016907 -1.01179e-05 9.9882e-06 -9.2862e-05 -0.000194049 2.72969e-05 -2.88177e-05 -5.4285e-05 -0.000111215 -0.000152592 -0.000201721 0 3.97965e-05 -7.0029e-05 -0.000167355 0 4.13036e-05
internal_weight=8990 6552 914 843 379 242 214 464 336 120 71 44 128 68 2438 1046 109 63 937 1392 731 323 245 198 408 226 182 95 661 291
internal_count=8990 6552 914 843 379 242 214 464 336 120 71 44 128 68 2438 1046 109 63 937 1392 731 323 245 198 408 226 182 95 661 291
is_linear=0
shrinkage=0.05


Tree=136
num_leaves=31
num_cat=0
split_feature=228 205 66 13 308 315 342 273 245 27 59 380 199 73 377 77 91 357 93 320 38 205 367 366 357 234 32 323 329 228
split_gain=0.000141606 0.000505772 0.000353656 0.000356893 0.000291378 0.000522387 0.000496054 0.000273805 0.000792461 0.000514655 0.000289172 0.000267344 0.000255357 0.000303762 0.00036268 0.00025558 0.000273847 0.000245071 0.000225679 0.000326472 0.000435265 0.000324031 0.000328132 0.000377224 0.000299478 0.000579733 0.000910538 0.00072952 0.000740883 0.00049718
threshold=-0.87407435211986473 1.2472809064924195 1.0831024118299801 0.0064484126984126512 -0.0034013736613761995 -0.029102533143221795 -0.12395583632237624 -0.018250522563194049 -0.32257290949925882 -0.30912781191612093 0.26799058757158356 0.14901807521291782 -0.8695802054963947 1.0865511160829402 0.11811458616845642 0.37185846560846608 -0.99949465173922636 0.011243386243385951 0.20716658232743604 0.012946577628286401 -1.6145222244611299 1.6015293455848953 0.52728174603174593 0.98999373463971108 0.0080191798941799015 -0.25682847704502759 0.46221891534391407 -0.77962275422460747 -0.028488796912982898 1.4478536155763555
decision_type=10 10 2 2 10 10 10 10 10 2 2 10 10 2 10 2 2 10 2 10 2 10 10 10 10 8 2 10 10 10
left_child=1 2 3 7 5 -5 -7 9 10 -1 -9 -10 -3 14 15 -14 -17 -11 19 20 -2 22 23 -22 -20 29 27 -27 -29 -26
right_child=18 12 -4 4 -6 6 -8 8 11 17 -12 -13 13 -15 -16 16 -18 -19 24 -21 21 -23 -24 -25 25 26 -28 28 -30 -31
leaf_value=-2.9249071060532147e-06 -1.0316044775263962e-05 -1.0953676212711228e-05 2.9824560258614489e-07 0 0 0 -0.00018172415361255927 0.00019163440327979065 -8.2458948790748566e-05 -0.00020916201911262488 0 0 0 0 0 0 0.00014235972539315529 0 4.8801550800035491e-06 -1.7457649483132182e-05 8.5791207892692298e-05 0 0 0 -2.0622154045701305e-05 0 0 0 -0.00021340875260444957 7.4560553189420423e-05
leaf_weight=393 306 218 460 93 123 24 186 71 119 61 33 74 68 138 106 51 192 22 3654 322 679 178 113 180 403 31 271 51 177 193
leaf_count=393 306 218 460 93 123 24 186 71 119 61 33 74 68 138 106 51 192 22 3654 322 679 178 113 180 403 31 271 51 177 193
internal_value=0 -1.03925e-05 -2.72927e-05 -4.2047e-05 -8.20867e-05 -0.000108977 -0.000152803 -1.35059e-05 1.2768e-05 -4.04007e-05 0.000134676 -2.70658e-05 1.94098e-05 4.03435e-05 6.3141e-05 9.08828e-05 0.000114884 -0.000157461 3.73195e-06 1.91372e-05 3.06648e-05 4.59166e-05 5.76864e-05 6.87044e-05 -9.52569e-07 -2.43193e-05 -6.31405e-05 -0.000130162 -0.000165046 1.81992e-06
internal_weight=8990 2432 1659 1199 426 303 210 773 297 476 104 193 773 555 417 311 243 83 6558 1778 1456 1150 972 859 4780 1126 530 259 228 596
internal_count=8990 2432 1659 1199 426 303 210 773 297 476 104 193 773 555 417 311 243 83 6558 1778 1456 1150 972 859 4780 1126 530 259 228 596
is_linear=0
shrinkage=0.05


Tree=137
num_leaves=31
num_cat=0
split_feature=35 31 55 253 360 264 334 376 61 91 85 297 219 72 64 377 286 76 315 390 321 239 390 386 321 398 362 239 366 44
split_gain=0.000138332 0.00030865 0.000658188 0.000527523 0.000512702 0.000677916 0.000499336 0.000531981 0.000411316 0.00040618 0.000320586 0.000626383 0.000909894 0.000705257 0.000583394 0.000903463 0.000273841 0.000407012 0.000561857 0.000416268 0.000385245 0.000528551 0.000424003 0.000342721 0.000293889 0.000481852 0.000331447 0.000274539 0.000498173 0.000344571
threshold=0.99222883597883615 0.97007275132275106 -0.18349174120871892 0.34376542446389663 0.038345138343192552 1.697433878581559 -0.00089872651252879997 -0.020713747868733996 0.93724566517117369 -0.50274756237314733 1.7105254298217887 -0.0043722247819399486 -1.0202450205281919 -0.17198898379941346 -0.92936719002633539 -0.0043606402238070491 -0.00033068783068784991 1.0000000180025095e-35 -0.065789093405213731 0.82247597874627998 0.010831192420416703 1.3986354341802787 0.44322704529746054 -0.0051242212539080491 -0.0039199844791296496 -0.0014141598636351498 -0.062830687830687335 0.37217361701314361 0.34417706038642076 0.46577380952380959
decision_type=2 2 2 10 10 10 10 10 2 2 2 8 10 2 2 10 10 2 10 2 10 10 2 8 10 2 8 8 10 2
left_child=1 10 8 6 5 -5 7 -4 -3 -9 16 13 -13 -12 15 -14 17 24 -19 -20 27 22 -22 -23 26 -26 -1 28 -18 -29
right_child=-2 2 3 4 -6 -7 -8 9 -10 -11 11 12 14 -15 -16 -17 20 18 19 -21 21 23 -24 -25 25 -27 -28 29 -30 -31
leaf_value=0.00012967357240642883 2.07012933552003e-05 0 0 -0.0003458323472703677 0 0 0 0 0.00011659249316977417 -0.00022754737308812922 -0.00024010817642539434 0 0 0 0 0.00035669979907097533 -9.3491081845245917e-07 -3.0036714283111115e-05 0.00013139718606984503 8.571051438796517e-06 0 0 -6.1461575974079791e-05 0.00014927586790072517 1.4999883376755924e-05 -7.0650019730099278e-05 0 -4.9111908600167711e-05 4.4252556341985721e-05 0
leaf_weight=69 728 281 59 52 20 20 314 33 80 78 34 111 32 23 84 64 2431 87 221 247 227 56 862 53 192 313 298 557 739 625
leaf_count=69 728 281 59 52 20 20 314 33 80 78 34 111 32 23 84 64 2431 87 221 247 227 56 862 53 192 313 298 557 739 625
internal_value=0 -2.02281e-06 -2.92367e-05 -6.43544e-05 -0.000187984 -0.000250834 -3.04922e-05 -9.99248e-05 1.29517e-05 -0.000165101 7.761e-07 4.79605e-05 8.62173e-05 -5.95942e-05 0.000156988 0.000247718 -8.61393e-07 1.77817e-05 5.14387e-05 7.72694e-05 -6.55597e-06 -3.16697e-05 -4.49098e-05 5.47002e-05 0 -2.81905e-05 3.01325e-05 0 8.02315e-06 -2.01988e-05
internal_weight=8990 8262 937 576 92 72 484 170 361 111 7325 348 291 57 180 96 6977 1427 555 468 5550 1198 1089 109 872 505 367 4352 3170 1182
internal_count=8990 8262 937 576 92 72 484 170 361 111 7325 348 291 57 180 96 6977 1427 555 468 5550 1198 1089 109 872 505 367 4352 3170 1182
is_linear=0
shrinkage=0.05


Tree=138
num_leaves=31
num_cat=0
split_feature=362 296 348 19 316 389 48 230 33 203 240 324 20 267 9 200 296 53 208 11 89 349 264 248 319 279 388 218 338 62
split_gain=0.000133232 0.000443883 0.000205039 0.000446184 0.000436303 0.000363322 0.000236962 0.00063007 0.000452878 0.000557352 0.000435328 0.000370564 0.000696198 0.000530406 0.00174007 0.000439637 0.000407912 0.000399472 0.000355209 0.00056011 0.000528684 0.000348931 0.000340685 0.00027686 0.00018267 0.000207721 0.000181476 0.000173522 0.000219511 0.000160029
threshold=0.26388888888888912 0.0011229000131179501 0.34289179944102754 0.20465141822577151 -0.11992381312374269 -0.15634572112599118 1.5117874714062551 2.330747434078273 -0.98767223557428596 -0.97370786436440115 -1.2068019576251452 -0.11823346184292063 1.8202926338073302 -2.238353709447686 1.8351080550399652 0.46098891601876973 -0.00050386801057024984 0.80929275398350919 -1.3495423177055217 0.24355158730158702 -0.69495095916293248 -0.10251774846530019 0.90537868317801873 -0.75706768457733931 0.0036290369511956504 -0.42810497298080602 0.057375361513860752 0.6252838321920523 0.0013227513227519502 0.73892195767195801
decision_type=8 10 8 2 10 2 2 10 2 10 10 10 2 10 2 10 10 2 10 2 2 10 10 10 10 10 2 8 10 2
left_child=2 -2 6 24 -5 -6 11 8 -8 -10 -11 12 16 14 22 21 -1 -18 20 -20 -15 -14 -13 -17 27 -26 -3 28 -4 -7
right_child=1 26 3 4 5 29 7 -9 9 10 -12 13 15 18 -16 23 17 -19 19 -21 -22 -23 -24 -25 25 -27 -28 -29 -30 -31
leaf_value=0 0 0 0.00010222622227231695 0 0 0.00026012050032644919 0 0.0001413872676562065 0 0 -0.00014399046853485467 -7.8257915134363965e-05 0.00011639225436553302 8.6020324189596683e-05 -0.00044165179767704686 0 9.3626166310332857e-05 0 -2.4859274568206676e-06 -6.7982657040677102e-05 0 -3.0838452368042695e-05 4.272241005286415e-05 -0.00020600274809690232 0 -0.00011170772450146809 0.00020198368834952658 0 0 0
leaf_weight=280 299 37 106 23 21 58 161 32 72 39 253 114 52 258 30 23 475 92 5010 369 598 175 84 49 25 68 46 76 43 22
leaf_count=280 299 37 106 23 21 58 161 32 72 39 253 114 52 258 30 23 475 92 5010 369 598 175 84 49 25 68 46 76 43 22
internal_value=0 2.88197e-05 -1.35126e-06 3.06975e-05 0.00011111 0.000161068 -3.6986e-06 -3.54525e-05 -5.57782e-05 -8.71579e-05 -0.000119328 -7.16587e-07 2.46805e-05 -5.99386e-06 -8.16747e-05 -3.12677e-05 5.03347e-05 7.47178e-05 -2.42321e-06 -7.90971e-06 2.62098e-05 0 -1.69749e-06 -0.000138924 0 -5.95806e-05 0.000131046 2.36765e-05 6.12846e-05 0.000209962
internal_weight=8990 382 8608 442 124 101 8166 557 525 364 292 7609 1146 6463 228 299 847 567 6235 5379 856 227 198 72 318 93 83 225 149 80
internal_count=8990 382 8608 442 124 101 8166 557 525 364 292 7609 1146 6463 228 299 847 567 6235 5379 856 227 198 72 318 93 83 225 149 80
is_linear=0
shrinkage=0.05


Tree=139
num_leaves=31
num_cat=0
split_feature=369 246 315 244 73 73 214 351 79 360 243 232 356 209 264 256 19 68 77 75 30 287 247 338 300 376 304 49 301 322
split_gain=0.000136896 0.000420811 0.00031664 0.000385298 0.000183085 0.000443263 0.000565453 0.000399277 0.000803389 0.00105004 0.00128894 0.000521047 0.00048642 0.00070869 0.000704352 0.000389334 0.000335433 0.000438591 0.000333527 0.000314358 0.000431907 0.000415787 0.000307909 0.000486694 0.000572715 0.000585336 0.000278202 0.000287076 0.000435428 0.00049231
threshold=-0.89996147956708061 1.5233277226925399 -0.018766241221067698 -1.1212383299628044 -0.27558098468965847 -0.35966097839213645 -0.073645705856569391 0.060270655535045951 -0.64632033303439973 0.017255517569933553 1.5881814254906113 -1.5808572955552314 -0.012769644010826397 -0.90014429640915927 -2.2208707157568446 1.801012238329285 -0.66972459223657832 0.045965608465608453 0.21742724867724902 0.60615079365079405 -1.1936187900040547 -0.056519436117201845 -0.8848679345244933 -0.00033068783068759995 -0.045422609874214946 0.1190638511891028 -0.23722898979753587 -0.66209236048201581 -0.0030419409720471996 0.011667850983989652
decision_type=8 10 10 10 2 2 10 10 2 10 10 10 10 10 10 10 2 2 2 2 2 10 10 10 10 10 8 2 10 10
left_child=1 2 -1 -4 5 7 -7 11 9 10 -9 -2 14 -14 -13 16 -8 -18 22 21 -21 -10 -6 -24 -25 -26 -20 -28 29 -29
right_child=4 -3 3 -5 18 6 15 8 19 -11 -12 12 13 -15 -16 -17 17 -19 26 20 -22 -23 23 24 25 -27 27 28 -30 -31
leaf_value=0 -0.00011993965367261654 8.6972979184464906e-06 0 -0.0001784580684511801 3.2184096740344019e-07 -1.7111151859502201e-06 0 0.00028784098299943867 -2.2188452685732997e-05 0 0 -0.00015842749514110389 2.1748489788791646e-05 -5.2796390180526873e-05 5.1036973784401541e-05 0 0 0.00027220413803463392 -4.4259576797356193e-05 0 -0.00013635502414936789 8.0604871667922334e-05 0 0 -0.0001765811852654343 0 -2.4349420999659966e-05 9.9086468832306236e-06 2.183579648457358e-06 0.00013235284612797524
leaf_weight=84 93 154 41 98 190 28 27 107 84 54 45 33 474 696 673 30 33 78 305 70 84 200 286 81 185 50 639 427 3487 154
leaf_count=84 93 154 41 98 190 28 27 107 84 54 45 33 474 696 673 30 33 78 305 70 84 200 286 81 185 50 639 427 3487 154
internal_value=0 -2.95373e-05 -7.8345e-05 -0.000124641 1.23972e-06 1.21221e-05 8.64295e-05 4.63176e-06 3.97472e-05 0.000121171 0.000192754 -4.31565e-06 0 -1.83237e-05 3.41439e-05 0.000130856 0.000167006 0.000205469 -3.16573e-06 0 -5.6036e-05 3.26047e-05 -3.35196e-05 -5.2503e-05 -9.53931e-05 -0.00013537 6.33787e-07 4.60585e-06 1.03837e-05 5.09853e-05
internal_weight=8990 377 223 139 8613 2809 196 2613 644 206 152 1969 1876 1170 706 168 138 111 5804 438 154 284 792 602 316 235 5012 4707 4068 581
internal_count=8990 377 223 139 8613 2809 196 2613 644 206 152 1969 1876 1170 706 168 138 111 5804 438 154 284 792 602 316 235 5012 4707 4068 581
is_linear=0
shrinkage=0.05


Tree=140
num_leaves=31
num_cat=0
split_feature=248 73 265 369 238 294 285 54 62 232 71 393 33 48 246 297 264 346 367 50 336 39 279 65 334 203 70 69 48 389
split_gain=0.000133 0.000304114 0.000314803 0.00040364 0.000369347 0.00035768 0.000545725 0.000612846 0.000519995 0.000444301 0.000351324 0.000359859 0.00031269 0.000321667 0.000353038 0.000240023 0.000507739 0.00052684 0.000552776 0.000272081 0.00038739 0.000418475 0.000513154 0.00101768 0.00033554 0.000706348 0.000428683 0.000981162 0.00054562 0.000447171
threshold=0.78771253426859567 1.3321129942555154 -0.65246213176997225 -0.47028139067685343 -0.37757815763393937 -0.00033068783068784991 -0.0045829594422190497 0.36301256613756661 0.74851190476190521 -1.0256431552932643 0.76752645502645489 -0.42127132465428557 0.28046549148975203 -0.091227083472914638 -2.3221532650779295 0.0014923688482498003 0.29741970469544093 0.0033150423358124506 0.29464285714285698 1.1240699184160701 -0.0019841269841269498 0.098797152594423357 0.52851908878386922 -0.029974335084055646 -0.025574041167411497 0.12344973476761666 0.74173280423280408 -0.46881005688169519 -0.16309570684132246 0.022327984030649454
decision_type=8 2 8 8 10 8 8 2 2 10 2 2 2 2 10 10 10 10 10 2 10 2 10 2 10 10 2 2 2 2
left_child=15 2 4 10 -2 9 7 -7 -8 -5 11 -4 13 -6 -15 19 -17 18 -18 24 -21 22 -22 -24 25 -1 29 28 -28 -26
right_child=1 -3 3 5 12 6 8 -9 -10 -11 -12 -13 -14 14 -16 16 17 -19 -20 20 21 -23 23 -25 26 -27 27 -29 -30 -31
leaf_value=-6.8344194556863594e-06 0 -5.9868524184411002e-05 0 -0.00013558144794220635 0 0 5.8224972700737587e-05 -0.00020991936409361095 -5.9322669032096812e-06 0 0 -0.00017680171389538525 0 0 -0.00027976676702991363 0 0.00022595883973896647 0 0 0 0 0 -0.00034848556610421943 0 -3.5620897653685603e-06 8.5791246332975359e-05 0 0 -0.00018567509166088247 3.1159131864181722e-05
leaf_weight=278 100 281 21 72 24 40 927 46 281 256 56 80 54 21 53 415 91 53 27 164 82 143 53 23 2969 362 92 544 138 1244
leaf_count=278 100 281 21 72 24 40 927 46 281 256 56 80 54 21 53 415 91 53 27 164 82 143 53 23 2969 362 92 544 138 1244
internal_value=0 -1.03904e-05 -1.08053e-06 3.75799e-06 -5.50595e-05 1.37874e-05 2.763e-05 -7.61543e-05 3.9163e-05 -2.55756e-05 -6.7974e-05 -0.000125966 -0.000105335 -0.000158656 -0.000210183 3.52296e-06 3.41354e-05 0.000106819 0.000166383 0 -3.6121e-05 -7.23313e-05 -0.000128768 -0.000226508 3.61105e-06 3.77509e-05 0 -3.49225e-05 -0.000121503 5.50399e-06
internal_weight=8990 2312 2031 1779 252 1622 1294 86 1208 328 157 101 152 98 74 6678 586 171 118 6092 465 301 158 76 5627 640 4987 774 230 4213
internal_count=8990 2312 2031 1779 252 1622 1294 86 1208 328 157 101 152 98 74 6678 586 171 118 6092 465 301 158 76 5627 640 4987 774 230 4213
is_linear=0
shrinkage=0.05


Tree=141
num_leaves=31
num_cat=0
split_feature=274 87 207 77 325 66 249 72 378 85 50 302 212 379 206 364 365 335 374 58 260 86 232 43 294 257 249 200 238 355
split_gain=0.000132967 0.000387852 0.000359152 0.000504812 0.000457225 0.000550273 0.000532446 0.000347081 0.000342224 0.000781813 0.000337686 0.000599453 0.000573777 0.00051557 0.000656435 0.000439481 0.000509762 0.000532617 0.00034031 0.000474491 0.000394815 0.000317143 0.000462782 0.000469497 0.000347389 0.000311668 0.000498974 0.000290246 0.000286636 0.000248369
threshold=0.56657431145887804 0.88723544973544954 -0.7168029883951057 0.07390873015873016 -0.023771488169254448 -1.5220192906572196 -0.84026121747512761 2.0530013309904702 -1.1697449425179633 0.39066055014241957 -1.5118022612375797 -0.0069977190676579993 -1.3985052612869808 0.0037611424294999502 -1.5049938193659094 0.0058011419568614513 -0.00033068783068784991 0.0036847033667859008 0.11684672957338901 1.7493321522672802 -0.27245854339303699 0.94279100529100512 0.63938486231418779 -0.6658135235222219 0.00033068783068785002 0.82924561549384734 1.2868933113362986 0.74954023557560456 0.32980495506201851 0.019498962151145653
decision_type=10 2 10 2 10 2 10 2 8 2 2 10 10 10 10 10 10 10 8 2 10 2 10 2 10 10 10 10 10 10
left_child=7 2 -2 25 -5 -6 -7 8 9 -1 11 13 -13 -10 -15 18 27 -18 20 -20 -12 22 23 24 -3 -4 -27 -17 -11 -14
right_child=1 21 3 4 5 6 -8 -9 10 28 15 12 29 14 -16 16 17 -19 19 -21 -22 -23 -24 -25 -26 26 -28 -29 -30 -31
leaf_value=0 -1.5752367812666173e-06 -0.00023853798963271078 0 0 -2.7567134473771025e-05 1.068983697353434e-05 0.00012914333088019644 8.725610226005705e-05 0 -0.0002492556760642374 -3.6461645736297152e-05 -0.00020275819877845381 0.00016395038934182617 0 0.00024137866684098669 1.8418408411726515e-05 -8.4210434195320521e-05 0 0.00010873357926667223 0 6.4610574130503361e-06 0 0 0 0 -0.00018290546169691231 0 -4.0599337713918539e-05 0 0
leaf_weight=322 567 74 82 329 43 255 410 96 136 60 657 37 23 27 86 671 545 424 175 173 2730 441 93 37 64 63 22 302 22 24
leaf_count=322 567 74 82 329 43 255 410 96 136 60 657 37 23 27 86 671 545 424 175 173 2730 441 93 37 64 63 22 302 22 24
internal_value=0 9.67634e-06 2.34936e-05 3.94509e-05 5.4245e-05 7.69673e-05 9.12474e-05 -3.92323e-06 -6.06881e-06 -5.12838e-05 -2.19667e-06 4.51365e-05 -3.2853e-05 9.15211e-05 0.000172756 -5.8546e-06 -2.54669e-05 -5.11349e-05 3.00451e-06 5.03928e-05 -3.896e-07 -1.77849e-05 -6.15947e-05 -0.000111429 -0.000155699 -2.24697e-05 -0.000100734 0 -0.000191708 0
internal_weight=8990 2480 1771 1204 1037 708 665 6510 6414 404 6010 333 84 249 113 5677 1942 969 3735 348 3387 709 268 175 138 167 85 973 82 47
internal_count=8990 2480 1771 1204 1037 708 665 6510 6414 404 6010 333 84 249 113 5677 1942 969 3735 348 3387 709 268 175 138 167 85 973 82 47
is_linear=0
shrinkage=0.05


Tree=142
num_leaves=31
num_cat=0
split_feature=211 53 73 318 368 89 382 211 222 207 250 326 312 316 43 299 299 75 211 371 201 278 73 352 338 63 385 205 338 267
split_gain=0.000131517 0.000405036 0.000485451 0.000509559 0.000818379 0.000496129 0.000289957 0.000383092 0.000415899 0.000346293 0.000502777 0.000489359 0.000308201 0.000304316 0.000303164 0.000266219 0.000240823 0.000740248 0.000545325 0.000696098 0.00060287 0.000680569 0.000356947 0.000355816 0.00062901 0.000338563 0.000309294 0.000838434 0.000607301 0.000568969
threshold=-0.82642608117316907 0.039523428290383307 -0.28499692266421245 -0.15911392468940858 -0.91260609425923311 0.99428786848017414 -0.34471256194265087 -0.98001588651802529 -1.025475342835301 0.15062936992377909 1.2381446761109038 0.11853174075954716 -0.0070923174959786487 -0.0017677354683440997 -0.75947040579707137 -0.65136854173049386 -0.51488938880278623 0.37003968253968256 -0.17216536722287287 -0.6740190908913215 -1.0343043848683224 -1.0000000180025095e-35 0.90322815767823716 -0.025945642086509648 -0.0006613756613760999 0.092427248677248705 1.4516003288187382 -1.158242898010817 0.0026455026455032503 -2.1386441209200253
decision_type=8 2 2 10 10 2 10 10 10 10 10 10 10 10 2 10 8 2 10 10 10 10 2 10 10 2 8 8 10 8
left_child=1 2 3 -1 -5 15 9 8 -8 -3 11 12 -11 14 -10 -6 17 22 -19 -20 -21 -22 23 -2 -25 -26 -18 28 -28 -29
right_child=16 6 -4 4 5 -7 7 -9 13 10 -12 -13 -14 -15 -16 -17 26 18 19 20 21 -23 -24 24 25 -27 27 29 -30 -31
leaf_value=0 0 -4.8259633103666604e-06 1.3462767917587659e-06 0 0 0 0 2.0030300126332716e-06 -0.00016447598509948015 0 0 0 0.00023337228345759 0 0 0.00025103190409538322 -4.0414410319494124e-06 0 0 0 0 -0.00029548214635569705 -7.3930256851483406e-05 0 0 0.00019084086181947829 0.00016804311260146127 -0.00018256191326273546 0 1.0958115674311137e-05
leaf_weight=104 105 238 666 59 26 36 143 150 156 20 27 28 77 29 20 121 5663 149 46 24 32 101 71 79 21 105 152 41 63 438
leaf_count=104 105 238 666 59 26 36 143 150 156 20 27 28 77 29 20 121 5663 149 46 24 32 101 71 79 21 105 152 41 63 438
internal_value=0 1.14952e-05 3.4336e-05 8.3371e-05 0.000123282 0.000176833 -8.90606e-06 -3.76828e-05 -6.91481e-05 1.50226e-05 7.89571e-05 0.000132768 0.000187909 -0.000114824 -0.000140272 0.00021761 -3.31076e-06 -3.04509e-05 -8.4513e-05 -0.000138184 -0.000189112 -0.000231378 6.38534e-06 4.09219e-05 8.28796e-05 0.000153762 0 3.13169e-05 0.00011362 0
internal_weight=8990 1900 1012 346 242 183 888 498 348 390 152 125 97 205 176 147 7090 733 352 203 157 133 381 310 205 126 6357 694 215 479
internal_count=8990 1900 1012 346 242 183 888 498 348 390 152 125 97 205 176 147 7090 733 352 203 157 133 381 310 205 126 6357 694 215 479
is_linear=0
shrinkage=0.05


Tree=143
num_leaves=31
num_cat=0
split_feature=50 205 203 334 255 344 232 276 281 353 275 365 331 242 279 228 358 255 312 315 49 266 53 54 246 364 211 293 374 301
split_gain=0.000125496 0.000247275 0.00034406 0.000256451 0.000186081 0.000519267 0.000603975 0.00050825 0.000575711 0.000586603 0.000461534 0.000569038 0.000740816 0.000757347 0.000699723 0.000913634 0.000586447 0.00045197 0.000620494 0.000705615 0.000853473 0.000488374 0.000431986 0.000563618 0.000567184 0.000363438 0.000463233 0.000845081 0.000365016 0.000268741
threshold=1.8662252048319852 0.071111720869809367 -1.0982362656274527 -0.004782247773548999 -1.1987229465315263 0.0065464984380201015 1.1401089821187906 0.073331677727777669 2.3521220208087041 0.13354296446412192 0.55285202708458192 -0.10532407407407383 0.00033562482195835004 0.3516906719504781 0.15395973157896883 1.4478536155763555 0.06212512460260116 -0.60677001174823242 -0.0049751654265843487 -0.0018743470647692498 1.1745548791401752 -2.0634258717598413 0.07238583313294511 0.72966269841269826 -1.1692626711527965 0.061239375149041507 0.49255546477764561 -0.13353139262451066 0.0071684894786144008 0.015938386058146955
decision_type=2 10 10 10 8 10 10 10 10 10 10 8 10 10 10 10 10 8 10 10 2 10 2 2 10 10 10 10 10 8
left_child=4 2 -2 -4 5 10 7 8 9 -7 11 12 16 -14 -13 -16 -1 18 25 20 21 -20 23 24 -12 26 28 -28 -6 -19
right_child=1 -3 3 -5 17 6 -8 -9 -10 -11 22 14 13 -15 15 -17 -18 29 19 -21 -22 -23 -24 -25 -26 -27 27 -29 -30 -31
leaf_value=0.00012764632644134152 0 0 0 -0.00018614172057305784 8.1636328973553479e-05 0.00018393993231198937 -1.4078516973440093e-05 0 0 0 0.00030662123870918765 0 1.5279654623016188e-05 -0.00014452696546350991 -0.00015707419826858714 0 0 -1.0071216938441328e-06 0 0 0 -0.00020763863024626206 0 0 0 0.00012422431107135336 0 -0.0003086076824338125 -6.2022947076388095e-05 4.8556097814191263e-05
leaf_weight=195 26 92 28 70 107 218 112 155 24 30 50 252 126 102 230 172 55 5752 24 83 23 182 254 109 54 54 41 35 52 283
leaf_count=195 26 92 28 70 107 218 112 155 24 30 50 252 126 102 230 172 55 5752 24 83 23 182 254 109 54 54 41 35 52 283
internal_value=0 -3.78391e-05 -8.64558e-05 -0.000134995 7.02395e-07 1.39634e-05 5.64032e-05 8.6596e-05 0.00012822 0.000154375 0 -1.75974e-05 1.64557e-05 -3.43246e-05 -5.01291e-05 -9.18598e-05 8.27545e-05 -2.81675e-06 -4.43278e-05 -9.3567e-05 -0.000140094 -0.000179358 4.1469e-05 9.40069e-05 0.000177837 0 -1.77103e-05 -0.000127143 3.21719e-06 4.89332e-07
internal_weight=8990 216 124 98 8774 2138 539 427 272 248 1599 1132 478 228 654 402 250 6636 601 312 229 206 467 213 104 289 235 76 159 6035
internal_count=8990 216 124 98 8774 2138 539 427 272 248 1599 1132 478 228 654 402 250 6636 601 312 229 206 467 213 104 289 235 76 159 6035
is_linear=0
shrinkage=0.05


Tree=144
num_leaves=31
num_cat=0
split_feature=321 54 321 260 64 63 33 211 273 375 357 374 72 313 332 91 50 246 232 326 332 49 85 24 50 310 9 324 54 310
split_gain=0.000132575 0.000493367 0.000492123 0.000502218 0.000537057 0.000604745 0.000417277 0.000883222 0.000414512 0.000332064 0.000583094 0.00029942 0.000389746 0.000322317 0.000314333 0.000282024 0.000212562 0.00046067 0.000791812 0.000627608 0.000502324 0.000500488 0.000366699 0.000350667 0.000279878 0.000353686 0.000426513 0.000343407 0.000253833 0.000587824
threshold=0.021111149028490202 0.68749999999999911 0.029135433848844251 0.97040094482741335 -0.21577848377755646 0.10466269841269803 -0.15561082253057848 -0.66085210440269992 2.2124360738210269 0.085599637957033112 -0.013227513227512947 0.021083540438004554 0.20210335955603051 0.00021565303999090003 -0.010267558775027648 -0.71423877356529142 -0.8529117608812079 -0.90225378228401432 -0.6362680432415414 0.023701270443991253 0.020390664106317454 1.0994240352526252 0.059307719157394106 0.78621031746031711 -0.76932348279980389 -0.0011801464938398498 2.0179308000534903 -0.15653429847875819 0.68468915343915304 0.0024683648764849005
decision_type=10 2 10 10 2 2 2 10 10 10 10 10 2 10 10 2 2 10 10 10 10 2 2 2 2 10 2 10 2 10
left_child=16 2 3 4 5 -2 7 -3 -7 10 -9 12 -4 15 -13 -14 17 18 -1 20 22 -19 -20 -21 25 -18 27 -27 -26 -30
right_child=1 6 11 -5 -6 8 -8 9 -10 -11 -12 14 13 -15 -16 -17 24 21 19 23 -22 -23 -24 -25 28 26 -28 -29 29 -31
leaf_value=0 0 0 -7.6907531917171178e-06 0 0 -0.00027950337550393227 -3.3335896189286029e-05 0 0 0 0.00035576005351415811 0 0 0 -0.00014755969090944003 0.00020159039352161904 0 9.7773893646583506e-07 0 -0.00013699180974253443 0 -0.00018392547490759289 0.00020540172946502519 7.6832564902129562e-05 6.0663947393051501e-06 0 0 -0.00028536184869499729 -3.020211705470357e-05 6.0072040819513104e-05
leaf_weight=208 22 107 222 43 73 98 70 20 23 25 45 46 20 35 68 62 23 429 45 34 24 37 176 40 5336 30 21 43 1387 178
leaf_count=208 22 107 222 43 73 98 70 20 23 25 45 46 20 35 68 62 23 429 45 34 24 37 176 40 5336 30 21 43 1387 178
internal_value=0 -1.75212e-05 -4.25151e-05 -9.85705e-05 -0.000132134 -0.000189073 3.04005e-05 7.84212e-05 -0.000233939 0.000194833 0.000255518 0 1.23334e-05 9.30005e-05 -7.81562e-05 0.000148832 1.96273e-06 2.37693e-05 5.69331e-05 0.000107507 0.000146454 -3.01242e-06 0.00017163 0 -4.10616e-07 -7.73536e-05 -0.000129779 -0.000190441 1.7046e-07 -1.67366e-05
internal_weight=8990 979 712 259 216 143 267 197 121 90 65 453 339 117 114 82 8011 993 527 319 245 466 221 74 7018 117 94 73 6901 1565
internal_count=8990 979 712 259 216 143 267 197 121 90 65 453 339 117 114 82 8011 993 527 319 245 466 221 74 7018 117 94 73 6901 1565
is_linear=0
shrinkage=0.05


Tree=145
num_leaves=31
num_cat=0
split_feature=274 312 60 19 14 254 292 36 55 30 376 47 24 72 378 85 357 228 247 323 331 59 299 206 294 276 19 245 238 246
split_gain=0.000125243 0.000371347 0.000352594 0.000478465 0.00108915 0.000408055 0.000318568 0.000678718 0.000513879 0.000424289 0.000850814 0.00109648 0.000311705 0.000301254 0.000315266 0.000692463 0.000297799 0.000944344 0.00100269 0.000313336 0.000575574 0.00053569 0.000380703 0.000591193 0.000376292 0.000359749 0.000272787 0.000272337 0.000258672 0.000256713
threshold=0.56657431145887804 0.056193233499715563 0.33118386243386255 -0.14129715781662447 0.0028108465608464501 -0.92813327654811506 -0.00033068783068784991 0.30059523809523808 1.0661901297878453 -0.50992621687919137 0.0043809945759112007 0.69857804232804221 0.28877314814814764 2.0530013309904702 -1.1697449425179633 0.39066055014241957 0.041005291005290954 1.4736640497865869 0.7246471333529757 -0.52007747908414526 0.0051230480786805012 -0.44381749244131546 -0.063163710291153932 -2.2755617002404622 -0.00033068783068774995 -0.22267430925374232 -0.25739573065310245 -1.4219759117460984 0.32980495506201851 1.2979050268553816
decision_type=10 10 2 2 2 10 10 2 2 2 10 2 2 2 8 2 8 10 10 8 10 2 10 8 10 10 2 10 10 10
left_child=13 2 6 26 12 -6 7 8 -2 -8 27 -12 -5 14 15 -1 19 -18 -19 20 21 -16 24 -24 -21 -22 -4 -11 -17 -7
right_child=1 -3 3 4 5 29 9 -9 -10 10 11 -13 -14 -15 16 28 17 18 -20 22 25 -23 23 -25 -26 -27 -28 -29 -30 -31
leaf_value=0 0.00031533082638684118 -0.00011188114053552086 2.168990102651578e-05 -0.00016090094868317665 0 0.00021216699154498632 0 0 0 0.00010373837141479481 0 -0.00024556454724389325 0 8.0790715891662307e-05 -0.00011689228740546041 -0.00023644850204592984 0 0.00032587768103327759 0 -8.2298900520338132e-06 4.2195249960792738e-05 -1.5417036759253199e-08 -0.00011077741489866371 -2.1555273992278289e-06 5.2290041292207422e-05 -5.3610489992253996e-05 -7.1028670898534195e-05 -2.7895137668771934e-05 0 0
leaf_weight=322 35 53 776 30 31 153 690 179 39 56 59 103 78 96 276 60 404 51 33 231 299 295 136 3547 610 128 73 99 22 26
leaf_count=322 35 53 776 30 31 153 690 179 39 56 59 103 78 96 276 60 404 51 33 231 299 295 136 3547 610 128 73 99 22 26
internal_value=0 9.37469e-06 1.40872e-05 3.41709e-05 8.87756e-05 0.000157773 -5.47421e-07 4.48283e-05 0.000172519 -1.69157e-05 -6.52215e-05 -0.000146435 0 -3.82295e-06 -5.87016e-06 -4.93017e-05 -2.11793e-06 3.38432e-05 0.000186332 -6.20196e-06 -3.15854e-05 -6.52749e-05 0 -7.527e-06 2.97233e-05 1.76328e-06 7.82162e-06 0 -0.000181796 0.000186806
internal_weight=8990 2480 2427 1167 318 210 1260 253 74 1007 317 162 108 6510 6414 404 6010 488 84 5522 998 571 4524 3683 841 427 849 155 82 179
internal_count=8990 2480 2427 1167 318 210 1260 253 74 1007 317 162 108 6510 6414 404 6010 488 84 5522 998 571 4524 3683 841 427 849 155 82 179
is_linear=0
shrinkage=0.05


Tree=146
num_leaves=31
num_cat=0
split_feature=350 394 350 348 52 57 237 348 348 66 12 57 365 320 254 310 260 328 353 35 262 19 247 357 323 356 375 50 210 356
split_gain=0.000133233 0.000306839 0.000369336 0.000338022 0.000392939 0.000380643 0.000184321 0.000184219 0.000412328 0.000618477 0.000705349 0.000607012 0.000510653 0.000283489 0.000466041 0.00042736 0.000237715 0.000220845 0.000406871 0.000466045 0.000297967 0.000358895 0.000247831 0.000608167 0.000594882 0.000640661 0.000452149 0.000511684 0.00052368 0.00048582
threshold=0.30898207326834098 -0.13065281382287472 0.63819206911826021 0.11424679149192261 -0.58870661948329439 2.0049851481570102 -0.21536632478947912 -0.16907961490598267 -0.39174725364107249 0.83198668189950264 0.0041335978835978513 2.1657845347684552 0.65790343915343896 -0.004049906728656699 0.23830837627202475 0.00043501051099950004 -0.010748708263984648 -0.025846815846453895 -0.017786934137592546 0.90112433862433916 0.48442846156307423 -0.23456481830197148 0.14290849877983178 -0.040343915343915439 -0.15495418963571847 -0.011420294363363398 0.0022944832720713502 0.43431452168092755 -1.0144854076616296 0.041122525013472307
decision_type=10 2 10 10 2 2 10 10 8 2 2 2 10 10 10 10 10 10 10 2 10 2 10 10 10 10 10 2 10 10
left_child=7 6 3 4 -3 -6 -2 8 13 10 -10 12 -12 16 15 -15 -1 18 -9 20 21 -20 26 -24 -25 -26 29 28 -28 -19
right_child=1 2 -4 -5 5 -7 -8 17 9 -11 11 -13 -14 14 -16 -17 -18 22 19 -21 -22 -23 23 24 25 -27 27 -29 -30 -31
leaf_value=-1.6405152666096581e-05 7.6556493681051121e-05 0 0 0 -0.00024157564093579454 0 -1.3159146251937919e-05 0 0 0 0.00017844120237815768 0 0 -0.00023613494250436219 0 0 8.2989057588697308e-05 -1.238750004086278e-05 0 0 0 -0.00023837629220226179 5.8767712688941501e-05 4.2809639617480269e-06 0 -7.5841786972565532e-05 0.00010703541431647355 -1.2006863509493419e-06 2.0265730012553726e-05 4.9067218840732248e-05
leaf_weight=60 74 26 55 34 82 31 153 201 135 263 236 49 26 54 69 33 85 2582 25 103 21 77 231 832 475 720 313 681 911 353
leaf_count=60 74 26 55 34 82 31 153 201 135 263 236 49 26 54 69 33 85 2582 25 103 21 77 231 832 475 720 313 681 911 353
internal_value=0 -2.65917e-05 -6.90928e-05 -0.000107818 -0.000143323 -0.000184253 0 1.14927e-06 2.14682e-05 4.4655e-05 8.14598e-05 0.000123221 0.000154311 -1.65389e-05 -7.08283e-05 -0.000149557 7.41846e-06 -9.13725e-07 -3.61008e-05 -8.34305e-05 -0.000149163 -0.000184721 4.99117e-07 -1.23804e-05 -2.29576e-05 -4.61046e-05 7.54096e-06 2.68538e-05 4.65459e-05 -3.29124e-06
internal_weight=8990 455 228 173 139 113 227 8535 1010 709 446 311 262 301 156 87 145 7525 427 226 123 102 7098 2258 2027 1195 4840 1905 1224 2935
internal_count=8990 455 228 173 139 113 227 8535 1010 709 446 311 262 301 156 87 145 7525 427 226 123 102 7098 2258 2027 1195 4840 1905 1224 2935
is_linear=0
shrinkage=0.05


Tree=147
num_leaves=31
num_cat=0
split_feature=248 31 296 247 85 327 384 351 90 199 73 316 19 399 355 77 323 11 38 388 217 293 332 32 334 19 323 85 354 387
split_gain=0.000135502 0.000298488 0.000353896 0.000429739 0.000471251 0.000779148 0.000410838 0.000397685 0.000385388 0.000353115 0.000345334 0.000343358 0.000326534 0.000325664 0.000292442 0.000400257 0.000386803 0.00043591 0.000420538 0.000442334 0.000376775 0.000405548 0.000247247 0.000422645 0.000405596 0.000558092 0.000316689 0.00029803 0.000629623 0.000510426
threshold=0.78771253426859567 0.85912698412698396 0.00041291283923500005 -0.92735902799864212 0.22877728632498953 -0.16368714783112151 0.33844586677403049 -0.0044156278637074485 0.23247354497354503 0.048790726038016256 1.1257104192222303 -0.11618656020679359 -0.53464662449966582 -0.98341218169174704 -0.066791386470627087 0.49718915343915354 -0.13004451505360728 0.017195767195767053 -0.70609774183860285 0.011078292601107853 -0.86218992485152368 -0.0071429786237374995 0.0095981892956168522 0.36656746031746007 -0.00068446280367009981 0.091002729141301766 0.80277275023089478 -0.010855075681296948 0.010041516060110651 0.052855455722062655
decision_type=8 2 10 10 2 10 10 10 2 10 2 10 2 2 10 2 10 2 2 2 10 10 10 2 10 2 10 2 10 10
left_child=22 14 7 -4 -5 -6 -7 8 10 11 13 -9 -13 -3 15 -2 -16 18 -18 -20 21 -17 27 24 -24 -26 -27 -1 -29 -30
right_child=1 2 3 4 5 6 -8 9 -10 -11 -12 12 -14 -15 16 20 17 -19 19 -21 -22 -23 23 -25 25 26 -28 28 29 -31
leaf_value=0 2.749524073996614e-06 0 0 0 0 -0.00031429256552968556 0 0 0 -6.9748797186620435e-07 0 0 0.00017554625590513419 -0.00015187098402555103 -1.0788833557013378e-05 -0.00020134360861702073 0 0 0 0.00015652402953677947 0 0 0 0 0 -0.00025583259811849999 0 0 9.8240234471938699e-05 0
leaf_weight=4118 148 25 61 120 34 72 20 41 72 88 28 27 93 144 465 84 92 304 57 181 125 31 139 731 25 70 20 921 410 244
leaf_count=4118 148 25 61 120 34 72 20 41 72 88 28 27 93 144 465 84 92 304 57 181 125 31 139 731 25 70 20 921 410 244
internal_value=0 -1.0678e-05 -3.49844e-05 -7.85448e-05 -0.000109836 -0.000181348 -0.00025725 0 -5.03674e-05 3.53647e-05 -9.13883e-05 8.61006e-05 0.000130734 -0.00012182 0 -3.42031e-05 1.58777e-05 4.33198e-05 8.31034e-05 0.00011828 -7.78069e-05 -0.000144264 3.35414e-06 -1.8317e-05 -7.38849e-05 -0.000144434 -0.000205268 7.98217e-06 2.65203e-05 6.40319e-05
internal_weight=8990 2312 825 307 246 126 92 518 269 249 197 161 120 169 1487 388 1099 634 330 238 240 115 6678 985 254 115 90 5693 1575 654
internal_count=8990 2312 825 307 246 126 92 518 269 249 197 161 120 169 1487 388 1099 634 330 238 240 115 6678 985 254 115 90 5693 1575 654
is_linear=0
shrinkage=0.05


Tree=148
num_leaves=31
num_cat=0
split_feature=260 261 66 227 260 281 54 44 249 93 54 93 34 81 333 24 54 257 369 261 351 267 241 60 366 308 199 237 308 385
split_gain=0.00012559 0.000381861 0.00035018 0.000466861 0.000252279 0.000521842 0.000946599 0.000543897 0.000510232 0.000364443 0.000439761 0.000437941 0.000348747 0.000459785 0.000246776 0.000281363 0.0002759 0.000484049 0.000587718 0.000811225 0.000452602 0.00047586 0.000324968 0.00028276 0.000494788 0.000435235 0.000267008 0.000714444 0.000355865 0.000235124
threshold=-1.3055703620275183 -0.27011452779272888 1.6778766236244851 1.4260079242254495 -0.68175728712599915 1.84047492858694 0.73296957671957708 0.55836640211640221 1.3091730210746051 0.13636420072480551 0.22437169312169303 0.73278458771486121 0.075727513227513268 0.55853174603174616 -0.052414021164020941 0.5223214285714286 0.86557539682539708 1.0000000180025095e-35 -0.076047794992481488 -1.3524189359265453 0.2203761062209191 -0.22276717340777857 0.021790302383505402 0.92741402116402105 -0.06421476578127959 -0.014286686222028748 -0.98929762529180787 1.8516418322652199 0.0013245040857881502 -0.78762652714758563
decision_type=8 10 2 10 10 10 2 2 10 2 2 2 2 2 10 2 2 10 10 10 10 10 10 2 10 10 10 10 10 10
left_child=1 2 3 -1 5 8 7 -7 9 -2 -11 -12 -10 -14 15 -6 23 18 -18 -20 22 -22 -19 26 29 -26 27 -16 -28 -25
right_child=4 -3 -4 -5 14 6 -8 -9 12 10 11 -13 13 -15 16 -17 17 20 19 -21 21 -23 -24 24 25 -27 28 -29 -30 -31
leaf_value=0.00016344519002153688 0 0 0 0 0 -0.0003747413475461249 0 0 0 0 -0.00018177718436563543 0 0.00024958155525778579 0 9.4770910583398803e-06 0.00010589816130796401 0 2.2246473687954465e-05 0 -0.00016788821776361643 0.00026140535203144293 0 -7.2192057755456074e-05 8.2674991385449877e-05 0 -0.00020994570531701891 4.5992694889977045e-06 0.00018089044610728358 -5.3800587367532738e-05 -2.3764945278934594e-05
leaf_weight=123 420 291 21 25 63 40 30 20 46 142 112 40 44 29 698 118 126 107 44 190 33 36 157 73 95 65 5297 79 270 156
leaf_count=123 420 291 21 25 63 40 30 20 46 142 112 40 44 29 698 118 126 107 44 190 33 36 157 73 95 65 5297 79 270 156
internal_value=0 2.51611e-05 8.58372e-05 0.000119683 -1.63107e-06 -2.65218e-05 -0.000145409 -0.000266597 -7.65927e-06 -2.89564e-05 -7.16507e-05 -0.000130977 7.80589e-05 0.000147833 7.32085e-07 5.85588e-05 -4.84293e-09 -3.06418e-05 -7.18867e-05 -0.000119271 0 0.000124564 -1.49897e-05 2.4063e-06 -3.74038e-05 -0.000105482 5.63605e-06 3.33604e-05 8.67822e-07 0
internal_weight=8990 460 169 148 8530 923 90 60 833 714 294 152 119 73 7607 181 7426 693 360 234 333 69 264 6733 389 160 6344 777 5567 229
internal_count=8990 460 169 148 8530 923 90 60 833 714 294 152 119 73 7607 181 7426 693 360 234 333 69 264 6733 389 160 6344 777 5567 229
is_linear=0
shrinkage=0.05


Tree=149
num_leaves=31
num_cat=0
split_feature=248 207 65 255 398 257 323 247 244 66 66 219 340 295 200 348 205 243 354 60 332 339 222 51 273 235 343 340 311 387
split_gain=0.000122358 0.000291029 0.000439457 0.000643289 0.000631581 0.000564427 0.000993672 0.000410414 0.000447984 0.000479328 0.000811654 0.00058011 0.00042684 0.000337526 0.000323978 0.000265113 0.000259839 0.000243039 0.000235293 0.000518563 0.000337755 0.00038472 0.00038912 0.000443019 0.000366607 0.000497497 0.000501438 0.000694937 0.000665757 0.000426309
threshold=0.78771253426859567 1.0749318964116257 -0.20869901926128698 -2.0663042019231921 -0.0038297802432457994 0.29050061920700765 1.4658100566496695 -0.096945055840580885 1.023281625707446 0.87987439703845161 -0.099936523380470391 1.0087665629525422 -0.0010656594017944498 0.00046816482821150006 -0.65891880253342461 0.16773753496644314 -0.13647116233815737 1.7462088605322488 -0.25619668909058563 0.28587962962963004 0.010715594665773152 0.010176058541921652 0.6948226133114267 -0.70297352956825188 0.78318851182587457 -2.2389369406216475 -0.0013227513227518498 -0.0081231948270285483 -0.00033068783068784991 -0.054395368643644144
decision_type=8 10 2 10 2 10 10 10 8 2 2 10 10 10 10 10 10 10 10 2 10 10 10 2 10 10 10 10 10 10
left_child=18 7 17 -4 -5 6 -6 8 9 10 -2 -12 14 -14 -9 -16 -15 -3 19 -1 24 -22 23 -23 -20 29 27 -27 -28 -26
right_child=1 2 3 4 5 -7 -8 12 -10 -11 11 -13 13 16 15 -17 -18 -19 20 -21 21 22 -24 -25 25 26 28 -29 -30 -31
leaf_value=-7.3480021719331535e-06 0 0.00010120184363447872 0 0 -0.00036537635950241714 -1.947907195093823e-05 0 0 2.4199116257461679e-06 0 -0.00019128912040289781 0 -3.6964496567679798e-05 0.00015089563115573343 0.00013158027362653355 0 0 0 -1.4081472821658e-07 8.5161272807342953e-05 -4.3410731862627985e-06 0 0 -0.00023383552562969306 -0.000192992669932489 -0.00011278262439265465 0 4.0909078710543201e-05 0.00011236115147912978 0
leaf_weight=156 158 61 119 36 68 97 22 90 663 201 170 38 258 50 181 25 54 21 4335 268 668 35 53 68 37 102 247 262 389 58
leaf_count=156 158 61 119 36 68 97 22 90 663 201 170 38 258 50 181 25 54 21 4335 268 668 35 53 68 37 102 247 262 389 58
internal_value=0 -1.01399e-05 -4.77086e-05 -7.73306e-05 -0.000127978 -0.000167238 -0.000270798 0 -1.87056e-05 -5.22208e-05 -8.65877e-05 -0.000151462 3.00843e-05 0 7.49361e-05 0.000109533 6.86884e-05 1.48793e-05 3.19498e-06 3.93415e-05 0 -2.90213e-05 -0.000102602 -0.000159293 5.26107e-06 3.12105e-05 4.46566e-05 0 7.14572e-05 -5.76495e-05
internal_weight=8990 2312 424 342 223 187 90 1888 1230 567 366 208 658 362 296 206 104 82 6678 424 6254 824 156 103 5430 1095 1000 364 636 95
internal_count=8990 2312 424 342 223 187 90 1888 1230 567 366 208 658 362 296 206 104 82 6678 424 6254 824 156 103 5430 1095 1000 364 636 95
is_linear=0
shrinkage=0.05


Tree=150
num_leaves=31
num_cat=0
split_feature=399 387 275 369 211 340 85 381 254 258 241 215 77 323 251 282 48 352 281 247 210 378 266 11 275 229 334 374 331 349
split_gain=0.000127266 0.00028864 0.000339787 0.000454852 0.000179684 0.000476503 0.000657825 0.000576795 0.000690468 0.000660298 0.000299915 0.000289021 0.00026587 0.000543027 0.000552139 0.000475182 0.000428202 0.000438496 0.000580272 0.000383714 0.000878831 0.000339312 0.000398246 0.000386957 0.00032377 0.000262399 0.000326073 0.000224049 0.000477329 0.000472999
threshold=-1.3564260326584787 -0.028429022762717946 0.6228259000236912 0.0088447149820564015 -0.82642608117316907 0.0012569245847924 0.30835715566285005 -1.2218760522546923 1.3237695997358461 1.7217644153587817 1.270798621642065 -1.9140470292062919 0.47635582010582006 -0.76634009478131149 0.6640273932337809 -0.0012431615879114498 1.4860027398111304 -0.0038839451808590493 0.024238132399136154 0.14290849877983178 -1.0144854076616296 0.43979922235513164 0.71268306871547249 0.017361111111111101 -0.97658702109575679 2.0970105199378155 0.017560449864768853 -0.021506205220965299 0.0020000648139528007 0.015693818155952353
decision_type=2 8 10 10 8 10 2 10 10 10 10 8 2 10 10 10 2 10 10 8 10 10 10 2 8 10 10 10 10 10
left_child=1 -1 3 -3 5 6 -2 -8 9 -9 27 -6 16 14 15 -14 19 18 -18 20 -13 23 -23 -15 -21 26 -12 28 -7 -30
right_child=4 2 -4 -5 11 10 7 8 -10 -11 25 12 13 21 -16 -17 17 -19 -20 24 -22 22 -24 -25 -26 -27 -28 -29 29 -31
leaf_value=0 8.094571040381111e-06 -0.00026186079192983702 0 0 4.4755422750690995e-05 0 0 0.00022626604780046422 0 0 -0.00017122714823032448 8.4505921233330578e-05 -0.00015640969547140528 0 0 0 0 0 -0.0002089137945857219 -9.3264286984839423e-05 3.2490774462709206e-06 0 9.5903439973426757e-05 -3.9743926660292542e-05 0 0 0 1.844781181643006e-05 -0.00022146221297608817 0
leaf_weight=57 781 44 29 30 288 61 61 155 21 25 78 436 191 1082 137 113 38 110 78 122 2080 380 149 964 806 20 24 542 56 32
leaf_count=57 781 44 29 30 288 61 61 155 21 25 78 436 191 1082 137 113 38 110 78 122 2080 380 149 964 806 20 24 542 56 32
internal_value=0 -4.44121e-05 -0.000100309 -0.000159573 5.18968e-07 1.47868e-05 3.82769e-05 0.000109134 0.000150643 0.00018688 -9.20041e-06 -2.56136e-06 -5.34799e-06 -1.66101e-05 -6.91098e-05 -0.000107084 2.54505e-06 -6.17363e-05 -0.000129864 8.21671e-06 1.93202e-05 -5.67491e-06 2.66482e-05 -1.64767e-05 -1.64985e-05 -8.18807e-05 -0.000120178 0 -5.0193e-05 -0.00013345
internal_weight=8990 160 103 74 8830 1856 1043 262 201 180 813 6974 6686 3016 441 304 3670 226 116 3444 2516 2575 529 2046 928 122 102 691 149 88
internal_count=8990 160 103 74 8830 1856 1043 262 201 180 813 6974 6686 3016 441 304 3670 226 116 3444 2516 2575 529 2046 928 122 102 691 149 88
is_linear=0
shrinkage=0.05


Tree=151
num_leaves=31
num_cat=0
split_feature=397 246 389 382 50 331 395 309 389 34 354 368 343 398 320 261 23 297 254 279 386 208 295 257 344 314 392 220 207 277
split_gain=0.000122597 0.000362862 0.000468192 0.00048476 0.000232315 0.000382297 0.00036732 0.000445562 0.00038919 0.000492144 0.000273624 0.000429584 0.00102467 0.000499 0.000680653 0.000520129 0.000514219 0.000477348 0.000362651 0.000636847 0.000707599 0.000784287 0.000518306 0.000483601 0.000699133 0.000478901 0.000525727 0.000400587 0.000646034 0.000381534
threshold=-0.46366599580580997 -0.84220902661976049 0.80992464325797808 -0.18620462781791827 1.1240699184160701 0.011645158250778201 0.1942404660227631 -0.0011058547809085497 -0.52983348992587875 0.87003968253968267 0.044562261484347658 1.3847515806480082 0.035052910052910911 -0.0057999793572164988 0.01157724975598535 0.67163594716164188 0.006779100529100501 -0.0022522534681074994 -0.61686819398184001 2.2433929545460392 -0.00080780455565984991 -1.5901701999929962 0.0010582014531893003 -1.1524057878387433 -0.018528605486699799 0.0098848180448302524 0.84915540808982892 -0.78274629727074274 -0.23378841310150231 1.8424088010592823
decision_type=2 10 2 10 2 10 2 10 2 2 8 10 10 2 10 8 2 10 10 10 10 10 10 10 10 10 2 10 10 10
left_child=1 2 3 -1 10 6 -6 -8 -9 -10 18 13 -13 14 17 16 -15 -12 19 20 22 -22 -2 -21 -25 27 29 28 -20 -27
right_child=4 -3 -4 -5 5 -7 7 8 9 -11 11 12 -14 15 -16 -17 -18 -19 25 23 21 -23 -24 24 -26 26 -28 -29 -30 -31
leaf_value=0 -3.4296080043292495e-05 0 0 0.00021055720571349189 0 1.5107438460677729e-05 0 0 -0.00015815635201826264 0 0 0 -0.0003534649699589729 8.5308212480105468e-05 8.4163462236703693e-05 0 0 -0.00017582361267076086 0 0 -0.00024382149585577557 -1.1093624397177136e-05 8.0874163912314465e-05 0 0.00022518114122109642 0.00011222528344320706 0 2.2623418446679273e-07 -9.5041837573955071e-05 0
leaf_weight=70 814 810 125 80 147 159 29 46 231 40 21 209 23 664 33 388 326 95 255 61 95 144 92 23 67 267 363 2976 301 36
leaf_count=70 814 810 125 80 147 159 29 46 231 40 21 209 23 664 33 388 326 95 255 61 95 144 92 23 67 267 363 2976 301 36
internal_value=0 1.55282e-05 6.51816e-05 0.000124839 -2.38189e-06 -3.09745e-05 -5.59766e-05 -8.43653e-05 -0.000106213 -0.000129555 0 1.73482e-05 -3.73851e-05 2.89401e-05 -4.32868e-05 4.03805e-05 5.98574e-05 -0.000122652 -5.30532e-06 -2.85878e-05 -4.38896e-05 -0.000124576 -1.70753e-05 5.43035e-05 0.000135513 6.91916e-07 4.05606e-05 -5.41114e-06 -4.45711e-05 8.91723e-05
internal_weight=8990 1085 275 150 7905 652 493 346 317 271 7253 1759 232 1527 149 1378 990 116 5494 1296 1145 239 906 151 90 4198 666 3532 556 303
internal_count=8990 1085 275 150 7905 652 493 346 317 271 7253 1759 232 1527 149 1378 990 116 5494 1296 1145 239 906 151 90 4198 666 3532 556 303
is_linear=0
shrinkage=0.05


Tree=152
num_leaves=31
num_cat=0
split_feature=274 207 60 236 388 329 215 292 17 243 30 383 297 358 72 378 85 289 208 398 54 375 291 246 335 336 274 16 347 342
split_gain=0.000118968 0.000336059 0.000404619 0.000567156 0.000368561 0.000434052 0.00042675 0.000351445 0.000480212 0.000575524 0.000398867 0.000653925 0.000973169 0.000269291 0.00026498 0.000283865 0.000611554 0.000281593 0.000432542 0.000462305 0.000346624 0.000279713 0.000703929 0.000734509 0.000452656 0.000699235 0.000428731 0.000418331 0.000247474 0.000227878
threshold=0.56657431145887804 -0.75374033139536056 0.34275793650793657 0.4361291362542653 0.055857829351805201 -0.012497119740447099 -1.3237108155753099 -0.00033068783068784991 -0.081037112833740391 1.3442603002013784 -0.098106682557140792 -0.07433608146345029 0.00062405726617345005 0.099393204359756265 2.0530013309904702 -1.1697449425179633 0.39066055014241957 -0.27192543959875665 0.37223905342415703 0.0035967622223745505 0.75347222222222221 0.19127059917002684 -0.055612817555107587 0.033487598795222055 -0.010127900566486997 0.0026455026455022503 -0.76581036660161306 -0.85865372299886489 0.0032742837073299002 0.012298498611399752
decision_type=10 10 2 10 2 10 10 10 2 10 2 10 10 10 2 8 2 10 8 2 2 8 10 10 10 10 10 2 10 10
left_child=14 28 7 4 5 13 -6 8 9 -3 -9 -12 -13 -4 15 16 -1 18 19 20 -17 24 23 -23 25 -19 -26 -24 -2 -16
right_child=1 2 3 -5 6 -7 -8 10 -10 -11 11 12 -14 -15 29 17 -18 21 -20 -21 -22 22 27 -25 26 -27 -28 -29 -30 -31
leaf_value=0 0 0.00028642570515505407 0.0001298116440140972 -2.0490856623149301e-06 0 0 0.00022800542376008408 1.0207463462958258e-07 0 0 0 -0.0002873734493344903 0 0 0.0001252444842162263 0.00019991247055267899 -0.00017166160898084327 -3.3539515751129779e-06 0 0 0 0.00014819649514984752 -0.00010161605034415592 0 2.5184954952809274e-05 -7.8875435397242626e-05 -1.2406142357756669e-05 8.8165388119293288e-07 -5.6950716721372174e-05 0
leaf_weight=322 465 41 149 197 26 284 87 583 125 30 79 63 79 25 71 92 82 1066 123 22 21 175 110 185 1143 543 2253 277 247 25
leaf_count=322 465 41 149 197 26 284 87 583 125 30 79 63 79 25 71 92 82 1066 123 22 21 175 110 185 1143 543 2253 277 247 25
internal_value=0 9.15519e-06 2.21219e-05 4.94313e-05 7.59447e-05 4.05737e-05 0.000174936 0 6.11171e-05 0.000164886 -1.34803e-05 -7.19089e-05 -0.000139822 0.000102783 -3.70875e-06 -5.6727e-06 -4.69409e-05 -2.06594e-06 4.72858e-05 0.000110796 0.000157742 -5.14959e-06 2.13563e-05 7.46985e-05 -1.01049e-05 -3.19513e-05 0 -1.53542e-05 -1.60201e-05 7.53481e-05
internal_weight=8990 2480 1768 768 571 458 113 1000 196 71 804 221 142 174 6510 6414 404 6010 258 135 113 5752 747 360 5005 1609 3396 387 712 96
internal_count=8990 2480 1768 768 571 458 113 1000 196 71 804 221 142 174 6510 6414 404 6010 258 135 113 5752 747 360 5005 1609 3396 387 712 96
is_linear=0
shrinkage=0.05


Tree=153
num_leaves=31
num_cat=0
split_feature=228 205 15 273 42 301 353 318 18 87 229 208 325 393 385 199 261 356 324 328 238 12 227 77 201 334 306 342 202 277
split_gain=0.000123654 0.000421973 0.000312553 0.000331634 0.000545523 0.000531677 0.000435423 0.000423259 0.000383363 0.00034632 0.000338214 0.000250302 0.00022462 0.000334505 0.000216039 0.000202395 0.0002327 0.00038621 0.000327881 0.000196491 0.000194254 0.000330507 0.000332854 0.000381697 0.000291027 0.000397785 0.000426528 0.000368756 0.0002437 0.000535797
threshold=-0.87407435211986473 1.2472809064924195 0.045138888888888902 -1.0000000180025095e-35 -0.9413862453004409 -0.0030419409720471996 0.12979453479501088 -0.021227560120294846 -0.68408099117399579 0.78075396825396814 -1.4947274190042115 1.2322074076617362 -0.21367088590643052 1.1144532222285599 -0.087230406338034347 -0.8695802054963947 0.60603536691392135 0.0013488452533984502 0.18175469212064152 -0.006421860176190999 1.2377915461055775 0.018353174603173306 1.5960269966172416 0.65889550264550312 -1.1045631267091374 0.00034626040165020006 -0.0015891238662229497 0.0093385949235597013 0.4702691475936881 -1.67996338436884
decision_type=10 10 2 8 2 10 10 10 2 2 10 10 10 2 10 10 10 10 10 10 10 2 10 2 10 10 10 10 10 10
left_child=1 2 -1 4 14 9 7 -6 -7 11 -10 -5 13 -2 -4 -3 17 -17 19 -19 24 -22 23 -23 25 26 -14 -28 -26 -30
right_child=12 15 3 5 6 8 -8 -9 10 -11 -12 -13 20 -15 -16 16 -18 18 -20 -21 21 22 -24 -25 28 -27 27 -29 29 -31
leaf_value=1.3421006478718553e-05 0.00020960463845597305 -8.068461856410238e-06 -4.9567372973292891e-05 0.00016360117143404446 -0.00015670117643727671 0 0 0 0 0 -0.00010846368950715769 0 0 0 1.2698285260789419e-05 0 0 0 0 0.00017547524914662097 0 -0.00017445113116804379 0 0 -3.831267503888178e-06 0 0.00020812621481869375 0 0.00013014521038164146 7.1929000543432065e-06
leaf_weight=250 33 218 215 83 249 197 46 44 75 61 204 28 38 26 207 139 219 55 26 116 402 97 58 69 4031 167 89 46 108 1394
leaf_count=250 33 218 215 83 249 197 46 44 75 61 204 28 38 26 207 139 219 55 26 116 402 97 58 69 4031 167 89 46 108 1394
internal_value=0 -9.79114e-06 -2.53144e-05 -3.57361e-05 -5.87612e-05 -9.76092e-07 -0.000108201 -0.000131373 -3.54159e-05 6.52464e-05 -7.46561e-05 0.000119948 3.40375e-06 0.000102255 -7.18343e-06 1.70562e-05 3.5932e-05 6.21552e-05 0.000107175 0.000134248 1.73545e-06 -2.3386e-05 -7.2215e-05 -0.000109754 5.26483e-06 5.07756e-05 0.000103973 0.000147458 1.5637e-06 1.93704e-05
internal_weight=8990 2432 1659 1409 761 648 339 293 476 172 279 111 6558 59 422 773 555 336 197 171 6499 626 224 166 5873 340 173 135 5533 1502
internal_count=8990 2432 1659 1409 761 648 339 293 476 172 279 111 6558 59 422 773 555 336 197 171 6499 626 224 166 5873 340 173 135 5533 1502
is_linear=0
shrinkage=0.05


Tree=154
num_leaves=31
num_cat=0
split_feature=248 207 65 255 398 80 207 64 326 364 62 332 256 59 281 275 333 364 332 310 333 248 50 236 65 296 350 229 384 218
split_gain=0.000117141 0.000272041 0.000395592 0.000573839 0.000585111 0.000536618 0.000555253 0.00033718 0.000410455 0.000415789 0.000383425 0.000380946 0.000494442 0.000420995 0.000340039 0.000278712 0.000265872 0.000231939 0.000323873 0.000225249 0.000558754 0.000302604 0.000258372 0.000562604 0.000796326 0.000648551 0.000687672 0.000545232 0.000759352 0.000605053
threshold=0.78771253426859567 1.0749318964116257 -0.20869901926128698 -2.0663042019231921 -0.0038297802432457994 0.78918650793650802 2.7559213949386012 -0.84437983241950632 0.020761203377023904 0.073281269770650512 0.32953042328042309 -0.053076797410264741 1.8947487542069339 0.46846371502170153 -0.22851406626456175 -0.14838915607639222 -0.014384920634920998 -0.022774122111825897 -0.0097909640911139472 -0.28160858200425948 -1.0000000180025095e-35 1.0000000180025095e-35 -0.12070133643503249 0.20207237734913813 -0.20448622235721647 -0.0011400072784973998 -0.088611877132943093 -1.4218996567131656 0.76105195351323951 -0.36320610265965364
decision_type=8 10 2 10 2 2 10 2 10 10 2 8 10 2 10 10 10 10 8 10 10 10 2 10 2 10 10 10 10 10
left_child=19 7 -3 -4 -5 6 -6 8 9 15 -10 -9 17 14 -14 -2 -12 -13 -19 20 21 -1 23 24 25 -21 -27 29 -29 -26
right_child=1 2 3 4 5 -7 -8 11 10 -11 16 12 13 -15 -16 -17 -18 18 -20 22 -22 -23 -24 -25 27 26 -28 28 -30 -31
leaf_value=-0.00023773089741910213 0.00020450796370240009 1.0040847872063146e-05 0 0 -0.00022987154746854102 0 0 4.2606888819184504e-05 -0.00013803487090989622 0 0 2.1320522067353377e-05 0 0 -0.00018080398764703457 0 9.7114875714039077e-05 -6.100594641446116e-05 0 0 0 0 -7.4025097291509877e-07 -5.2486390670963623e-06 0 0 0.0001576333263462631 0 0.00016884558924578892 -0.00019434550572924221
leaf_weight=46 82 82 119 36 142 25 20 228 40 20 21 383 87 36 117 21 91 332 430 124 64 21 4328 954 66 68 303 557 84 63
leaf_count=46 82 82 119 36 142 25 20 228 40 20 21 383 87 36 117 21 91 332 430 124 64 21 4328 954 66 68 303 557 84 63
internal_value=0 -9.77312e-06 -4.60907e-05 -7.41638e-05 -0.00012192 -0.00015982 -0.000194314 0 4.93991e-05 0.000117428 0 -1.0315e-05 -2.26393e-05 -8.95503e-05 -0.000120791 0.000162931 4.16552e-05 -4.24126e-06 -2.36512e-05 3.28385e-06 -5.8717e-05 -0.000165994 5.28901e-06 1.93013e-05 4.17669e-05 9.20047e-05 0.00012515 2.97075e-06 2.79048e-05 -8.21226e-05
internal_weight=8990 2312 424 342 223 187 162 1888 275 123 152 1613 1385 240 204 103 112 1145 762 6678 131 67 6547 2219 1265 495 371 770 641 129
internal_count=8990 2312 424 342 223 187 162 1888 275 123 152 1613 1385 240 204 103 112 1145 762 6678 131 67 6547 2219 1265 495 371 770 641 129
is_linear=0
shrinkage=0.05


Tree=155
num_leaves=31
num_cat=0
split_feature=35 369 385 378 72 39 398 241 315 299 37 254 210 67 220 297 302 377 332 235 356 350 374 380 357 388 91 346 236 345
split_gain=0.000114808 0.000368145 0.000224325 0.00023611 0.000237301 0.00022257 0.000235673 0.000207266 0.000585213 0.000560288 0.000607274 0.000480607 0.0005256 0.00035158 0.000515263 0.000613615 0.000586977 0.0013823 0.000394103 0.000395376 0.000334615 0.000422772 0.00033324 0.000520003 0.000356928 0.000407995 0.000629404 0.000344763 0.000415598 0.000332431
threshold=0.99421296296296313 0.0016228373340449501 -1.2819876068174303 0.4013968705196706 -0.2703103866485374 1.9580724458396601 0.0016363115942673503 0.75617667604501959 -0.037195402232261289 0.2529939526667962 0.8546320383540561 -0.96377151669233629 0.58766294789798279 1.2942163314318453 -1.9984418585248866 -0.00066450158752644998 0.0081527342570100522 -0.0024409373067786999 -0.016786419755697897 0.59582800080929899 0.006850705158045701 -0.015805502624726995 -0.0037620599541550994 -0.096195877107285388 -0.0099206349206343979 0.68193109232853688 -0.30889674044474419 0.0099630639862424517 -0.94488928561718633 0.00066137566137620008
decision_type=2 10 10 10 2 2 2 8 8 8 2 10 10 2 10 10 10 10 10 10 10 10 10 10 10 2 2 10 10 8
left_child=7 2 -2 4 5 6 -4 13 20 10 11 -10 -13 14 -1 18 17 -17 -16 -20 -9 -22 24 27 -15 26 -26 28 -24 -11
right_child=1 -3 3 -5 -6 -7 -8 8 9 29 -12 12 -14 22 15 16 -18 -19 19 -21 21 -23 23 -25 25 -27 -28 -29 -30 -31
leaf_value=0.00016469704659709792 0 -6.7497804102986766e-06 0.00019947914691413246 0 0 0 0 -1.2628662845507217e-06 0 -1.0644697725886612e-05 0 -0.00014810861615050625 -3.6059212526069065e-05 1.0947212442234382e-05 0 1.1426761625419748e-05 0 0.00026869725142771511 -0.00020697677914592789 0 0 0.00010736331414294885 0 -2.8657798103289469e-06 -3.5810813733914736e-06 1.1919315848406432e-05 -9.6345124313220443e-05 0 8.4646541315344588e-05 7.6001293314827633e-05
leaf_weight=75 27 291 102 69 73 29 37 335 197 222 263 299 414 375 64 284 305 82 61 37 123 187 169 2941 518 184 447 176 458 146
leaf_count=75 27 291 102 69 73 29 37 335 197 222 263 299 414 375 64 284 305 82 61 37 123 187 169 2941 518 184 447 176 458 146
internal_value=0 2.05678e-05 5.8984e-05 7.47698e-05 9.8177e-05 0.000131733 0.000158025 -1.59648e-06 -1.51812e-05 -3.32435e-05 -5.1122e-05 -7.09707e-05 -9.00735e-05 2.40245e-06 3.14825e-05 1.34683e-05 3.93921e-05 8.27817e-05 -6.30202e-05 -0.000128864 2.02199e-05 5.95519e-05 -1.66122e-06 5.30947e-06 -2.20659e-05 -3.71916e-05 -5.17369e-05 4.14739e-05 5.98103e-05 1.01592e-05
internal_weight=8990 628 337 310 241 168 139 8362 2186 1541 1173 910 713 6176 908 833 671 366 162 98 645 310 5268 3744 1524 1149 965 803 627 368
internal_count=8990 628 337 310 241 168 139 8362 2186 1541 1173 910 713 6176 908 833 671 366 162 98 645 310 5268 3744 1524 1149 965 803 627 368
is_linear=0
shrinkage=0.05


Tree=156
num_leaves=31
num_cat=0
split_feature=228 347 254 39 229 271 316 330 215 225 73 257 318 219 358 77 325 393 220 362 259 348 220 328 331 19 381 257 85 24
split_gain=0.000115547 0.000375865 0.000303419 0.000323065 0.000332857 0.000517382 0.000430484 0.000260131 0.000273598 0.000424582 0.000305508 0.000303192 0.000395793 0.000414101 0.000244135 0.000191728 0.000191248 0.000299959 0.000210846 0.000548047 0.000583513 0.000533803 0.000608172 0.000414247 0.000433942 0.000422322 0.000403225 0.000425508 0.000438693 0.00032278
threshold=-0.87407435211986473 -0.0055367026114465489 0.61542262116183 1.1605584981018804 -1.474670763248269 1.4225085121267049 0.012336353597733251 -0.0027451044982575996 -0.81002625933751271 1.0883356921743597 0.92257359742289258 0.66847786780239515 -0.15769786027325064 1.0675686861004532 -0.017476179171698348 0.23627645502645503 -0.21367088590643052 1.1144532222285599 -0.85616121757965324 0.14269179894179876 0.74304777830244961 0.028007160502989601 -2.0248704417010823 -0.0027074697927047496 -0.029522588372829995 0.74359459704805697 -1.1669420002758646 1.3154087037384035 -0.4795110298414394 0.99619708994709011
decision_type=10 8 10 2 10 10 10 8 8 10 2 10 8 10 10 2 10 2 10 10 10 10 10 10 10 2 10 10 2 2
left_child=1 2 3 4 -1 6 -6 15 9 10 14 12 13 -10 -9 -3 17 -2 19 20 23 22 -22 24 -18 -25 -21 28 -28 -20
right_child=16 7 -4 -5 5 -7 -8 8 11 -11 -12 -13 -14 -15 -16 -17 18 -19 29 26 21 -23 -24 25 -26 -27 27 -29 -30 -31
leaf_value=0 0.00019683196000808294 0 0 0 -0.00016254385497056951 0 0 0 -0.00011906020889507683 -3.2544750946654786e-06 0 1.022289705731823e-05 0 0 0.00012817467793336396 9.836999790382116e-05 -3.0682198193883372e-05 0 4.5994746737881113e-06 0 0 0 -0.00013652404247472047 0 6.9237739016416071e-05 -0.0001367675981347307 0 0 0.00023466201259282203 9.8286850313238956e-05
leaf_weight=103 33 23 191 133 224 57 20 34 228 416 74 237 322 93 161 116 82 26 4807 74 109 239 285 257 326 82 31 36 69 102
leaf_count=103 33 23 191 133 224 57 20 34 228 416 74 237 322 93 161 116 82 26 4807 74 109 239 285 257 326 82 31 36 69 102
internal_value=0 -9.37915e-06 -3.9791e-05 -5.96547e-05 -8.20281e-05 -0.0001086 -0.000140879 6.81193e-07 -2.11162e-06 1.77363e-05 6.87675e-05 -2.32429e-05 -4.33523e-05 -8.27385e-05 0.000102164 6.80497e-05 3.37991e-06 9.49209e-05 1.77809e-06 -1.29484e-05 -2.69209e-05 -6.23221e-05 -9.81107e-05 0 3.69013e-05 -3.76196e-05 5.50415e-05 0.000109925 0.000164488 7.56661e-06
internal_weight=8990 2432 728 537 404 301 244 1704 1565 685 269 880 643 321 195 139 6558 59 6499 1590 1380 633 394 747 408 339 210 136 100 4909
internal_count=8990 2432 728 537 404 301 244 1704 1565 685 269 880 643 321 195 139 6558 59 6499 1590 1380 633 394 747 408 339 210 136 100 4909
is_linear=0
shrinkage=0.05


Tree=157
num_leaves=31
num_cat=0
split_feature=321 280 24 354 398 18 49 222 224 349 251 240 258 265 244 258 370 268 64 353 27 44 67 60 342 326 320 331 397 222
split_gain=0.000114563 0.000423949 0.000540001 0.000668434 0.000666856 0.000536225 0.000782714 0.00053266 0.00040656 0.000294549 0.000218327 0.000332922 0.000385831 0.000310286 0.000323186 0.000268743 0.000216578 0.000632243 0.000735009 0.000204164 0.000530656 0.000366058 0.000290665 0.000509991 0.000391413 0.000304592 0.000271886 0.000244401 0.000412737 0.00035525
threshold=0.021111149028490202 1.7217644153584557 0.93303571428571275 0.0056209527795246508 -0.0026427461125522497 0.26327048700395606 -0.43324937975016992 1.2946478496649574 -1.3814070832473979 -0.30301699812534355 -0.7883343615695273 -0.84962317968846179 0.25157265707869086 0.17328582449297683 1.202912215422226 0.11433050069460196 0.41008595271787679 1.3054596003900902 -0.5526378149978064 -0.19715370743052976 0.66934120065144709 0.76504629629629617 1.2477159477281703 0.84143518518518501 -0.06097754399580909 0.026403742953739002 -0.0099067316102701992 0.020263040675118853 0.24214676332934512 1.755195135231064
decision_type=10 10 2 10 2 2 2 10 10 10 10 10 10 10 10 10 8 10 2 8 2 2 2 2 10 10 10 8 2 8
left_child=16 2 9 4 -4 6 -6 -3 -9 -2 13 15 -13 -11 -15 -12 19 -18 -19 20 22 26 23 -1 -24 -26 -22 -21 29 -29
right_child=1 7 3 -5 5 -7 -8 8 -10 10 11 12 -14 14 -16 -17 17 18 -20 27 21 -23 24 -25 25 -27 -28 28 -30 -31
leaf_value=0.00027017177969511353 -0.00013897801016980941 0 0 0 0 0 -0.00042424948095076567 0 0.00034893636215776525 0 0 0 0.00011036284171882514 -0.00017273000221140834 0 -0.00012019372128679518 0 0.00029741866204850459 0 0 0 0 0 0 -0.00012880299073197293 0 -0.00027880387752426082 6.8806251632154883e-05 -1.0114131987042862e-05 -1.051852554688655e-06
leaf_weight=25 38 50 46 84 29 26 49 21 23 67 40 193 166 61 34 52 96 45 27 6171 38 21 437 27 115 78 43 546 266 76
leaf_count=25 38 50 46 84 29 26 49 21 23 67 40 193 166 61 34 52 96 45 27 6171 38 21 437 27 115 78 43 546 266 76
internal_value=0 -1.61848e-05 -3.10226e-05 -9.69818e-05 -0.000160631 -0.000230691 -0.000296816 7.02603e-05 0.000201816 0 8.81498e-07 2.60882e-05 5.42926e-05 -3.84203e-05 -0.00010331 -2.96208e-05 1.93302e-06 5.82982e-05 0.000172761 8.74275e-08 -2.33834e-05 -0.000131121 0 0.00010341 -1.64024e-05 -7.71063e-05 -0.000181463 3.40279e-06 2.79289e-05 5.22344e-05
internal_weight=8990 979 885 234 150 104 78 94 44 651 613 451 359 162 95 92 8011 168 72 7843 784 102 682 52 630 193 81 7059 888 622
internal_count=8990 979 885 234 150 104 78 94 44 651 613 451 359 162 95 92 8011 168 72 7843 784 102 682 52 630 193 81 7059 888 622
is_linear=0
shrinkage=0.05


Tree=158
num_leaves=31
num_cat=0
split_feature=351 387 224 339 358 35 346 221 277 197 73 376 323 40 267 359 335 201 89 323 286 337 340 220 41 248 87 381 349 392
split_gain=0.000115534 0.000171228 0.0001951 0.000163433 0.000389601 0.000354181 0.000219213 0.000532012 0.00044139 0.000417217 0.000220437 0.000476548 0.000685477 0.000725834 0.000221142 0.000536931 0.000770266 0.000383819 0.000324369 0.000462911 0.000233605 0.000197332 0.000193666 0.000193027 0.000379939 0.000188951 0.000167226 0.000323596 0.000117633 0.000151865
threshold=-1.5568851295373671 -0.028429022762717946 1.288595615952308 -0.28768207245179361 0.0089994195792687023 0.7060185185185186 0.090442614644508354 -1.5132916070667843 0.057724125609153305 1.6581334904525729 -1.9090376702397247 -0.0029055489273826494 -0.74792239632524538 -0.65297390195611926 -1.6486186839782813 -0.0077607748638643991 -0.0073585563228949994 -0.364479188519719 -1.0542202291182998 -0.28118647698162419 -0.00033068783068784991 0.012257922226670952 -0.020337524644823694 -0.69973069628890927 -0.67589059586615396 -0.90750141577240706 0.67691798941798964 -0.75675863247743202 -0.016198914784681197 0.69831774589055085
decision_type=8 10 10 10 8 2 10 8 10 10 2 10 10 2 10 10 10 10 2 10 10 10 10 10 2 10 2 10 10 2
left_child=1 -1 -3 4 5 -2 10 8 9 -8 11 26 -13 -14 15 17 -17 -12 19 -16 -20 23 -23 24 -9 -7 27 -5 29 -6
right_child=3 2 -4 6 28 25 7 21 -10 -11 14 12 13 -15 18 16 -18 -19 20 -21 -22 22 -24 -25 -26 -27 -28 -29 -30 -31
leaf_value=0 0 -0.00015650005185314646 0 0 0 0 -0.00031261308169119298 0 0 0 0.00011283845054545989 0 0 0.00023189951719190013 0 -0.00014553518980570858 -7.5243459910036157e-07 0 1.6358286378262062e-05 8.1151573687759539e-05 -5.6483324995645526e-06 0 0.00010491268702203001 0 -0.00019421620722724137 0.0002363290585895911 0 -0.00018461865534679576 -7.05117326664743e-05 9.8570775823629542e-05
leaf_weight=23 84 49 24 20 21 22 41 21 58 49 88 41 35 98 158 171 365 110 1560 304 5220 24 78 78 41 49 24 36 59 39
leaf_count=23 84 49 24 20 21 22 41 21 58 49 88 41 35 98 158 171 365 110 1560 304 5220 24 78 78 41 49 24 36 59 39
internal_value=0 -5.46248e-05 -9.88871e-05 4.84283e-07 3.86979e-05 9.44793e-05 -1.5079e-07 -3.72067e-05 -0.00011237 -0.000181666 9.98104e-07 4.69156e-05 0.00010018 0.000161254 0 -2.65734e-05 -5.62876e-05 2.86131e-05 2.18179e-06 4.27723e-05 0 0 6.0641e-05 -2.90063e-05 -9.83309e-05 0.000178678 -6.49371e-06 -8.66739e-05 0 2.00652e-06
internal_weight=8990 96 73 8894 274 155 8620 390 148 90 8230 254 174 133 7976 734 536 198 7242 462 6780 242 102 140 62 71 80 56 119 60
internal_count=8990 96 73 8894 274 155 8620 390 148 90 8230 254 174 133 7976 734 536 198 7242 462 6780 242 102 140 62 71 80 56 119 60
is_linear=0
shrinkage=0.05


Tree=159
num_leaves=31
num_cat=0
split_feature=357 357 275 378 398 50 274 75 275 57 366 308 207 303 61 215 380 253 49 267 384 228 91 367 59 59 63 251 24 63
split_gain=0.00011727 0.00039144 0.000437655 0.000635309 0.000514917 0.000530744 0.000513595 0.000339088 0.000387253 0.000577585 0.000650624 0.000808994 0.000924983 0.000384848 0.000438809 0.000362139 0.000348825 0.00038737 0.000347558 0.000497164 0.000652921 0.000493331 0.000335625 0.00033152 0.000329262 0.000464399 0.000463607 0.000471602 0.000661152 0.000448849
threshold=-0.00033068783068794999 -0.010251322751322949 -0.4916486647200034 -0.76320181452891067 0.0040804017106597507 0.8163758400653166 -0.15942290555179622 0.96263227513227512 -0.56659394313070555 0.7593292757464124 -0.68390705796560136 -0.077338844531067388 -0.76135746785955261 0.00074404761904740011 -0.93140285328430339 1.6040223642988194 -0.17067197949599125 -0.54351626873083569 0.75065308213128557 -0.44853507712542046 0.034733408713668208 0.88085696092364085 -0.73805464425740686 0.27347883597883649 0.25570348210719956 0.62522441787820615 0.45866402116402105 0.25503921830654003 0.51198743386243317 0.78819444444444464
decision_type=8 10 10 10 2 2 10 2 10 2 10 10 10 8 2 10 8 10 2 10 10 10 2 10 2 2 2 10 2 2
left_child=1 24 -3 -4 5 6 -5 8 13 10 -10 -12 -13 15 -15 16 -2 -18 21 20 -20 -11 -9 -23 26 -26 -1 -28 -29 -30
right_child=7 2 3 4 -6 -7 -8 22 9 18 11 12 -14 14 -16 -17 17 -19 19 -21 -22 23 -24 -25 25 -27 27 28 29 -31
leaf_value=-3.842803105575676e-05 2.1335949482143189e-06 1.546042579556286e-06 3.0848437482797195e-05 -0.00021438124340300712 0 0 -6.2157201660166858e-05 0 0 0 -1.5840080208563735e-06 0 0.00022196240171723774 0 0.00015685000311227426 2.3788199750782656e-05 0 -6.6931051337551479e-05 -0.0002175042361855636 0 0 7.9453757006720289e-05 0.00012220987316337984 0 0.00012048142494102963 0 9.4189222098964886e-05 5.2427413838934236e-05 -0.00011027903926318365 0
leaf_weight=650 254 439 122 129 131 76 431 74 148 2516 48 102 159 40 62 211 419 822 75 134 51 359 119 169 137 369 159 279 165 141
leaf_count=650 254 439 122 129 131 76 431 74 148 2516 48 102 159 40 62 211 419 822 75 134 51 359 119 169 137 369 159 279 165 141
internal_value=0 -7.80054e-06 -2.92414e-05 -5.00668e-05 -6.94577e-05 -8.8553e-05 -0.000106182 4.09766e-06 9.23018e-07 1.08974e-05 6.40814e-05 0.000106465 0.000145479 -1.70599e-05 6.49536e-05 -2.48976e-05 -3.51143e-05 -4.67663e-05 2.02621e-06 -5.10416e-05 -0.000123411 8.20299e-06 6.97605e-05 5.2185e-05 4.55481e-06 4.04752e-05 -4.89915e-06 1.76753e-05 0 -5.37923e-05
internal_weight=8990 3228 1328 889 767 636 560 5762 5569 3761 457 309 261 1808 102 1706 1495 1241 3304 260 126 3044 193 528 1900 506 1394 744 585 306
internal_count=8990 3228 1328 889 767 636 560 5762 5569 3761 457 309 261 1808 102 1706 1495 1241 3304 260 126 3044 193 528 1900 506 1394 744 585 306
is_linear=0
shrinkage=0.05


Tree=160
num_leaves=31
num_cat=0
split_feature=350 49 48 49 49 351 300 33 46 281 291 49 356 20 370 353 79 62 75 207 258 279 323 328 383 323 29 208 203 397
split_gain=0.000116429 0.000260979 0.000605218 0.000157644 0.000543378 0.000462398 0.000602801 0.000591061 0.000738034 0.00050753 0.00045374 0.000497972 0.00070336 0.000517085 0.000424933 0.000577712 0.000739285 0.000809892 0.000542743 0.00105269 0.000951682 0.000398536 0.000367494 0.00054806 0.000552045 0.00044426 0.000468077 0.000405344 0.000348495 0.000404546
threshold=0.30898207326834098 0.10995997865738801 0.98810966306500458 -0.078863186121639034 -0.40156984967147547 0.042532048662776205 -0.027068057690012647 1.5255243026683452 0.38144841269841306 -0.9919269099200887 -0.062581571477007228 0.22752018946254252 -0.012122687869920849 2.0217178714183355 0.029258328544500955 -0.0022040650497380993 -0.53987551811238554 0.76438492063492103 0.34556878306878308 0.12918992126257842 1.195726487429795 -1.2156795635405786 0.033504307746716359 0.015498888861950352 -0.13462381073012589 -0.15495418963571847 0.9137731481481467 -2.1842370787956971 0.41066672318831848 -0.1958181473685344
decision_type=10 2 2 2 2 10 10 2 2 10 10 2 10 2 10 10 2 2 2 10 10 10 10 10 10 10 2 10 10 2
left_child=3 -2 -3 4 -1 7 -7 8 9 -6 14 12 -12 21 15 16 17 -5 -16 -20 -21 -14 25 24 -24 26 -13 -27 -17 -30
right_child=1 2 -4 10 5 6 -8 -9 -10 -11 11 22 13 -15 18 28 -18 -19 19 20 -22 -23 23 -25 -26 27 -28 -29 29 -31
leaf_value=3.4165534394795327e-06 0 0 -0.00019079556936504332 0.00020176440928271211 0 0.00012761165344529236 -2.5314180985951264e-05 0 0 -0.00015230803535711232 0 5.8930826939631388e-05 0 0 6.9564820141928901e-06 4.0790877937729317e-06 0 0 0 -0.00027489826447978739 0 0.00018373664278139226 0 -1.5524513157102727e-05 0.00011934280664453379 0 -4.5225589784310482e-05 -0.00011327146805756189 0 -0.00010017988324012831
leaf_weight=4522 308 80 67 125 60 85 194 191 186 306 128 251 51 31 137 218 356 34 189 98 41 197 114 143 254 23 155 171 59 216
leaf_count=4522 308 80 67 125 60 85 194 191 186 306 128 251 51 31 137 218 356 34 189 98 41 197 114 143 254 23 155 171 59 216
internal_value=0 -2.46775e-05 -7.94951e-05 1.27736e-06 -3.02757e-06 -3.643e-05 3.39043e-06 -5.81098e-05 -8.49786e-05 -0.000126214 1.09283e-05 3.07607e-05 8.00159e-05 0.000125056 -6.11653e-06 8.04622e-06 4.86617e-05 0.000138864 -4.75632e-05 -8.55696e-05 -0.000190238 0.000151009 8.21109e-06 4.204e-05 7.79902e-05 -1.22701e-05 6.85309e-06 -7.80337e-05 -2.42431e-05 -6.48634e-05
internal_weight=8990 455 147 8535 5544 1022 279 743 552 366 2991 1518 407 279 1473 1008 515 159 465 328 139 248 1111 511 368 600 406 194 493 275
internal_count=8990 455 147 8535 5544 1022 279 743 552 366 2991 1518 407 279 1473 1008 515 159 465 328 139 248 1111 511 368 600 406 194 493 275
is_linear=0
shrinkage=0.05


Tree=161
num_leaves=31
num_cat=0
split_feature=262 71 70 281 248 88 21 60 59 59 349 354 37 267 261 346 60 208 232 252 338 252 19 379 392 68 325 398 205 359
split_gain=0.000115381 0.000353357 0.000611453 0.000589883 0.000461257 0.000398382 0.000398901 0.000541328 0.000302166 0.000200771 0.000337687 0.000297843 0.0002234 0.000188497 0.00043764 0.000634831 0.00056943 0.000352406 0.000467563 0.00074701 0.00101649 0.00075977 0.000430743 0.000526594 0.000635626 0.000578832 0.000382842 0.000403409 0.000408435 0.000343231
threshold=-0.8486786927043406 0.68287037037037057 0.91170634920634908 0.84710384485302404 1.2838609208520626 0.51818783068783059 1.3778073685636401 0.40062830687830703 -0.65363191334723847 -0.33260763498212081 -0.047533388601874393 0.087646323337480916 -1.00230393109129 -1.6486186839782813 -1.6247657566431044 0.0078029616638266011 0.65591931216931221 -0.97230902999090096 -0.89389690279014633 -0.40866865530086705 0.0222387566137567 -1.226545797597125 0.61109025803892714 -0.15952864414355863 0.37347341106658377 0.012896825396825401 -0.010996336938920199 -0.0016645847813834998 0.82857185761440466 -0.00070155810743649982
decision_type=8 2 2 10 10 2 2 2 2 2 10 10 2 10 8 8 2 10 10 10 10 10 2 10 2 2 10 2 10 8
left_child=1 5 3 -3 -5 6 -1 -8 -9 -7 -11 12 -12 14 -2 16 -16 18 26 20 21 -20 -19 -24 -25 -26 -15 -28 -29 -17
right_child=13 2 -4 4 -6 9 7 8 -10 10 11 -13 -14 17 15 29 -18 22 19 -21 -22 -23 23 24 25 -27 27 28 -30 -31
leaf_value=0 2.0738876646857141e-05 0 0 0.0003429398422042722 0 0 0 0 -0.00031498586232657846 0 0 0 0.00018159063940167936 2.4194008145986184e-05 -3.6886630696117184e-05 0.00012563928590587572 -0.00023858963355953777 0 0 0 -3.69059002399688e-05 0.00014423636113636772 0 0 0 -0.00014441294987193337 0 -0.00019835821028434225 0 -1.2378726213160656e-05
leaf_weight=111 164 69 78 45 21 142 40 20 38 46 26 30 90 110 257 55 73 5546 73 583 86 382 229 101 61 267 89 78 35 45
leaf_count=111 164 69 78 45 21 142 40 20 38 46 26 30 90 110 257 55 73 5546 73 583 86 382 229 101 61 267 89 78 35 45
internal_value=0 1.86941e-05 7.33852e-05 0.000140746 0.000250596 0 -5.67805e-05 -0.000130529 -0.000228168 3.10357e-05 6.54833e-05 0.000106848 0.000144153 -1.71506e-06 -2.88786e-05 -5.94281e-05 -9.67115e-05 0 2.27015e-05 3.95505e-05 8.18594e-05 0.000115297 -4.7657e-06 -4.30166e-05 -7.68503e-05 -0.000112104 -2.19706e-05 -7.18495e-05 -0.000134691 1.36308e-05
internal_weight=8990 756 213 135 66 543 209 98 58 334 192 146 116 8234 594 430 330 7640 1436 1124 541 455 6204 658 429 328 312 202 113 100
internal_count=8990 756 213 135 66 543 209 98 58 334 192 146 116 8234 594 430 330 7640 1436 1124 541 455 6204 658 429 328 312 202 113 100
is_linear=0
shrinkage=0.05


Tree=162
num_leaves=31
num_cat=0
split_feature=60 235 362 274 312 266 207 394 380 356 378 395 73 282 72 91 386 323 277 264 266 60 378 360 340 235 334 67 212 63
split_gain=0.0001119 0.000281626 0.000261358 0.000174218 0.000356693 0.000323012 0.000367535 0.000427295 0.000569138 0.000466815 0.000262581 0.000435027 0.000594122 0.000622286 0.000552253 0.000318855 0.000319026 0.000250075 0.000440724 0.00048803 0.000449198 0.000343938 0.000502672 0.00035173 0.000178823 0.000243453 0.000201947 0.000124282 0.000123343 0.000218486
threshold=0.023644179894179902 0.83945656816172154 -0.020171957671957844 0.56657431145887804 0.056193233499715563 -1.2410263365010052 -0.78665205464883459 -0.13580336345116858 0.11725261449610151 0.013097749448545502 -1.1697449425179633 0.18515587719635723 0.5239285267956586 -0.0012527109863820498 -0.63032159836353241 3.0800826753290553 0.012816797702314652 -0.49755141587058088 -1.1725452818566318 -0.21866979190058722 -0.63987312604100866 0.26570767195767203 -0.020086931662732749 -0.012165821840614948 0.0081185115748820518 -1.0197078936618988 -0.031157594422216446 1.6209739815248632 -1.7342494763804563 0.24685846560846603
decision_type=2 10 10 10 10 10 10 2 10 10 8 2 2 10 2 2 10 8 10 10 10 2 10 8 10 10 10 2 10 2
left_child=1 2 -1 10 5 24 28 9 -9 -8 11 27 13 14 -13 17 -17 18 19 -12 -20 22 -19 -23 25 26 -5 -2 -7 -30
right_child=3 -3 -4 4 -6 6 7 8 -10 -11 15 12 -14 -15 -16 16 -18 21 20 -21 -22 23 -24 -25 -26 -27 -28 -29 29 -31
leaf_value=-0.00020697623080090591 7.2102234429101018e-05 0 0 0 -0.00010395651551825129 3.184627956770844e-05 0 0.00014332960953561746 0 6.2307594486045608e-05 -1.1554289898343803e-05 0 0 0 -0.00022382717569401612 0.00020924731124827116 0 -6.6623884574181665e-06 0 0.00011305021940313082 -6.7264857032483947e-05 -2.4162736153145573e-05 7.4885425133411885e-05 6.8119686092262181e-06 0 0 -0.00011941636524122355 0 1.8632381447782452e-05 -4.4369694969604578e-05
leaf_weight=38 60 100 31 20 52 133 695 210 75 424 97 25 64 68 124 36 38 181 331 109 585 1277 380 3021 98 91 119 66 93 349
leaf_count=38 60 100 31 20 52 133 695 210 75 424 97 25 64 68 124 36 38 181 331 109 585 1277 380 3021 98 91 119 66 93 349
internal_value=0 -4.03057e-05 -0.000119015 7.55838e-07 1.28127e-05 1.76163e-05 2.64603e-05 4.05125e-05 0.000100739 2.06977e-05 -2.872e-06 -4.17545e-05 -7.99231e-05 -0.000122932 -0.000180107 0 0.000102798 -1.53454e-06 -2.33108e-05 3.014e-05 -4.07913e-05 2.46523e-06 3.96674e-05 -1.22812e-06 -2.04968e-05 -5.04175e-05 -9.26304e-05 3.71223e-06 0 -1.98027e-05
internal_weight=8990 169 69 8821 2359 2307 1979 1404 285 1119 6462 407 281 217 149 6055 74 5981 1122 206 916 4859 561 4298 328 230 139 126 575 442
internal_count=8990 169 69 8821 2359 2307 1979 1404 285 1119 6462 407 281 217 149 6055 74 5981 1122 206 916 4859 561 4298 328 230 139 126 575 442
is_linear=0
shrinkage=0.05


Tree=163
num_leaves=31
num_cat=0
split_feature=359 227 336 254 339 44 357 277 398 77 310 13 324 86 362 274 66 16 73 363 282 267 91 66 65 351 246 261 202 346
split_gain=0.000112895 0.000262459 0.00031803 0.000201377 0.000539917 0.000698762 0.000476914 0.000445029 0.000555799 0.000554868 0.00039255 0.000406127 0.00037821 0.000543408 0.000366979 0.000354476 0.00034027 0.000295759 0.00022641 0.000557296 0.000486193 0.00113999 0.000631325 0.000751508 0.000452185 0.000327808 0.00054164 0.000605453 0.000479108 0.000284359
threshold=-0.068841227719630291 -0.078442292206670233 0.0019841269841268504 -0.63387295254106946 -0.031813167319203091 0.18733465608465602 0.037037037037036959 -0.84291273714241532 0.0038612010334608507 0.79580026455026465 0.0028028852491600001 0.006779100529100501 -0.23261448202885493 0.030753968253968252 -0.12367724867724893 0.20508186001783082 -0.78079116303453444 0.23241896442059404 -0.27558098468965847 -0.70593201351755364 -0.0033752612711148997 -2.1080060828760225 0.57362846007849455 1.5945048441877401 0.39558273369528157 -0.033260713476644943 -1.1005609398553955 0.74816211377611286 0.43875846897628329 0.010334102283931902
decision_type=10 8 10 10 10 2 10 8 2 2 10 2 10 2 10 10 2 2 2 10 10 10 2 2 2 10 10 10 10 10
left_child=1 2 -1 4 5 -2 7 8 9 -6 16 -12 -7 -14 -15 17 -9 -8 19 24 21 -21 -22 -24 -5 -20 27 28 -27 -28
right_child=3 -3 -4 18 6 12 15 10 -10 -11 11 -13 13 14 -16 -17 -18 -19 25 20 22 -23 23 -25 -26 26 29 -29 -30 -31
leaf_value=0.00014853986211306813 8.2507930572927612e-06 0 0 0 -0.00013784632717166019 0 0.00019585574824771058 6.4598029933840292e-06 3.1107970774330218e-05 0 0.00015634258614413563 0 0 0 -0.00022851634568023498 0 -5.4341093209843442e-05 0 1.8374497776501812e-05 -0.00029384208178157993 9.2878527397864483e-06 0 0.00012267118273133544 0 -0.0002221826836402293 -0.00018185878987230197 9.0745472034655184e-07 0 0 -3.7264058855465756e-05
leaf_weight=78 60 216 48 129 215 53 67 594 49 75 79 46 20 21 130 58 301 20 1203 36 1084 149 373 188 36 135 2819 107 56 545
leaf_count=78 60 216 48 129 215 53 67 594 49 75 79 46 20 21 130 58 301 20 1203 36 1084 149 373 188 36 135 2819 107 56 545
internal_value=0 2.81964e-05 8.5792e-05 -1.08889e-06 -1.64056e-05 -8.02469e-05 -1.02167e-06 -1.34406e-05 -6.3285e-05 -9.64749e-05 0 8.56687e-05 -0.000126256 -0.000162495 -0.000197206 8.08438e-05 -8.40614e-06 0.000145128 2.1746e-06 1.67661e-05 2.66773e-05 -3.79799e-05 3.699e-05 8.15957e-05 -6.28237e-05 -2.78145e-06 -1.1097e-05 -7.6766e-05 -0.000130818 -3.79134e-06
internal_weight=8990 342 126 8648 1788 284 1504 1359 339 290 1020 125 224 171 151 145 895 87 6860 1995 1830 185 1645 561 165 4865 3662 298 191 3364
internal_count=8990 342 126 8648 1788 284 1504 1359 339 290 1020 125 224 171 151 145 895 87 6860 1995 1830 185 1645 561 165 4865 3662 298 191 3364
is_linear=0
shrinkage=0.05


Tree=164
num_leaves=31
num_cat=0
split_feature=211 359 211 373 360 208 220 256 41 319 377 383 250 342 236 298 363 220 395 256 347 225 35 215 70 321 371 329 211 257
split_gain=0.000111155 0.000344502 0.00038172 0.00045851 0.000359828 0.000403951 0.000388114 0.000346686 0.000401578 0.00041811 0.00033851 0.000294667 0.000372716 0.000289313 0.000367469 0.000269318 0.000268357 0.000326473 0.000345967 0.000245305 0.000240149 0.000236446 0.000226879 0.000224661 0.000231626 0.000410624 0.00030882 0.000439028 0.000496364 0.000516712
threshold=-0.82642608117316907 -0.0075198070435995492 -0.89182098423124312 -0.0026455026455033995 -0.028202006952659897 1.1755708811050856 1.4561161362035082 1.2098960529633318 0.16239105288478353 0.0083364173485405025 -0.24256765830483712 -0.15268177833809402 -1.1121029236459108 0.020516045326394554 -0.95880867192611385 -0.0027719653115350997 -0.2115860973028473 1.2657753874739963 5.1854864315150495 1.6253476894547072 -0.0033173216490174997 1.8066047486882668 0.41484788359788355 -1.9140470292062919 0.92361111111111105 -0.0041600001304327996 -0.13480757793877332 -0.029725783409530897 0.60012559110705144 1.252354993261555
decision_type=8 10 10 10 10 10 10 10 2 10 10 8 10 10 10 10 10 10 2 10 10 10 2 8 2 10 8 10 10 10
left_child=1 4 3 7 10 6 22 8 -3 -10 19 -12 -13 14 20 -16 -4 18 -18 21 -5 -1 -6 -2 26 -26 27 -25 29 -29
right_child=23 2 16 13 5 -7 -8 -9 9 -11 11 12 -14 -15 15 -17 17 -19 -20 -21 -22 -23 -24 24 25 -27 -28 28 -30 -31
leaf_value=0.00014465468712718759 3.7891056716552618e-05 0 0 0 0 0 0 0 -0.0001887614779333618 0 6.1688145047200998e-07 0 -0.00013284080830810655 5.5868828311420248e-05 -7.1483693860816872e-05 2.1737566732784263e-05 0.00016079823675755771 0 0 0 -0.00015397945645630426 0 0.00020196786420191779 3.4933886096945404e-05 0 -8.3009848298152728e-05 5.2612656861242015e-06 -6.5914361681088839e-05 0 0
leaf_weight=89 297 82 44 32 28 68 33 67 121 25 68 31 105 201 93 418 118 35 20 21 68 22 111 275 133 256 4056 917 839 317
leaf_count=89 297 82 44 32 28 68 33 67 121 25 68 31 105 201 93 418 118 35 20 21 68 22 111 275 133 256 4056 917 839 317
internal_value=0 1.08504e-05 0 -1.51078e-05 4.33967e-05 9.09142e-05 0.000131906 -6.88524e-05 -9.96637e-05 -0.000149597 0 -3.02072e-05 -8.23461e-05 0 -1.25065e-05 0 5.68483e-05 8.90447e-05 0.000125891 7.0686e-05 -0.00010066 0.000107055 0.000168827 -2.76454e-06 -5.27864e-06 -4.35548e-05 -2.17222e-06 -1.71421e-05 -2.64636e-05 -4.67114e-05
internal_weight=8990 1900 1324 1107 576 240 172 295 228 146 336 204 136 812 611 511 217 173 138 132 100 111 139 7090 6793 389 6404 2348 2073 1234
internal_count=8990 1900 1324 1107 576 240 172 295 228 146 336 204 136 812 611 511 217 173 138 132 100 111 139 7090 6793 389 6404 2348 2073 1234
is_linear=0
shrinkage=0.05


Tree=165
num_leaves=31
num_cat=0
split_feature=203 376 250 12 345 9 350 331 203 381 348 342 88 334 237 294 246 88 68 299 356 376 323 50 248 385 331 397 387 224
split_gain=0.000112986 0.000289557 0.000427026 0.000518588 0.000603982 0.00049145 0.000267991 0.000272623 0.000264055 0.0006973 0.000485462 0.000497004 0.000464863 0.000481777 0.000339188 0.000513625 0.000341115 0.000290168 0.000259679 0.000598412 0.000261388 0.000249976 0.000314617 0.000389317 0.00029331 0.000427913 0.000391564 0.000291752 0.000243031 0.000491785
threshold=1.4044140229654565 -0.04358729046346229 -0.49398453131099168 0.0038029100529100007 -0.0033068783068779498 1.7763594407454528 -0.20737235920887084 0.003972060925176101 0.74018093070211888 -0.25300039405383629 0.19382595257358579 0.004226549734914751 0.53786375661375752 -0.05934489547756374 0.31294003364837081 0.00033068783068795009 0.25869114650597019 0.72850529100529104 0.17542989417989419 0.0021985839672550005 -0.06760209651304544 0.041596779434910906 -0.31316410363686548 0.23658441493283003 0.93797382584935274 -0.99760013284703064 -0.017579893022322997 0.34909962311341408 -0.41626095036647498 -0.92451693765363407
decision_type=10 10 10 2 10 2 10 10 8 10 10 10 2 10 10 10 10 2 2 10 10 10 10 2 10 10 10 2 8 10
left_child=8 2 -2 -4 -5 -6 7 -3 28 14 11 12 13 -11 18 16 17 -16 19 -10 -21 24 -23 27 -8 -26 -27 -24 29 -1
right_child=1 6 3 4 5 -7 21 -9 9 10 -12 -13 -14 -15 15 -17 -18 -19 -20 20 -22 22 23 -25 25 26 -28 -29 -30 -31
leaf_value=0 0 -0.00014209592337009982 0 0 0.00025005842569665045 0 2.6461936651623753e-06 0 0 0 1.850007149866772e-05 -1.0186135521417143e-05 0 -0.00017402698336885022 0.00024121092606282056 0 0 0 1.3318604793642986e-05 0 -0.00020724331070213144 0 0.00018811450566985874 0 0 0 -0.00017261853124749503 0 4.6916020489633466e-06 -0.00011108591060215132
leaf_weight=123 165 64 56 58 97 36 298 52 94 23 100 369 133 234 65 97 32 20 287 21 64 198 88 157 28 22 95 22 5752 140
leaf_count=123 165 64 56 58 97 36 298 52 94 23 100 369 133 234 65 97 32 20 287 21 64 198 88 157 28 22 95 22 5752 140
internal_value=0 1.30635e-05 4.84902e-05 9.07841e-05 0.000132065 0.000190751 0 -7.26455e-05 -2.22472e-06 -2.10057e-05 -5.21854e-05 -6.80863e-05 -0.000110035 -0.000151299 1.10315e-05 6.57449e-05 0.000137362 0.000189696 -3.37572e-06 -5.80525e-05 -0.000157074 7.94166e-06 3.6757e-05 7.2783e-05 -1.1022e-05 -7.35539e-05 -0.000125855 0.00014728 1.74962e-06 -4.35668e-05
internal_weight=8990 1436 412 247 191 133 1024 116 7554 1539 859 759 390 257 680 214 117 85 466 179 85 908 465 267 443 145 117 110 6015 263
internal_count=8990 1436 412 247 191 133 1024 116 7554 1539 859 759 390 257 680 214 117 85 466 179 85 908 465 267 443 145 117 110 6015 263
is_linear=0
shrinkage=0.05


Tree=166
num_leaves=27
num_cat=0
split_feature=86 86 85 237 369 199 380 370 238 253 59 48 333 347 338 49 301 76 19 198 85 73 325 88 228 19
split_gain=0.000108102 0.000327954 0.000625197 0.000184153 0.000251359 0.000172265 0.000317584 0.000269075 0.00014426 0.000504309 0.000399847 0.000366659 0.000356745 0.000392829 0.000377362 0.000215369 0.000519338 0.000686758 0.000294486 0.000683189 0.000239774 0.000134243 0.000123714 3.1329e-05 0.000112796 1.73575e-05
threshold=0.0056216931216930511 0.014880952380952351 0.37113726182379508 0.93066058138488372 0.16237602906455853 -2.2958608289923572 -0.020091541649626198 0.0194572202035737 -1.0142027090478367 -0.024337142115681495 -0.44900612817939595 1.4860027398111304 0.00033068783068795009 0.0044834531887710007 0.0013227513227502001 1.5898679579016752 -0.017970663114142294 -0.041616429150218792 0.65189446005618912 0.7194243958267732 1.1580382496336252 0.32300063923006456 0.0085609134446566534 0.012235449735449752 -1.6859133998515181 -0.12917681676025011
decision_type=2 2 2 10 10 8 10 10 8 10 2 2 10 10 10 2 10 2 2 10 2 2 10 2 10 2
left_child=3 2 23 4 25 6 -3 -8 9 10 22 -12 13 -11 -14 18 -17 -18 20 -20 -10 -4 -7 -2 -25 -1
right_child=1 5 21 -5 -6 8 7 -9 15 12 11 -13 14 -15 -16 16 17 -19 19 -21 -22 -23 -24 24 -26 -27
leaf_value=0 -4.8534431277553031e-05 0 0.00029140195299398353 0 0 -1.9489943917419409e-05 -0.00026953362927136952 0 -2.0767484203832251e-06 6.280484835893302e-05 0.00017797371348735562 0 0 -1.2004234982625332e-05 -9.9902448258904408e-05 -9.9500863357243749e-05 0 0.00014421516175877334 -6.424363887410618e-05 2.2888747993829044e-05 5.8753420052823401e-05 0 8.5201535398064777e-05 0 8.0512524173350562e-05 -0.00020226999867486948
leaf_weight=20 26 39 32 44 23 86 26 22 6043 343 111 26 282 179 144 37 187 148 590 257 166 20 38 21 46 34
leaf_count=20 26 39 32 44 23 86 26 22 6043 343 111 26 282 179 144 37 187 148 590 257 166 20 38 21 46 34
internal_value=0 9.0658e-07 7.55031e-05 -4.65991e-05 -9.68604e-05 0 -7.02199e-05 -0.000159484 3.70634e-07 1.68187e-05 7.83492e-05 0.000137774 0 2.75778e-05 -3.40763e-05 -1.63356e-06 3.4083e-05 6.37833e-05 -4.22564e-06 -3.19035e-05 0 0.000214188 0 0 1.58428e-05 -0.00015807
internal_weight=8990 8869 145 121 77 8724 87 48 8637 1209 261 137 948 522 426 7428 372 335 7056 847 6209 52 124 93 67 54
internal_count=8990 8869 145 121 77 8724 87 48 8637 1209 261 137 948 522 426 7428 372 335 7056 847 6209 52 124 93 67 54
is_linear=0
shrinkage=0.05


Tree=167
num_leaves=31
num_cat=0
split_feature=321 321 34 314 283 315 370 220 243 33 260 283 398 390 379 50 349 244 27 85 349 324 366 204 234 329 62 263 50 310
split_gain=0.000108531 0.000380026 0.000462544 0.000527699 0.000505748 0.000312924 0.000255168 0.000345834 0.000641818 0.000608663 0.000675019 0.000219567 0.000201559 0.000264917 0.000259694 0.000194336 0.000407718 0.000632854 0.000479667 0.000347013 0.00028675 0.000716773 0.000385643 0.000374034 0.000336494 0.000329054 0.000460813 0.000334734 0.000204422 0.000299596
threshold=0.021111149028490202 0.029135433848844251 0.80042989417989452 0.0034573818296016003 -0.0012756952866061499 -0.0041220180929196987 0.29548707550724707 0.9947082015434594 1.5231972006276562 -0.12257350761250899 -0.33152075390130836 -0.0012920544646821998 -0.0054850113874642991 0.48138502185748083 -0.36673256411483918 -0.8529117608812079 -0.16629194254644084 1.5759217176281695 -1.0846776718196847 0.073668633493182076 -0.097003000457569086 -0.072460477171764931 -0.9915616915935459 0.77587117513420523 -1.1998923325646544 4.3298697960381113e-15 0.55704365079365104 0.30442781837177096 -0.76932348279980389 -0.00053019998509934994
decision_type=10 10 2 10 10 10 10 8 10 2 10 10 2 2 10 2 10 10 2 2 10 10 10 10 10 10 2 10 2 10
left_child=15 2 3 4 5 -2 7 8 9 10 -3 -8 -9 -14 -15 16 17 18 -1 -20 21 -18 23 24 -22 27 -27 -24 29 -17
right_child=1 6 -4 -5 -6 -7 11 12 -10 -11 -12 -13 13 14 -16 28 20 -19 19 -21 22 -23 25 -25 -26 26 -28 -29 -30 -31
leaf_value=0 -0.00029138707492157724 0 1.3167999123650751e-05 0 0 0 -0.00018732597338534966 0 -5.1755880869353693e-08 0 0.00029188383579873187 0 0 0 -0.00017979391726319246 0 0 0 0 0.00028001378665925609 0 -0.00023072292542111598 6.4508635032476283e-05 0 0.00019651913476367283 -0.00019471793610499998 0 -6.0754104405188281e-06 3.1046850577680865e-07 -0.00013037003241109021
leaf_weight=36 67 29 55 110 86 23 29 37 181 143 67 22 44 26 60 43 58 21 27 66 27 42 235 49 78 48 50 256 6901 74
leaf_count=36 67 29 55 110 86 23 29 37 181 143 67 22 44 26 60 43 58 21 27 66 27 42 235 49 78 48 50 256 6901 74
internal_value=0 -1.54734e-05 -5.89283e-05 -9.02692e-05 -0.000143979 -0.000233558 0 1.67992e-05 4.63604e-05 0.000102406 0.000204759 -9.61318e-05 -2.76073e-05 -6.96569e-05 -0.000122572 2.14638e-06 2.29419e-05 0.00010109 0.00015536 0.000215291 3.09562e-06 -6.69873e-05 1.92644e-05 8.96993e-05 0.000143855 0 -8.27461e-05 1.75322e-05 -8.38824e-08 -6.60228e-05
internal_weight=8990 979 341 286 176 90 638 587 420 239 96 51 167 130 86 8011 993 150 129 93 843 100 743 154 105 589 98 491 7018 117
internal_count=8990 979 341 286 176 90 638 587 420 239 96 51 167 130 86 8011 993 150 129 93 843 100 743 154 105 589 98 491 7018 117
is_linear=0
shrinkage=0.05


Tree=168
num_leaves=31
num_cat=0
split_feature=203 376 276 261 260 377 335 335 353 77 204 224 290 90 203 381 348 91 19 348 200 216 380 32 256 258 339 46 357 354
split_gain=0.000101461 0.000246456 0.000386848 0.000266415 0.000299639 0.000385599 0.000392226 0.000356476 0.000330434 0.000287545 0.000268691 0.000290259 0.00030201 0.000258475 0.000234442 0.000634137 0.000452665 0.000572211 0.000831109 0.000638343 0.000366778 0.00039181 0.000376812 0.000367401 0.000365563 0.000330642 0.000234066 0.000231906 0.000221076 0.00021905
threshold=1.4044140229654565 -0.04358729046346229 -1.1954166238410731 0.67163594716164188 -0.75408027801021993 0.023772715686022555 -0.0020222583588599993 0.043221394375525655 0.011555939007457302 0.21742724867724902 -1.1356821422090004 1.3888472295611634 -0.00033068783068784991 0.13591269841269851 0.74018093070211888 -0.25300039405383629 0.19382595257358579 0.42902558106470451 1.2505395584268102 -0.11237819321915553 -0.96303308839286839 0.10797249685713131 0.24209845908528507 0.50000000000000056 -1.8483534765479412 0.58919838406333003 -0.035859350900801792 0.51669973544973569 -0.046792328042327989 -0.12917952647647007
decision_type=10 10 10 10 10 10 10 10 10 2 10 10 10 2 8 10 10 2 2 10 10 10 10 2 10 10 10 2 10 10
left_child=14 2 -2 4 -3 6 13 9 -8 -7 -5 12 -12 -6 -1 20 17 25 19 -19 23 22 24 -16 -22 -17 -4 -14 -27 -28
right_child=1 3 26 10 5 7 8 -9 -10 -11 11 -13 27 -15 15 16 -18 18 -20 -21 21 -23 -24 -25 -26 28 29 -29 -30 -31
leaf_value=1.5827481604173692e-06 0 -3.9689246767945351e-05 0 0 -0.00016710150734080813 0 0 0 0.00012995215954634087 0.00011730610604200876 0 0 -0.00017149176386334488 0 -0.0001346543796532947 0 1.7732856472607349e-05 0 0 -0.00024165000156492231 0 0 0 0 0.00014277974998669121 0 0 0 -9.9776306598076884e-05 0.00012022969713465961
leaf_weight=6015 130 115 43 90 52 41 78 77 59 242 25 73 109 40 67 335 100 33 59 137 20 297 31 92 173 25 36 23 170 203
leaf_count=6015 130 115 43 90 52 41 78 77 59 242 25 73 109 40 67 335 100 33 59 137 20 297 31 92 173 25 36 23 170 203
internal_value=0 1.23714e-05 4.50387e-05 0 1.64112e-05 3.5857e-05 0 6.91404e-05 3.54166e-05 9.60654e-05 -3.85785e-05 -7.06379e-05 -0.000109212 -9.36992e-05 -2.11696e-06 -1.98246e-05 -4.96252e-05 -6.50877e-05 -0.000137514 -0.000194124 1.04704e-05 3.64771e-05 8.63998e-05 -4.32888e-05 0.000116369 -2.4342e-05 7.99472e-05 -0.000141068 -7.64643e-05 9.99419e-05
internal_weight=8990 1436 412 1024 704 589 229 360 137 283 320 230 157 92 7554 1539 859 759 229 170 680 521 224 159 193 530 282 132 195 239
internal_count=8990 1436 412 1024 704 589 229 360 137 283 320 230 157 92 7554 1539 859 759 229 170 680 521 224 159 193 530 282 132 195 239
is_linear=0
shrinkage=0.05


Tree=169
num_leaves=31
num_cat=0
split_feature=399 387 275 383 357 256 357 246 307 30 204 76 399 349 281 31 253 250 319 279 397 397 50 305 275 329 35 397 287 304
split_gain=0.000104434 0.000242903 0.000295847 0.000316579 0.000165645 0.000409257 0.000269541 0.000346621 0.000407632 0.000369958 0.00036208 0.00025762 0.000216468 0.000329633 0.000373239 0.000269458 0.000240441 0.00065308 0.000966342 0.000530727 0.000270147 0.000190103 0.000106095 4.95481e-05 9.33128e-05 8.60488e-05 7.11975e-05 4.77853e-05 4.65864e-05 0.000135699
threshold=-1.3564260326584787 -0.025436608281313295 0.6228259000236912 0.054580553891546112 0.098214285714285657 -0.87222458722023077 0.037037037037036959 0.21676686088189404 0.0006613756613749501 1.3385851782158904 0.68642068255693278 -0.27742975093811589 -1.0586121679941158 -0.014827417011553148 -0.036186527182186144 0.94113756613756672 1.6031397409416173 -0.093624406574041294 0.0037430407310440504 2.4197921465037049 1.1238408273364944 -0.085782701068738823 0.42486097181365157 0.00033068783068695003 -0.52972741577135241 -0.027530482977438347 0.87020502645502629 -0.20029900618412222 -0.041690804469522037 -0.055612817555107587
decision_type=2 10 10 10 10 10 8 8 10 2 10 2 2 10 10 2 8 10 10 10 2 2 2 10 8 10 2 2 10 8
left_child=1 -1 3 27 6 11 12 8 9 10 -8 -6 13 14 -2 -16 20 19 -19 -18 21 -14 -22 24 -9 -26 -25 -3 -15 -30
right_child=4 2 -4 -5 5 -7 7 23 -10 -11 -12 -13 16 28 15 -17 17 18 -20 -21 22 -23 -24 26 25 -27 -28 -29 29 -31
leaf_value=0 0 0 0 0 0 0 0.00015491029784953938 0 -6.6912689195389105e-06 0 0 -0.00023419696867787293 1.1360385779439718e-05 1.363334695326459e-05 0.00017233398413551339 0 -1.9763441801436316e-06 -0.00011020243924898977 1.462687460546154e-05 0.00014172456657164211 0.00011380123000772111 -6.6577166060026268e-06 0 -7.886429544994196e-05 0 7.9083966144537882e-05 0 -0.00031634343148439202 -7.8190872859337172e-05 0
leaf_weight=57 56 23 29 26 25 139 185 65 26 32 81 37 2267 113 99 48 485 380 156 67 73 4121 20 43 23 77 102 25 71 39
leaf_count=57 56 23 29 26 25 139 185 65 26 32 81 37 2267 113 99 48 485 380 156 67 73 4121 20 43 23 77 102 25 71 39
internal_value=0 -3.98349e-05 -9.14008e-05 -0.000146986 8.92568e-07 -4.2759e-05 2.48929e-06 3.38676e-05 7.01274e-05 9.36026e-05 0.000115286 -0.000149654 0 3.46758e-05 8.11182e-05 0.000124211 -1.95142e-06 -2.39442e-05 -6.45489e-05 6.43179e-06 9.69462e-07 0 8.5555e-05 0 1.43083e-05 5.16542e-05 -2.49147e-05 -0.000223019 0 -2.94429e-05
internal_weight=8990 160 103 74 8830 201 8629 634 324 298 266 62 7995 426 203 147 7569 1088 536 552 6481 6388 93 310 165 100 145 48 223 110
internal_count=8990 160 103 74 8830 201 8629 634 324 298 266 62 7995 426 203 147 7569 1088 536 552 6481 6388 93 310 165 100 145 48 223 110
is_linear=0
shrinkage=0.05


Tree=170
num_leaves=31
num_cat=0
split_feature=260 261 66 227 260 319 378 382 353 301 219 68 252 219 333 386 309 291 310 12 359 332 258 87 345 366 228 264 217 39
split_gain=0.000100024 0.000315247 0.000293419 0.000407978 0.00020677 0.000348797 0.000318009 0.000347467 0.000325194 0.000268725 0.000249861 0.000315197 0.000403953 0.000600164 0.000198326 0.000236597 0.000209075 0.000443956 0.000411486 0.000240331 0.000396413 0.000458058 0.000229842 0.000572819 0.000318209 0.00018174 0.000178377 0.000175301 0.00014303 0.000231913
threshold=-1.3055703620275183 -0.27011452779272888 1.6778766236244851 1.4260079242254495 -0.68175728712599915 -0.0025291235752245493 0.77089856748723351 1.7584910428744569 0.19755103383580339 -0.0053411794414925488 0.81825587601964422 0.041832010582010602 -0.6847746537902043 -0.8320943344460987 -0.052414021164020941 0.014749052118990202 0.033185669464109911 -0.050041729278494644 0.00064715706824650012 0.0011574074074073503 -0.00039660673231494992 -0.0097909640911139472 1.3437995637271232 0.38194444444444459 0.0046296296296298002 0.81665174071243685 -0.85663345395297907 -0.42197558761176268 0.9045795632058039 0.97024897011349309
decision_type=8 10 2 10 10 8 10 10 10 10 10 2 8 10 10 10 10 10 10 2 10 10 10 2 10 10 10 10 10 2
left_child=1 2 3 27 5 6 7 8 9 -2 11 -7 13 -13 15 -6 19 18 -18 20 21 -16 24 -24 -21 -22 -12 -1 -3 -30
right_child=4 28 -4 -5 14 10 -8 -9 -10 -11 26 12 -14 -15 16 -17 17 -19 -20 22 25 -23 23 -25 -26 -27 -28 -29 29 -31
leaf_value=0 0 1.00378630023818e-05 0 0 0.00010459645679178109 4.8865765378397956e-05 0 0 0 -0.00014769468512709221 0 0 0 -0.00024051756107790705 0 0 -0.00023996402923214208 0 0 1.0653220154490479e-05 -4.5020590663946911e-05 0.00017165927456790775 0 -6.7604543876193009e-05 -2.0482848338634764e-05 7.7212054335592888e-05 9.7860018497258441e-05 0.00018401022003542491 -0.00015706025354872956 0
leaf_weight=28 36 220 21 25 100 77 50 38 22 208 29 57 252 56 61 81 46 63 42 4341 112 93 1271 419 940 38 98 95 37 34
leaf_count=28 36 220 21 25 100 77 50 38 22 208 29 57 252 56 61 81 46 63 42 4341 112 93 1271 419 940 38 98 95 37 34
internal_value=0 2.28488e-05 7.79816e-05 0.000109071 -1.07503e-06 -2.37105e-05 -6.26747e-05 -8.4784e-05 -0.000107141 -0.000125875 0 -1.72224e-05 -4.48687e-05 -0.000124209 1.01445e-06 5.27354e-05 0 -5.84353e-05 -0.000135848 9.61667e-07 4.46843e-05 0.00010184 -2.28409e-07 -1.6912e-05 4.16405e-06 0 6.23131e-05 0.000150326 0 -6.86823e-05
internal_weight=8990 460 169 148 8530 923 354 304 266 244 569 442 365 113 7607 181 7426 151 88 7275 304 154 6971 1690 5281 150 127 123 291 71
internal_count=8990 460 169 148 8530 923 354 304 266 244 569 442 365 113 7607 181 7426 151 88 7275 304 154 6971 1690 5281 150 127 123 291 71
is_linear=0
shrinkage=0.05


Tree=171
num_leaves=31
num_cat=0
split_feature=350 337 325 58 302 377 19 202 19 354 355 249 259 360 58 89 200 321 378 86 85 50 341 202 56 385 275 370 273 289
split_gain=0.000108741 0.000247952 0.000288248 0.000150351 0.000397035 0.00157512 0.000533898 0.000503351 0.000684425 0.000514495 0.00047542 0.000307543 0.000259746 0.000385454 0.000334405 0.000210653 0.000229952 0.000208376 0.000388393 0.000711877 0.000343476 0.000288339 0.000634515 0.000885253 0.000535252 0.000289366 0.000615994 0.000266905 0.00025479 0.000242447
threshold=0.30898207326834098 0.017591380834026903 -0.010996336938920199 -0.52681670990201546 0.0098957068349425029 -0.0043606402238070491 0.10350993189040351 -0.053356435644122187 0.61109025803892714 -0.021219466676540146 0.072284229924209409 2.2401768876948522 0.66604695630799926 0.030852375167454954 -0.85656872861958688 -0.026325737877541448 -0.43999024261337694 0.021111149028490202 1.0000000180025095e-35 0.25214947089947076 -0.45236861083812446 -1.1190841854499618 -0.0026455026455020495 -0.80921376811354884 0.85267857142857162 -0.39675888594449293 -0.82050167298527998 0.018382792377986453 1.9136693183044466 -0.063763927644156795
decision_type=10 10 10 2 10 10 2 10 2 10 10 10 10 10 2 2 10 10 10 2 2 2 10 10 2 10 10 10 10 10
left_child=3 2 -2 4 5 7 -7 9 -9 -1 -11 -8 15 14 -14 16 -6 21 29 20 -20 22 23 -5 -25 27 -27 -24 -22 -19
right_child=1 -3 -4 17 12 6 11 8 -10 10 -12 -13 13 -15 -16 -17 -18 18 19 -21 28 -23 25 24 -26 26 -28 -29 -30 -31
leaf_value=0 0 0 -0.00017494152174036301 0 0.00018647168235528307 0 0.00038482512681658554 0 -0.00023443248821356465 0.0002892607659295135 0 0 -0.00025291861689726714 0 0 0 0 -3.6816161600099236e-05 0 -6.1546361790363957e-06 -0.00026297207705110041 0 -0.00011348802188909681 0.00024402411629041279 0 -6.5314608016478343e-05 0.00010450092101603989 0 0 4.1798269409614743e-05
leaf_weight=52 43 360 52 59 34 28 50 77 44 36 21 20 37 83 25 32 22 126 20 352 68 6600 89 99 43 49 144 55 20 250
leaf_count=52 43 360 52 59 34 28 50 77 44 36 21 20 37 83 25 32 22 126 20 352 68 6600 89 99 43 49 144 55 20 250
internal_value=0 -2.36245e-05 -9.58594e-05 1.44637e-06 2.64899e-05 6.48051e-05 0.000232781 0 -7.67104e-05 7.07279e-05 0.00017912 0.000308012 -6.00199e-06 -6.28718e-05 -0.000157333 3.09153e-05 0.000104347 0 -2.39142e-05 -5.60875e-05 -0.000172422 2.44827e-06 3.76713e-05 0.000108099 0.000179197 0 3.54823e-05 -5.77332e-05 -0.000215 2.15695e-06
internal_weight=8990 455 95 8535 561 328 98 230 121 109 57 70 233 145 62 88 56 7974 836 460 108 7138 538 201 142 337 193 144 88 376
internal_count=8990 455 95 8535 561 328 98 230 121 109 57 70 233 145 62 88 56 7974 836 460 108 7138 538 201 142 337 193 144 88 376
is_linear=0
shrinkage=0.05


Tree=172
num_leaves=31
num_cat=0
split_feature=258 259 312 207 54 382 344 87 341 394 278 249 279 60 207 207 54 371 211 211 238 258 220 228 319 38 371 321 367 70
split_gain=0.000101106 0.000355128 0.000311402 0.000421021 0.00040827 0.000263882 0.000622965 0.000538472 0.00040536 0.000433538 0.000376024 0.000277617 0.000296022 0.000264603 0.000268318 0.000343235 0.000528295 0.000714049 0.00031864 0.000582815 0.000377162 0.000260868 0.000424412 0.000414892 0.000249986 0.00046486 0.000253072 0.000216703 0.000208969 0.000260849
threshold=-0.64098535524856703 -0.67140826088587235 -0.00062150411979784985 -0.75374033139536056 0.19609788359788352 1.8683583020893815 0.015490959757295752 0.48181216931216903 -0.00066137566137564995 -0.0049191830056537498 0.10640298134288702 -0.12230562012810813 -0.7822646480195784 0.97337962962962965 2.3746433219200727 1.8613866585999419 0.26405423280423307 -0.52481532456090485 -0.99417083604181389 0.015523406475563403 0.23657720018077241 1.2758104986846346 -0.84277483046474611 0.57506921094224916 -0.0095253192356043476 -0.2535961992387849 -0.78308222104020342 -0.012113143795453299 0.41848544973545004 0.10085978835978851
decision_type=10 10 10 10 2 8 10 2 10 2 10 10 10 2 10 10 2 10 10 10 10 10 10 10 10 2 10 10 10 2
left_child=1 28 -3 -4 -5 13 7 8 9 10 -7 -8 -13 14 15 21 -17 -18 -16 20 -20 23 -23 -2 -15 -26 -27 -6 -1 -30
right_child=5 2 3 4 27 6 11 -9 -10 -11 -12 12 -14 24 18 16 17 -19 19 -21 -22 22 -24 -25 25 26 -28 -29 29 -31
leaf_value=7.0884230754619766e-06 0 0 0 0 0 0.00025179388643415475 0 0 0 0 0 0 -0.0001847606735198518 0 0 0 0 0.00018723930538706981 -0.00021833047249176932 0 0 -5.3330999401255735e-05 0 3.7238508134423662e-05 0 0 -0.00026690942656182364 -0.0002475060320337437 0 -7.9298502568845398e-05
leaf_weight=1337 3144 122 57 21 22 100 43 259 92 52 39 20 51 51 46 132 80 116 79 112 23 510 1109 938 37 22 43 73 84 176
leaf_count=1337 3144 122 57 21 22 100 43 259 92 52 39 20 51 51 46 132 80 116 79 112 23 510 1109 938 37 22 43 73 84 176
internal_value=0 -1.01969e-05 -6.06236e-05 -0.000103745 -0.000158471 2.80954e-06 3.30287e-05 6.01736e-05 0.000108114 0.000150395 0.000197145 -5.21473e-05 -0.000118851 0 1.3123e-06 4.22485e-06 5.42169e-05 0.00010795 -4.69775e-05 -8.00108e-05 -0.000166418 4.70692e-07 -1.5516e-05 8.03642e-06 -6.51921e-05 -0.000111777 -0.000193512 -0.000203448 0 -4.18359e-05
internal_weight=8990 1892 295 173 116 7098 656 542 283 191 139 114 71 6442 6289 6029 328 196 260 214 102 5701 1619 4082 153 102 65 95 1597 260
internal_count=8990 1892 295 173 116 7098 656 542 283 191 139 114 71 6442 6289 6029 328 196 260 214 102 5701 1619 4082 153 102 65 95 1597 260
is_linear=0
shrinkage=0.05


Tree=173
num_leaves=31
num_cat=0
split_feature=354 302 356 261 77 356 44 385 84 201 392 85 33 399 300 326 34 366 399 345 326 35 360 242 393 65 319 385 299 351
split_gain=9.71564e-05 0.000345661 0.000288451 0.000300721 0.000328565 0.000312802 0.000272959 0.000194869 0.000281022 0.00029358 0.000474103 0.000453118 0.000462438 0.000228325 0.000265068 0.0005209 0.00049366 0.000806537 0.000331589 0.000406606 0.000400298 0.00029373 0.000484579 0.00110344 0.000255281 0.000269932 0.000250321 0.00020502 0.000175008 0.000196431
threshold=-0.21364867168870685 0.0077074067253947503 0.059677456252900059 1.3632062296217491 0.21246693121693103 -0.062612089092654935 0.11987433862433901 -1.7233832620203959 0.52199074074074103 -0.62770883854181736 0.55086509009576046 -0.71206892922186793 1.4037862549746452 -1.3564260326584787 -0.033913826052959846 -0.074227474746956387 0.7943121693121703 1.012245241664554 -0.9431703130603073 0.0033068783068794004 -0.11920968613992854 0.99421296296296313 -0.011331530604360049 0.18768369825399847 -0.96106774003391393 -0.36992491852630993 0.026066299863177055 0.52035061432063678 0.28308567989573102 0.025167189432282203
decision_type=10 10 8 10 2 10 2 10 2 10 2 2 2 2 10 10 2 10 2 10 10 2 10 10 2 2 10 10 10 10
left_child=1 2 3 4 -1 -6 -7 8 9 -2 -11 -12 -13 27 15 18 17 -17 20 -20 -15 22 23 -16 -23 -26 -24 -9 29 -10
right_child=7 -3 -4 -5 5 6 -8 13 28 10 11 12 -14 14 21 16 -18 -19 19 -21 -22 24 26 -25 25 -27 -28 -29 -30 -31
leaf_value=0 0 -9.6166777112735873e-06 0 0 0 0 0.00017796744843261993 -0.00011550658263723654 0.0001090921392921739 0 0 -0.00018098227784695399 0 0 2.913656972944055e-06 0.00021613595343904191 0 0 0 8.0913314851302828e-05 -0.00015287557859621187 0 2.4229911202022197e-06 -0.00010958612402839838 0 9.8088635023894539e-05 -5.2611130749291698e-05 0 -9.8955685436879785e-06 0
leaf_weight=73 176 331 83 32 65 21 152 79 78 84 48 165 36 259 379 111 37 23 581 240 56 135 4710 345 143 196 216 40 68 28
leaf_count=73 176 331 83 32 65 21 152 79 78 84 48 165 36 259 379 111 37 23 581 240 56 135 4710 345 143 196 216 40 68 28
internal_value=0 1.72429e-05 4.98444e-05 7.20228e-05 9.02078e-05 0.000118668 0.000154557 -1.46999e-06 -2.7181e-05 -4.85436e-05 -7.61904e-05 -0.000111896 -0.000145403 1.94001e-07 1.95193e-06 2.27089e-05 0.000106469 0.000153839 5.69148e-06 2.60081e-05 -3.13843e-05 -1.66194e-06 -5.60527e-06 -4.37973e-05 3.47869e-05 5.97825e-05 0 -6.75084e-05 6.58374e-06 6.42801e-05
internal_weight=8990 757 426 343 311 238 173 8233 683 509 333 249 201 7550 7431 1307 171 134 1136 821 315 6124 5650 724 474 339 4926 119 174 106
internal_count=8990 757 426 343 311 238 173 8233 683 509 333 249 201 7550 7431 1307 171 134 1136 821 315 6124 5650 724 474 339 4926 119 174 106
is_linear=0
shrinkage=0.05


Tree=174
num_leaves=31
num_cat=0
split_feature=231 260 336 327 260 238 218 239 227 260 281 301 389 249 65 93 54 346 220 274 257 349 361 344 19 343 77 273 72 200
split_gain=9.84381e-05 0.000338967 0.000505663 0.000444797 0.00017611 0.000296897 0.000363008 0.000278479 0.000280328 0.000199679 0.000279948 0.000603114 0.000519529 0.000261516 0.000279374 0.000270271 0.000355368 0.000239019 0.000367776 0.000298995 0.000340014 0.000362763 0.000327232 0.000395403 0.000266448 0.000231194 0.0002672 0.00021266 0.000158398 0.000266333
threshold=-1.4942283014522937 0.36435644397304673 0.0039682539682539516 -0.028132525365652746 -1.4156352076925525 0.20094959229197568 1.5762811121411235 -0.25558451464378967 1.4260079242254495 -0.6624444552558475 1.84047492858694 -0.0028926620436149496 -0.066918844731447685 1.3091730210746051 0.57831351021348121 0.10944954632127701 0.22437169312169303 -0.19340617053937342 -1.4150015166585497 1.5338093843153893 1.0000000180025095e-35 0.056993059027290162 0.00045927666144095002 -0.067156006592031886 1.4723789250336627 -0.00082671957672014989 0.65889550264550312 0.044037240406336504 0.14592943784095153 -0.27882451963807292
decision_type=10 10 8 10 10 10 10 10 10 10 8 10 2 10 2 2 2 10 10 10 10 10 10 10 2 10 2 10 2 10
left_child=1 28 3 -3 5 6 7 -2 -9 10 13 -12 -13 15 27 -6 -17 18 -11 22 21 -21 24 -24 -19 26 -20 -15 -1 -30
right_child=4 2 -4 -5 9 -7 -8 8 -10 17 11 12 -14 14 -16 16 -18 19 25 20 -22 -23 23 -25 -26 -27 -28 -29 29 -31
leaf_value=-3.103358487881713e-05 0 0 0 -0.00022852638600622736 0 0 0 0.0002005930896320495 0 0 0 0 -0.00033373177627158464 0 0 0 -0.00011000239539646067 -3.7666861691370381e-06 -0.0002016467986621797 -0.00010405282149110642 0 0 0.0001493701316967763 1.7163264191358119e-05 5.1278732163267215e-05 0 0 0.00017843605765123052 0 9.2674792060780354e-05
leaf_weight=183 68 47 55 66 433 131 22 87 21 65 20 23 35 22 21 148 159 3563 65 201 335 114 71 2441 234 25 36 49 147 103
leaf_count=183 68 47 55 66 433 131 22 87 21 65 20 23 35 22 21 148 159 3563 65 201 335 114 71 2441 234 25 36 49 147 103
internal_value=0 -1.94953e-05 -8.00013e-05 -0.00014384 1.44995e-06 3.73016e-05 7.78353e-05 0.000109401 0.000161052 0 -2.20723e-05 -0.000118825 -0.00021197 -6.97967e-06 6.0151e-05 -2.20885e-05 -5.81035e-05 2.79379e-06 -5.02027e-05 4.96754e-06 -2.54286e-05 -6.3496e-05 8.89203e-06 2.28962e-05 0 -0.000105408 -0.000139912 0.000120458 0 2.96355e-05
internal_weight=8990 601 168 113 8389 329 198 176 108 8060 910 78 58 832 92 740 307 7150 191 6959 650 315 6309 2512 3797 126 101 71 433 250
internal_count=8990 601 168 113 8389 329 198 176 108 8060 910 78 58 832 92 740 307 7150 191 6959 650 315 6309 2512 3797 126 101 71 433 250
is_linear=0
shrinkage=0.05


Tree=175
num_leaves=31
num_cat=0
split_feature=262 259 70 323 73 278 88 90 70 65 358 201 70 44 281 74 269 70 327 333 385 323 36 209 356 315 326 381 279 250
split_gain=9.86124e-05 0.000322029 0.000463946 0.000430978 0.000503103 0.000564804 0.000328348 0.000415737 0.00053245 0.000603421 0.000507946 0.000217207 0.000210621 0.000182468 0.000186177 0.000170851 0.000329574 0.000354335 0.000324477 0.000374297 0.000209934 0.000302729 0.000373067 0.000369577 0.000296722 0.000276495 0.000305416 0.000577766 0.00064845 0.000315483
threshold=-0.78297600811803725 0.61432945459857702 0.92361111111111105 -0.83204087449935649 -0.058183445616554141 -0.73851134997384993 0.51818783068783059 0.48511904761904756 0.11871693121693101 -0.13346840126121248 -0.010647846339522199 -0.21796996077285255 0.15178571428571405 0.66385582010582012 0.024238132399136154 0.27598542491331957 -1.6895308240369531 0.43022486772486807 -0.015574678117054949 -0.015707671957671948 2.0228805624995565 -0.8875388068035972 0.26901455026455007 1.4295087519423755 -0.042466886807332543 -0.037802600488609742 0.017661477827956702 0.70744898295664094 0.92450720200497993 0.97684479179434625
decision_type=8 10 2 10 2 10 2 2 2 2 10 10 2 2 10 2 10 2 10 10 8 10 2 10 10 10 10 10 10 10
left_child=1 6 3 -3 5 -5 7 8 -1 -10 -11 -8 -13 14 -14 16 -2 -18 -19 -20 25 -22 -23 24 -24 -17 29 28 -28 -27
right_child=15 2 -4 4 -6 -7 11 -9 9 10 -12 12 13 -15 -16 20 17 18 19 -21 21 22 23 -25 -26 26 27 -29 -30 -31
leaf_value=0 3.2353575944009281e-05 0 0 0 0 0.00024856565136063417 0 0 0 0 -0.00049948781763769893 0 0 0 0.00017706442763372931 1.903075903624279e-05 0 -1.6654193967450259e-05 0 -0.00019923424554072052 0 0 0 0 0.00016621257205902667 7.7926378735600169e-06 -1.9501365969449032e-05 1.0579126105627188e-05 -0.00012105503517667756 -3.1057344849335764e-05
leaf_weight=21 131 34 76 35 31 96 153 128 20 20 23 53 23 21 70 1257 359 259 31 93 148 45 41 56 140 3188 980 593 248 617
leaf_count=21 131 34 76 35 31 96 153 128 20 20 23 53 23 21 70 1257 359 259 31 93 148 45 41 56 140 3188 980 593 248 617
internal_value=0 1.67416e-05 6.15387e-05 0.000105685 0.000141982 0.000185794 0 -5.38167e-05 -0.000140224 -0.00021749 -0.000322883 2.54038e-05 6.69769e-05 0.000105757 0.000136408 -1.60761e-06 -2.26502e-05 -3.91018e-05 -7.26223e-05 -0.000149126 2.20948e-07 3.46119e-05 6.71514e-05 9.64302e-05 0.000131438 -1.20161e-06 -6.61103e-06 -2.35421e-05 -4.40901e-05 1.7824e-07
internal_weight=8990 804 272 196 162 131 532 212 84 63 43 320 167 114 93 8186 873 742 383 124 7313 430 282 237 181 6883 5626 1821 1228 3805
internal_count=8990 804 272 196 162 131 532 212 84 63 43 320 167 114 93 8186 873 742 383 124 7313 430 282 237 181 6883 5626 1821 1228 3805
is_linear=0
shrinkage=0.05


Tree=176
num_leaves=31
num_cat=0
split_feature=359 304 329 326 326 57 88 392 44 372 216 280 54 337 390 337 337 260 218 210 375 210 269 372 315 369 378 241 304 332
split_gain=9.42298e-05 0.000224424 0.000238052 0.00018602 0.00025836 0.000365691 0.00038653 0.0005521 0.000322617 0.000294318 0.000485313 0.000790737 0.000536826 0.000397434 0.000728963 0.000404345 0.00028587 0.000281426 0.000272878 0.000270741 0.000458573 0.000431924 0.000233092 0.00032493 0.000383217 0.000216658 0.000313284 0.000194628 0.000184371 0.000160906
threshold=-0.068841227719630291 -0.052680257828916437 -0.016642878078632246 -0.28084854679949761 -0.11633519997723758 1.5303141298363452 0.17989417989418002 0.76747726349328327 0.75446428571428614 -0.0032987629497799997 -0.07269444305293904 0.88711213500056896 0.22437169312169303 0.018476803624869201 1.6629997682570072 0.0080431871342951013 -0.2453574204433234 -0.82681698311129614 -0.017286657701371898 -0.82697384396465312 -0.19748144759674482 -0.74761115266847011 0.45184945896685408 -0.049674857386728444 -0.044812234782810538 -0.32002087118516737 0.77089856748723351 0.21427179904503421 -0.045485889102866141 0.010299026886908853
decision_type=10 8 10 8 10 2 2 2 2 10 10 10 2 10 2 10 10 10 10 10 10 10 10 10 10 10 10 10 8 10
left_child=1 2 -1 22 5 6 -5 -8 -9 10 13 27 -13 15 -15 -6 17 -11 -19 20 -18 -21 23 -2 -25 -26 -27 -12 -3 -4
right_child=3 28 29 4 9 -7 7 8 -10 16 11 12 -14 14 -16 -17 19 18 -20 21 -22 -23 -24 24 25 26 -28 -29 -30 -31
leaf_value=0 0 -0.00012572751679742561 0.00014394667763444169 0 0 0 0 0.00021375902664842001 0 0 -4.5413382485614091e-05 0 -0.00017873316409000193 0.00020253692260333435 0 -0.00015434459728123505 9.071644168879302e-05 0 -0.00018575461993038074 -0.00012209227103550464 5.6284270184711872e-06 0 0 0 0 -0.00018752326242904113 0 1.702329463759572e-05 2.7078090990870807e-06 0
leaf_weight=80 67 29 86 87 370 678 64 102 20 30 210 43 166 67 47 45 224 33 59 73 1156 4537 151 58 26 118 21 196 127 20
leaf_count=80 67 29 86 87 370 678 64 102 20 30 210 43 166 67 47 45 224 33 59 73 1156 4537 151 58 26 118 21 196 127 20
internal_value=0 2.56794e-05 6.50157e-05 -1.07444e-06 2.23551e-08 2.50727e-05 7.44104e-05 0.000115403 0.000177772 -2.57207e-06 -2.607e-05 -5.68908e-05 -0.000137688 3.15354e-07 9.02871e-05 -1.23703e-05 1.00841e-06 -7.31569e-05 -0.000121385 3.35486e-06 2.30683e-05 -1.46214e-06 -3.28165e-05 -6.03837e-05 -9.15547e-05 -0.000130881 -0.000155646 -2.96253e-06 0 0.00011412
internal_weight=8990 342 186 8648 8207 951 273 186 122 7256 1144 615 209 529 114 415 6112 122 92 5990 1380 4610 441 290 223 165 139 406 156 106
internal_count=8990 342 186 8648 8207 951 273 186 122 7256 1144 615 209 529 114 415 6112 122 92 5990 1380 4610 441 290 223 165 139 406 156 106
is_linear=0
shrinkage=0.05


Tree=177
num_leaves=31
num_cat=0
split_feature=350 211 47 353 39 326 343 316 49 49 329 335 39 335 66 291 49 352 287 352 228 298 40 78 211 245 392 306 219 49
split_gain=9.47788e-05 0.000217624 0.000324925 0.000266609 0.000421509 0.000245521 0.000202264 0.000191085 0.000141307 0.000422944 0.000418439 0.000481853 0.000481001 0.000433923 0.000398656 0.000387374 0.00037433 0.000817405 0.000614804 0.000465231 0.000405437 0.000375507 0.000370588 0.000510275 0.000351595 0.000345308 0.000506103 0.00104326 0.000305818 0.000284636
threshold=0.30898207326834098 -0.50093002668461939 0.63235780423280297 -0.11051024442036989 0.86558452234550665 0.087638393541741313 0.019841269841269955 -0.090714548116336627 -0.078863186121639034 -0.40156984967147547 -0.01192848615599715 -0.016900888691374998 1.0841817110021401 0.088756933559580017 2.1324441231608504 -0.062581571477007228 0.34519720287044015 0.00085986400221290012 -0.00038624953639619994 -0.026927786714553845 2.0103816339229779 -0.0011657191342698498 -0.063400793336704578 0.48057208994709028 -0.63655121339440124 -1.9561410896694327 1.0274005888761919 0.00033647376774515006 -0.43058286706572541 -0.57328932284107137
decision_type=10 10 2 10 2 10 10 10 2 2 10 10 2 10 2 10 2 10 10 10 10 10 2 2 10 10 2 10 10 2
left_child=8 6 -3 -4 5 -5 7 -2 9 29 22 -12 13 -13 15 25 17 -17 -19 20 -18 -21 24 -24 -11 26 27 -10 -25 -1
right_child=1 2 3 4 -6 -7 -8 -9 14 10 11 12 -14 -15 -16 16 19 18 -20 21 -22 -23 23 28 -26 -27 -28 -29 -30 -31
leaf_value=-9.8287716047380513e-07 1.4607962436443334e-05 0 0 -0.00023142439306763176 0 0 0.000100311633323072 -7.7052336650985619e-05 0.00020821409870136359 0 0 -0.00016533148507419176 0 0 -6.861648584383956e-05 0 0.00010659560565034574 0.00018454884543353487 0 -9.3161135655261422e-05 0 1.779040055814553e-06 0 0 -9.889139333265956e-05 -1.3730469048626978e-05 0 0 0.00017448612214909768 3.500431395704817e-05
leaf_weight=3917 45 111 36 73 41 20 50 79 104 73 163 205 74 40 130 247 194 180 115 111 34 575 193 46 150 1186 71 44 78 605
leaf_count=3917 45 111 36 73 41 20 50 79 104 73 163 205 74 40 130 247 194 180 115 111 34 575 193 46 150 1186 71 44 78 605
internal_value=0 -2.22136e-05 -5.2291e-05 -9.64063e-05 -0.000129459 -0.000188306 0 -3.51346e-06 1.20436e-06 -2.83408e-06 -3.2329e-05 -6.62249e-05 -0.000101986 -0.000135822 1.03613e-05 1.56998e-05 3.39029e-05 6.86305e-05 0.000124809 7.83441e-06 7.22863e-05 -6.30677e-06 0 3.26267e-05 -5.1378e-05 0 5.40322e-05 0.000113412 0.000114015 2.72685e-06
internal_weight=8990 455 281 170 134 93 174 124 8535 5544 1022 482 319 245 2991 2861 1456 542 295 914 228 686 540 317 223 1405 219 148 124 4522
internal_count=8990 455 281 170 134 93 174 124 8535 5544 1022 482 319 245 2991 2861 1456 542 295 914 228 686 540 317 223 1405 219 148 124 4522
is_linear=0
shrinkage=0.05


Tree=178
num_leaves=31
num_cat=0
split_feature=397 361 309 354 19 23 309 50 279 384 350 244 268 354 368 343 398 399 261 23 46 322 375 375 85 63 349 86 247 301
split_gain=9.44319e-05 0.000268334 0.000275916 0.000325156 0.000354719 0.000356278 0.000217683 0.000185515 0.00034236 0.000368997 0.000545529 0.000663998 0.000845372 0.000229569 0.000365297 0.000771348 0.000402286 0.000502892 0.00041844 0.000422761 0.000398562 0.000286596 0.000441391 0.000453527 0.000579709 0.00056732 0.000310697 0.000434275 0.000523847 0.00036154
threshold=-0.46366599580580997 1.0000000180025095e-35 -0.00035668633148444991 0.068626933900973616 -0.21694004616690296 0.0024801587301587504 0.0020349910458122007 1.1240699184160701 0.52851908878386922 -0.94508618864868177 -0.099359024756027883 -0.95052284349512595 -1.3811115599384747 0.044562261484347658 1.3847515806480082 0.035052910052910911 -0.0057999793572164988 -0.67290498942936738 0.67163594716164188 0.006779100529100501 0.048445767195767202 0.0085003002635277523 -0.46762918910167633 -0.0054728261787561497 0.83999275316997468 0.22205687830687801 0.032443271370669907 0.56018518518518612 0.35114354032007483 0.0018425651884525004
decision_type=2 10 10 10 2 2 10 2 10 10 10 10 10 8 10 10 2 2 8 2 2 10 10 10 2 2 10 2 10 10
left_child=1 -1 -3 4 -4 -6 -7 13 -9 -10 -11 -12 -13 21 16 -16 17 20 19 -18 -15 26 -23 25 -25 -24 29 -28 -29 -2
right_child=7 2 3 -5 5 6 -8 8 9 10 11 12 -14 14 15 -17 18 -19 -20 -21 -22 22 23 24 -26 -27 27 28 -30 -31
leaf_value=-5.0174141707389752e-06 1.8492066242671598e-06 0 1.475017702948768e-05 0 0 0.00022953550702929973 0 0 0 0 0 0 -0.00023161349374282324 0 0 -0.00030794236379387297 7.7840795335476975e-05 6.0802608980084782e-06 0 0 -0.00020159525003945905 6.6142736947649312e-05 0 -3.5590114717993578e-05 7.0746191250529834e-05 -0.000110898619911401 -5.1205790544999202e-05 4.5525464101766934e-05 -4.9433633104845119e-05 5.9067575930370589e-05
leaf_weight=500 2751 102 221 128 26 88 20 365 41 48 40 20 138 20 209 23 664 69 388 326 60 82 109 527 158 335 596 379 216 341
leaf_count=500 2751 102 221 128 26 88 20 365 41 48 40 20 138 20 209 23 664 69 388 326 60 82 109 527 158 335 596 379 216 341
internal_value=0 1.38172e-05 3.84588e-05 5.6738e-05 8.16627e-05 0.000154639 0.000194691 -1.91266e-06 -2.74876e-05 -6.85372e-05 -9.60644e-05 -0.000135458 -0.000183005 0 1.60923e-05 -3.36087e-05 2.69193e-05 -3.5831e-05 3.73347e-05 5.47419e-05 -0.000134364 -4.64189e-06 -2.62494e-05 -3.73934e-05 -3.75796e-06 -7.80148e-05 3.00629e-07 -2.01055e-05 2.64845e-06 9.77824e-06
internal_weight=8990 1085 585 483 355 134 108 7905 652 287 246 198 158 7253 1759 232 1527 149 1378 990 80 5494 1211 1129 685 444 4283 1191 595 3092
internal_count=8990 1085 585 483 355 134 108 7905 652 287 246 198 158 7253 1759 232 1527 149 1378 990 80 5494 1211 1129 685 444 4283 1191 595 3092
is_linear=0
shrinkage=0.05


Tree=179
num_leaves=31
num_cat=0
split_feature=398 353 253 229 360 335 30 213 397 66 252 73 398 251 383 57 310 369 335 87 339 273 242 298 342 374 260 32 205 346
split_gain=9.41162e-05 0.000379767 0.000431613 0.00044633 0.000542025 0.000660339 0.000548353 0.000330742 0.000393816 0.000360714 0.000446348 0.000585438 0.00034238 0.00052757 0.000581847 0.000330937 0.000459354 0.000392571 0.000289204 0.000287048 0.000457052 0.00048252 0.000479726 0.000473735 0.000442789 0.000343087 0.000392537 0.000338924 0.000280999 0.000387749
threshold=-0.00137583899896425 -0.027945246260722596 -0.82987808001661845 0.071340698065012309 -0.048407455769338241 -0.02745724436418855 -0.19508653341684348 -0.78323245963373245 -0.3681650781798253 0.9361429584232126 -0.91172058874846196 -1.0267269714589047 -0.0023246163284047997 -0.96075146356147545 0.10795921483055336 1.9114793519532951 -0.0014116646157548496 -0.47028139067685343 0.0014586038882820002 0.13458994708994701 0.0095430908682566009 0.030496882762090203 1.7217644153585769 0.0019738401854749003 -0.023881740517502848 0.12079029910313796 0.26900900679723388 0.7768683862433855 1.2857931256454933 0.063198486807299309
decision_type=2 10 10 10 10 10 2 10 2 2 10 2 2 10 10 2 10 10 10 2 10 10 10 10 10 10 10 2 10 10
left_child=1 7 -3 4 18 -6 -7 8 -1 15 11 -11 13 -10 -15 16 -9 -18 -4 20 23 -22 27 24 -2 26 -26 -23 29 -21
right_child=19 2 3 -5 5 6 -8 9 12 10 -12 -13 -14 14 -16 -17 17 -19 -20 28 21 22 -24 -25 25 -27 -28 -29 -30 -31
leaf_value=0 0 -2.4537733797042371e-05 1.0694926723689683e-05 3.0208309927885535e-06 0 4.7819744213608651e-05 0.00019899389225076097 0 0 -0.00030645425366604049 0 0 0 -0.00023377899425865308 0 0 0 0.00012415874056037401 -0.00011858302284237256 0 -1.8953758611103399e-05 0.00026454414483316344 0 1.8685160478813101e-05 -0.00014543806279607917 0 0 0 2.7527584778847612e-05 -6.5119640242957823e-05
leaf_weight=68 129 296 56 869 162 298 167 63 38 32 251 21 53 103 67 183 20 222 51 4024 160 46 30 75 284 48 75 24 829 246
leaf_count=68 129 296 56 869 162 298 167 63 38 32 251 21 53 103 67 183 20 222 51 4024 160 46 30 75 284 48 75 24 829 246
internal_value=0 7.26748e-06 2.19517e-05 3.36561e-05 6.31094e-05 8.25837e-05 0.000112894 -1.31477e-05 -5.56897e-05 0 -3.78291e-05 -0.000170909 -8.76344e-05 -0.000117256 -0.000156762 3.09187e-05 6.51234e-05 0.00010044 -4.29138e-06 -3.56276e-06 -3.01795e-05 1.0888e-05 0.000108556 -5.58359e-05 -7.55915e-05 -0.000101212 -0.000118329 0.000184218 3.7923e-09 -4.16941e-06
internal_weight=8990 3020 1899 1603 734 627 465 1121 329 792 304 53 261 208 170 488 305 242 107 5970 871 260 100 611 536 407 359 70 5099 4270
internal_count=8990 3020 1899 1603 734 627 465 1121 329 792 304 53 261 208 170 488 305 242 107 5970 871 260 100 611 536 407 359 70 5099 4270
is_linear=0
shrinkage=0.05


Tree=180
num_leaves=31
num_cat=0
split_feature=369 246 331 394 270 372 318 376 350 350 217 398 263 216 302 302 85 381 246 265 363 278 356 388 385 384 19 357 229 275
split_gain=9.15908e-05 0.000316983 0.0002915 0.000387077 0.000295929 0.000140676 0.000348953 0.000632771 0.000405135 0.000560304 0.000498513 0.000348453 0.000431445 0.000474014 0.000316789 0.000516645 0.000627858 0.000937024 0.00064941 0.000263676 0.000313753 0.000309264 0.000277565 0.00026189 0.000437236 0.000334639 0.000661092 0.000296022 0.000303924 0.000284259
threshold=-0.89996147956708061 1.5233277226925399 0.013669723306250152 -0.22255796395686303 -0.48794675956281036 0.010495163832139852 -0.15875427677296042 0.10886686325269541 0.18492421800167194 -0.13564610861509599 0.84567363956393526 0.0014936016445055503 -0.76189767985328227 1.3545419757614765 0.0043988037998759508 0.026498310613060454 0.53594259934389044 0.51772017528436232 0.16568499258267988 1.3819893382424231 -0.0030344433025045496 0.37578873871377 0.019240762007228952 0.069639668199649021 -1.5526020204557152 0.028748149951314753 0.34658630157264153 0.0019841269841268504 -1.2817152991696046 -0.78105190659285884
decision_type=8 10 10 2 10 8 8 8 10 10 10 2 10 10 10 10 2 10 10 10 10 10 8 2 10 10 2 10 10 10
left_child=1 2 3 -1 -5 14 11 8 9 -8 -11 -7 -13 -14 23 16 -16 18 -18 21 -21 -9 -23 -2 27 26 -26 29 -29 -25
right_child=5 -3 -4 4 -6 6 7 19 -10 10 -12 12 13 -15 15 -17 17 -19 -20 20 -22 22 -24 24 25 -27 -28 28 -30 -31
leaf_value=0 -1.6865838244687403e-06 5.8345757380259648e-06 0 0 -0.00021267905936938754 0 0 4.1750885510287646e-05 0 0.0001494020982145739 0 0 -0.00023083120926779447 0 -2.4867714944316576e-05 1.1833034164205712e-07 -0.00040040779698129577 0 0 0 -0.00015471166654045681 -7.5291597878793574e-05 6.5752807285923826e-06 0 1.4590318230118519e-05 0 0.00014366937986118832 0.00014562790109221292 0 -0.0001218062253586933
leaf_weight=78 3614 154 49 20 76 341 76 415 65 284 77 25 61 35 761 999 44 35 21 27 57 144 80 67 419 481 200 36 145 104
leaf_count=78 3614 154 49 20 76 341 76 415 65 284 77 25 61 35 761 999 44 35 21 27 57 144 80 67 419 481 200 36 145 104
internal_value=0 -2.40826e-05 -6.71478e-05 -9.9818e-05 -0.000167691 1.0919e-06 1.43625e-05 2.99591e-05 7.30794e-05 9.19345e-05 0.000118785 -1.61694e-05 -9.0505e-05 -0.000146785 -1.41874e-06 -1.95884e-05 -4.82577e-05 -0.000176102 -0.000289256 0 -8.32132e-05 1.09653e-05 -2.37521e-05 4.26563e-06 2.25229e-05 3.96573e-05 6.43887e-05 -1.68175e-05 5.64957e-06 -6.98106e-05
internal_weight=8990 377 223 174 96 8613 1687 1225 502 437 361 462 121 96 6926 1860 861 100 65 723 84 639 224 5066 1452 1100 619 352 181 171
internal_count=8990 377 223 174 96 8613 1687 1225 502 437 361 462 121 96 6926 1860 861 100 65 723 84 639 224 5066 1452 1100 619 352 181 171
is_linear=0
shrinkage=0.05


Tree=181
num_leaves=31
num_cat=0
split_feature=231 260 336 55 260 238 218 239 317 258 382 60 305 265 207 382 327 36 371 254 319 397 55 235 349 204 242 84 64 321
split_gain=8.89936e-05 0.000292085 0.000455313 0.000399193 0.000151555 0.000267763 0.000335515 0.000241234 0.000252505 0.00018875 0.000377208 0.000443265 0.000428942 0.000471212 0.000420672 0.000287703 0.000362883 0.000349525 0.000241765 0.000344468 0.000236916 0.00035602 0.00047051 0.000333557 0.00028206 0.000571407 0.000381236 0.00029877 0.000293663 0.000253572
threshold=-1.4942283014522937 0.36435644397304673 0.0043816137566141007 0.58042151942976916 -1.4156352076925525 0.19231971728613592 1.5762811121411235 -0.25558451464378967 -0.10986006611578859 -0.64098535524856703 1.8683583020893815 0.97337962962962965 0.00033068783068695003 -0.045108545596756248 -1.1172299910370287 1.2723038224168748 -0.14427519829109506 0.56183862433862453 -0.78308222104020342 0.95982518179627752 0.0022321250319858503 -0.38065203513581997 -0.56684498967063746 -1.8840437639960033 -0.14332238767181041 -0.14859987394581933 -0.54724341030579315 0.26488095238095255 -0.80489149553884098 0.010469807413941401
decision_type=10 10 10 2 10 10 10 10 10 10 8 2 10 10 10 10 10 2 10 10 10 2 2 10 10 10 10 2 2 10
left_child=1 -1 3 -3 5 6 7 -2 -9 20 11 15 13 -12 -15 17 -17 -11 -13 -20 21 -6 29 -24 25 26 -22 -26 -29 -23
right_child=4 2 -4 -5 9 -7 -8 8 -10 10 12 18 -14 14 -16 16 -18 -19 19 -21 24 22 23 -25 27 -27 -28 28 -30 -31
leaf_value=0 0 -0.00021241854930940333 0 0 2.734455937258712e-05 0 0 0 0.00019201470926916587 2.4956293086916691e-05 0 0 0 0 0.00017989691849217842 -0.00010064367147679998 0 -1.3487510602499552e-06 -0.00019339209125618622 0 0 -1.3181123174009229e-05 0 -9.1104166239311407e-05 0 0 -0.00023662431516274112 0.0001737644373477542 5.9674941787442166e-06 0.00011056890832383684
leaf_weight=433 68 68 55 45 125 133 21 22 85 1736 107 45 308 26 134 142 348 3531 68 22 22 264 140 454 188 55 48 62 187 48
leaf_count=433 68 68 55 45 125 133 21 22 85 1736 107 45 308 26 134 142 348 3531 68 22 22 264 140 454 188 55 48 62 187 48
internal_value=0 -1.8526e-05 -7.46405e-05 -0.000135443 1.38872e-06 3.46474e-05 7.36764e-05 0.000104257 0.000152977 0 3.82829e-06 0 4.24801e-05 8.88833e-05 0.000143312 2.1564e-06 -3.29513e-05 6.3724e-06 -8.94672e-05 -0.000136786 -1.53852e-05 -3.05502e-05 -4.40581e-05 -7.02884e-05 3.54039e-06 -4.9905e-05 -0.000157553 3.02749e-05 6.78735e-05 0
internal_weight=8990 601 168 113 8389 329 196 175 107 8060 6467 5892 575 267 160 5757 490 5267 135 90 1593 1031 906 594 562 125 70 437 249 312
internal_count=8990 601 168 113 8389 329 196 175 107 8060 6467 5892 575 267 160 5757 490 5267 135 90 1593 1031 906 594 562 125 70 437 249 312
is_linear=0
shrinkage=0.05


Tree=182
num_leaves=31
num_cat=0
split_feature=73 299 306 204 349 203 384 380 223 388 283 369 334 251 59 247 356 333 273 363 392 246 239 77 247 202 13 211 254 38
split_gain=8.85124e-05 0.000260293 0.000379874 0.000435154 0.000292636 0.000728147 0.000429874 0.000420152 0.000456904 0.000527984 0.000495099 0.000452105 0.000876507 0.000719446 0.000405171 0.000552072 0.000410315 0.000377098 0.000339699 0.000323788 0.000308629 0.000303481 0.000233391 0.000217187 0.000210816 0.00034951 0.000425114 0.000320269 0.000323093 0.000210452
threshold=-0.27558098468965847 0.98445020504373415 0.00033288949298845009 -0.42050168238409852 -0.10798530404280594 0.86606227742740782 -0.030063159218497598 0.068897279946895609 1.1998400183496014 0.1877290880512367 -0.00092125479820684994 0.086624493008471817 0.00035511365129100003 0.8605502119311762 0.63513191477093411 -0.35695927209842193 0.023187799816394652 0.026455026455026402 0.92087155747675331 0.20728188608658196 0.71704579235959109 0.099669096517524966 0.046505160376573706 0.21742724867724902 -0.8848679345244933 0.30556378072185347 0.0024801587301586004 1.9881454187906435 -1.6756304979673551 -0.79035044319203496
decision_type=2 8 10 10 10 10 10 10 10 2 10 10 10 10 2 10 10 10 10 10 2 10 10 2 10 10 2 10 10 2
left_child=1 4 -3 -4 5 14 -7 11 9 10 -9 12 13 -6 15 -1 -17 -14 -13 -16 -20 -10 -8 24 -2 26 -26 28 -28 -11
right_child=23 2 3 -5 7 6 22 8 21 29 -12 18 17 -15 19 16 -18 -19 20 -21 -22 -23 -24 -25 25 -27 27 -29 -30 -31
leaf_value=0 0 0 -0.00024691610292948982 0 0.00013152342174813783 -0.0002195031104180482 0 -0.0001080168713153048 0.00017421510258198926 0 0 1.9507345709532481e-05 -1.8698136297684771e-05 0 -0.00010722996819498683 0.00017207722659570821 0 9.3110047028702785e-05 0 0 -0.00014962984779257738 0 -0.00011638107773331436 0 0 0 0 0 -0.00015038174491466489 7.569263763567395e-05
leaf_weight=132 204 47 40 35 413 61 81 268 43 26 61 429 363 145 92 109 72 94 48 44 65 52 43 5285 121 226 22 59 207 103
leaf_count=132 204 47 40 35 413 61 81 268 43 26 61 429 363 145 92 109 72 94 48 44 65 52 43 5285 121 226 22 59 207 103
internal_value=0 7.30048e-06 -5.77513e-05 -0.000134418 1.20168e-05 -1.31876e-05 -0.000100499 2.19599e-05 -8.72647e-06 -3.72299e-05 -7.57892e-05 3.60698e-05 5.57597e-05 9.78844e-05 1.16678e-05 5.13176e-05 0.000110336 0 0 -4.28178e-05 -7.78785e-05 7.60086e-05 -1.5363e-06 -3.34509e-06 -2.69954e-05 -4.23401e-05 -7.01346e-05 -0.000103314 -0.000130067 2.23639e-05
internal_weight=8990 2866 122 75 2744 634 185 2110 553 458 329 1557 1015 558 449 313 181 457 542 136 113 95 124 6124 839 635 409 288 229 129
internal_count=8990 2866 122 75 2744 634 185 2110 553 458 329 1557 1015 558 449 313 181 457 542 136 113 95 124 6124 839 635 409 288 229 129
is_linear=0
shrinkage=0.05


Tree=183
num_leaves=31
num_cat=0
split_feature=274 274 354 259 56 202 19 314 354 274 244 251 380 246 383 260 254 335 311 354 310 88 210 89 219 266 355 314 261 229
split_gain=9.20693e-05 0.000272129 0.000381039 0.000419446 0.000494541 0.000314529 0.000365267 0.000273069 0.000446624 0.000216622 0.000364731 0.000411661 0.000324104 0.000359796 0.000218667 0.000253973 0.000481123 0.000372204 0.000369367 0.000250697 0.000538161 0.000452476 0.000820094 0.000439555 0.000496507 0.000437379 0.000399857 0.000497587 0.000529615 0.000305586
threshold=0.56657431145887804 1.4995460557155249 0.013333392483368602 -1.2721809408170686 0.14467592592592599 -1.1134801623226884 -0.66972459223657832 0.0030879487452572002 0.0029600529661599003 0.3571295843926276 -0.012157886428626198 1.4641499703841212 -0.058043169587088446 1.3234156796049756 0.64468689506066146 0.040803623223064404 0.19898574114264952 0.030100251120309954 -0.00033068783068784991 -0.031114109993686846 -0.0025911956994639994 0.094907407407407426 -0.80815560284105337 0.35762882297212356 1.4730333660424402 1.4530048820685315 -0.051887056029306496 -0.0024507657864674495 1.4319908014345157 1.576708512026695
decision_type=10 10 10 10 2 10 2 10 10 10 10 10 10 10 10 10 10 10 10 10 10 2 10 2 10 10 10 10 10 10
left_child=9 2 7 -4 -5 -6 -7 -2 -9 14 -11 12 -12 -14 19 16 17 18 -16 26 23 22 -22 24 -21 -23 29 -28 -29 -1
right_child=1 -3 3 4 5 6 -8 8 -10 10 11 -13 13 -15 15 -17 -18 -19 -20 20 21 25 -24 -25 -26 -27 27 28 -30 -31
leaf_value=1.1491493930169601e-05 2.0271107406570992e-05 -1.1246791761635212e-05 -6.2018634103977268e-06 0 0 0 0.00015989783324506793 0 -0.0001878056912550599 0 0 0 -0.00021256370110463784 0 0 0 0 0 -0.00020111882891608282 -0.00012263761354257076 0.00012942658714458168 4.2578365466643225e-07 0 0 0 -7.111443812828716e-05 0 9.9358743555088181e-05 -1.3458294303276992e-05 -6.0450284416726884e-05
leaf_weight=663 679 837 96 198 55 62 222 288 43 227 40 21 94 21 25 182 142 73 104 247 189 2818 251 192 64 222 286 422 42 185
leaf_count=663 679 837 96 198 55 62 222 288 43 227 40 21 94 21 25 182 142 73 104 247 189 2818 251 192 64 222 286 422 42 185
internal_value=0 8.29643e-06 2.12955e-05 5.17845e-05 7.14592e-05 0.000108324 0.000129512 0 -3.49145e-05 -3.02232e-06 -3.86134e-05 -9.26868e-05 -0.000128021 -0.00017066 0 -3.14103e-05 -5.79105e-05 -0.000107988 -0.000159572 2.22436e-06 -3.44747e-06 2.17852e-06 5.03888e-05 -5.23019e-05 -8.91964e-05 -3.15602e-06 1.94894e-05 4.6281e-05 7.83726e-05 0
internal_weight=8990 2480 1643 633 537 339 284 1010 331 6510 403 176 155 115 6107 526 344 202 129 5581 3983 3480 440 503 311 3040 1598 750 464 848
internal_count=8990 2480 1643 633 537 339 284 1010 331 6510 403 176 155 115 6107 526 344 202 129 5581 3983 3480 440 503 311 3040 1598 750 464 848
is_linear=0
shrinkage=0.05


Tree=184
num_leaves=31
num_cat=0
split_feature=211 359 205 245 248 241 347 211 387 219 75 19 294 363 306 236 298 224 328 341 394 215 197 301 351 380 319 76 312 247
split_gain=8.74534e-05 0.000284082 0.000308593 0.000383543 0.000466972 0.000657536 0.000441971 0.000297341 0.000380425 0.000343293 0.000396602 0.000475025 0.000264232 0.000308629 0.000324118 0.000207259 0.000305373 0.000373086 0.000194575 0.000193847 0.000249436 0.000178434 0.00019539 0.000465636 0.000572992 0.000512357 0.000622839 0.000454985 0.000897903 0.000346786
threshold=-0.82642608117316907 -0.0075198070435995492 -1.511765324708034 0.52898158427418907 1.2676696619156849 1.2275891294542938 -0.035374519123649938 -0.89182098423124312 -0.017650925200233997 -1.0202450205281919 0.78935185185185208 -0.29225650024647493 -0.00033068783068794999 -0.2115860973028473 -0.00089525642014084993 -0.84232470408153903 -0.0030398398282238995 0.29051565618147362 -0.0098248698604183494 0.0066137566137569508 -0.29843324918317005 -1.9140470292062919 -1.5286592912587651 -0.0022780590714250497 -0.31077587239253263 -0.030408081234918696 -0.0033898038116173495 -0.50495571460639044 -0.022731187038379647 -0.37636353475618262
decision_type=8 10 10 10 10 10 10 10 10 10 2 2 10 10 10 10 10 10 10 10 2 8 10 10 8 10 10 2 10 8
left_child=1 2 -1 4 5 6 -4 8 9 -3 11 -11 -9 -14 -15 19 -17 -18 -16 20 -10 -2 23 -23 25 26 -25 28 -26 -29
right_child=21 7 3 -5 -6 -7 -8 12 15 10 -12 -13 13 14 18 16 17 -19 -20 -21 -22 22 -24 24 27 -27 -28 29 -30 -31
leaf_value=0 3.3497296783254359e-05 0 0 0 0 0 0.00021216017677622536 0 0 0 0 -0.00018842687296578001 0 0 0 -3.2880847399038747e-05 0 9.3322440104290019e-05 0.00019586831516272705 0 -0.00014299279864427763 1.1125320796433247e-05 0 0 0 -1.4674523970285989e-06 0.00026763322878345418 -6.9528350535569432e-05 -0.00022024874525350456 0
leaf_weight=126 297 101 23 193 55 34 145 37 27 99 83 118 34 29 32 106 261 211 85 34 67 567 5089 26 49 121 41 348 116 436
leaf_count=126 297 101 23 193 55 34 145 37 27 99 83 118 34 29 32 106 261 211 85 34 67 567 5089 26 49 121 41 348 116 436
internal_value=0 9.58291e-06 3.91876e-05 6.06595e-05 0.000100853 0.000136806 0.000179667 0 -1.3688e-05 -5.36804e-05 -8.1922e-05 -0.000117661 4.96846e-05 8.1508e-05 0.000116064 1.95046e-06 2.10866e-05 4.38018e-05 0.000154034 -4.53784e-05 -8.9181e-05 -2.4952e-06 -4.80536e-06 -1.94601e-05 -3.91093e-05 2.37573e-05 0.000143762 -5.68327e-05 -0.000143234 -3.2256e-05
internal_weight=8990 1900 576 450 257 202 168 1324 1107 401 300 217 217 180 146 706 578 472 117 128 94 7090 6793 1704 1137 188 67 949 165 784
internal_count=8990 1900 576 450 257 202 168 1324 1107 401 300 217 217 180 146 706 578 472 117 128 94 7090 6793 1704 1137 188 67 949 165 784
is_linear=0
shrinkage=0.05


Tree=185
num_leaves=31
num_cat=0
split_feature=351 387 336 351 307 87 276 24 91 315 357 64 382 385 340 308 277 254 255 91 89 354 16 387 323 347 206 387 382 199
split_gain=8.6671e-05 0.00012764 0.000163788 0.000126378 0.000445508 0.000433762 0.000450605 0.000357115 0.000529866 0.000341913 0.000402776 0.000365944 0.000497014 0.000494885 0.000341585 0.00033614 0.000476736 0.000837746 0.000627554 0.000388953 0.000509143 0.000746456 0.000837797 0.000354587 0.000471479 0.000466261 0.000320066 0.00030982 0.000520274 0.000306445
threshold=-1.5568851295373671 -0.029776493162496396 -0.0016534391534399498 -0.019805519367230098 -0.00033068783068774995 0.036044973544973553 -0.26662845213965886 0.99388227513227512 0.11513278606058051 -0.014864117524849048 0.0013227513227510501 -0.66600651603980443 -0.34471256194265087 1.6844917395890902 -0.0006953837599090499 0.0025445347537389005 0.14008913796196093 -1.0192406086288475 -0.6643200045286396 1.1468309827518051 -0.79097631390499534 0.033546666260230611 0.79074398573175364 -0.021441790944083449 -0.31316410363686548 0.0037205778608999005 -0.98212912761266113 0.031471100294209804 -0.31278032299601416 -0.97658378911294919
decision_type=8 10 10 10 8 2 8 2 2 10 10 2 10 10 10 10 10 10 10 2 2 10 2 10 10 10 10 10 10 10
left_child=1 -1 -3 4 9 -6 7 8 -7 10 -2 12 -11 -14 -12 19 17 -17 29 26 21 22 -21 25 -25 -22 -5 -8 -29 -19
right_child=3 2 -4 15 5 6 27 -9 -10 11 14 -13 13 -15 -16 16 -18 18 -20 20 23 -23 -24 24 -26 -27 -28 28 -30 -31
leaf_value=0 -1.4336183162515474e-05 0 -0.00013583613532735332 -3.1276284302350491e-05 -4.684785807361827e-05 3.2039770791033135e-05 -7.5958968228969233e-06 0 0.00015839966694304966 0 0 -2.1029036444309664e-06 -0.00022773967511556596 0 0.00010522127444190276 0 0 0 0 0.00019926674049261918 0 0 0 0.00013350617558492361 0 -0.00017852727531226088 0 0.00011632482391594633 0 -0.00038887693969021813
leaf_weight=22 325 23 51 988 120 394 568 67 199 97 125 527 82 25 171 24 93 20 30 152 134 89 21 88 195 52 4002 153 110 43
leaf_count=22 325 23 51 988 120 394 568 67 199 97 125 527 82 25 171 24 93 20 30 152 134 89 21 88 195 52 4002 153 110 43
internal_value=0 -4.72224e-05 -8.48432e-05 5.17178e-07 9.40443e-06 2.80155e-05 3.73966e-05 6.94364e-05 8.28937e-05 -9.07437e-06 1.27045e-05 -3.44142e-05 -9.33454e-05 -0.000167948 5.92755e-05 -3.07977e-06 -6.53263e-05 -0.000133547 -0.000211963 0 3.32028e-05 8.90588e-05 0.000150964 0 3.71916e-05 -5.15675e-05 -5.77462e-06 5.92847e-06 5.4133e-05 -0.000301914
internal_weight=8990 96 74 8894 2963 1611 1491 660 593 1352 621 731 204 107 296 5931 210 117 93 5721 731 262 173 469 283 186 4990 831 263 63
internal_count=8990 96 74 8894 2963 1611 1491 660 593 1352 621 731 204 107 296 5931 210 117 93 5721 731 262 173 469 283 186 4990 831 263 63
is_linear=0
shrinkage=0.05


Tree=186
num_leaves=31
num_cat=0
split_feature=294 67 273 215 376 273 258 46 227 217 335 331 75 73 73 214 369 275 361 75 85 275 323 384 380 324 261 344 331 388
split_gain=8.55925e-05 0.000283623 0.000316175 0.000257313 0.000295729 0.000333722 0.000402803 0.000378722 0.000251353 0.000292421 0.00024931 0.000171435 0.00016751 0.0001384 0.000380967 0.000382132 0.000305825 0.000259546 0.000495836 0.000585893 0.000775254 0.0003393 0.000496365 0.000546486 0.000318598 0.000437776 0.00032855 0.000249948 0.000355384 0.000244216
threshold=-0.00033068783068794999 1.7516888959197103 -0.54742115711716544 -1.0310343461038431 -0.2865363222452712 -1.0349578685076113 -1.0000000180025095e-35 0.45064484126984089 0.85612246731179764 0.25228226500836554 -0.040873367948654989 0.0080348527777613522 0.73115079365079405 -0.27558098468965847 -0.35966097839213645 -0.073645705856569391 -0.45684571437098198 0.29040139500085094 -0.49823490171239848 0.32242063492063505 -0.59229154671770534 0.84521443215842473 -0.86693343681727975 0.27334697878395103 0.12339402047821156 0.11401058764616262 -0.54361875016316918 0.069734458720874817 0.007469637657014601 -0.10258283012988313
decision_type=8 2 10 10 10 10 10 2 10 10 10 10 2 2 2 10 10 10 10 2 2 10 10 10 10 10 10 10 10 2
left_child=1 2 11 -3 -5 -6 -7 -8 9 -4 -11 -1 -12 14 17 -16 -17 18 19 -2 -21 22 -19 -24 25 -20 -26 -15 29 -29
right_child=13 3 8 4 5 6 7 -9 -10 10 12 -13 -14 27 15 16 -18 21 24 20 -22 -23 23 -25 26 -27 -28 28 -30 -31
leaf_value=-0.00011200907799779363 0 0 0 0 0 0 -0.00015328035565623081 0 0 0 0.00018778129945319738 0 0 0 0 0 0.00015331485560153785 0 4.507568619180204e-05 0 -0.00019925137354324279 0 0.00015019735151841802 0 -8.5603349484099931e-05 -2.2508442071175936e-05 0 0 0 -0.00015774237396476331
leaf_weight=58 69 172 175 44 67 130 214 68 98 32 83 35 20 5223 27 21 127 68 652 40 118 510 181 66 172 268 57 20 89 86
leaf_count=58 69 172 175 44 67 130 214 68 98 32 83 35 20 5223 27 21 127 68 652 40 118 510 181 66 172 268 57 20 89 86
internal_value=0 -1.2575e-05 8.78468e-06 -3.51647e-05 -5.35994e-05 -6.84097e-05 -8.64018e-05 -0.000120313 3.59957e-05 6.10864e-05 0.000118222 -5.67975e-05 0.000156076 1.78528e-06 1.21768e-05 8.50856e-05 0.000122515 4.10469e-06 -6.3705e-06 -7.52461e-05 -0.0001319 2.76346e-05 6.84959e-05 0.000104903 2.8909e-06 1.99536e-05 -4.38123e-05 -1.84911e-06 -5.74263e-05 -0.000120158
internal_weight=8990 1196 501 695 523 479 412 282 408 310 135 93 103 7794 2376 175 148 2201 1376 227 158 825 315 247 1149 920 229 5418 195 106
internal_count=8990 1196 501 695 523 479 412 282 408 310 135 93 103 7794 2376 175 148 2201 1376 227 158 825 315 247 1149 920 229 5418 195 106
is_linear=0
shrinkage=0.05


Tree=187
num_leaves=31
num_cat=0
split_feature=203 301 64 276 276 265 366 41 375 70 344 341 202 382 64 66 20 371 65 388 70 218 302 91 66 387 310 355 365 398
split_gain=8.4468e-05 0.000220196 0.000354409 0.000206754 0.000464054 0.0005607 0.000491429 0.000519224 0.000329719 0.000265929 0.000419344 0.000482706 0.000483925 0.000341052 0.000505288 0.000854684 0.000395201 0.000567141 0.000422431 0.000303323 0.000300913 0.000235789 0.000278314 0.000349148 0.000227977 0.000192773 0.000304884 0.000353895 0.000371503 0.000473704
threshold=1.4044140229654565 0.0075836036834650003 0.016159190110260301 -2.1615589588609958 -1.73394691357044 0.75414274129200354 -1.0151317970843798 1.5904707919250802 0.098793004829767814 0.74884259259259289 -0.029757547757935248 -0.005291005291005099 0.60638529040165567 1.4165013684967058 -0.70651793504033178 -0.23572129172396697 -0.67721178119027192 -0.52481532456090485 1.3141480355183102 -0.014374543497482548 0.32423941798941808 1.3644129268800891 0.052937200177037312 -0.51220339637439094 1.0190921053435751 -0.032870889466500443 -0.00086642414882989987 0.13171908297425158 0.49933862433862447 0.0035159602790558004
decision_type=10 10 2 8 8 10 10 2 10 2 10 10 10 10 2 2 2 10 2 2 2 10 10 2 2 10 10 10 10 2
left_child=3 25 -3 21 5 6 -5 8 -8 13 19 -12 -13 16 15 -15 17 -6 -18 -11 -16 22 23 -1 -21 -2 27 28 29 -27
right_child=1 2 -4 4 9 -7 7 -9 -10 10 11 12 -14 14 20 -17 18 -19 -20 24 -22 -23 -24 -25 -26 26 -28 -29 -30 -31
leaf_value=0 2.8463536856220817e-05 0.00015844608758403317 0 0 0 0 -0.000257686743047344 0 0 0 4.505517485221921e-06 -8.518631920348944e-05 0 0 -3.4847328146357275e-05 -0.00017189001438753021 0 8.3059862449895956e-05 0.00010867158070505562 0.00015752867792185183 3.4124839253594403e-05 0 0 0.00014611104712756114 0 -0.0001493284990324677 4.7884712002482083e-06 1.6815848328502674e-05 0 0
leaf_weight=67 503 64 57 28 259 100 91 31 23 34 278 526 229 71 346 134 4248 394 90 65 285 71 44 120 20 171 526 30 47 38
leaf_count=67 503 64 57 28 259 100 91 31 23 34 278 526 229 71 346 134 4248 394 90 65 285 71 44 120 20 171 526 30 47 38
internal_value=0 1.10187e-05 7.72792e-05 -2.20745e-06 -4.51561e-06 -6.89032e-05 -0.000124853 -0.00016451 -0.000213993 -1.27956e-06 -2.36737e-05 -3.69019e-05 -5.87688e-05 2.29004e-06 -2.59311e-05 -9.43409e-05 8.01934e-06 4.46326e-05 1.35445e-06 4.91085e-05 0 3.66514e-05 6.56259e-05 9.50703e-05 0.000110842 1.11436e-06 -9.67185e-06 -5.37355e-05 -8.15302e-05 -0.000112174
internal_weight=8990 1436 121 7554 7252 273 173 145 114 6979 1152 1033 755 5827 836 205 4991 653 4338 119 631 302 231 187 85 1315 812 286 256 209
internal_count=8990 1436 121 7554 7252 273 173 145 114 6979 1152 1033 755 5827 836 205 4991 653 4338 119 631 302 231 187 85 1315 812 286 256 209
is_linear=0
shrinkage=0.05


Tree=188
num_leaves=31
num_cat=0
split_feature=362 296 351 328 72 354 215 238 253 53 347 76 73 66 35 49 277 251 351 257 349 324 41 49 27 241 366 368 325 39
split_gain=8.32753e-05 0.00032178 0.000139514 0.000276303 0.000293512 0.000246187 0.000195209 0.00014898 0.000592142 0.00048556 0.000341683 0.000579434 0.00038823 0.000410787 0.000384946 0.000340466 0.00031449 0.000245327 0.00023515 0.000370373 0.000471627 0.000306795 0.000259539 0.000308272 0.000228981 0.000247981 0.00018592 0.000255091 0.000215393 0.000183846
threshold=0.26388888888888912 0.0011229000131179501 -0.85540231709897319 0.0052633749474210508 0.16010097201961201 -0.04981722922327169 -1.246759578691121 -0.37757815763393937 -0.024337142115681495 -0.21906573271696247 0.0052666793341801009 -0.11260005392029949 -1.6594057954440098 1.1717600556404502 0.91617063492063511 -0.72000027823405033 1.0650400776677182 -0.080716612100411131 -0.3693240848467288 0.98923867440529045 -0.12571840546861715 0.17405067449136782 -2.4078997615951296 -0.8438654032927434 -1.6096473839564547 0.75617667604501959 -0.40609690296621154 0.29460107386058226 0.013342610697815253 -1.7618396025353298
decision_type=8 10 8 10 2 10 10 8 10 2 10 2 2 2 2 2 10 10 10 8 8 10 2 2 2 10 10 10 10 2
left_child=2 -2 3 4 5 -1 -7 8 9 26 12 -12 13 -10 -13 -11 -17 -14 19 20 -9 -22 23 -20 29 -26 27 -4 -28 -24
right_child=1 -3 7 -5 -6 6 -8 18 10 15 11 14 17 -15 -16 16 -18 -19 22 -21 21 -23 24 -25 25 -27 28 -29 -30 -31
leaf_value=0 0 0.00010992231186024457 0.00013454235268324288 0 0 0 -0.00021216369829337299 0 0.00012847883428838164 0 1.5846209756754826e-05 -0.00011381863389572065 2.2725085713403552e-05 0 0 0.00013081871440034768 0 -2.774588370440367e-05 0 -1.1412867859223052e-06 0.00015250310491772264 0 0 -0.00016217429765251026 -7.8115707219776447e-07 -2.8113928037359281e-05 -5.483837488329403e-05 0 1.7455676841700347e-05 6.3675963096757987e-05
leaf_weight=24 299 83 56 105 54 27 64 47 125 92 164 246 445 20 114 267 74 498 22 132 140 25 35 60 4007 1214 201 77 68 205
leaf_count=24 299 83 56 105 54 27 64 47 125 92 164 246 445 20 114 267 74 498 22 132 140 25 35 60 4007 1214 201 77 68 205
internal_value=0 2.28579e-05 -9.96501e-07 -3.61062e-05 -7.87277e-05 -0.000124423 -0.00016222 0 1.05241e-05 4.53797e-05 -4.43092e-06 -3.95163e-05 7.87371e-06 8.45808e-05 -7.86194e-05 8.23017e-05 0.000105337 0 -4.15056e-06 3.35152e-05 7.86579e-05 0.000122841 -7.39069e-06 -9.93265e-05 -5.09286e-06 -8.09471e-06 0 5.32755e-05 -1.79831e-05 3.93613e-05
internal_weight=8990 382 8608 274 169 115 91 8334 2447 835 1612 524 1088 145 360 433 341 943 5887 344 212 165 5543 82 5461 5221 402 133 269 240
internal_count=8990 382 8608 274 169 115 91 8334 2447 835 1612 524 1088 145 360 433 341 943 5887 344 212 165 5543 82 5461 5221 402 133 269 240
is_linear=0
shrinkage=0.05


Tree=189
num_leaves=31
num_cat=0
split_feature=359 227 336 207 325 256 367 310 371 207 245 350 345 368 227 379 302 372 386 19 345 355 360 350 301 349 44 350 316 399
split_gain=8.22709e-05 0.000211917 0.00026537 0.000188648 0.000407936 0.000478194 0.000723503 0.00079344 0.000661681 0.000230162 0.000495219 0.000635467 0.000621199 0.000476406 0.000225927 0.000489179 0.000213392 0.00019343 0.000442057 0.000560705 0.000366081 0.000423897 0.000383608 0.000323354 0.000161396 0.000144852 0.000155733 0.000134234 0.000130031 0.000115167
threshold=-0.068841227719630291 -0.078442292206670233 0.0019841269841268504 2.3746433219200727 -0.019578717449025597 0.82681930577587004 0.33564814814814814 -0.006609369225116549 -1.3582666898296585 1.8334710151102473 0.18208785164173308 0.095782340659818818 -0.0052910052910049498 1.7530191409118736 -2.3271855308746558 0.0052067899417187506 -0.0080393414910799477 0.010495163832139852 0.013674316322965003 0.45011611725825401 0.0033068783068775504 0.090316216981075267 0.067243247095737063 0.036540018933208109 -0.0039831962590900988 -0.011116641809549398 0.24818121693121703 0.024542033263968355 -0.063645527844646929 -0.7075701435838152
decision_type=10 8 10 8 10 10 10 10 10 10 10 10 10 10 10 10 10 10 10 2 10 10 10 8 10 10 2 8 10 2
left_child=1 2 24 9 27 6 7 -6 -9 14 11 12 -11 -14 15 -2 -13 18 23 -20 22 -22 -19 -16 -1 26 -12 28 -5 -26
right_child=3 -3 -4 4 5 -7 -8 8 -10 10 25 16 13 -15 17 -17 -18 20 19 -21 21 -23 -24 -25 29 -27 -28 -29 -30 -31
leaf_value=0 -0.00020222751450411555 0 0 0 0 0 0 0 -0.00030009765359823731 0 0 -0.00014902012657202178 0.00021286362473072926 0 -4.7830707848026221e-06 0 0 5.1562019543855973e-05 -8.213853095208227e-06 -9.8920491075651831e-05 -8.1978801704199643e-05 5.8335461418502776e-06 0 2.5435311265642574e-05 0.00024358109661253257 0 -0.00012969609374229995 0 0.00016551841181643544 0
leaf_weight=23 44 216 48 26 22 101 30 24 90 70 26 24 135 20 3754 38 28 795 969 262 173 307 351 1127 35 116 45 46 25 20
leaf_count=23 44 216 48 26 22 101 30 24 90 70 26 24 135 20 3754 38 28 795 969 262 173 307 351 1127 35 116 45 46 25 20
internal_value=0 2.40528e-05 7.59664e-05 -9.47252e-07 -3.62852e-05 -7.42424e-05 -0.000126732 -0.000181359 -0.000237945 2.35398e-09 3.4726e-05 8.03847e-05 0.000122493 0.000178295 -1.41902e-06 -8.40918e-05 -5.72879e-06 0 -4.60972e-06 -3.15873e-05 1.47483e-05 -1.54115e-05 3.17435e-05 1.17023e-06 0.000133463 -6.19046e-06 -7.20699e-05 1.66705e-05 8.42336e-05 0.000180473
internal_weight=8990 342 126 8648 364 267 166 136 114 8284 464 277 225 155 7820 82 52 7738 6112 1231 1626 480 1146 4881 78 187 71 97 51 55
internal_count=8990 342 126 8648 364 267 166 136 114 8284 464 277 225 155 7820 82 52 7738 6112 1231 1626 480 1146 4881 78 187 71 97 51 55
is_linear=0
shrinkage=0.05


Tree=190
num_leaves=31
num_cat=0
split_feature=203 343 378 323 248 351 297 91 56 388 224 241 381 41 52 205 41 200 345 349 56 360 248 32 388 342 345 85 229 325
split_gain=8.45798e-05 0.000232207 0.000232008 0.000230579 0.000274852 0.000306996 0.000232811 0.00022036 0.000214632 0.000200437 0.000266698 0.000185153 0.000437439 0.000355527 0.000450456 0.000429757 0.000545692 0.000300072 0.000361321 0.000523066 0.000419325 0.000251018 0.000618725 0.000483005 0.000704438 0.000585793 0.000330968 0.000614779 0.000480545 0.000444877
threshold=1.4044140229654565 0.019179894179893953 -0.38305897381241105 0.37281868084111741 1.846145554295336 -0.097057991684032036 0.00028910088691500008 -0.18595576987667597 0.3346560846560846 -0.026513578296970045 0.25955627970136502 0.92536847082684826 -0.26929258167448805 0.58109869688244109 -0.43030290735644444 1.5415526947660287 0.27090136514561908 -1.1664189686009219 0.00033068783068715006 0.058765440416864663 0.49735449735449738 -0.039627823274747391 -0.8568653473031439 0.659308862433862 0.20720363730585153 0.015471838676217301 0.0026455026455020503 -0.24999116134377039 1.576708512026695 0.016691050502193754
decision_type=10 10 10 10 10 10 10 2 2 2 10 8 10 2 2 10 2 10 10 10 2 10 10 2 2 10 10 2 10 10
left_child=11 3 -3 4 -2 -6 -5 -7 -4 -8 -11 21 17 14 -14 16 -16 -13 -19 20 -20 22 -1 24 25 -24 27 -23 29 -29
right_child=1 2 8 6 5 7 9 -9 -10 10 -12 12 13 -15 15 -17 -18 18 19 -21 -22 26 23 -25 -26 -27 -28 28 -30 -31
leaf_value=2.9656864697506823e-05 0 0 0 0 0 0 0 -0.00022743674371418534 0.00014343718410662459 0 0.00015328193612930158 -5.6185683755092901e-05 0 0 -5.0486746327766329e-05 0 -0.0002779844776110791 0 0 0 0.00019481423438643167 0 -0.00017607856794845853 0 0 0 -1.4956069444224926e-05 7.9569262519200846e-05 0 0
leaf_weight=285 807 26 23 170 34 48 47 40 91 54 96 110 105 332 174 128 72 293 55 87 97 2792 199 258 131 75 1207 726 244 184
leaf_count=285 807 26 23 170 34 48 47 40 91 54 96 110 105 332 174 128 72 293 55 87 97 2792 199 258 131 75 1207 726 244 184
internal_value=0 1.11185e-05 7.35415e-05 5.12423e-07 -8.60224e-06 -7.86809e-05 3.7201e-05 -0.000131497 0.000108278 7.43674e-05 0.000102959 -2.11892e-06 -1.83903e-05 -4.388e-05 -7.15186e-05 -9.77793e-05 -0.000137474 6.02423e-06 2.82921e-05 7.45604e-05 0.000131668 9.36952e-07 -2.16325e-05 -5.12215e-05 -8.52957e-05 -0.000131063 6.0597e-06 1.37553e-05 4.44822e-05 6.18804e-05
internal_weight=8990 1436 140 1296 929 122 367 88 114 197 150 7554 1453 811 479 374 246 642 532 239 152 6101 948 663 405 274 5153 3946 1154 910
internal_count=8990 1436 140 1296 929 122 367 88 114 197 150 7554 1453 811 479 374 246 642 532 239 152 6101 948 663 405 274 5153 3946 1154 910
is_linear=0
shrinkage=0.05


Tree=191
num_leaves=31
num_cat=0
split_feature=288 284 220 34 371 249 283 318 341 216 372 336 219 361 210 275 372 375 327 18 265 348 19 205 352 21 274 382 63 229
split_gain=8.71585e-05 0.000502962 0.000442259 0.00081216 0.000293327 0.000337285 0.000256713 0.00023369 0.000156092 0.000351644 0.00039589 0.000419354 0.000521334 0.000528254 0.000342161 0.000439078 0.000323364 0.000304848 0.000402385 0.000295148 0.000312184 0.000294558 0.00041519 0.000695052 0.000323749 0.000277685 0.000262344 0.000237447 0.000583815 0.000682319
threshold=0.00082671957671945015 -0.00016534391534284997 1.5251711311611107 0.88409391534391457 -1.5109222533420852 -1.3710651439615134 -0.0013342350441325997 2.1138109130016036 0.0074404761904763002 -0.98383221607406079 -0.00073414004778274997 -0.0072751322751319495 0.77352689853449841 0.63112500212560951 0.57068540228538511 1.1418409121314304 -0.010031794471535098 0.022936187796065755 -0.058296504054999143 -1.4887738858629058 -1.3644368366910002 -0.15535231605563152 -0.20353033949345997 -1.5564916831680484 0.050024923450505604 1.9686965480292953 0.10193512916952237 -1.2234193778677429 0.16253306878306903 0.82776514396662615
decision_type=10 10 10 2 10 10 10 10 8 10 10 10 8 10 10 10 10 10 10 2 10 10 2 10 10 2 10 10 2 10
left_child=8 2 3 4 -2 -6 7 -3 9 10 17 -12 13 -13 15 16 -10 -1 -19 -18 -21 22 -11 26 -25 -20 -24 28 -23 -30
right_child=1 6 -4 -5 5 -7 -8 -9 14 21 11 12 -14 -15 -16 -17 19 18 25 20 -22 27 23 24 -26 -27 -28 -29 29 -31
leaf_value=-2.5892324270688367e-05 0 0 0 0 0 -0.00027233943461722542 0 0.00020579015072027127 0 0 0 -0.00014015993573539246 0 0 -4.4434968280802028e-06 -1.9158684084959898e-05 0 0 0.00017002491415446991 0 9.6770478394855722e-05 3.3037566405925524e-06 -0.00013527811164609513 0.0001827420037479869 0 0 2.4196107447746064e-05 2.5677202817753479e-06 -0.00013351439442213742 0
leaf_weight=305 21 23 57 45 20 82 97 31 204 313 107 282 118 50 844 175 61 79 78 86 488 356 35 130 37 20 23 4491 209 123
leaf_count=305 21 23 57 45 20 82 97 31 204 313 107 282 118 50 844 175 61 79 78 86 488 356 35 130 37 20 23 4491 209 123
internal_value=0 -2.36487e-05 -7.82039e-05 -0.000121519 -0.000191465 -0.000226675 2.45495e-05 0.000116388 9.36757e-07 -1.95659e-06 -2.90967e-05 -5.79282e-05 -8.05148e-05 -0.000112741 1.41479e-05 3.45518e-05 5.17146e-05 0 5.61104e-05 6.93277e-05 8.12544e-05 2.10167e-06 3.75734e-05 8.93642e-05 0.000145453 0.000126247 0 -6.18403e-07 -2.86799e-05 -7.80221e-05
internal_weight=8990 376 225 168 123 102 151 54 8614 6756 1039 557 450 332 1858 1014 839 482 177 635 574 5717 538 225 167 98 58 5179 688 332
internal_count=8990 376 225 168 123 102 151 54 8614 6756 1039 557 450 332 1858 1014 839 482 177 635 574 5717 538 225 167 98 58 5179 688 332
is_linear=0
shrinkage=0.05


Tree=192
num_leaves=31
num_cat=0
split_feature=357 250 295 246 357 316 78 359 361 246 225 310 208 369 225 245 285 360 207 54 270 277 211 313 308 332 257 211 224 56
split_gain=8.60926e-05 0.000317566 0.000450761 0.000398454 0.000222101 0.000408468 0.00039014 0.000487054 0.000208681 0.000257125 0.000161076 0.000311404 0.000491673 0.000506756 0.000188003 0.000355711 0.000354071 0.000397651 0.000216233 0.000657565 0.000619157 0.000209279 0.000369223 0.000269493 0.000184718 0.00030259 0.000185849 0.000137489 0.000300176 0.000227897
threshold=0.098214285714285657 -0.014413567648220748 -0.0032894855490179496 0.74555359835795043 0.037037037037036959 -0.035155981894975645 0.29150132275132307 0.039303161902226109 0.57464919591321528 0.76187681907464577 -2.3134513741305476 0.00099555458651195017 -0.56933771504451547 0.011001371520647002 -1.6274515712806841 -1.4084739908169641 0.00033411294260305005 -0.030436264379669949 2.4032785117037041 0.55572089947089964 2.4434470151577181 -1.065776406952373 -0.030448682198385247 -0.0089329325214211972 -0.0090911595415955979 -0.0058542105449681985 -0.42846786765714201 -0.33255245209640938 0.99213334116625151 0.80307539682539708
decision_type=10 10 10 10 8 10 2 10 10 10 8 10 8 10 8 10 10 10 10 2 10 8 10 8 10 10 10 10 10 2
left_child=4 2 -2 -4 10 27 -7 8 9 -8 11 12 13 -1 15 16 17 -12 21 -20 -21 22 -16 -23 26 -26 -17 -6 29 -29
right_child=1 -3 3 -5 5 6 7 -9 -10 -11 14 -13 -14 -15 18 24 -18 -19 19 20 -22 23 -24 -25 25 -27 -28 28 -30 -31
leaf_value=-0.00026593808663562978 0 0 -0.00026048309295468534 0 1.9894592338739249e-05 0 0.00020879762446524851 0 0 0 0 0 0 0 4.8276966244926162e-05 -7.9787242404278298e-06 0 0.00012283316369328924 0 -0.000295786952571252 0 -2.1639398432805995e-05 -8.8283069623941789e-06 1.5884810792489387e-06 -0.00012628711820748714 0 4.4787156357469442e-05 0 0 -0.00020222265011398123
leaf_weight=52 43 98 46 22 164 128 113 22 25 29 71 120 96 49 568 144 71 212 184 43 32 1623 327 4123 71 82 269 74 50 39
leaf_count=52 43 98 46 22 164 128 113 22 25 29 71 120 96 49 568 144 71 212 184 43 32 1623 327 4123 71 82 269 74 50 39
internal_value=0 -3.17659e-05 -9.51058e-05 -0.00017693 6.94425e-07 2.9277e-05 7.04372e-05 0.000116093 0.000150129 0.000173711 -9.53598e-07 -3.59618e-05 -7.76559e-05 -0.000154644 0 2.16578e-05 6.10752e-05 8.82747e-05 -2.35987e-06 -4.72726e-05 -0.000172045 0 2.18282e-05 -4.10251e-06 0 -4.96532e-05 1.42883e-05 0 -4.13426e-05 -9.53941e-05
internal_weight=8990 209 111 68 8781 644 317 189 167 142 8137 317 197 101 7820 920 354 283 6900 259 75 6641 895 5746 566 153 413 327 163 113
internal_count=8990 209 111 68 8781 644 317 189 167 142 8137 317 197 101 7820 920 354 283 6900 259 75 6641 895 5746 566 153 413 327 163 113
is_linear=0
shrinkage=0.05


Tree=193
num_leaves=31
num_cat=0
split_feature=326 377 299 220 339 85 210 303 314 349 202 351 295 336 245 78 50 87 63 19 332 40 378 242 332 387 395 243 272 60
split_gain=8.78872e-05 0.00042219 0.000709154 0.000664328 0.000444919 0.000636932 0.000809251 0.000373095 0.000330797 0.000323343 0.00030996 0.000271505 0.000652199 0.000509483 0.000712445 0.000432178 0.000483212 0.00045954 0.00039539 0.000391979 0.000374235 0.000476161 0.000460905 0.000414466 0.000378603 0.000351409 0.000348384 0.000357074 0.000341368 0.00039453
threshold=0.017661477827956702 0.056732882062105756 -0.48825510609024597 0.71793960074974728 -0.069128928721473679 1.0872840419157768 -1.0349889428838626 -0.00033068783068774995 0.0027340210683464007 0.058765440416864663 -0.71376262274124735 0.010974449748543601 0.0011641448797944001 0.0013227513227509504 -1.1749851199111607 0.88905423280423335 -0.8529117608812079 0.041997354497354505 0.15476190476190502 -0.25739573065310245 -0.009609209850863748 -1.1100313673152746 -0.0068127220839025995 1.0679208404686322 -0.044270206790248193 -0.091135210043580286 2.073327604611825 2.3288335272296528 0.3763771396012387 0.69890873015873012
decision_type=10 10 10 10 10 2 10 10 10 10 10 8 10 10 10 2 2 2 2 2 8 2 10 10 10 10 2 10 10 2
left_child=11 2 3 10 9 7 -7 8 -6 -4 -2 15 20 14 -14 16 28 -18 -17 -20 22 -22 -13 -23 -24 -26 27 -21 29 -1
right_child=1 -3 4 -5 5 6 -8 -9 -10 -11 -12 12 13 -15 -16 18 17 -19 19 26 21 23 24 -25 25 -27 -28 -29 -30 -31
leaf_value=0.00011630266130267409 0 2.8021724258751352e-06 0.00015125857062083897 0 -7.5236448662386332e-05 -0.00029255148298134356 0 3.0427024637985498e-05 0 0 -0.00029407990461904345 2.4498200651401745e-05 0.00029135110486216146 0 0 0 -9.3293752226908424e-05 0 0 -0.0001774991827355476 -6.3861547896747034e-06 8.3500857405089659e-05 0 0 0 -0.0001157585953151833 0 0 0 0
leaf_weight=222 27 2530 62 52 266 49 37 285 127 24 61 245 63 57 52 70 138 2850 66 153 291 435 111 112 71 225 40 23 123 123
leaf_count=222 27 2530 62 52 266 49 37 285 127 24 61 245 63 57 52 70 138 2850 66 153 291 435 111 112 71 225 40 23 123 123
internal_value=0 -6.24665e-06 -3.44194e-05 -0.000142587 -1.07071e-05 -2.79593e-05 -0.00015909 -3.93168e-06 -4.15691e-05 8.43392e-05 -0.000226236 3.88029e-06 2.11077e-05 0.000115641 0.000176242 -2.32595e-06 1.6627e-06 -4.21688e-06 -5.56772e-05 -8.58671e-05 6.83262e-06 3.12602e-05 -1.6896e-05 6.04244e-05 -5.40958e-05 -8.49703e-05 -0.000118995 -0.000149405 4.98759e-05 7.6467e-05
internal_weight=8990 3520 990 140 850 764 86 678 393 86 88 5470 1662 172 115 3808 3456 2988 352 282 1490 838 652 547 407 296 216 176 468 345
internal_count=8990 3520 990 140 850 764 86 678 393 86 88 5470 1662 172 115 3808 3456 2988 352 282 1490 838 652 547 407 296 216 176 468 345
is_linear=0
shrinkage=0.05


Tree=194
num_leaves=31
num_cat=0
split_feature=274 274 354 394 63 19 301 314 354 256 341 226 379 357 243 72 353 266 15 352 231 260 19 71 325 378 260 281 354 328
split_gain=8.31691e-05 0.00024614 0.000345836 0.000420692 0.000339665 0.000395523 0.000538125 0.000252181 0.000330434 0.000247594 0.000207527 0.000192703 0.00021521 0.000262955 0.000190832 0.000189664 0.000199347 0.000300058 0.000357893 0.000397614 0.000456627 0.000317136 0.000553369 0.00052771 0.000328319 0.000300309 0.000240243 0.000243441 0.000227216 0.000220078
threshold=0.56657431145887804 1.4995460557155249 0.013333392483368602 -0.42960940271609432 0.10697751322751302 -0.41746826361353345 -0.0011639384282149999 0.00065882263028420004 0.0029600529661599003 -1.8779316301886684 0.0046296296296296511 -0.038786458140577643 -0.96013220884037775 0.041005291005290954 2.128624519619025 2.0530013309904702 0.1780838886543212 1.1359823822918871 0.031911375661375661 -0.040429680382515543 1.588739772991546 -0.28327519458720735 0.36977255998086056 0.73578042328042315 0.046870947116428106 0.0012117539981502503 -0.018847844278198893 -1.0416983489183758 0.20015405041647913 -0.0079154102147481979
decision_type=10 10 10 2 2 2 10 10 10 10 10 10 10 10 10 2 8 8 2 10 10 10 2 2 10 10 8 10 10 10
left_child=15 2 7 9 -5 -6 -7 11 -9 -4 14 -2 -13 -14 -11 16 17 21 -19 -20 -21 22 -1 -24 28 -26 27 -18 -23 -29
right_child=1 -3 3 4 5 6 -8 8 -10 10 -12 12 13 -15 -16 -17 26 18 19 20 -22 24 23 -25 25 -27 -28 29 -30 -31
leaf_value=-2.8766916731906676e-06 0 -1.0666744043578962e-05 -6.741618744987285e-05 0 0 0 0.00022994891151546009 0 -0.00015194680172957297 0.00010478157325204446 0 0 7.9975080851176942e-05 0 0 6.341080632364585e-05 0 1.6402563454518035e-05 0 -9.4659949150034071e-05 0 3.6698435025756585e-06 -0.00014069318303180822 0 0 0.00014213601547619211 0 0 -4.6997766387247518e-05 0.00015780301851003821
leaf_weight=905 240 837 82 62 112 51 109 351 50 113 75 30 309 30 29 96 39 133 187 458 113 3456 175 48 81 80 393 29 236 81
leaf_count=905 240 837 82 62 112 51 109 351 50 113 75 30 309 30 29 96 39 133 187 458 113 3456 175 48 81 80 393 29 236 81
internal_value=0 7.75419e-06 2.01816e-05 4.9221e-05 8.79707e-05 0.000112352 0.000166222 0 -2.87101e-05 0 3.36513e-05 2.2187e-05 4.60171e-05 6.23822e-05 7.33565e-05 -3.00536e-06 -4.77994e-06 -8.0949e-06 -3.52983e-05 -5.09662e-05 -7.20323e-05 -2.22436e-06 -2.61399e-05 -9.80938e-05 3.47997e-06 7.33798e-05 2.19057e-05 7.59795e-05 0 0.000115523
internal_weight=8990 2480 1643 633 334 272 160 1010 401 299 217 609 369 339 142 6510 6414 5872 891 758 571 4981 1128 223 3853 161 542 149 3692 110
internal_count=8990 2480 1643 633 334 272 160 1010 401 299 217 609 369 339 142 6510 6414 5872 891 758 571 4981 1128 223 3853 161 542 149 3692 110
is_linear=0
shrinkage=0.05


Tree=195
num_leaves=31
num_cat=0
split_feature=260 73 67 73 356 356 93 201 55 346 78 248 253 246 344 246 76 85 361 363 9 205 352 238 219 218 273 361 397 218
split_gain=8.45121e-05 0.00018272 0.000152818 0.000129213 0.000287885 0.000491327 0.000575743 0.000393271 0.000411349 0.000283182 0.000352186 0.000700072 0.000482219 0.000830301 0.000362512 0.000439051 0.000429118 0.00054709 0.000273239 0.000430611 0.000344282 0.000368012 0.00022929 0.000636415 0.000601224 0.000531815 0.00051585 0.000405388 0.000269259 0.000227217
threshold=2.5128110019680068 0.15759199811926752 1.8215267914292703 -0.30323842069971091 -0.039104910302266198 -0.071400680824154891 0.25686242189687952 1.3798035760972733 -1.0500586934629796 -0.0050125418235454485 0.31001984126984106 -0.016499416589741796 2.7879377904247304 -1.1416425700992963 0.014703302771286902 -0.3339339679923467 0.60900813215119298 0.68238013357377558 -0.49823490171239848 0.19016761204226348 1.121424942072285 1.3561485354021106 0.056550310122162308 -0.99139576139958685 0.62040108000671068 -0.44953613640362061 2.0209147251052859 -0.30314352971839342 -0.37439492625182808 0.38694993752470597
decision_type=10 2 2 2 8 10 2 10 2 10 2 10 10 10 10 10 2 2 10 10 2 10 10 8 10 10 10 10 2 8
left_child=3 2 -2 9 5 -5 -7 8 -8 18 14 12 13 -12 16 -16 -11 -18 19 20 -1 -22 23 25 27 -6 -27 -24 -29 -25
right_child=1 -3 -4 4 22 6 7 -9 -10 10 11 -13 -14 -15 15 -17 17 -19 -20 -21 21 -23 24 29 -26 26 -28 28 -30 -31
leaf_value=0 -0.00018661528285453559 0 0 0 0 0 0 0 -0.00017685355848668462 0 0.00016116138826763646 0 0 1.272803864687805e-05 -0.00018559431150549802 0 0.0002011259224772858 0 0 0 -0.00024782945024749416 0 0 8.2646484106941974e-06 1.5663444067949918e-05 0.00016222461991270899 0 0 -0.00011540617164734388 -1.9005493810359623e-05
leaf_weight=26 30 50 20 705 99 185 30 50 174 495 260 549 84 279 56 86 62 34 716 42 59 20 71 2927 324 167 42 66 263 1019
leaf_count=26 30 50 20 705 99 185 30 50 174 495 260 549 84 279 56 86 62 34 716 42 59 20 71 2927 324 167 42 66 263 1019
internal_value=0 -4.57368e-05 -0.000115314 4.60548e-07 -2.98353e-06 -2.58773e-05 -6.73953e-05 -0.000116248 -0.00014711 9.88396e-06 2.16001e-05 3.88526e-05 7.51556e-05 9.36199e-05 0 -7.66446e-05 1.10004e-05 0.000109122 -1.01848e-05 -7.24734e-05 -0.000132643 -0.000185091 1.27374e-06 6.63609e-06 -2.33253e-05 7.59742e-05 0.000121915 -6.7399e-05 -9.27479e-05 0
internal_weight=8990 100 50 8890 6122 1144 439 254 204 2768 1905 1172 623 539 733 142 591 96 863 147 105 79 4978 4254 724 308 209 400 329 3946
internal_count=8990 100 50 8890 6122 1144 439 254 204 2768 1905 1172 623 539 733 142 591 96 863 147 105 79 4978 4254 724 308 209 400 329 3946
is_linear=0
shrinkage=0.05


Tree=196
num_leaves=31
num_cat=0
split_feature=262 277 12 219 201 355 390 91 259 201 270 366 376 267 355 308 354 34 208 252 247 198 321 282 379 201 19 65 331 348
split_gain=8.26575e-05 0.000263759 0.000354319 0.000428071 0.000325526 0.000379282 0.000430888 0.000296083 0.000379754 0.000231709 0.000191595 0.000329991 0.000159005 0.000137908 0.000375878 0.000456552 0.000284677 0.000278148 0.000270428 0.000365627 0.000739719 0.000568617 0.000859433 0.00054689 0.000674196 0.000384798 0.000327835 0.0004256 0.000437176 0.000476338
threshold=-0.8486786927043406 -0.78128517660683383 0.0076884920634920006 0.57153272224217144 -0.13305159983766204 -1.0000000180025095e-35 2.1735747362229465 -0.82945809849125685 -0.80022762492742849 -0.92158899411981443 1.2040626498645552 0.14988135836764985 0.0062594390643967513 -1.6486186839782813 -0.046974193898529942 -0.0096156809639430987 -0.017060573382307296 0.34126984126984122 -0.97230902999090096 -0.40866865530086705 -0.35695927209842193 -2.3786410013488632 0.021111149028490202 -0.0014952686178499497 0.19530401896266128 -0.0097509124995468471 0.61109025803892714 0.047714909988301461 0.011645158250778201 0.016763000828048002
decision_type=8 8 2 10 10 10 2 2 10 10 10 10 10 10 8 10 10 2 10 10 10 10 10 10 10 10 2 2 10 10
left_child=1 4 3 7 5 -1 9 -3 -9 -7 -6 -12 -11 14 15 16 17 -2 19 20 23 -22 -23 24 -15 -25 -20 -28 29 -29
right_child=13 2 -4 -5 10 6 -8 8 -10 12 11 -13 -14 18 -16 -17 -18 -19 26 -21 21 22 -24 25 -26 -27 27 28 -30 -31
leaf_value=0 0 0 0 0 0 0 0 0 0.00022561460613893089 -0.00042765648521260539 0.00018354081364403631 0 0 -0.00012951261492590946 0 0 0 -0.00027191074739173221 0 0 0 0.00017129037420982068 0 0.00015576449655082798 1.7114795828867215e-05 0 -2.8745030206083786e-06 -0.00023701407060059787 0 0
leaf_weight=86 25 55 161 66 73 21 41 41 88 20 43 36 25 141 432 65 20 52 5546 733 59 235 95 67 68 38 489 76 40 53
leaf_count=86 25 55 161 66 73 21 41 41 88 20 43 36 25 141 432 65 20 52 5546 733 59 235 95 67 68 38 489 76 40 53
internal_value=0 1.57482e-05 4.51731e-05 8.30422e-05 -4.8203e-06 -5.90746e-05 -0.000123067 0.000123212 0.000165476 -0.000202081 3.11888e-05 8.90278e-05 -0.000269622 -1.52414e-06 -2.47492e-05 -8.96767e-05 -0.000158682 -0.000202343 0 1.98251e-05 4.58567e-05 9.24801e-05 0.000119948 0 -5.79087e-05 7.96056e-05 -4.2419e-06 -3.76167e-05 -0.000108513 -0.000154562
internal_weight=8990 756 411 250 345 193 107 184 129 66 152 79 45 8234 594 162 97 77 7640 1436 703 389 330 314 209 105 6204 658 169 129
internal_count=8990 756 411 250 345 193 107 184 129 66 152 79 45 8234 594 162 97 77 7640 1436 703 389 330 314 209 105 6204 658 169 129
is_linear=0
shrinkage=0.05


Tree=197
num_leaves=31
num_cat=0
split_feature=244 351 203 272 393 385 389 80 19 276 393 393 202 260 72 91 73 31 80 249 89 380 375 321 249 298 281 301 318 398
split_gain=8.38711e-05 0.000235235 0.000261755 0.000341259 0.000318576 0.000451674 0.000275747 0.000166552 0.000541632 0.000601783 0.000378684 0.000344824 0.0002474 0.000279837 0.000287562 0.000253137 0.00022766 0.00019679 0.000415084 0.000314857 0.000455697 0.00059244 0.0002995 0.000340383 0.000386717 0.000472304 0.00033267 0.000435917 0.000412624 0.000575125
threshold=-1.9420039641850828 -0.014793950998168248 -0.5824124945849799 1.7829823056613792 -2.2827271614278009 -1.4252240540878074 -0.18519621877334547 0.85995370370370339 -0.49477875500438995 0.3851836417025773 1.3911657152312451 -1.9522317719470965 -0.81401929284048935 -1.0000000180025095e-35 1.5928650876839052 0.7396233638811196 0.88618067813977763 0.97007275132275106 0.60813492063492058 2.1367942772746304 0.14474546730100604 -0.19193548402555297 -0.18152638308791616 0.011865626179997252 -0.63921457799071579 -0.00051986044154349992 0.21012371304041538 0.0013656279571099001 -0.15797197630592508 -0.00075469467769319982
decision_type=10 10 10 10 2 10 2 2 2 10 2 2 10 10 2 2 2 2 2 10 2 10 10 10 10 10 10 10 10 2
left_child=1 -1 -3 4 -4 -6 -7 17 -9 12 11 -11 15 -14 -15 -10 -13 22 -19 20 21 -20 23 24 -2 -26 27 -24 -28 -30
right_child=7 2 3 -5 5 6 -8 8 9 10 -12 16 13 14 -16 -17 -18 18 19 -21 -22 -23 26 -25 25 -27 28 -29 29 -31
leaf_value=0 0 0 0 0 0 -0.00024456672329348136 0 -9.2087516253656328e-06 -0.0001626520423608681 0 0 0.00019337634546908548 0 0.00013325556737725218 0 0 0 0 0 0 0 -0.00020787045245338807 -2.0190685653481984e-06 -9.597642657341053e-06 0 0.0001275116155410238 0 4.2255372699752077e-05 0 -0.00011501884040427044
leaf_weight=257 207 127 24 34 20 82 20 507 39 50 29 150 115 92 28 20 20 607 26 115 72 114 4020 187 186 229 480 622 263 248
leaf_count=257 207 127 24 34 20 82 20 507 39 50 29 150 115 92 28 20 20 607 26 115 72 114 4020 187 186 229 480 622 263 248
internal_value=0 -1.88306e-05 -5.06587e-05 -8.94955e-05 -0.000125351 -0.000159136 -0.000203333 1.07028e-06 1.99859e-05 5.64481e-05 0.000113959 0.000137837 0 3.0376e-05 8.73573e-05 -8.24308e-05 0.000172197 -9.44793e-07 -2.27882e-05 -6.82307e-05 -0.000104359 -0.000156906 1.44636e-06 3.0318e-05 5.03553e-05 7.82891e-05 -1.81299e-06 2.83712e-06 -2.86378e-05 -6.00721e-05
internal_weight=8990 564 307 180 146 122 102 8426 1050 543 249 220 294 235 120 59 170 7376 934 327 212 140 6442 809 622 415 5633 4642 991 511
internal_count=8990 564 307 180 146 122 102 8426 1050 543 249 220 294 235 120 59 170 7376 934 327 212 140 6442 809 622 415 5633 4642 991 511
is_linear=0
shrinkage=0.05


Tree=198
num_leaves=31
num_cat=0
split_feature=326 360 72 69 349 39 88 361 268 347 253 61 241 384 243 371 373 350 69 394 261 85 87 322 289 379 276 207 276 222
split_gain=8.06916e-05 0.000428526 0.000559896 0.000696951 0.000542651 0.000552196 0.000500137 0.000284084 0.000265501 0.000244378 0.00029972 0.000242761 0.000474452 0.000557853 0.000446513 0.00045888 0.000515811 0.000564609 0.000440726 0.00060938 0.000406183 0.000239323 0.000211966 0.000210408 0.000307672 0.00019647 0.000491058 0.000571262 0.000501392 0.00039448
threshold=0.017661477827956702 0.012108889514845003 -0.24428763354665398 0.38572499458926407 -0.20577138499112718 1.2072488566084003 0.036706349206349208 0.21363506219974951 -0.20332712976924833 0.004814938494627951 -0.25534737234357302 -0.16294665921354959 0.79109996127921012 0.012944343595175002 1.5231972006276562 -0.76758041802142785 0.014054232804232602 -0.2881441895711811 -0.54213446256565045 -0.0085781496747961983 -1.4198913536780509 -0.063323933947804736 0.016203703703703703 -0.0081059947574715976 -0.11379895083182529 -0.17628977731215181 -1.0272035667907673 0.85426486902421706 -2.1615589588609958 -1.2371636026262838
decision_type=10 10 2 2 10 2 2 10 10 10 10 2 10 10 10 10 10 10 2 2 10 2 2 8 10 10 10 10 10 10
left_child=11 2 3 4 -2 6 -6 9 -9 -4 -11 22 14 20 15 23 17 -17 19 -15 21 -14 -1 -13 -25 29 27 -27 -29 -24
right_child=1 -3 7 -5 5 -7 -8 8 -10 10 -12 12 13 18 -16 16 -18 -19 -20 -21 -22 -23 25 24 -26 26 -28 28 -30 -31
leaf_value=-8.3646810016664588e-05 0 1.2814563896496679e-06 0 0 0 0 -0.00023792726465968347 0.00018479528684435496 0 0 -0.00019924507751988975 -2.6493312763339918e-05 0 -0.00027466653309654777 0 0 0 0.00015387357918207072 0 0 0 0.0002380640005148055 -2.7039275679885614e-05 -1.4366543972409902e-06 7.749094619810212e-05 -2.2664998801641578e-06 0 0 -0.00022722493556315678 4.3058611141296803e-05
leaf_weight=78 49 2768 163 172 20 37 147 38 48 42 36 110 20 52 344 20 43 284 161 26 269 31 199 47 207 297 2515 38 78 651
leaf_count=78 49 2768 163 172 20 37 147 38 48 42 36 110 20 52 344 20 43 284 161 26 269 31 199 47 207 297 2515 38 78 651
internal_value=0 -6.09799e-06 -3.99052e-05 -7.81671e-05 -0.000130945 -0.000167063 -0.000205794 0 8.60365e-05 -1.73854e-05 -9.35718e-05 3.59848e-06 2.02396e-05 -1.03097e-05 4.11647e-05 6.39068e-05 0.000107693 0.000132205 -7.38851e-05 -0.000175557 2.15612e-05 0.000150944 -2.07067e-06 8.41471e-06 4.32141e-05 0 -6.52431e-06 -5.72146e-05 -0.000154711 2.07645e-05
internal_weight=8990 3520 752 425 253 204 167 327 86 241 78 5470 1614 559 1055 711 347 304 239 78 320 51 3856 364 254 3778 2928 413 116 850
internal_count=8990 3520 752 425 253 204 167 327 86 241 78 5470 1614 559 1055 711 347 304 239 78 320 51 3856 364 254 3778 2928 413 116 850
is_linear=0
shrinkage=0.05


Tree=199
num_leaves=31
num_cat=0
split_feature=228 320 378 393 15 91 66 312 346 324 395 54 353 60 91 50 399 365 386 328 59 308 40 277 383 347 46 258 333 380
split_gain=8.12848e-05 0.000298067 0.00026082 0.000267898 0.00023498 0.000426127 0.000386514 0.000455611 0.000637226 0.000233347 0.000223693 0.000273122 0.000363685 0.000186587 0.000248998 0.000154201 0.000230684 0.000196305 0.000145198 0.000152142 0.000141271 0.000375534 0.000353905 0.000308954 0.000309523 0.000397077 0.000272145 0.000267091 0.000351671 0.000566493
threshold=-0.87407435211986473 -0.011141848626828849 0.0056464073068490011 1.4952400118101379 0.045138888888888902 -0.54544875310880458 1.0831024118299801 0.0021353865469933004 -0.021850555630483649 0.15983383874652812 0.17084521935528538 0.20155423280423304 0.17384541259759362 0.33779761904761907 -1.3784837569349997 -0.26209601580687741 -0.93546978872529107 0.29034391534391552 -0.021150182396599899 0.011688351183516703 0.72758182185806664 -0.013889782053536599 -0.89321649769088685 -1.3189785085399908 0.13907971994430382 0.0038056912635749504 0.17344576719576701 -0.85804677273418994 -0.0059523809523809494 0.27648877201098798
decision_type=10 8 10 2 2 2 2 10 10 10 2 2 10 2 2 2 2 10 8 10 2 8 2 10 10 10 2 10 10 10
left_child=1 2 3 9 -3 15 7 8 -7 13 11 -4 -13 -1 -15 16 -6 -18 19 -17 -2 23 -23 -22 25 26 -25 -24 -29 -30
right_child=20 4 10 -5 5 6 -8 -9 -10 -11 -12 12 -14 14 -16 18 17 -19 -20 -21 21 22 27 24 -26 -27 -28 28 29 -31
leaf_value=0 6.3225507893393709e-06 1.3528183060529842e-05 0 0 0 0 0 0 -0.00014047036454366781 0 4.5438939588234737e-06 -0.00020150581787808637 0 0 0.00013131337521769319 -8.1512319559130786e-05 0.00012017205008801136 0 0 0 -3.7740106162820059e-05 0 0 0.00019450688283264393 0 0 0 0 -0.0001647680950995569 0
leaf_weight=65 5570 233 26 46 54 51 145 127 306 49 211 53 25 40 183 139 88 27 518 46 96 264 63 84 105 61 53 56 179 27
leaf_count=65 5570 233 26 46 54 51 145 127 306 49 211 53 25 40 183 139 88 27 518 46 96 264 63 84 105 61 53 56 179 27
internal_value=0 -8.08e-06 1.5711e-05 4.61279e-05 -2.05405e-05 -2.91604e-05 -6.10089e-05 -8.26619e-05 -0.000111592 6.63696e-05 -5.40707e-06 -7.36117e-05 -0.000126354 8.47289e-05 0.00010659 -4.49376e-07 3.48019e-05 8.24009e-05 -1.60388e-05 -5.42052e-05 2.60282e-06 -1.33061e-05 -4.14964e-05 1.578e-05 4.92399e-05 8.72687e-05 0.000135074 -7.64315e-05 -9.89624e-05 -0.000129307
internal_weight=8990 2432 698 383 1734 1501 629 484 357 337 315 104 78 288 223 872 169 115 703 185 6558 988 589 399 303 198 137 325 262 206
internal_count=8990 2432 698 383 1734 1501 629 484 357 337 315 104 78 288 223 872 169 115 703 185 6558 988 589 399 303 198 137 325 262 206
is_linear=0
shrinkage=0.05


Tree=200
num_leaves=31
num_cat=0
split_feature=73 247 281 62 239 247 356 19 236 65 379 199 246 289 356 67 207 368 74 335 59 225 384 301 255 298 228 32 335 27
split_gain=8.49019e-05 0.000185979 0.000633015 0.000746486 0.000509811 0.000446935 0.000514804 0.000508715 0.000498914 0.000457081 0.000706617 0.000587345 0.000453453 0.000444005 0.000402398 0.000444848 0.000432729 0.000396512 0.00044034 0.000366904 0.000352987 0.000346812 0.000423153 0.000381234 0.000322447 0.000317349 0.000313424 0.000434122 0.000301637 0.000334896
threshold=0.90950323320320858 0.15601444130747738 1.8568149633176227 0.28356481481481505 0.93275591408545677 -0.062926607785220176 -0.010467224372097298 -0.39607976450193544 0.15235071870416084 0.31664307481555171 0.29401337126402521 0.93936014814947966 1.0921174282787749 -0.0011286686508254497 -0.015871328989791048 1.3034060065343047 -0.34773347483768585 0.8036201935517725 0.083805632961629004 0.006223063642600851 -0.75776033843342583 1.9361866737028459 0.37207317112642108 -0.0032173318950249994 -1.3701218387515837 0.0020764479209998505 1.1279480970570697 0.41129298941799025 0.0089256928312957517 -0.16338010456230348
decision_type=2 10 10 2 10 10 10 2 10 2 10 10 10 10 10 2 10 10 2 10 2 10 10 10 10 10 10 2 10 2
left_child=1 5 14 -4 -5 6 9 -7 12 26 11 -11 25 17 15 16 -3 18 -8 20 -15 -16 23 -23 -21 -9 -1 -28 29 -17
right_child=-2 2 3 4 -6 7 13 8 -10 10 -12 -13 -14 19 21 28 -18 -19 -20 24 -22 22 -24 -25 -26 -27 27 -29 -30 -31
leaf_value=-2.298138823963337e-05 -7.5421409339876213e-06 0 0 -0.00030421311238920494 0 0 0 0.00021392082174894012 0 -0.00026924547857477236 0 0 0 0 -1.0293696511714663e-06 6.1014660039014549e-05 0.00018890171155643178 0 7.0027307377394234e-05 0.00010010190878827189 -7.991813877140019e-05 0 0 -0.00015812775263099573 0 0 0.0001357457019034958 0 -2.1568412933683098e-05 -2.7211027823953412e-05
leaf_weight=861 2756 46 58 52 68 141 303 130 71 67 43 29 24 123 1252 381 79 330 805 99 262 30 64 129 119 22 78 177 331 60
leaf_count=861 2756 46 58 52 68 141 303 130 71 67 43 29 24 123 1252 381 79 330 805 99 262 30 64 129 119 22 78 177 331 60
internal_value=0 2.98311e-06 -6.21008e-06 -9.71487e-05 -0.000171856 1.07037e-05 3.10813e-06 6.23258e-05 0.000106056 -2.01923e-05 -0.00010823 -0.000187983 0.000151214 1.98854e-05 0 2.70127e-05 0.000117962 3.59242e-05 5.06898e-05 -1.00722e-05 -4.53367e-05 -1.54343e-05 -7.38607e-05 -0.000119579 2.92739e-05 0.000184193 -4.73845e-06 3.7243e-05 5.79718e-06 3.76724e-05
internal_weight=8990 6234 2550 178 120 3684 3296 388 247 1255 139 96 176 2041 2372 897 125 1438 1108 603 385 1475 223 159 218 152 1116 255 772 441
internal_count=8990 6234 2550 178 120 3684 3296 388 247 1255 139 96 176 2041 2372 897 125 1438 1108 603 385 1475 223 159 218 152 1116 255 772 441
is_linear=0
shrinkage=0.05


Tree=201
num_leaves=31
num_cat=0
split_feature=262 371 287 207 368 260 330 378 336 363 282 240 35 75 238 229 275 75 349 66 329 329 275 315 324 15 236 308 277 50
split_gain=8.13128e-05 0.000238711 0.000401503 0.000322002 0.00038553 0.000476502 0.000349714 0.000311 0.000152869 0.000268534 0.000315568 0.000373964 0.000446282 0.000343352 0.000207114 0.000332843 0.000410415 0.000318452 0.000343834 0.000263276 0.00043231 0.000350632 0.000424875 0.00031673 0.000346997 0.000568281 0.000387666 0.000263928 0.000287352 0.000221707
threshold=-0.78297600811803725 1.9606023012520291 -0.046520015634888792 0.049879102436249705 2.2043948446617505 0.78731867514887022 0.12382382061351242 -1.841539901709589 -0.034226190476190445 -0.12090319986408664 -0.0011780670018363998 -1.4222884852449504 0.91947751322751314 0.14847883597883602 1.0248856057705782 1.3737385427833237 0.80785771916671012 0.81448412698412709 0.12594638357967866 1.2405829836719353 -0.017528762618002649 4.5519144009631426e-15 -0.75291923274997774 -0.037405834804737449 0.013003192968656102 0.68824404761904878 -1.0000000180025095e-35 -0.010638699223641549 0.057724125609153305 -0.1514825798401345
decision_type=8 10 10 10 10 10 10 10 8 10 10 10 2 2 8 8 10 2 10 2 10 10 10 10 10 2 10 10 10 2
left_child=1 3 -3 -1 5 6 7 -5 9 -2 11 -11 13 -13 19 16 17 18 -16 23 -21 22 -22 27 26 -26 -25 28 -10 -23
right_child=8 2 -4 4 -6 -7 -8 -9 14 10 -12 12 -14 -15 15 -17 -18 -19 -20 20 21 29 -24 24 25 -27 -28 -29 -30 -31
leaf_value=0 0 -0.00016083262640140858 0 0 -5.7997556582040257e-05 0 0 0.00013783971842644968 0 0 0 0 0 -0.00025567917475571145 -0.0001093218856219378 9.6141569639971366e-06 4.6489321147855554e-07 0 0 -3.1231582920660655e-06 0 -8.5621369269908067e-05 0.00012054684246586231 4.9118505643454576e-05 -6.1509241911608472e-05 0 -4.1057541553742187e-06 0 7.6626592317742971e-05 3.5379408860970153e-05
leaf_weight=261 104 45 49 20 21 109 28 271 245 28 79 24 65 73 331 284 148 83 77 364 134 55 256 379 660 639 3237 467 334 120
leaf_count=261 104 45 49 20 21 109 28 271 245 28 79 24 65 73 331 284 148 83 77 364 134 55 256 379 660 639 3237 467 334 120
internal_value=0 1.47955e-05 -4.16006e-05 2.93081e-05 5.61306e-05 7.34221e-05 0.000104716 0.00012257 -1.8248e-06 -3.31267e-05 -6.33737e-05 -9.9173e-05 -0.000131536 -0.000200932 0 -2.25524e-05 -4.46714e-05 -6.84552e-05 -8.71207e-05 2.64724e-06 2.75568e-05 5.61673e-05 8.25656e-05 -3.96452e-07 -6.52476e-06 -2.87891e-05 9.12831e-08 2.36178e-05 4.63358e-05 0
internal_weight=8990 804 94 710 449 428 319 291 8186 373 269 190 162 97 7813 923 639 491 408 6890 929 565 390 5961 4915 1299 3616 1046 579 175
internal_count=8990 804 94 710 449 428 319 291 8186 373 269 190 162 97 7813 923 639 491 408 6890 929 565 390 5961 4915 1299 3616 1046 579 175
is_linear=0
shrinkage=0.05


Tree=202
num_leaves=31
num_cat=0
split_feature=208 378 326 235 256 392 370 237 87 269 332 254 259 285 392 361 276 77 85 249 383 393 378 362 289 64 75 365 276 212
split_gain=8.43209e-05 0.000532388 0.000421862 0.000664815 0.000433903 0.000365528 0.000690655 0.000562409 0.00057874 0.000509303 0.000488846 0.000590906 0.000535872 0.000561477 0.000360555 0.00044963 0.000350015 0.000351032 0.000335873 0.000316121 0.000282521 0.000342429 0.000270119 0.000287848 0.00026141 0.000238318 0.000443639 0.000316775 0.00020651 0.000381746
threshold=-1.3097646345338532 0.45417533635604956 0.015001879106626802 0.7449857851286954 -0.18038832097875357 0.7306989060283432 9.5497123987486901e-05 -0.53589682502459213 0.078373015873015858 -1.6276951360288072 0.006146183524528951 -0.34229336493979062 1.292151311505227 0.00033658702045240004 0.58791101842332616 -1.0000000180025095e-35 -0.16086111605296613 0.17708333333333301 -0.088436766962576435 1.8742988637440685 0.10195966894035141 1.5338061995397918 -0.82020709095893285 -0.10251322751322789 -0.040021353836770343 -1.0663272403496646 0.37797619047619052 -0.32010582010581989 -0.32986432992876785 -1.943054905606423
decision_type=8 8 10 10 10 2 10 10 2 10 10 10 10 10 2 10 10 2 2 10 10 2 10 10 10 2 2 10 10 10
left_child=1 5 3 4 19 10 16 -8 -9 -10 11 12 13 -1 24 -16 22 -18 -19 -3 21 -12 -7 -24 -13 26 -2 -28 29 -4
right_child=25 2 28 -5 -6 6 7 8 9 -11 20 14 -14 -15 15 -17 17 18 -20 -21 -22 -23 23 -25 -26 -27 27 -29 -30 -31
leaf_value=0.00027425168035827681 0 0 0 0 0 0 0 0 0 0.00018251673566159111 -0.0001741012654416543 9.3035061643764291e-05 0 0 0 -0.00023084054909569513 0 0 -0.00019376455092244018 -0.00027943177940180895 0 0 0 0.00012839463131961558 -9.8488888559013521e-06 -7.1765006108607499e-07 0 -0.00020409109950061423 -2.9654108921179707e-05 0.00015287587966652939
leaf_weight=59 53 20 50 64 91 36 80 49 27 233 84 75 59 36 26 38 64 76 56 65 29 29 30 114 98 7133 20 61 75 60
leaf_count=59 53 20 50 64 91 36 80 49 27 233 84 75 59 36 26 38 64 76 56 65 29 29 30 114 98 7133 20 61 75 60
internal_value=0 9.60448e-06 -3.39993e-05 -8.02446e-05 -0.000134972 2.77348e-05 4.99947e-05 9.67073e-05 0.000127756 0.000157984 0 2.4529e-05 0.000105087 0.000178834 -6.75093e-06 -0.000118899 0 -4.45383e-05 -9.79183e-05 -0.000224599 -8.33332e-05 -0.000122352 5.19494e-05 8.97734e-05 5.89692e-06 -2.67121e-06 -6.92979e-05 -0.000147024 0 6.39478e-05
internal_weight=8990 1723 425 240 176 1298 765 389 309 260 533 391 154 95 237 64 376 196 132 85 142 113 180 144 173 7267 134 81 185 110
internal_count=8990 1723 425 240 176 1298 765 389 309 260 533 391 154 95 237 64 376 196 132 85 142 113 180 144 173 7267 134 81 185 110
is_linear=0
shrinkage=0.05


Tree=203
num_leaves=31
num_cat=0
split_feature=258 259 19 311 217 347 378 229 244 397 347 76 382 343 265 364 342 365 277 325 247 248 60 75 382 92 245 391 207 300
split_gain=7.859e-05 0.000290297 0.000315137 0.000391446 0.000233338 0.000251816 0.000231473 0.000488409 0.00032864 0.000221755 0.000232981 0.000289742 0.000218984 0.000455939 0.000372627 0.000459031 0.000352638 0.000357034 0.000300384 0.000199813 0.00029376 0.000301398 0.000184826 0.000174246 0.000165245 0.00039938 0.000371355 0.000419488 0.000218931 0.000327789
threshold=-0.64098535524856703 -0.67140826088587235 -0.46146470279749291 0.00033068783068775006 -1.297324214253597 -0.0059912697999307991 -0.0056274410878450485 -1.1246801490759306 -1.0204340884703778 -0.44181877193949792 0.00020205029778445002 0.2962391108642875 1.8683583020893815 0.013888888888888501 -0.25455993385404202 -0.026250356786001947 -0.13211796482737742 -0.72833994708994743 -0.2031144484660635 -0.010996336938920199 -0.64943682924280643 -1.1086674651405812 0.97337962962962965 0.91369047619047616 1.3474425307666269 0.37318121693121703 -0.16228595071604893 0.5170518862838277 2.3746433219200727 -0.011866140967927399
decision_type=10 10 2 10 8 10 10 8 10 2 10 2 8 10 10 10 10 10 10 10 10 10 2 2 10 2 10 2 10 10
left_child=1 4 -3 -4 5 -1 7 8 -6 -8 -11 -12 22 14 -14 -16 -17 -18 -15 -7 -21 -22 24 -24 28 26 27 -26 -2 -30
right_child=12 2 3 -5 6 19 9 -9 -10 10 11 -13 13 18 15 16 17 -19 -20 20 21 -23 23 -25 25 -27 -28 -29 29 -31
leaf_value=0 6.3607799413071631e-06 0 0 -0.00018339474853931774 0 0 7.4603528946624248e-06 -1.0241131887774143e-05 0.0001541881337954765 0 -9.9692543987372028e-05 0 0 -0.00014974558816438328 0 0 0 0.00017288845615787496 0 0 0 0.00018138190760028141 -0.0001020203271190747 0 0 1.2740841626030129e-05 0 -0.00016620548608455097 0 -0.00010799543690310193
leaf_weight=98 5583 118 98 79 38 132 79 383 85 297 260 63 237 43 90 34 20 179 53 40 30 92 86 67 20 166 155 119 142 104
leaf_count=98 5583 118 98 79 38 132 79 383 85 297 260 63 237 43 90 34 20 179 53 40 30 92 86 67 20 166 155 119 142 104
internal_value=0 -9.42901e-06 -5.50396e-05 -9.74493e-05 0 3.24572e-05 -1.18869e-05 6.39906e-06 9.87973e-05 -3.22751e-05 -4.54017e-05 -7.58869e-05 1.99517e-06 2.9622e-05 5.17511e-05 8.67519e-05 0.000123914 0.000149682 -4.73549e-05 5.95405e-05 9.75372e-05 0.000136546 -4.23962e-08 -5.48453e-05 4.96685e-07 -2.72421e-05 -6.68152e-05 -0.000126937 3.54391e-06 -4.0045e-05
internal_weight=8990 1892 295 177 1597 392 1205 506 123 699 620 323 7098 656 560 323 233 199 96 294 162 122 6442 153 6289 460 294 139 5829 246
internal_count=8990 1892 295 177 1597 392 1205 506 123 699 620 323 7098 656 560 323 233 199 96 294 162 122 6442 153 6289 460 294 139 5829 246
is_linear=0
shrinkage=0.05


Tree=204
num_leaves=31
num_cat=0
split_feature=73 212 350 351 24 50 364 376 203 382 80 386 270 356 324 354 253 299 39 50 384 265 367 345 375 362 48 283 73 292
split_gain=7.67458e-05 0.000227682 0.000437467 0.000324886 0.000376621 0.000303313 0.000435434 0.000192649 0.000284394 0.000248808 0.000217333 0.000265684 0.000204447 0.000190246 0.000187348 0.000182576 0.000171821 0.000441926 0.000481761 0.00037283 0.000363139 0.000418413 0.000418726 0.000384647 0.000291816 0.000343514 0.000570277 0.000631122 0.00034626 0.000335387
threshold=0.90950323320320858 0.71215577499378868 0.013064678927404302 -0.056986498193079042 0.74520502645502662 -0.69109833322914438 -0.0037944315670469498 -0.046706517857810291 0.74018093070211888 1.0416584945583602 0.22172619047619055 0.0036158769313970507 -0.71338721205044309 -0.084990159293813886 -0.21327644892869566 0.15456841684645814 0.09672820694190061 0.98445020504373415 0.85808196507995171 -0.12070133643503249 0.11241997379446191 1.3344080992503533 0.3311838624338625 -0.0036375661375659496 -0.19748144759674482 -0.0033895502645497496 0.079660162426235623 -0.0014395788488934997 -1.9462096019913993 -0.00033068783068774995
decision_type=2 10 10 10 2 2 10 10 10 10 2 10 10 10 10 10 10 10 2 2 10 10 10 10 10 10 2 10 2 10
left_child=16 7 3 4 -3 -4 -7 10 -9 12 -2 14 -10 -14 -12 -8 19 24 -19 20 21 22 23 -1 -18 26 -26 -28 29 -27
right_child=1 2 5 -5 -6 6 15 8 9 -11 11 -13 13 -15 -16 -17 17 18 -20 -21 -22 -23 -24 -25 25 28 27 -29 -30 -31
leaf_value=0 0 0 0 4.0496337246377797e-05 -0.00018185309087303246 0 -0.00021255535571426378 0 0 0 0 0 0 -0.0001206885143997842 0.00010478451883971015 0 3.6676732508530692e-05 -0.00020697377814985802 0 0 0 -8.5050039067403308e-06 0 0.00010742929383485685 0 0.00015559173785813997 -0.00014399358726123663 -6.3517829130523704e-06 0 0
leaf_weight=153 151 26 24 180 44 72 91 1579 22 79 50 36 28 167 186 21 400 56 30 2391 323 112 176 456 371 71 194 300 1170 31
leaf_count=153 151 26 24 180 44 72 91 1579 22 79 50 36 28 167 186 21 400 56 30 2391 323 112 176 456 371 71 194 300 1170 31
internal_value=0 -7.36989e-06 -3.96146e-05 0 -8.58672e-05 -9.33279e-05 -0.000118171 0 -7.80388e-06 -5.27904e-05 2.9469e-05 5.78546e-05 -8.16459e-05 -0.000100187 8.16748e-05 -0.000180678 2.60073e-06 -5.9902e-06 -0.000117998 1.02257e-05 3.2763e-05 4.9718e-05 6.43936e-05 8.40434e-05 -2.18062e-07 -9.46498e-06 -3.45573e-05 -7.05431e-05 3.66946e-06 9.2985e-05
internal_weight=8990 2756 458 250 70 208 184 2298 1875 296 423 272 217 195 236 112 6234 2623 86 3611 1220 897 785 609 2537 2137 865 494 1272 102
internal_count=8990 2756 458 250 70 208 184 2298 1875 296 423 272 217 195 236 112 6234 2623 86 3611 1220 897 785 609 2537 2137 865 494 1272 102
is_linear=0
shrinkage=0.05


Tree=205
num_leaves=31
num_cat=0
split_feature=228 347 239 295 374 257 332 369 376 273 245 254 39 338 62 329 219 219 342 52 375 321 76 329 357 9 88 71 257 62
split_gain=7.81142e-05 0.000254678 0.000269112 0.000361161 0.000319215 0.000313466 0.000294511 0.000374698 0.000268727 0.000259527 0.000267836 0.000218349 0.000259461 0.000266582 0.000413738 0.000345822 0.000143912 0.000246965 0.000300647 0.000136684 0.000436489 0.000368571 0.000334002 0.000236872 0.000180323 0.000347786 0.00034444 0.00032552 0.000385742 0.000307286
threshold=-0.87407435211986473 -0.0055367026114465489 0.75675053794055858 0.00039169606390220007 -0.0039735169045660495 0.66847786780239515 -0.019469139678053599 0.6110143100978831 -0.0020697713146019497 -0.49103903090368212 1.9409551889292869 0.61542262116183 1.1605584981018804 -0.00033068783068794999 0.68369708994709011 -0.030231834495861448 -0.53890167238568143 1.0675686861004532 -0.045503793092252241 -0.40386793942830046 -0.0081066112709126982 0.021111149028490202 -0.14695399316533497 -0.0067315764668569996 0.0080191798941799015 1.7074090532378852 0.19080687830687801 0.14914021164021155 -1.3844310898782892 0.064649470899470915
decision_type=10 8 8 8 10 8 10 10 10 10 10 10 2 10 2 10 10 10 10 2 10 10 2 10 10 2 2 2 10 2
left_child=1 11 4 5 16 6 -4 -8 9 -6 -11 12 13 -1 15 -15 -3 18 -18 20 -2 22 -22 -24 29 -26 -27 -28 -29 -21
right_child=19 2 3 -5 8 -7 7 -9 -10 10 -12 -13 -14 14 -16 -17 17 -19 -20 24 21 -23 23 -25 25 26 27 28 -30 -31
leaf_value=0 -9.0424477782108666e-06 1.829478626943913e-06 0 1.2577029679276312e-06 0 0 -0.00023429968996253474 0 0 0.00010914254988677691 0 0 0 0 0 -0.00018366224570952973 0 0 -0.00010230992977357573 7.8884272809660278e-05 0 0 0.00015297126242243741 0 0 0 0 0 -0.00013914348742783016 1.3079591445853881e-06
leaf_weight=166 282 148 28 151 176 138 69 20 391 247 47 191 133 21 82 135 46 70 173 139 119 73 162 21 987 77 79 92 199 4328
leaf_count=166 282 148 28 151 176 138 69 20 391 247 47 191 133 21 82 135 46 70 173 139 119 73 162 21 987 77 79 92 199 4328
internal_value=0 -8.12589e-06 0 -3.26904e-05 1.35631e-05 -7.23858e-05 -0.000134562 -0.000179055 3.32719e-05 5.87951e-05 8.793e-05 -3.30911e-05 -5.00076e-05 -7.02069e-05 -0.000105662 -0.000153803 -1.38279e-05 -3.91391e-05 -6.95646e-05 2.30005e-06 2.39338e-05 6.20575e-05 8.84975e-05 0.00013222 0 -1.55336e-05 -5.21406e-05 -7.49061e-05 -9.96456e-05 4.84291e-06
internal_weight=8990 2432 1704 406 1298 255 117 89 861 470 294 728 537 404 238 156 437 289 219 6558 657 375 302 183 5901 1434 447 370 291 4467
internal_count=8990 2432 1704 406 1298 255 117 89 861 470 294 728 537 404 238 156 437 289 219 6558 657 375 302 183 5901 1434 447 370 291 4467
is_linear=0
shrinkage=0.05


Tree=206
num_leaves=31
num_cat=0
split_feature=60 235 362 215 266 360 369 321 85 324 324 279 62 89 250 308 299 382 216 319 398 305 286 19 317 262 362 80 345 342
split_gain=7.40979e-05 0.000189669 0.000171139 0.00010558 0.000191888 0.000183318 0.000257717 0.000159456 0.000116521 0.000432676 0.000687938 0.000653065 0.000408894 0.000407407 0.000225132 0.000217454 0.000156415 0.000299512 0.000439404 0.000342994 0.000199878 0.000386637 0.000283714 0.00023111 0.000314702 0.00017145 5.26341e-05 2.14867e-05 7.04488e-06 6.54699e-06
threshold=0.023644179894179902 0.83945656816172154 -0.020171957671957844 2.4590409284136423 1.1168843608850632 0.006120222207480451 0.13048498540013848 0.006936468492303601 1.7105254298217887 0.049879877247677402 0.028100740226453404 2.1453342312718697 0.42741402116402105 0.84465530783156861 1.0542986762332294 -0.020410997260125598 0.98445020504373415 -1.6678718189890003 1.5092928168063093 0.0076700943066508502 -0.0084755284656392472 1.0000000180025095e-35 -0.00033068783068794999 2.228098564264791 -0.059243753228959341 -0.8486786927043406 0.00033068783068795009 0.31894841269841351 -0.00016534391534384998 0.010054548135673603
decision_type=2 10 10 10 10 10 10 10 2 10 10 10 2 2 10 10 10 10 10 10 2 10 10 2 10 8 10 2 10 10
left_child=1 2 -1 8 5 6 7 -5 16 10 11 15 27 -13 -14 -10 20 -18 19 -19 21 22 -2 25 -25 -22 -23 28 -11 -7
right_child=3 -3 -4 4 -6 29 -8 -9 9 12 -12 13 14 -15 -16 -17 17 18 -20 -21 23 26 -24 24 -26 -27 -28 -29 -30 -31
leaf_value=-0.00016889718318116066 0 0 0 0 0 1.7556725451902512e-05 0 0.00026447449777619131 5.0970645659813112e-05 0 -0.00022622085563734034 0.00027491030270937401 0.00026356884530820662 0 0 -4.4824283620787341e-05 7.7585864153808769e-06 -0.00016271798388090025 0 0 2.4910354373452973e-05 0 -0.00013126441984599417 0 0.00020971147381089301 -2.3829518533010296e-06 4.7185641119348009e-05 -2.7822192268974226e-05 4.9177779999405668e-05 0
leaf_weight=38 23 100 31 26 42 53 24 32 66 20 32 36 42 20 28 185 32 118 44 30 627 68 126 29 31 6955 59 23 22 28
leaf_count=38 23 100 31 26 42 53 24 32 66 20 32 36 42 20 28 185 32 118 44 30 627 68 126 29 31 6955 59 23 22 28
internal_value=0 -3.30608e-05 -9.76572e-05 2.17123e-07 3.59005e-05 6.75426e-05 0.000121017 0.000178281 -5.19868e-08 2.33219e-05 0 1.58448e-05 9.95757e-05 0.000174577 0.000183553 0 -2.0271e-06 -4.35027e-05 -7.80739e-05 -0.00012379 -2.21758e-07 -4.24217e-05 -9.90722e-05 6.48607e-07 9.83212e-05 0 0 0 2.91754e-05 0
internal_weight=8990 169 69 8821 205 163 82 58 8616 474 339 307 135 56 70 251 8142 224 192 148 7918 276 149 7642 60 7582 127 65 42 81
internal_count=8990 169 69 8821 205 163 82 58 8616 474 339 307 135 56 70 251 8142 224 192 148 7918 276 149 7642 60 7582 127 65 42 81
is_linear=0
shrinkage=0.05


Tree=207
num_leaves=31
num_cat=0
split_feature=399 387 275 383 356 228 341 377 261 260 321 348 78 238 283 260 361 295 277 57 206 374 340 364 50 346 202 202 381 318
split_gain=7.45266e-05 0.000196244 0.00023697 0.000274731 0.000137567 0.000256714 0.000487976 0.000482255 0.00040507 0.000401752 0.000169894 0.000499562 0.000592853 0.000508628 0.000424217 0.000281174 0.000424238 0.000803594 0.000371955 0.000332623 0.000194867 0.000295075 0.000330079 0.000440029 0.00026221 0.000438692 0.000372037 0.0002508 0.000230102 0.000329561
threshold=-1.3564260326584787 -0.025436608281313295 0.6228259000236912 0.054580553891546112 -0.12827529892455683 -1.120001859309395 -0.0079365079365079482 0.094894751148923276 -2.1003309484005848 -0.72590136384300652 0.021111149028490202 -0.0095448781528706984 0.49082341269841179 0.36511197451671235 -0.0014395788488934997 0.28896779800822586 0.00080593032127695009 0.00038372987301740004 1.0119645640490085 1.5110057109321202 1.4964110507305142 0.0026755880775580503 0.0067681213382850504 -0.036993852241348095 -0.87547598142693583 0.090442614644508354 -1.0137515539863131 -0.21308812603183291 0.44450006966057015 -0.15808962556794431
decision_type=2 10 10 10 10 10 10 10 10 10 10 10 2 10 10 10 10 10 10 2 10 10 10 10 2 10 10 10 10 10
left_child=1 -1 3 -3 5 -2 -7 8 -8 -10 20 12 -12 14 -14 16 18 -18 -13 -17 24 22 27 -24 25 26 -6 -22 29 -23
right_child=4 2 -4 -5 10 6 7 -9 9 -11 11 15 13 -15 -16 19 17 -19 -20 -21 21 28 23 -25 -26 -27 -28 -29 -30 -31
leaf_value=0 -6.5745262285071891e-06 -0.00020162848998471055 0 0 0 -3.7886395878426421e-06 0 0 0 0.00018686691887087061 0 6.4151970479263876e-05 -0.00027198519045314233 0 0 0.00015148013476133041 0 -0.00024941644694883393 -9.5853886424637433e-05 0 1.7208353604591319e-05 0.00010979242203829213 0 -0.0001378644317102055 8.5505978494375987e-07 -6.568991841601277e-05 7.3729540950085722e-05 -4.9746112108751869e-05 -1.3761813722227896e-05 0
leaf_weight=57 156 48 29 26 114 112 22 86 27 155 167 175 74 81 63 65 96 49 29 84 253 112 61 156 5505 54 482 226 298 128
leaf_count=57 156 48 29 26 114 112 22 86 27 155 167 175 74 81 63 65 96 49 29 84 253 112 61 156 5505 54 482 226 298 128
internal_value=0 -3.40477e-05 -8.0986e-05 -0.000130845 2.85721e-07 2.46791e-05 4.92408e-05 8.69508e-05 0.000129047 0.000155648 -7.5561e-07 -2.18274e-05 -6.58006e-05 -0.000120169 -0.000179575 2.13612e-06 -1.10937e-05 -8.48827e-05 1.68724e-05 6.66454e-05 1.0861e-06 -1.61037e-05 -3.88221e-05 -9.27312e-05 5.34499e-06 3.56741e-05 5.32555e-05 -3.94941e-06 3.99641e-06 4.68674e-05
internal_weight=8990 160 103 74 8830 558 402 290 204 182 8272 883 385 218 137 498 349 145 204 149 7389 1234 696 217 6155 650 596 479 538 240
internal_count=8990 160 103 74 8830 558 402 290 204 182 8272 883 385 218 137 498 349 145 204 149 7389 1234 696 217 6155 650 596 479 538 240
is_linear=0
shrinkage=0.05


Tree=208
num_leaves=31
num_cat=0
split_feature=258 70 378 19 54 232 59 259 90 317 382 344 87 273 216 51 355 277 327 215 317 229 231 390 60 223 36 27 260 208
split_gain=7.44983e-05 0.000260741 0.000313197 0.000359015 0.00038171 0.00034578 0.00032253 0.000228059 0.000223293 0.000199764 0.00019965 0.000445539 0.000422255 0.000354405 0.000332146 0.000288206 0.000203977 0.000302109 0.000183038 0.000264697 0.000242318 0.000240318 0.000209119 0.000173802 0.000166367 0.00017583 0.000161273 0.000407926 0.000351186 0.000428241
threshold=-0.64098535524856703 0.087632275132275159 0.0016792382410374003 -0.59460529621434233 0.26405423280423307 0.86788068630734616 -0.77010744557937028 -1.2721809408170686 0.199404761904762 -0.022225547786127748 1.8683583020893815 0.015490959757295752 0.48181216931216903 -1.1647202718541452 2.6436120158669811 1.2071043351643553 0.0076670646571001507 -0.2031144484660635 -0.047937693103153288 -0.81002625933751271 -0.016798337208118946 -1.1995689860265129 1.727841290721879 1.9110104301100803 0.97337962962962965 1.3488775121147263 0.56183862433862453 -0.31506336875360347 -0.31997581243060985 1.5720639816189106
decision_type=10 2 10 2 2 10 2 10 2 10 8 10 2 10 10 2 10 10 10 10 10 10 10 2 2 10 2 2 10 10
left_child=1 7 18 -4 -5 6 -6 -1 -9 -10 24 12 13 -12 15 -15 -13 -18 19 -3 22 23 -21 -20 26 -26 27 -2 -29 -30
right_child=10 2 3 4 5 -7 -8 8 9 -11 11 16 -14 14 -16 -17 17 -19 21 20 -22 -23 -24 -25 25 -27 -28 28 29 -31
leaf_value=0 -2.0081430574450655e-06 2.2091094465188059e-06 0 0 0 0 -0.00016102433792292788 0 0.00013115086352389767 0 0 0 0 0.00016221613306991671 0 0 -0.00018112003263281426 0 0.00017605665688302471 -0.00011542497874916052 0 0 0 0 -8.2962645108572447e-05 0 -4.747948546546468e-06 0 7.9919723953677244e-05 0
leaf_weight=379 1391 169 256 106 44 76 193 67 101 26 47 23 259 188 22 26 44 47 43 146 34 203 29 20 124 29 3994 290 513 101
leaf_count=379 1391 169 256 106 44 76 193 67 101 26 47 23 259 188 22 26 44 47 43 146 34 203 29 20 124 29 3994 290 513 101
internal_value=0 -9.21319e-06 -2.30572e-05 -4.68891e-05 -7.53867e-05 -0.000103223 -0.000133103 1.39285e-05 5.9247e-05 9.87557e-05 1.90054e-06 2.82811e-05 5.18456e-05 9.42123e-05 0.000119982 0.000140546 -3.98797e-05 -8.71178e-05 0 -2.03753e-05 -6.25417e-05 3.36117e-05 -9.01703e-05 0.000119522 -1.00868e-08 -5.20375e-05 4.61428e-07 1.17057e-05 3.83357e-05 5.99442e-05
internal_weight=8990 1892 1319 675 419 313 237 573 194 127 7098 656 542 283 236 214 114 91 644 378 209 266 175 63 6442 153 6289 2295 904 614
internal_count=8990 1892 1319 675 419 313 237 573 194 127 7098 656 542 283 236 214 114 91 644 378 209 266 175 63 6442 153 6289 2295 904 614
is_linear=0
shrinkage=0.05


Tree=209
num_leaves=31
num_cat=0
split_feature=36 207 36 392 67 367 399 341 53 275 287 13 36 349 16 66 307 29 368 233 287 41 201 210 336 50 385 335 274 344
split_gain=7.4161e-05 0.000197343 0.000179187 0.000258383 0.000262144 0.000174302 0.000162799 0.000132336 0.0001547 0.000164058 0.000111006 0.000305756 0.000471215 0.000440512 0.000477979 0.000313813 0.000305854 0.00036033 0.000264826 0.000363583 0.000240419 0.000382866 0.000327603 0.000253114 0.000185504 0.000427709 0.000524953 0.00041956 0.000514479 0.000383387
threshold=0.99785052910052918 -0.57006495413162683 0.98908730158730152 1.0949277602612331 1.6209739815248632 -0.46841931216931237 -0.9138399546088799 0.017857142857142853 1.3324619953771653 -1.098989386576636 -0.066765696312255984 0.0041335978835978513 0.33515211640211545 -0.047533388601874393 0.90825486414377521 -0.7556180979367878 -0.00033068783068784991 0.56035052910052918 0.57462095434966243 -0.59962913634413806 -0.060624621816443187 0.91969754686182159 -0.48968329384300707 1.4614829860424365 0.0027281746031752505 -1.5118022612375797 -0.22497655745281173 -0.0060216207205508491 0.52043967556031157 -0.0029757499183486499
decision_type=2 10 2 2 2 10 2 10 2 10 8 2 2 10 2 2 10 2 10 10 10 2 10 10 10 2 10 10 10 10
left_child=2 -2 10 -4 -5 -3 -6 8 9 -7 11 15 13 -13 -15 16 -1 -18 -17 -20 21 22 -12 -24 25 26 -22 28 -26 -29
right_child=1 5 3 4 6 7 -8 -9 -10 -11 20 12 -14 14 -16 18 17 -19 19 -21 24 -23 23 -25 27 -27 -28 29 -30 -31
leaf_value=0 0 0 0 0 -0.00016474443964875125 0 0 0 0 0.00013388639005072438 0 0 0 -0.00017512342000066376 0 1.3158670995992203e-06 0 0.00013107031211045809 3.7445923486470386e-08 -8.2829956865660602e-05 0 0 0.00017271723027714283 0 -7.3389013064939536e-05 1.8126890315389873e-06 0.0001601184579340777 -4.9159374232326661e-05 5.1987661370095295e-06 2.7083337014126324e-05
leaf_weight=62 149 50 217 31 80 20 24 28 25 124 71 79 346 145 45 728 54 138 60 240 88 71 103 31 484 4350 99 198 177 673
leaf_count=62 149 50 217 31 80 20 24 28 25 124 71 79 346 145 45 728 54 138 60 240 88 71 103 31 484 4350 99 198 177 673
internal_value=0 2.0577e-05 -1.43467e-06 -3.63664e-05 -9.07088e-05 5.17234e-05 -0.000130284 7.45977e-05 9.18843e-05 0.000112211 0 -1.05538e-05 -3.98276e-05 -8.9462e-05 -0.000130853 0 5.27488e-05 8.75264e-05 -8.68314e-06 -4.96009e-05 3.23029e-06 4.91376e-05 8.89784e-05 0.000134968 3.17946e-07 6.18131e-06 8.10255e-05 -1.37821e-05 -4.47843e-05 4.00795e-06
internal_weight=8990 396 8594 352 135 247 104 197 169 144 8242 1897 615 269 190 1282 254 192 1028 300 6345 276 205 134 6069 4537 187 1532 661 871
internal_count=8990 396 8594 352 135 247 104 197 169 144 8242 1897 615 269 190 1282 254 192 1028 300 6345 276 205 134 6069 4537 187 1532 661 871
is_linear=0
shrinkage=0.05


Tree=210
num_leaves=31
num_cat=0
split_feature=203 12 289 232 249 251 350 343 319 202 60 201 248 238 291 73 241 381 41 52 312 278 200 346 289 248 380 359 64 371
split_gain=7.23451e-05 0.000189213 0.000283754 0.000355542 0.000262393 0.000288315 0.000191081 0.000271593 0.000217058 0.000254482 0.000192734 0.000181548 0.00030358 0.000179442 0.000175203 0.000164313 0.000155296 0.000364324 0.00030727 0.00038767 0.000393635 0.000485627 0.000246082 0.000302987 0.000250559 0.000276179 0.000219212 0.000411923 0.000538545 0.000574394
threshold=1.4044140229654565 0.0038029100529100007 -0.041972415290799342 0.92428719953502758 -1.3844841700215456 -0.97080823235954539 -0.014771972623570249 -0.0036375661375659496 -0.0006169634249451999 -1.0137515539863131 0.49785052910052907 -0.568334057578186 1.5708263578129207 1.2914210657100853 -0.062581571477007228 0.71236647683371113 0.92536847082684826 -0.26929258167448805 0.58109869688244109 -0.43030290735644444 -0.053225556628771792 1.7217644153582576 -1.1816352096532161 1.0000000180025095e-35 0.0050871772143675003 -0.8568653473031439 0.0062500306907750007 -0.0029083608562252496 -1.0975984991659897 1.1163406602911512
decision_type=10 2 10 10 10 10 10 10 10 10 2 10 10 10 10 2 8 10 2 2 10 10 8 8 8 10 10 10 2 10
left_child=16 11 3 4 -3 -6 10 -8 9 -9 14 -2 -13 -7 -4 -16 26 22 19 -19 -21 -22 -18 -24 25 -25 27 28 29 -1
right_child=1 2 6 -5 5 13 7 8 -10 -11 -12 12 -14 -15 15 -17 17 18 -20 20 21 -23 23 24 -26 -27 -28 -29 -30 -31
leaf_value=0.00029887470843943838 0 0 0 0 0 0.00017961818459468065 -9.6954233074675083e-06 0 0 9.993274044006609e-05 0 0 -0.00024333628896956762 0 -0.00014467121575886655 0 -5.9074397641970577e-05 0 0 0 -0.00014536656587823266 0 0 0 0 0.00011419093261395648 -1.1117356260997674e-05 2.4182166263969889e-07 1.7474926913584853e-05 0
leaf_weight=44 201 40 34 115 44 122 106 49 48 217 256 64 22 23 71 24 90 105 332 71 249 54 307 42 20 183 2258 3307 466 26
leaf_count=44 201 40 34 115 44 122 106 49 48 217 256 64 22 23 71 24 90 105 332 71 249 54 307 42 20 183 2258 3307 466 26
internal_value=0 9.81718e-06 2.11838e-05 5.9667e-05 9.60572e-05 0.000121028 0 2.76089e-05 5.61196e-05 7.58734e-05 -2.02223e-05 -1.82649e-05 -7.98989e-05 0.000155103 -7.03712e-05 -0.000106435 -2.3707e-06 -1.72019e-05 -4.04685e-05 -6.61509e-05 -9.05253e-05 -0.000115591 4.40408e-06 2.3819e-05 6.6094e-05 8.68291e-05 3.4217e-07 8.3765e-06 4.92296e-05 0.000188972
internal_weight=8990 1436 1149 344 229 189 805 420 314 266 385 287 86 145 129 95 7554 1453 811 479 374 303 642 552 245 225 6101 3843 536 70
internal_count=8990 1436 1149 344 229 189 805 420 314 266 385 287 86 145 129 95 7554 1453 811 479 374 303 642 552 245 225 6101 3843 536 70
is_linear=0
shrinkage=0.05


Tree=211
num_leaves=31
num_cat=0
split_feature=322 322 202 351 350 348 14 67 273 81 381 347 263 55 247 36 238 349 350 268 247 384 277 260 206 350 253 202 241 240
split_gain=7.19141e-05 0.000406771 0.000491536 0.000493186 0.00056876 0.000527378 0.000416787 0.000363139 0.00045465 0.000660463 0.000356707 0.000355473 0.000370824 0.000351583 0.000329276 0.000313263 0.000290688 0.000282612 0.000346394 0.000260536 0.00020672 0.000162958 0.000444782 0.000422671 0.000383406 0.000454854 0.00025922 0.000447032 0.000557186 0.000488126
threshold=0.009487157466613003 0.011667850983989652 0.31100258181066093 -0.24256765551993684 -0.063772936954050036 0.06415572361726446 0.0014880952380952001 0.72164304749426955 -0.04002162391979585 0.18617724867724902 -0.87790437048290337 0.0035992012247239506 0.13241745003885422 -0.79489600874168687 -0.62481694640279695 0.88409391534391502 1.3806420875656853 0.087898858006842065 0.041904152753725811 -0.28764219930764628 -0.92735902799864212 0.76105195351323951 -0.46293625463768234 1.0894277328768844 -0.40126742020685657 0.17852013110408918 0.87542251505626634 -0.12252554352567203 0.75617667604501959 -0.15744214203355852
decision_type=10 10 10 10 10 10 2 2 10 2 10 10 10 2 10 2 10 10 10 10 10 8 8 10 10 10 10 10 10 10
left_child=21 2 3 -2 -5 6 -6 8 -3 -10 13 12 19 -9 -14 20 -11 18 -15 -12 -13 26 23 24 -23 -26 -1 -28 -29 -30
right_child=1 7 -4 4 5 -7 -8 10 9 16 11 15 14 17 -16 -17 -18 -19 -20 -21 -22 22 -24 -25 25 -27 27 28 29 -31
leaf_value=4.40635540322367e-06 0 0 0 0 0 0 -0.00027491674270589396 1.8582674212815022e-06 0 0.00026331440015753553 -0.0001192116361100303 0 0 -0.00013023448786055384 0.00010573372708623575 7.3766559084208743e-06 0 0 0 7.265853279858455e-06 -8.627749065877907e-05 0 0 0 0.00018930581089643398 0 0 -6.2594402068105149e-06 0 -0.00019411643536637992
leaf_weight=5312 48 69 179 43 25 41 98 66 45 63 45 41 149 198 217 147 21 71 46 197 206 39 289 41 131 25 619 358 48 113
leaf_count=5312 48 69 179 43 25 41 98 66 45 63 45 41 149 198 217 147 21 71 46 197 206 39 289 41 131 25 619 358 48 113
internal_value=0 -8.7214e-06 -5.19201e-05 -9.69759e-05 -0.000132429 -0.000175493 -0.000227521 0 6.59073e-05 0.000124377 -5.85079e-06 5.50585e-06 3.33624e-05 -4.88314e-05 6.61896e-05 -2.47913e-05 0.000208279 -7.53173e-05 -0.00010108 0 -6.41657e-05 1.94956e-06 2.87459e-05 8.09165e-05 0.000115497 0.000151039 0 -2.18813e-05 -5.65919e-05 -0.000137401
internal_weight=8990 2015 434 255 207 164 123 1581 198 129 1383 1002 608 381 366 394 84 315 244 242 247 6975 525 236 195 156 6450 1138 519 161
internal_count=8990 2015 434 255 207 164 123 1581 198 129 1383 1002 608 381 366 394 84 315 244 242 247 6975 525 236 195 156 6450 1138 519 161
is_linear=0
shrinkage=0.05


Tree=212
num_leaves=31
num_cat=0
split_feature=260 65 55 20 242 353 251 307 384 22 66 200 86 54 92 30 50 364 335 285 354 248 232 364 210 65 328 218 299 19
split_gain=7.1194e-05 0.000283566 9.04173e-05 0.000618366 0.000534377 0.000395617 0.000568212 0.000259856 0.000326054 0.000361114 0.000304436 0.000294573 0.00027967 0.000360181 0.000253453 0.000197557 0.000183294 0.000481753 0.000203938 0.0001903 0.000431261 0.000519957 0.000232986 0.000198594 0.000369988 0.000270436 0.000161983 0.000106425 0.000188625 6.79413e-05
threshold=2.5128110019680068 -0.45025501228347292 -0.53363861457856443 -0.94996086049688289 -1.1555992236211228 0.07094620125987891 -0.010530068163846449 -0.00033068783068774995 0.0067050122391906011 -0.57865732292094096 1.4392836737817503 -0.91164552593396353 0.63458994708994709 0.49884259259259306 0.49107142857142855 2.9679728914771233 -2.2362441891424596 0.0038355114009461506 0.017302200618905503 -0.0023909165180090995 0.0067418435051761006 -0.094483755821509335 0.68403790997430469 0.0022258374542476005 -1.0648438953971462 0.34908243766155655 0.011529032537331603 -0.025423089642624148 -0.21480671568180937 -0.67481240925618635
decision_type=10 2 2 2 10 10 10 10 10 2 2 10 2 2 2 2 2 10 10 8 10 10 10 10 8 2 10 10 10 2
left_child=2 -2 3 4 -1 6 -6 8 27 11 12 -10 13 -9 -12 16 17 -4 -19 20 21 -18 -22 24 -21 -25 -14 28 -5 -3
right_child=1 29 15 7 5 -7 -8 10 9 -11 14 -13 26 -15 -16 -17 19 18 -20 23 22 -23 -24 25 -26 -27 -28 -29 -30 -31
leaf_value=0 0 0 0 0 0.00040115082257186936 0 0 7.3299409195423128e-05 0 0 0 -0.00014322563783593384 -2.1576978787772683e-05 0 -0.00015514362090999562 -0.00012926079795214456 0 0.00022247826271061625 0 4.9294970965057955e-05 4.5490271207040386e-05 -0.00010314834713586737 -2.1131532833050412e-05 -1.4000361582449336e-06 2.4869672462043355e-07 -6.0179014908412511e-05 4.9566011052904353e-05 -1.0452584689646292e-06 7.9516395006014079e-05 -0.00015479442208578433
leaf_weight=30 35 21 43 32 34 25 28 469 21 246 86 133 294 145 35 31 411 43 23 486 264 269 155 1919 2953 252 109 237 117 44
leaf_count=30 35 21 43 32 34 25 28 469 21 246 86 133 294 145 35 31 411 43 23 486 264 269 155 1919 2953 252 109 237 117 44
internal_value=0 -4.21601e-05 8.18213e-08 9.80663e-06 0.000121965 0.000187982 0.00025591 3.81563e-07 -1.88408e-05 -5.22223e-05 1.80519e-05 -0.00011375 3.00878e-05 5.13604e-05 -4.17623e-05 -2.08625e-06 -7.72781e-07 6.19775e-05 0.000156718 -2.53844e-06 -2.17172e-05 -4.79428e-05 8.91549e-06 3.27761e-07 8.63502e-06 -1.05283e-05 0 2.80606e-06 4.24631e-05 -0.000116717
internal_weight=8990 100 8890 2041 117 87 62 1924 786 400 1138 154 1017 614 121 6849 6818 109 66 6709 1099 680 419 5610 3439 2171 403 386 149 65
internal_count=8990 100 8890 2041 117 87 62 1924 786 400 1138 154 1017 614 121 6849 6818 109 66 6709 1099 680 419 5610 3439 2171 403 386 149 65
is_linear=0
shrinkage=0.05


Tree=213
num_leaves=31
num_cat=0
split_feature=80 273 363 340 258 378 257 201 64 203 64 71 200 261 31 353 207 79 356 200 90 49 359 29 335 355 377 372 273 50
split_gain=7.21568e-05 0.000170809 0.000143817 0.000213069 0.000112667 0.000263542 0.000401144 0.000522695 0.000416092 0.000483585 0.000337655 0.000295168 0.000352321 0.000235902 0.000189693 0.000230401 0.00023877 0.000181672 0.000306782 0.000181538 0.000219362 0.000173124 0.000236465 0.000308099 0.000393195 0.000386592 0.000263231 0.000300155 0.000466903 0.000221647
threshold=0.98181216931216964 -0.50730797670729 0.47878490960899944 -0.0086100286254679487 -0.64098535524856703 0.0016792382410374003 -0.081770421385761641 -0.75824654163740746 -0.48684773969056444 -1.0982362656274527 -0.79146747067339984 0.21858465608465602 -0.82529814903636811 -1.7175893984710433 0.64186507936508053 -0.022985423025697997 -0.70725126113839198 0.042950628599431308 -0.0033750877008095494 -0.90444845922154193 0.47784391534391552 -0.66209236048201581 -0.038799070818694444 0.92303240740740777 0.0025338676275949504 -0.077579256142144434 -0.19940924740049812 -0.026052077589660296 1.86041080324613 -0.78503836679906291
decision_type=2 8 10 10 10 10 10 10 2 10 2 2 10 10 2 10 10 2 10 10 2 2 10 2 10 10 8 10 10 2
left_child=4 -2 3 -3 5 10 7 -7 9 -9 11 12 -1 -14 19 -16 -17 18 -12 -8 -21 29 23 24 25 -23 27 -24 -29 -6
right_child=1 2 -4 -5 21 6 14 8 -10 -11 17 -13 13 -15 15 16 -18 -19 -20 20 -22 22 26 -25 -26 -27 -28 28 -30 -31
leaf_value=0 0 0 0 0.00014361120518467302 -7.1280566667273376e-05 0 0 0 -3.5537997991212642e-06 -0.00019273475100730863 -0.00015041192799657559 0 0 0.00018403289878970042 0 0 -0.0001257854088735547 0 0 0 0.00013127422465752817 0 0 0 0 0.00015069227573684808 4.5582612720225473e-06 -0.00011888168703339407 0 -1.0699193237694503e-06
leaf_weight=29 92 26 33 72 166 99 82 22 156 148 57 83 20 88 76 22 91 497 99 103 70 44 67 171 134 152 5133 175 56 927
leaf_count=29 92 26 33 72 166 99 82 22 156 148 57 83 20 88 76 22 91 497 99 103 70 44 67 171 134 152 5133 175 56 927
internal_value=0 2.7422e-05 6.73565e-05 9.86313e-05 -1.20018e-06 -1.28485e-05 -3.29678e-05 -6.76845e-05 -9.98957e-05 -0.000158855 1.45337e-06 5.93507e-05 0.000105059 0.000148817 0 -3.76781e-05 -8.64087e-05 -1.04029e-05 -5.79856e-05 2.84017e-05 6.17305e-05 9.76688e-07 5.00547e-06 3.82775e-05 6.75095e-05 0.000112625 1.01491e-06 -4.32268e-05 -7.52151e-05 -1.63129e-05
internal_weight=8990 223 131 98 8767 1742 869 425 326 170 873 220 137 108 444 189 113 653 156 255 173 7025 5932 501 330 196 5431 298 231 1093
internal_count=8990 223 131 98 8767 1742 869 425 326 170 873 220 137 108 444 189 113 653 156 255 173 7025 5932 501 330 196 5431 298 231 1093
is_linear=0
shrinkage=0.05


Tree=214
num_leaves=31
num_cat=0
split_feature=208 378 304 377 202 356 65 392 370 237 87 206 332 254 224 203 397 77 376 392 378 358 378 383 70 64 75 365 244 304
split_gain=6.88108e-05 0.000439628 0.000372928 0.00043022 0.000477914 0.000352782 0.000396666 0.000326627 0.000595152 0.000498738 0.000503415 0.0004433 0.000415383 0.000509875 0.000463566 0.000458336 0.000303923 0.000315065 0.000313365 0.000290191 0.000357417 0.000279161 0.000417169 0.000257871 0.000429265 0.000213127 0.000391554 0.00028464 0.000204445 0.000198858
threshold=-1.3097646345338532 0.45417533635604956 -0.010204435815602549 0.056732882062105756 1.3383411256375657 -0.029069826676576697 0.63093257674271486 0.7306989060283432 9.5497123987486901e-05 -0.53589682502459213 0.078373015873015858 -2.3569166051211363 0.006146183524528951 -0.34229336493979062 -1.2596838428838559 1.6342813333304362 0.2623816717169436 0.37615740740740705 -0.017215530404607396 0.58791101842332616 -0.0022788457804582998 0.095846469731447517 -0.84079963495427956 0.10195966894035141 0.15839947089947101 -1.0663272403496646 0.37797619047619052 -0.32010582010581989 2.5763078122183471 -0.11157177565711233
decision_type=8 10 10 10 10 10 2 2 10 10 2 10 10 10 10 10 2 2 10 2 10 10 10 10 2 2 2 10 10 10
left_child=1 7 3 4 5 -3 -7 12 16 -10 -11 -12 13 14 -1 -16 21 -18 -19 -15 -21 22 -9 24 -14 26 -2 -28 -4 -27
right_child=25 2 28 -5 -6 6 -8 8 9 10 11 -13 23 19 15 -17 17 18 -20 20 -22 -23 -24 -25 -26 29 27 -29 -30 -31
leaf_value=0 0 0 0.00010426360794101832 0 0 -0.00022778635563268728 0 0 0 0 0 0.00017698618265836875 0 1.587314482919272e-06 0.0001953885849765464 0 0 0 -0.00023530004314817937 0 -0.0002041313374113432 -7.239412482495094e-06 0.00011746541416048729 0 -0.00017946748931069027 1.4033126413487845e-05 0 -0.00019270142630552765 0 -5.8312077995829893e-06
leaf_weight=29 53 76 54 87 40 104 32 37 80 49 45 215 33 173 98 27 97 20 36 25 39 36 150 29 80 1585 20 61 32 5548
leaf_count=29 53 76 54 87 40 104 32 37 80 49 45 215 33 173 98 27 97 20 36 25 39 36 150 29 80 1585 20 61 32 5548
internal_value=0 8.44175e-06 -3.07564e-05 -6.08948e-05 -9.61989e-05 -0.000128968 -0.000180002 2.51295e-05 4.62459e-05 8.96061e-05 0.000118917 0.000147119 0 2.1237e-05 9.66801e-05 0.000144145 0 -5.2851e-05 -0.000147184 -6.71704e-06 -0.000107135 3.85857e-05 7.41304e-05 -7.78886e-05 -0.000115422 -2.60285e-06 -6.56746e-05 -0.000138571 2.99056e-05 -7.16128e-07
internal_weight=8990 1723 425 339 252 212 136 1298 765 389 309 260 533 391 154 125 376 153 56 237 64 223 187 142 113 7267 134 81 86 7133
internal_count=8990 1723 425 339 252 212 136 1298 765 389 309 260 533 391 154 125 376 153 56 237 64 223 187 142 113 7267 134 81 86 7133
is_linear=0
shrinkage=0.05


Tree=215
num_leaves=31
num_cat=0
split_feature=362 17 292 361 379 250 300 41 236 19 371 318 68 302 62 371 211 317 258 67 332 219 70 349 385 20 385 225 216 220
split_gain=7.07971e-05 0.000267639 0.000170502 0.000180772 0.000160336 0.000370876 0.000465693 0.000419294 0.000317975 0.000180093 0.000151098 0.000233756 0.000217328 0.000331146 0.000141091 0.000380379 0.00036505 0.000400192 0.000497882 0.000364351 0.000525443 0.000566882 0.000341136 0.000430878 0.0003194 0.000407618 0.000684895 0.000597789 0.000292969 0.000296707
threshold=0.26388888888888912 -0.71276454509372533 -0.00033068783068784991 -0.18734805986107042 0.73115608710887303 1.0000000180025095e-35 -0.027835817147150149 1.912125308355282 -0.82639903435640327 -0.67481240925618635 -0.12111685690666098 -0.15703100026918337 0.7046957671957671 0.068424102504246423 0.48164682539682507 -0.98057798311106781 0.45345215939755606 -0.013177585040317748 0.79337049207025645 1.3034060065343047 0.0057617662982509012 0.73746149652395598 0.23776455026455004 0.030337990461705901 -0.58450645717649274 -0.61379053732346833 0.53833330779920041 1.8151987296380441 1.7446397057787364 -1.4375174318859683
decision_type=8 2 10 10 10 10 10 2 10 2 10 10 2 10 2 10 10 10 10 2 10 10 2 10 8 2 10 10 10 10
left_child=4 2 -2 -4 14 6 -6 8 -8 -10 11 -7 13 -12 15 19 22 18 -18 20 21 -1 -17 -24 28 26 27 -26 29 -16
right_child=1 -3 3 -5 5 10 7 -9 9 -11 12 -13 -14 -15 24 16 17 -19 -20 -21 -22 -23 23 -25 25 -27 -28 -29 -30 -31
leaf_value=0.0002101776701515767 0 0 0 0.00017926856611676428 0 0 0 0 0 -0.00026176884286630421 0.00017119380096236998 -0.00010943447816478382 0 0 0 -1.5481949284667969e-05 -5.8265645656287487e-06 2.4796114370630846e-05 -0.000109715747960374 7.8003940381926878e-06 0 0 5.2665602549064915e-05 -8.64809746291542e-08 0.00015071604644361459 -4.723452512531178e-06 0 0 6.5964060532653228e-06 -5.8328035726736864e-05
leaf_weight=108 23 278 28 53 64 70 41 43 22 70 57 55 61 22 216 536 473 166 232 593 38 74 738 442 183 3060 279 42 219 704
leaf_count=108 23 278 28 53 64 70 41 43 22 70 57 55 61 22 216 536 473 166 232 593 38 74 738 442 183 3060 279 42 219 704
internal_value=0 2.04121e-05 8.92007e-05 0.000124375 -1.43756e-06 -2.8789e-05 -7.48682e-05 -0.000119388 -0.000163505 -0.000217408 0 -2.45637e-05 4.64486e-05 0.000103393 0 8.02057e-06 0 -2.76695e-05 -4.71161e-05 3.79281e-05 9.63784e-05 0.000135797 1.19657e-05 2.86707e-05 -5.33778e-06 6.89604e-07 4.34677e-05 0.000108802 -2.85857e-05 -4.23945e-05
internal_weight=8990 382 104 81 8608 505 240 176 133 92 265 125 140 79 8103 3400 2587 871 705 813 220 182 1716 1180 4703 3564 504 225 1139 920
internal_count=8990 382 104 81 8608 505 240 176 133 92 265 125 140 79 8103 3400 2587 871 705 813 220 182 1716 1180 4703 3564 504 225 1139 920
is_linear=0
shrinkage=0.05


Tree=216
num_leaves=31
num_cat=0
split_feature=354 302 206 38 50 397 60 301 352 258 313 372 385 283 398 48 40 357 89 324 300 247 255 65 305 399 205 207 254 244
split_gain=6.86491e-05 0.000278828 0.000231649 0.000364543 0.000314785 0.000210926 0.000230775 0.000179152 0.0002536 0.000293384 0.000183445 0.000320385 0.00035059 0.000537789 0.000438248 0.000194307 0.000416851 0.000414268 0.000493548 0.00031608 0.000236204 0.000308983 0.000464766 0.000245291 0.000226677 0.000482355 0.000354243 0.000174838 0.000148627 0.00017873
threshold=-0.21364867168870685 0.0077074067253947503 0.90636694273613572 1.0959010410012453 -1.2080224323328548 -0.36101793039297042 0.8282076719576722 0.015938386058146955 -0.024392205248586245 -0.68805963556872085 0.011054566386909452 0.00040894836449785005 -1.9188307312323263 -0.0013153514405841499 0.0023982218932478505 1.5117874714062551 1.1604308974178903 -0.0099206349206343979 1.4188668406547829 -0.14493572364829826 -0.040687516151049992 -0.3832683109465635 0.18311180182529221 -0.34098861336027192 -0.00033068783068724992 -0.65518978283665164 -0.97035679800445485 -0.57006495413162683 0.87644525757779068 1.4555773285515843
decision_type=10 10 8 2 2 2 2 10 10 10 10 10 10 10 2 2 2 10 2 10 10 10 10 2 10 2 10 10 10 10
left_child=1 2 3 -1 -5 -6 -7 10 9 -9 15 12 -12 14 -14 20 17 -17 -19 -18 21 23 -23 -2 26 -26 -22 -11 29 -3
right_child=7 28 -4 4 5 6 -8 8 -10 27 11 -13 13 -15 -16 16 19 18 -20 -21 24 22 -24 -25 25 -27 -28 -29 -30 -31
leaf_value=0 2.3816504600521032e-05 -7.1244410012710765e-05 0 0 0 0.00019693780840810364 0 0 0 0 0 0 -0.00022438318747961439 0 0 0 0 -0.00011603910450711077 0 0.00018489995102264711 9.4350509121123355e-06 8.8616279875587393e-05 0 -4.847659196032722e-05 -4.8307740871541669e-06 3.7838829896852159e-05 -3.4030026945823114e-05 0.00018766126917437354 9.5878859161300283e-06 0
leaf_weight=92 252 165 164 22 20 108 20 35 256 37 41 187 93 77 20 107 29 268 64 29 512 314 236 200 3366 801 1248 61 113 53
leaf_count=92 252 165 164 22 20 108 20 35 256 37 41 187 93 77 20 107 29 268 64 29 512 314 236 200 3366 801 1248 61 113 53
internal_value=0 1.37842e-05 4.36245e-05 7.28247e-05 0.000116317 0.000144406 0.000168004 -1.83657e-06 2.98712e-05 8.58593e-05 -4.0468e-06 -3.69182e-05 -7.70175e-05 -0.000108727 -0.000178206 -1.52274e-06 -3.18094e-05 -5.52513e-05 -8.45862e-05 5.93525e-05 0 2.30454e-05 4.86999e-05 0 -3.13633e-06 2.17221e-06 -1.85451e-05 0.000132207 -9.52084e-06 -4.23509e-05
internal_weight=8990 757 426 262 170 148 128 8233 389 133 7844 418 231 190 113 7426 497 439 332 58 6929 1002 550 452 5927 4167 1760 98 331 218
internal_count=8990 757 426 262 170 148 128 8233 389 133 7844 418 231 190 113 7426 497 439 332 58 6929 1002 550 452 5927 4167 1760 98 331 218
is_linear=0
shrinkage=0.05


Tree=217
num_leaves=31
num_cat=0
split_feature=50 384 31 69 393 352 389 291 378 285 224 207 28 346 332 334 392 383 345 76 357 353 306 70 358 55 335 235 350 392
split_gain=6.94762e-05 0.000216448 0.000355257 0.000353661 0.000192154 0.000128796 0.000194162 0.000175524 0.000242614 0.000180353 0.000135692 0.000125697 0.000231366 0.000196336 0.00026999 0.000190764 0.000188002 0.000425333 0.000393262 0.000412335 0.000363905 0.000318589 0.000481943 0.000360726 0.000401453 0.000321235 0.000281021 0.000535585 0.000313645 0.000246865
threshold=1.1240699184160701 0.0049615579040125013 0.83878968253968311 -1.0192498208848748 1.0808364776547819 0.012924364817704452 0.22150020235056997 -0.050041729278494644 -0.20410964224921202 0.00033255737840545008 -0.61182329687155923 -0.76135746785955261 0.026124338624338453 -0.014728887287937448 -0.054010018171049591 0.0109361057999893 0.69831774589055085 -0.78823982236224788 -0.00066137566137594985 -0.91382169352550857 -0.017195767195766948 -0.19715370743052976 0.00033670034942405008 0.24173280423280405 0.0057973125137725009 1.2553602964164352 -0.016900888691374998 -0.9625193477226438 -0.059722363701689596 0.46195209034009693
decision_type=2 10 2 2 2 10 2 10 10 10 10 10 2 10 10 10 2 8 10 2 10 10 10 2 10 2 10 10 10 2
left_child=11 5 -3 -4 -5 7 -7 8 -2 -10 -8 12 13 -1 -15 -16 17 -13 21 20 -20 22 25 -23 -25 -18 27 -21 -28 -19
right_child=1 2 3 4 -6 6 10 -9 9 -11 -12 16 -14 14 15 -17 18 29 19 26 -22 23 -24 24 -26 -27 28 -29 -30 -31
leaf_value=0 0 0 0 -0.00020697222480179096 0 0 -0.00017115191300472133 0 0.00015261286686143679 0 0 -9.0086664191860668e-05 1.1359524035842228e-06 0 -8.1951355355658177e-05 0 -0.00022494553828216864 9.3961555415607946e-06 0 0 0.00017243990207328774 -3.8021119907396574e-05 0 0 6.5776264156912722e-05 0 5.4762902300487448e-05 8.970459642346199e-05 -8.4675312408491917e-06 -2.6211008928309837e-05
leaf_weight=205 76 172 24 69 21 143 32 103 73 34 20 134 1208 174 355 87 56 2126 32 360 95 351 62 457 323 22 238 336 977 625
leaf_count=205 76 172 24 69 21 143 32 103 73 34 20 134 1208 174 355 87 56 2126 32 360 95 351 62 457 323 22 238 336 977 625
internal_value=0 -1.47226e-05 -4.97246e-05 -0.000118252 -0.000165896 0 -2.4349e-05 2.68542e-05 5.9358e-05 0.000108106 -0.00010741 9.49761e-07 -9.0252e-06 -3.00638e-05 -4.47354e-05 -6.56936e-05 5.02462e-06 -2.942e-06 1.34813e-05 2.75801e-05 0.000122846 -5.19232e-06 -7.70042e-05 0 2.24811e-05 -0.000161444 1.86265e-05 4.42922e-05 0 0
internal_weight=8990 767 286 114 90 481 195 286 183 107 52 8223 2029 821 616 442 6194 2885 3309 2038 127 1271 140 1131 780 78 1911 696 1215 2751
internal_count=8990 767 286 114 90 481 195 286 183 107 52 8223 2029 821 616 442 6194 2885 3309 2038 127 1271 140 1131 780 78 1911 696 1215 2751
is_linear=0
shrinkage=0.05


Tree=218
num_leaves=31
num_cat=0
split_feature=310 212 250 208 220 243 383 220 66 284 377 258 31 60 14 291 228 244 221 76 91 302 272 335 76 38 247 219 57 356
split_gain=6.82202e-05 0.000205734 0.000131693 0.000105574 0.000323027 0.000648379 0.00038084 0.000303665 0.000563249 0.000482264 0.000426888 0.000775964 0.000839984 0.000427808 0.00034013 0.000323191 0.00028454 0.000283364 0.000215281 0.000279015 0.000416961 0.000505783 0.00065074 0.000157143 0.000300155 0.000314111 0.000305192 0.000270618 0.000315553 0.000322474
threshold=-0.28160858200425948 -0.55531684352580057 -0.6840781117355359 -1.3097646345338532 -2.1163517999547605 1.5231972006276562 0.080151898546062014 -1.0363463805295499 -0.97096341970504485 -0.00033068783068709997 -0.054118209065995695 0.79337049207025645 0.94262566137566106 0.22106481481481502 0.0018187830687830002 -0.071550421820330376 2.0607927450307031 -1.1617195855836202 2.0727828047541417 -0.60102307671540389 -0.17826789842912497 -0.020240313467569847 1.7217644153588656 0.050966589741958952 0.28816652290102057 -0.035099020454082593 1.3639079652203296 0.74791062092465632 0.083965059649379864 0.019240762007228952
decision_type=8 10 10 8 10 10 10 10 2 10 10 10 2 2 2 10 10 10 10 2 2 10 10 10 2 2 10 10 2 10
left_child=1 2 -1 4 5 6 -2 8 16 14 13 -12 -13 17 -10 -15 -6 -9 23 -20 -21 -22 -23 27 25 -25 -27 -5 -29 -30
right_child=3 -3 -4 18 7 -7 -8 10 9 -11 11 12 -14 15 -16 -17 -18 -19 19 20 21 22 -24 24 -26 26 -28 28 29 -31
leaf_value=0 0.00029660468920215586 0 -0.00012674383394214992 -2.0329778243041165e-06 0 0 0 0 0 0 0 0.00019237578633553914 2.4969257934243208e-06 0 -0.00021150606723647835 -9.3813067536184129e-05 0.00019636734381044431 0.00013038195780156907 0 0 0 -0.00029395820000629254 0 0 2.2015104504069977e-05 -7.4998060370012215e-05 0 0.00010657185394908898 -5.4496061773275459e-07 4.6282686112146632e-05
leaf_weight=20 41 103 63 4181 69 79 23 49 20 121 473 143 198 100 85 202 21 55 80 152 44 60 26 319 223 447 72 118 945 458
leaf_count=20 41 103 63 4181 69 79 23 49 20 121 473 143 198 100 85 202 21 55 80 152 44 60 26 319 223 447 72 118 945 458
internal_value=0 -3.02303e-05 -9.07521e-05 2.33249e-07 1.19688e-05 8.5361e-05 0.000203849 1.87599e-06 -3.75243e-05 -8.80007e-05 1.61816e-05 3.92985e-05 9.68151e-05 -1.78521e-05 -0.000167724 -5.66844e-05 3.36905e-05 4.68263e-05 -1.83062e-06 -3.9399e-05 -6.68218e-05 -0.00013302 -0.000203525 0 -1.74819e-05 -3.39597e-05 -5.80925e-05 3.46769e-06 2.18744e-05 1.11803e-05
internal_weight=8990 186 83 8804 1679 143 64 1536 316 226 1220 814 341 406 105 302 90 104 7125 362 282 130 86 6763 1061 838 519 5702 1521 1403
internal_count=8990 186 83 8804 1679 143 64 1536 316 226 1220 814 341 406 105 302 90 104 7125 362 282 130 86 6763 1061 838 519 5702 1521 1403
is_linear=0
shrinkage=0.05


Tree=219
num_leaves=31
num_cat=0
split_feature=203 376 250 385 48 371 200 55 235 361 276 276 70 382 326 232 256 70 344 341 202 244 382 64 66 229 58 335 375 300
split_gain=6.92626e-05 0.000168597 0.000317523 0.000270205 0.000177546 0.000237377 0.000387871 0.000390764 0.000499094 0.000164013 0.000160375 0.00037217 0.00044247 0.00043006 0.000261721 0.000415512 0.000250101 0.000232152 0.000320289 0.000397128 0.000374 0.000268107 0.000262757 0.000389868 0.000664948 0.00031327 0.000371356 0.000260861 0.000228277 0.000213353
threshold=1.4044140229654565 -0.04358729046346229 -0.49398453131099168 -1.2031638914497986 0.027183863710627105 -1.1837053221554836 -0.52707163653049593 -0.18349174120871892 -2.3479815916101869 -0.22395462301498184 -2.1615589588609958 -1.73394691357044 0.81779100529100512 0.71469852758740704 0.018787001034472655 1.1686492144776282 0.49679982096250214 0.74884259259259289 -0.029757547757935248 -0.005291005291005099 0.60638529040165567 0.3107285635382076 1.4165013684967058 -0.70651793504033178 -0.23572129172396697 1.2882570510741627 -0.52681670990201546 0.024557187237195955 -0.096865707845106133 0.067676341270474963
decision_type=10 10 10 10 2 10 10 2 10 10 8 8 2 10 10 10 10 2 10 10 10 10 10 2 2 10 2 10 10 10
left_child=10 2 -2 -4 -3 9 7 -7 -9 -6 16 12 13 14 15 -12 29 22 21 -20 -21 -19 25 24 -24 26 -13 -27 -25 -1
right_child=1 4 3 -5 5 6 -8 8 -10 -11 11 17 -14 -15 -16 -17 -18 18 19 20 -22 -23 23 28 -26 27 -28 -29 -30 -31
leaf_value=0.00012665316732469987 0 1.8946206912317942e-05 0 0.00010980060789760098 0 0 0 0 -0.0002584637828939914 7.3392697472946943e-05 -0.00025118795914535813 8.285489461510593e-05 0 0 0 0 0 0 1.725503628404373e-06 -7.7082551438908335e-05 0 0.00010668024336765226 0 6.8291086705023465e-05 -0.00015123434996859917 4.7223392309804331e-05 -2.3854706663211385e-06 0 -1.5667467429526201e-05 0
leaf_weight=91 165 529 79 168 24 70 237 23 60 81 78 132 53 71 50 21 188 45 278 526 229 74 71 94 134 755 3784 320 537 23
leaf_count=91 165 529 79 168 24 70 237 23 60 81 78 132 53 71 50 21 188 45 278 526 229 74 71 94 134 755 3784 320 537 23
internal_value=0 9.72541e-06 3.6775e-05 7.39456e-05 0 -2.26475e-05 -4.58638e-05 -0.000108136 -0.00018248 1.59724e-05 -2.22284e-06 -4.32348e-06 -6.21046e-05 -9.90532e-05 -0.000147291 -0.000198098 3.16543e-05 -1.34596e-06 -2.22676e-05 -3.40666e-05 -5.38658e-05 3.81169e-05 1.9325e-06 -2.26799e-05 -8.2759e-05 7.05727e-06 0 3.09788e-05 0 9.01822e-05
internal_weight=8990 1436 412 247 1024 495 390 153 83 105 7554 7252 273 220 149 99 302 6979 1152 1033 755 119 5827 836 205 4991 3916 1075 631 114
internal_count=8990 1436 412 247 1024 495 390 153 83 105 7554 7252 273 220 149 99 302 6979 1152 1033 755 119 5827 836 205 4991 3916 1075 631 114
is_linear=0
shrinkage=0.05


Tree=220
num_leaves=31
num_cat=0
split_feature=362 17 379 250 300 326 49 328 340 282 385 299 399 25 201 362 29 213 385 203 319 79 332 318 208 265 351 397 342 213
split_gain=6.66029e-05 0.000237486 0.000138727 0.000331938 0.000470186 0.000409621 0.000449032 0.000193871 0.000154841 0.000197731 0.000175166 0.000134987 0.000419263 0.000452422 0.000469418 0.000534637 0.000246973 0.000335217 0.000342345 0.000226247 0.000296549 0.000298573 0.000329885 0.00023745 0.000253453 0.000264133 0.000207508 0.000222324 0.000163584 0.000163157
threshold=0.26388888888888912 -0.71276454509372533 0.73115608710887303 0.21030490794383841 -0.027835817147150149 0.070200367996946164 -0.71524121672301944 -0.0075374097317876488 -0.0057778093399299488 -0.0027572104759800496 -0.087230406338034347 -0.51488938880278623 -0.68744666097885732 0.084077380952381015 -0.94918583326238559 -0.078207671957671934 0.53356481481481521 -0.6516208631461915 1.3041288424349067 1.4621456171113045 0.006017507508991801 -0.53987551811238554 -0.0053163906909551991 -0.15950171371972585 1.5879853581841472 1.459263156776333 -0.85540231709897319 0.57644780277514462 -0.0047384142731052995 -0.59632518927175904
decision_type=8 2 10 10 10 10 2 10 10 10 10 10 2 2 10 10 2 10 10 10 8 2 10 10 10 10 10 2 10 10
left_child=2 -2 11 4 -4 6 -6 -8 -5 -10 -11 12 13 14 -1 -16 -14 -18 -19 20 26 22 -22 29 25 -25 -13 -28 -23 -21
right_child=1 -3 3 8 5 -7 7 -9 9 10 -12 19 16 -15 15 -17 17 18 -20 23 21 28 -24 24 -26 -27 27 -29 -30 -31
leaf_value=0 8.4773773267654616e-05 0 0 -3.9014343880581863e-05 0 0 0 -0.00027490985530497105 0 0 0.00013116914476550437 -7.8023412898808983e-05 0 0 0 -0.00016428671873839652 0 0.00018096597933839803 0 -7.5098840597542086e-05 0 3.2283385979387336e-05 0.00014924059032910694 6.6445584797736703e-05 0 0 0 -3.525344199280938e-05 -3.3068941204734447e-06 0
leaf_weight=55 104 278 76 63 24 87 20 66 42 56 71 107 146 273 75 180 41 74 32 73 85 420 93 566 148 61 4357 503 679 135
leaf_count=55 104 278 76 63 24 87 20 66 42 56 71 107 146 273 75 180 41 74 32 73 85 420 93 566 148 61 4357 503 679 135
internal_value=0 2.01025e-05 -1.18547e-06 -2.66567e-05 -6.5976e-05 -0.000109522 -0.000175427 -0.000228891 0 4.14875e-05 7.86083e-05 0 -1.80967e-05 -4.57362e-05 -8.70674e-05 -0.000117539 1.98373e-05 7.05795e-05 0.000121676 2.64479e-06 -7.96292e-08 2.05391e-05 8.37391e-05 2.50344e-05 3.94351e-05 5.41531e-05 -6.38757e-06 -3.78004e-06 5.74701e-06 -4.58795e-06
internal_weight=8990 382 8608 505 273 197 110 86 232 169 127 8103 876 583 310 255 293 147 106 7227 6244 1277 178 983 775 627 4967 4860 1099 208
internal_count=8990 382 8608 505 273 197 110 86 232 169 127 8103 876 583 310 255 293 147 106 7227 6244 1277 178 983 775 627 4967 4860 1099 208
is_linear=0
shrinkage=0.05


Tree=221
num_leaves=31
num_cat=0
split_feature=231 260 39 358 260 238 218 239 227 260 35 301 281 41 60 385 247 340 274 397 235 385 275 266 346 318 237 348 287 74
split_gain=6.75555e-05 0.000237175 0.000309436 0.000189293 0.000126302 0.000230628 0.000277181 0.000210439 0.000216224 0.000135878 0.000185632 0.000270845 0.000402679 0.000184048 0.000176971 0.000464407 0.000444131 0.00040929 0.000244331 0.000563661 0.000364402 0.000255781 0.000503538 0.000292409 0.00020965 0.000195356 0.00012122 0.000112345 0.000395918 0.000142954
threshold=-1.4942283014522937 0.36435644397304673 1.1157941783188552 0.046845487869168805 -1.4156352076925525 0.20094959229197568 1.5762811121411235 -0.25558451464378967 1.4260079242254495 -0.6624444552558475 0.9181547619047622 -0.0032173318950249994 1.8743044804029054 0.26109391042848556 0.88326719576719614 -0.78762652714758563 -0.096945055840580885 0.0093038986147100013 -0.62467123083110854 0.10499501502601631 -2.2389369406216475 -1.0734202335760543 0.80785771916671012 0.80531163240867676 0.00043431062077955003 -0.04865510681511144 0.98936015539347177 0.017352357404713404 -0.022731187038379647 0.060121818892214809
decision_type=10 10 2 10 10 10 10 10 10 10 2 10 10 2 2 10 10 10 10 2 10 8 10 10 10 10 10 8 10 2
left_child=1 27 3 -3 5 6 7 -2 -9 10 11 -6 13 -13 18 24 17 -17 19 25 -21 22 -20 -23 -16 -11 -26 28 -1 -30
right_child=4 2 -4 -5 9 -7 -8 8 -10 14 -12 12 -14 -15 15 16 -18 -19 21 20 -22 23 -24 -25 26 -27 -28 -29 29 -31
leaf_value=0 0 -0.00018410644842689055 0 0 4.0776939011092636e-06 0 0 0.0001746697692813627 0 1.748106261864928e-05 2.1410057616920539e-10 0 -0.00020207978796054696 -4.603335247169394e-05 0 -0.00012375967503529281 0 0 -6.5549548977249651e-05 0 0.00010543871112114795 -2.2833635888455304e-06 7.7569925700256841e-06 2.821333144661382e-05 0.00011634246196230887 -2.1498455765180668e-05 0 -2.555850065962275e-05 0.00020137764208726056 0
leaf_weight=181 68 59 80 29 103 131 22 87 21 1038 293 106 53 355 120 226 175 52 423 78 277 2993 299 977 71 401 20 189 37 26
leaf_count=181 68 59 80 29 103 131 22 87 21 1038 293 106 53 355 120 226 175 52 423 78 277 2993 299 977 71 401 20 189 37 26
internal_value=0 -1.64896e-05 -6.7079e-05 -0.000131781 8.057e-07 3.1241e-05 6.73195e-05 9.50424e-05 0.000139936 0 -1.85921e-05 -3.55221e-05 -5.31825e-05 -2.51804e-05 1.87386e-06 -2.13843e-05 -5.41685e-05 -9.36653e-05 5.02608e-06 2.07796e-05 7.81655e-05 0 -2.82702e-05 3.96285e-06 2.53076e-05 3.14367e-06 8.5073e-05 0 2.5388e-05 0.000134832
internal_weight=8990 601 168 88 8389 329 198 176 108 8060 910 617 514 461 7150 664 453 278 6486 1794 355 4692 722 3970 211 1439 91 433 244 63
internal_count=8990 601 168 88 8389 329 198 176 108 8060 910 617 514 461 7150 664 453 278 6486 1794 355 4692 722 3970 211 1439 91 433 244 63
is_linear=0
shrinkage=0.05


Tree=222
num_leaves=31
num_cat=0
split_feature=41 367 79 221 48 362 24 76 308 20 73 20 237 358 398 398 375 221 218 370 340 48 12 17 362 346 229 344 221 316
split_gain=6.36663e-05 0.000327848 0.000372105 0.000278909 0.000311149 0.000399567 0.000371442 0.0002473 0.000170721 0.000170986 0.000138125 0.000190824 0.000395812 0.00047472 0.000661615 0.000553445 0.000447903 0.00040763 0.000362308 0.000354072 0.00037426 0.000368726 0.000286367 0.00028278 0.000261177 0.000242003 0.00042449 0.000344991 0.000208789 0.000317748
threshold=2.2066804638188353 0.023644179894180002 0.48626965333796551 2.1213371036220807 -1.2420198341213997 0.16352513227513299 0.011078042328042301 -0.43691705268607495 -0.025646647193772795 1.3315956714876551 0.90950323320320858 -0.71491740490556943 -0.035719360209691041 0.00084530873895350019 -0.00035788768575129997 -0.0041065318210681493 -0.12444116657610189 -1.4920838893324431 -2.0862951473369131 -0.055212702644102239 -0.007756028131960249 1.4140813181877403 0.012235449735449501 0.10176234887559701 0.134259259259259 0.14300421594687537 1.3208896416727671 0.27566378353765991 1.6998396577055865 -0.0097518473838384499
decision_type=2 10 2 10 2 10 2 2 10 2 2 2 10 10 2 2 10 10 10 10 10 2 2 2 10 10 10 10 10 10
left_child=10 7 3 4 -3 6 -6 8 -2 -10 11 12 19 16 15 -15 -14 -18 22 20 -1 24 -13 -22 -21 28 27 -27 -20 -30
right_child=1 2 -4 -5 5 -7 -8 -9 9 -11 -12 18 13 14 -16 -17 17 -19 25 21 23 -23 -24 -25 -26 26 -28 -29 29 -31
leaf_value=0 0 0 0 0 0 0 -0.00021426805632892266 -1.8452859748107671e-06 0.00015362106600245713 0 -7.5269569121670312e-06 0 0 0 -4.4424477722153438e-06 0.00023114466129163915 0 -0.0001625431023008646 1.4754417164107362e-05 9.1780836725121161e-05 0.0002830627555596436 -1.581490123295713e-05 -0.00016711758427858986 0 0 -0.00015067281159526858 0 0 -3.1371797134315365e-05 3.3920210809341745e-05
leaf_weight=24 32 20 187 30 22 31 115 381 63 24 2627 109 129 54 106 66 32 107 3213 204 50 161 55 27 43 103 85 21 667 202
leaf_count=24 32 20 187 30 22 31 115 381 63 24 2627 109 129 54 106 66 32 107 3213 204 50 161 55 27 43 103 85 21 667 202
internal_value=0 -1.28601e-05 -4.8462e-05 -9.28845e-05 -0.000117092 -0.000141312 -0.000178243 5.98329e-06 7.30099e-05 0.000110404 1.08268e-06 6.14274e-06 2.60698e-05 0 4.68383e-05 0.000133734 -5.07599e-05 -0.000114088 5.33552e-07 5.72957e-05 0.000153161 2.12807e-05 -7.08153e-05 0.000207114 6.56918e-05 4.42726e-06 -4.4652e-05 -0.000109137 8.16603e-06 -1.04394e-05
internal_weight=8990 905 405 218 188 168 137 500 119 87 8085 5458 1003 494 226 120 268 139 4455 509 101 408 164 77 247 4291 209 124 4082 869
internal_count=8990 905 405 218 188 168 137 500 119 87 8085 5458 1003 494 226 120 268 139 4455 509 101 408 164 77 247 4291 209 124 4082 869
is_linear=0
shrinkage=0.05


Tree=223
num_leaves=31
num_cat=0
split_feature=50 279 344 349 244 233 349 91 346 78 393 336 356 313 66 19 35 88 251 41 282 251 351 393 40 246 62 380 322 398
split_gain=6.41894e-05 0.000199148 0.000356058 0.000308845 0.000432395 0.00026309 0.000303769 0.000131931 0.00040766 0.000543802 0.000407788 0.000379077 0.0003602 0.000387638 0.000334125 0.000325534 0.000336447 0.000230415 0.00041443 0.000187112 0.000252878 0.000254099 0.00024415 0.000360968 0.00023449 0.000228925 0.00053779 0.000356594 0.000211139 0.000246082
threshold=1.1240699184160701 0.52851908878386922 -0.0028177539577448492 0.22219547347120924 -0.95052284349512595 -0.10437835511269293 -0.20577138499112718 1.1468309827518051 -0.0050125418235454485 0.38252314814814836 -1.5670078355472483 -0.0026455026455029494 0.10088883937795536 0.014056109135446701 -1.2484890519636698 0.86315293268756921 0.85912698412698363 0.24537037037037049 -0.429331324535907 2.1437082179264508 -0.0011494316361998498 -0.8595675692932877 -0.0040008252023771987 -1.2631482166414159 0.12302960916026152 -1.0754700368014831 0.63888888888888917 0.15765455411818782 0.00033915932970415006 -0.0012841802807952998
decision_type=2 10 10 10 10 10 10 2 10 2 2 10 10 10 2 2 2 2 10 2 10 10 10 2 2 10 2 10 10 2
left_child=7 -2 -3 4 -4 -6 -7 19 11 -10 -11 17 13 -12 -13 -16 -17 -9 -19 24 21 -21 23 -23 28 26 27 -26 -1 -30
right_child=1 2 3 -5 5 6 -8 8 9 10 12 14 -14 -15 15 16 -18 18 -20 20 -22 22 -24 -25 25 -27 -28 -29 29 -31
leaf_value=2.5362174876797198e-06 0 0 0 0 0 0 -0.00024207669379422143 0 -1.1395722368632039e-05 0 0.00013820983859037244 0 0 0 0 -0.00020036902722914089 0 0.00021768079829883409 0 0 1.8410180629901274e-06 0 0 -0.00013714994806465408 0.00016218390917021393 6.4099087468060869e-06 0 0 0 -3.5942643073377503e-05
leaf_weight=3479 443 125 39 33 21 24 82 44 160 57 288 49 79 54 53 85 27 36 67 153 267 59 201 172 126 1232 67 34 535 899
leaf_count=3479 443 125 39 33 21 24 82 44 160 57 288 49 79 54 53 85 27 36 67 153 267 59 201 172 126 1232 67 34 535 899
internal_value=0 -1.41176e-05 -4.48095e-05 -8.79735e-05 -0.000118006 -0.000163412 -0.000195417 9.60489e-07 1.82687e-05 4.4709e-05 7.39453e-05 -1.46124e-05 9.28925e-05 0.000115126 -6.57763e-05 -0.000103296 -0.000151574 2.58748e-05 8.08851e-05 -7.41143e-07 -2.31811e-05 -4.31454e-05 -6.31727e-05 -0.000100514 1.47495e-06 1.95774e-05 6.89905e-05 0.000123082 -2.88349e-06 -1.95179e-05
internal_weight=8990 767 324 199 166 127 106 8223 999 638 478 361 421 342 214 165 112 147 103 7224 852 585 432 231 6372 1459 227 160 4913 1434
internal_count=8990 767 324 199 166 127 106 8223 999 638 478 361 421 342 214 165 112 147 103 7224 852 585 432 231 6372 1459 227 160 4913 1434
is_linear=0
shrinkage=0.05


Tree=224
num_leaves=31
num_cat=0
split_feature=274 87 299 253 241 313 246 88 53 229 11 372 12 30 373 361 209 218 72 289 359 206 72 217 348 234 255 349 317 207
split_gain=6.59346e-05 0.000210017 0.000238747 0.000281765 0.000243847 0.000286156 0.000387794 0.000223752 0.000231986 0.000293204 0.0002225 0.000245638 0.00030364 0.000236004 0.000207359 0.000190006 0.000311266 0.000382581 0.000150051 0.000170437 0.000226004 0.000347208 0.000224749 0.000177444 0.000456643 0.000783559 0.000472785 0.000243778 0.000340721 0.000447921
threshold=0.56657431145887804 0.88723544973544954 0.19941648128502848 0.51305922587042929 -0.69580449144228673 0.00090587910623190018 1.2701471362587822 0.93882275132275117 1.1944989384493152 -1.0168436613876843 0.057622354497354554 0.0092179356485649015 0.0038029100529100007 -2.0262746444395447 -0.014550264550264548 0.0013952017675651002 1.1196394429514356 -1.784327271252325 2.0530013309904702 -0.21553032764855676 -0.0092080912667813989 0.35873548647213788 0.5079780254018551 -2.0667083864751361 0.013195822791152702 1.6924708030977744 1.1799858453527341 -0.046326010896881396 -0.041109116393045188 -0.41762446901390488
decision_type=10 2 10 10 10 10 10 2 2 10 2 10 2 2 10 10 10 10 2 10 8 10 2 8 10 10 10 8 10 10
left_child=18 2 10 4 -4 6 -6 8 9 -3 11 -2 -13 -14 -11 16 -12 -18 19 20 21 22 -1 24 25 26 -21 28 29 -25
right_child=1 7 3 -5 5 -7 -8 -9 -10 14 15 12 13 -15 -16 -17 17 -19 -20 23 -22 -23 -24 27 -26 -27 -28 -29 -30 -31
leaf_value=0.00021307175610804372 0 0 0 0 0.00016833084910248102 0 0 0 0 0 0 0 0 0.00011842245975173481 -0.00013978624132381966 0 0 -0.00016084371827161496 5.5548791753076503e-05 -0.00017827515755399896 0 0 0 0 0 0 0 2.408400122173784e-06 9.5873475432617724e-07 -6.7520465769554209e-05
leaf_weight=49 647 62 73 103 145 66 66 422 61 36 126 72 27 164 128 168 20 94 96 157 298 48 23 362 299 122 70 3780 632 574
leaf_count=49 647 62 73 103 145 66 66 422 61 36 126 72 27 164 128 168 20 94 96 157 298 48 23 362 299 122 70 3780 632 574
internal_value=0 6.64899e-06 1.71733e-05 4.9552e-05 7.20404e-05 9.3579e-05 0.000121999 -1.25871e-05 -4.83704e-05 -7.44043e-05 2.24844e-06 1.92746e-05 6.01597e-05 9.46311e-05 -0.000109975 -2.34701e-05 -5.39878e-05 -0.000113813 -2.91172e-06 -4.5671e-06 2.36684e-05 8.15762e-05 0.000152066 -7.36972e-06 -3.31099e-05 -7.28378e-05 -0.000129542 -3.3154e-06 -2.03017e-05 -3.99969e-05
internal_weight=8990 2480 1771 453 350 277 211 709 287 226 1318 910 263 191 164 408 240 114 6510 6414 418 120 72 5996 648 349 227 5348 1568 936
internal_count=8990 2480 1771 453 350 277 211 709 287 226 1318 910 263 191 164 408 240 114 6510 6414 418 120 72 5996 648 349 227 5348 1568 936
is_linear=0
shrinkage=0.05


Tree=225
num_leaves=31
num_cat=0
split_feature=73 73 394 361 351 79 243 380 54 80 80 75 215 394 335 344 372 361 64 395 242 260 335 267 355 292 214 397 380 23
split_gain=6.58296e-05 0.000280688 0.000260292 0.000284895 0.000207266 0.000460581 0.000632888 0.000647433 0.000420658 0.000234073 0.000459022 0.000604329 0.000384725 0.00031861 0.000523271 0.000443824 0.000527795 0.000343062 0.000267662 0.000222486 0.00038121 0.000233331 0.00030215 0.000200872 0.000245982 0.000270133 0.000346575 0.000410363 0.000414962 0.000178133
threshold=-0.30323842069971091 -0.35966097839213645 -0.094141054155946077 -0.24568094724186193 0.060270655535045951 -0.64632033303439973 1.5881814254906113 -0.15173235670248811 0.18634259259259303 0.7786044973544971 0.88591269841269871 0.11541005291005302 -0.28997069034006878 -0.063605966642417938 -0.025265649015189944 0.062566419910917215 0.00027864860614675008 -0.00015533050151144998 -0.78201761206999287 0.36905987495640419 1.6061908968614738 0.45686402718000513 0.034011216717855106 -0.46807285598741472 -0.056513842546892991 -0.00033068783068784991 0.39908599939030565 -0.57408159522650304 -0.22288251021874497 0.00082671957671945015
decision_type=2 2 2 10 10 2 10 10 2 2 2 2 10 2 10 10 10 10 2 2 10 10 10 8 10 10 10 2 10 2
left_child=1 4 3 -3 9 6 7 -6 -9 13 11 -11 -13 15 18 16 -1 -16 -15 20 -7 22 -21 24 -2 -26 27 -27 -29 -25
right_child=23 2 -4 -5 5 19 -8 8 -10 10 -12 12 -14 14 17 -17 -18 -19 -20 21 -22 -23 -24 29 25 26 -28 28 -30 -31
leaf_value=-5.8979614429214659e-05 0 0 0 0.00018131358768664509 0 0 0 0 0.00024332951703164943 2.6198641057884037e-06 0 -0.00020325258718604795 0 -9.8932294990652708e-05 0 0.00011263648127801478 7.2231445728929792e-06 0.00011016833417756319 0 0.00011653540113652095 -0.00013344504677740434 0 0 -4.9487789763630682e-05 0 0 0 0 -0.00016857828836851235 1.2888469287947298e-06
leaf_weight=530 154 21 53 66 23 179 61 23 99 34 233 103 90 73 127 55 442 229 86 119 69 37 44 178 55 54 39 33 168 5513
leaf_count=530 154 21 53 66 23 179 61 23 99 34 233 103 90 73 127 55 442 229 86 119 69 37 44 178 55 54 39 33 168 5513
internal_value=0 6.26126e-06 7.60387e-05 0.000129504 6.98045e-07 2.66265e-05 8.85264e-05 0.000148445 0.000198603 -5.27562e-06 -3.72749e-05 -8.87018e-05 -0.000130676 1.02967e-06 3.58247e-05 -1.15524e-05 -2.37339e-05 7.34848e-05 -1.70623e-05 0 -3.34428e-05 3.73226e-05 7.27013e-05 -2.97868e-06 -3.32777e-05 -5.79437e-05 -7.92566e-05 -0.000103143 -0.000136369 0
internal_weight=8990 2796 140 87 2656 654 206 145 122 2002 460 227 193 1542 515 1027 972 356 159 448 248 200 163 6194 503 349 294 255 201 5691
internal_count=8990 2796 140 87 2656 654 206 145 122 2002 460 227 193 1542 515 1027 972 356 159 448 248 200 163 6194 503 349 294 255 201 5691
is_linear=0
shrinkage=0.05


Tree=226
num_leaves=31
num_cat=0
split_feature=215 383 374 20 19 202 282 338 273 291 378 213 55 238 69 80 229 243 332 388 349 92 243 220 342 375 379 244 80 354
split_gain=6.30985e-05 0.000261795 0.000471757 0.000618349 0.000426998 0.000432868 0.000473428 0.000431512 0.000331137 0.000280083 0.000278556 0.000244203 0.000241244 0.000332231 0.000235051 0.000212044 0.00036878 0.0003473 0.000304038 0.00044541 0.00039693 0.000387211 0.000400966 0.000340968 0.0003263 0.000346462 0.000286924 0.000313471 0.000278447 0.000374046
threshold=-0.79959549511103989 -0.097877368238244791 -0.093672406614239548 1.7054373955091002 0.10350993189040351 -0.70269304224320794 -0.00096603556487044986 -0.0099206349206339989 0.14647481981508179 -0.13353139262451066 -0.0019973365093138994 0.24548126743371732 -0.54320296146492042 0.35280206997786528 1.1355271012064432 0.85995370370370339 -0.92841383707760394 1.3854329583970488 0.0011225625789009002 0.12360790733437572 -0.074275219900570136 0.5909391534391536 2.4248893354649028 -0.47513895403815215 -0.0054794657646254985 0.014109760268869452 -0.22107386485362557 -1.0204340884703778 0.6747685185185186 -0.011222620407590199
decision_type=8 10 10 2 2 10 10 10 10 8 10 10 2 10 2 2 10 10 10 2 10 2 10 10 10 10 10 10 2 10
left_child=1 10 3 11 9 8 7 -7 -6 -4 -1 -3 -11 -14 -12 18 17 26 28 20 -20 22 -22 24 -21 -26 -17 -28 -2 -30
right_child=15 2 4 -5 5 6 -8 -9 -10 12 14 -13 13 -15 -16 16 -18 -19 19 23 21 -23 -24 -25 25 -27 27 -29 29 -31
leaf_value=0 4.5246033788599977e-06 -0.00025271464705881941 2.4894146369725597e-05 0 1.5023937767476568e-05 0 0 0.00016207999047161285 -0.00012993458722442873 0 6.740079220211013e-05 0 -7.4400981002666598e-05 0 0 0 0 0 0 0 -0.00011795447255698927 0 0 6.2063366320108746e-05 0 -0.00021629483894045439 0 0.00023164962204170393 -8.0719772324589059e-05 0
leaf_weight=371 3582 52 314 106 71 57 116 165 48 318 448 31 367 242 132 32 522 130 235 145 367 99 59 183 67 39 27 67 239 359
leaf_count=371 3582 52 314 106 71 57 116 165 48 318 448 31 367 242 132 32 522 130 235 145 367 99 59 183 67 39 27 67 239 359
internal_value=0 6.1402e-06 -2.28438e-06 -7.86914e-05 3.27996e-06 4.66071e-05 7.8337e-05 0.000121123 -1.5252e-06 -8.6491e-06 2.8112e-05 -0.000180814 -2.54057e-05 -4.44139e-05 4.99617e-05 -2.87198e-06 1.99442e-05 6.93433e-05 -7.10579e-06 -2.93902e-05 -5.31199e-05 -7.72937e-05 -9.81541e-05 6.48541e-07 -2.42225e-05 -9.52738e-05 0.000129039 0.000173021 0 -3.22688e-05
internal_weight=8990 2838 1887 189 1698 457 338 222 119 1241 951 83 927 609 580 6152 778 256 5374 1194 760 525 426 434 251 106 126 94 4180 598
internal_count=8990 2838 1887 189 1698 457 338 222 119 1241 951 83 927 609 580 6152 778 256 5374 1194 760 525 426 434 251 106 126 94 4180 598
is_linear=0
shrinkage=0.05


Tree=227
num_leaves=31
num_cat=0
split_feature=208 378 235 256 299 329 378 383 242 334 211 327 356 77 285 282 258 323 360 356 64 381 49 303 243 23 50 352 282 266
split_gain=6.68165e-05 0.000387527 0.000280237 0.00045204 0.000743858 0.000390677 0.000274195 0.000549742 0.000504138 0.000610713 0.00062713 0.000327434 0.000334934 0.00045844 0.000498101 0.000410604 0.000549188 0.000215093 0.000199012 0.000174423 0.000170758 0.000259133 0.000414652 0.000281752 0.000183997 0.000166618 0.000384026 0.000533039 0.000386781 0.000279795
threshold=-1.3097646345338532 0.45417533635604956 0.79961856247078822 -0.23745745127085596 -0.36403980879298287 -0.0019323167770135998 0.0064210402980274502 0.087585316770541669 0.12914256262166443 0.0045271315874499006 -1.0577750876552348 -1.0000000180025095e-35 0.0054801730717105009 0.40426587301587308 -0.00039761433506939992 -0.0019535503857298995 1.7217644153588461 -0.010052633175557249 -0.009640485265134998 -0.031370895818988942 -1.0663272403496646 -1.8743559735073783 -0.47942057819884293 -0.00033068783068784991 0.2769005537820835 0.0028108465608465004 -0.42371926042430391 0.031210520608169753 -0.0022648658604899497 -1.3277572824803336
decision_type=8 10 10 10 10 10 10 10 10 10 10 10 8 2 8 10 10 10 10 10 2 10 2 10 10 2 2 10 10 10
left_child=1 6 3 4 -3 19 11 8 -8 10 -10 12 15 17 -15 16 -1 -14 -13 -6 21 -2 -23 -24 -25 26 27 28 -22 -30
right_child=20 2 -4 -5 5 -7 7 -9 9 -11 -12 18 13 14 -16 -17 -18 -19 -20 -21 25 22 23 24 -26 -27 -28 -29 29 -31
leaf_value=0.00015065140893682859 0 0 6.1685932219767548e-06 0 0 0 0 0 0 0 0.00028718140154244167 0 0 -0.00016210748117340612 0 0 0 8.3418611802320563e-05 -0.00012921650190254652 -0.00028846740831169727 0 0 0 0 -0.00028714612750522329 -5.0251649517694797e-06 0 0 0 0.00019438087456153942
leaf_weight=156 21 22 126 164 23 25 111 108 20 36 87 38 90 83 101 265 34 108 61 65 68 30 20 23 40 5575 1266 92 20 112
leaf_count=156 21 22 126 164 23 25 111 108 20 36 87 38 90 83 101 265 34 108 61 65 68 30 20 23 40 5575 1266 92 20 112
internal_value=0 8.87407e-06 -2.73896e-05 -5.82453e-05 -0.000125999 -0.000188165 2.46007e-05 6.337e-05 0.000105505 0.000169036 0.000228983 4.26017e-06 1.93344e-05 -4.25549e-06 -7.13994e-05 5.01227e-05 0.000106838 3.29057e-05 -7.26222e-05 -0.000237781 -2.07696e-06 -5.84109e-05 -9.886e-05 -0.000160549 -0.000212388 -3.16913e-07 1.33209e-05 6.50637e-05 0.000113311 0.00016361
internal_weight=8990 1723 425 299 135 113 1298 362 254 143 107 936 837 382 184 455 190 198 99 88 7267 134 113 83 63 7133 1558 292 200 132
internal_count=8990 1723 425 299 135 113 1298 362 254 143 107 936 837 382 184 455 190 198 99 88 7267 134 113 83 63 7133 1558 292 200 132
is_linear=0
shrinkage=0.05


Tree=228
num_leaves=31
num_cat=0
split_feature=294 67 359 300 303 322 200 273 227 398 353 20 372 359 352 384 68 369 365 304 45 45 219 35 297 259 386 352 92 64
split_gain=6.22855e-05 0.000214065 0.000244985 0.000371486 0.000351971 0.000372468 0.000402314 0.000216326 0.000205742 0.000274659 0.000268375 0.00025905 0.000147273 0.000364264 0.000461878 0.000541505 0.000524832 0.00033512 0.000313966 0.000293428 0.000270345 0.000269511 0.00034547 0.000261911 0.000274302 0.000316987 0.000227493 0.000472488 0.000310739 0.000454852
threshold=-0.00033068783068794999 1.7638996591889351 -0.014792830576404998 0.029632415361670102 -1.0000000180025095e-35 -0.0081059947574715976 1.1496927845764306 -0.54742115711716544 0.85612246731179764 0.0015239448931001502 -0.048546735774884942 1.6299754910375952 0.0098484149518569524 0.030177471952119905 0.0079554647943085519 0.051728239460377655 0.9447751322751321 -0.14384751938145748 0.382440476190476 -0.058891517828195891 0.45469576719576704 0.72982804232804266 0.33864153253995855 0.59821428571428548 -0.0010395695713938998 1.1603040034403402 0.013674316322965003 -0.046331560570602691 0.55572089947089964 0.16305993420558954
decision_type=8 2 10 10 10 10 10 10 10 2 10 2 8 10 10 10 2 10 10 10 2 2 10 2 10 10 10 10 2 2
left_child=1 7 -3 4 5 -4 -7 -1 9 10 -9 -12 26 14 23 16 17 -16 19 -15 -20 22 -21 24 -14 -26 -2 -28 29 -29
right_child=12 2 3 -5 -6 6 -8 8 -10 -11 11 -13 13 18 15 -17 -18 -19 20 21 -22 -23 -24 -25 25 -27 27 28 -30 -31
leaf_value=-4.6747014042859511e-05 2.8387848235290008e-06 7.8335654711581314e-07 0 0 0 -0.00018454835375114441 0 0 0 0 0.00016226058932795729 0 0 0 0 0 0 0.0001931484436204458 9.9878759302314554e-05 -0.000131251843722106 0 0 0 -2.2366568706359968e-05 0.00014838645957196113 0 3.1535816443844642e-05 -8.0123154102936499e-05 0 0
leaf_weight=94 4975 132 83 202 75 147 22 69 104 115 109 44 53 286 33 151 29 159 106 156 33 35 111 298 90 36 242 528 207 266
leaf_count=94 4975 132 83 202 75 147 22 69 104 115 109 44 53 286 33 151 29 159 106 156 33 35 111 298 90 36 242 528 207 266
internal_value=0 -1.06042e-05 -3.14036e-05 -4.88837e-05 -8.18814e-05 -0.000110406 -0.000153881 5.75071e-06 2.82841e-05 5.0721e-05 8.36438e-05 0.000120548 1.64976e-06 1.55725e-05 3.87822e-05 8.08413e-05 0.000130849 0.0001629 -4.6571e-06 -2.66639e-05 5.24433e-05 -6.17436e-05 -8.26704e-05 0 5.31345e-05 9.72013e-05 -1.07515e-06 -2.07615e-05 -3.84012e-05 -5.32666e-05
internal_weight=8990 1196 661 529 327 252 169 535 441 337 222 153 7794 1576 849 372 221 192 727 588 139 302 267 477 179 126 6218 1243 1001 794
internal_count=8990 1196 661 529 327 252 169 535 441 337 222 153 7794 1576 849 372 221 192 727 588 139 302 267 477 179 126 6218 1243 1001 794
is_linear=0
shrinkage=0.05


Tree=229
num_leaves=31
num_cat=0
split_feature=208 220 243 383 220 379 325 353 355 203 392 307 277 86 359 207 304 23 206 385 19 205 343 366 15 63 54 331 59 64
split_gain=6.1252e-05 0.000308784 0.000572899 0.000317473 0.000222516 0.000489506 0.000408258 0.000443115 0.000305026 0.000270317 0.000522286 0.00046138 0.000596353 0.00026965 0.000185099 0.000164232 0.000151033 0.000303291 0.000304743 0.000320651 0.000264223 0.000599289 0.000656805 0.000588441 0.000448522 0.000278903 0.000393904 0.000403636 0.000365567 0.000267157
threshold=-1.3097646345338532 -2.1163517999547605 1.5231972006276562 0.080151898546062014 -1.0363463805295499 -0.30284105181763332 0.010013057743141601 -0.061317601429830539 0.032563179993493861 0.17469798194863537 1.0214664917146579 0.00016534391534405002 -1.4004863831427381 0.77149470899470918 -0.030259212881449896 1.8613866585999419 -0.11157177565711233 0.00082671957671945015 -1.2978320260062779 -1.0584730206553556 0.72201302173178206 0.98312024053814706 -0.010582010582009948 1.3276073901108416 0.64765211640211617 0.89401455026455012 0.35598544973545004 0.010487352519376903 -0.74468478190353837 -0.066944299081579131
decision_type=8 10 10 10 10 10 10 10 10 10 2 10 10 2 10 10 10 2 8 8 2 10 10 10 2 2 2 10 2 2
left_child=1 2 3 -1 5 13 7 15 -9 10 11 12 -6 -3 -8 -7 17 -2 -19 -20 25 22 -22 24 -24 26 29 28 -28 -18
right_child=16 4 -4 -5 9 6 14 8 -10 -11 -12 -13 -14 -15 -16 -17 20 18 19 -21 21 -23 23 -25 -26 -27 27 -29 -30 -31
leaf_value=0.00027566861653436481 -3.5494993546351314e-05 -0.00019180115119530857 0 0 0 -0.00010535814189050858 0 0 0.00022055663693977103 0 0 0 0.00020965488271859698 0 -0.00015057624338095398 0 3.3725393377282686e-05 -1.6088581536500733e-05 -1.7806540908661425e-06 4.8296175381841773e-05 0 2.6812677981541963e-06 -0.00020899774082790157 0 0 3.4996203276532666e-05 0 5.0157843917603503e-06 -4.9985858383921536e-05 -1.8185213103577188e-06
leaf_weight=41 228 62 80 23 39 37 22 68 45 866 196 42 109 21 51 21 634 253 214 919 76 198 151 32 28 427 273 582 1212 2040
leaf_count=41 228 62 80 23 39 37 22 68 45 866 196 42 109 21 51 21 634 253 214 919 76 198 151 32 28 427 273 582 1212 2040
internal_value=0 8.53189e-06 7.89148e-05 0.00019064 0 -3.43799e-05 0 4.3569e-05 0.000112497 1.16407e-05 4.67947e-05 0.000106377 0.000149377 -0.000139208 -9.75664e-05 -4.62501e-06 -1.95236e-06 1.04327e-05 2.15971e-05 3.44257e-05 -6.37303e-06 -4.23208e-05 -9.07731e-05 -0.000137785 -0.000174901 -2.03122e-06 -6.42139e-06 -2.32789e-05 -3.77345e-05 4.74003e-06
internal_weight=8990 1723 144 64 1579 327 244 171 113 1252 386 190 148 83 73 58 7267 1614 1386 1133 5653 485 287 211 179 5168 4741 2067 1485 2674
internal_count=8990 1723 144 64 1579 327 244 171 113 1252 386 190 148 83 73 58 7267 1614 1386 1133 5653 485 287 211 179 5168 4741 2067 1485 2674
is_linear=0
shrinkage=0.05


Tree=230
num_leaves=31
num_cat=0
split_feature=207 71 197 215 215 241 228 47 329 250 294 343 232 214 218 273 370 57 76 240 261 280 367 232 345 284 382 335 215 301
split_gain=6.21955e-05 0.000235519 0.000258924 0.000185721 0.000416083 0.000195703 0.000263408 0.00023355 0.000182588 0.00034611 0.000423613 0.000292088 0.00026947 0.000260218 0.000229661 0.000541394 0.00034565 0.000365423 0.000362491 0.000376144 0.00031131 0.000233163 0.000401988 0.000571583 0.000305975 0.000186921 0.000284554 0.000232737 0.000283334 0.000186641
threshold=-0.76135746785955261 0.5710978835978836 -0.32314469132669849 0.033569368848751356 -1.086865542421698 -1.8347856042854092 -1.8104967657679158 0.13078703703703701 -0.020212111571273696 0.38793162678796472 0.00049603174603225005 0.039682539682539507 1.3091908612308023 1.5192153013311966 -2.0862951473369131 1.0158333054683462 -0.022605765561967948 1.9994587310344802 1.102879015934475 0.60322822853723579 0.10115306276292362 1.7217644153579503 -0.37632275132275139 0.63938486231418779 0.0019841269841262004 -0.00033068783068784991 -1.2863877710264411 1.0000000180025095e-35 -0.47190263812371724 -0.0017414606772600497
decision_type=10 2 8 10 10 10 10 2 10 10 10 10 10 10 10 10 10 2 2 10 10 10 10 10 10 10 10 10 10 10
left_child=1 2 -1 4 -3 -6 -7 -8 9 10 11 12 13 -2 15 20 17 18 19 -16 -10 -18 24 -24 -23 26 -11 28 -27 -20
right_child=8 3 -4 -5 5 6 7 -9 14 25 -12 -13 -14 -15 16 -17 21 -19 29 -21 -22 22 23 -25 -26 27 -28 -29 -30 -31
leaf_value=3.0489506983941278e-05 8.4296892761520466e-05 0 -1.3865832751638582e-05 0 0 0 0 -0.00012766998833948747 -0.00025670519378524867 -3.351183128658214e-06 -7.5783015890082682e-05 -1.5460941709320754e-05 0 0 7.8182384286415235e-05 0 -2.6677191281674612e-07 -2.7951499750077227e-06 0 0 0 0.00014020791818294899 -0.00011694133774220572 0 0 0 8.9550148508446786e-05 0 -0.00013543237771188588 -9.2219970833469489e-05
leaf_weight=606 595 380 572 312 27 44 32 240 41 50 39 28 111 34 569 94 3729 404 32 102 22 41 227 123 34 69 101 185 91 56
leaf_count=606 595 380 572 312 27 44 32 240 41 50 39 28 111 34 569 94 3729 404 32 102 22 41 227 123 34 69 101 185 91 56
internal_value=0 -7.19906e-06 4.70847e-06 -2.55814e-05 -3.9735e-05 -7.97454e-05 -9.19256e-05 -0.000110621 2.45338e-06 1.94837e-05 4.08459e-05 5.32872e-05 6.2646e-05 7.54177e-05 -6.87312e-07 -6.05844e-05 1.42069e-07 2.50891e-05 4.65165e-05 6.14998e-05 -0.000174895 -5.63919e-06 -4.10043e-05 -6.9204e-05 2.39332e-05 -5.19565e-06 2.57156e-05 -3.3217e-05 -7.75409e-05 -1.09179e-05
internal_weight=8990 2213 1178 1035 723 343 316 272 6777 1303 807 768 740 629 5474 157 5317 1163 759 671 63 4154 425 350 75 496 151 345 160 88
internal_count=8990 2213 1178 1035 723 343 316 272 6777 1303 807 768 740 629 5474 157 5317 1163 759 671 63 4154 425 350 75 496 151 345 160 88
is_linear=0
shrinkage=0.05


Tree=231
num_leaves=31
num_cat=0
split_feature=64 219 219 328 19 213 66 321 378 369 244 84 303 324 265 252 323 90 18 376 70 385 296 239 88 85 331 334 41 307
split_gain=5.96734e-05 0.000284669 0.000441653 0.000400103 0.000543507 0.000677948 0.000843857 0.000944499 0.000505834 0.000319441 0.000391287 0.000309216 0.000248906 0.000262789 0.000244374 0.000258685 0.000321447 0.000246457 0.000231746 0.000215245 0.000200565 0.00019983 0.000248056 0.000379816 0.000667765 0.000405453 0.000204635 0.000305134 0.000380471 0.000293369
threshold=-0.8004310875932138 0.55770683236115837 0.74791062092465632 -0.012060858825073198 0.34658630157264153 -0.99504746081121798 2.1679084332701506 -0.0098014425832986477 0.45417533635604956 0.083414344596763515 -0.093888761691787739 0.10201719576719602 0.00074404761904740011 0.029404266600232803 1.0488305588770201 -1.0436538234697772 0.43479531685878592 0.13260582010582003 0.033624249872055055 0.25318243295607323 0.8759920634920636 -0.074011498671560733 0.00061005503270745011 -0.52045014138143497 0.11276455026455001 -0.59635633124001919 -0.0022459251501090495 -0.016875507660487395 2.1437082179264508 -0.00033068783068784991
decision_type=2 10 10 10 2 10 2 10 10 10 10 2 8 8 10 10 10 2 2 10 2 8 10 10 2 2 10 10 2 10
left_child=1 3 9 8 -5 -6 7 -7 -1 10 -3 -10 21 18 15 -4 19 -16 20 -17 -14 22 26 -24 -25 -26 27 -2 -29 -28
right_child=12 2 14 4 5 6 -8 -9 11 -11 -12 -13 13 -15 17 16 -18 -19 -20 -21 -22 -23 23 24 25 -27 29 28 -30 -31
leaf_value=3.6060002253482171e-06 -4.0676313860675759e-05 0 0 0 0 0 -6.9048058786624034e-06 0.00020573418682629611 0 0 -0.00019437558346796919 -0.00019329881822439691 0.00014212918069657617 0 -0.00012466767646727669 0.00014576938445957154 0 0 0 0 0 9.1088050248794999e-07 0 0 0 -0.00013318842241337648 -5.5008368746944179e-05 6.4243056407637866e-05 -3.1950979479224403e-05 0
leaf_weight=218 95 21 129 351 211 50 31 216 20 20 80 56 110 155 59 108 41 68 110 20 24 4146 347 135 41 276 352 410 60 1030
leaf_count=218 95 21 129 351 211 50 31 216 20 20 80 56 110 155 59 108 41 68 110 20 24 4146 347 135 41 276 352 410 60 1030
internal_value=0 8.35204e-06 -1.63158e-05 2.437e-05 4.34745e-05 7.66152e-05 0.000125473 0.000159687 -1.44437e-05 -0.000101577 -0.000142331 -0.000131858 -2.05064e-06 3.49086e-05 0 3.21719e-05 7.51603e-05 -4.87766e-05 6.84384e-05 0.000117177 0.000113341 -4.91627e-06 -1.55348e-05 -3.97904e-05 -6.99912e-05 -0.000110675 -3.01143e-06 1.86825e-05 4.13227e-05 -1.54989e-05
internal_weight=8990 1699 546 1153 859 508 297 266 294 121 101 76 7291 399 425 298 169 127 244 128 134 6892 2746 799 452 317 1947 565 470 1382
internal_count=8990 1699 546 1153 859 508 297 266 294 121 101 76 7291 399 425 298 169 127 244 128 134 6892 2746 799 452 317 1947 565 470 1382
is_linear=0
shrinkage=0.05


Tree=232
num_leaves=31
num_cat=0
split_feature=248 31 335 31 85 86 75 369 355 77 217 308 23 334 293 247 389 218 368 354 339 208 11 72 332 339 222 297 331 308
split_gain=6.04691e-05 0.000187474 0.000235697 0.000322457 0.000294401 0.00037439 0.000436277 0.000192617 0.00016572 0.000257215 0.000245779 0.000240363 0.00023486 0.000231086 0.000218775 0.000194387 0.000183668 0.000161762 0.000139095 0.000137994 0.000224842 0.000346609 0.000263234 0.000227531 0.000186527 0.000253383 0.000291571 0.000246611 0.000345465 0.000299101
threshold=0.78771253426859567 0.85912698412698396 0.035203166320097061 0.99421296296296313 -0.45236861083812446 0.012235449735449752 0.94808201058201058 0.011001371520647002 -0.066791386470627087 0.49718915343915354 -0.86218992485152368 -0.014706942603145349 0.0024801587301587504 -0.042802420001169794 -0.0071429786237374995 -0.89957526015006806 -0.022464846408509199 -0.99368626919231451 1.1109060403450866 -0.25619668909058563 -0.00072039630164904991 1.3405931776213824 0.0038029100529100007 -0.78839168267977844 0.010715594665773152 0.010176058541921652 0.6948226133114267 0.0010140617396954003 0.0032528963586947505 -0.012346306295184449
decision_type=8 2 10 2 2 2 2 10 10 2 10 10 2 10 10 10 2 10 10 10 10 10 2 2 10 10 10 10 10 10
left_child=19 8 3 4 -3 -6 -7 -4 9 -2 14 12 -10 -14 16 -15 -11 -9 -19 20 -1 22 -22 -24 27 -26 -27 -21 29 -29
right_child=1 2 7 -5 5 6 -8 17 11 10 -12 -13 13 15 -16 -17 -18 18 -20 24 21 -23 23 -25 25 26 -28 28 -30 -31
leaf_value=0 1.2629964313602498e-06 0 -2.2621821187464971e-05 0 0 -0.0001317907245797491 0 0 0 0 0 0 0 0 0 0.00010227924680855438 -0.00019672282185626976 0.00013635792230275181 0 0 0 0 0 0.00014172110695906634 -4.2850521565521569e-07 -0.00013036244311326485 0 9.7161748248502451e-05 0 0
leaf_weight=146 148 139 118 110 43 273 25 32 108 20 125 678 40 39 31 234 64 63 22 4637 35 72 20 151 668 103 53 244 294 255
leaf_count=146 148 139 118 110 43 273 25 32 108 20 125 678 40 39 31 234 64 63 22 4637 35 72 20 151 668 103 53 244 294 255
internal_value=0 -7.10976e-06 -2.66354e-05 -4.46152e-05 -6.42316e-05 -8.9245e-05 -0.000110695 0 3.62042e-07 -2.36626e-05 -5.98521e-05 1.33944e-05 4.35347e-05 6.65154e-05 -0.000113186 8.47803e-05 -0.000155038 5.99676e-05 9.8491e-05 2.26629e-06 2.99053e-05 5.81814e-05 9.3659e-05 0.000120052 0 -2.17502e-05 -8.09612e-05 3.75242e-06 2.95596e-05 5.58472e-05
internal_weight=8990 2312 825 590 480 341 298 235 1487 388 240 1099 421 313 115 273 84 117 85 6678 424 278 206 171 6254 824 156 5430 793 499
internal_count=8990 2312 825 590 480 341 298 235 1487 388 240 1099 421 313 115 273 84 117 85 6678 424 278 206 171 6254 824 156 5430 793 499
is_linear=0
shrinkage=0.05


Tree=233
num_leaves=31
num_cat=0
split_feature=326 377 208 340 265 236 36 62 41 299 378 363 338 59 374 340 217 360 304 249 331 388 267 23 314 360 285 324 208 221
split_gain=5.95834e-05 0.000212306 0.000262395 0.000323186 0.000307019 0.000355889 0.000315365 0.000231736 0.000265491 0.000255638 0.000223515 0.000198359 0.00032674 0.000320347 0.000195636 0.000200766 0.000201776 0.000182028 0.00066138 0.000467323 0.000431121 0.000623204 0.000698133 0.000545574 0.000452086 0.000271563 0.00044207 0.000386298 0.000395782 0.000527835
threshold=-0.11633519997723758 -0.19940924740049812 0.79207622685910739 -0.017735930116554447 1.5884494808516192 1.2409682294054114 0.9935515873015871 0.42741402116402105 0.78181945491163052 0.24190773392534348 0.045663896980338452 0.15406385721751592 0.006283068783068951 -0.63598082344682039 -0.3625100804619576 0.013401108527713103 0.9045795632058039 -0.011331530604360049 -0.00098135458392329972 -0.27580200921544679 -0.028325178793894044 0.24240542072416368 -0.70721510203568594 0.0018187830687830002 0.0098848180448302524 -0.0028796185751464496 -0.00038240919646119991 0.040839986995363758 1.081493391842651 -2.1027332369039411
decision_type=10 8 8 10 10 10 2 2 2 10 10 10 10 2 10 10 10 10 10 10 10 2 10 2 10 10 10 10 10 10
left_child=1 7 3 -3 5 6 -5 8 14 10 -9 12 13 -10 -1 16 -16 18 20 -20 -2 22 23 -22 -24 26 27 28 29 -19
right_child=17 2 -4 4 -6 -7 -8 9 11 -11 -12 -13 -14 -15 15 -17 -18 25 19 -21 21 -23 24 -25 -26 -27 -28 -29 -30 -31
leaf_value=0 1.6188355961388225e-05 0 0 0.00013247639029891092 0 0 0 -0.00011025578749469307 0 0 0 1.2897521856648947e-05 0 -0.00017932703514772212 0.00012255779946388011 0 0 0 0 0.00012036474346612641 0 1.4923592666278797e-05 -6.5069190357952664e-05 -0.0002172214213220922 1.4193865608177001e-05 -2.1526637863489614e-06 0 0 0 0.00017850734787311869
leaf_weight=30 167 88 254 259 35 53 42 136 21 264 107 51 23 66 151 46 36 28 111 119 28 156 466 135 150 5319 373 24 94 158
leaf_count=30 167 88 254 259 35 53 42 136 21 264 107 51 23 66 151 46 36 28 111 119 28 156 466 135 150 5319 373 24 94 158
internal_value=0 8.31832e-06 2.95308e-05 5.207e-05 7.34913e-05 9.00135e-05 0.00011173 -2.96862e-06 1.75721e-05 -3.00067e-05 -6.71353e-05 -1.12923e-05 -6.79223e-05 -0.000123329 5.42436e-05 7.36156e-05 9.71299e-05 -2.15242e-06 -1.90891e-05 4.92082e-05 -3.78834e-05 -5.28889e-05 -7.28866e-05 -0.000175277 -3.76534e-05 7.76399e-07 3.11706e-05 7.6142e-05 9.87026e-05 0.00014135
internal_weight=8990 1662 731 477 389 354 301 931 424 507 243 161 110 87 263 233 187 7328 1332 230 1102 935 779 163 616 5996 677 304 280 186
internal_count=8990 1662 731 477 389 354 301 931 424 507 243 161 110 87 263 233 187 7328 1332 230 1102 935 779 163 616 5996 677 304 280 186
is_linear=0
shrinkage=0.05


Tree=234
num_leaves=31
num_cat=0
split_feature=323 352 75 215 351 285 308 63 74 319 367 246 397 261 275 232 246 369 397 49 377 50 323 345 64 202 258 13 14 355
split_gain=5.8699e-05 0.000269471 0.000214149 0.000311569 0.000271905 0.000235801 0.000216434 0.000253491 0.000184753 0.000183901 0.000182657 0.000156798 0.000154388 0.000130246 0.000392611 0.000537293 0.000912835 0.000552157 0.000673473 0.000400733 0.000391924 0.000372718 0.000392652 0.000293679 0.000269836 0.000254762 0.000281162 0.000228125 0.000265701 0.000303073
threshold=-1.0796740779317144 -0.06882935799725394 0.37797619047619052 0.14273263953505153 -0.23135094649356516 -0.00097087409145409987 -0.0037762665317796996 0.82986111111111105 -0.33346014317848643 -0.011207866128492498 -0.3164682539682539 1.0658143568474998 0.55598552999394912 -0.24961315711916823 0.32261303596514185 -0.9717492223423797 -1.2988984587817154 0.042990204742469611 0.6990500646985196 -0.36304027132855243 -0.0032964437471467494 -1.2965270733425103 -0.49755141587058088 -0.0033068783068786497 0.093959697155353711 -0.98219411540830293 0.36064634383683297 0.0077711640211640008 0.007440476190476151 0.20443259358975516
decision_type=8 10 2 10 10 10 10 2 2 10 10 10 2 8 10 10 10 10 2 2 10 2 10 8 2 10 10 2 2 10
left_child=1 8 3 4 -3 -4 7 10 -1 -6 -7 -10 -11 14 19 -16 17 18 -17 23 21 -21 -23 24 -2 -25 -27 -15 -29 -30
right_child=13 2 5 -5 9 6 -8 -9 11 12 -12 -13 -14 27 15 16 -18 -19 -20 20 -22 22 -24 25 -26 26 -28 28 29 -31
leaf_value=0 0 0 0 -8.324331613470173e-07 0 0 0 0 -0.00013677041157477774 0.00014733564619474706 -0.00015346514480351354 0 0 2.0951729385647653e-06 -1.5972440076412749e-05 0.00024859578594920996 8.9273018122812093e-06 0 0 0 0 0 -0.00010925057186151596 0 -0.00012420040841033548 1.1339114294171137e-05 0.00012675421454049434 -2.3077527476326921e-07 -6.9947701383028289e-05 3.6942921457689205e-06
leaf_weight=20 149 27 110 105 24 28 43 23 89 119 105 23 20 4106 236 127 529 87 42 111 509 50 295 139 46 274 148 960 412 34
leaf_count=20 149 27 110 105 24 28 43 23 89 119 105 23 20 4106 236 127 529 87 42 111 509 50 295 139 46 274 148 960 412 34
internal_value=0 -1.37497e-05 0 3.08614e-05 7.46696e-05 -2.86837e-05 -6.5101e-05 -9.41906e-05 -7.84424e-05 0.000103278 -0.000123151 -0.000106636 0.000125745 9.58564e-07 1.02951e-05 3.52359e-05 5.69997e-05 0.000136771 0.000191033 -1.59739e-06 -2.5529e-05 -5.9391e-05 -8.58015e-05 2.23367e-05 -1.36846e-05 4.37687e-05 6.36824e-05 -2.77899e-06 -2.05683e-05 -5.31259e-05
internal_weight=8990 736 604 295 190 309 199 156 132 163 133 112 139 8254 2742 1021 785 256 169 1721 965 456 345 756 195 561 422 5512 1406 446
internal_count=8990 736 604 295 190 309 199 156 132 163 133 112 139 8254 2742 1021 785 256 169 1721 965 456 345 756 195 561 422 5512 1406 446
is_linear=0
shrinkage=0.05


Tree=235
num_leaves=31
num_cat=0
split_feature=330 330 230 312 223 13 330 393 366 372 57 275 366 303 50 41 54 217 50 35 59 344 65 64 251 376 325 359 298 238
split_gain=5.7683e-05 0.000284246 0.00022088 0.000218872 0.000174969 0.000287006 0.000154646 0.000236281 0.000229422 0.000150369 0.000115068 0.000105012 0.000124311 0.000103149 0.000101393 0.000219186 0.00021583 0.000331603 0.000166079 0.000416943 0.000253059 0.000232163 0.000432207 0.000238913 0.000229342 0.000102874 0.000226137 0.000132679 0.000100434 9.54012e-05
threshold=0.032536594648401009 0.020131262112000753 -0.083249382471974678 0.0010070496858510002 -0.98495339126846282 0.01463293650793635 0.0084305430982305005 1.4617630321947723 0.76617231557483712 0.018651360153710005 1.7927746756304803 0.23138641045465602 0.75223698095864766 -0.00033068783068774995 1.2983294445077003 0.42533188714923253 0.70453042328042315 1.1671148475154507 0.6769467948796507 0.57754629629629617 -0.79912476785172093 -0.048093666619922142 -0.18476319454445397 -0.8004310875932138 1.028933254505404 0.010284574250783551 0.013342610697815253 0.010258999698837302 0.0011913393946509502 0.66884181106153251
decision_type=10 10 10 10 10 2 10 2 10 10 2 10 10 10 2 2 2 10 2 2 2 8 2 2 10 10 10 10 10 10
left_child=1 6 4 29 -2 10 14 8 9 -8 -6 13 -13 -4 18 25 17 -17 21 20 -20 22 -1 -23 -21 26 -16 -27 -12 -3
right_child=2 3 11 -5 5 -7 7 -9 -10 -11 28 12 -14 -15 15 16 -18 -19 19 24 -22 23 -24 -25 -26 27 -28 -29 -30 -31
leaf_value=0 0 0.00015180970168119577 0 0 0 0 -0.00017324564845220213 0 0 0 -0.00020809790973417197 0.00010016429721573107 0 -7.0411871986934238e-05 0.00011519121265660175 -0.00012577975113676671 0 0 0 -1.2184089572167385e-05 0.0001061394866306457 2.42806018132758e-05 -0.0001026658591555297 -1.3283582144025762e-06 5.3086921217020052e-05 -7.5599244892736277e-05 0 0 0 0
leaf_weight=208 40 65 61 21 27 42 64 51 29 22 55 57 20 52 61 134 62 38 43 557 190 1041 155 5457 174 60 25 122 31 26
leaf_count=208 40 65 61 21 27 42 64 51 29 22 55 57 20 52 61 134 62 38 43 557 190 1041 155 5457 174 60 25 122 31 26
internal_value=0 6.82605e-07 -1.90803e-05 7.98428e-05 -5.9573e-05 -8.53491e-05 0 -4.80645e-05 -9.20103e-05 -0.000134085 -0.000127803 0 5.83052e-05 -1.94909e-06 5.89282e-07 -2.02055e-05 -5.67131e-05 -8.66622e-05 2.56255e-06 2.1999e-05 8.04572e-05 0 -3.90707e-05 2.00513e-06 0 0 5.33864e-05 -8.04633e-06 -0.00015747 0.000117689
internal_weight=8990 8605 385 112 195 155 8493 166 115 86 113 190 77 113 8327 502 234 172 7825 964 233 6861 363 6498 731 268 86 182 86 91
internal_count=8990 8605 385 112 195 155 8493 166 115 86 113 190 77 113 8327 502 234 172 7825 964 233 6861 363 6498 731 268 86 182 86 91
is_linear=0
shrinkage=0.05


Tree=236
num_leaves=31
num_cat=0
split_feature=326 360 299 220 304 389 371 275 211 273 80 338 247 320 346 381 201 85 301 361 69 378 300 345 80 275 208 340 378 352
split_gain=5.68871e-05 0.000326165 0.000421664 0.000430799 0.000288284 0.000297162 0.000275168 0.000255124 0.000231179 0.000273658 0.000591961 0.000344487 0.000301301 0.000263418 0.00035109 0.000291515 0.000257836 0.000287175 0.000379133 0.000250729 0.000220891 0.000215781 0.000357308 0.000378542 0.000278758 0.000240419 0.000354159 0.000195484 0.000189714 0.00018085
threshold=0.017661477827956702 0.012108889514845003 -0.48825510609024597 0.71793960074974728 0.042971214900352259 -0.093800438747833087 0.48266451850036096 0.86057288003672239 -0.8404388082793125 1.0158333054683462 0.32820767195767203 0.0067791005291001506 0.7246471333529757 -0.019734135266911996 -0.0083132963819510988 1.4680712158156621 -1.1295301448521931 -0.65748354665558739 -0.0030419409720471996 0.22264184095733097 -0.64872087350428431 0.28378753927664385 -0.011317770012552148 0.0082671957671959524 0.46395502645502656 -1.5851383425307601 1.0000000180025095e-35 -0.012647728366606999 -0.36666895793386972 -0.023842884359353396
decision_type=10 10 10 10 8 2 8 10 8 10 2 10 10 10 10 8 10 2 10 10 2 10 10 10 2 10 10 10 10 10
left_child=4 2 3 -2 8 -6 7 28 9 -1 -11 12 -12 14 -10 19 20 -18 -19 -16 -15 22 -4 -24 25 -23 -27 -22 -7 -25
right_child=1 -3 21 -5 5 6 -8 -9 13 10 11 -13 -14 16 15 -17 17 18 -20 -21 27 24 23 29 -26 26 -28 -29 -30 -31
leaf_value=9.0268538399771225e-07 -0.00020584722302625553 1.1078811461609011e-06 3.5155186537948375e-05 0 0 0 0 0 -1.0183080006997533e-05 0 0.0002434864903583183 0 0 0 0.00013356650343853533 0 0 1.955950181091613e-06 -4.0907073972864733e-05 0 0 0 -1.7686163221300892e-05 0 0 0.00022975427706376381 0 0.00010673632245001666 0.0001896822558052082 -0.00023821685496650013
leaf_weight=740 70 2768 69 43 66 21 31 21 92 83 72 32 35 55 148 54 1863 491 1376 46 32 23 329 21 80 43 28 120 92 46
leaf_count=740 70 2768 69 43 66 21 31 21 92 83 72 32 35 55 148 54 1863 491 1376 46 32 23 329 21 80 43 28 120 92 46
internal_value=0 -5.11648e-06 -3.46726e-05 -0.000129385 3.02538e-06 5.77516e-05 9.57511e-05 0.000128131 0 2.27188e-05 7.28936e-05 0.000138286 0.000181323 -4.36161e-06 3.50713e-05 7.20097e-05 -9.03782e-06 -1.30871e-05 -2.69571e-05 0.000101896 3.97554e-05 -1.00826e-05 -3.31997e-05 -5.77389e-05 2.29603e-05 9.15493e-05 0.000139807 7.6044e-05 0.000158447 -0.000179581
internal_weight=8990 3520 752 113 5470 231 165 134 5239 962 222 139 107 4277 340 248 3937 3730 1867 194 207 639 465 396 174 94 71 152 113 67
internal_count=8990 3520 752 113 5470 231 165 134 5239 962 222 139 107 4277 340 248 3937 3730 1867 194 207 639 465 396 174 94 71 152 113 67
is_linear=0
shrinkage=0.05


Tree=237
num_leaves=31
num_cat=0
split_feature=397 246 63 91 76 322 202 319 277 87 326 11 20 348 212 85 208 85 219 252 219 247 356 248 22 263 299 345 44 245
split_gain=5.68186e-05 0.000203962 0.000272192 0.000283049 0.000175424 0.000117921 0.000333758 0.000418964 0.000396789 0.000356589 0.000480163 0.000395633 0.00034779 0.000285118 0.000274646 0.000317583 0.000262828 0.000283154 0.000245405 0.00033046 0.000290651 0.000151923 0.000334102 0.000339667 0.000375143 0.000320967 0.000247164 0.0003813 0.000316806 0.000271341
threshold=-0.46366599580580997 -0.84220902661976049 0.32291666666666707 0.27280662069784306 0.79165222638876687 0.0093680301103336531 -0.42780540858966609 -0.0055463722780960999 1.157661970249229 0.38194444444444459 -0.047062620481937247 0.029265873015873054 -1.0489808702033498 0.0056410960993142009 2.1705291295215887 -0.94902474273221282 -2.5031145948097864 -0.8211872742921309 -0.13796999503920379 -0.35034113908133829 1.4341652506957427 0.14290849877983178 0.014571144962950701 -0.90750141577240706 2.5620389899966152 -1.3999028031225123 -0.47858435225119988 0.00099206349206395019 0.78951719576719614 -2.3398196582990693
decision_type=2 10 2 2 2 10 10 10 10 2 10 2 2 10 10 2 10 2 10 10 10 8 8 10 2 10 10 10 2 10
left_child=1 2 -1 -4 -5 21 8 9 12 -8 -11 -12 -7 18 15 -15 -14 -18 19 -9 -20 22 26 24 25 -24 27 -2 -29 -28
right_child=5 -3 3 4 -6 6 7 13 -10 10 11 -13 16 14 -16 -17 17 -19 20 -21 -22 -23 23 -25 -26 -27 29 28 -30 -31
leaf_value=0 0 0 0 0.00021315557455880499 0 0 0 0.00011377029471021565 2.3664420262383802e-06 0 -0.00019875458853046773 0 0 0 0 0.00010463510267690171 0 -0.00011795922549025857 -8.0060900990369825e-05 0 0 -9.40145828204067e-06 0 7.8166952907537582e-06 0 0.00013311595074831314 7.8630637334578177e-05 -0.00017779024003688489 0 0
leaf_weight=108 151 810 89 54 24 51 160 86 155 80 92 33 26 62 31 245 115 314 164 70 47 2011 40 824 29 202 113 74 21 2709
leaf_count=108 151 810 89 54 24 51 160 86 155 80 92 33 26 62 31 245 115 314 164 70 47 2011 40 824 29 202 113 74 21 2709
internal_value=0 1.05809e-05 4.79074e-05 8.86047e-05 0.000160803 -1.61289e-06 -1.33945e-05 0 -4.16164e-05 -3.90695e-05 -8.4046e-05 -0.000145521 -6.49666e-05 2.63647e-05 5.96477e-05 7.84397e-05 -8.1266e-05 -9.23883e-05 0 4.29756e-05 -3.92499e-05 8.8063e-07 7.04868e-06 3.0848e-05 8.24046e-05 0.000107134 0 -4.92524e-05 -0.000127676 2.72271e-06
internal_weight=8990 1085 275 167 78 7905 1731 1070 661 365 205 125 506 705 338 307 455 429 367 156 211 6174 4163 1095 271 242 3068 246 95 2822
internal_count=8990 1085 275 167 78 7905 1731 1070 661 365 205 125 506 705 338 307 455 429 367 156 211 6174 4163 1095 271 242 3068 246 95 2822
is_linear=0
shrinkage=0.05


Tree=238
num_leaves=31
num_cat=0
split_feature=69 63 19 245 264 327 245 238 335 349 375 320 367 258 44 216 41 366 238 299 75 304 331 66 340 368 373 32 66 64
split_gain=5.78724e-05 0.000437079 0.000292155 0.000314047 0.000284701 0.000324404 0.000701558 0.000316509 0.000279328 0.000187913 0.000185582 0.000156084 0.000136349 0.000295001 0.00036761 0.000285905 0.000288184 0.000206238 0.000199341 0.00019736 0.000365843 0.00043228 0.000635754 0.000499609 0.000211026 0.000302804 0.00030928 0.00063144 0.00021004 0.000355586
threshold=-1.0709115254994948 0.75016534391534406 0.55277043742351162 -2.0534871423983612 -0.18787593412089917 -0.16355670570176054 -0.49998120869022172 0.91133099380516136 -0.05377592859102754 0.021569800188796905 -0.0029126247375336994 0.009424287644175201 0.56696428571428592 -0.8676025471419706 0.64335317460317465 0.85896201714818254 2.3134387841611703 -1.2922207043849829 0.94207666054723649 -0.22081605993273812 0.37334656084656109 -0.09116077839696983 0.0069692947213113006 1.8319747327533051 0.023207666785599806 -1.3333451058213026 -0.0039682539682539498 0.67055224867724972 -1.4895468548067647 -0.22723958673952746
decision_type=2 2 2 10 10 10 10 10 10 10 10 10 8 8 2 8 2 10 10 10 2 10 10 2 10 10 10 2 2 2
left_child=1 4 -3 -4 9 -6 7 8 -7 10 -1 -11 19 -14 15 16 18 -16 -15 20 -2 -22 23 -23 28 -26 -27 -28 -21 -30
right_child=12 2 3 -5 5 6 -8 -9 -10 11 -12 -13 13 14 17 -17 -18 -19 -20 24 21 22 -24 -25 25 26 27 -29 29 -31
leaf_value=8.5051333085037629e-05 1.8631507097448169e-06 0 0 -0.00017629863496055476 0 0 0 0 0.00022622974844806244 0 0 -0.0001100494812669958 -2.5646329389597417e-05 0.00016829210857130706 5.6317982339528118e-05 0 0 -5.1841383504605589e-05 0 -3.1737131492897704e-05 0 -0.00012220631824807755 0 0 2.8292387525803828e-05 0 -0.00013894055884509652 0 2.6363727511700454e-05 -1.0386599299458503e-06
leaf_weight=89 734 125 28 60 69 33 145 23 110 64 97 56 141 132 59 131 38 122 22 346 352 364 199 68 71 93 182 144 1620 3273
leaf_count=89 734 125 28 60 69 33 145 23 110 64 97 56 141 132 59 131 38 122 22 346 352 364 199 68 71 93 182 144 1620 3273
internal_value=0 1.1952e-05 -4.067e-05 -0.000110866 3.5582e-05 6.44816e-05 8.76754e-05 0.000157977 0.000185735 0 3.11495e-05 -4.90722e-05 -1.41693e-06 1.94512e-05 4.19891e-05 7.48008e-05 0.000114593 0 0.000145069 -3.89634e-06 -1.8793e-05 -3.93015e-05 -6.41757e-05 -9.84559e-05 0 -3.07509e-05 -5.26906e-05 -7.70657e-05 3.49831e-06 7.01237e-06
internal_weight=8990 899 213 88 686 380 311 166 143 306 186 120 8091 645 504 323 192 181 154 7446 1717 983 631 432 5729 490 419 326 5239 4893
internal_count=8990 899 213 88 686 380 311 166 143 306 186 120 8091 645 504 323 192 181 154 7446 1717 983 631 432 5729 490 419 326 5239 4893
is_linear=0
shrinkage=0.05


Tree=239
num_leaves=31
num_cat=0
split_feature=238 65 338 301 283 344 399 218 72 213 240 210 370 225 223 258 249 328 47 237 29 35 221 329 372 238 383 257 382 80
split_gain=5.64137e-05 0.00033869 0.000308467 0.000334421 0.000294168 0.000538879 0.000527948 0.000499321 0.000662611 0.000277947 0.000391883 0.000268336 0.000372274 0.000317299 0.000302505 0.000263904 0.000255806 0.000303579 0.000228821 0.00018926 0.000231626 0.00018793 0.000248026 0.000194722 0.000187624 0.000443545 0.000398589 0.000396303 0.000427831 0.000442009
threshold=-0.37757815763393937 -0.17146009060221098 -0.025628306878306948 -0.0016401699950698999 -0.0014603420175924497 -0.0033190766611741998 -1.0586121679941158 2.0629667614430849 1.0324413049550052 -0.59632518927175904 -1.6484914010964662 -0.84098384711642049 0.067008877320682017 0.50442809392952193 -0.021147507308838097 -0.91544482968040908 2.4979507977478099 -0.029996763385666547 0.9935515873015871 -0.62533462219735114 0.86193783068783103 0.85267857142857162 1.5628124515778767 4.5519144009631426e-15 -0.0024919805059198997 0.026290253881004803 -0.33900730740641494 -1.8848334694778595 1.7584910428744569 0.79332010582010615
decision_type=8 2 10 10 10 10 2 10 2 10 10 10 10 10 10 10 10 10 2 10 2 2 10 10 8 10 10 10 10 2
left_child=1 2 -1 21 5 6 -3 8 -8 -5 -11 12 19 14 18 -12 17 -14 -13 -6 -21 -4 23 -23 25 26 -2 -28 29 -29
right_child=24 4 3 9 11 -7 7 -9 -10 10 15 13 16 -15 -16 -17 -18 -19 -20 20 -22 22 -24 -25 -26 -27 27 28 -30 -31
leaf_value=-1.9384496369968256e-05 0 0 -2.1459641605016064e-05 0 -7.7000733541901444e-05 0 -0.00023716624099652143 0 0 0 0 -0.00014634232465600728 0 1.9267468522868725e-06 0 0.00014114528158176877 0 0.00013695145991292305 0 8.0852813370039484e-05 0 0.00012482185980654061 0 0 7.8692980626735701e-07 0 0 -0.00017038018079279862 0 0
leaf_weight=150 100 21 240 222 67 267 113 21 25 21 57 109 30 191 80 239 44 149 26 100 304 94 66 25 5052 836 31 199 44 67
leaf_count=150 100 21 240 222 67 267 113 21 25 21 57 109 30 191 80 239 44 149 26 100 304 94 66 25 5052 836 31 199 44 67
internal_value=0 6.06556e-06 2.80759e-05 4.06482e-05 -6.55306e-06 -4.20278e-05 -0.000108928 -0.000147401 -0.000184581 6.71244e-05 9.92542e-05 3.32006e-06 2.59478e-05 -2.30434e-05 -6.84618e-05 0.000117723 7.916e-05 0.000106661 -0.000114281 0 1.36513e-05 0 4.40553e-05 9.06789e-05 -2.61046e-06 -1.99652e-05 -6.05634e-05 -8.75477e-05 -0.000107823 -0.000132543
internal_weight=8990 2661 1114 964 1547 447 180 159 138 539 317 1100 694 406 215 296 223 179 135 471 404 425 185 119 6329 1277 441 341 310 266
internal_count=8990 2661 1114 964 1547 447 180 159 138 539 317 1100 694 406 215 296 223 179 135 471 404 425 185 119 6329 1277 441 341 310 266
is_linear=0
shrinkage=0.05


Tree=240
num_leaves=31
num_cat=0
split_feature=369 392 331 315 275 222 385 197 340 207 373 282 219 243 263 397 336 224 70 205 336 221 276 218 276 265 326 338 304 377
split_gain=5.66962e-05 0.000206621 0.000208222 0.000204468 0.000201202 0.000155155 9.24237e-05 0.00043031 0.000407412 0.000554922 0.000465532 0.000219712 0.000196639 0.000144741 0.000428921 0.000410771 0.000543322 0.000298595 0.000185836 0.000336642 0.000231705 0.00026614 0.000190551 0.000323246 0.000223447 0.000314948 0.000183534 0.000158596 0.000128598 0.00011022
threshold=-0.89996147956708061 0.98309119900451891 0.020263040675118853 -0.040639692176808247 -0.72767849491220626 -0.042723931842167946 2.0649333588632839 0.53069917647989573 -0.0030058879023515494 -0.26688493488628162 0.010582010582010653 -0.0018973648350449498 0.77352689853449841 -1.7889039807570868 0.26109413520922081 0.30896617335344495 0.012648809523810001 -0.98370782988805539 0.91699735449735453 0.39189382130192857 0.0085978835978839513 -1.9190100036179072 -2.1615589588609958 1.3644129268800891 -1.73394691357044 0.70647739318905822 0.017661477827956702 0.0036375661375660502 -0.0097090429285512977 -0.0010985213053254998
decision_type=8 2 10 10 10 10 8 8 10 10 10 8 10 10 10 2 10 10 2 10 10 10 10 10 10 10 10 10 10 10
left_child=1 2 3 -1 -5 -6 13 8 28 -10 12 -9 -11 14 29 16 17 -16 22 20 21 -20 23 27 25 -24 -26 -15 -8 -2
right_child=6 -3 -4 4 5 -7 7 11 9 10 -12 -13 -14 18 15 -17 -18 -19 19 -21 -22 -23 24 -25 26 -27 -28 -29 -30 -31
leaf_value=0 -4.3652259588222379e-05 0 0 0 -0.00020697674426961435 0 1.5790954869370225e-05 -0.00012674094683057368 0 0.00022170721741110569 0 0 0 0.00010549145898723979 0 0 0 0.00021057013836232072 0 0 0 -0.00012676596160672446 -9.2140505444615085e-05 0 6.2495068524879341e-06 0 -1.134390402073462e-05 0 -8.9477685046685987e-05 4.7885830817895619e-06
leaf_weight=23 143 181 29 45 60 39 98 44 67 106 25 89 29 149 39 95 21 102 24 278 52 161 161 75 4209 107 2288 55 37 159
leaf_count=23 143 181 29 45 60 39 98 44 67 106 25 89 29 149 39 95 21 102 24 278 52 161 161 75 4209 107 2288 55 37 159
internal_value=0 -1.89541e-05 -5.76626e-05 -8.3769e-05 -0.000108095 -0.000148547 8.52818e-07 2.18939e-05 5.64529e-05 9.78077e-05 0.000149114 -3.45748e-05 0.000186987 0 2.40671e-05 7.36705e-05 0.000122243 0.000163688 -2.24236e-06 -3.12367e-05 -7.52951e-05 -0.000101939 0 4.03606e-05 -1.79226e-06 -4.6526e-05 0 7.86573e-05 0 -1.60468e-06
internal_weight=8990 377 196 167 144 99 8613 495 362 227 160 133 135 8118 559 257 162 141 7559 515 237 185 7044 279 6765 268 6497 204 135 302
internal_count=8990 377 196 167 144 99 8613 495 362 227 160 133 135 8118 559 257 162 141 7559 515 237 185 7044 279 6765 268 6497 204 135 302
is_linear=0
shrinkage=0.05


Tree=241
num_leaves=31
num_cat=0
split_feature=398 353 253 30 335 17 325 39 213 318 337 64 397 375 27 313 359 198 27 207 370 77 198 288 202 198 321 289 301 349
split_gain=5.58638e-05 0.000276096 0.00032864 0.000297091 0.000427716 0.000488391 0.000503846 0.000257797 0.000219424 0.000349317 0.000307055 0.000308033 0.00025235 0.000213403 0.0002454 0.000210584 0.000205075 0.000265253 0.000361946 0.00021134 0.000385299 0.000311606 0.000167776 0.000281395 0.00051985 0.000288799 0.000411608 0.000252012 0.000247599 0.000278857
threshold=-0.00137583899896425 -0.027945246260722596 -0.82987808001661845 -1.1504711857237448 -0.040873367948654989 -0.86999888835344441 0.020674292385489654 -1.3304934785171849 -0.78323245963373245 -0.15850454429672517 -0.026904077430996095 0.73533462156858909 -0.3681650781798253 0.040425037483522754 -0.96426061887798886 -0.020739975050253299 -0.0072572579059223983 1.4495000471016881 -0.59029690526439338 0.32459159954178984 0.010294883318066403 0.19394841269841304 1.3773127532007121 0.00082671957671945015 1.2544720976058483 0.64356401619615056 -0.0091556442235843482 -0.0099013136480889472 0.015938386058146955 0.023106685336633553
decision_type=2 10 10 2 10 2 10 2 10 10 10 2 2 10 2 10 10 10 2 10 10 2 10 10 10 10 10 10 8 10
left_child=1 8 13 -4 -5 6 -6 -7 9 -1 -11 12 -12 14 -3 -16 17 18 -10 -18 21 -21 23 28 25 26 -25 -24 29 -2
right_child=22 2 3 4 5 7 -8 -9 16 10 11 -13 -14 -15 15 -17 19 -19 -20 20 -22 -23 27 24 -26 -27 -28 -29 -30 -31
leaf_value=0 0 0 0 0 0.00017904574291546891 -3.180680228359013e-06 0 5.0730263593869927e-05 0 0 0 0 -0.00016888896929942904 3.174502148480878e-06 0 -0.00015512193367540122 0 0 0.00015003953872554074 0 0 -0.00017168623748272575 -6.387472409415033e-06 0 0 0 -0.00022598838647113514 3.2576790049584234e-05 5.0514628482092985e-05 -2.834414678781742e-05
leaf_weight=102 3058 107 615 211 160 143 37 437 101 47 28 21 131 94 20 75 371 76 87 22 54 81 589 58 116 21 78 735 181 1134
leaf_count=102 3058 107 615 211 160 143 37 437 101 47 28 21 131 94 20 75 371 76 87 22 54 81 589 58 116 21 78 735 181 1134
internal_value=0 5.56035e-06 1.82805e-05 2.87128e-05 4.5708e-05 6.35019e-05 0.000140174 2.8821e-05 -1.15277e-05 -4.60384e-05 -8.3168e-05 -0.000113949 -0.00013978 -2.13206e-05 -5.74554e-05 -0.000116045 0 3.8565e-05 7.49239e-05 -1.5068e-05 -6.42369e-05 -0.000125022 -2.7844e-06 -7.92224e-06 -5.86052e-05 -0.000119345 -0.000147465 1.14677e-05 -3.61355e-06 -7.14454e-06
internal_weight=8990 3020 1899 1603 988 777 197 580 1121 329 227 180 159 296 202 95 792 264 188 528 157 103 5970 4646 273 157 136 1324 4373 4192
internal_count=8990 3020 1899 1603 988 777 197 580 1121 329 227 180 159 296 202 95 792 264 188 528 157 103 5970 4646 273 157 136 1324 4373 4192
is_linear=0
shrinkage=0.05


Tree=242
num_leaves=31
num_cat=0
split_feature=231 260 336 345 62 348 287 91 260 289 297 39 72 368 301 253 255 397 215 308 59 336 52 12 247 381 343 60 379 211
split_gain=5.49386e-05 0.000201055 0.000335814 0.000265336 0.000185293 0.00010541 0.000320569 0.000110806 0.000101065 0.000189581 0.000208743 0.000155977 0.000122269 0.00036882 0.000347077 0.000344738 0.000298002 0.000220813 0.000255303 0.000150361 0.000277132 0.000520515 0.000265361 0.000248635 0.000305776 0.000272101 0.000232385 0.000167624 0.000251057 0.000330085
threshold=-1.4942283014522937 0.36435644397304673 0.0043816137566141007 -0.0099206349206349478 0.15393518518518504 0.017352357404713404 -0.022439036649505046 -0.37188538278653732 -1.4156352076925525 -0.0073530736948481 0.0023745709734600004 1.0618419823741052 -0.47365161319302546 -0.343304231571123 -0.0020752812626849996 -0.55084808209379454 1.2527385506689435 0.41464805313403641 -1.070606544912958 -0.014085438483348848 0.30791752274761658 -0.0039682539682539498 -0.60298745205883841 0.25992063492063505 0.20852604904501523 0.087169337233765617 -0.0026455026455018999 0.70882936507936511 0.057144686311083506 -0.66085210440269992
decision_type=10 10 10 10 2 8 10 2 10 10 10 2 2 10 10 10 10 2 10 10 2 10 2 2 10 10 10 2 10 10
left_child=1 5 3 -3 -5 6 -1 -8 9 10 11 -2 13 17 -15 -16 -17 -10 -19 20 23 22 -22 24 -14 -25 -23 -21 29 -29
right_child=8 2 -4 4 -6 -7 7 -9 12 -11 -12 -13 19 14 15 16 -18 18 -20 27 21 26 -24 25 -26 -27 -28 28 -30 -31
leaf_value=0 0.00011915495435630666 0 0 0 -0.00020958961170031208 -2.4173359505685431e-05 0 0.00017309704668601943 0 0 0 0 2.6644950008755159e-05 0 0 -0.00015863354902788201 0 0 0.00015702254986144429 1.0661212049865686e-06 0 -5.1686499377079476e-05 0.00014337517937350469 -7.9782997149954705e-05 -2.2243351003840709e-05 0 3.445607535875521e-05 0 0 -9.1566894841122869e-05
leaf_weight=183 116 32 55 22 59 189 20 41 230 103 40 70 1129 287 77 143 40 20 51 4042 21 100 148 172 343 144 264 109 515 225
leaf_count=183 116 32 55 22 59 189 20 41 230 103 40 70 1129 287 77 143 40 20 51 4042 21 100 148 172 343 144 264 109 515 225
internal_value=0 -1.45577e-05 -6.12203e-05 -0.000113989 -0.000162172 0 2.50377e-05 0.000124984 1.08952e-06 2.82489e-05 5.70766e-05 8.22322e-05 0 -1.79775e-05 -4.53769e-05 -8.75618e-05 -0.000124893 1.52075e-05 9.3507e-05 2.09233e-06 1.29199e-05 4.5004e-05 0.000118661 5.57372e-07 1.18559e-05 -3.62432e-05 0 -2.02372e-06 -2.26211e-05 -5.63835e-05
internal_weight=8990 601 168 113 81 433 244 61 8389 329 226 186 8060 848 547 260 183 301 71 7212 2321 533 169 1788 1472 316 364 4891 849 334
internal_count=8990 601 168 113 81 433 244 61 8389 329 226 186 8060 848 547 260 183 301 71 7212 2321 533 169 1788 1472 316 364 4891 849 334
is_linear=0
shrinkage=0.05


Tree=243
num_leaves=31
num_cat=0
split_feature=244 351 203 371 362 302 274 207 356 264 202 339 256 33 373 252 279 220 85 355 274 244 387 285 44 91 346 23 368 39
split_gain=5.43724e-05 0.000178091 0.000189303 0.000275371 0.000360675 0.000177009 0.000108155 0.000253551 0.000312454 0.000498649 0.000278444 0.00026692 0.000291779 0.000319261 0.000247956 0.000294887 0.000272029 0.000188533 0.000177524 0.000200084 0.00016939 0.000213048 0.00025785 0.000317437 0.00031598 0.000184135 0.000356082 0.000417728 0.000386785 0.000313692
threshold=-1.9420039641850828 -0.014793950998168248 -1.2963862417492704 -0.85922462873223548 -0.040674603174603141 0.025772125471657803 0.56657431145887804 -0.75374033139536056 0.0079732094805939017 -0.0096680266024173483 -1.0177446535189991 -0.031813167319203091 0.19942551126134858 1.6531555528423454 0.0072751322751329504 -0.54363875466157985 -0.31108707378646289 -1.8421940930582463 1.3318451874891402 0.0043089269994545003 0.3571295843926276 -0.012157886428626198 -0.18547766417175388 0.00033411294260305005 0.18931878306878303 1.1468309827518051 -0.004055430151082849 0.006779100529100501 -1.4633853794653988 -1.3462659784663547
decision_type=8 10 10 10 10 10 10 10 10 10 10 10 10 2 10 10 10 10 2 10 10 10 10 10 2 2 10 2 10 2
left_child=1 -1 -3 -4 -5 -6 20 -8 11 10 -10 12 13 -9 15 -13 -16 -12 19 -11 25 -22 -23 24 -24 29 -27 28 -28 -2
right_child=6 2 3 4 5 -7 7 8 9 18 17 14 -14 -15 16 -17 -18 -19 -20 -21 21 22 23 -25 -26 26 27 -29 -30 -31
leaf_value=0 -3.7633496434542614e-05 0 0 0 -0.00020664217956131649 0 -1.0548767834672283e-05 -0.0002181530069918242 0 6.3408431393982087e-05 0 7.5131558282000595e-05 0 0 0 0 -0.00011742958302334113 0.00014219046764058822 -0.00010252584551655966 0 0 0 0 0 -0.00018151975253393208 -6.2065750458331967e-06 0 0 9.8184990009044857e-05 2.3723688213838093e-07
leaf_weight=237 589 110 60 42 72 23 604 43 36 156 46 237 34 20 44 387 61 199 30 148 198 21 20 38 97 351 40 153 342 4552
leaf_count=237 589 110 60 42 72 23 604 43 36 156 46 237 34 20 44 387 61 199 30 148 198 21 20 38 97 351 40 153 342 4552
internal_value=0 -1.53152e-05 -4.31896e-05 -7.28525e-05 -0.000112479 -0.000166495 9.91918e-07 1.13526e-05 2.40023e-05 5.11828e-05 0.000100832 0 -7.34301e-05 -0.000140917 1.40408e-05 3.10359e-05 -3.93184e-05 0.000120418 0 2.0469e-05 -1.53713e-06 -3.42405e-05 -7.42641e-05 -0.000102069 -0.000143443 0 2.151e-05 4.9036e-05 7.81054e-05 -3.12967e-06
internal_weight=8990 544 307 197 137 95 8446 2045 1441 615 281 826 97 63 729 624 105 245 334 304 6401 374 176 155 117 6027 886 535 382 5141
internal_count=8990 544 307 197 137 95 8446 2045 1441 615 281 826 97 63 729 624 105 245 334 304 6401 374 176 155 117 6027 886 535 382 5141
is_linear=0
shrinkage=0.05


Tree=244
num_leaves=31
num_cat=0
split_feature=294 30 297 91 319 245 39 76 76 245 285 52 372 398 44 252 70 54 373 80 241 369 386 352 202 17 390 76 75 239
split_gain=5.43434e-05 0.000200202 0.000255508 0.000420774 0.000271083 0.000183594 0.000214082 0.000385172 0.000159757 0.000249934 0.000189971 0.000247179 0.000130841 0.000331986 0.000445149 0.000366427 0.00036592 0.000344178 0.000275967 0.000267661 0.000339636 0.000226937 0.000211152 0.000424095 0.000331856 0.000525075 0.000299891 0.000222523 0.000185122 0.000175787
threshold=-0.00033068783068794999 -0.078363782499254783 0.0010140617396954003 1.3109149210620352 -0.10310475674512949 -0.8895014575920559 1.1336774758203751 -0.19483775869194497 -0.10126049958388549 0.77076818956333837 0.00033658702045240004 -0.25326740707429996 0.0098484149518569524 0.0014457608009483002 0.20254629629629603 -0.89391709152793786 0.46792328042328052 0.83912037037037057 -0.020502645502645748 0.057208994708994709 -1.2550690592415872 -0.15358756882530497 0.013674316322965003 -0.046331560570602691 -0.70269304224320794 -0.17595390196914698 2.1735747362229465 0.7744675627537202 0.90707671957671965 -0.047794601808196148
decision_type=8 2 10 2 10 10 2 2 2 10 10 2 8 2 2 8 2 2 10 2 10 10 10 10 10 2 2 2 2 8
left_child=1 5 3 4 -3 6 7 -1 -7 10 11 -10 22 15 28 -14 -16 18 -17 -18 -21 -20 29 27 -25 26 -26 -24 -15 -2
right_child=12 2 -4 -5 -6 8 -8 -9 9 -11 -12 -13 13 14 16 17 19 -19 21 20 -22 -23 23 24 25 -27 -28 -29 -30 -31
leaf_value=0 1.8573705340302668e-05 0 0 0 -0.00021933896611718353 0 0 0.0001993741717267037 0 0 0 -0.00015297247079522022 -3.1944868624287057e-07 8.6085909303003187e-05 0 0 0 0 0 0 -0.00014324671494263326 9.6626438699552698e-05 0 0 -0.00012295918444215332 0 0 0.00013411377271874576 0 -1.8079291437316135e-06
leaf_weight=36 1344 28 74 30 62 480 69 47 32 151 93 94 277 116 214 45 20 92 157 31 156 444 200 330 281 310 80 42 24 3631
leaf_count=36 1344 28 74 30 62 480 69 47 32 151 93 94 277 116 214 45 20 92 157 31 156 444 200 330 281 310 80 42 24 3631
internal_value=0 -9.96142e-06 -5.64808e-05 -0.000102344 -0.000160116 0 4.95935e-05 0.000104605 -9.99307e-06 -3.61735e-05 -7.11489e-05 -0.00011208 1.48422e-06 1.46331e-05 -9.88117e-06 3.31077e-05 -4.27634e-05 5.24267e-05 6.68707e-05 -9.01972e-05 -0.000112168 7.71635e-05 -1.04456e-06 -2.00268e-05 -3.68293e-05 -5.7093e-05 -9.8454e-05 2.88083e-05 5.32717e-05 2.69344e-06
internal_weight=8990 1196 194 120 90 1002 152 83 850 370 219 126 7794 1576 561 1015 421 738 646 207 187 601 6218 1243 1001 671 361 242 140 4975
internal_count=8990 1196 194 120 90 1002 152 83 850 370 219 126 7794 1576 561 1015 421 738 646 207 187 601 6218 1243 1001 671 361 242 140 4975
is_linear=0
shrinkage=0.05


Tree=245
num_leaves=31
num_cat=0
split_feature=336 329 308 33 241 230 381 213 213 329 335 365 238 85 69 251 331 44 334 358 220 242 244 202 331 397 369 285 33 202
split_gain=5.5201e-05 0.000150089 0.000180869 0.000196618 0.000169513 0.000153692 8.99826e-05 0.000256176 0.000405565 0.000309857 0.00031193 0.000239622 0.000479111 0.000223725 0.000191874 0.000364359 0.000342966 0.000354941 0.000334486 0.000230937 0.000245368 0.000199246 0.000261912 0.0003942 0.000324901 0.000251042 0.000317874 0.000186588 0.000139254 9.86091e-05
threshold=-0.043650793650793447 -0.021485343944788696 -0.040575019953609646 3.1270176050669556 1.5418202681186817 -1.0000000180025095e-35 -2.0818076824430074 -0.67292155760561834 0.84503315160871317 -0.0066566064794151497 0.057819377992598557 -0.5512566137566135 -0.22956421129328938 -0.47296862192350714 -1.0709115254994948 0.92326139852944455 -0.014316550621644098 0.37268518518518506 -0.0084151979598979486 -0.040380416930721037 -0.47513895403815215 0.12914256262166443 -0.4404851380668206 0.53991667000802934 0.0096206683102665527 0.40656634150939236 0.071207850833824568 0.00088183444374880014 1.5255243026683452 -1.1220980674290419
decision_type=8 10 10 2 10 10 10 10 10 10 10 10 10 2 2 10 10 2 10 10 10 10 8 10 10 2 10 10 2 10
left_child=1 -1 -3 4 5 -4 7 29 9 10 28 12 13 -8 15 16 17 -13 -18 -17 -21 25 23 -23 -24 27 -27 -16 -9 -2
right_child=6 2 3 -5 -6 -7 11 8 -10 -11 -12 14 -14 -15 21 19 18 -19 -20 20 -22 22 24 -25 -26 26 -28 -29 -30 -31
leaf_value=0 0 0 0 0 0 -0.00016397377088419986 0 0.00019314874998932263 0 0 0 0.00018487270934922076 0 -0.00023647682217830201 4.9346016441470887e-06 0 8.9098125692888463e-05 0 0 -0.00014290094688714902 0 -1.2011762143493468e-05 -3.8202451840998805e-05 4.8776383024396544e-05 1.3447125994860585e-06 7.6804975290927166e-05 0 -2.9267711509557434e-05 0 -4.0323706877878036e-05
leaf_weight=80 51 22 31 38 23 84 20 101 224 33 24 86 110 42 3358 39 113 72 374 64 48 808 1285 369 488 257 117 449 20 160
leaf_count=80 51 22 31 38 23 84 20 101 224 33 24 86 110 42 3358 39 113 72 374 64 48 808 1285 369 488 257 117 449 20 160
internal_value=0 -2.19735e-05 -5.07141e-05 -7.38981e-05 -0.000102581 -0.000127701 6.54015e-07 1.93063e-05 4.61166e-05 0.000102443 0.000134981 -1.40614e-07 -5.89072e-05 -0.000170013 5.04482e-07 2.4217e-05 4.41874e-05 0.000114019 1.12479e-05 -2.79693e-05 -7.87699e-05 -1.44158e-06 -1.19118e-05 2.80066e-06 -2.44981e-05 4.75016e-06 4.39298e-05 0 0.000168138 -8.08529e-06
internal_weight=8990 278 198 176 138 115 8712 613 402 178 145 8099 172 62 7927 796 645 158 487 151 112 7131 2950 1177 1773 4181 374 3807 121 211
internal_count=8990 278 198 176 138 115 8712 613 402 178 145 8099 172 62 7927 796 645 158 487 151 112 7131 2950 1177 1773 4181 374 3807 121 211
is_linear=0
shrinkage=0.05


Tree=246
num_leaves=31
num_cat=0
split_feature=264 49 335 66 302 379 237 211 85 216 62 332 317 358 261 264 204 227 36 348 375 345 202 327 346 199 352 360 320 363
split_gain=5.69869e-05 0.000308182 0.000432256 0.000356274 0.000248632 0.000504321 0.000416164 0.000350387 0.000382431 0.000324144 0.000293145 0.000353891 0.000419393 0.000256364 0.000258778 0.000229354 0.000378345 0.000509102 0.000418606 0.000358259 0.000276889 0.000233686 0.000225893 0.000295328 0.000224244 0.000236315 0.000199677 0.000474067 0.000336414 0.000214075
threshold=1.1688056133231148 1.2922175411117653 0.00050385338584650011 0.15997992195135302 -0.015705485532754696 0.22773749512199057 0.21545249686317711 -0.91293429336683007 -0.63358821830489087 -0.66201758600193328 0.58912037037037057 0.011404326477371851 -0.076480296865152786 -0.072050509599837734 0.95121619795860946 0.50266539720991743 0.49376912474254103 -0.57614411833502344 0.83457341269841312 0.17388351909866154 0.022936187796065755 -0.010582010582011048 0.93878592102895841 -0.023742306350965296 -0.0067124836821451494 0.93936014814947966 0.0079554647943085519 -0.0003460085469480999 0.0042602535830777504 -0.0010566196692372498
decision_type=10 2 10 2 10 8 10 10 2 10 2 10 10 10 10 10 10 10 2 10 10 10 10 10 10 10 10 10 10 10
left_child=15 4 3 -3 10 9 7 -7 -9 13 11 12 -2 -6 -15 -1 17 18 19 21 24 -17 23 -11 -19 -26 27 28 -18 -28
right_child=1 2 -4 -5 5 6 -8 8 -10 22 -12 -13 -14 14 -16 16 26 20 -20 -21 -22 -23 -24 -25 25 -27 29 -29 -30 -31
leaf_value=8.7559936957415776e-07 0 0.00027074780558709942 0 0 0 0 0 0 -0.00025050298226286479 -0.0001039674324431883 -1.8354578922784455e-06 0 0.00013250043230453559 0.00014390419591680308 0 0 0.0001615283245516582 0 0 0 3.3689451923945188e-05 -0.00025000871001151407 9.1197599041541707e-06 0 -0.00012527079018907902 0 0 0 0 -9.2549200249808351e-05
leaf_weight=6931 67 39 65 33 44 23 71 22 70 134 167 69 172 94 22 25 94 68 44 24 137 85 37 31 108 62 71 89 21 71
leaf_count=6931 67 39 65 33 44 23 71 22 70 134 167 69 172 94 22 25 94 68 44 24 137 85 37 31 108 62 71 89 21 71
internal_value=0 1.03562e-05 8.07909e-05 0.000165528 0 -2.20149e-05 -9.05664e-05 -0.000149335 -0.000193343 0 2.73713e-05 5.94315e-05 9.08385e-05 6.42454e-05 0.000105887 -1.51813e-06 -2.55322e-05 -5.25668e-05 -0.000125223 -0.000169203 -4.72544e-06 -0.000207378 -2.72026e-05 -6.56329e-05 -4.78426e-05 -8.06208e-05 3.23233e-06 4.58466e-05 0.000118423 -2.27908e-05
internal_weight=8990 1160 137 72 1023 548 186 115 92 362 475 308 239 160 116 7830 899 553 178 134 375 110 202 165 238 170 346 204 115 142
internal_count=8990 1160 137 72 1023 548 186 115 92 362 475 308 239 160 116 7830 899 553 178 134 375 110 202 165 238 170 346 204 115 142
is_linear=0
shrinkage=0.05


Tree=247
num_leaves=31
num_cat=0
split_feature=397 375 388 73 245 354 288 198 297 88 395 398 321 354 351 322 222 89 397 216 268 395 361 303 72 380 266 301 349 83
split_gain=5.70004e-05 0.000234146 0.000599736 0.000661805 0.00044645 0.000317883 0.000215233 0.000337546 0.000376931 0.000292879 0.000213373 0.000201017 0.000382031 0.00035919 0.000293442 0.000195717 0.00042285 0.000371268 0.000306867 0.000448048 0.000234068 0.00022495 0.000194521 0.00026036 0.000294944 0.000326533 0.000382552 0.000280259 0.000234963 0.000224331
threshold=-0.12593562649078166 0.20272245380964737 0.057375361513860752 0.13288849330111804 0.14601898320390203 -0.086242302511156291 0.00082671957671945015 1.4152813431321045 -0.00082387928604399981 0.12202380952380952 0.3880936813689308 -0.0059165276202150993 0.0125951911245225 -0.029592214587160045 -0.047044957141824738 0.009487157466613003 1.0000000180025095e-35 0.9613288402572252 0.33860365545606413 0.93487641854871228 1.7217644153581213 0.19188681635588054 0.00057579359921095007 -0.00033068783068774995 0.069281656476918904 -0.17067197949599125 -1.2994629338087029 -0.0020409184765743994 -0.21540185755441332 0.50744047619047616
decision_type=2 8 2 2 10 10 10 10 10 2 2 2 10 10 10 10 10 2 2 10 10 2 10 10 2 10 10 10 10 2
left_child=22 6 10 4 5 -4 11 8 -8 -10 -3 12 13 -2 -15 16 20 -18 19 -17 -13 -20 23 24 25 -1 -27 -28 -24 -30
right_child=1 2 3 -5 -6 -7 7 -9 9 -11 -12 15 -14 14 -16 18 17 -19 21 -21 -22 -23 28 -25 -26 26 27 -29 29 -31
leaf_value=0 0 1.2614294886826854e-05 0 0 0 0.00025370901183709502 0 0 0 -0.00020775796277468689 -4.9114589997172575e-05 0 5.410919064408268e-06 0 -0.00015167302419146373 -7.7526109964454415e-05 5.4138878981294965e-05 0 -1.8067512794670481e-05 0 -5.9096731242088357e-05 5.6545483250412141e-05 -2.2727084538557189e-05 1.620752336710845e-05 0 0 0 -0.00013074698682061405 4.368974941585215e-05 0
leaf_weight=132 82 268 21 140 47 84 62 28 22 75 206 2569 100 46 138 386 666 395 139 216 190 165 141 699 424 73 112 216 860 288
leaf_count=132 82 268 21 140 47 84 62 28 22 75 206 2569 100 46 138 386 666 395 139 216 190 165 141 699 424 73 112 216 860 288
internal_value=0 -2.76451e-06 2.15287e-05 7.95405e-05 0.000151749 0.000209632 -7.23701e-06 -6.21708e-05 -9.92443e-05 -0.000160758 -3.67143e-06 -4.23651e-06 -4.0254e-05 -7.62068e-05 -0.000115203 -3.88428e-07 3.46238e-06 3.10678e-05 -2.21414e-05 -4.46518e-05 -5.3421e-06 5.99299e-06 5.71829e-06 -3.12799e-06 -2.24751e-05 -4.78544e-05 -7.12665e-05 -9.55188e-05 2.09613e-05 3.06837e-05
internal_weight=8990 6045 766 292 152 105 5279 187 159 97 474 5092 366 266 184 4726 3820 1061 906 602 2759 304 2945 1656 957 533 401 328 1289 1148
internal_count=8990 6045 766 292 152 105 5279 187 159 97 474 5092 366 266 184 4726 3820 1061 906 602 2759 304 2945 1656 957 533 401 328 1289 1148
is_linear=0
shrinkage=0.05


Tree=248
num_leaves=31
num_cat=0
split_feature=50 49 282 297 66 248 323 345 376 355 380 377 372 44 335 265 375 54 382 343 367 229 354 339 325 343 381 239 34 52
split_gain=5.58246e-05 0.000253351 0.000336321 0.000387632 0.00047551 0.000347795 0.000312668 0.000708837 0.000434208 0.000639387 0.000558683 0.000403192 0.00033172 0.000301576 0.000270385 0.000235658 0.00023023 0.000184179 0.000181669 0.000166973 0.000161113 0.000330996 0.000375166 0.000355328 0.000436728 0.000255403 0.000298337 0.000343549 0.000364672 0.000222002
threshold=-0.26209601580687741 -0.75087842037939789 -0.0020353426573348995 -0.0012505858270393498 -1.5220192906572196 -1.6721523447408753 -0.017714331555143747 0.0033068783068785504 0.00072889586860310017 -0.014321714278298698 -0.038471683899243443 -0.058150694502483592 -0.0047915293776449493 0.27099867724867704 -0.02745724436418855 -0.46440345528872712 -0.13248961279754876 0.3397817460317456 0.38635338703389183 -0.041666666666665943 -0.36342592592592587 0.74873393702312974 -0.072732071832482995 -0.025626906104753596 -0.020709095584239896 -0.013558201058200948 1.1083366731781379 0.37217361701314361 0.77414021164021152 0.49239876410021005
decision_type=2 2 10 10 2 10 10 10 10 10 10 10 10 2 10 10 10 2 10 10 10 10 10 10 10 10 8 8 2 2
left_child=1 14 6 -4 -5 -6 7 -3 12 -10 -11 -9 18 -7 15 -1 -14 -17 -8 -2 21 22 -21 -24 -25 29 -27 28 -28 -22
right_child=19 2 3 4 5 13 8 11 9 10 -12 -13 16 -15 -16 17 -18 -19 -20 20 25 -23 23 24 -26 26 27 -29 -30 -31
leaf_value=0 4.7103264241960872e-05 0 -3.8715058189774496e-06 -1.6668871402845451e-05 0 1.3358942019400124e-05 5.2239696873353632e-05 0 0 0 0.00023883980809768728 -0.00023494715762734 0 0.00010021963598229689 0 0 -0.00013983365128727497 -0.00020444217071313752 -2.2954883585597231e-05 6.0483375253795155e-06 0 2.5861243129516193e-06 0 0 -0.00011714013503117733 -8.7332483929517941e-07 8.7621551102255214e-05 0 0 -6.0987383376802896e-05
leaf_weight=35 149 236 361 139 129 315 151 37 70 21 72 64 21 491 287 25 73 48 86 105 191 403 74 159 311 4033 332 179 82 311
leaf_count=35 149 236 361 139 129 315 151 37 70 21 72 64 21 491 287 25 73 48 86 105 191 403 74 159 311 4033 332 179 82 311
internal_value=0 6.10286e-06 1.40546e-05 2.9532e-05 4.54142e-05 5.99915e-05 -6.65642e-06 -4.74274e-05 1.10415e-05 8.2783e-05 0.000170807 -0.000158203 -9.20055e-06 7.24814e-05 -2.68512e-05 -9.42777e-05 -9.5253e-05 -0.000145614 3.86758e-06 -2.52803e-06 -4.53444e-06 -2.24413e-05 -4.56832e-05 -6.4857e-05 -8.22083e-05 0 2.80468e-06 3.6245e-05 6.28939e-05 -3.46295e-05
internal_weight=8990 2661 2266 1435 1074 935 831 337 494 163 93 101 331 806 395 108 94 73 237 6329 6180 1052 649 544 470 5128 4626 593 414 502
internal_count=8990 2661 2266 1435 1074 935 831 337 494 163 93 101 331 806 395 108 94 73 237 6329 6180 1052 649 544 470 5128 4626 593 414 502
is_linear=0
shrinkage=0.05


Tree=249
num_leaves=31
num_cat=0
split_feature=228 320 381 350 331 352 380 328 382 387 25 312 383 53 354 326 399 268 88 228 306 44 315 276 382 64 83 367 239 64
split_gain=5.4175e-05 0.000204153 0.000190143 0.000213609 0.0002275 0.000234809 0.000262771 0.000207513 0.000182696 0.000314476 0.000211471 0.000175662 0.000208245 0.000153757 0.000242254 0.000217331 0.000148505 0.000243364 0.000145315 0.000218279 0.00014345 0.000128821 0.000114002 0.000112902 0.000255964 0.000392981 0.000512701 0.00050228 0.00045149 0.000279857
threshold=-0.87407435211986473 -0.011141848626828849 -0.83693573036658975 0.066991166068625471 -0.045334825358883189 0.023198126286653905 -0.22288251021874497 0.010420452564930951 -0.86697969943521802 -0.16082128646709568 0.0028108465608465004 -0.048676459119836341 1.0952391975235114 -0.38677323620123094 -0.22014479847951771 0.090052557623157073 -0.84507219772447117 -0.33043329768440671 0.72056878306878314 -1.8723198428103796 0.00033311127148170005 0.13591269841269851 -0.037306948144000845 -0.20838042658644043 -0.31278032299601416 0.12888001613024302 0.12665343915343905 0.48726851851851888 1.0717453461804489 -0.8004310875932138
decision_type=10 8 8 10 10 10 10 10 10 10 2 10 10 2 10 10 2 10 2 10 10 2 10 10 10 2 2 10 10 2
left_child=1 8 3 4 -3 6 -6 13 16 20 -11 -9 21 -4 -15 -16 17 -1 19 -12 22 -13 -10 -2 29 26 27 28 -26 -25
right_child=23 2 7 -5 5 -7 -8 11 9 10 18 12 -14 14 15 -17 -18 -19 -20 -21 -22 -23 -24 24 25 -27 -28 -29 -30 -31
leaf_value=0 1.0814801625735794e-05 0 0 0 0 0 -0.00012938689289805608 -8.6061177394145933e-07 0 0 0 0 0 0 -7.9802958258559911e-05 0 0 -0.0001138431482966101 0 0.0001118164769561081 0 7.7216475182817588e-05 -0.00013495181052383245 5.5316484575554924e-05 -0.00010832398236746712 1.4155768211619183e-06 0 0 0 0
leaf_weight=26 2578 32 380 120 36 100 198 104 20 22 50 31 33 64 293 96 95 78 121 218 31 247 37 323 427 1615 505 147 51 912
leaf_count=26 2578 32 380 120 36 100 198 104 20 22 50 31 33 64 293 96 95 78 121 218 31 247 37 323 427 1615 505 147 51 912
internal_value=0 -6.43838e-06 -1.69862e-05 -4.4663e-05 -6.40883e-05 -7.87594e-05 -0.000106585 -2.19948e-06 1.26014e-05 3.27425e-05 5.60003e-05 2.14822e-05 4.50237e-05 -2.00005e-05 -3.97978e-05 -5.83171e-05 -1.27811e-05 -6.22802e-05 6.83526e-05 9.01983e-05 -1.90689e-05 6.43406e-05 -8.27145e-05 2.29761e-06 -1.9632e-06 -1.15505e-05 -3.45045e-05 -6.48294e-05 -9.01195e-05 1.52971e-05
internal_weight=8990 2432 1734 486 366 334 234 1248 698 499 411 415 311 833 453 389 199 104 389 268 88 278 57 6558 3980 2745 1130 625 478 1235
internal_count=8990 2432 1734 486 366 334 234 1248 698 499 411 415 311 833 453 389 199 104 389 268 88 278 57 6558 3980 2745 1130 625 478 1235
is_linear=0
shrinkage=0.05


Tree=250
num_leaves=31
num_cat=0
split_feature=260 65 73 346 78 248 310 253 348 310 359 336 357 68 344 365 344 215 248 46 275 333 349 390 347 261 22 358 388 324
split_gain=5.3979e-05 0.000242515 8.63403e-05 0.000206514 0.00025267 0.000465202 0.000365596 0.000378377 0.0002414 0.000238668 0.000291186 0.000231694 0.000218143 0.000213653 0.000229785 0.000184459 0.000167145 0.00021959 0.000230734 0.00029871 0.000206731 0.00016556 0.000216964 0.000454664 0.00032364 0.000173302 0.000233247 0.000151923 0.000147216 0.000137688
threshold=2.5128110019680068 -0.45025501228347292 -0.27558098468965847 -0.0050125418235454485 0.31001984126984106 -0.016499416589741796 -0.036453861546117287 2.7879377904247304 -0.074134767981195934 -0.0015468152721849998 -0.0022921730002444995 0.00066137566137565017 0.043981481481481455 0.058366402116402101 -0.0039761483796392494 0.126818783068783 0.062566419910917215 -1.1527699601469272 -0.82604966091921006 0.20287698412698404 -1.2537348551666718 0.026455026455026402 0.0012301095376073001 0.37094756748958796 -0.0072196452338749492 -0.79349029555128447 1.1329489212315702 -0.035987153236061088 -0.0020805648978969495 -0.11520687880578213
decision_type=10 2 2 10 2 10 10 10 10 10 10 10 10 2 10 10 10 10 10 2 10 10 10 2 10 10 2 10 2 10
left_child=2 -2 3 21 8 6 -6 -8 11 10 -7 15 -11 14 -10 -5 29 -18 -19 20 -20 22 25 -24 -25 26 -1 -27 -15 -4
right_child=1 -3 16 4 5 9 7 -9 13 12 -12 -13 -14 28 -16 -17 17 18 19 -21 -22 -23 23 24 -26 27 -28 -29 -30 -31
leaf_value=-6.238430220372166e-05 0 -0.00010657938968081933 1.5320687177043864e-05 0.00015242382635698712 -2.0287647527482325e-06 0 9.1384965013014977e-05 0 0 -3.6658003657416431e-05 0.00013437896015710071 0 5.4843118441934893e-05 -3.3332423252018759e-05 -0.00011818101546964149 0 0 0 0 0 -0.00018828192096611676 3.9987697548516868e-05 1.7264447186302656e-05 0 -0.00011875170949954167 0 1.2489075098799861e-05 7.6548644018978838e-05 2.2946836198779734e-05 -4.2998337822471149e-06
leaf_weight=172 35 65 1095 60 47 51 514 80 20 409 66 82 42 224 97 38 84 29 20 31 80 92 80 113 198 33 70 122 226 4715
leaf_count=172 35 65 1095 60 47 51 514 80 20 409 66 82 42 224 97 38 84 29 20 31 80 92 80 113 198 33 70 122 226 4715
internal_value=0 -3.64777e-05 4.44012e-07 8.08367e-06 1.80732e-05 3.24172e-05 6.16117e-05 7.50629e-05 0 0 6.30595e-05 4.44551e-05 -1.70425e-05 -2.08941e-05 -8.17041e-05 9.76356e-05 -2.30898e-06 -4.29427e-05 -7.89972e-05 -0.00010964 -0.000152329 -8.43866e-06 -2.04412e-05 -4.7211e-05 -7.98685e-05 0 -2.00779e-05 4.65205e-05 0 0
internal_weight=8990 100 8890 2836 1956 1209 641 594 747 568 117 180 451 567 117 98 6054 244 160 131 100 880 788 391 311 397 242 155 450 5810
internal_count=8990 100 8890 2836 1956 1209 641 594 747 568 117 180 451 567 117 98 6054 244 160 131 100 880 788 391 311 397 242 155 450 5810
is_linear=0
shrinkage=0.05


Tree=251
num_leaves=31
num_cat=0
split_feature=69 251 19 331 232 75 324 300 333 275 80 365 354 62 352 371 80 260 239 358 356 39 208 77 398 331 216 237 237 361
split_gain=5.32948e-05 0.000365746 0.000343502 0.00032324 0.000406608 0.000268454 0.000251176 0.00030681 0.0001894 0.000215254 0.000128688 0.000121991 0.000205823 0.000200004 0.00041506 0.000283951 0.00025206 0.000232401 0.000195622 0.000166871 0.000192013 0.000256233 0.000275302 0.000187185 0.000287941 0.000337541 0.00024987 0.000405123 0.000314091 0.000197215
threshold=-1.0709115254994948 0.92326139852944455 0.55277043742351162 -0.015012879024014549 0.22730013304472022 0.13921957671957705 0.12459472677553726 -0.017232440046949998 -0.0092592592592588476 0.63502885756302618 0.6610449735449736 -0.62698412698412687 0.036889463694159304 0.069609788359788358 -0.025945642086509648 1.4205700824400094 0.76818783068783059 0.37381673939774912 0.85847542454079717 0.03533575253618821 0.055812054503872256 -1.3977821634683096 -1.3995656953208402 0.22833994708994701 -0.00090991776344289982 0.026435647899506955 -0.79183498776004058 -0.58124073167805046 -0.99433716302782782 -1.0000000180025095e-35
decision_type=2 10 2 10 10 2 10 10 10 10 2 10 10 2 10 10 2 10 10 10 10 2 10 2 2 10 8 10 8 10
left_child=1 3 -3 4 6 -4 7 -1 9 10 -5 12 -2 14 -13 16 17 -16 -14 23 21 -21 -23 24 29 -26 27 -25 -28 -15
right_child=11 2 5 8 -6 -7 -8 -9 -10 -11 -12 13 18 19 15 -17 -18 -19 -20 20 -22 22 -24 26 25 -27 28 -29 -30 -31
leaf_value=0 0 0 0 0.00014669262077104473 0 -0.00019323735007335281 0 0.00026766212062657513 -1.6511736891737825e-06 0 0 1.4410693432758643e-05 0.00011005597465337833 4.6700814806423901e-05 -0.00016976636439076855 0 0 0 0 -5.0599990832299449e-06 -1.4751549763614388e-05 0.00011679977928149414 1.8841252316099297e-05 -7.8616762218065554e-05 -7.1560558494824524e-05 1.6243086535663673e-06 4.3267308764060073e-05 0 0 -2.2971521416541949e-05
leaf_weight=30 340 102 32 62 63 49 27 55 432 23 24 91 102 164 122 67 39 42 26 236 244 129 731 255 426 56 452 618 3695 256
leaf_count=30 340 102 32 62 63 49 27 55 432 23 24 91 102 164 122 67 39 42 26 236 244 129 731 255 426 56 452 618 3695 256
internal_value=0 1.16131e-05 -4.07157e-05 3.19738e-05 9.3661e-05 -0.000119715 0.000150899 0.000193323 2.7654e-06 6.60846e-05 0.000108554 -1.21682e-06 2.23131e-05 -3.31758e-06 -4.0051e-05 -7.69168e-05 -0.000106598 -0.000133805 7.63948e-05 -8.02494e-07 1.42215e-05 2.5234e-05 3.93602e-05 -5.04651e-06 -2.61836e-05 -5.26879e-05 -2.52133e-07 -2.54129e-05 3.83938e-06 0
internal_weight=8990 899 183 716 175 81 112 85 541 109 86 8091 468 7623 361 270 203 164 128 7262 1340 1096 860 5922 902 482 5020 873 4147 420
internal_count=8990 899 183 716 175 81 112 85 541 109 86 8091 468 7623 361 270 203 164 128 7262 1340 1096 860 5922 902 482 5020 873 4147 420
is_linear=0
shrinkage=0.05


Tree=252
num_leaves=31
num_cat=0
split_feature=310 24 91 46 301 332 349 385 348 248 361 68 275 88 335 289 208 319 307 50 236 324 75 360 88 200 252 372 244 377
split_gain=5.14514e-05 0.000200712 0.00025148 8.85578e-05 0.000270246 0.000355466 0.000390903 0.000217611 0.000219453 0.000114703 0.00021285 0.000341518 0.000325976 0.000322573 0.000230801 0.000274969 0.000337985 0.000230347 0.000216006 0.000198583 0.00035753 0.000412945 0.000738044 0.000484656 0.000238674 0.000258381 0.000236068 0.00020518 0.000326991 0.000299057
threshold=-0.28160858200425948 0.98429232804232802 1.0000000180025095e-35 0.0021494708994708503 -0.0013112892149746498 -0.015933686354656296 0.07903407311894016 -1.2403578815010072 0.098960761013532364 0.77221694141252817 0.00055800652701390007 0.60185185185185164 -1.4682583696328251 0.072089947089947912 -0.043172412877198342 -0.0051020850871203493 -1.5364877520299254 0.0034735235620315008 -0.00033068783068774995 -0.11119982935108098 0.20207237734913813 0.028100740226453404 0.21924603174603205 0.0084860612831798021 0.36011904761904756 -0.73892577950993532 -1.2130994872854401 0.044070527114089909 -0.6937452107630927 0.4493982914990643
decision_type=8 2 2 2 10 10 10 10 10 8 8 2 10 2 8 10 10 10 8 2 10 10 2 10 2 10 10 10 10 10
left_child=1 2 -1 4 5 -2 7 -7 -9 19 11 12 -11 -14 15 -12 -17 18 -16 20 21 22 -5 -23 26 -26 -22 -21 -29 -30
right_child=3 -3 -4 9 -6 6 -8 8 -10 10 14 -13 13 -15 17 16 -18 -19 -20 27 24 23 -24 -25 25 -27 -28 28 29 -31
leaf_value=0 0 0 -0.00015235619795099368 0 0 0 0 0.00023804489358336149 0 0 0 0 0 -8.3438844731549978e-05 7.9149029546718842e-05 0 -0.00014870410331299056 -1.0128811784880326e-05 0 0 0 -0.00012469996058365172 9.8824806390698452e-05 1.8973946270712879e-05 -2.5878855968943015e-05 3.4297093351640261e-05 -7.2451256060259667e-05 0 -0.00012965055383953284 0
leaf_weight=86 63 46 54 269 206 20 21 68 20 129 130 495 128 464 231 26 80 154 304 3925 34 68 439 424 226 445 222 57 125 31
leaf_count=86 63 46 54 269 206 20 21 68 20 129 130 495 128 464 231 26 80 154 304 3925 34 68 439 424 226 445 222 57 125 31
internal_value=0 -2.5949e-05 -6.69031e-05 6.13918e-07 2.37584e-05 6.846e-05 0.000117718 0.000159968 0.00019384 0 -1.04389e-05 -2.49317e-05 -4.72472e-05 -6.39922e-05 3.20902e-06 -3.18071e-05 -9.34359e-05 2.24616e-05 4.1187e-05 2.92055e-06 1.57123e-05 3.42881e-05 5.87409e-05 0 -2.94213e-06 6.5779e-06 -4.74114e-05 -2.44653e-06 -5.02326e-05 -9.31751e-05
internal_weight=8990 186 140 8804 398 192 129 108 88 8406 2141 1216 721 592 925 236 106 689 535 6265 2127 1200 708 492 927 671 256 4138 213 156
internal_count=8990 186 140 8804 398 192 129 108 88 8406 2141 1216 721 592 925 236 106 689 535 6265 2127 1200 708 492 927 671 256 4138 213 156
is_linear=0
shrinkage=0.05


Tree=253
num_leaves=31
num_cat=0
split_feature=375 16 241 283 219 279 201 355 255 338 300 67 302 275 51 301 49 332 295 368 238 88 54 207 212 328 238 392 341 21
split_gain=5.08186e-05 0.000238592 0.000269647 0.000187675 0.000142788 0.000283717 0.000230199 0.00014073 0.000119772 0.000115438 0.000277975 0.000331408 0.000347048 0.000331748 0.000266988 0.000230712 0.000215299 0.000258499 0.000181942 0.000174556 0.000270275 0.000222459 0.000241864 0.000246375 0.000174549 0.000238175 0.000288629 0.000412981 0.000173573 0.000197483
threshold=-0.42441833584257105 -0.5870554347571284 -1.3086809125739578 -0.0017067027472922999 0.087758274579208262 0.13685842606466156 -0.41914975566398105 -0.039760343035574096 0.67265735830985374 0.012235449735449303 0.0029477186588949002 0.14724281191712676 0.04123069825615331 -1.0236708232884564 0.80073889077552984 0.0060578379872701016 0.56800702417726068 -0.016786419755697897 -0.0014903140690673998 -1.606185643416336 0.69440398506049672 0.24966931216931201 0.60664682539682557 -1.0339797288040251 -2.0282183271766443 0.019397529508666956 -1.1345063300973035 1.2102901793738485 -0.031746031746031945 1.8948379382819702
decision_type=10 2 10 10 8 10 10 8 10 10 10 2 10 10 2 10 2 8 10 10 8 2 2 10 10 10 10 2 10 2
left_child=1 2 -1 -4 6 -6 8 -8 -3 19 15 -12 13 -13 -15 16 -11 -18 -17 20 21 -2 23 -23 25 -21 -27 -28 29 -26
right_child=9 4 3 -5 5 -7 7 -9 -10 10 11 12 -14 14 -16 18 17 -19 -20 24 -22 22 -24 -25 28 26 27 -29 -30 -31
leaf_value=0 0 -8.6412166718019339e-05 0 0.00014874685633638348 0 -0.00012807805897283692 0 0.0001132698088219595 0 3.2429759798733646e-06 6.6931119948988811e-05 0 0 -0.00013917160459801046 0 0 0 -0.00012477953363087275 0.00014174808145201364 0 -8.3399833490633363e-06 0 0 0.0001305200300290119 6.2694203468470147e-05 0 -9.4031201298342681e-05 0 0 0
leaf_weight=31 113 40 27 84 133 58 29 81 50 431 24 68 214 210 25 20 44 76 51 308 141 24 142 169 239 102 314 64 5592 86
leaf_count=31 113 40 27 84 133 58 29 81 50 431 24 68 214 210 25 20 44 76 51 308 141 24 142 169 239 102 314 64 5592 86
internal_value=0 1.50645e-05 7.10562e-05 0.000111917 0 -3.57163e-05 2.3784e-05 7.90894e-05 0 -8.46884e-07 -1.57744e-05 -4.26518e-05 -5.74201e-05 -9.21271e-05 -0.000120291 0 -2.98473e-06 -6.69686e-05 8.96839e-05 8.47953e-07 2.72699e-05 4.96351e-05 7.0385e-05 0.000108298 -7.27751e-07 -2.32977e-05 -4.61653e-05 -6.79308e-05 1.43335e-06 3.70427e-05
internal_weight=8990 533 142 111 391 191 200 110 90 8457 1163 541 517 303 235 622 551 120 71 7294 589 448 335 193 6705 788 480 378 5917 325
internal_count=8990 533 142 111 391 191 200 110 90 8457 1163 541 517 303 235 622 551 120 71 7294 589 448 335 193 6705 788 480 378 5917 325
is_linear=0
shrinkage=0.05


Tree=254
num_leaves=31
num_cat=0
split_feature=322 322 202 351 34 348 281 67 273 81 47 381 382 55 335 337 50 340 235 338 9 260 265 335 383 91 49 87 231 395
split_gain=5.30987e-05 0.000279845 0.000372746 0.000408421 0.000319722 0.00026766 0.000288803 0.000222187 0.000312649 0.000506689 0.000308011 0.000245594 0.000261547 0.000255514 0.000216917 0.000243062 0.000205831 0.000171942 0.000243534 0.000221679 0.000163706 0.000177582 0.000126309 0.000205954 0.000318305 0.000306097 0.000444503 0.000373175 0.000330118 0.000251289
threshold=0.009487157466613003 0.011667850983989652 0.31100258181066093 -0.24256765551993684 0.80042989417989452 0.06415572361726446 1.84047492858694 0.72164304749426955 -0.04002162391979585 0.18617724867724902 0.85333994708994709 -0.87790437048290337 0.80617193702664902 -0.79489600874168687 0.039657322186548959 0.013673089846012601 1.0016457395009668 -0.0016052386421829498 -1.0987751351697777 -0.0006613756613760999 1.0086705001384753 -0.77601911996182638 1.0616771805637402 0.034011216717855106 0.020024158077133352 -0.8120220357860114 0.22752018946254252 0.78736772486772511 -1.3245280134075299 0.1942404660227631
decision_type=10 10 10 10 2 10 10 2 10 2 2 10 10 2 10 10 2 10 10 10 2 10 8 10 10 2 2 2 10 2
left_child=22 2 3 -2 5 6 -5 8 -3 -10 16 13 17 -9 15 -15 -11 19 -19 -13 -14 -22 23 25 -25 -1 27 28 -27 -28
right_child=1 7 -4 4 -6 -7 -8 11 9 10 -12 12 20 14 -16 -17 -18 18 -20 -21 21 -23 -24 24 -26 26 29 -29 -30 -31
leaf_value=0 0 0 0 -0.00021580481615197751 0 0 0 0 0 0.00031044660017075492 0 -9.200922878601332e-06 0 -0.00011131882274040023 0 0 0 3.7569421112955721e-07 -5.2976000283500385e-05 5.4684750019600002e-05 0 0.00010358880922656318 -1.219720065184821e-05 -3.6470466182076911e-05 9.6699592888306491e-06 0 3.0566138429816497e-05 0 6.5388735593135182e-05 -2.5533520944642178e-05
leaf_weight=2347 48 69 179 106 32 45 24 66 45 40 23 109 20 194 70 51 21 153 333 218 27 142 1071 655 612 102 301 371 984 532
leaf_count=2347 48 69 179 106 32 45 24 66 45 40 23 109 20 194 70 51 21 153 333 218 27 142 1071 655 612 102 301 371 984 532
internal_value=0 -6.98321e-06 -4.2872e-05 -8.23447e-05 -0.00011525 -0.000142389 -0.000180086 0 5.18108e-05 0.000100864 0.000175155 -4.13915e-06 4.59393e-06 -4.02215e-05 -6.31179e-05 -8.56399e-05 0.000234159 -2.04878e-06 -2.58975e-05 1.81074e-05 5.95951e-05 7.99493e-05 2.22336e-06 5.68631e-06 -1.02382e-05 1.11159e-05 2.41733e-05 4.10007e-05 5.58056e-05 0
internal_weight=8990 2015 434 255 207 175 130 1581 198 129 84 1383 1002 381 315 245 61 813 486 327 189 169 6975 5904 1267 4637 2290 1457 1086 833
internal_count=8990 2015 434 255 207 175 130 1581 198 129 84 1383 1002 381 315 245 61 813 486 327 189 169 6975 5904 1267 4637 2290 1457 1086 833
is_linear=0
shrinkage=0.05


Tree=255
num_leaves=31
num_cat=0
split_feature=203 12 373 64 329 244 398 302 261 265 285 206 386 60 23 337 382 203 366 348 384 347 333 284 20 19 259 358 323 323
split_gain=5.30957e-05 0.000149484 0.000225994 0.000228539 0.000267094 0.000256747 0.000258467 0.000169512 0.000258008 0.000188332 0.000171802 0.000158745 0.000183394 0.000189691 0.000157765 0.000200794 0.000220044 0.00011905 0.000400563 0.000302719 0.000330398 0.000287159 0.000304889 0.000262227 0.000263495 0.000476006 0.000379293 0.000147394 0.000136534 0.000338126
threshold=1.4044140229654565 0.0038029100529100007 0.0006613756613749501 0.81061882356958259 -0.019875123426711345 2.1552987819292575 -0.0056923093854765487 -0.012781535563124499 -1.0987345286855756 1.3819893382424231 0.0010172943488941501 -1.0321127068709535 -0.039420310899412392 0.48635912698412725 0.0071097883597883013 0.014761228248910551 -1.9400319061984914 0.74018093070211888 -0.1597422652657394 0.19382595257358579 -0.43099759251071351 0.032330839035516007 -0.049107142857142939 -0.00033068783068784991 1.4083306302922203 -0.15470455160463498 0.059136092062640006 0.0013564914149645502 -0.046705387546359591 -0.010052633175557249
decision_type=10 2 10 2 10 10 2 10 10 10 10 10 10 2 2 10 10 8 10 8 10 10 10 8 2 2 10 10 10 8
left_child=17 11 3 4 -3 6 -6 8 -4 10 -10 12 -2 -14 15 16 -9 28 23 20 -20 22 -22 -19 25 -25 -27 -21 -1 -30
right_child=1 2 7 -5 5 -7 -8 14 9 -11 -12 -13 13 -15 -16 -17 -18 18 19 27 21 -23 -24 24 -26 26 -28 -29 29 -31
leaf_value=1.1373001574268713e-05 0 0 0 0 0 0 0.00011584263393453329 0 0.00012044981672785208 0 0 0 0 -0.00018874426370711706 0 0 -8.8741653129348439e-05 -1.821262694076436e-05 0 0 0 0 -8.8429856410474658e-05 0 0 0 0.00020587221990733064 8.1159417471619855e-05 -6.0135360547624233e-05 0
leaf_weight=2217 21 116 50 102 21 26 262 34 124 25 21 203 24 39 107 56 205 245 131 62 30 65 550 170 103 45 81 57 250 3548
leaf_count=2217 21 116 50 102 21 26 262 34 124 25 21 203 24 39 107 56 205 245 131 62 30 65 550 170 103 45 81 57 250 3548
internal_value=0 8.93998e-06 1.9235e-05 4.33412e-05 6.06071e-05 8.49233e-05 0.000100706 0 3.4045e-05 7.27445e-05 9.72027e-05 -1.48529e-05 -7.39734e-05 -0.000120661 -2.04811e-05 -4.3682e-05 -6.6742e-05 -1.54198e-06 -1.42158e-05 -3.73159e-05 -5.07079e-05 -6.61351e-05 -7.8112e-05 1.01256e-05 4.00547e-05 6.62358e-05 0.000140495 8.0012e-06 8.69689e-07 -3.94508e-06
internal_weight=8990 1436 1149 527 425 309 283 622 220 170 145 287 84 63 402 295 239 7554 1539 895 776 645 580 644 399 296 126 119 6015 3798
internal_count=8990 1436 1149 527 425 309 283 622 220 170 145 287 84 63 402 295 239 7554 1539 895 776 645 580 644 399 296 126 119 6015 3798
is_linear=0
shrinkage=0.05


Tree=256
num_leaves=31
num_cat=0
split_feature=73 212 350 50 364 351 24 362 198 378 36 77 73 38 238 265 338 287 378 250 295 371 19 298 331 299 380 88 359 340
split_gain=5.16046e-05 0.000166381 0.000348977 0.000244759 0.000323288 0.000233123 0.000273799 0.000142803 0.000148532 0.000138696 0.000333254 0.000226017 0.000246021 0.000225807 0.000166759 0.000160975 0.000248421 0.000419436 0.000470403 0.000367801 0.000221988 0.000468786 0.00045314 0.000846667 0.000340379 0.000253137 0.000224014 0.000375766 0.000436745 0.000289407
threshold=0.90950323320320858 0.71215577499378868 0.013064678927404302 -0.69109833322914438 -0.0037944315670469498 -0.056986498193079042 0.74520502645502662 0.038690476190476601 0.95069107222346372 -1.5034309509580139 0.71709656084656104 0.22106481481481502 0.48019137685243857 -0.8733218171829128 0.91133099380516136 -0.70079859491190721 0.0016534391534389502 -0.010204435815602549 0.0010226364511962004 1.3674804411301402 0.00035676062876380005 0.53104975641167751 -0.14712433016803597 -0.0020994587271948996 0.0066820949548085009 0.035085837745837158 0.064271293142330002 0.39186507936507958 -0.043678008388884894 0.0025982768488645503
decision_type=2 10 10 2 10 10 2 8 10 10 2 2 2 2 10 10 10 10 10 10 10 10 2 10 10 10 10 2 10 10
left_child=9 -2 5 -4 -5 6 -3 8 -7 10 11 -1 13 -13 -15 16 -11 -18 -19 -20 26 22 -22 -24 25 -23 29 28 -28 -17
right_child=1 2 3 4 -6 7 -8 -9 -10 15 -12 12 -14 14 -16 20 17 18 19 -21 21 24 23 -25 -26 -27 27 -29 -30 -31
leaf_value=0 0 0 0 0 -0.00015785750139464278 0.00011379198543735149 -0.00015232156800022882 0 0 3.2861851412558461e-06 3.555499558136213e-06 0 0 -0.00019231692182517511 0 2.9413659126134726e-05 0 0 -0.00014613657013760653 0 0 -6.5644036012910858e-05 -5.6598235209532951e-06 0.00010551780685631443 4.2436664590785912e-05 0 0 0 -0.00011560878918199323 -1.0336710018405206e-05
leaf_weight=49 2298 26 24 72 112 75 44 67 38 1273 165 26 23 87 22 1006 214 125 178 25 475 266 140 492 190 164 74 463 178 599
leaf_count=49 2298 26 24 72 112 75 44 67 38 1273 165 26 23 87 22 1006 214 125 178 25 475 266 140 492 190 164 74 463 178 599
internal_value=0 -5.55036e-06 -3.30657e-05 -8.12356e-05 -0.000103842 0 -6.95106e-05 3.68154e-05 7.29031e-05 2.65987e-06 -2.48026e-05 -7.15407e-05 -0.000101382 -0.000128766 -0.000160332 5.25596e-06 -5.35661e-06 -3.48763e-05 -7.21502e-05 -0.000119163 1.1251e-05 2.48587e-05 4.4921e-05 7.29827e-05 -2.90058e-06 -3.45637e-05 0 -2.20948e-05 -7.14921e-05 1.14637e-05
internal_weight=8990 2756 458 208 184 250 70 180 113 6234 372 207 158 135 109 5862 1815 542 328 203 4047 1727 1107 632 620 430 2320 715 252 1605
internal_count=8990 2756 458 208 184 250 70 180 113 6234 372 207 158 135 109 5862 1815 542 328 203 4047 1727 1107 632 620 430 2320 715 252 1605
is_linear=0
shrinkage=0.05


Tree=257
num_leaves=31
num_cat=0
split_feature=206 219 356 353 331 388 49 264 385 25 23 351 49 351 267 240 321 324 301 347 14 319 281 49 255 211 337 88 274 222
split_gain=5.12211e-05 0.00022398 0.000259242 0.000191821 0.000287369 0.0001995 0.000100393 0.00029782 0.000330274 0.000398323 0.000506465 0.00045245 0.000294788 0.000326876 0.000333279 0.000342655 0.000467059 0.00032708 0.000242261 0.000225638 0.000477955 0.000595284 0.000364804 0.000346583 0.000322683 0.000297383 0.000510052 0.000413142 0.000294198 0.000267677
threshold=-2.4028985199068806 -0.56843846174855306 -0.050540308964137297 -0.11293595869575514 -0.016102047765247898 0.33190684004275378 -0.078863186121639034 1.1688056133231148 1.7109600669172604 0.0081018518518518028 0.0029761904761904504 -0.041540920071122395 -0.40156984967147547 0.042532048662776205 0.090146616097270815 -1.2840277341597874 -0.0098014425832986477 0.0024003791446081005 0.00066758132161695008 -0.0017311586596924498 0.0047949735449735005 -0.0058366266091075996 -1.2985612145871244 0.24034168244216106 0.854190420802171 -0.27402109535941316 0.0023140734424854001 0.16104497354497352 1.0000000180025095e-35 1.9731493801005893
decision_type=8 10 10 10 10 2 2 10 10 2 2 10 2 10 10 10 10 10 10 10 2 10 10 2 10 10 10 2 10 10
left_child=1 -1 -3 -4 -5 -6 12 19 9 -9 -11 -12 -2 14 15 -14 -17 -15 -19 25 23 -22 -23 -21 -25 28 -27 -28 -8 -30
right_child=6 2 3 4 5 -7 7 8 -10 10 11 -13 13 17 -16 16 -18 18 -20 20 21 22 -24 24 -26 26 27 -29 29 -31
leaf_value=0 2.1103666051018519e-06 0 0 0 -0.0002281979509598152 0 -1.706000028162068e-05 0 -1.3950722011047259e-06 0 0 0.00018979192002479146 0 6.7289940271556076e-05 0 0 -0.00013233597879248391 -8.6148081029429236e-05 0 3.5490030084521043e-05 0 0 0.00010270087352117511 -5.7862704631742409e-05 0 0 0 -0.00016221895103550143 8.8632874377968577e-05 0
leaf_weight=157 4612 31 24 20 58 30 278 96 76 90 52 144 46 155 371 89 252 98 34 259 232 72 366 410 231 337 53 126 169 22
leaf_count=157 4612 31 24 20 58 30 278 96 76 90 52 144 46 155 371 89 252 98 34 259 232 72 366 410 231 337 53 126 169 22
internal_value=0 -1.94211e-05 -6.46021e-05 -0.000100294 -0.000129338 -0.000169354 9.18692e-07 8.68812e-06 4.60628e-05 6.85881e-05 9.88103e-05 0.000143879 -2.33565e-06 -2.67403e-05 -4.53263e-05 -7.8587e-05 -9.75714e-05 4.93084e-06 -3.04392e-05 3.00688e-08 1.36502e-05 4.66967e-05 8.20506e-05 -5.3986e-06 -2.9722e-05 -1.66027e-05 -4.42452e-05 -0.000112964 3.15408e-06 5.87335e-05
internal_weight=8990 320 163 132 108 88 8670 3013 458 382 286 196 5657 1045 758 387 341 287 132 2555 1570 670 438 900 641 985 516 179 469 191
internal_count=8990 320 163 132 108 88 8670 3013 458 382 286 196 5657 1045 758 387 341 287 132 2555 1570 670 438 900 641 985 516 179 469 191
is_linear=0
shrinkage=0.05


Tree=258
num_leaves=31
num_cat=0
split_feature=228 320 229 91 274 9 299 277 378 229 377 60 395 54 353 276 365 388 333 374 266 394 298 276 288 347 283 246 367 30
split_gain=5.17053e-05 0.000182393 0.000190345 0.000250807 0.000229 0.000442349 0.000388352 0.00018636 0.000169952 0.000258698 0.000253962 0.000362865 0.000155808 0.000194995 0.000257167 0.000108155 0.000247324 0.000426454 0.000443521 0.000319108 0.000310809 0.00034727 0.000371926 0.00045483 0.000284662 0.000285493 0.000355993 0.00027322 0.000222383 0.000401507
threshold=-0.87407435211986473 -0.011141848626828849 -1.3666710342892199 -0.57822804894252688 -1.9385794214200132 2.1393635392312955 0.63389420795925366 1.4997557977818188 0.0056464073068490011 0.11418890696532852 0.12769139812829333 0.39203042328042309 0.17084521935528538 0.20155423280423304 0.17384541259759362 -0.20838042658644043 -0.12466931216931244 -0.032928198573151192 -0.016699735449735447 -0.18232155679395504 0.33854256859083964 -0.17074070024797319 0.0018564288166800001 -0.58099663396442591 -0.00033068783068774995 0.0056982408380808506 -0.0012024412352602497 1.2401501330421898 -0.091435185185185133 -0.38841491421648727
decision_type=10 8 10 2 10 2 10 10 10 10 10 2 2 2 10 10 10 2 10 10 10 2 10 10 10 10 10 10 10 2
left_child=1 8 7 -4 -5 6 -6 -3 9 10 11 -1 13 -10 -15 16 17 18 -2 -20 24 22 23 -22 25 26 -18 -21 -17 -30
right_child=15 2 3 4 5 -7 -8 -9 12 -11 -12 -13 -14 14 -16 28 20 -19 19 27 21 -23 -24 -25 -26 -27 -28 -29 29 -31
leaf_value=0 0 -1.2032800995609174e-06 0 0 -0.00012354656836254552 0 0 7.1645640543937779e-05 0 0 0 0.00016282943670750105 2.2460468134957286e-06 -0.00016927151016565655 0 1.4335467631814711e-05 0.00012076234810359573 6.1606128183750582e-06 0 0.00019290389644673861 -0.00017685920808652609 0 0 0 -1.3951763753140042e-06 0 0 0 0 -5.0507427785890725e-05
leaf_weight=43 39 393 698 85 275 162 30 91 26 196 42 102 211 53 25 1236 177 793 28 122 110 431 46 70 450 151 134 27 2228 516
leaf_count=43 39 393 698 85 275 162 30 91 26 196 42 102 211 53 25 1236 177 793 28 122 110 431 46 70 450 151 134 27 2228 516
internal_value=0 -6.05518e-06 -1.60951e-05 -2.71693e-05 -5.29822e-05 -6.74061e-05 -0.000102863 2.17705e-06 1.17227e-05 3.67786e-05 7.89073e-05 0.000111374 -2.87607e-06 -6.1291e-05 -0.000106061 2.47245e-06 1.07802e-05 3.01602e-05 9.50888e-05 0.000131506 0 -2.78257e-05 -7.80385e-05 -0.000113173 1.71494e-05 4.60288e-05 7.37646e-05 0.00016091 -1.65266e-06 -1.06767e-05
internal_weight=8990 2432 1734 1250 552 467 305 484 698 383 187 145 315 104 78 6558 2578 1009 216 177 1569 657 226 180 912 462 311 149 3980 2744
internal_count=8990 2432 1734 1250 552 467 305 484 698 383 187 145 315 104 78 6558 2578 1009 216 177 1569 657 226 180 912 462 311 149 3980 2744
is_linear=0
shrinkage=0.05


Tree=259
num_leaves=31
num_cat=0
split_feature=86 86 91 202 237 369 215 383 374 340 336 19 291 392 325 361 60 251 398 80 80 251 398 361 79 314 218 62 17 345
split_gain=5.14465e-05 0.000163474 0.000313986 0.000277022 0.000107003 0.00015016 8.15757e-05 0.000206081 0.000343313 0.000338108 0.000527237 0.000332913 0.000363304 0.000208511 0.000181904 0.000240776 0.00021293 0.000169973 0.00021046 0.000189012 0.000240404 0.000314456 0.000247047 0.000237337 0.00039526 0.000142827 0.00019302 8.58029e-05 4.39924e-05 9.84619e-05
threshold=0.0056216931216930511 0.014880952380952351 0.41457730832960205 0.26955159646262572 0.93066058138488372 0.16237602906455853 -0.82981903191915785 -0.097877368238244791 -0.087011376989632946 -0.010407651983385998 -0.010582010582009948 0.10350993189040351 -0.13353139262451066 0.94441999522751163 -0.018904405016220347 -0.00021107064471694999 0.92410714285714313 1.4170298370608381 -0.0011017591777782497 0.85995370370370339 0.21726190476190502 0.2721621025099053 0.00081652491878745021 0.00057579359921095007 0.54679672507097365 -0.014715227682708798 -1.3933969761113933 0.48859126984127005 -0.34915135380666423 -0.006613756613756799
decision_type=2 2 2 10 10 10 8 10 10 10 10 2 10 2 10 10 2 10 2 2 2 10 2 10 2 10 10 2 2 10
left_child=4 2 -2 -4 5 -1 7 14 9 -9 -11 13 -13 -10 -3 -16 -17 19 25 20 22 -22 -8 24 -21 -19 -27 -25 29 -20
right_child=1 6 3 -5 -6 -7 17 8 11 10 -12 12 -14 -15 15 16 -18 18 28 23 21 -23 -24 27 -26 26 -28 -29 -30 -31
leaf_value=-0.00011917365865376063 0 0 0.00018863090815313298 0 0 0 -8.1071524437858734e-06 0 8.2666814104841192e-06 0 -0.00016712069050915434 -2.0907677339006279e-05 6.7881298686602859e-05 -3.0387593653429762e-05 0 7.443586016736316e-05 0 0 0 8.9892297002366385e-05 -4.4111138354648689e-06 -4.5773966180845694e-05 3.0647432461106815e-05 0 0 0 0.00012128668944888517 -3.5748971026740966e-05 1.4167830901826211e-05 -5.8244044781677308e-05
leaf_weight=54 71 280 53 21 44 23 1807 35 630 46 107 61 370 560 194 403 31 34 31 213 1576 918 531 138 192 35 110 176 150 96
leaf_count=54 71 280 53 21 44 23 1807 35 630 46 107 61 370 560 194 403 31 34 31 213 1576 918 531 138 192 35 110 176 150 96
internal_value=0 5.9845e-07 5.32773e-05 0.000127089 -3.21844e-05 -7.13905e-05 0 6.8994e-06 -2.45819e-07 -6.63417e-05 -0.000104539 4.33912e-06 4.37147e-05 -5.72326e-06 2.66392e-05 4.18333e-05 6.25999e-05 -3.52403e-06 2.35919e-05 -6.65263e-06 -1.0834e-05 -2.1642e-05 0 1.44926e-05 4.25615e-05 6.59935e-05 8.85238e-05 -5.79458e-06 0 -2.50651e-05
internal_weight=8990 8869 145 74 121 77 8724 2717 1809 188 153 1621 431 1190 908 628 434 6007 456 5551 4832 2494 2338 719 405 179 145 314 277 127
internal_count=8990 8869 145 74 121 77 8724 2717 1809 188 153 1621 431 1190 908 628 434 6007 456 5551 4832 2494 2338 719 405 179 145 314 277 127
is_linear=0
shrinkage=0.05


Tree=260
num_leaves=31
num_cat=0
split_feature=398 51 376 79 320 76 32 57 290 341 87 339 298 273 242 342 374 229 32 347 278 201 19 254 227 372 85 251 235 48
split_gain=4.89273e-05 0.000198293 0.000232735 0.000522196 0.00028334 0.000298321 0.000281388 0.000205227 0.000347954 0.000287577 0.000188145 0.000272429 0.000317055 0.000298202 0.00032086 0.000290955 0.00024565 0.000298718 0.000244817 0.000198106 0.000385306 0.00030309 0.000349348 0.00035216 0.000272705 0.000257624 0.000347436 0.000507561 0.000251807 0.000243602
threshold=-0.00137583899896425 0.69768329245007266 0.0034787548679339505 0.018973345006377054 0.022394842374589306 -0.64171739832990338 0.8331679894179892 0.083965059649379864 -0.00033068783068784991 0.0072751322751326009 0.13458994708994701 0.0095430908682566009 0.0019738401854749003 0.030496882762090203 1.7217644153585769 -0.023881740517502848 0.14748035678146018 -1.5407580721204333 0.7768683862433855 0.0023597539952699502 1.7217644153585583 -0.93952596058681992 -0.37331126689686145 -1.0192406086288475 -0.070976818842469938 -0.010923543075102248 -0.17407548520587299 1.1795329814219397 0.29958681947335947 1.3736961108121453
decision_type=2 2 10 2 10 2 2 2 10 10 2 10 10 10 10 10 10 10 2 8 10 10 2 10 10 10 2 10 10 2
left_child=1 2 3 4 5 -1 -7 9 -9 -4 11 12 15 -13 18 -2 17 -17 -15 20 25 -22 -23 -24 28 29 -27 -28 -21 -12
right_child=10 -3 7 -5 -6 6 -8 8 -10 -11 19 13 -14 14 -16 16 -18 -19 -20 24 21 22 23 -25 -26 26 27 -29 -30 -31
leaf_value=0 0 -3.3419628999894502e-06 -0.00015624285654150692 0 0 0.00019345186046937203 0 8.1056457073474045e-05 -1.1791843931639448e-06 0 0 -1.5782924620032166e-05 8.1277991527692692e-06 0.0002145924888528634 0 0 0 -0.00011280904934450683 0 5.9386504828078656e-05 0 0 0 -0.00015431354373597606 0 -2.222269352323623e-06 6.4684645409225554e-05 -3.5012668808109219e-05 0 -7.4970365075550623e-05
leaf_weight=32 129 1735 48 403 24 123 34 141 460 20 131 160 75 46 30 50 38 319 24 484 50 60 40 150 843 2292 493 101 243 212
leaf_count=32 129 1735 48 403 24 123 34 141 460 20 131 160 75 46 30 50 38 319 24 484 50 60 40 150 843 2292 493 101 243 212
internal_value=0 5.32205e-06 2.09102e-05 4.30861e-05 0.000107207 0.00012922 0.000157628 0 9.80623e-06 -8.17634e-05 -2.48196e-06 -2.41218e-05 -4.40326e-05 3.44427e-06 8.41429e-05 -6.0658e-05 -8.14374e-05 -9.47559e-05 0.000146809 2.3435e-07 -5.31039e-06 -5.951e-05 -8.53178e-05 -0.000119041 1.58817e-05 0 4.59532e-06 3.93136e-05 3.85008e-05 -4.12256e-05
internal_weight=8990 3020 1285 616 213 189 157 669 601 68 5970 871 611 260 100 536 407 369 70 5099 3529 300 250 190 1570 3229 2886 594 727 343
internal_count=8990 3020 1285 616 213 189 157 669 601 68 5970 871 611 260 100 536 407 369 70 5099 3529 300 250 190 1570 3229 2886 594 727 343
is_linear=0
shrinkage=0.05


Tree=261
num_leaves=31
num_cat=0
split_feature=248 383 58 85 372 399 336 248 56 333 254 273 388 354 374 390 394 19 287 368 265 375 386 209 86 344 69 350 383 40
split_gain=4.662e-05 0.000253509 0.000393893 0.000307452 0.00041202 0.000330558 0.000387545 0.000158579 0.000422775 0.000382769 0.000325634 0.000303053 0.000318794 0.000347387 0.000253079 0.000334342 0.000363134 0.000226097 0.000470976 0.000377734 0.000173896 0.000417211 0.000243508 0.000290461 0.000405529 0.000158124 0.000275039 0.000247319 0.000224777 0.000180736
threshold=-1.3255311165581316 0.0087419951463357012 1.9048618078884452 -0.66454894583913393 0.026868886570745005 -0.99013425337517014 0.012648809523810001 -0.52388554708184698 0.35664682539682507 1.0000000180025095e-35 0.53453802574643594 -0.99454215010726921 0.24240542072416368 0.14984707170841907 0.13951200485433188 7.6285319168442616 -0.10837419587151868 0.070098091540311921 -0.066765696312255984 0.34552498463831377 -0.73872920413894361 -0.0096795846491856494 0.13433752118199568 1.6896468922392132 0.85532407407407474 0.046991953396181056 -0.31184615838124946 0.031843191164412608 0.54927465685918198 1.2144788862024851
decision_type=10 10 2 2 10 2 10 10 2 10 10 10 2 10 10 2 2 2 10 10 10 10 10 10 2 10 2 10 10 2
left_child=1 -1 3 -3 5 -5 -7 8 9 17 11 -10 13 -13 15 16 -11 -2 -19 -20 21 22 23 24 -9 29 27 28 -27 -22
right_child=7 2 -4 4 -6 6 -8 20 10 14 -12 12 -14 -15 -16 -17 -18 18 19 -21 25 -23 -24 -25 -26 26 -28 -29 -30 -31
leaf_value=3.7920656016042866e-06 0 0 0 0 0 -0.00024814852086449114 0 -0.000126641671910815 0 -0.00013734921016403956 0 0.00011380194273540842 0 0 0 0 0 0 0.00017246959881138588 0 1.0782681638323163e-06 0 0 0 0 -0.00017400698134211902 0 0 0 5.0685475794369256e-05
leaf_weight=688 290 109 184 26 34 86 24 239 123 170 255 361 61 36 63 90 29 81 95 20 4754 504 40 38 56 72 151 83 21 207
leaf_count=688 290 109 184 26 34 86 24 239 123 170 255 361 61 36 63 90 29 81 95 20 4754 504 40 38 56 72 151 83 21 207
internal_value=0 -9.28761e-06 -3.95169e-05 -7.82261e-05 -0.000120662 -0.000160514 -0.000198381 1.48369e-06 1.54546e-05 -4.5562e-06 4.14916e-05 6.22732e-05 8.10743e-05 9.79273e-05 -4.86254e-05 -7.11912e-05 -0.000107505 1.70797e-05 6.00462e-05 0.000127955 -1.49905e-06 -2.24723e-05 -6.31091e-05 -7.93008e-05 -9.77706e-05 1.03415e-06 -3.1044e-05 -7.54631e-05 -0.000131958 4.15697e-06
internal_weight=8990 1151 463 279 170 136 110 7839 1674 838 836 581 458 397 352 289 199 486 196 115 6165 877 373 333 295 5288 327 176 93 4961
internal_count=8990 1151 463 279 170 136 110 7839 1674 838 836 581 458 397 352 289 199 486 196 115 6165 877 373 333 295 5288 327 176 93 4961
is_linear=0
shrinkage=0.05


Tree=262
num_leaves=31
num_cat=0
split_feature=36 350 36 392 234 201 393 261 355 323 64 302 27 274 208 220 332 242 329 370 331 225 298 374 209 215 65 297 381 68
split_gain=4.77326e-05 0.00014533 0.000126403 0.000171646 0.000187154 0.000214401 9.34041e-05 0.000129599 0.000110256 8.64105e-05 0.00019317 0.000302604 0.000426565 0.000370738 0.00016335 0.000262709 0.000450949 0.000373265 0.0002237 0.000289432 0.00023529 0.000151749 0.000258471 0.000166699 0.000228452 0.000220581 0.000166638 0.000102057 0.000118477 0.000101096
threshold=0.99785052910052918 -0.0031670511190059997 0.98908730158730152 1.0949277602612331 1.8007058189941139 -0.74681720651463768 1.140646140418591 0.69295042207625535 0.065810915706562015 -1.0038028354174149 0.22881520629315302 0.057322148297896856 -1.5626003816081149 1.0169827511572718 -1.2900630152703891 -2.1163517999547605 0.0050741024631810504 -1.0741124916096036 -0.025438478901794997 -0.15172843550683099 -0.16904566994236517 2.109289384514089 0.00017886584459145003 -0.0033134560129413995 1.1621551553594784 1.3679014164298222 -0.55152249192905944 -0.0021160312274349498 -1.5079307863871108 0.8981481481481487
decision_type=2 10 2 2 10 10 2 10 10 8 2 10 2 10 8 10 10 10 10 10 10 10 10 8 10 10 2 8 10 2
left_child=2 -2 9 -4 5 -5 7 8 -3 10 11 12 -1 -14 15 16 17 -11 19 -17 -20 23 26 24 -16 -25 -23 -12 -29 -30
right_child=1 6 3 4 -6 -7 -8 -9 -10 14 27 -13 13 -15 21 18 -18 -19 20 -21 -22 22 -24 25 -26 -27 -28 28 29 -31
leaf_value=2.8435585415388774e-05 0 0.00011394359417448883 0 0 0 -0.00013868634661504464 0 0 0 0 0 0 -0.00010673255823477968 0 -2.4450705958885793e-05 0 0 0.00025965825804441544 -9.2928413621011887e-05 9.7659801144978965e-05 4.1574406476183984e-06 0 0 1.2395185656172529e-06 1.0890385469533879e-05 4.1124064734479063e-05 -0.00011773414981872311 0 0.00010627808503937734 0
leaf_weight=35 155 101 217 22 22 91 66 45 29 21 20 199 293 52 1258 26 59 46 66 140 1007 20 123 3731 489 428 104 21 75 29
leaf_count=35 155 101 217 22 22 91 66 45 29 21 20 199 293 52 1258 26 59 46 66 140 1007 20 123 3731 489 428 104 21 75 29
internal_value=0 1.7122e-05 -6.11181e-07 -3.01093e-05 -7.44245e-05 -0.000103698 4.45935e-05 6.381e-05 8.92774e-05 4.23379e-08 -1.57148e-05 -3.2656e-05 -6.01251e-05 -8.36037e-05 2.22504e-06 1.80394e-05 9.11482e-05 0.00018004 6.56265e-06 6.07308e-05 0 -4.70902e-07 -3.92252e-05 3.03929e-07 -1.16965e-05 6.54708e-06 -9.09423e-05 1.745e-05 4.89152e-05 7.56348e-05
internal_weight=8990 396 8594 352 135 113 241 175 130 8242 724 579 380 345 7518 1365 126 67 1239 166 1073 6153 247 5906 1747 4159 124 145 125 104
internal_count=8990 396 8594 352 135 113 241 175 130 8242 724 579 380 345 7518 1365 126 67 1239 166 1073 6153 247 5906 1747 4159 124 145 125 104
is_linear=0
shrinkage=0.05


Tree=263
num_leaves=31
num_cat=0
split_feature=238 313 377 238 47 246 341 364 40 344 371 296 222 374 201 283 336 55 75 355 310 385 265 370 29 43 77 398 322 201
split_gain=4.82076e-05 0.00016783 0.000185304 0.000162879 0.000204242 0.000251274 0.000153124 0.000212854 0.000122886 0.000226393 0.000391845 0.000733071 0.000457695 0.000191937 0.000190148 0.000168247 0.000365206 0.000417917 0.000256426 0.000169365 0.000167853 0.000145186 0.000135017 0.000349554 0.000343283 0.000357735 0.000209998 0.000204891 0.000246186 0.000190585
threshold=0.95694303027187766 0.0032705855195040508 0.025935977355688502 0.78754117310466432 0.75380291005291011 -1.1883585672558328 0.0079365079365079517 -0.067977369284879935 0.21617581330747407 0.00065389902167285014 0.84201573112792572 7.4860897496975567e-05 -2.2425540289894736 0.0094526676031940014 -0.0097509124995468471 -0.0014634956087341998 -0.0026455026455031497 -0.53363861457856443 0.46130952380952406 0.076019035708555463 -0.00059774716238444989 1.5178949320129094 1.3108613167886924 0.042444590343921458 0.58895502645502662 -0.69295005535591081 0.34871031746031755 -0.0011461743714061498 -0.012702609603328748 -0.32290750008577185
decision_type=8 10 10 10 2 10 10 10 2 10 10 10 10 10 10 10 10 2 2 10 10 10 10 10 2 2 2 2 10 10
left_child=3 -2 -3 8 -5 -6 7 -4 22 15 11 -11 -13 21 -15 16 20 -18 19 -17 -10 -12 26 24 -24 -26 27 29 -29 -1
right_child=1 2 6 4 5 -7 -8 -9 9 10 13 12 -14 14 -16 18 17 -19 -20 -21 -22 -23 23 -25 25 -27 -28 28 -30 -31
leaf_value=-1.5213354929586562e-05 0 0 0 0 0.00019307558809065827 0 0 -0.00018890474605279327 7.2849130429215571e-05 0 -6.0748997472182517e-06 0 0.00013848373347363294 -0.00013821968061425132 0 6.6555479016143932e-05 0 -0.00017356356463312623 -5.1227430792179011e-06 0 -1.9212847578807383e-05 6.3206561081076285e-05 0 1.3077754147649484e-05 -0.00011788878599528299 0 6.2908260785080003e-06 0 -4.7320506308439931e-05 3.7414972452116639e-05
leaf_weight=443 1101 61 40 187 42 112 25 53 75 253 86 29 248 50 22 250 98 77 475 34 57 90 119 177 216 84 3336 204 679 267
leaf_count=443 1101 61 40 187 42 112 25 53 75 253 86 29 248 50 22 250 98 77 475 34 57 90 119 177 216 84 3336 204 679 267
internal_value=0 -8.70926e-06 -5.37105e-05 1.74294e-06 3.55309e-05 7.8153e-05 -9.10904e-05 -0.000120985 0 1.13507e-05 3.21363e-05 5.79647e-05 0.000114199 -2.90954e-06 -8.17437e-05 0 -3.44646e-05 -8.54254e-05 8.57686e-06 4.90831e-05 0 9.75936e-07 -3.54984e-06 -2.61353e-05 -5.46297e-05 -8.38305e-05 0 -1.57057e-05 -3.2016e-05 0
internal_weight=8990 1280 179 7710 341 154 118 93 7369 1844 778 530 277 248 72 1066 307 175 759 284 132 176 5525 596 419 300 4929 1593 883 710
internal_count=8990 1280 179 7710 341 154 118 93 7369 1844 778 530 277 248 72 1066 307 175 759 284 132 176 5525 596 419 300 4929 1593 883 710
is_linear=0
shrinkage=0.05


Tree=264
num_leaves=31
num_cat=0
split_feature=208 17 369 237 367 380 359 9 287 252 324 248 352 266 312 229 18 399 206 65 248 91 254 311 220 333 383 19 263 376
split_gain=4.60902e-05 0.000106001 0.000134745 0.000179488 0.000185819 7.46595e-05 0.000185604 0.000235746 0.000286623 0.000207497 0.000173807 0.000126981 0.000229154 0.000299151 0.000287576 0.000329791 0.000335975 0.000289245 0.000200515 0.000252117 0.000163386 0.000347846 0.000331205 0.000345587 0.000186925 0.000303806 0.000314694 0.00026342 0.0003426 0.000222665
threshold=2.0164347879970266 -0.92632783059856438 -0.10711667989042885 0.23242341232158539 0.22222222222222252 -0.18344885073933712 0.024264979623444451 1.6494884861223851 -0.084295681991021928 0.13617077961764953 0.26464674200378097 0.84648962905799718 -0.026927786714553845 -0.30368322289840061 0.0021353865469933004 -1.5407580721204333 -1.4652310804373743 -0.82240271588184999 1.8650952295118419 -0.47452467090170497 0.29794543431973214 0.54743052253830016 -0.64344900807083671 0.00033068783068695003 -0.5425429150404143 -0.0013227513227504499 -0.097877368238244791 0.10350993189040351 0.41106974757259179 0.011019914217861951
decision_type=10 2 10 10 10 10 10 2 10 10 10 10 10 10 10 10 2 2 10 2 10 2 10 10 10 10 10 2 10 10
left_child=5 -2 -3 4 -4 6 7 8 -1 10 -10 20 13 -13 15 -14 -17 -16 19 -15 24 -22 -23 -24 25 26 -7 -26 -29 -27
right_child=1 2 3 -5 -6 11 -8 -9 9 -11 -12 12 14 18 17 16 -18 -19 -20 -21 21 22 23 -25 27 29 -28 28 -30 -31
leaf_value=0 0 0 -0.00012857685206375366 0 0 0 0 0 0.00014482399432045427 0 0 -1.6952947814422752e-05 9.1425181532762753e-06 0 -1.4217613507414777e-05 0 -6.6399358084660908e-05 7.8277179965049776e-05 0 0.00010497844227636 0 0 0.0001569327780507287 0 -1.6153338148108253e-07 2.1849918493673643e-05 -7.5858902852523501e-05 0 7.8451542508111213e-05 -3.3587992675859931e-05
leaf_weight=76 104 114 98 38 46 162 671 344 139 87 29 221 121 30 164 126 719 114 49 169 670 104 122 38 2678 504 336 378 259 280
leaf_count=76 104 114 98 38 46 162 671 344 139 87 29 221 121 30 164 126 719 114 49 169 670 104 122 38 2678 504 336 378 259 280
internal_value=0 -1.63272e-05 -3.54286e-05 -6.23766e-05 -8.96149e-05 9.98694e-07 1.20139e-05 3.12268e-05 6.1386e-05 8.77486e-05 0.000121535 -3.57953e-07 -1.28105e-05 1.00784e-05 -2.5459e-05 -3.96147e-05 -5.25133e-05 5.74727e-06 5.43171e-05 7.87033e-05 2.5949e-06 2.1838e-05 7.05656e-05 0.000115698 -2.27575e-07 -1.73931e-05 -4.79949e-05 4.90287e-06 3.40388e-05 0
internal_weight=8990 400 296 182 144 8590 1346 675 331 255 168 7244 1713 469 1244 966 845 278 248 199 5531 934 264 160 4597 1282 498 3315 637 784
internal_count=8990 400 296 182 144 8590 1346 675 331 255 168 7244 1713 469 1244 966 845 278 248 199 5531 934 264 160 4597 1282 498 3315 637 784
is_linear=0
shrinkage=0.05


Tree=265
num_leaves=31
num_cat=0
split_feature=322 322 344 302 356 241 364 378 93 390 334 376 251 227 302 232 273 302 77 275 46 371 87 381 58 253 370 215 353 265
split_gain=4.74486e-05 0.000235569 0.000318537 0.000346973 0.000555963 0.000323166 0.000225815 0.000183711 0.000223041 0.000185521 0.000184092 0.000314969 0.000268763 0.000267277 0.00031579 0.000399676 0.000203965 0.000393807 0.000192578 0.000148328 0.000257099 0.000146736 0.000130884 0.000137096 0.000160633 0.000136761 0.000118093 0.0001431 0.000149896 0.000129775
threshold=0.009487157466613003 0.011667850983989652 1.0000000180025095e-35 0.015443486545744451 0.016828063970909454 -1.2717212594695193 0.042744150197295008 -0.73670552776402332 0.53319441451776362 2.6673631301836447 -0.00066412091271534984 0.011019914217861951 -0.48597814284098245 0.23099138774895275 0.10405987431957016 1.3091908612308023 -0.081647145345399783 -0.089763611741635982 0.21246693121693103 0.24501711150791319 0.017361111111111101 0.57007038677222599 0.2786044973544971 -0.032232069275096642 2.1698490760801405 -0.80043772854240403 0.30779980946359337 -0.40321533494442235 0.041585867228421808 1.0488305588770201
decision_type=10 10 10 10 10 10 10 10 2 2 10 10 10 10 10 10 10 10 2 10 2 10 2 10 2 10 8 8 10 8
left_child=26 2 3 4 5 -2 -7 8 -3 21 11 16 -13 14 15 -12 -9 -18 -14 20 -15 -10 25 24 -24 -4 29 28 -28 -1
right_child=1 7 22 -5 -6 6 -8 10 9 -11 13 12 18 19 -16 -17 17 -19 -20 -21 -22 -23 23 -25 -26 -27 27 -29 -30 -31
leaf_value=3.9506893827138336e-06 0 0 0 0 0 -0.0002820720839154433 0 -1.4609433185242103e-06 -0.00017139145274380264 0 9.5269527178046197e-05 0 0 -0.00013300024953485139 -8.3747157543684948e-08 0 0 0.00010241136726388226 -0.00011303606906347695 3.8458085817164007e-05 0 0 -0.00014452759754444346 0 0 0.00011970517993337429 0.00012765357924447783 0 0 -1.4980859074143672e-05
leaf_weight=5703 30 88 24 86 37 64 25 148 59 31 332 104 30 50 52 84 53 152 145 86 143 24 38 67 20 43 65 131 25 1051
leaf_count=5703 30 88 24 86 37 64 25 148 59 31 332 104 30 50 52 84 53 152 145 86 143 24 38 67 20 43 65 131 25 1051
internal_value=0 -6.49619e-06 -3.94024e-05 -7.79302e-05 -0.000122376 -0.000176914 -0.000225619 0 -4.14851e-05 -8.90804e-05 8.9901e-06 -4.75882e-06 -5.01024e-05 2.7314e-05 5.11681e-05 6.95895e-05 1.69231e-05 5.45681e-05 -8.85352e-05 0 -3.55089e-05 -0.000128362 0 -2.02933e-05 -8.23764e-05 6.40989e-05 2.19426e-06 3.85364e-05 8.72628e-05 2.64254e-07
internal_weight=8990 2015 434 242 156 119 89 1581 202 114 1379 632 279 747 468 416 353 205 175 279 193 83 192 125 58 67 6975 221 90 6754
internal_count=8990 2015 434 242 156 119 89 1581 202 114 1379 632 279 747 468 416 353 205 175 279 193 83 192 125 58 67 6975 221 90 6754
is_linear=0
shrinkage=0.05


Tree=266
num_leaves=31
num_cat=0
split_feature=397 366 227 38 374 251 19 67 19 50 279 384 350 80 331 76 30 378 62 88 199 359 227 326 49 279 246 49 302 32
split_gain=4.64991e-05 0.000184371 0.00020479 0.00016265 0.00020956 0.000308797 0.000202249 0.000105412 0.000145969 9.74662e-05 0.000193251 0.000230793 0.000317187 0.0004222 0.00029688 0.000106894 0.000238389 0.000250033 0.000231295 0.000254932 0.000385463 0.00037678 0.00020546 0.000215978 0.000189885 0.000357298 0.000458612 0.000204426 0.000461155 0.000181617
threshold=-0.46366599580580997 0.23229282373752097 0.061199170551601158 -0.76040550599706136 -0.11545057265495388 -1.0745638187325905 0.0098503396193730507 1.4921818714312702 -0.30898506311264345 1.1240699184160701 0.52851908878386922 -0.94508618864868177 -0.099359024756027883 0.088955026455026467 0.016466764448761204 0.15781922366796705 -1.6124072002135248 0.0031858100750207004 0.07390873015873016 0.48346560846560854 0.47620699037147302 -0.016864933926834896 1.7373712758984883 -0.24669025195663943 -0.086771560440960141 -0.86614471692743122 -1.9269833634593416 -0.33690853801591197 -0.032518826520288993 0.068287037037037063
decision_type=2 10 10 2 10 10 2 2 2 2 10 10 10 2 10 2 2 10 2 2 10 10 10 10 2 10 10 2 10 2
left_child=1 2 3 -1 -5 -6 -7 8 -3 15 -11 -12 -13 -14 -15 18 17 22 19 20 21 -2 23 -17 27 -26 -27 -18 -29 -20
right_child=9 7 -4 4 5 6 -8 -9 -10 10 11 12 13 14 -16 16 24 -19 29 -21 -22 -23 -24 -25 25 26 -28 28 -30 -31
leaf_value=0 0 0 0 0 0 0 0.00021543824610040634 0 -0.00012843649740913821 0 0 0 0 -0.0001818408186399204 0 0 0 0 4.5353913955957036e-05 0 0 -0.00019935567772958303 0 0.00013163675599033747 -4.4074457321334351e-05 0 7.0919045037212149e-05 0 -0.00012269269939023717 -2.6826500943507735e-06
leaf_weight=141 26 21 351 38 31 66 70 327 40 365 41 48 54 118 26 32 808 196 205 169 76 80 32 143 117 278 423 79 121 4468
leaf_count=141 26 21 351 38 31 66 70 327 40 365 41 48 54 118 26 32 808 196 205 169 76 80 32 143 117 278 423 79 121 4468
internal_value=0 9.86441e-06 2.76638e-05 5.49607e-05 8.4142e-05 0.000108743 0.000142094 -9.22593e-06 -6.96688e-05 -1.16127e-06 -1.97487e-05 -5.06816e-05 -7.30826e-05 -0.000103141 -0.000148153 0 9.59034e-06 4.45767e-05 -3.51897e-06 -4.27098e-05 -8.37671e-05 -0.000145347 8.29814e-05 0.000105251 0 1.96437e-05 3.7415e-05 -1.25598e-05 -5.78687e-05 0
internal_weight=8990 1085 697 346 205 167 136 388 61 7905 652 287 246 198 144 7253 2229 403 5024 351 182 106 207 175 1826 818 701 1008 200 4673
internal_count=8990 1085 697 346 205 167 136 388 61 7905 652 287 246 198 144 7253 2229 403 5024 351 182 106 207 175 1826 818 701 1008 200 4673
is_linear=0
shrinkage=0.05


Tree=267
num_leaves=31
num_cat=0
split_feature=353 302 306 317 77 222 19 393 335 378 220 257 346 58 217 343 48 254 383 197 399 379 386 48 268 23 65 274 60 19
split_gain=4.61061e-05 0.000218071 0.000223514 0.000208168 0.000170499 0.000290039 0.000268075 0.000203838 0.000189964 0.000287308 0.000202153 0.000172453 0.000228669 0.000259417 0.000151823 0.000178187 0.000111343 0.000215715 0.000139813 0.000178206 0.000135273 0.000420243 0.000451237 0.000416601 0.000265163 0.000201713 0.000172121 0.000132497 0.00023575 0.000347892
threshold=0.17384541259759362 -0.018058589383373947 -0.00075987856570844988 -0.068199974502990382 0.35598544973545004 -0.28760419686138422 -0.99415749527153485 -0.93023751331945503 0.012076607024902552 -0.0068127220839025995 1.4561161362035082 1.7815120441557981 -0.0033090731237423493 2.2639965395946753 0.87468045957029739 0.012235449735449952 1.5117874714062551 -1.2253463509513602 0.25791428026326851 -0.14976530138363739 -0.58012044163025966 -0.030193377303276595 -0.14240027461941232 1.7637692976153403 -0.17029863308107462 0.0061177248677248006 -0.35176614873750495 0.56657431145887804 0.33118386243386255 -0.15470455160463498
decision_type=8 10 8 10 2 10 2 2 10 10 10 10 10 2 10 10 2 10 10 10 2 10 10 2 10 2 2 10 2 2
left_child=16 2 3 -2 7 8 -7 11 9 -6 -11 12 -3 -14 15 -8 27 20 19 -19 21 25 -23 -24 -22 -18 -27 -1 -29 -30
right_child=1 4 -4 -5 5 6 14 -9 -10 10 -12 -13 13 -15 -16 -17 17 18 -20 -21 24 22 23 -25 -26 26 -28 28 29 -31
leaf_value=-3.3711812229540766e-06 0 0 0 0.00014174362996875167 0 0 0.00015040724373767146 0 1.6709171539884001e-05 -0.00017075783282660098 0 0 -0.00018579645208355026 0 0 0 0 -0.00020370494286694069 0 0 0 0 0 0.00022806299295057366 -0.00012306630509578974 0 -0.00017305789945657791 -1.2488001335802349e-06 3.4153719431716537e-06 8.1111644611163157e-05
leaf_weight=5549 23 20 220 86 74 47 100 114 86 58 26 23 73 22 36 21 69 39 21 38 75 94 27 59 64 20 37 918 690 261
leaf_count=5549 23 20 220 86 74 47 100 114 86 58 26 23 73 22 36 21 69 39 21 38 75 94 27 59 64 20 37 918 690 261
internal_value=0 1.01239e-05 4.44642e-05 0.000105288 0 1.19278e-05 6.13934e-05 -3.79196e-05 -8.95341e-06 -5.45489e-05 -0.000118889 -7.94664e-05 -0.000106407 -0.00014041 9.57224e-05 0.00012256 -1.1089e-06 -2.30339e-05 -9.18401e-05 -0.000123554 0 9.94525e-06 7.0862e-05 0.000153641 -4.70485e-05 -3.74148e-05 -0.000109193 0 1.19783e-05 3.00023e-05
internal_weight=8990 1029 329 109 700 448 204 252 244 158 84 138 115 95 157 121 7961 543 98 77 445 306 180 86 139 126 57 7418 1869 951
internal_count=8990 1029 329 109 700 448 204 252 244 158 84 138 115 95 157 121 7961 543 98 77 445 306 180 86 139 126 57 7418 1869 951
is_linear=0
shrinkage=0.05


Tree=268
num_leaves=31
num_cat=0
split_feature=385 277 337 375 211 223 275 346 261 354 263 323 76 277 277 47 364 275 378 273 379 259 379 338 392 275 323 299 381 251
split_gain=4.65943e-05 0.00017998 0.000186397 0.000135751 0.000244817 0.000298519 0.000230913 0.000218833 0.00022828 0.000157964 0.000218937 0.000337291 0.000298118 0.000178509 0.000266545 0.000304292 0.000313795 0.00024919 0.000279095 0.000489975 0.000221336 0.000237146 0.000210515 0.000187894 0.000263113 0.000215227 0.000145829 0.000107608 0.000192435 0.000105726
threshold=-1.7233832620203959 -0.71122083167899153 0.014761228248910551 -0.3847819553223622 0.3781190488541108 1.0819455125459803 1.3965612344929599 0.042074177590117959 1.1914374038290545 0.34902891260801711 -0.10798347696032563 -0.098661879141550377 -0.22563675029608246 -1.065776406952373 -0.84291273714241532 0.4027777777777784 0.033241033589105913 -0.19959812381285938 -0.63752590116718777 -0.11298615892774064 -0.29051617067923624 -0.13083338065601594 0.00079040837878995007 -0.00033068783068759995 1.0017439968883408 0.37668841922251101 -0.32278988536002329 0.47574429026551296 1.8150386806381278 -0.37592950291947635
decision_type=8 10 10 10 8 10 10 10 10 10 10 10 2 10 10 2 10 10 10 10 10 10 10 10 2 10 8 10 8 10
left_child=1 2 -1 4 5 6 7 8 -2 13 -11 -12 -13 17 15 -15 -17 18 -5 -20 21 -19 -22 25 -25 -16 -6 28 -28 -3
right_child=3 29 -4 9 26 -7 -8 -9 -10 10 11 12 -14 14 23 16 -18 20 19 -21 22 -23 -24 24 -26 -27 27 -29 -30 -31
leaf_value=0 0.00015063593889306874 -2.1918146199510173e-05 -0.00013360589878724753 0 -8.209047367466638e-05 0 0 0 0 0 0 0 -0.00019842849386423356 0 0 -0.00010683087809412918 0 0 0 0.00011973720833826775 -8.8331971328463373e-05 8.8027355179852532e-05 0 2.2084440217789615e-07 -2.8837004785909108e-05 3.3919686939191855e-05 9.9250344645892961e-05 -2.0282236134273498e-05 0 2.3121777581556972e-05
leaf_weight=182 150 205 57 98 54 111 42 27 20 109 82 32 64 115 1481 195 66 49 199 208 92 123 334 2739 943 766 75 25 37 310
leaf_count=182 150 205 57 98 54 111 42 27 20 109 82 32 64 115 1481 195 66 49 199 208 92 123 334 2739 943 766 75 25 37 310
internal_value=0 -1.17053e-05 -4.81039e-05 1.2642e-06 2.5525e-05 5.24897e-05 8.45902e-05 0.000107746 0.000129105 0 -3.6762e-05 -7.24692e-05 -0.000136042 9.6582e-07 -1.55793e-06 -4.25655e-05 -7.43195e-05 1.99237e-05 4.58288e-05 6.57252e-05 0 4.58006e-05 -2.12453e-05 2.00028e-07 -5.86385e-06 1.23614e-05 0 0 4.80387e-05 0
internal_weight=8990 754 239 8236 541 350 239 197 170 7695 287 178 96 7408 6305 376 261 1103 505 407 598 172 426 5929 3682 2247 191 137 112 515
internal_count=8990 754 239 8236 541 350 239 197 170 7695 287 178 96 7408 6305 376 261 1103 505 407 598 172 426 5929 3682 2247 191 137 112 515
is_linear=0
shrinkage=0.05


Tree=269
num_leaves=31
num_cat=0
split_feature=397 357 32 258 277 379 83 283 245 381 241 200 335 49 375 388 73 245 264 377 317 397 341 245 227 87 386 283 320 356
split_gain=4.56794e-05 0.00020986 0.000284571 0.000314423 0.000292158 0.0003811 0.00053597 0.000306103 0.000263 0.000206266 0.000190263 0.000298039 0.000370378 0.000228438 0.000185555 0.000491298 0.000531302 0.000370042 0.000251345 0.000390128 0.000172252 0.000384927 0.000279547 0.000368865 0.00029262 0.000195249 0.000234039 0.000254483 0.000213522 0.000260108
threshold=-0.12593562649078166 0.013558201058201052 0.44973544973545149 -0.72510847982319682 -0.48725386676927684 -0.55185857986153619 0.33118386243386255 -0.0015985467325141498 -0.14303804420669583 1.4381835919798001 -0.60724408123183016 1.1861692537612107 0.0095626543642337008 0.80697116539248015 0.20272245380964737 0.057375361513860752 0.13288849330111804 0.14601898320390203 -0.42974110110970781 -0.12169186314363249 -0.06041689679721584 0.40656634150939236 0.0099206349206349513 1.3413967011333403 1.1324765909743344 0.13062169312169303 -0.0026334777110448497 -0.0012806971673012498 0.0030370118059003504 -0.024558104482817745
decision_type=2 10 2 10 10 10 2 10 10 10 10 10 10 2 8 2 2 10 10 10 10 2 10 10 10 2 10 10 10 10
left_child=1 2 3 -1 5 -5 -7 9 -9 -6 11 12 13 -3 20 -16 17 18 -17 -20 21 22 23 24 -2 26 -22 -28 -27 -30
right_child=14 10 -4 4 7 6 -8 8 -10 -11 -12 -13 -14 -15 15 16 -18 -19 19 -21 25 -23 -24 -25 -26 28 27 -29 29 -31
leaf_value=-1.213656887990683e-05 -9.0021938726668241e-05 -0.00018977179380872647 0 0 9.0294663505799755e-05 0.00017299902852813977 0 -6.711477306666771e-05 1.6496175000650431e-05 0 0 0 0 0 -2.8258818598782959e-06 0 0 0 0 0.00034863900355234438 0 7.3229434369305083e-06 0 0 0 -2.65506953075233e-06 -0.00013882336274592414 0 -1.3679719269969644e-06 4.27391759986773e-05
leaf_weight=128 485 80 1295 63 167 162 74 137 170 35 513 47 54 20 474 33 140 47 28 44 137 630 311 250 222 2146 86 71 274 667
leaf_count=128 485 80 1295 63 167 162 74 137 170 35 513 47 54 20 474 33 140 47 28 44 137 630 311 250 222 2146 86 71 274 667
internal_value=0 5.20469e-06 1.40041e-05 3.50345e-05 4.8695e-05 9.24925e-05 0.000121955 1.31329e-05 -4.54391e-06 6.47272e-05 -1.52868e-05 -5.65251e-05 -9.48932e-05 -0.000152028 -2.38616e-06 1.90773e-05 7.17387e-05 0.000136441 0.000189059 0.000246614 -6.44801e-06 -1.8507e-05 -3.5283e-05 -4.87811e-05 -6.72686e-05 0 -3.85916e-05 -8.06997e-05 4.02912e-06 2.45844e-05
internal_weight=8990 2945 2231 936 808 299 236 509 307 202 714 201 154 100 6045 766 292 152 105 72 5279 1898 1268 957 707 3381 294 157 3087 941
internal_count=8990 2945 2231 936 808 299 236 509 307 202 714 201 154 100 6045 766 292 152 105 72 5279 1898 1268 957 707 3381 294 157 3087 941
is_linear=0
shrinkage=0.05


Tree=270
num_leaves=31
num_cat=0
split_feature=215 383 374 392 33 337 19 353 41 379 291 361 325 376 57 272 279 246 245 55 392 72 75 218 334 12 73 312 14 393
split_gain=4.90147e-05 0.000180015 0.000306913 0.000312898 0.000340031 0.000370492 0.000278448 0.000341305 0.000317224 0.000396922 0.000236258 0.000217219 0.000248406 0.000213318 0.000209013 0.000244202 0.000181331 0.000181109 0.000179513 0.000175114 0.000200667 0.000151396 0.000148439 0.00022362 0.000302585 0.000207941 0.000281155 0.000182319 0.000411135 0.000463382
threshold=-0.79959549511103989 -0.097877368238244791 -0.093672406614239548 0.55993560008282051 0.68436903987323761 -0.11676177102719174 0.10350993189040351 0.068899267805878711 -2.3619565730259047 -0.29719202080493007 -0.13353139262451066 -0.00021107064471694999 -0.018904405016220347 0.10169801334721336 2.3683581400779063 1.7217644153587817 2.1140632081561344 -0.53256548381867175 1.2041111799117614 -0.54320296146492042 0.92303752273273554 0.47923605709248857 0.87797619047619058 -2.0862951473369131 -0.010939387021447498 0.0028108465608465004 -1.4712606461655462 0.00062735265444850013 0.0034722222222222008 1.0520839255238359
decision_type=8 10 10 2 2 10 2 10 2 10 10 10 10 10 2 10 10 10 10 2 2 2 2 8 10 2 2 10 2 2
left_child=1 11 3 -3 5 -5 10 8 -8 -10 18 -1 -13 14 15 -14 -9 -7 21 -12 -21 -4 23 24 -2 -26 -27 -25 29 -29
right_child=22 2 6 4 -6 17 7 16 9 -11 19 12 13 -15 -16 -17 -18 -19 -20 20 -22 -23 -24 27 25 26 -28 28 -30 -31
leaf_value=0 0 0 8.5065618596878351e-05 0 0 -0.00025458471784715805 0 0 0.00021321584302870487 2.9709888693205817e-05 0 0 0.00010484026770674203 0 0 0 -0.00014322450630036517 0 0 0 -6.7606597194413512e-05 0 1.9706411419118308e-05 0 0 0 -0.00017140627234614979 -0.00011437535696809838 0 0
leaf_weight=297 52 35 141 21 42 58 28 102 68 237 318 199 306 92 29 28 22 33 137 307 302 36 588 4653 23 32 91 205 399 109
leaf_count=297 52 35 141 21 42 58 28 102 68 237 318 199 306 92 29 28 22 33 137 307 302 36 588 4653 23 32 91 205 399 109
internal_value=0 5.50493e-06 -1.01474e-06 -6.31591e-05 -9.98564e-05 -0.000145912 2.96124e-06 3.81871e-05 6.75472e-05 8.70672e-05 -5.98407e-06 2.36973e-05 4.05803e-05 6.10852e-05 7.83937e-05 9.0791e-05 -3.60042e-07 -0.000190697 2.48362e-05 -2.18184e-05 -3.79911e-05 6.02334e-05 -2.43676e-06 -5.67577e-06 -5.93301e-05 -9.97528e-05 -0.000126621 -2.76313e-06 -2.63938e-05 -6.96698e-05
internal_weight=8990 2838 1887 189 154 112 1698 457 333 305 1241 951 654 455 363 334 124 91 314 927 609 177 6152 5564 198 146 123 5366 713 314
internal_count=8990 2838 1887 189 154 112 1698 457 333 305 1241 951 654 455 363 334 124 91 314 927 609 177 6152 5564 198 146 123 5366 713 314
is_linear=0
shrinkage=0.05


Tree=271
num_leaves=31
num_cat=0
split_feature=369 64 19 385 41 338 310 91 315 389 323 34 321 18 272 39 349 378 12 251 243 322 34 350 69 18 331 241 250 387
split_gain=4.84813e-05 0.000176462 0.000194562 7.73124e-05 0.000355958 0.000385156 0.000251288 0.000302365 0.000177456 0.000236518 0.000144061 0.000130417 0.000115741 0.000291418 0.000296211 0.000357901 0.000460406 0.000268216 0.000243646 0.000228452 0.000209116 0.000496817 0.000370939 0.000227815 0.000284315 0.000165293 0.000335382 0.000246728 0.000225189 0.000243886
threshold=-0.89996147956708061 0.074888226738043559 -0.16193256298011596 2.0649333588632839 0.42533188714923253 0.0016534391534389502 -0.0025911956994639994 -0.87017777087937398 -0.023868095285925647 0.11492261067546701 -0.8875388068035972 0.71990740740740755 0.021111149028490202 0.27150647660186861 1.7217644153584557 0.31231346221479106 0.12366904795189977 0.0014150270568332503 0.0051256613756613008 -0.48597814284098245 -1.7556942916790972 -0.0041647323317141995 0.63508597883597939 0.053448990008359808 -0.22297723425995597 1.0000000180025095e-35 -0.016102047765247898 0.66309263393446216 -0.91020033010771095 0.35906205691575904
decision_type=8 2 2 8 2 10 10 2 8 2 10 2 10 2 10 2 10 10 2 10 10 10 2 10 2 2 10 10 10 10
left_child=1 2 -1 12 8 6 -6 -8 9 11 -9 -5 20 14 15 16 -14 18 -15 -16 21 23 -23 -2 -25 26 27 -22 -27 -30
right_child=3 -3 -4 4 5 -7 7 10 -10 -11 -12 -13 13 17 19 -17 -18 -19 -20 -21 25 22 -24 24 -26 28 -28 -29 29 -31
leaf_value=0 2.5378032651120712e-05 0 -0.00012957832866742751 -0.00018216280577933175 0 0 0 0 7.1720262923628564e-06 0 0.00019259642722317953 0 -0.00012663270005234409 0 0.00016047930532363068 0 0 0 0.00012917404253355252 0 6.4443769048666078e-05 0.0001818446274149683 0 -0.00016941210963372801 0 1.1005200738151012e-05 0 0 -2.5961751102359624e-05 2.919340623225781e-05
leaf_weight=143 290 172 62 41 22 72 25 29 123 61 102 20 227 23 24 336 63 110 82 35 382 82 57 38 61 634 3511 157 1864 142
leaf_count=143 290 172 62 41 22 72 25 29 123 61 102 20 227 23 24 336 63 110 82 35 382 82 57 38 61 634 3511 157 1864 142
internal_value=0 -1.74732e-05 -5.20796e-05 8.39456e-07 2.00661e-05 6.57153e-05 0.000107102 0.000130812 -6.12277e-06 -6.04715e-05 0.000161682 -0.000130327 0 -1.72132e-05 -3.63448e-05 -5.04883e-05 -9.26593e-05 2.04846e-05 8.50813e-05 2.89499e-05 1.77182e-06 3.21381e-05 0.00011336 0 -6.21431e-05 0 5.7e-06 4.2419e-05 -1.03286e-05 -1.95638e-05
internal_weight=8990 377 205 8613 495 250 178 156 245 122 131 61 8118 900 685 626 290 215 105 59 7218 528 139 389 99 6690 4050 539 2640 2006
internal_count=8990 377 205 8613 495 250 178 156 245 122 131 61 8118 900 685 626 290 215 105 59 7218 528 139 389 99 6690 4050 539 2640 2006
is_linear=0
shrinkage=0.05


Tree=272
num_leaves=31
num_cat=0
split_feature=322 202 351 296 319 87 264 63 283 202 322 41 78 302 273 207 362 302 50 328 88 381 346 398 345 297 361 383 398 35
split_gain=4.61286e-05 0.000214892 0.000330539 0.000331954 0.000314521 0.000282487 0.000307811 0.00027074 0.000379215 0.000371713 0.000265475 0.00025172 0.000279144 0.000233129 0.00031166 0.000291781 0.000214538 0.000239655 0.000150903 0.000197968 0.000218032 0.000117439 0.000322512 0.000115036 0.000262316 0.00023076 0.00026887 0.000400395 0.000174536 0.000341589
threshold=0.009487157466613003 -0.42780540858966609 -0.24256765551993684 0.0013405670990034502 -0.0055463722780960999 0.38194444444444459 1.610727110809391 0.33878968253968256 -0.0013028885646534497 1.5815764332334032 0.011158011120862602 1.0138333200967653 0.17237103174603127 -0.025350851719779948 -0.57801677600137968 -0.89410420000690527 0.062500000000000069 -0.017095953021228648 0.070803201743590213 -0.010769644858809298 0.35102513227513227 0.011130177457441002 -0.0039665197067890491 -0.0061744794883454492 0.0016534391534390503 -0.0029571409214893996 -0.48960390650443791 0.03336334458775491 -0.0014141598636351498 0.84804894179894219
decision_type=10 10 10 10 10 2 10 2 10 10 10 2 2 10 10 10 10 10 2 10 2 10 10 2 10 10 10 10 2 2
left_child=23 2 16 13 5 -3 11 18 9 10 -9 12 -7 -4 -15 -16 17 -2 -6 -20 -21 -5 -23 24 -1 -26 -27 -28 29 -25
right_child=1 4 3 21 7 6 -8 8 -10 -11 -12 -13 -14 14 15 -17 -18 -19 19 20 -22 22 -24 28 25 26 27 -29 -30 -31
leaf_value=0 0 0 0 -1.1414541679833212e-05 1.2265701141278546e-05 0 0 0 0 0 0.00014598542972563206 0 -0.00016337768922771169 0 0 -0.00014261363716929995 0 0.00015050196516060838 0 0 -0.00013825272010634852 0 0.00015381924148485845 3.8688431871533672e-05 0 0 -0.0001953350756091455 0 0 -7.5168647266565015e-07
leaf_weight=318 30 198 155 70 138 24 50 22 304 63 173 34 117 104 36 210 20 54 38 32 73 24 46 947 24 21 81 47 4773 764
leaf_count=318 30 198 155 70 138 24 50 22 304 63 173 34 117 104 36 210 20 54 38 32 73 24 46 947 24 21 81 47 4773 764
internal_value=0 -6.55532e-06 -2.86626e-05 -4.57772e-05 2.57607e-06 -2.76196e-05 -6.76106e-05 2.36596e-05 4.51934e-05 9.0118e-05 0.000124526 -0.000101347 -0.000131173 -6.57221e-05 -8.8862e-05 -0.000119998 2.93916e-05 8.62947e-05 -1.62151e-06 -4.9963e-05 -9.00438e-05 0 6.37022e-05 2.02945e-06 -1.9596e-05 -6.98423e-05 -9.76337e-05 -0.000127837 4.43843e-06 1.81564e-05
internal_weight=8990 2015 749 645 1266 423 225 843 562 258 195 175 141 505 350 246 104 84 281 143 105 140 70 6975 491 173 149 128 6484 1711
internal_count=8990 2015 749 645 1266 423 225 843 562 258 195 175 141 505 350 246 104 84 281 143 105 140 70 6975 491 173 149 128 6484 1711
is_linear=0
shrinkage=0.05


Tree=273
num_leaves=31
num_cat=0
split_feature=73 212 350 374 353 62 37 351 24 376 200 382 375 80 386 295 327 362 198 332 332 63 255 374 258 268 215 369 223 255
split_gain=4.34149e-05 0.000147436 0.000291289 0.000218219 0.000231923 0.000231556 0.000232324 0.000191361 0.000243001 0.000122497 0.000185043 0.000218167 0.000171847 0.00016335 0.000195509 0.000161854 0.00015184 0.000121457 0.00012153 9.79448e-05 0.000228614 0.000502193 0.000405644 0.000396511 0.000426029 0.00031082 0.00038889 0.000418496 0.000386669 0.000268755
threshold=0.90950323320320858 0.71215577499378868 0.013064678927404302 -0.12231421497525803 0.09932480580487961 0.89203042328042315 2.4842976179783105 -0.056986498193079042 0.74520502645502662 -0.046706517857810291 -0.83520710317672064 0.83999454623239078 0.044126110631019504 0.22172619047619055 0.0036158769313970507 -0.0013386888853567497 -0.16372210540456292 0.038690476190476601 0.95069107222346372 -0.0058542105449681985 0.0015822637906491501 0.34275793650793657 0.18311180182529221 0.048299321339862804 -0.72510847982319682 -0.28764219930764628 -0.31664604519880024 0.016187747603710854 0.94467681172027007 0.4449894910770808
decision_type=2 10 10 10 10 2 2 10 2 10 10 10 10 2 10 10 10 10 10 10 10 2 10 10 10 10 10 10 10 10
left_child=19 9 7 -4 5 6 -5 8 -3 13 11 12 15 -2 16 -11 -15 18 -9 -1 21 29 23 24 -23 26 -22 28 -28 -21
right_child=1 2 3 4 -6 -7 -8 17 -10 10 -12 -13 -14 14 -16 -17 -18 -19 -20 20 25 22 -24 -25 -26 -27 27 -29 -30 -31
leaf_value=-1.7199048830801696e-06 0 0 0 -0.00018394042536649165 0 0 0 0.00010313098882252913 -0.00014242867349607125 0 0 0 0 0 0 -0.00013189793298495192 8.4067420328958468e-05 0 0 -6.2601769450995357e-05 0 0 5.9457914709245656e-07 0 0.00017441745805434842 1.4665913558631754e-05 -0.00018026253365573716 0 0 2.276816918740799e-05
leaf_weight=3674 151 26 31 102 30 20 25 75 44 21 1624 70 51 20 36 109 216 67 38 162 309 69 289 32 169 1160 108 120 27 115
leaf_count=3674 151 26 31 102 30 20 25 75 44 21 1624 70 51 20 36 109 216 67 38 162 309 69 289 32 169 1160 108 120 27 115
internal_value=0 -5.1322e-06 -3.10334e-05 -7.49629e-05 -9.84049e-05 -0.0001249 -0.000150364 0 -6.39975e-05 0 -5.45224e-06 -4.54347e-05 -7.66415e-05 2.43324e-05 4.92083e-05 -0.000107139 6.97199e-05 3.25908e-05 6.61521e-05 2.40115e-06 1.02684e-05 3.17242e-05 6.09046e-05 0.000106923 0.00013089 0 -3.05804e-05 -7.66751e-05 -0.000137278 -9.11992e-06
internal_weight=8990 2756 458 208 177 147 127 250 70 2298 1875 251 181 423 272 130 236 180 113 6234 2560 836 559 270 238 1724 564 255 135 277
internal_count=8990 2756 458 208 177 147 127 250 70 2298 1875 251 181 423 272 130 236 180 113 6234 2560 836 559 270 238 1724 564 255 135 277
is_linear=0
shrinkage=0.05


Tree=274
num_leaves=31
num_cat=0
split_feature=399 251 266 369 356 349 228 341 323 350 356 30 268 214 373 205 397 68 343 342 91 11 244 216 257 371 366 65 356 203
split_gain=4.3479e-05 0.000139009 0.000162501 0.000132334 9.06769e-05 0.000218843 0.000278815 0.000397286 0.000274191 0.000243019 0.000114071 0.000322095 0.000286673 0.000377232 0.000408293 0.000171562 0.000248469 0.000301709 0.000156382 0.000347699 0.000522532 0.000528933 0.000288946 0.000323709 0.000258686 0.000209101 0.000283912 0.000301943 0.000270184 0.000432467
threshold=-1.3564260326584787 0.3715789678926425 1.4701328522363768 0.081150260304827512 -0.12827529892455683 0.053615981284426011 -1.120001859309395 -0.0079365079365079482 -1.0532993288867292 0.14073199791995214 -0.037985366239626894 0.28407754589416856 -1.3627602569012855 0.068954338285767872 0.0026455026455022004 -1.236215160902514 -0.17409486928578008 0.025297619047618954 0.00041335978835935005 -0.032088314551498041 -0.90421140207111239 0.0051256613756613008 -0.012157886428626198 -0.86868319622689516 0.91272357909807234 -0.090640473183424886 -0.53188814710783927 -0.40435678894978244 -0.0049824450198148488 1.0572955564190432
decision_type=2 10 10 10 10 10 10 10 8 10 10 2 10 10 10 10 2 2 10 10 2 2 10 10 10 10 10 2 10 10
left_child=1 2 3 -1 5 6 -2 -8 -9 -10 11 15 -13 14 -14 16 -6 -18 25 20 -20 -22 23 -21 -24 26 -12 -28 29 -27
right_child=4 -3 -4 -5 10 -7 7 8 9 -11 18 12 13 -15 -16 -17 17 -19 19 22 21 -23 24 -25 -26 28 27 -29 -30 -31
leaf_value=-0.00016430526667051735 0 0 0 0 0 -7.3191613006397216e-06 0 0 0.00015704064549592025 0 5.8532581769515689e-06 0 -0.00017751154012526774 0 0 1.0373247751559992e-05 0 -0.00011847735550052206 0 -1.039346100858548e-05 0 0.00012631578418339701 -2.9395848507556689e-05 5.0197498647882345e-05 1.3895499539594934e-05 7.4290550328972736e-05 0 -5.6139336754538865e-05 -1.4490609495261027e-06 -4.9763421288332234e-06
leaf_weight=44 119 76 20 20 65 160 77 22 152 28 458 24 119 68 36 710 33 123 241 184 96 242 883 524 387 322 444 630 2533 150
leaf_count=44 119 76 20 20 65 160 77 22 152 28 458 24 119 68 36 710 33 123 241 184 96 242 883 524 387 322 444 630 2533 150
internal_value=0 -2.57216e-05 -7.34284e-05 -0.000115809 5.60613e-07 2.02671e-05 4.39158e-05 7.24455e-05 0.000110283 0.000132114 -1.64508e-07 -1.50586e-05 -6.58778e-05 -8.95496e-05 -0.000132723 0 -3.99285e-05 -7.89776e-05 1.60411e-06 1.19467e-05 4.61655e-05 8.66842e-05 0 2.73903e-05 -1.22672e-05 -3.12297e-06 -1.87198e-05 -3.38535e-05 3.16509e-06 3.85131e-05
internal_weight=8990 160 84 64 8830 558 398 279 202 180 8272 1178 247 223 155 931 221 156 7094 2557 579 338 1978 708 1270 4537 1532 1074 3005 472
internal_count=8990 160 84 64 8830 558 398 279 202 180 8272 1178 247 223 155 931 221 156 7094 2557 579 338 1978 708 1270 4537 1532 1074 3005 472
is_linear=0
shrinkage=0.05


Tree=275
num_leaves=31
num_cat=0
split_feature=58 362 84 337 197 229 229 35 274 83 388 64 348 87 56 334 87 202 360 53 346 377 62 320 208 381 249 352 244 393
split_gain=4.38268e-05 0.000102708 0.000213 0.000196435 0.000241201 0.000104447 0.000270707 0.000289758 0.000210733 0.000203672 0.000185123 0.000204451 0.000436535 0.000162865 0.000159622 0.000151113 0.000150343 0.000311579 0.000285319 0.000204662 0.000271948 0.000380067 0.000263461 0.000351297 0.000228317 0.000210916 0.000123042 9.41155e-05 0.000142907 0.000135319
threshold=2.7198422202388803 0.26388888888888912 0.18832671957671951 -0.0013240652176990497 0.031764368744420304 1.2882570510741627 1.5583958367338189 0.95056216931216808 -1.184483432974283 0.86623677248677267 -0.063618235891679129 0.12888001613024302 0.12106046960847651 0.78406084656084662 0.80307539682539708 -0.00068446280367009981 0.019510582010582003 -0.17293993440236941 0.031483481066938053 -0.49536629823740791 0.010334102283931902 -0.19031703252486237 0.38078703703703703 0.012551797183183002 -0.98948720614874597 -0.52040015308762555 0.65994895967521527 -0.014699703220731797 -2.1011932282220509 0.81119730735463047
decision_type=2 8 2 10 10 10 10 2 10 2 2 2 10 2 2 10 2 10 10 2 8 10 2 10 10 10 10 10 10 2
left_child=1 5 3 -3 -5 16 7 8 -7 -10 13 12 -12 14 -8 -13 17 18 26 22 25 -22 24 -24 -18 -21 -1 -2 -29 -30
right_child=27 2 -4 4 -6 6 10 -9 9 -11 11 15 -14 -15 -16 -17 19 -19 -20 20 21 -23 23 -25 -26 -27 -28 28 29 -31
leaf_value=0 0 0 0 0.00015542920971971263 0 0 7.0908437527955373e-05 0 0.00011007021370837377 0 -6.0275751165321372e-05 5.0713227376593845e-05 2.9857501579719811e-05 0 0 -3.6591060941573691e-06 2.8924867960218831e-05 0 0 1.6013726175514165e-05 2.7969887719519573e-05 -5.6289439504743013e-05 5.036433144384132e-05 -1.4864075257913117e-06 -3.1077356425940148e-05 -9.3445044196160251e-06 -0.0002017994602815081 0 -0.00010554042711249507 0
leaf_weight=24 85 69 153 78 53 81 217 102 216 57 462 148 106 237 47 249 182 86 21 1087 87 572 701 290 459 2912 55 27 93 34
leaf_count=24 85 69 153 78 53 81 217 102 216 57 462 148 106 237 47 249 182 86 21 1087 87 572 701 290 459 2912 55 27 93 34
internal_value=0 6.23208e-07 2.71443e-05 6.29393e-05 9.89555e-05 0 9.70335e-06 4.33659e-05 6.68435e-05 8.78768e-05 0 -1.35596e-05 -3.46515e-05 2.38636e-05 5.12075e-05 4.02706e-06 -3.51781e-06 -4.88442e-05 -0.000110531 -1.38182e-06 -7.42161e-06 -3.7577e-05 1.27926e-05 3.01475e-05 -6.23989e-06 -1.20117e-06 -0.000156455 -2.10721e-05 -4.70724e-05 -7.41447e-05
internal_weight=8990 8751 353 200 131 8398 1922 456 354 273 1466 965 568 501 264 397 6476 186 100 6290 4658 659 1632 991 641 3999 79 239 154 127
internal_count=8990 8751 353 200 131 8398 1922 456 354 273 1466 965 568 501 264 397 6476 186 100 6290 4658 659 1632 991 641 3999 79 239 154 127
is_linear=0
shrinkage=0.05


Tree=276
num_leaves=31
num_cat=0
split_feature=50 341 381 78 301 399 301 279 284 322 91 306 399 387 375 279 357 393 76 62 393 254 339 393 31 91 291 346 332 351
split_gain=4.38759e-05 0.000255712 0.000315864 0.000313693 0.000268553 0.000258028 0.00041814 0.000264793 0.000184832 0.000160117 0.000174039 0.000111857 0.000103508 0.000161721 0.000175681 0.000111907 0.000102643 0.000210117 0.000212977 0.000185582 0.000144567 0.000113711 0.000282191 0.000259324 0.000290385 0.00023661 0.000377852 0.000360969 0.000252073 0.000168404
threshold=-1.5118022612375797 -0.0033068783068797999 0.005784320780515901 0.92642195767195801 -0.0015450202161999998 -0.78836601700262399 0.00045167301695440005 1.4083484104435682 -0.00033068783068709997 -0.011651720568737298 0.27280662069784306 0.00033602151802325004 -1.3564260326584787 -0.014510223500909398 0.024832125197055903 -0.12612455975560571 0.098214285714285657 1.0910190355593137 -0.77189510588581933 0.66187169312169314 -0.52814412871586891 -0.63387295254106946 -0.018281193579154396 -1.6993038729074894 0.97007275132275106 0.77269430279834461 -0.066765696312255984 -0.15472178211664703 0.0013751390827001001 -0.17409614643211718
decision_type=2 10 10 2 10 2 10 10 10 10 2 10 2 10 10 10 10 2 2 2 2 10 8 2 2 2 10 10 10 10
left_child=1 3 4 9 11 6 7 -4 -9 -1 -11 -3 13 -2 15 -15 21 18 -18 20 -20 22 23 -14 -25 29 28 -28 -27 -23
right_child=12 2 5 -5 -6 -7 -8 8 -10 10 -12 -13 16 14 -16 -17 17 -19 19 -21 -22 25 -24 24 -26 26 27 -29 -30 -31
leaf_value=0 0 -0.00022065655211450145 0 0 0 0 0 0.00032896520766190142 0 0 0.00018768378669573361 0 0 0 0 -0.00019080038983747608 0 0 0 0 -0.00019334616802420572 2.303468282618406e-05 0 -9.6480842639140319e-05 0 2.0171793990734712e-05 -2.3159457158585737e-05 7.0263099914589231e-05 -6.1963950524775225e-05 -2.7750587893132152e-06
leaf_weight=23 57 31 34 24 93 68 21 28 25 22 67 32 38 23 30 38 25 47 28 25 57 723 1397 241 59 189 38 515 144 4848
leaf_count=23 57 31 34 24 93 68 21 28 25 22 67 32 38 23 30 38 25 47 28 25 57 723 1397 241 59 189 38 515 144 4848
internal_value=0 1.49563e-05 0 7.39358e-05 -6.00669e-05 3.58593e-05 8.97893e-05 0.00014835 0.000220377 0.000116759 0.00014712 -0.000139877 -7.6449e-07 -4.22006e-05 -8.5634e-05 -0.000134618 0 -3.71595e-05 -7.58246e-05 -0.000109045 -0.000144347 7.93641e-07 -9.73815e-06 -5.07273e-05 -7.11295e-05 4.39799e-06 2.84343e-05 5.48005e-05 -3.43798e-07 0
internal_weight=8990 468 332 136 156 176 108 87 53 112 89 63 8522 148 91 61 8374 182 135 110 85 8192 1735 338 300 6457 886 553 333 5571
internal_count=8990 468 332 136 156 176 108 87 53 112 89 63 8522 148 91 61 8374 182 135 110 85 8192 1735 338 300 6457 886 553 333 5571
is_linear=0
shrinkage=0.05


Tree=277
num_leaves=31
num_cat=0
split_feature=50 218 279 276 371 393 237 389 375 207 298 291 375 65 274 342 256 274 354 43 258 76 334 358 277 50 264 85 40 383
split_gain=4.42143e-05 0.000144179 0.000203452 0.000254493 0.0003614 0.000220338 0.00014492 0.000144002 0.000211912 0.00019427 0.000193683 0.00025886 0.000188991 0.000170331 0.000100775 0.000204136 0.000182559 0.000176603 0.000321552 0.000325899 0.00024808 0.000250786 0.000175837 0.000211348 0.000223223 0.000153784 0.00019262 0.000542913 0.000323858 0.000171329
threshold=1.1240699184160701 0.027930907494865102 -0.63891304774010493 1.126320098408442 -1.6202387022363383 0.85864279039041536 2.1061640319038837 0.14217128031659534 -0.2218004438379417 -0.44226927620082018 -0.0024691496941948994 -0.014706942603145349 0.027351358912012406 0.096876759828339917 1.4995460557155249 0.010875586212220501 1.9930001089774227 0.56657431145887804 0.012122971861098701 -0.7135170952470814 -1.1795418415972065 1.2058886394243853 -0.023680885560303146 0.10372158333696112 1.3019949004851268 0.58236729229937068 -0.42974110110970781 -0.15968345051590446 -1.2659686087006448 0.64468689506066146
decision_type=2 10 10 10 10 2 10 2 10 10 10 10 10 2 8 8 8 10 10 2 10 2 10 10 10 2 10 2 2 10
left_child=14 2 -2 4 -4 6 -6 8 -3 -10 -11 -12 -9 -14 17 16 22 25 -19 20 -20 -22 -16 24 -24 29 -27 -28 -29 -1
right_child=1 7 3 -5 5 -7 -8 12 9 10 11 -13 13 -15 15 -17 -18 18 19 -21 21 -23 23 -25 -26 26 27 28 -30 -31
leaf_value=0 0 0 0 0 -0.00018774977939235574 0 0 0 0 0 0.00016915594287325055 0 -0.00013463071119289562 0 0 5.7808670350255651e-06 0 0 0 0 9.8782452001947593e-05 0 -0.0001060429697373342 0 0 0 0 0 0.00016128164404301945 -3.6168857580141167e-05
leaf_weight=4756 103 42 26 42 97 50 26 99 68 22 84 31 55 22 65 299 62 909 82 128 348 22 236 64 84 391 240 46 114 377
leaf_count=4756 103 42 26 42 97 50 26 99 68 22 84 31 55 22 65 299 62 909 82 128 348 22 236 64 84 391 240 46 114 377
internal_value=0 -1.14642e-05 -3.66129e-05 -6.34255e-05 -8.98161e-05 -0.000120408 -0.000157676 0 3.24128e-05 6.20384e-05 9.64375e-05 0.000123631 -2.38779e-05 -8.61997e-05 1.08709e-06 -1.45799e-05 -3.62752e-05 3.47364e-06 1.88828e-05 4.79692e-05 6.89541e-05 8.65094e-05 -5.01378e-05 -6.39037e-05 -8.0937e-05 0 2.00953e-05 4.47441e-05 0.000116107 -3.55836e-06
internal_weight=8990 767 344 241 199 173 123 423 247 205 137 115 176 77 8223 810 511 7413 1489 580 452 370 449 384 320 5924 791 400 160 5133
internal_count=8990 767 344 241 199 173 123 423 247 205 137 115 176 77 8223 810 511 7413 1489 580 452 370 449 384 320 5924 791 400 160 5133
is_linear=0
shrinkage=0.05


Tree=278
num_leaves=31
num_cat=0
split_feature=241 54 378 284 85 383 387 346 257 356 358 339 241 352 258 200 363 89 336 366 67 62 24 380 339 349 397 256 72 267
split_gain=4.36078e-05 0.000198746 0.000321952 0.000603969 0.000800899 0.000364371 0.00031469 0.000209909 0.00023602 0.000249879 0.000260855 0.000184384 0.000187326 0.000183198 0.000175217 0.000171768 0.000218001 0.000328782 0.000183104 0.000169784 0.000254523 0.000264996 0.000291371 0.000459498 0.000454175 0.000182891 0.000161797 0.000290159 0.000206906 0.000156709
threshold=0.75617667604501959 0.63508597883597917 0.0045280496771379014 -0.00033068783068774995 1.2136590496436661 -0.33900730740641494 0.14992901634070033 0.00046576621905530005 -0.58274288330914292 -0.0036190194435284494 -0.035987153236061088 -0.0080713404982508986 1.6161778321222973 0.021074780867882451 -1.0685501467405263 0.43369223048612887 0.19514287824319598 0.24276843836930204 -0.010582010582010947 2.3930551750651827 1.2942163314318453 0.27364417989418005 0.50967261904761907 0.064271293142330002 0.10848330145581841 -0.0077424306574298994 0.19572436317901368 0.69073281707755541 -0.22576350942359696 -0.67875950956102904
decision_type=8 2 10 10 2 10 10 8 8 10 10 10 10 10 10 8 10 2 10 10 2 2 2 10 10 10 2 10 2 10
left_child=19 7 29 4 5 -4 -7 15 11 -10 -11 -9 13 -13 -12 16 17 18 -2 20 21 26 -23 24 -24 -21 27 28 -1 -3
right_child=1 2 3 -5 -6 6 -8 8 9 10 14 12 -14 -15 -16 -17 -18 -19 -20 25 -22 22 23 -25 -26 -27 -28 -29 -30 -31
leaf_value=-0.00019617106306574528 0 -4.1096024239386242e-05 0 0 0 -0.00027503438310953906 0 4.1823578235890345e-05 0 0 0 -0.00012024650360990719 0 0 0.00010767126786050021 5.2156257635005305e-06 0 0 -0.00012578334373282828 -9.2643827705298453e-05 0 0 0.00012348154980400215 0 0 0 2.5328877213621456e-05 0 0 2.5268601846315775e-05
leaf_weight=41 35 129 25 196 40 87 23 65 224 52 31 88 49 50 233 327 151 211 150 93 5496 164 290 136 44 87 102 49 50 272
leaf_count=41 35 129 25 196 40 87 23 65 224 52 31 88 49 50 233 327 151 211 150 93 5496 164 290 136 44 87 102 49 50 272
internal_value=0 -5.71707e-06 -2.7263e-05 -6.09536e-05 -0.000128442 -0.000190269 -0.000229557 1.26702e-06 2.24124e-05 4.27588e-05 7.14157e-05 -1.3533e-06 -4.30993e-05 -7.6862e-05 9.25942e-05 -1.21747e-05 -3.17089e-05 -5.25801e-05 -0.000101768 2.11577e-06 4.19157e-06 2.92246e-05 4.71678e-05 6.74572e-05 9.92024e-05 -4.35666e-05 0 -4.91898e-05 -0.000108091 0
internal_weight=8990 2438 772 371 175 135 110 1666 792 540 316 252 187 138 264 874 547 396 185 6552 6372 876 634 470 334 180 242 140 91 401
internal_count=8990 2438 772 371 175 135 110 1666 792 540 316 252 187 138 264 874 547 396 185 6552 6372 876 634 470 334 180 242 140 91 401
is_linear=0
shrinkage=0.05


Tree=279
num_leaves=31
num_cat=0
split_feature=50 253 397 338 223 332 25 375 221 358 55 324 227 393 347 252 385 241 327 379 218 55 300 397 366 73 353 18 384 211
split_gain=4.54207e-05 0.000239793 0.000284768 0.000351907 0.000414218 0.000316997 0.00026826 0.000189397 0.000302659 0.000328822 0.000406456 0.000294234 0.000261869 0.000231316 0.000268002 0.000228226 0.000197315 0.000161397 0.000160395 0.00028166 0.000319749 0.00039029 0.000200488 0.000195683 0.000169728 0.00015394 0.000153507 0.000254725 0.000246863 0.000197561
threshold=-0.26209601580687741 0.11770752101213182 0.07362143876232162 -0.025628306878306948 1.0304165170077899 -0.072835003787434932 0.0034722222222222008 -0.18852981462593532 0.50301191431896874 0.077903603261621004 2.11038347939999 -0.097581237647683325 -0.070976818842469938 -0.045413189118143148 -5.5311656195100582e-05 -0.183343801617838 0.32518340239177385 0.85515202095059262 -0.14427519829109506 -0.37358218642458935 1.0264778585297318 -0.20508448241249497 -0.079771279084316846 -0.0087255544088396478 1.4141256720328559 -1.4712606461655462 -0.19715370743052976 0.12417496190331802 0.62031258292523894 2.4513003976606198
decision_type=2 10 2 10 10 10 2 8 10 10 2 10 10 2 10 10 10 10 10 10 10 2 10 2 10 2 8 2 10 10
left_child=1 2 18 -4 5 -5 -7 12 9 10 11 -9 17 14 -10 25 -16 -3 19 -1 21 -21 -20 24 -24 -15 27 -2 29 -29
right_child=26 7 3 4 -6 6 -8 8 13 -11 -12 -13 -14 15 16 -17 -18 -19 22 20 -22 -23 23 -25 -26 -27 -28 28 -30 -31
leaf_value=8.2040338511549009e-06 0 0.0001454183621519156 -1.3020928123399571e-05 0 0 0 0.00012100241470454229 0 1.8275329386719245e-05 0 7.9869748624937537e-06 -0.00011915239887782115 0 7.2134122740859222e-05 -0.00011331388690208704 0.00013204598070477866 0 0 -1.5338479027015016e-05 0 0 -0.00019403122600231338 7.5733819757708832e-05 0 0 -4.7233416869519752e-06 0 -8.6545778240742187e-05 0 0
leaf_weight=47 259 59 74 27 177 28 321 163 58 140 42 258 120 73 101 57 83 20 106 25 84 73 264 30 30 201 5715 289 34 32
leaf_count=47 259 59 74 27 177 28 321 163 58 140 42 258 120 73 101 57 83 20 106 25 84 73 264 30 30 201 5715 289 34 32
internal_value=0 5.47556e-06 2.202e-05 4.61485e-05 6.31071e-05 9.27908e-05 0.000107453 -6.36235e-06 -1.69417e-05 -4.25756e-05 -6.43101e-05 -8.33964e-05 3.10208e-05 1.31253e-06 -2.52406e-05 3.5829e-05 -6.61193e-05 0.000103434 0 -3.47089e-05 -7.32466e-05 -0.000134564 1.70471e-05 4.30712e-05 6.08914e-05 0 -2.30982e-06 -2.60752e-05 -5.449e-05 -7.21496e-05
internal_weight=8990 2661 1286 627 553 376 349 1375 1176 603 463 421 199 573 242 331 184 79 659 229 182 98 430 324 294 274 6329 614 355 321
internal_count=8990 2661 1286 627 553 376 349 1375 1176 603 463 421 199 573 242 331 184 79 659 229 182 98 430 324 294 274 6329 614 355 321
is_linear=0
shrinkage=0.05


Tree=280
num_leaves=31
num_cat=0
split_feature=228 347 239 374 370 213 393 254 39 56 331 231 251 93 353 52 32 370 73 348 65 52 375 310 360 207 340 336 375 201
split_gain=4.60395e-05 0.000152105 0.000215887 0.000169237 0.000165071 0.000178827 0.000160835 0.000154619 0.00018439 0.000203974 0.000203766 0.000204821 0.000153277 0.000214025 0.000205658 0.000171638 0.000103731 0.000187241 0.000248829 0.000135284 0.000125693 9.20089e-05 0.000281375 0.000243174 0.000288689 0.000225711 0.000206117 0.000269111 0.000121642 0.000243378
threshold=-0.87407435211986473 -0.0055367026114465489 1.0222571711873074 -0.0039735169045660495 -0.0086651479105934476 -1.2550193366100981 -2.2827271614278009 0.61542262116183 1.1605584981018804 0.9459325396825401 -0.021254998715282997 1.8459113513547256 0.48447772981252424 0.34427924174857555 0.10375056760238206 -0.89693063842972365 0.38310185185185203 0.043929895975805155 1.3690691847678751 0.15494745271752802 0.015734101359894805 -0.40386793942830046 -0.0081066112709126982 2.9845784335014173e-05 -0.066973689004691792 0.59171317088260833 -0.0050729974167098993 -0.012483465608466098 0.065746988587867317 -0.76833859656383485
decision_type=10 8 10 8 8 10 2 10 2 2 10 10 10 2 10 2 2 10 2 10 2 2 8 10 10 10 10 10 10 10
left_child=1 7 3 16 -5 -6 -7 8 9 10 -1 -12 13 14 15 -4 17 18 -3 20 -18 22 25 24 -24 -2 -26 -28 29 -23
right_child=21 2 12 4 5 6 -8 -9 -10 -11 11 -13 -14 -15 -16 -17 19 -19 -20 -21 -22 28 23 -25 26 -27 27 -29 -30 -31
leaf_value=0 0 0.00012424469269051069 0 0 0 0 6.1996600290094428e-05 0 0 0 -0.00010297402515757936 0 0 0 0 -0.00017169358620627232 -6.1968379265793142e-05 -1.5030518495957313e-05 0 0 0 2.8331820905614451e-05 0 0 0 -0.00011213324960690827 0 0.0001681319916406875 -1.2516197508945956e-05 -7.5912379387387855e-08
leaf_weight=55 237 71 20 335 79 52 474 191 133 52 268 29 120 65 22 76 239 30 26 48 47 859 20 160 40 45 32 123 1423 3619
leaf_count=55 237 71 20 335 79 52 474 191 133 52 268 29 120 65 22 76 239 30 26 48 47 859 20 160 40 45 32 123 1423 3619
internal_value=0 -5.86468e-06 0 1.06153e-05 2.44154e-05 4.01016e-05 5.19557e-05 -2.52419e-05 -3.97923e-05 -5.69678e-05 -7.19227e-05 -8.85727e-05 -3.54931e-05 -6.46389e-05 -0.000104921 -0.000137399 -6.67924e-06 1.05615e-05 6.99772e-05 -2.82016e-05 -4.59446e-05 2.18982e-06 1.99478e-05 5.06451e-05 8.54349e-05 -3.15236e-06 0.000108382 0.00013453 0 4.25742e-06
internal_weight=8990 2432 1704 1401 940 605 526 728 537 404 352 297 303 183 118 96 461 127 97 334 286 6558 657 375 215 282 195 155 5901 4478
internal_count=8990 2432 1704 1401 940 605 526 728 537 404 352 297 303 183 118 96 461 127 97 334 286 6558 657 375 215 282 195 155 5901 4478
is_linear=0
shrinkage=0.05


Tree=281
num_leaves=31
num_cat=0
split_feature=369 246 331 63 232 38 383 335 89 298 224 313 91 60 388 12 333 202 47 357 73 200 19 357 248 349 324 356 385 349
split_gain=4.41723e-05 0.000195166 0.000181551 0.000206725 0.000186716 0.000175504 8.07422e-05 0.000235956 0.000332588 0.000280724 0.000272874 0.000262715 0.000254156 0.000376954 0.00022866 0.000130292 0.000277286 0.000198769 0.0001885 0.000173207 0.000125827 0.000212168 0.000269726 0.000316145 0.000497215 0.000167362 0.000349579 0.000573289 0.00057732 0.000246247
threshold=-0.89996147956708061 1.3865781778347681 0.016466764448761204 0.72668650793650802 -0.70240118680403174 -1.0221333438591498 -0.35835220668038587 -0.053092324829260892 -0.13953737248640499 -0.00091619876349244994 -0.87844168326070726 -0.010554134085403699 -0.70104435429648981 0.73412698412698407 -0.31971923813449432 0.015046296296296202 -0.00033068783068694992 -0.45711460382378472 0.49851190476190449 -0.0046296296296297985 0.90950323320320858 -0.51464262158170515 -0.47295823502054096 0.0033068783068773504 -0.56310397591350225 -0.16629194254644084 0.022632097750017604 0.0051428703692529007 -1.0289228015331107 -0.13551246854915858
decision_type=8 10 10 2 10 2 10 8 2 10 10 10 2 2 2 2 8 10 2 10 2 10 2 10 10 10 10 10 10 10
left_child=1 2 3 4 -1 -6 7 8 9 -2 -11 15 -13 14 -14 17 18 19 -17 -9 25 22 -22 24 -24 26 27 28 -8 -27
right_child=6 -3 -4 -5 5 -7 20 11 -10 10 -12 12 13 -15 -16 16 -18 -19 -20 -21 21 -23 23 -25 -26 29 -28 -29 -30 -31
leaf_value=0 0 0 0 0 0 -0.00019630392702205937 0 0 0 0 -0.00021759625809245113 0 0 0 0.00014539471968242265 0 0 0 0.00014932747152959387 -0.00011332099714359982 0 0 0 0 -0.00017384799463009265 -5.4369091058594388e-05 0 0 0.00019306323389803944 1.924221854782035e-06
leaf_weight=44 20 183 31 33 22 64 77 30 157 20 49 213 42 102 165 27 115 155 60 84 262 1788 46 104 116 203 360 185 113 4120
leaf_count=44 20 183 31 33 22 64 77 30 157 20 49 213 42 102 165 27 115 155 60 84 262 1788 46 104 116 203 360 185 113 4120
internal_value=0 -1.67622e-05 -5.53137e-05 -8.01496e-05 -0.000109662 -0.0001536 7.20909e-07 1.28115e-05 -2.10773e-05 -0.000102757 -0.00015418 2.6243e-05 5.0675e-05 7.99571e-05 0.000118711 0 2.9484e-05 -2.36129e-05 9.98795e-05 -7.53004e-05 -6.32688e-07 -1.08124e-05 -3.89502e-05 -7.44643e-05 -0.000118229 3.04009e-06 2.5155e-05 5.97493e-05 0.000120762 0
internal_weight=8990 377 194 163 130 86 8613 1239 246 89 69 993 522 309 207 471 202 269 87 114 7374 2316 528 266 162 5058 735 375 190 4323
internal_count=8990 377 194 163 130 86 8613 1239 246 89 69 993 522 309 207 471 202 269 87 114 7374 2316 528 266 162 5058 735 375 190 4323
is_linear=0
shrinkage=0.05


Tree=282
num_leaves=31
num_cat=0
split_feature=338 224 342 331 338 63 275 369 277 264 66 356 30 16 364 78 263 81 16 218 234 250 54 276 251 39 349 261 39 335
split_gain=4.38824e-05 0.000128298 0.000158204 0.000123024 9.37691e-05 0.000397395 0.00038956 0.000371702 0.000367727 0.000501233 0.000462007 0.000294221 0.000319916 0.000314988 0.000222598 0.000316761 0.000208591 0.000144722 0.000152527 0.000106838 0.000309186 0.00033726 0.000289612 0.000155719 0.000149207 0.000311808 0.000437299 0.00034589 0.000215926 0.0004322
threshold=0.11268187830687856 1.0524646879623942 -0.041024286798821939 -0.0073330173074513992 0.012235449735449303 0.36524470899470907 -1.0880471220978838 0.0088447149820564015 1.0119645640490085 -1.2549709538297762 1.3209193826443202 -0.06760209651304544 -0.83345696172377293 -1.6737624650269998 0.025953554063694855 0.42452050264550317 -0.49909982069270936 0.11276455026455001 0.35673091208061053 -2.0862951473369131 1.5549167566319513 -0.14918607432479744 0.27132936507936506 0.87470900286826792 -0.89809343511614481 -0.49581755449327142 0.056993059027290162 0.64825436126993663 -1.3593636728391447 0.0057049627812899512
decision_type=8 8 10 10 10 2 10 10 10 10 2 10 2 2 10 2 10 2 2 8 10 10 2 10 8 2 10 10 2 10
left_child=4 2 -2 -4 19 6 -6 11 9 -8 -11 -7 -13 -14 15 16 -9 18 -16 20 21 -1 -23 -24 25 26 27 -21 29 -26
right_child=1 -3 3 -5 5 7 8 14 -10 10 -12 12 13 -15 17 -17 -18 -19 -20 24 -22 22 23 -25 28 -27 -28 -29 -30 -31
leaf_value=0 0 0 0 0.00015184466051110378 0 -5.3882949037456664e-06 0 0 0 -0.00017556757046800135 0 0 0 0.00014480851324646552 0.00014762280775504485 0 -0.00014860519956256537 0 0 0.00010636491700167854 1.4419017255390771e-05 0 -0.00021534935447600938 0 0 0 0 0 2.861772052755991e-06 -6.6100964750740593e-05
leaf_weight=106 23 22 20 49 86 54 29 32 88 179 35 137 37 143 34 118 96 56 22 280 93 26 63 23 387 907 165 124 5195 361
leaf_count=106 23 22 20 49 86 54 29 32 88 179 35 137 37 143 34 118 96 56 22 280 93 26 63 23 387 907 165 124 5195 361
internal_value=0 3.0805e-05 6.82509e-05 0.000109235 -4.01518e-07 -1.41154e-05 -5.40664e-05 1.88371e-06 -8.1387e-05 -0.000113151 -0.000142794 4.27904e-05 6.67646e-05 0.000110856 -2.6546e-05 -5.73293e-05 -0.000111786 0 8.03075e-05 9.8495e-07 -2.63617e-05 -6.66829e-05 -0.000127172 -0.000171655 2.80558e-06 1.70958e-05 4.61282e-05 7.55117e-05 0 -2.57819e-05
internal_weight=8990 114 92 69 8876 1146 417 729 331 243 214 371 317 180 358 246 128 112 56 7730 311 218 112 86 7419 1476 569 404 5943 748
internal_count=8990 114 92 69 8876 1146 417 729 331 243 214 371 317 180 358 246 128 112 56 7730 311 218 112 86 7419 1476 569 404 5943 748
is_linear=0
shrinkage=0.05


Tree=283
num_leaves=31
num_cat=0
split_feature=203 12 215 29 393 281 384 323 349 39 203 366 258 386 220 76 335 276 91 203 335 382 255 335 279 237 237 320 366 321
split_gain=4.31569e-05 0.000122275 0.000192763 0.000181172 0.000261071 0.000315642 0.000239928 0.000115763 0.00017709 0.00016928 0.00010719 0.000321964 0.000248627 0.000324702 0.00037208 0.000331666 0.00024492 0.000285457 0.000284683 0.000344913 0.000162335 0.000208672 0.00016041 0.000140204 0.000701309 0.000128021 0.000249704 0.000238312 0.000220082 0.000382062
threshold=1.4044140229654565 0.0038029100529100007 -0.69546175231629193 0.93700396825396803 -1.3323962492212587 -1.2985612145871244 0.57016587938863583 0.051496966108994104 -0.057976906882238194 -1.2379628104476199 0.74018093070211888 -0.1597422652657394 0.49645292708113348 -0.047534807902780092 -1.0562484159923435 -1.2927463976007443 -0.032576258987402497 -0.32986432992876785 -0.12113040695701043 1.2976893588533638 -0.10583593505336499 1.9241977150812808 -0.60677001174823242 -0.068658619464849899 0.17295773396117128 -0.64344565122926278 -0.87192928142605608 0.013616985757642303 -0.72541009834556158 0.050986109567129963
decision_type=10 2 10 2 2 10 10 10 10 2 8 10 10 10 10 2 8 8 2 10 8 10 10 10 10 10 10 10 10 10
left_child=10 7 -3 4 -4 -6 -7 8 -2 -10 25 16 23 -14 -15 -16 20 18 -18 -20 -12 22 -22 24 -13 26 27 -1 -29 -30
right_child=1 2 3 -5 5 6 -8 -9 9 -11 11 12 13 14 15 -17 17 -19 19 -21 21 -23 -24 -25 -26 -27 -28 28 29 -31
leaf_value=1.5415170921431719e-05 0 0 0 0 0 0.00010546911790600168 0 0 0 -0.00011547412289006504 0 0 0 0 0 -0.00014244033226119566 0 0 0.00018061939635995031 0 -0.00017778221043242011 0 0 0 -0.00028951330531566623 5.1320714427858017e-06 -4.4037545990480866e-05 0 -0.0001814006183126128 0
leaf_weight=658 47 451 76 161 135 299 27 130 20 90 37 31 89 63 28 209 119 244 85 21 47 31 60 450 25 4830 423 24 59 21
leaf_count=658 47 451 76 161 135 299 27 130 20 90 37 31 89 63 28 209 119 244 85 21 47 31 60 450 25 4830 423 24 59 21
internal_value=0 7.96339e-06 1.74691e-05 3.45346e-05 4.89226e-05 6.48336e-05 9.14514e-05 -1.26699e-05 -4.62119e-05 -8.40731e-05 -1.49223e-06 -1.3521e-05 -3.42473e-05 -6.55398e-05 -9.09632e-05 -0.000119984 7.52158e-06 3.22739e-05 7.30822e-05 0.00013431 -3.02401e-05 -6.40171e-05 -0.000100774 -3.02794e-07 -7.90493e-05 7.54374e-07 -1.28688e-05 0 -6.49685e-05 -0.000111151
internal_weight=8990 1436 1149 698 537 461 326 287 157 110 7554 1539 895 389 300 237 644 469 225 106 175 138 107 506 56 6015 1185 762 104 80
internal_count=8990 1436 1149 698 537 461 326 287 157 110 7554 1539 895 389 300 237 644 469 225 106 175 138 107 506 56 6015 1185 762 104 80
is_linear=0
shrinkage=0.05


Tree=284
num_leaves=31
num_cat=0
split_feature=73 73 394 378 351 79 360 243 331 80 87 261 216 394 62 244 343 30 354 340 356 356 93 19 297 344 352 238 219 218
split_gain=4.22572e-05 0.000205074 0.000186107 0.000218074 0.000176416 0.000304655 0.000495987 0.000609258 0.000464299 0.000174171 0.000299709 0.000203129 0.00019906 0.000174734 0.000379901 0.000329006 0.000328877 0.000492822 0.000414901 0.000206337 0.000143948 0.00033751 0.000419728 0.000394763 0.000280986 0.000389067 0.000151725 0.000412139 0.000397365 0.000335626
threshold=-0.30323842069971091 -0.35966097839213645 -0.094141054155946077 -0.31006470493001059 0.060270655535045951 -0.64632033303439973 0.017255517569933553 1.5881814254906113 0.010868683006315502 0.75694444444444453 0.34821428571428575 -1.7175893984710433 -0.87980413924013501 -0.063605966642417938 0.07390873015873016 1.5759217176281695 0.0006613756613749501 0.095623395588406671 -0.22014479847951771 -0.0021581932781699494 -0.039104910302266198 -0.071400680824154891 0.25686242189687952 -0.45051235629523145 0.0008910530127082001 -0.026901232345226695 0.056550310122162308 -0.99139576139958685 0.62040108000671068 -0.44953613640362061
decision_type=2 2 2 10 10 2 8 10 10 2 2 10 10 2 2 10 10 2 10 10 8 10 2 2 10 10 10 8 10 10
left_child=1 4 3 -3 9 6 7 8 -6 13 11 -11 -13 16 19 -16 18 -18 -1 -15 21 -2 -23 -24 25 -25 27 29 -28 -22
right_child=20 2 -4 -5 5 -7 -8 -9 -10 10 -12 12 -14 14 15 -17 17 -19 -20 -21 26 22 23 24 -26 -27 28 -29 -30 -31
leaf_value=3.1573708717890138e-05 0 0 0 0.0001603599531103065 0.00024268022612584746 0 0 0 0 0 0 0 -0.00014347926237624604 0 8.0743695523146627e-05 0 0 0.00011994491416769908 -5.6701716982371435e-05 -0.00014550338288722028 0 0 0 0 0 -0.00023429184982889841 -5.546174386888831e-05 0 9.7208049141105429e-06 9.7197949870484824e-05
leaf_weight=100 713 25 53 62 86 448 54 45 21 21 351 26 109 20 293 157 275 97 518 35 103 190 106 21 39 90 402 3995 326 209
leaf_count=100 713 25 53 62 86 448 54 45 21 21 351 26 109 20 293 157 275 97 518 35 103 190 106 21 39 90 402 3995 326 209
internal_value=0 5.13819e-06 6.46999e-05 0.000109887 1.13869e-07 2.42689e-05 7.4597e-05 0.00012527 0.000191071 -5.28037e-06 -3.11237e-05 -8.91447e-05 -0.000113758 1.41124e-07 2.69142e-05 4.91737e-05 -8.46718e-06 2.10515e-05 -3.43256e-05 -6.42235e-05 -2.26664e-06 -1.83594e-05 -5.26047e-05 -9.44329e-05 -0.000147615 -0.000189109 4.44998e-07 4.962e-06 -1.94083e-05 6.03417e-05
internal_weight=8990 2796 140 87 2656 654 206 152 107 2002 507 156 135 1495 505 450 990 372 618 55 6194 1159 446 256 150 111 5035 4307 728 312
internal_count=8990 2796 140 87 2656 654 206 152 107 2002 507 156 135 1495 505 450 990 372 618 55 6194 1159 446 256 150 111 5035 4307 728 312
is_linear=0
shrinkage=0.05


Tree=285
num_leaves=31
num_cat=0
split_feature=286 313 368 283 354 68 377 208 13 328 30 348 387 383 89 337 357 242 49 336 72 351 307 308 393 362 277 317 88 368
split_gain=4.22563e-05 0.000217185 0.000252123 0.000220522 0.000328497 0.00033978 0.000379997 0.000408065 0.00013124 0.00026751 0.000313669 0.000363521 0.000533661 0.00042089 0.000252974 0.000358878 0.000346494 0.0002625 0.000192067 0.000150282 0.000307799 0.000193111 0.000271493 0.000266677 0.000259442 0.000253193 0.000214065 0.000192753 0.000234956 0.000149398
threshold=-0.00033068783068784991 0.013197461335139651 0.8227180505002204 -0.0015644323831927496 0.036889463694159304 0.86541005291005213 -0.21233703153697334 1.2452393141312965 0.0024801587301586004 -0.008135713416424899 -0.098106682557140792 0.011950614025185602 0.064682247525264372 0.22797539407792514 -0.69495095916293248 0.014761228248910551 -0.018518518518517945 -1.2557974732035568 -0.30786097995001394 0.022156084656085102 0.76679070095368562 -0.021521150646002445 -0.00033068783068774995 0.0010050254640126004 1.7166229736177672 0.078703703703704123 -1.0402664963188222 -0.06076207484637234 0.16832010582010601 0.45900078836041552
decision_type=10 10 8 10 8 2 10 10 2 8 2 10 10 10 2 10 10 10 2 10 2 10 10 10 2 10 10 10 2 10
left_child=1 3 -3 4 5 6 -1 -8 14 10 -10 -12 13 -13 15 16 -2 -18 -19 21 27 22 -11 26 -24 -25 -23 -21 -29 -16
right_child=8 2 -4 -5 -6 -7 7 -9 9 19 11 12 -14 -15 29 -17 17 18 -20 20 -22 23 24 25 -26 -27 -28 28 -30 -31
leaf_value=0 0 -0.00010976518991420142 0 3.0911295634654711e-08 0 0 0.00016999971349069881 0 0 0 0 -0.00023649646044327172 0 0 1.6032107358405387e-05 0 0 0 0.00028983667746815587 0 7.8272086221658308e-06 3.8299415920629081e-05 5.2380865548190341e-05 -9.6920294584940331e-05 -7.8106209473539904e-06 0 -4.6473896908178716e-06 0 -0.00012639645011728749 -2.4354882596763673e-05
leaf_weight=31 22 80 25 1564 113 82 155 48 633 545 225 88 48 39 682 34 24 39 44 95 97 327 652 142 65 30 2563 27 137 334
leaf_count=31 22 80 25 1564 113 82 155 48 633 545 225 88 48 39 682 34 24 39 44 95 97 327 652 142 65 30 2563 27 137 334
internal_value=0 6.25296e-06 -5.64381e-05 1.20671e-05 4.42848e-05 7.25277e-05 0.000103592 0.000130564 -1.85071e-06 -5.60303e-06 -2.86524e-05 -6.38728e-05 -0.000120467 -0.000174613 1.20901e-05 7.02446e-05 0.000114819 0.000154853 0.000196983 0 -3.16848e-05 2.052e-06 1.92119e-05 -3.38796e-06 3.99513e-05 -6.38599e-05 0 -6.57776e-05 -9.88332e-05 0
internal_weight=8990 2098 105 1993 429 316 234 203 6892 5713 1033 400 175 127 1179 163 129 107 83 4680 356 4324 1262 3062 717 172 2890 259 164 1016
internal_count=8990 2098 105 1993 429 316 234 203 6892 5713 1033 400 175 127 1179 163 129 107 83 4680 356 4324 1262 3062 717 172 2890 259 164 1016
is_linear=0
shrinkage=0.05


Tree=286
num_leaves=31
num_cat=0
split_feature=310 339 66 78 208 377 248 258 31 374 275 249 386 393 363 76 229 19 257 310 339 315 338 225 276 247 379 201 203 58
split_gain=4.29917e-05 0.000132837 0.00012476 0.000154032 7.09075e-05 0.000200825 0.000325569 0.000443656 0.000477936 0.000387759 0.000250277 0.000226963 0.00022362 0.000245866 0.000208453 0.000187934 0.00016719 0.000149282 0.000342268 0.000403041 0.000408027 0.000338263 0.000258197 0.000189752 0.000164918 0.000160067 0.00012643 0.000378935 0.000248809 0.000112066
threshold=-0.28160858200425948 -0.0036210110422527498 -0.50057083715338491 0.34242724867724905 -1.3097646345338532 -0.054118209065995695 -0.9832875764716289 0.79337049207025645 0.95916005291005313 0.016956092766675503 -0.52972741577135241 1.8083639500645587 -0.28800731117332062 1.9033647200308301 -0.65440226506675969 0.70181679711639644 1.6280636189323181 0.61109025803892714 -0.55659578053839287 -0.019802006166496997 -0.061129306572553894 0.0061304340315546007 -0.025628306878306948 1.4781301180807296 -1.0524563183804687 -0.29899194042500599 0.49964898505219096 -0.24617888860104672 -0.79093002103342491 -0.72626611053850898
decision_type=8 10 2 2 8 10 10 10 2 10 10 10 10 2 10 2 10 2 10 10 10 10 10 10 10 10 10 10 10 2
left_child=1 -1 -3 -4 5 10 14 26 9 -9 11 -2 -13 -14 -7 -12 -17 29 19 -19 -21 -22 -20 24 -24 -25 28 -28 -8 -6
right_child=4 2 3 -5 17 6 7 8 -10 -11 15 12 13 -15 -16 16 -18 18 22 20 21 -23 23 25 -26 -27 27 -29 -30 -31
leaf_value=0 0 0 0 -0.00013975324432544727 3.3437669403587572e-05 -9.7480566502972118e-05 0.00012962763091229514 0.00016169618706767379 0 0 0 0 -0.00015517972056074006 0 0 0.00011405072987865175 0 0 -9.010458866397392e-05 0 -0.00015632977577193007 0 0 -8.9495760791711025e-05 7.5932458491634081e-05 0 -0.0001381289389700662 0 0 0
leaf_weight=84 62 23 21 58 253 61 45 178 192 75 198 56 99 26 169 70 29 74 62 28 168 29 99 50 178 88 59 62 298 6096
leaf_count=84 62 23 21 58 253 61 45 178 192 75 198 56 99 26 169 70 29 74 62 28 168 29 99 50 178 88 59 62 298 6096
internal_value=0 -2.38296e-05 -6.54802e-05 -9.73524e-05 4.52518e-07 1.00697e-05 2.34933e-05 3.9006e-05 7.48293e-05 0.000120698 -8.98575e-06 -5.15207e-05 -8.18305e-05 -0.000119007 -1.6076e-05 8.99184e-06 7.05933e-05 -1.11213e-06 -2.21042e-05 -6.42543e-05 -9.98104e-05 -0.000128657 0 1.84507e-05 4.70947e-05 -2.83174e-06 0 -3.85822e-05 1.98954e-05 6.66399e-07
internal_weight=8990 186 102 79 8804 1679 1139 909 445 253 540 243 181 125 230 297 99 7125 776 299 225 197 477 415 277 138 464 121 343 6349
internal_count=8990 186 102 79 8804 1679 1139 909 445 253 540 243 181 125 230 297 99 7125 776 299 225 197 477 415 277 138 464 121 343 6349
is_linear=0
shrinkage=0.05


Tree=287
num_leaves=31
num_cat=0
split_feature=36 207 367 339 46 89 36 390 260 225 388 264 237 337 66 335 264 237 386 398 76 293 369 329 227 373 324 362 386 89
split_gain=4.15714e-05 0.000129479 0.000110432 0.000101317 0.000112953 0.00012691 9.47936e-05 0.000131179 0.000123043 0.000104529 8.90402e-05 7.25937e-05 0.000238719 0.000414881 0.000338429 0.000244972 0.000217769 0.000376886 0.000353843 0.000335567 0.000198982 0.000328124 0.000266361 0.000187227 0.000282019 0.000212407 0.00017909 0.000414429 0.000178203 0.00018179
threshold=0.99785052910052918 -0.57006495413162683 -0.52695105820105781 0.024410133279303452 0.67179232804232802 1.4649421027307163 0.98908730158730152 1.3450789438868322 -0.5398996047236071 2.0300501146093231 0.75120026316541932 1.1688056133231148 0.012294361549290051 0.024442599547419102 0.9577661040364851 0.0023484126845599502 0.50266539720991743 0.080224345442807363 -0.011650945605707648 0.0027212604375202007 0.15781922366796705 -0.023530497410188547 0.0063916612196300007 -0.0086658647582821494 -0.50422841806662777 -0.0066137566137562491 -0.023979635115940597 0.063988095238095469 -0.14240027461941232 0.69189854208219204
decision_type=2 10 10 10 2 2 2 2 10 10 2 10 10 10 2 10 10 10 10 2 2 10 10 10 10 10 10 10 10 2
left_child=6 -2 -3 4 5 -4 11 -8 -9 10 -10 16 26 14 15 -14 20 23 -19 -20 -1 22 -22 25 -25 -18 28 -28 -13 -30
right_child=1 2 3 -5 -6 -7 7 8 9 -11 -12 12 13 -15 -16 -17 17 18 19 -21 21 -23 -24 24 -26 -27 27 -29 29 -31
leaf_value=-1.2153523878205911e-06 0 0 0.00011512806796657859 0 0 0 0 0 -0.00012359283756706175 0 0 0 0.00013640799413336724 -2.2477676185692798e-05 0 1.5652525048144575e-06 -1.2786520569768891e-05 0 -0.00015325227621753408 0 8.4406618609685671e-05 -2.5126751620007271e-05 0 -0.00013177797125204713 0 5.2902153423253983e-05 0 -0.00013152327787503153 9.750601129979744e-05 0
leaf_weight=5754 149 41 117 20 29 40 190 29 89 20 24 122 172 101 108 146 60 130 137 36 268 111 253 57 125 251 186 83 100 42
leaf_count=5754 149 41 117 20 29 40 190 29 89 20 24 122 172 101 108 146 60 130 137 36 268 111 253 57 125 251 186 83 100 42
internal_value=0 1.58389e-05 4.1378e-05 5.82433e-05 7.15396e-05 8.86573e-05 -7.2826e-07 -2.61917e-05 -5.92722e-05 -8.11773e-05 -0.000100327 0 1.25374e-05 3.79223e-05 6.39787e-05 9.02373e-05 -1.43796e-06 -2.63851e-05 -7.02646e-05 -0.000117283 8.89061e-07 2.79558e-05 4.88629e-05 0 -3.96664e-05 2.41571e-05 -3.18502e-06 -3.86228e-05 1.39927e-05 5.91529e-05
internal_weight=8990 396 247 206 186 157 8594 352 162 133 113 8242 1060 527 426 318 7182 796 303 173 6386 632 521 493 182 311 533 269 264 142
internal_count=8990 396 247 206 186 157 8594 352 162 133 113 8242 1060 527 426 318 7182 796 303 173 6386 632 521 493 182 311 533 269 264 142
is_linear=0
shrinkage=0.05


Tree=288
num_leaves=31
num_cat=0
split_feature=322 202 351 296 397 357 15 331 349 332 369 50 379 232 265 235 283 65 85 257 244 40 265 349 246 369 342 239 204 248
split_gain=4.20947e-05 0.000198377 0.000277611 0.000293565 0.000241015 0.000216866 0.000217161 0.000187572 0.000170534 0.000270914 0.000284582 0.000218874 0.000269474 0.000303115 0.000366153 0.000199474 0.000181859 0.000205374 0.000179968 0.000149171 0.000148584 0.000124949 0.000101895 0.000222457 0.000356297 0.000347064 0.00026528 0.000296318 0.000362121 0.000259064
threshold=0.009487157466613003 -0.42780540858966609 -0.24256765551993684 0.0013405670990034502 -0.47940251041694887 0.032738095238095455 0.90128968253968311 0.0014145418647463002 0.077441558225715509 -0.01343536948076045 0.34454138222112485 -1.0445585730842299 -0.019451840834173346 -0.42351359178568532 1.7070908629279806 0.12907058900295734 -0.0016838791999352497 -0.12712230326223398 -0.89676568047526439 -1.5288984090573485 1.4244620570056907 0.73344188311859571 1.0616771805637402 0.086171183645924965 -1.0000000180025095e-35 0.022877608296349956 0.041645593191540708 -0.047794601808196148 1.5937544600874107 1.6827184083604305
decision_type=10 10 10 10 2 10 2 10 10 10 10 2 10 10 10 10 10 2 2 10 10 2 8 10 10 10 10 10 10 10
left_child=22 2 7 4 -4 6 -6 -2 11 10 20 16 15 -14 -15 18 -3 -18 -13 -17 21 -10 23 24 29 26 27 -25 -29 -1
right_child=1 8 3 -5 5 -7 -8 -9 9 -11 -12 12 13 14 -16 19 17 -19 -20 -21 -22 -23 -24 25 -26 -27 -28 28 -30 -31
leaf_value=4.1696179144326064e-05 0.00010180377567411562 0 0 0 -0.00010799096721742575 0 0 0 0.00021053203109235946 0 0 0 0 -0.00010555515297680837 0 0 0 0.00012054816979883989 8.9039279743552581e-05 -6.5008230121270833e-05 0 0 -1.1146304583419355e-05 0 2.8156723063138276e-07 8.399717573077276e-06 0 -0.00011401369826921383 0 -5.8380070940876649e-06
leaf_weight=1173 50 33 66 140 312 55 72 54 56 208 22 47 193 237 28 69 24 85 114 99 28 23 1071 153 3412 567 118 256 73 152
leaf_count=1173 50 33 66 140 312 55 72 54 56 208 22 47 193 237 28 69 24 85 114 99 28 23 1071 153 3412 567 118 256 73 152
internal_value=0 -6.46944e-06 -2.76931e-05 -4.34558e-05 -6.21677e-05 -7.62755e-05 -8.97917e-05 2.19832e-05 2.1391e-06 3.50442e-05 9.19399e-05 -4.41836e-06 -1.94167e-05 -4.59818e-05 -8.06976e-05 2.37425e-06 4.3475e-05 8.14188e-05 5.31248e-05 -1.65202e-05 0.000129739 0.000165791 1.7309e-06 4.91388e-06 1.0341e-05 -1.28305e-05 -4.12231e-05 -5.90841e-05 -8.58187e-05 3.24699e-05
internal_weight=8990 2015 749 645 505 439 384 104 1266 337 129 929 787 458 265 329 142 109 161 168 107 79 6975 5904 4737 1167 600 482 329 1325
internal_count=8990 2015 749 645 505 439 384 104 1266 337 129 929 787 458 265 329 142 109 161 168 107 79 6975 5904 4737 1167 600 482 329 1325
is_linear=0
shrinkage=0.05


Tree=289
num_leaves=31
num_cat=0
split_feature=48 379 399 236 386 267 17 337 251 88 200 72 386 279 35 85 91 241 392 351 370 351 232 268 65 283 302 90 384 312
split_gain=4.24269e-05 0.000176394 0.000292521 0.000299856 0.000479152 0.000279807 0.000220687 0.000307135 0.00027907 0.000264881 0.000217368 0.000151517 0.000102487 0.000182238 0.000234537 0.000226659 0.000375258 0.000262777 9.8089e-05 0.000217863 0.000267145 0.00012285 0.00011855 8.83483e-05 0.000237675 0.000506662 0.000749934 0.000178937 0.000158457 0.000352078
threshold=1.5117874714062551 -0.0074626759664532987 -0.58012044163025966 1.3972711156641677 -0.13544220509559782 0.079771708659866505 0.48660617990460958 -0.045152982094791592 -1.2559043994214478 0.13458994708994701 0.63175000566004103 -0.05686050510425119 -0.09200241323990023 -0.68397492652497516 0.70973875661375641 1.1159812339109303 -0.14251117465421628 1.4325498787945958 0.96190445962706983 -0.00074832088909624987 0.042444590343921458 0.0015048163917334501 1.5987967182619267 -0.018286120683247146 -0.15651379585865974 -0.0015813305745365997 0.021128709874620004 0.51884920634920617 0.76105195351323951 -0.0037365768581309497
decision_type=2 8 2 10 10 10 2 10 10 2 10 2 10 10 2 2 2 10 2 10 10 8 10 10 2 10 10 2 10 10
left_child=12 6 3 -3 -5 -6 7 -2 -9 -10 -11 -4 13 -1 15 16 -15 -18 21 -20 -21 -16 -23 24 -14 26 27 -26 -25 -30
right_child=1 2 11 4 5 -7 -8 8 9 10 -12 -13 23 14 18 -17 17 -19 19 20 -22 22 -24 28 25 -27 -28 -29 29 -31
leaf_value=-1.1660490632999081e-05 0 0 0 0 0.00026967816485225877 0 0 0 0 -0.00024816472795064089 0 -0.00010415350560991253 0 0 0 0 0.00021126129046099789 0 1.3800164901718099e-05 -0.00012070777803316498 0 8.5130010113384271e-05 0 0 -0.00032615534621820543 0 0 0 0.00010527593392162414 0
leaf_weight=168 34 80 43 99 42 24 108 25 24 61 20 64 1657 68 138 33 77 22 97 83 43 115 23 4987 41 442 60 28 118 166
leaf_count=168 34 80 43 99 42 24 108 25 24 61 20 64 1657 68 138 33 77 22 97 83 43 115 23 4987 41 442 60 28 118 166
internal_value=0 -1.2598e-05 0 4.11355e-05 8.39796e-05 0.000189044 -4.45499e-05 -8.15658e-05 -0.000119556 -0.000155986 -0.000199242 -5.43669e-05 9.15779e-07 1.73976e-05 3.15342e-05 7.99594e-05 0.000105106 0.000167613 2.09514e-06 -8.67018e-06 -6.56171e-05 2.89026e-05 6.24023e-05 -3.23229e-07 -9.21224e-06 -3.70341e-05 -0.00012601 -0.000238324 2.4856e-06 3.8846e-05
internal_weight=8990 624 352 245 165 66 272 164 130 105 81 107 8366 867 699 200 167 99 499 223 126 276 138 7499 2228 571 129 69 5271 284
internal_count=8990 624 352 245 165 66 272 164 130 105 81 107 8366 867 699 200 167 99 499 223 126 276 138 7499 2228 571 129 69 5271 284
is_linear=0
shrinkage=0.05


Tree=290
num_leaves=31
num_cat=0
split_feature=397 366 227 349 63 56 336 348 19 318 399 68 239 383 56 272 297 320 379 375 254 33 372 326 380 297 198 284 339 392
split_gain=4.16779e-05 0.00015173 0.000186373 0.000139402 0.000158068 0.000158544 0.000172988 9.71633e-05 0.000121605 0.000196471 0.000142793 0.000107629 8.73501e-05 0.000197858 0.000199144 0.000205867 0.000207366 0.000211858 0.000130389 0.000281363 0.000281688 0.00034386 0.000165991 0.000381763 0.000314218 0.000402836 0.000227688 0.000291024 0.000256975 0.000246384
threshold=-0.46366599580580997 0.23229282373752097 0.061199170551601158 -0.24686407720678513 0.10697751322751302 0.20949074074074103 -0.022486772486772399 -0.04779683534429819 -0.52015323857769291 -0.09367608909520013 -0.50024796191785315 0.021246693121693156 -1.3932140575762821 0.0021040894123287002 0.11474867724867717 -1.0371165282051369 -0.0031839994726478495 -0.0099067316102701992 -0.81935358968479277 -0.0035581201529261996 0.50492346420650824 0.22429844652335071 -0.0024919805059198997 -0.089621440793037632 0.0051535048858205009 0.00077209664340790009 -1.2488708458210545 -0.00033068783068794999 -0.018281193579154396 1.0530087370386534
decision_type=2 10 10 10 2 2 10 10 2 10 2 2 10 8 2 10 10 10 10 8 10 2 10 10 10 10 10 10 10 2
left_child=1 2 3 -1 -5 -6 -7 -3 -9 10 11 -10 13 14 -2 -16 -17 -18 19 -14 21 -21 23 -20 -25 -26 28 29 -24 -28
right_child=12 7 -4 4 5 6 -8 8 9 -11 -12 -13 18 -15 15 16 17 -19 22 20 -22 -23 26 24 25 -27 27 -29 -30 -31
leaf_value=0 0 3.5523450226135093e-06 0 0 0 0 0.00011207789911154908 0 0 0 0 -0.00017970908869365356 0 0 0 0 0 -0.00011436249901560477 4.1121842477468712e-07 0.00016908815775688619 0 0 0 0 -9.9156322231178058e-05 0 -7.2165997197849683e-05 1.9251874415932715e-06 4.5001444028981564e-05 0
leaf_weight=21 57 128 351 45 60 22 198 119 20 44 25 52 355 358 25 20 74 213 1113 90 69 74 254 369 320 127 257 3378 610 142
leaf_count=21 57 128 351 45 60 22 198 119 20 44 25 52 355 358 25 20 74 213 1113 90 69 74 254 369 320 127 257 3378 610 142
internal_value=0 9.14343e-06 2.5407e-05 5.14432e-05 6.23646e-05 7.69741e-05 9.66489e-05 -7.18803e-06 -3.16983e-05 -6.32991e-05 -0.000104311 -0.000140018 -1.30574e-06 -1.76164e-05 -4.32102e-05 -6.07184e-05 -7.52512e-05 -8.86731e-05 0 2.29129e-05 6.58952e-05 0.000102271 -1.61883e-06 -1.44062e-05 -4.07409e-05 -6.91858e-05 2.619e-06 -1.45171e-06 2.61987e-05 -4.25626e-05
internal_weight=8990 1085 697 346 325 280 220 388 260 141 97 72 7905 747 389 332 307 287 7158 588 233 164 6570 1929 816 447 4641 3777 864 399
internal_count=8990 1085 697 346 325 280 220 388 260 141 97 72 7905 747 389 332 307 287 7158 588 233 164 6570 1929 816 447 4641 3777 864 399
is_linear=0
shrinkage=0.05


Tree=291
num_leaves=31
num_cat=0
split_feature=309 13 47 262 259 207 278 267 202 377 294 377 264 345 299 84 387 66 208 89 389 252 299 321 285 19 331 46 352 76
split_gain=4.08861e-05 0.000173917 0.000252497 7.06627e-05 0.000173918 0.000383436 0.000350871 0.000123844 0.000286264 0.000494561 0.000339905 0.000247745 0.000368926 0.000236696 0.000191821 0.000244052 0.000234743 0.000246153 0.000158633 0.000207742 0.000384644 0.000373523 0.000324625 0.000285985 0.000203162 0.000169916 0.00023906 0.000334581 0.000160237 0.000142882
threshold=0.033185669464109911 0.0057870370370370012 0.97734788359788405 -0.8486786927043406 0.6363619253748517 0.066263469965787011 -0.73851134997384993 -1.1407399482757536 -0.17043437921357793 -0.035260892431942338 0.0003306878306873501 0.042695799580157207 0.53482295756415998 0.0046296296296289502 0.19123606102476953 0.17013888888888903 0.040110058310283907 1.0339241316131302 -0.97230902999090096 -1.0104378719919798 0.057796337208101602 -0.63642425138819536 -0.12972337546787246 0.020097935178188954 -0.00036271310984909994 0.61109025803892714 0.0088970993721869517 0.42807539682539703 0.031998030857776409 0.11478118446126852
decision_type=10 2 2 8 10 10 10 10 10 10 10 10 10 10 10 2 8 2 10 2 2 10 10 10 10 2 10 2 10 2
left_child=3 2 -2 4 -1 -6 -7 8 14 10 -10 12 -11 -13 16 -16 17 -5 19 22 23 -22 -9 -21 -24 29 27 -27 -28 -20
right_child=1 -3 -4 7 5 6 -8 18 9 11 -12 13 -14 -15 15 -17 -18 -19 25 20 21 -23 24 -25 -26 26 28 -29 -30 -31
leaf_value=0 -0.00015104025511896701 0 0 0.00010277041206211309 0 0 0.00016397274755228735 0 0 0 -0.00016332683880168877 -8.5862871899118685e-05 0.00014563867244392391 0 0 -0.00011475206686156884 0 0 -2.4844782376637247e-06 0 0.00012214236445352554 0 0.00016357571764770117 -8.6770240919323077e-05 0 -8.2753752375317903e-05 5.1521969432658122e-05 0 -2.7156944459899196e-05 1.7007483422939857e-05
leaf_weight=485 51 105 47 142 87 45 91 72 75 69 116 125 57 40 62 60 123 75 4123 514 119 290 83 113 27 272 128 152 82 1160
leaf_count=485 51 105 47 142 87 45 91 72 75 69 116 125 57 40 62 60 123 75 4123 514 119 290 83 113 27 272 128 152 82 1160
internal_value=0 -2.2158e-05 -7.38148e-05 5.33176e-07 1.58927e-05 5.24456e-05 0.00010748 -1.94149e-07 -1.76923e-05 -4.57911e-05 -0.000108442 0 4.78575e-05 -4.47451e-05 8.06258e-07 -3.85304e-05 2.96299e-05 6.38631e-05 1.42041e-06 1.81816e-05 4.16594e-06 4.53945e-05 7.04594e-05 -1.47577e-05 0.000124829 -1.18508e-06 -2.60193e-05 -4.92083e-05 0 8.49242e-07
internal_weight=8990 203 98 8787 708 223 136 8079 944 482 191 291 126 165 462 122 340 217 7135 1218 1036 409 182 627 110 5917 634 424 210 5283
internal_count=8990 203 98 8787 708 223 136 8079 944 482 191 291 126 165 462 122 340 217 7135 1218 1036 409 182 627 110 5917 634 424 210 5283
is_linear=0
shrinkage=0.05


Tree=292
num_leaves=31
num_cat=0
split_feature=241 54 255 353 243 35 289 319 235 273 299 328 346 72 367 367 238 232 255 19 69 200 63 343 366 353 76 69 236 200
split_gain=3.96162e-05 0.000176727 0.000281773 0.000336785 0.000357632 0.00038821 0.000395778 0.000205171 0.000382366 0.000208697 0.000198281 0.000324336 0.000177021 0.000200675 0.000293661 0.00032832 0.000180435 0.000149713 0.000182766 0.000160751 0.000202376 0.000144783 0.000269051 0.000158004 0.000142926 0.00022676 0.000317596 0.000362782 0.000217721 0.000243533
threshold=0.75617667604501959 0.63508597883597917 0.49255036953883097 0.0033962427415051505 1.5985644817672944 0.99156746031746013 -0.084798983999468433 -0.0030796305328644495 0.21072847388964291 2.1564698246686382 -0.10279683420865389 0.016474051881220704 0.00046576621905530005 -0.55552345170462336 -0.046461640211639947 0.43171296296296319 1.1957568499052735 0.79533038749079588 -1.4854789997118496 -0.5984907054638029 -0.95311559715382588 0.43369223048612887 0.45453042328042309 -0.015790343915341298 2.3930551750651827 0.096295623049037563 0.045439506757363156 0.22955102154280652 0.48158968284658427 1.6806622452565498
decision_type=8 2 10 10 10 2 10 10 10 10 10 10 8 2 10 10 10 10 10 2 2 10 2 10 8 8 2 2 10 10
left_child=24 12 3 4 5 6 -3 10 9 -9 -5 -12 17 -14 -15 16 -16 21 -19 -20 -21 -2 -23 -24 25 -1 -27 28 29 -28
right_child=1 2 -4 7 -6 -7 -8 8 -10 -11 11 -13 13 14 15 -17 -18 18 19 20 -22 22 23 -25 -26 26 27 -29 -30 -31
leaf_value=0 -1.6295968803406048e-05 0 0 0 0 0 -0.00021935662265352079 -0.00015235059072233782 0 0 0.00018481207244024078 0 -1.1153300373262714e-05 0 0.0001108197514507489 0 0 0 0 0 -0.00012892292266527489 0 0 0.00012033148494834192 -3.9628465341121594e-05 0 0.00015634620337792322 0 0 0
leaf_weight=5337 416 23 320 46 29 37 102 80 45 22 42 26 148 270 230 121 23 20 74 24 111 104 34 91 180 668 144 135 61 27
leaf_count=5337 416 23 320 46 29 37 102 80 45 22 42 26 148 270 230 121 23 20 74 24 111 104 34 91 180 668 144 135 61 27
internal_value=0 -5.43834e-06 -2.57596e-05 -5.18784e-05 -0.000103793 -0.000134967 -0.000177092 0 -5.09276e-05 -0.000114452 3.39364e-05 9.59616e-05 9.78198e-07 2.06129e-05 3.56765e-05 6.44507e-05 9.68646e-05 -1.10945e-05 -4.58621e-05 -6.7005e-05 -9.96168e-05 0 3.313e-05 8.59464e-05 2.02744e-06 3.98943e-06 2.54097e-05 6.31142e-05 0.000101034 0.000130493
internal_weight=8990 2438 772 452 191 162 125 261 147 102 114 68 1666 792 644 374 253 874 229 209 135 645 229 125 6552 6372 1035 367 232 171
internal_count=8990 2438 772 452 191 162 125 261 147 102 114 68 1666 792 644 374 253 874 229 209 135 645 229 125 6552 6372 1035 367 232 171
is_linear=0
shrinkage=0.05


Tree=293
num_leaves=31
num_cat=0
split_feature=207 71 387 388 202 321 312 277 215 215 64 357 331 312 219 208 380 346 274 254 25 30 25 384 356 264 356 64 294 344
split_gain=4.02779e-05 0.000157427 0.000190106 0.000169693 0.000206464 0.000172334 0.000157854 0.000172048 0.000148061 0.000254235 0.000175846 0.00019832 0.000152926 0.000133709 0.000220123 0.000300716 0.000198562 0.000239282 0.000141262 0.000222033 0.000298841 0.000271961 0.000351349 0.000209593 0.000206825 0.000341929 0.000226258 0.000193727 0.000169198 0.000168703
threshold=-0.76135746785955261 0.5710978835978836 0.085729060325671055 -0.010416969069203847 0.62082140182242773 -0.010801309214885998 -0.055612817555107587 1.0257142516690774 0.033569368848751356 -1.1820497418979594 0.52814561525698334 -0.029100529100528946 0.013204686002673952 -0.22314355131419059 -1.3031274194895881 -2.2652824192085537 0.16096091265988097 -0.029742818748267844 0.48343197020825784 0.31580760681922732 0.018022486772486804 0.40719754003214309 0.087466931216931207 -0.033659514240414946 0.013097749448545502 -0.0096680266024173483 0.1543813257364561 -0.60298443798107393 0.00033068783068795009 0.020277070977498403
decision_type=10 2 10 2 10 10 10 10 10 10 2 10 10 10 10 10 10 10 10 10 2 2 2 10 10 10 10 2 10 10
left_child=1 2 3 4 -1 -5 -4 -8 9 -3 11 -11 -13 14 -2 -16 17 -17 19 -15 23 22 -22 27 -20 26 -26 -21 -23 -25
right_child=13 8 6 5 -6 -7 7 -9 -10 10 -12 12 -14 18 15 16 -18 -19 24 20 21 28 -24 29 25 -27 -28 -29 -30 -31
leaf_value=-5.7497022764525096e-05 0 0 0 -2.2016529107129777e-05 0 3.1832930256236445e-05 9.6791579230553118e-05 0 0 0 0 -0.00011616271804263382 0 9.8306939721173347e-07 0 0 0 0.00015748678381768434 0 0.00012747115132281914 -9.1482733969434224e-05 6.1909301224985662e-05 0 0 9.5850915591018501e-05 0 0 0 -3.0946098126269308e-05 -9.0173310753002817e-05
leaf_weight=277 35 357 55 144 86 389 139 88 312 23 110 206 27 3514 33 20 34 111 1139 61 350 88 282 196 241 399 62 69 89 54
leaf_count=277 35 357 55 144 86 389 139 88 312 23 110 206 27 3514 33 20 34 111 1139 61 350 88 282 196 241 399 62 69 89 54
internal_value=0 -5.86642e-06 3.2092e-06 -3.16545e-06 -3.31869e-05 7.90398e-06 4.11816e-05 6.20029e-05 -2.10257e-05 -3.38338e-05 -6.32226e-05 -8.62004e-05 -0.000101443 1.90255e-06 3.92335e-05 6.77433e-05 0.000100299 0.000128279 0 -4.00943e-06 -2.29681e-05 -4.11752e-05 -5.69716e-05 2.63999e-06 1.22781e-05 3.36417e-05 7.37691e-05 6.25177e-05 0 -8.51695e-06
internal_weight=8990 2213 1178 896 363 533 282 227 1035 723 366 256 233 6777 233 198 165 131 6544 4703 1189 809 632 380 1841 702 303 130 177 250
internal_count=8990 2213 1178 896 363 533 282 227 1035 723 366 256 233 6777 233 198 165 131 6544 4703 1189 809 632 380 1841 702 303 130 177 250
is_linear=0
shrinkage=0.05


Tree=294
num_leaves=31
num_cat=0
split_feature=286 352 64 235 202 39 39 228 211 48 354 91 50 311 13 274 273 295 218 55 49 217 73 335 201 16 382 324 317 30
split_gain=3.95104e-05 0.000250499 0.000295962 0.000578009 0.000329834 0.000460899 0.000248179 0.000256537 0.000281284 0.000180801 0.000170309 0.000152613 0.000129216 0.000184561 0.00017503 0.000167667 0.00015563 0.000134258 0.000251603 0.00012142 0.000260568 0.000185354 0.00026631 0.000176759 0.000119321 0.000327594 0.000194451 0.000283355 0.000284386 0.000187316
threshold=-0.00033068783068784991 -0.0030659851019118494 -0.58952172045270246 -1.0777137440030036 -0.62653082826670248 1.4604450748220152 1.2171125103408851 -0.036228036092846937 -0.31809665969694684 -0.18159062004783247 0.10617941927974421 -0.30889674044474419 0.23658441493283003 -0.00033068783068784991 0.0057870370370370012 1.3010634014465505 -0.85494486946769344 -0.00092117095579979989 0.26421463348161706 -0.18349174120871892 0.34519720287044015 0.93126039731081434 0.20763548906927501 -0.011989944288725398 -0.96704124551020287 -0.8292903530552459 0.48709145308433965 0.12151842235921641 -0.067448494795168484 1.0086053090166367
decision_type=10 8 2 10 10 2 2 10 10 2 10 2 2 10 2 10 10 10 10 2 2 10 2 10 8 2 10 10 10 2
left_child=1 6 3 -3 -5 11 7 8 -1 -10 -11 -6 13 15 -14 -4 -16 -15 -19 20 -9 22 -21 -22 25 26 27 28 -2 -26
right_child=24 2 12 4 5 -7 -8 19 9 10 -12 -13 14 17 16 -17 -18 18 -20 21 23 -23 -24 -25 29 -27 -28 -29 -30 -31
leaf_value=0 0 0 0.00011769832300216127 0 0 0 2.6288044795265373e-05 0 0 -0.00016996552566241798 0 0.00021167874206931656 0 -4.6068098119125136e-05 0 0 -9.495815986501857e-05 7.7993749247322534e-05 0 -0.00013132584766652522 0 0 0 0.00016898886661342522 -8.9373419990928911e-07 0 0 0 0.00017447637084524919 -3.025298868296888e-05
leaf_weight=164 23 161 80 52 20 20 223 143 68 96 22 115 191 93 55 26 102 126 116 75 33 20 54 43 5319 637 102 44 95 672
leaf_count=164 23 161 80 52 20 20 223 143 68 96 22 115 191 93 55 26 102 126 116 75 33 20 54 43 5319 637 102 44 95 672
internal_value=0 5.9953e-06 2.30374e-05 6.06494e-05 0.000116255 0.00015285 -9.64595e-06 -2.77714e-05 -5.84279e-05 -0.000101 -0.000141073 0.000188017 0 2.27874e-05 -1.64321e-05 8.06693e-05 -5.81689e-05 0 2.38803e-05 0 2.50512e-05 -3.3372e-05 -6.98253e-05 0.000101818 -1.84113e-06 1.37583e-05 6.12119e-05 9.54124e-05 0.00013599 -5.02193e-06
internal_weight=8990 2098 1157 368 207 155 941 718 350 186 118 135 789 441 348 106 157 335 242 368 219 149 129 76 6892 901 264 162 118 5991
internal_count=8990 2098 1157 368 207 155 941 718 350 186 118 135 789 441 348 106 157 335 242 368 219 149 129 76 6892 901 264 162 118 5991
is_linear=0
shrinkage=0.05


Tree=295
num_leaves=31
num_cat=0
split_feature=203 354 44 248 352 346 378 387 362 224 203 335 227 326 356 44 365 258 351 49 323 89 226 208 237 237 323 85 349 29
split_gain=4.11003e-05 0.000111976 0.000233672 0.000155263 0.000158078 0.000192423 0.000191212 9.94341e-05 0.00016204 0.000141286 9.90872e-05 0.000280642 0.000332677 0.000375867 0.000270712 0.000204003 0.000169731 0.000255737 0.000269587 0.000252723 0.000212851 0.000311195 0.000281445 0.000128905 0.000111117 0.000218783 0.000180123 0.000253424 0.000389645 0.000406923
threshold=1.4044140229654565 -0.0142038811915435 0.51967592592592615 -1.271392825892993 0.062798094222194525 -0.0016064301938370996 -0.41126714897078503 0.1266038837059765 0.10648148148148197 0.16942226688868764 0.74018093070211888 -0.042405995555348894 0.9779867126908941 -0.080852151023599092 -0.054258185333344443 0.67311507936507919 -0.20436507936507942 0.49645292708113348 -0.10096541826827794 -0.37479730055041943 0.34723567779583736 1.1419861968699856 -0.25830446379081823 -1.5901701999929962 -0.64344565122926278 -0.87192928142605608 -0.046705387546359591 0.08428978964673442 0.094833813629348465 0.97833994708994709
decision_type=10 10 2 10 10 10 10 10 10 10 8 8 10 10 10 2 10 10 10 2 10 2 10 10 10 10 10 2 10 2
left_child=10 7 3 -3 5 -5 -7 -2 9 -9 24 12 13 -12 -15 -16 20 -18 -19 -20 21 22 -13 -22 25 -1 27 -26 29 -29
right_child=1 2 -4 4 -6 6 -8 8 -10 -11 11 16 -14 14 15 -17 17 18 19 -21 23 -23 -24 -25 26 -27 -28 28 -30 -31
leaf_value=0 0 0 0 0 0 0 0.00011772344990884642 0 0 -0.00013653407187152986 0 0 0 0 -0.00018791249436702503 0 0 0 0 -0.00011526341143071866 -0.00010019658878028561 0 0.00010897517487194156 0 0 -4.1219534828477647e-05 -8.100723567397526e-07 9.7144110608479438e-05 0 0
leaf_weight=762 537 49 420 50 39 49 194 20 24 54 64 21 122 25 111 36 460 76 95 159 32 57 191 90 1068 423 3168 337 157 100
leaf_count=762 537 49 420 50 39 49 194 20 24 54 64 21 122 25 111 36 460 76 95 159 32 57 191 90 1068 423 3168 337 157 100
internal_value=0 7.69538e-06 2.12978e-05 4.98635e-05 6.34194e-05 7.68474e-05 9.53887e-05 -1.59086e-06 -5.05013e-05 -9.40392e-05 -1.53101e-06 -1.30798e-05 -5.1909e-05 -8.72326e-05 -0.000126093 -0.000152323 0 -1.46092e-05 -4.94738e-05 -7.63682e-05 2.55694e-05 5.41076e-05 8.5921e-05 0 5.92797e-07 -1.20441e-05 4.72851e-06 1.82935e-05 4.47512e-05 7.03603e-05
internal_weight=8990 1436 801 381 332 293 243 635 98 74 7554 1539 358 236 172 147 1181 790 330 254 391 269 212 122 6015 1185 4830 1662 594 437
internal_count=8990 1436 801 381 332 293 243 635 98 74 7554 1539 358 236 172 147 1181 790 330 254 391 269 212 122 6015 1185 4830 1662 594 437
is_linear=0
shrinkage=0.05


Tree=296
num_leaves=31
num_cat=0
split_feature=50 346 255 345 241 303 379 68 91 299 274 387 336 380 378 255 343 44 85 334 207 368 46 338 368 213 372 329 382 378
split_gain=4.21696e-05 0.000128671 0.000206994 0.000264782 0.000260013 0.000169955 0.00016596 0.000170244 0.000212016 0.000153215 0.000145607 0.000113131 0.000197468 0.000154167 0.000131974 8.44201e-05 0.00028726 0.00038508 0.000461757 0.000328952 0.000329587 0.00016313 0.000339626 0.000321375 0.000504286 0.000273596 0.000226936 0.000351951 0.000175219 0.000327634
threshold=1.1240699184160701 0.0016636178230833502 -0.51563327868297104 0.022486772486772253 0.94196700460038574 -0.00033068783068784991 -0.23644721052086112 0.014632936507936551 0.15194148916108302 0.38400373289838158 -0.95186798051894594 0.0040415425187461506 0.011243386243386602 0.023516998449848555 -0.58015682585308592 -1.1987229465315263 0.0006613756613749501 0.60267857142857162 0.27487651739960556 0.0050050155923312004 -0.46033648852022291 -0.047906349022791596 0.11822089947089952 0.025214947089947353 1.2041411550149184 -1.004442422115579 -0.0072683184351099491 -0.019677220810498997 -0.6726532527407908 0.0035692828412037503
decision_type=2 10 10 10 10 10 10 2 2 10 10 10 10 10 10 8 8 2 2 10 10 10 2 10 10 10 10 10 10 10
left_child=15 6 3 4 5 -3 7 -2 -9 -7 -10 -8 13 14 -13 16 21 18 -18 20 -20 25 23 24 -23 28 -27 -28 29 -1
right_child=1 2 -4 -5 -6 9 11 8 10 -11 -12 12 -14 -15 -16 -17 17 -19 19 -21 -22 22 -24 -25 -26 26 27 -29 -30 -31
leaf_value=0 0 0 0 0 0 -0.00019296552886932311 0 0 0 0 0.00018732180626476877 0 0 0 -0.00013525910467127015 -1.1825583165996137e-06 9.0718393688647899e-07 0 0 0 0.00020829879720220398 -0.00012325738470522768 8.3924520236750167e-07 0 0 0 0 0.00011684975257324709 0 -0.00015698060687118382
leaf_weight=46 28 26 134 22 31 82 168 26 22 21 48 20 34 21 84 6270 266 284 30 54 108 211 337 54 58 131 116 157 46 55
leaf_count=46 28 26 134 22 31 82 168 26 22 21 48 20 34 21 84 6270 266 284 30 54 108 211 337 54 58 131 116 157 46 55
internal_value=0 -1.13016e-05 -3.64363e-05 -7.17377e-05 -9.99405e-05 -0.000131991 0 5.44651e-05 9.08822e-05 -0.000161047 0.00013742 -1.19568e-05 -4.55148e-05 -8.11222e-05 -0.000107753 9.51496e-07 1.03625e-05 3.53447e-05 6.42279e-05 0.000125879 0.000167322 -8.17688e-07 -2.1109e-05 -5.94767e-05 -8.5047e-05 1.44143e-05 4.15549e-05 6.80627e-05 -2.61631e-05 -7.29984e-05
internal_weight=8990 767 316 182 160 129 451 124 96 103 70 327 159 125 104 8223 1953 742 458 192 138 1211 660 323 269 551 404 273 147 101
internal_count=8990 767 316 182 160 129 451 124 96 103 70 327 159 125 104 8223 1953 742 458 192 138 1211 660 323 269 551 404 273 147 101
is_linear=0
shrinkage=0.05


Tree=297
num_leaves=31
num_cat=0
split_feature=346 257 345 202 330 201 343 363 264 317 245 370 67 203 245 206 86 76 228 255 275 228 310 245 11 352 264 86 261 335
split_gain=3.97411e-05 0.000323926 0.000409494 0.000398155 0.000290746 0.000268867 0.000289254 0.000215248 0.000255774 0.000257648 0.000255475 0.000307588 0.000225878 0.00028026 0.000165047 0.000268406 0.000302875 0.000203139 0.000181209 8.97195e-05 0.000290261 0.00040116 0.00016384 0.000122724 0.000229403 0.000245344 0.000232352 0.000224388 0.000158622 0.000143609
threshold=0.010334102283931902 -0.92142083550243203 0.013227513227513952 -1.1674358496779089 -0.013305881490521998 1.1885164218865538 -0.0033068783068780495 0.20728188608658196 0.4654186627634484 -0.055602108354607042 -1.513182457600365 0.34019261823608543 2.1090347316576854 1.5964494945489924 -0.2746039542433672 -0.66628246298981908 0.43915343915343952 0.091436867227235513 -1.0306874334477893 -2.473775996446379 -0.47813409271820823 2.0607927450307031 0.001130503859326 -2.1699879085276166 0.012070105820105653 0.035275482562255357 1.1423018983352002 0.030753968253968252 -2.1380108631548658 0.067783276723156968
decision_type=10 10 10 10 10 10 10 10 10 10 10 10 2 10 10 10 2 2 10 8 10 10 10 8 2 10 10 2 8 10
left_child=19 2 3 -2 -5 6 -6 10 -9 -10 11 12 13 -3 15 16 -12 -16 -19 20 -1 22 -22 24 -21 26 27 -26 29 -25
right_child=1 7 -4 4 5 -7 -8 8 9 -11 14 -13 -14 -15 17 -17 -18 18 -20 23 21 -23 -24 28 25 -27 -28 -29 -30 -31
leaf_value=0 0 0.00016088405746323109 0 0 0 0 -0.00018473772477907975 0 0 -0.00017624105723496988 -0.00017887919914895693 0 0 0 0 0 0 0 0.00010834888860407544 0 0.00020429082571749247 0 0 7.8705142934021565e-05 0 0 0 -0.00017829811565697664 1.330774124155686e-09 0
leaf_weight=155 31 115 190 31 26 60 147 249 40 49 50 22 21 32 391 185 52 47 102 129 57 59 20 126 20 40 33 82 6406 23
leaf_count=155 31 115 190 31 26 60 147 249 40 49 50 22 21 32 391 185 52 47 102 129 57 59 20 126 20 40 33 82 6406 23
internal_value=0 -6.54197e-06 -4.25662e-05 -8.02968e-05 -0.000104754 -0.000124704 -0.000157558 2.66475e-06 -2.67281e-05 -9.94356e-05 1.73511e-05 7.05019e-05 0.000100973 0.000124458 0 -2.4681e-05 -9.10221e-05 2.098e-05 7.07144e-05 1.69743e-06 2.9005e-05 8.44463e-05 0.000159988 0 -3.0412e-05 -6.98684e-05 -0.000104245 -0.000141664 1.9743e-06 5.32073e-05
internal_weight=8990 1840 485 295 264 233 173 1355 338 89 1017 190 168 147 827 287 102 540 149 7150 291 136 77 6859 304 175 135 102 6555 149
internal_count=8990 1840 485 295 264 233 173 1355 338 89 1017 190 168 147 827 287 102 540 149 7150 291 136 77 6859 304 175 135 102 6555 149
is_linear=0
shrinkage=0.05


Tree=298
num_leaves=31
num_cat=0
split_feature=397 378 262 360 294 232 363 40 222 397 74 258 376 381 365 302 19 349 238 63 207 47 299 49 335 11 62 358 277 30
split_gain=3.78701e-05 0.000135592 0.000175501 0.000139609 0.00015759 0.000154619 0.00013355 0.000125626 0.000129564 0.000126952 0.000133196 0.000138587 0.000133466 8.19715e-05 0.000253334 0.00032865 0.000305564 0.000265155 0.000143195 0.000339238 0.000152451 0.000287947 0.000104707 0.000231938 0.000266719 0.000394894 0.000103621 0.00036574 0.000148729 0.000215244
threshold=-0.46366599580580997 0.0023155822735298004 1.1210589387270542 0.068375107946469907 -0.00033068783068784991 1.5722900875830739 -0.29000790473791976 0.29827254235304657 -1.6351125758144025 -0.558535070306447 0.58235800924640213 -0.85804677273418994 0.13998765901454208 -2.0818076824430074 -0.5512566137566135 0.056219921565689807 -0.66972459223657832 0.094833813629348465 -0.24875794639902568 0.60863095238095211 0.63181851767219388 0.45320767195767203 0.98445020504373415 0.80697116539248015 -0.014201466312256999 0.0041335978835978513 0.069609788359788358 0.033514439636582412 -1.625353717478965 -0.94016965557038235
decision_type=2 10 10 10 10 10 10 2 10 2 2 10 10 10 10 10 2 10 8 2 10 2 10 2 10 2 2 10 10 2
left_child=1 7 3 4 -3 6 -6 9 -9 10 11 -1 -13 18 15 16 -15 -18 19 -2 -21 -22 26 24 -24 -26 27 -16 29 -28
right_child=13 2 -4 -5 5 -7 -8 8 -10 -11 -12 12 -14 14 22 -17 17 -19 -20 20 21 -23 23 -25 25 -27 28 -29 -30 -31
leaf_value=0 0.0001367445063105014 0 0 0 0 0 0.00010253096170256648 0 7.9616888916940671e-05 0 0 -0.00010471449955203356 0 0 0 0 -0.00020646788120698038 0 0 4.6867260933905671e-05 0 -0.00014641869302222689 0 0 0 -0.00016229554974714192 0 -0.00013683906005148628 0 5.8595933081253576e-05
leaf_weight=24 72 103 91 69 51 22 221 26 70 102 132 139 35 26 231 23 69 25 336 100 33 41 75 43 24 95 81 62 6301 268
leaf_count=24 72 103 91 69 51 22 221 26 70 102 132 139 35 26 231 23 69 25 336 100 33 41 75 43 24 95 81 62 6301 268
internal_value=0 8.81441e-06 2.75278e-05 4.29774e-05 5.5199e-05 7.38487e-05 8.55288e-05 -1.46041e-06 3.54021e-05 -2.12298e-05 -3.93882e-05 -6.53155e-05 -8.273e-05 -1.14532e-06 -3.16115e-06 -6.98025e-05 -0.000112457 -0.000155753 1.56253e-05 4.50792e-05 0 -4.66493e-05 -1.13656e-06 -3.38106e-05 -6.62099e-05 -0.000112885 0 -2.91157e-05 1.26158e-06 3.3097e-05
internal_weight=8990 1085 557 466 397 294 272 528 96 432 330 198 174 7905 7323 143 120 94 582 246 174 74 7180 237 194 119 6943 293 6650 349
internal_count=8990 1085 557 466 397 294 272 528 96 432 330 198 174 7905 7323 143 120 94 582 246 174 74 7180 237 194 119 6943 293 6650 349
is_linear=0
shrinkage=0.05


Tree=299
num_leaves=31
num_cat=0
split_feature=69 251 331 334 50 87 393 235 331 334 376 276 232 299 361 382 215 343 326 307 299 211 335 306 38 207 54 221 73 252
split_gain=3.66286e-05 0.000268509 0.000245863 0.000317287 0.000304887 0.000281625 0.000189907 0.000226077 0.000199384 0.000138947 0.000134904 0.000188385 0.000103561 0.000133818 0.000130399 9.23952e-05 0.000258325 0.000197718 0.000258033 0.00017468 0.000132038 0.000263159 0.000321959 0.000491007 0.000288924 0.000192613 0.000316606 0.000374384 0.000298389 0.00019307
threshold=-1.0709115254994948 0.92326139852944455 -0.015012879024014549 -0.0071186792421531987 1.0895091726332853 0.53869047619047616 0.090463321694262563 1.5228648590253346 0.0077132836863547513 -0.0066672181529091488 0.019160234062182653 0.82561383416880407 -0.20879446855182462 -0.38846231439226736 -0.24906758740893697 2.0549153419713231 -0.42459126914219597 0.01388888888888915 0.034313541180564608 0.0006613756613749501 -0.22081605993273812 0.060347545519958905 -0.072942342841329388 0.00036636748296105004 0.084926355319039415 2.4032785117037041 0.55572089947089964 -1.749168779286322 -1.3778812370131448 -0.5250040997513753
decision_type=2 8 10 10 2 2 2 10 10 10 10 10 10 10 10 8 10 10 10 10 10 10 10 10 2 10 2 10 2 10
left_child=1 2 3 -1 5 -5 -3 8 -8 10 11 -4 13 -11 -15 20 -17 18 19 -18 21 -2 -23 24 -24 29 -27 -28 -29 -22
right_child=15 6 9 4 -6 -7 7 -9 -10 12 -12 -13 -14 14 -16 16 17 -19 -20 -21 25 22 23 -25 -26 26 27 28 -30 -31
leaf_value=0 0 0 0.00013959516077077837 0 0 0.00025626968827246977 -0.00017796316223708599 0 0 0 0 0 3.2974018942396073e-06 0 -8.9481325571808194e-05 -1.9261026660487787e-06 0.00013053716895233911 0 0 0 1.9947334634942332e-05 8.0066240261445236e-06 0 0 -0.00011302605829331654 0 0 0 -0.0002412705887280992 -1.4800143705540822e-06
leaf_weight=40 1015 62 59 49 34 52 55 31 35 47 57 22 213 28 115 313 140 36 105 25 1287 111 113 184 298 187 30 30 50 4167
leaf_count=40 1015 62 59 49 34 52 55 31 35 47 57 22 213 28 115 313 140 36 105 25 1287 111 113 184 298 187 30 30 50 4167
internal_value=0 9.63057e-06 2.76637e-05 8.14674e-05 0.000120305 0.000163951 -3.35945e-05 -7.50124e-05 -0.000117626 1.00732e-06 4.98694e-05 9.16158e-05 -3.32898e-06 -3.70573e-05 -6.45144e-05 -1.00559e-06 1.64027e-05 5.14799e-05 6.9523e-05 0.000108695 -3.1171e-06 -1.52963e-05 -3.87562e-05 -5.58818e-05 -8.66395e-05 0 -3.86122e-05 -0.000105888 -0.00016461 2.65981e-06
internal_weight=8990 899 716 175 135 101 183 121 90 541 138 81 403 190 143 8091 619 306 270 165 7472 1721 706 595 411 5751 297 110 80 5454
internal_count=8990 899 716 175 135 101 183 121 90 541 138 81 403 190 143 8091 619 306 270 165 7472 1721 706 595 411 5751 297 110 80 5454
is_linear=0
shrinkage=0.05


end of trees

feature_importances:
E19=139
M4=110
S2=92
E19_z=86
V7=85
V13=80
M4_z=74
P12_z_diff=73
vol_level=72
P5=70
P5_diff=70
P7_z_diff=70
P13_z=67
S12_z=66
P7=64
I9_z_diff=63
M3=62
P6=62
P11_z=62
I2_z_diff=62
E8_z_diff=61
I2_diff=60
V3_z=59
econ_change=59
I1_z_diff=57
I4_z_diff=56
E2_z=55
I8_logdiff=55
I7_z_diff=55
P5_z_diff=55
P1_z_diff=54
P1_diff=53
E14_z=52
P7_z=51
V5_z=51
V7_z=51
E15_z=50
S2_z=50
I3_z_diff=50
z_price_63=50
M12_z=49
M3_z=49
E20_diff=49
E3_z_diff=49
M8=48
I6_z_diff=48
P10_diff=48
S5=47
P12_z=47
P6_z=47
I5_z_diff=47
P10_z_diff=47
P6_z_diff=47
S9=46
M7_z=46
V13_z=46
E19_diff=46
E9_z_diff=46
P12=45
E4_z=45
V2_z=45
E19_z_diff=45
I4_logdiff=45
M11_z=44
E17_z_diff=44
P9_z_diff=44
M10=43
S10_z=43
P12_diff=43
P2_z_diff=43
I3_z=42
P7_diff=42
P13_z_diff=42
P4_z_diff=42
P10_z=41
E11_z_diff=41
P9_logdiff=41
P11_z_diff=41
P13=40
E8_z=40
S1_z=40
V4_z=40
E2_z_diff=40
P3_z_diff=40
ret_21=40
P3=39
S6=39
P3_z=39
S5_z=39
E3_diff=39
I7_logdiff=39
P8_z=38
E20_z_diff=38
I9_diff=38
I3=37
S12=37
V4=37
E13_z=37
P1_z=37
E17_diff=37
E18_z_diff=37
I8_diff=37
I8_z_diff=37
S4=36
V5=36
M15_z=36
M18_z=36
P1_logdiff=36
E12_z=35
P4_z=35
S6_z=35
E5_z_diff=35
P3_logdiff=35
E8_diff=34
P8_diff=34
P4=33
I3_logdiff=33
I6_logdiff=33
V3=32
I4_z=32
V9_z=32
I7_diff=32
P11_diff=32
P13_logdiff=32
P3_diff=32
vol_regime=32
dist_high_63=32
I7=31
I8=31
I3_diff=31
P13_diff=31
I2=30
M17=30
I2_z=30
M10_z=30
I4_diff=30
P4_logdiff=30
P6_diff=30
M15=29
P8=29
S10=29
M9_z=29
P2_z=29
I1_logdiff=29
I5_diff=29
M12=28
E18_z=28
E9_z=28
P5_z=28
I1_diff=28
P4_diff=28
term_spread=28
M2=27
M9=27
P9=27
S8=27
S8_z=27
E15_logdiff=27
I4=26
S1=26
V2=26
E11_z=26
P9_z=26
E1_logdiff=26
E12_z_diff=26
E15_z_diff=26
E16_z_diff=26
E6_z_diff=26
P2_diff=26
P8_z_diff=26
M11=25
E17_z=25
E18_diff=25
I6_diff=25
ret_63=25
dist_low_63=25
E4=24
M5_z=24
S11_z=24
E2_diff=24
E6_logdiff=24
P9_diff=24
E12=23
E2=23
I6_z=23
S7_z=23
S9_z=23
S7=22
E1_z=22
M2_z=22
E16_diff=22
E14_z_diff=22
I8_z=21
E1_diff=21
E5_logdiff=21
E3_z=20
E6_z=20
I1_z=20
E4_z_diff=20
E14=19
E18=19
P11=19
E16_z=19
E9_logdiff=19
E1_z_diff=19
E16=18
E8=18
P10=18
V9=18
E5_z=18
M8_z=18
E10_logdiff=18
E13_logdiff=18
E13=17
E5=17
I5=17
I6=17
E10_z=17
S4_z=17
E15_diff=17
E13_z_diff=17
M7=16
P1=16
I5_z=16
I7_z=16
E12_logdiff=16
E4_logdiff=16
E15=15
S11=15
I9_z=15
M17_z=15
E10_diff=15
E11_logdiff=15
E6_diff=15
E11=14
E20=14
E20_z=14
E12_diff=14
E14_diff=14
E7_z_diff=14
RV_21=14
I1=13
M18=13
E1=12
E17=12
I9=12
M14_z=12
V6_z=12
E11_diff=12
M1=11
M6=11
S3_z=11
V6=10
V10_z=10
E4_diff=10
E6=9
M6_z=9
E10_z_diff=9
E3=8
E9=8
V12=8
V8=8
E9_diff=8
P2=7
E7_diff=7
M14=6
S3=6
V1=6
M1_z=6
M13_z=6
V12_z=6
M5=5
V11=5
E7_z=5
E14_logdiff=5
RV_63=5
V1_z=4
V8_z=4
E13_diff=4
E5_diff=4
M16=3
M16_z=3
V11_z=3
E10=1
E7=1
M13=1

parameters:
[boosting: gbdt]
[objective: regression]
[metric: rmse]
[tree_learner: serial]
[device_type: cpu]
[data_sample_strategy: bagging]
[data: ]
[valid: ]
[num_iterations: 300]
[learning_rate: 0.05]
[num_leaves: 31]
[num_threads: -1]
[seed: 42]
[deterministic: 0]
[force_col_wise: 0]
[force_row_wise: 0]
[histogram_pool_size: -1]
[max_depth: 7]
[min_data_in_leaf: 20]
[min_sum_hessian_in_leaf: 0.001]
[bagging_fraction: 0.8]
[pos_bagging_fraction: 1]
[neg_bagging_fraction: 1]
[bagging_freq: 0]
[bagging_seed: 400]
[bagging_by_query: 0]
[feature_fraction: 0.8]
[feature_fraction_bynode: 1]
[feature_fraction_seed: 30056]
[extra_trees: 0]
[extra_seed: 12879]
[early_stopping_round: 0]
[early_stopping_min_delta: 0]
[first_metric_only: 0]
[max_delta_step: 0]
[lambda_l1: 0.1]
[lambda_l2: 0.1]
[linear_lambda: 0]
[min_gain_to_split: 0]
[drop_rate: 0.1]
[max_drop: 50]
[skip_drop: 0.5]
[xgboost_dart_mode: 0]
[uniform_drop: 0]
[drop_seed: 17869]
[top_rate: 0.2]
[other_rate: 0.1]
[min_data_per_group: 100]
[max_cat_threshold: 32]
[cat_l2: 10]
[cat_smooth: 10]
[max_cat_to_onehot: 4]
[top_k: 20]
[monotone_constraints: ]
[monotone_constraints_method: basic]
[monotone_penalty: 0]
[feature_contri: ]
[forcedsplits_filename: ]
[refit_decay_rate: 0.9]
[cegb_tradeoff: 1]
[cegb_penalty_split: 0]
[cegb_penalty_feature_lazy: ]
[cegb_penalty_feature_coupled: ]
[path_smooth: 0]
[interaction_constraints: ]
[verbosity: -1]
[saved_feature_importance_type: 0]
[use_quantized_grad: 0]
[num_grad_quant_bins: 4]
[quant_train_renew_leaf: 0]
[stochastic_rounding: 1]
[linear_tree: 0]
[max_bin: 255]
[max_bin_by_feature: ]
[min_data_in_bin: 3]
[bin_construct_sample_cnt: 200000]
[data_random_seed: 175]
[is_enable_sparse: 1]
[enable_bundle: 1]
[use_missing: 1]
[zero_as_missing: 0]
[feature_pre_filter: 1]
[pre_partition: 0]
[two_round: 0]
[header: 0]
[label_column: ]
[weight_column: ]
[group_column: ]
[ignore_column: ]
[categorical_feature: ]
[forcedbins_filename: ]
[precise_float_parser: 0]
[parser_config_file: ]
[objective_seed: 16083]
[num_class: 1]
[is_unbalance: 0]
[scale_pos_weight: 1]
[sigmoid: 1]
[boost_from_average: 1]
[reg_sqrt: 0]
[alpha: 0.9]
[fair_c: 1]
[poisson_max_delta_step: 0.7]
[tweedie_variance_power: 1.5]
[lambdarank_truncation_level: 30]
[lambdarank_norm: 1]
[label_gain: ]
[lambdarank_position_bias_regularization: 0]
[eval_at: ]
[multi_error_top_k: 1]
[auc_mu_weights: ]
[num_machines: 1]
[local_listen_port: 12400]
[time_out: 120]
[machine_list_filename: ]
[machines: ]
[gpu_platform_id: -1]
[gpu_device_id: -1]
[gpu_use_dp: 0]
[num_gpu: 1]

end of parameters

pandas_categorical:[]
