tree
version=v4
num_class=1
num_tree_per_iteration=1
label_index=0
max_feature_idx=389
objective=regression
feature_names=D1 D2 D3 D4 D5 D6 D7 D8 D9 E1 E10 E11 E12 E13 E14 E15 E16 E17 E18 E19 E2 E20 E3 E4 E5 E6 E7 E8 E9 I1 I2 I3 I4 I5 I6 I7 I8 I9 M1 M10 M11 M12 M13 M14 M15 M16 M17 M18 M2 M3 M4 M5 M6 M7 M8 M9 P1 P10 P11 P12 P13 P2 P3 P4 P5 P6 P7 P8 P9 S1 S10 S11 S12 S2 S3 S4 S5 S6 S7 S8 S9 V1 V10 V11 V12 V13 V2 V3 V4 V5 V6 V7 V8 V9 D1_nan D2_nan D3_nan D4_nan D5_nan D6_nan D7_nan D8_nan D9_nan E1_nan E10_nan E11_nan E12_nan E13_nan E14_nan E15_nan E16_nan E17_nan E18_nan E19_nan E2_nan E20_nan E3_nan E4_nan E5_nan E6_nan E7_nan E8_nan E9_nan I1_nan I2_nan I3_nan I4_nan I5_nan I6_nan I7_nan I8_nan I9_nan M1_nan M10_nan M11_nan M12_nan M13_nan M14_nan M15_nan M16_nan M17_nan M18_nan M2_nan M3_nan M4_nan M5_nan M6_nan M7_nan M8_nan M9_nan P1_nan P10_nan P11_nan P12_nan P13_nan P2_nan P3_nan P4_nan P5_nan P6_nan P7_nan P8_nan P9_nan S1_nan S10_nan S11_nan S12_nan S2_nan S3_nan S4_nan S5_nan S6_nan S7_nan S8_nan S9_nan V1_nan V10_nan V11_nan V12_nan V13_nan V2_nan V3_nan V4_nan V5_nan V6_nan V7_nan V8_nan V9_nan D1_z D2_z D3_z D4_z D5_z D6_z D7_z D8_z D9_z E1_z E10_z E11_z E12_z E13_z E14_z E15_z E16_z E17_z E18_z E19_z E2_z E20_z E3_z E4_z E5_z E6_z E7_z E8_z E9_z I1_z I2_z I3_z I4_z I5_z I6_z I7_z I8_z I9_z M1_z M10_z M11_z M12_z M13_z M14_z M15_z M16_z M17_z M18_z M2_z M3_z M4_z M5_z M6_z M7_z M8_z M9_z P1_z P10_z P11_z P12_z P13_z P2_z P3_z P4_z P5_z P6_z P7_z P8_z P9_z S1_z S10_z S11_z S12_z S2_z S3_z S4_z S5_z S6_z S7_z S8_z S9_z V1_z V10_z V11_z V12_z V13_z V2_z V3_z V4_z V5_z V6_z V7_z V8_z V9_z E1_diff E10_diff E11_diff E12_diff E13_diff E14_diff E15_diff E16_diff E17_diff E18_diff E19_diff E2_diff E20_diff E3_diff E4_diff E5_diff E6_diff E7_diff E8_diff E9_diff E1_z_diff E10_z_diff E11_z_diff E12_z_diff E13_z_diff E14_z_diff E15_z_diff E16_z_diff E17_z_diff E18_z_diff E19_z_diff E2_z_diff E20_z_diff E3_z_diff E4_z_diff E5_z_diff E6_z_diff E7_z_diff E8_z_diff E9_z_diff I1_diff I2_diff I3_diff I4_diff I5_diff I6_diff I7_diff I8_diff I9_diff I1_z_diff I2_z_diff I3_z_diff I4_z_diff I5_z_diff I6_z_diff I7_z_diff I8_z_diff I9_z_diff P1_diff P10_diff P11_diff P12_diff P13_diff P2_diff P3_diff P4_diff P5_diff P6_diff P7_diff P8_diff P9_diff P1_z_diff P10_z_diff P11_z_diff P12_z_diff P13_z_diff P2_z_diff P3_z_diff P4_z_diff P5_z_diff P6_z_diff P7_z_diff P8_z_diff P9_z_diff ret_21 ret_63 RV_21 RV_63 vol_regime z_price_63 dist_high_63 dist_low_63 mom_short vol_level econ_change term_spread ret_21_nan ret_63_nan RV_21_nan RV_63_nan vol_regime_nan z_price_63_nan dist_high_63_nan dist_low_63_nan mom_short_nan vol_level_nan econ_change_nan term_spread_nan
feature_infos=[-3.4329261779785161:4.2816383211563034] [-3.4329261779785161:4.2816383211563034] [-4.121126651763916:5.1249414036671324] [-4.6313412984212237:6.5172952016194658] [-7.5123923445741339:8.798401514689127] [-9.4015363057454433:7.9751980304718026] [-3.9821968078613281:5.1438539053002996] [-6.6369037628173828:7.9310881296793623] [-6.7364622751871748:7.8751227060953779] [-0.8025671641031904:5.5655911763509112] [-1.4619301160176594:2.087155818939209] [-1.7101209958394368:2.562584400177002] [-1.4197969548404217:1.5529748598734541] [-0.53693628311157227:0.59064320723215735] [-0.31363360087076819:0.42321582138538327] [-2.1011555790901184:3.4397740761439] [-13.63602352142334:12.398348490397137] [-9.9324860572814959:9.6027558644612636] [-11.40985361735026:11.142930070559183] [-24.679835001627605:28.88877852757772] [-10.963700373967489:10.346021016438804] [-7.2185853322347002:6.893260320027669] [-13.659830729166668:13.499376932779947] [-0.82614347338676464:0.98170545697212219] [-2.036283234755198:3.0571953455607099] [-0.43905971447626729:1.3509783347447712] [-23.961801250775657:25.993914286295571] [-12.786334355672199:12.117102940877279] [-0.86115630467732751:1.8989772001902263] [-2.8997208277384439:4.1781713763872776] [-10.787743886311848:10.307247281074524] [-2.0190854072570801:3.1002473831176758] [-2.204819361368815:3.2134116490681968] [-9.2099018096923846:12.269496818383535] [-1.9985357920328777:2.6324977874755859] [-2.0115519066651664:3.0912331740061441] [-1.6859816312789917:2.4212406873703003] [-9.0339819590250645:12.86004638671875] [-11.460630973180134:12.218036651611328] [-20.724284966786701:12.530628522237141] [-13.134464343388876:13.029841105143229] [-8.6062164306640625:11.510696411132812] [-4.9995564023653669:4.0575392742951708] [-1.8076707919438679:-0.13874413569768271] [-4.9833316802978516:6.5751338005065918] [-4.313850462436676:5.5675289630889884] [-0.93263554573059082:1.4230850537618001] [-1.1692601839701335:2.0110638936360679] [-26.414310375849404:28.355507135391235] [-36.822887579600021:38.463662306467697] [-31.480842987696331:32.603056112925209] [-10.606989542643229:16.509287516276043] [-26.64013163248698:32.025118192036949] [-16.866153717041016:15.955718994140623] [-5.247039794921875:6.0024115244547529] [-16.178469340006512:24.659824530283611] [-4.3223514159520482:6.0079568227132158] [-4.0277038017908735:5.0227326552073164] [-7.1763043006261187:7.1850299835205078] [-29.322630484898887:38.334012349446617] [-5.1027882893880205:5.6939658125241603] [-11.204602559407553:14.694398085276289] [-5.5833651224772138:6.9637025197347002] [-5.9040857950846357:6.8171520233154297] [-23.307051777839661:27.282457987467449] [-40.432626803716026:40.412546833356217] [-30.15331796805064:28.188611348470051] [-5.5894503593444824:5.5601100921630868] [-2.8872286478678384:3.77204958597819] [-14.495635191599527:15.377584377924601] [-5.8755569458007812:6.4630616505940752] [-5.6041603088378906:6.4748350779215498] [-19.332825978597004:22.315841674804688] [-20.859321594238281:19.220728556315105] [-16.872662703196212:15.900414983431498] [-5.4392930269241333:6.4125296274820967] [-34.278828938802086:37.779823303222656] [-4.8619070053100586:5.2102575302124023] [-3.0520044962565103:4.1159461339314793] [-16.515470743179321:15.550050139427183] [-5.7487258911132812:6.9977536201477051] [-3.4699373245239258:4.3759241104125977] [-13.344524304072062:15.390985091527304] [-3.9931093851725259:4.8454680442810059] [-4.4417394598325091:5.594573974609375] [-23.543883085250851:25.336718241373699] [-4.3540911475817357:5.8631038665771484] [-4.7335834503173828:6.0776996612548828] [-4.1170773506164551:5.3653650283813477] [-18.649670918782551:21.829319636027016] [-3.5524012049039206:4.7739859620730085] [-18.131201783816017:20.708037614822388] [-2.0665375391642256:2.9946952660878492] [-15.679258743921917:17.127337058385216] none none none none none none none none none none none none none none none none none none none none none none none none none none none none none none none none none none none none none none none none none none none none none none none none none none none none none none none none none none none none none none none none none none none none none none none none none none none none none none none none none none none none none none none none none none none none none none [-2.5562365978359081:2.8654304248438929] [-2.5562356939236448:2.865436801358523] [-10.863131870218632:9.7655143268907825] [-8.8324520690394674:7.960432357079763] [-2.8053718855224559:2.8867270131597302] [-2.7701011581549668:2.6456813050308408] [-12.570033674081174:11.285567259256052] [-2.7466784951495882:2.9743483626959928] [-2.721896524888737:2.9204894796831522] [-15.80217012778802:11.696450688909868] [-11.733322139155836:15.807502102489982] [-14.451034576956433:15.803373699443984] [-15.80270164110661:14.183354294628751] [-15.797760495632652:14.815761787235662] [-15.797755029601024:14.815736244566493] [-14.450561179848204:15.79808888961718] [-12.902367500738055:15.811224181352776] [-4.8390691540872259:15.81141710710318] [-13.337593018892401:15.81075087633827] [-15.21661957182012:15.810427835639006] [-15.81089697561711:12.816713702486105] [-15.484606984029291:7.4626723059133138] [-15.810818682492233:12.495585573590381] [-14.97534865024595:15.802891896469797] [-15.338690157190699:13.605927322105254] [-11.733136635397438:15.799359022904044] [-15.811437089842808:15.055994547553093] [-14.519624219364784:15.811477966168431] [-15.743640381240992:15.655256138342493] [-14.650637755491656:15.810247642578092] [-15.372534448231267:15.811078115331812] [-11.733322139155836:15.807502102489982] [-14.174094292593358:15.809220663656252] [-15.05273845048819:15.807762317488956] [-14.1651975124387:15.811400353429812] [-14.203725172963839:15.811204398589563] [-14.548081121505808:15.81052493827614] [-15.289111309843609:15.791633318036526] [-15.810467369842424:13.413891568132357] [-15.789469132813499:15.809848702253417] [-15.63097901248387:15.806670367039118] [-11.633195480719737:15.811439193609624] [-15.811112536124:11.214991637263855] [-15.809559578807184:14.640902708819038] [-11.733722495570694:15.778627873016584] [-14.20573752389655:15.663280663138449] [-14.328489443895659:15.808514421637691] [-14.46324576545288:15.809421974852684] [-15.811491132433227:11.726454382037527] [-15.102530208797871:15.811385753868144] [-14.596242677565316:15.811476865416338] [-14.416880627315496:15.811369833041669] [-15.811495250090667:14.809097546938938] [-14.22278459544777:15.811442796407809] [-15.800878590794046:14.749003961841456] [-15.81139867536943:10.659262071403408] [-11.733421757499066:15.799336545494551] [-15.807929138112728:13.608083494094258] [-15.810928691049678:11.965902105705943] [-14.227349411573616:15.811500226122057] [-14.925003287798257:15.758241860767299] [-14.663705312228791:15.811127841038031] [-13.31307534877612:15.811422499808687] [-14.150206887514706:15.811488908341309] [-15.811489490647997:14.391472525646314] [-15.802498482229655:15.23801634189727] [-15.811486246508842:14.85431212016799] [-15.809160786772273:12.515110259514996] [-11.733197333270626:15.807502611011548] [-14.783607872789306:15.810754961603395] [-12.505553181988097:15.806034649847168] [-12.505553181988097:15.806034649847168] [-13.950458531394942:15.811308984870568] [-15.811475611848664:12.29978392938092] [-15.81140523118277:14.202566578721138] [-12.505553181988097:15.806034649847168] [-15.121002045988073:15.81126099275693] [-14.579373241339002:15.811435043539934] [-14.505900955945965:15.810837049911168] [-14.800691142883222:15.81146863616731] [-12.505553181988097:15.806034649847168] [-15.601062431085071:15.793370638121432] [-15.810977784999936:13.99502893021884] [-15.804840921262953:15.245069232245273] [-14.369836916891339:15.800000895416968] [-15.8113860880764:15.39343088076917] [-15.065735565397569:15.80443367478204] [-15.811348040601397:15.246914425546093] [-14.958679047255444:15.808506226722203] [-14.495095680832646:15.811409082408581] [-15.601057109197599:15.793370985676004] [-15.811317197837374:15.287640475419529] [-14.370085299442426:15.799996302167642] [-15.519272093009915:15.811274921434926] [-4.4607258637746181:4.7393273512522383] [-3.2580334345499682:3.2136950592199964] [-3.8746039271354689:3.8257168134053554] [-2.880503142873446:2.803248212983211] [-1.018285592397054:1.0394315055261052] [-0.72684823969999912:0.65129672984282139] [-5.4228767156600943:4.5555368860562648] [-20.845693270365395:21.332553227742508] [-16.789070606231689:15.804488341013588] [-20.034426093101501:20.573223153750103] [-53.568613529205322:48.8215836683909] [-18.335005442301441:17.321671168009438] [-11.850070873896282:11.637371301650999] [-26.725536982218426:26.686582724253331] [-1.7613035043080649:1.5655248065789531] [-4.7262170910835266:4.7927441398302708] [-0.98822048554817743:0.98822048554817743] [-46.733200073242188:47.986071268717453] [-23.094754219055176:22.898824055989586] [-2.1100852042436595:2.1463238745927811] [-23.925982868336099:26.038868904926002] [-23.401490317663104:22.384565214157931] [-30.254408276400419:27.226908177643921] [-25.505019461210779:29.986055935735365] [-27.4407089636941:30.61352228286832] [-21.781713315190814:30.613491274167515] [-27.901440966983664:29.204142332754927] [-28.71359168209084:27.263446611384182] [-12.526514857378054:18.422744229145689] [-26.488697408753879:25.803967097437287] [-31.027047407459129:30.158903858117711] [-25.699857000255008:26.985554852386951] [-14.865052784945892:14.681512922098293] [-23.63855090116844:26.158629743046092] [-30.778240546715743:27.734717709319419] [-23.945707405194817:22.26865828558822] [-23.403206473498702:22.387880226471701] [-28.483922626579297:30.867431637395903] [-30.331102185533211:27.386152543795568] [-31.398896519583484:29.957657651038147] [-5.936279932657877:6.6718491514523812] [-17.863211631774902:18.49344925085704] [-4.7929304440816249:4.8541693687438965] [-4.700598557790121:4.6172833442687988] [-18.983672022819519:19.113844831784565] [-4.1757877469062805:4.2740403612454729] [-4.1370668411254883:4.4395187695821132] [-3.2564317782719927:3.9213656187057495] [-20.256886859734848:20.384802798430123] [-30.024239592432053:27.400166185927155] [-31.183612563563081:28.72923239143736] [-23.401490317663104:22.384565214157931] [-29.983314956249608:20.865176932466333] [-30.860500767977147:28.115814886187355] [-29.97659786586852:25.303788413931667] [-30.014929571553409:27.142679985532872] [-30.358606059781948:26.246090675677024] [-31.080744627880133:28.279270357733125] [-9.3539002736409493:8.5910924275716134] [-7.0107603073120117:6.9297559658686314] [-11.579797148704529:10.74529194831848] [-57.637943188349411:57.634344736735031] [-9.3569345474243164:9.3043624758720398] [-23.048563480377201:22.93111292521159] [-11.355504353841145:11.489703496297199] [-11.062680562337238:10.812114715576172] [-46.260036309560135:47.079653422037765] [-80.845173637072236:78.156719446182251] [-53.488147377967842:56.349751472473145] [-9.0953295628229807:9.0506282250086461] [-5.1615246136983233:5.3499612808227539] [-23.403012064837799:22.387866523783991] [-26.365955060199667:26.322760466362624] [-22.636316186486265:26.153202478168883] [-30.03884963769567:25.1333256995675] [-30.683245148565561:27.222488916648359] [-30.474833153266822:27.907295967610612] [-28.180377018267261:23.178351434698136] [-29.961695795856016:24.93771014056377] [-25.55504169221464:30.202962016294311] [-28.134104012952939:31.040514824126923] [-27.984156855767324:30.665798366676832] [-22.739044510653816:27.457181288962342] [-23.402355981768583:22.385688093148303] [-0.99415204678362623:250.00000000000432] [-0.99833472106577881:287.00000000002706] [0:160.43966189767315] [0:94.227499746905579] [0:1.7606185955143294] [-7.8110314230189566:7.810890817523676] [-0.99833469592869195:0] [0:411.49377821411184] none [-2.2362222548896336:2.6446553087392841] [-0.045497904298244699:0.059752951346201399] [-4.2965547119806224:14.820543902802196] [0:1] [0:1] [0:1] [0:1] [0:1] [0:1] [0:1] [0:1] none [0:1] [0:1] [0:1]
tree_sizes=3069 2920 2970 2952 2923 2894 2896 2872 2897 2946 2799 2797 2824 2905 2786 2754 2902 2809 2864 2816 2909 2863 2741 2740 2787 2791 2774 2925 2869 2836 2818 2776 2930 2761 2838 2947 2737 2874 2896 2777 2825 2860 2825 2781 2826 2850 2841 2913 2854 2879 2832 2761 2757 2768 2772 2755 2894 2904 2787 2729 2847 2857 2810 2751 2755 2783 2857 2813 2771 2826 2838 2696 2781 2789 2761 2790 2717 2810 2744 2804 2553 2712 2777 2815 2869 2756 2761 2670 2708 2831 2743 2705 2810 2696 2809 2769 2753 2811 2654 2784 2843 2221 2644 2733 2881 2849 2840 2728 2821 2841 2764 2807 2773 2748 2878 2767 2828 2839 2638 2759 2746 2705 2878 2817 2753 2734 2778 2779 2738 2762 2712 2793 2656 2766 2765 2751 2786 2672 2758 2842 2802 2752 2707 2727 2705 2832 2772 2783 2726 2845 2809 2669 2850 2793 2767 2775 2729 2724 2804 2778 2681 2679 2799 2796 2801 2641 2638 2625 2757 2658 2739 2800 2674 2851 2612 2832 2790 2795 2734 2710 2643 2736 2779 2677 2787 2650 2669 2754 2751 2751 2693 2857 2704 2846 2667 2798 2813 2695 2757 2768 2676 2747 2681 2654 2716 2656 2703 2734 2672 2771 2750 2808 2724 2734 2790 2714 2839 2742 2723 2671 2724 2716 2685 2790 2733 2643 2715 2785 2647 2699 2597 2670 2635 2756 2746 2795 2860 2661 2795 2645 2626 2703 2745 2757 2752 2808 2675 2619 2778 2722 2803 2644 2804 2827 2722 2669 2772 2611 2690 2685 2736 2725 2750 2799 2652 2751 2684 2668 2749 2787 2786 2764 2690 2580 2641 2700 2746 2665 2617 2704 2671 2718 2807 2680 2779 2681 2798 2621 2728 2754 2683 2699 2813 2698 2627 2689 2659 2694 2629 2685

Tree=0
num_leaves=31
num_cat=0
split_feature=66 85 246 273 245 254 264 279 48 50 50 236 246 266 50 207 249 208 61 251 375 352 50 326 362 87 32 273 50 279
split_gain=0.0191132 0.0158635 0.0122114 0.00742546 0.00416528 0.00401178 0.00309603 0.00302101 0.00296412 0.00262953 0.0024454 0.0020572 0.00203982 0.00194332 0.00187683 0.00174563 0.00174173 0.00193375 0.00165712 0.00202234 0.00156565 0.00154728 0.00148823 0.00135695 0.00170672 0.00131747 0.00124439 0.00121556 0.00118893 0.00129541
threshold=4.560325940450034 1.0000000180025095e-35 -0.21605683573233131 -0.24994140976653187 -1.8294829061671993 -1.314249020282569 0.72705789394199383 -0.97068609945810846 8.0053278605143241 7.013564745585124 4.610300699869792 0.83207237136311563 0.88068612899850296 -0.66318502059122519 -2.7264307339986167 -0.47691119541523735 -1.760154678722557 -1.6096440196280717 1.0136739810307824 -0.27532455775558129 -0.46366599580580997 -0.069518566131591727 1.165249824523926 0.013356844584147052 -0.6840508774471673 0.39329608281453471 0.29625669121742254 -1.0627788576579895 0.52823317050933849 0.17695242292411087
decision_type=2 2 10 10 10 8 10 10 2 2 2 10 10 8 2 10 10 10 2 10 2 10 2 10 10 2 2 10 2 10
left_child=1 5 4 10 -3 16 23 13 9 28 27 22 -13 -7 15 -9 -1 21 -11 -20 -15 -18 -4 24 -6 -16 -22 -2 -5 -30
right_child=3 2 11 8 6 7 -8 14 -10 18 -12 12 -14 20 25 -17 17 -19 19 -21 26 -23 -24 -25 -26 -27 -28 -29 29 -31
leaf_value=0.00046920290663712453 4.2635179436262738e-05 0.0013099688050684055 0.00057926371686503912 0.00053756569272601213 0.00051677705001645306 0.00043470326950704433 0.0010354741070748958 0.00046920290663712453 0.00050335678712645359 0.0003593895602531323 -0.00016291417514840972 0.0007012174732374686 0.00048198754069891453 0.00046920290663712453 0.00039064476366493315 0.00061004687718898892 0.00083548399492879098 0.0005406734169936193 0.00046920290663712453 9.3495931040131898e-05 5.6124189493735e-05 0.00046920290663712453 0.00043200129846140701 0.00049038888289438447 0.00092421632979337387 0.00046920290663712453 0.0003562909798243093 0.00033225562245177735 0.00030046926785988319 0.00044740306858213024
leaf_weight=230 91 60 281 126 79 490 114 486 377 345 76 361 223 60 760 386 140 431 23 200 112 27 380 118 93 1752 143 214 287 525
leaf_count=230 91 60 281 126 79 490 114 486 377 345 76 361 223 60 760 386 140 431 23 200 112 27 380 118 93 1752 143 214 287 525
internal_value=0.000469203 0.000511501 0.000643095 0.000343546 0.00086517 0.000467668 0.000786546 0.000446813 0.00038784 0.000355602 0.000137834 0.000556289 0.000626081 0.000359708 0.000469014 0.00053067 0.00056713 0.000612583 0.000267083 0.000146803 0.000258965 0.000768092 0.000487049 0.000671295 0.000766268 0.000445619 0.000204743 0.000229345 0.00041455 0.000389298
internal_weight=8990 6726 1709 2264 464 5017 404 4189 1883 1506 381 1245 584 805 3384 872 828 598 568 223 315 167 661 290 172 2512 255 305 938 812
internal_count=8990 6726 1709 2264 464 5017 404 4189 1883 1506 381 1245 584 805 3384 872 828 598 568 223 315 167 661 290 172 2512 255 305 938 812
is_linear=0
shrinkage=1


Tree=1
num_leaves=31
num_cat=0
split_feature=66 85 246 273 238 245 207 273 264 238 48 238 238 5 56 65 273 254 42 85 309 57 57 264 249 50 207 39 371 70
split_gain=0.017363 0.014485 0.0111419 0.00675507 0.00428408 0.0036399 0.0035776 0.00326058 0.00269016 0.00259394 0.00254711 0.00245763 0.00201085 0.00195613 0.0018154 0.00169231 0.00167456 0.00174191 0.00156935 0.00184063 0.00149045 0.00138476 0.0013078 0.00147873 0.00159386 0.00125766 0.00147114 0.00154003 0.00123401 0.00167661
threshold=4.560325940450034 1.0000000180025095e-35 -0.21605683573233131 -0.17877255239707954 -0.2899867508517982 -1.8294829061671993 -0.54367572292233157 -0.53997371924776638 0.72705789394199383 0.49116015769412019 8.0053278605143241 1.362430164072572 0.57294710121259296 1.7580131689707441 2.2965208689371752 2.4080859820048022 -2.3037936825608711 -1.6709077385562481 0.014566392327348352 8.1712067921956386 -1.8932834439162198 0.37731530268987018 0.79127021630605088 -1.0601924640946339 -0.64830795989587298 0.52823317050933849 0.96503025664861231 1.3374302387237551 -0.57291310297893683 -3.6693412462870274
decision_type=2 2 10 10 8 10 10 10 10 10 2 10 10 2 2 2 10 10 2 2 10 2 2 10 10 2 10 2 2 2
left_child=1 4 5 9 6 -3 16 21 -7 -2 11 25 13 -4 15 -13 28 20 -14 -20 -18 -6 23 -8 -25 -5 27 -27 -1 -30
right_child=3 2 12 10 7 8 22 -9 -10 -11 -12 14 18 -15 -16 -17 17 -19 19 -21 -22 -23 -24 24 -26 26 -28 -29 29 -31
leaf_value=0 -0.00019737887396223671 0.00079879757615341693 6.2717339714722203e-05 8.0662397459841929e-05 0 0.00019372009747853347 0 -2.6287221466326612e-05 0.00053798245173684487 -0.00052394277435023964 3.2446642032557971e-05 0 -8.5619203661085983e-05 0.00024803663194080229 0 -0.00034506770182631826 0.00031041204832063751 0 2.277562465633643e-06 0.00047950385444570244 0 -0.00024405498427571503 6.4770772352843605e-05 1.8025557941549862e-05 0.00036941745639453515 -0.00019021122128202829 2.7144462352434743e-05 -3.3023629721614269e-05 2.4391071860352854e-06 -0.0003154410420373459
leaf_weight=70 320 60 552 106 49 290 60 1776 114 122 377 77 250 265 54 224 88 1614 149 29 105 288 599 81 156 371 180 433 20 111
leaf_count=70 320 60 552 106 49 290 60 1776 114 122 377 77 250 265 54 224 88 1614 149 29 105 288 599 81 156 371 180 433 20 111
internal_value=0 4.03323e-05 0.000166082 -0.000119748 -1.50904e-06 0.000378345 3.68689e-05 -5.66192e-05 0.000303346 -0.000298924 -7.3523e-05 -0.000104631 8.29335e-05 0.000128969 -0.00022461 -0.000273076 0 1.50268e-05 0 0.000108328 0.000157051 -0.000201582 0.000119943 0.000214328 0.000270468 -6.09512e-05 -8.12938e-05 -0.000111789 -0.000137071 -0.000228806
internal_weight=8990 6726 1709 2264 5017 464 2904 2113 404 442 1822 1445 1245 817 355 301 2008 1807 428 178 193 337 896 297 237 1090 984 804 201 131
internal_count=8990 6726 1709 2264 5017 464 2904 2113 404 442 1822 1445 1245 817 355 301 2008 1807 428 178 193 337 896 297 237 1090 984 804 201 131
is_linear=0
shrinkage=0.05


Tree=2
num_leaves=31
num_cat=0
split_feature=66 85 246 273 238 207 245 273 48 264 50 238 340 236 246 254 65 21 238 251 351 330 252 57 41 19 57 264 246 38
split_gain=0.015765 0.0131706 0.010075 0.00617146 0.00389683 0.00327888 0.00316931 0.00291906 0.00244608 0.00238165 0.00223445 0.00200128 0.00198435 0.00194409 0.00181881 0.00165725 0.00270053 0.00265557 0.00153265 0.00144256 0.00140453 0.00157635 0.00138995 0.00126784 0.00125299 0.00153274 0.00107787 0.00161338 0.00162299 0.00106237
threshold=4.560325940450034 1.0000000180025095e-35 -0.22537556161971725 -0.24994140976653187 -0.2899867508517982 -0.33277975398677884 -1.8294829061671993 -0.53997371924776638 8.0053278605143241 0.72705789394199383 7.013564745585124 0.49116015769412019 2.7682126561800642 0.83207237136311563 0.88068612899850296 -1.6709077385562481 -7.391495704650878 -1.7568926016489661 0.57294710121259296 -0.27532455775558129 -1.9099344809850054 0.015701472759246455 0.84116287465839823 0.37731530268987018 0.32750105857849127 2.5568281809488935 0.811602036158244 -1.0601924640946339 -0.60463052379705873 1.6396966775258384
decision_type=2 2 10 10 8 10 10 10 2 10 2 10 10 10 10 10 2 2 10 10 10 10 10 2 2 2 2 10 10 2
left_child=1 4 6 11 5 15 -3 23 10 20 29 -2 19 18 24 -1 17 -17 -4 -12 -8 -22 -21 -6 -15 -26 27 -7 -29 -5
right_child=3 2 13 8 7 26 9 -9 -10 -11 12 -13 -14 14 -16 16 -18 -19 -20 22 21 -23 -24 -25 25 -27 -28 28 -30 -31
leaf_value=0.00012244757659143841 -0.00020001833064670711 0.00075892412301579873 5.964293304412438e-05 -7.7093610101227434e-05 0 0 0 -2.4972931350152247e-05 3.0824736235265578e-05 0.00051611051112968238 0 -0.00052443129950935266 0 0 9.8402990443521683e-06 -0.0005679517873408644 1.0515607679105769e-05 -6.0969229197411936e-05 -0.00011974722266840767 -0.0003593568039315824 0.00034648434846011128 3.3161228090528029e-05 -0.00011460893289936625 -0.00023185646881269413 7.9105843912249851e-05 0.00038497027316760859 7.1969586949292014e-05 0.00050602770383790174 9.3912700533279773e-05 4.2520701566144025e-05
leaf_weight=276 277 60 518 750 49 37 34 1776 377 111 59 104 102 83 223 39 1823 181 146 224 143 111 183 288 122 158 381 77 90 188
leaf_count=276 277 60 518 750 49 37 34 1776 377 111 59 104 102 83 223 39 1823 181 146 224 143 111 183 288 122 158 381 77 90 188
internal_value=0 3.86085e-05 0.000158516 -0.000113927 -1.24259e-06 3.53153e-05 0.000362057 -5.38514e-05 -7.32428e-05 0.000289674 -0.000102614 -0.000301806 -0.00018433 7.97525e-05 0.000147232 6.35175e-06 -6.89023e-06 -0.000173778 1.26576e-05 -0.000228159 0.000184898 0.000229304 -0.000261648 -0.000191157 0.000217839 0.000269627 0.000141563 0.000246944 0.000314041 -4.77878e-05
internal_weight=8990 6726 1709 2264 5017 2904 459 2113 1883 399 1506 381 568 1250 586 2319 2043 220 664 466 288 254 407 337 363 280 585 204 167 938
internal_count=8990 6726 1709 2264 5017 2904 459 2113 1883 399 1506 381 568 1250 586 2319 2043 220 664 466 288 254 407 337 363 280 585 204 167 938
is_linear=0
shrinkage=0.05


Tree=3
num_leaves=31
num_cat=0
split_feature=66 85 246 273 238 207 245 277 48 238 264 238 50 38 219 347 337 259 273 254 56 85 22 309 351 326 41 61 50 207
split_gain=0.0143141 0.0120098 0.00910953 0.00558706 0.0035335 0.00303383 0.00280362 0.00272279 0.00222515 0.00211229 0.00209136 0.00179149 0.00175612 0.00171657 0.0017165 0.00160618 0.0017507 0.00150953 0.00146291 0.00146122 0.001454 0.00135233 0.00214029 0.00134057 0.00130856 0.0017749 0.00125059 0.00148364 0.00118545 0.00151056
threshold=4.560325940450034 1.0000000180025095e-35 -0.21605683573233131 -0.24994140976653187 -0.2899867508517982 -0.54367572292233157 -1.8294829061671993 -0.40976160051541638 8.0053278605143241 1.362430164072572 0.72705789394199383 0.33902923777874588 4.610300699869792 1.6396957238515222 -0.16828791265745557 1.334254324436188 0.86395936099416215 0.76749544188750918 -2.3037936825608711 -1.6709077385562481 2.2965208689371752 5.4264329274495458 3.2663798133532214 -1.8932834439162198 -1.7404821713765457 0.013356844584147052 -0.26311250527699787 0.81885894139607751 0.52823317050933849 0.96503025664861231
decision_type=2 2 10 10 8 10 10 10 2 10 10 10 2 2 10 10 10 10 10 10 2 2 2 10 10 10 2 2 2 10
left_child=1 4 6 12 5 18 -3 -6 9 28 24 13 17 -4 -11 16 -13 -2 -1 23 -16 -17 -23 -20 -8 -26 27 -7 -5 -30
right_child=3 2 11 8 7 26 10 -9 -10 14 -12 15 -14 -15 20 21 -18 -19 19 -21 -22 22 -24 -25 25 -27 -28 -29 29 -31
leaf_value=-0.00012837322818417304 -0.00025707907219614279 0.00072104105907577569 6.5531253560285893e-05 6.6309990345003817e-05 -0.00016814967869788932 0.00012669644081084085 0 -1.9866105094621051e-05 2.9283916517096619e-05 3.5552197658853702e-05 0.00048595021266827835 -0.00018977915564453247 -0.0005494860756312445 0.00027501440280068253 -0.00028973842906638165 1.5491891872427807e-05 4.0362742369135624e-05 0 0.00028879362904803916 0 0 0.00047886311772465327 0 0 0.00034824843729935911 2.5244854874130816e-05 1.8275102540727679e-05 0.00056335202118628291 -0.00010848000967337052 3.2595145103011179e-05
leaf_weight=201 252 60 415 126 413 521 38 1700 377 29 114 157 76 186 281 292 117 53 88 1614 47 49 29 105 136 116 346 29 842 181
leaf_count=201 252 60 415 126 413 521 38 1700 377 29 114 157 76 186 281 292 117 53 88 1614 47 49 29 105 136 116 346 29 842 181
internal_value=0 3.69313e-05 0.000151432 -0.000108414 -1.07805e-06 3.36863e-05 0.0003437 -5.12219e-05 -6.95342e-05 -9.75916e-05 0.000275122 7.57376e-05 -0.000287381 0.000138716 -0.000209735 9.18902e-06 -7.32865e-05 -0.000205523 0 1.37812e-05 -0.000246666 8.37786e-05 0.000275049 0.000143859 0.00017487 0.000219467 0.000110189 0.000158908 -5.83816e-05 -7.86316e-05
internal_weight=8990 6726 1709 2264 5017 2904 464 2113 1883 1506 404 1245 381 601 357 644 274 305 2008 1807 328 370 78 193 290 252 896 550 1149 1023
internal_count=8990 6726 1709 2264 5017 2904 464 2113 1883 1506 404 1245 381 601 357 644 274 305 2008 1807 328 370 78 193 290 252 896 550 1149 1023
is_linear=0
shrinkage=0.05


Tree=4
num_leaves=31
num_cat=0
split_feature=66 91 85 238 91 55 254 238 349 212 258 10 273 266 219 208 210 66 273 64 266 46 68 208 256 350 345 40 238 66
split_gain=0.0130657 0.0118298 0.00869176 0.00500728 0.00403987 0.00387555 0.00379357 0.00361913 0.00324773 0.00266614 0.00223607 0.00183461 0.00176239 0.00171881 0.00176824 0.00171196 0.0016023 0.00156965 0.00147879 0.00146401 0.00145006 0.0014097 0.00133622 0.00131428 0.00131008 0.0012609 0.00124884 0.0011574 0.00202199 0.00111669
threshold=-0.81455771128336585 0.11406707763671871 -1.114160895347595 0.52741400557960605 2.8135957717895512 -1.1075682044029238 -1.2980785010094669 0.53897217469534831 -16.625109036763504 -0.047314867641715844 0.6793463103033438 0.42316261927286786 -2.3037936825608711 1.336271188697215 -0.26534935970990231 -1.6096440196280717 -0.39669313972510678 15.583945592244467 1.3259287553951427 -1.1888544559478758 1.336271188697215 0.63812146584192919 0.13449747363726297 1.1866057606963785 -1.4589829162483141 0.94343010584513387 0.21391693751017232 1.6085654099782312 0.34809012497039987 -5.25058889389038
decision_type=2 2 2 8 2 2 10 10 10 10 10 2 10 10 8 10 10 2 10 2 10 2 2 10 10 10 10 2 10 2
left_child=1 6 7 4 -4 19 12 10 11 13 26 -8 -1 14 -5 -14 -12 18 -11 -3 -19 -16 -6 -20 -7 29 -2 28 -26 -10
right_child=2 5 3 9 22 24 8 -9 25 17 16 -13 15 -15 21 -17 -18 20 23 -21 -22 -23 -24 -25 27 -27 -28 -29 -30 -31
leaf_value=-3.9071284700738068e-05 -0.00020448283543083014 0.00073641310480017201 9.9450848875055353e-06 0 3.0222238448550757e-05 -1.4965366404119525e-05 0 -0.00046796762757480502 2.1872923433045284e-05 -5.8748674662221313e-05 0.00032959606727763207 -0.00044703222485759894 0.00028144669291210007 0 -0.00036223423548806244 7.3251536723350531e-05 -4.6301031889310795e-05 -0.00029722230552660053 0.0001458393212569042 0.00013327828598002023 0 0 0.00036717297723954951 -4.4286602037263792e-06 0.00020951877825033948 0.00012502659680821749 0 0.00036962629301012665 0 -6.0442553351382085e-05
leaf_weight=92 580 64 2135 51 88 29 24 117 860 1184 36 65 214 67 202 362 80 117 187 40 113 40 116 410 449 186 92 135 137 718
leaf_count=92 580 64 2135 51 88 29 24 117 860 1184 36 65 214 67 202 362 80 117 187 40 113 40 116 410 449 186 92 135 137 718
internal_value=0 7.82816e-05 -4.61934e-05 -1.77471e-05 3.27156e-05 0.000239718 2.16038e-05 -0.000188697 -1.27993e-05 -6.96368e-05 -0.000140833 -0.000307463 0.000124508 -0.000199112 -0.000251732 0.000159316 2.74738e-05 -4.39637e-05 -2.47566e-05 0.00055282 -0.000170889 -0.000308184 0.000246405 3.42829e-05 0.000189567 0 -0.000177326 0.000204729 0.000158153 -1.24142e-05
internal_weight=8990 3375 5615 4710 2339 854 2521 905 1853 2371 788 89 668 360 293 576 116 2011 1781 104 230 242 204 597 750 1764 672 721 586 1578
internal_count=8990 3375 5615 4710 2339 854 2521 905 1853 2371 788 89 668 360 293 576 116 2011 1781 104 230 242 204 597 750 1764 672 721 586 1578
is_linear=0
shrinkage=0.05


Tree=5
num_leaves=31
num_cat=0
split_feature=66 85 245 273 238 91 273 254 349 85 50 257 238 0 372 10 322 273 50 21 25 19 348 194 375 329 85 281 341 266
split_gain=0.012027 0.0102081 0.0071924 0.00492782 0.00331561 0.00402238 0.0030919 0.00242538 0.00274413 0.00215598 0.00210218 0.00208417 0.00165279 0.00167034 0.00157789 0.00155242 0.00154979 0.00154573 0.00152829 0.00152086 0.00143115 0.00142921 0.00136294 0.00120984 0.0011956 0.00118191 0.00113069 0.00111881 0.0011 0.0010619
threshold=4.560325940450034 1.8191064198811853 -0.37744589574233062 0.17234092361353373 0.25402908034127197 0.11406707763671871 0.035233758716074211 -1.314249020282569 -10.499143282572428 -5.632280031840005 7.013564745585124 0.55612524740514213 0.52741400557960605 0.44380732377370208 -0.017523976388285348 0.59466226895650232 3.8941701252515068e-06 -0.40395841502318325 0.52823317050933849 2.5093243519465136 0.024033362666765801 6.0762103398640965 14.257582664489748 0.71605127950253267 -0.31014165654195119 0.24729489286740614 5.2725289662679051 -2.2362795422447923 -2.6629739105701433 1.336271188697215
decision_type=2 2 10 10 8 2 10 10 10 2 2 10 10 2 2 2 10 10 2 2 2 2 10 10 2 10 2 10 10 10
left_child=1 4 28 9 5 7 -6 15 14 -2 23 16 20 -14 -9 27 -12 -10 -11 21 -4 25 24 -5 -18 -7 -13 -1 -3 -28
right_child=3 2 12 10 6 19 -8 8 17 18 11 26 13 -15 -16 -17 22 -19 -20 -21 -22 -23 -24 -25 -26 -27 29 -29 -30 -31
leaf_value=0 -0.00051121552348231986 0 0 -3.8841596613411394e-05 -0.00019676326324505951 0.00027379280141679336 -1.110492214216449e-05 -0.0002344827633791151 -2.2941917069687757e-05 -2.960432617514303e-05 0 -0.00011358477479742426 -0.00029207971754096018 5.7277205056156192e-05 0 0 0 4.8932903268824387e-05 -0.00021573151294874014 -5.5243177653517012e-05 0.00021317679632748508 -2.3555884965591951e-05 0 8.7445832293157422e-05 -0.00047906035739846717 3.8564866475155701e-06 -7.6950692263320073e-05 0.00017726301838051305 0.0004876348198839676 0.0001117026984329692
leaf_weight=55 67 23 74 365 315 317 1020 195 1653 227 24 299 40 230 67 332 25 1315 509 34 317 26 28 346 95 91 118 425 197 161
leaf_count=55 67 23 74 365 315 317 1020 195 1653 227 24 299 40 230 67 332 25 1315 509 34 317 26 28 346 95 91 118 425 197 161
internal_value=0 3.40995e-05 0.000193051 -9.91252e-05 9.28284e-06 3.05065e-05 -5.86684e-05 1.3091e-05 -4.87158e-06 -0.000200292 -4.00895e-05 -9.95317e-05 0.000100675 0 -0.000160863 9.06916e-05 -0.000259111 7.21889e-06 -0.00016513 0.000170204 0.000166426 0.000199392 -0.000322768 1.5587e-05 -0.000396029 0.000225854 -4.33589e-05 0.000148312 0.000447711 1.40001e-05
internal_weight=8990 6726 881 2264 5845 4510 1335 4042 3230 803 1461 750 661 270 262 812 172 2968 736 468 391 434 148 711 120 408 578 480 220 279
internal_count=8990 6726 881 2264 5845 4510 1335 4042 3230 803 1461 750 661 270 262 812 172 2968 736 468 391 434 148 711 120 408 578 480 220 279
is_linear=0
shrinkage=0.05


Tree=6
num_leaves=31
num_cat=0
split_feature=254 85 85 245 236 238 38 236 238 249 252 349 20 375 210 234 6 210 349 245 264 66 375 25 372 253 289 4 41 42
split_gain=0.0110145 0.0104502 0.00714598 0.00392401 0.00335149 0.00298919 0.00326604 0.00272753 0.00235332 0.00164505 0.00179223 0.00288114 0.00162683 0.00199497 0.00143441 0.00166344 0.00138568 0.0022753 0.00134074 0.00133854 0.00123987 0.00120194 0.00120002 0.001081 0.00107111 0.00104873 0.001462 0.00138592 0.00189917 0.00104617
threshold=-0.031236964358060299 1.5898565451304119 -2.6794764200846348 -0.35479546028290798 0.83207237136311563 0.52741400557960605 1.6396958827972414 0.10465515068011241 0.26293541188631114 -0.22370348540412227 -0.93310820768241221 -11.424639925360678 -0.93477626641591371 0.32548111254077322 -0.44346571414479025 0.40000531678323242 0.70064802964528416 0.059818403632865058 9.2897895624240245 -1.3301977255562789 0.3894368377493248 5.0394845008850107 -0.41430056006552302 0.34457729260126752 -0.77880767531724138 0.97915245270585605 -0.49560537934303278 0.29921436309814459 -3.5168627103169752 1.0000000180025095e-35
decision_type=8 2 2 10 10 8 2 10 10 10 10 10 2 2 10 10 2 10 10 10 10 2 2 2 2 10 10 2 2 2
left_child=1 4 24 -3 8 6 14 18 9 10 19 -12 13 -11 15 -4 23 -18 -7 -1 -8 -16 -20 -9 -2 26 27 28 -26 -10
right_child=2 3 5 -5 -6 7 20 16 29 12 11 -13 -14 -15 21 -17 17 -19 22 -21 -22 -23 -24 -25 25 -27 -28 -29 -30 -31
leaf_value=0.00011531109065713651 0 0.00045728996357704063 0 0.00014367941176435996 0.00018012863429173838 -0.00011973217803181985 0 -0.0002070667602919677 0 0.00034053100606694137 -0.00021144412722279499 -1.7985346532510166e-06 3.116189480918652e-05 0 -1.2738659929345112e-06 0.000331662578508054 0.00035827208149872961 -3.0888880585273055e-05 0 0 0.00024423571191187806 -0.00010945892309008291 -0.00047439103202930705 0 0 -0.00079260869391855617 -1.0695362364152609e-05 0 -0.00042944962048553647 -0.00024999379932413759
leaf_weight=464 24 192 188 365 328 390 74 207 59 122 198 1259 512 68 1014 57 37 1542 22 664 187 397 74 110 24 20 87 22 165 118
leaf_count=464 24 192 188 365 328 390 74 207 59 122 198 1259 512 68 1014 57 37 1542 22 664 187 397 74 110 24 20 87 22 165 118
internal_value=0 5.75664e-05 -5.31764e-05 0.00026082 2.63863e-05 -3.43405e-05 9.87291e-06 -7.20207e-05 1.03805e-05 2.12985e-05 8.88572e-07 -3.37325e-05 8.93223e-05 0.000219649 -1.3254e-05 9.30556e-05 -4.14537e-05 -1.85814e-05 -0.000180951 5.00387e-05 0.000175708 -3.52618e-05 -0.000377239 -0.000139573 -0.000275253 -0.000299831 -0.000249731 -0.000324553 -0.000368663 -0.000164038
internal_weight=8990 4349 4641 557 3792 4299 1917 2382 3464 3287 2585 1457 702 190 1656 245 1896 1579 486 1128 261 1411 96 317 342 318 298 211 189 177
internal_count=8990 4349 4641 557 3792 4299 1917 2382 3464 3287 2585 1457 702 190 1656 245 1896 1579 486 1128 261 1411 96 317 342 318 298 211 189 177
is_linear=0
shrinkage=0.05


Tree=7
num_leaves=31
num_cat=0
split_feature=254 91 273 238 279 55 48 236 238 252 345 43 212 210 248 37 64 45 67 4 6 290 266 349 5 245 207 41 66 288
split_gain=0.0100589 0.00925905 0.00638145 0.00394558 0.00308457 0.00265661 0.00248166 0.00246533 0.00198932 0.00196753 0.00247525 0.00312059 0.00174496 0.00243309 0.00168429 0.00164218 0.00158219 0.00135912 0.00135763 0.00124419 0.00120463 0.00119266 0.00119069 0.00128118 0.00113389 0.00111545 0.00198416 0.00109642 0.00107635 0.00137294
threshold=-0.14672953743735853 0.11406707763671871 -0.40395841502318325 0.20515492954280837 0.10930297770655996 -1.1075682044029238 2.3817183176676431 0.099020776110743114 0.015884379850895154 -0.93310820768241221 -2.6746439139048248 -1.1577810446421302 -0.047314867641715844 0.16454853185249277 -0.53973929681510746 -1.9232076803843177 -1.1888544559478758 0.00066135338662810014 1.1525790691375735 -0.97481211026509584 0.96266706784566247 -0.5204678177833556 1.336271188697215 0.36388538281122845 1.6388318538665774 -1.3301977255562789 -0.86912222888818802 -3.6350035667419429 8.8083057403564471 0.11316892504692076
decision_type=8 2 10 8 10 2 2 10 8 10 10 2 10 10 10 2 2 2 2 2 2 10 10 10 2 10 10 2 2 8
left_child=1 6 8 4 -4 16 9 -5 17 25 11 14 22 20 -11 -7 -3 21 -6 -8 -14 27 23 -9 -15 26 -1 -2 29 -10
right_child=2 5 3 7 18 15 19 12 28 10 -12 -13 13 24 -16 -17 -18 -19 -20 -21 -22 -23 -24 -25 -26 -27 -28 -29 -30 -31
leaf_value=4.9448411572367772e-05 0 0.00064989304857970744 0 -0.00013601645713717556 0.00047214285861006238 -3.6964556175478929e-05 0.00023098325120538091 0 -0.00027176635449704359 -0.00042095530304775636 -5.0592558427971913e-07 0 1.6688530629352934e-05 -9.0119583080302746e-05 0 0.00018734232910296651 5.8972817250391069e-05 0 0.0001185668317906936 3.2081816740681237e-05 0.00039590968480718021 0 0 -0.00025055437094103559 0 2.2390772271025718e-06 0.00035140204225594447 -0.00026827156363920659 -0.0005121092502278563 0
leaf_weight=381 20 64 684 689 47 52 191 85 159 113 1348 152 90 468 40 668 39 201 312 257 52 52 65 191 1517 649 80 192 75 57
leaf_count=381 20 64 684 689 47 52 191 85 159 113 1348 152 90 468 40 668 39 201 312 257 52 52 65 191 1517 649 80 192 75 57
internal_value=0 5.8962e-05 -4.73732e-05 -2.194e-05 6.02102e-05 0.000209211 1.88898e-05 -5.06653e-05 -0.000182034 0 -3.33782e-05 -0.000162227 -2.48072e-05 -5.49204e-06 -0.000321563 0.000164196 0.000474917 -0.000100577 0.000178899 0.000128072 0.000190926 -0.000175158 -0.000130591 -0.000178466 -2.20707e-05 5.26488e-05 0.000112757 -0.000228604 -0.000294941 -0.000196196
internal_weight=8990 4034 4956 4200 1043 823 3211 3157 756 2763 1653 305 2468 2127 153 720 103 465 359 448 142 264 341 276 1985 1110 461 212 291 216
internal_count=8990 4034 4956 4200 1043 823 3211 3157 756 2763 1653 305 2468 2127 153 720 103 465 359 448 142 264 341 276 1985 1110 461 212 291 216
is_linear=0
shrinkage=0.05


Tree=8
num_leaves=31
num_cat=0
split_feature=66 249 85 238 238 246 91 212 252 363 290 349 212 248 61 375 273 238 6 219 244 375 91 92 236 254 243 360 61 42
split_gain=0.00933616 0.00657643 0.00626749 0.0050992 0.00410126 0.00358518 0.00356665 0.00239916 0.00223792 0.00207156 0.00206154 0.00187886 0.00232058 0.00188743 0.00184567 0.00170112 0.00154017 0.00155276 0.00142117 0.0013882 0.00149817 0.00147443 0.00131383 0.00127497 0.00116915 0.00110716 0.00104678 0.000995547 0.000933755 0.00125391
threshold=-5.25058889389038 -0.32628118759597541 -1.114160895347595 0.34809012497039987 0.042496040205743456 -1.7879919710277907 2.8135957717895512 -0.28758655841877773 -0.9528289754768281 -0.78366211839155586 -1.4140032132466633 -10.97366091609001 -1.7053653660783075 -0.31760192413057259 -0.041570385297139391 -0.50117883626875515 0.27349715562395233 1.362430164072572 0.6338287194569906 -0.20810409096988394 0.78548271030639782 -0.3681650781798253 -1.4833111763000486 0.49352494875590008 -2.5128582396930779 -1.6709077385562481 0.28377381749814462 -2.4742885996686086 -0.3667074640591938 -0.85558676719665516
decision_type=2 10 2 8 10 10 2 10 10 10 10 10 10 10 2 2 10 10 2 8 10 2 2 2 10 10 10 10 2 2
left_child=1 8 4 6 10 -3 14 19 22 -8 24 12 -10 25 26 -6 23 18 -18 -5 21 -21 -1 -9 -2 -14 -4 -7 29 -26
right_child=2 5 3 7 15 27 9 16 11 -11 -12 -13 13 -15 -16 -17 17 -19 -20 20 -22 -23 -24 -25 28 -27 -28 -29 -30 -31
leaf_value=5.8918931488406083e-05 -0.00056349858679384318 0.000657683487484002 2.4839747672958048e-05 0 0 0 0 -0.00017648213905146223 5.6668043799832183e-05 0.00033352627906489771 0 5.0172644969391403e-06 0 0 0.00011746106682535365 -0.00030667710190057505 -6.7262121398517115e-05 -6.7071601642204178e-05 5.0426988457207362e-05 0 -3.8440635213959901e-05 -0.00037406424524428599 0.00032972117136205773 0 -2.5437205056671788e-05 -0.00048757539431921662 -7.7188500529234684e-05 0.00019394415740657967 0 -0.00021002049798508492
leaf_weight=541 20 51 1394 62 67 62 35 280 42 167 556 537 30 21 492 326 304 726 1126 24 133 150 64 179 251 78 299 619 90 264
leaf_count=541 20 51 1394 62 67 62 35 280 42 167 556 537 30 21 492 326 304 726 1126 24 133 150 64 179 251 78 299 619 90 264
internal_value=0 9.43242e-05 -2.7218e-05 -5.64773e-07 -0.000114985 0.000215308 5.29523e-05 -4.50507e-05 2.30563e-05 0.000257584 -6.27324e-05 -3.21154e-05 -0.000177882 -0.000292962 3.17352e-05 -0.000259234 -2.59209e-05 -5.73687e-06 2.19086e-05 -0.000167028 -0.000211735 -0.000315378 9.58786e-05 -0.000109816 -0.000125222 -0.000382296 3.86393e-06 0.000174746 -0.00010238 -0.000129788
internal_weight=8990 2045 6945 5371 1574 732 2387 2984 1313 202 1181 708 171 129 2185 393 2615 2156 1430 369 307 174 605 459 625 108 1693 681 605 515
internal_count=8990 2045 6945 5371 1574 732 2387 2984 1313 202 1181 708 171 129 2185 393 2615 2156 1430 369 307 174 605 459 625 108 1693 681 605 515
is_linear=0
shrinkage=0.05


Tree=9
num_leaves=31
num_cat=0
split_feature=254 85 273 238 238 236 246 91 236 50 238 273 249 227 243 65 279 238 40 341 58 275 202 51 67 308 370 28 238 82
split_gain=0.00851375 0.00840148 0.00535112 0.00369468 0.0032401 0.00265877 0.0024363 0.00206774 0.00184484 0.00300498 0.00173303 0.0016246 0.00147788 0.00137479 0.00121763 0.00119906 0.00113268 0.00112846 0.00214681 0.00111341 0.00110949 0.00110707 0.00109735 0.00118249 0.00104185 0.000919399 0.00102736 0.000893004 0.000875675 0.00086893
threshold=-0.14672953743735853 1.5898565451304119 -0.19628926576958303 0.20515492954280837 0.61874316932014217 0.83207237136311563 -1.034936396649867 2.6401618321736655 1.2298227627160097 7.7888151804606123 0.26293541188631114 -0.38190687624594089 -0.67504776969036129 -0.10013591880783913 -0.78090667474364706 -7.391495704650878 0.17695242292411087 1.743805764869119 3.6388940215110783 -0.99971808989842714 2.512364069620769 1.186348203031353 -0.10567816886371108 0.75962746143341076 2.3107430140177416 2.0546774210445444 0.55086509009576046 0.042101331055164302 -0.49541629929684899 -1.1990767319997147
decision_type=8 2 10 10 10 10 10 2 10 2 10 10 10 10 10 2 10 10 2 10 2 10 10 2 2 10 2 2 10 2
left_child=1 5 4 7 12 10 13 24 9 16 11 14 -2 29 15 -1 -5 18 27 -8 21 -21 -11 -24 -4 26 -6 -10 -13 -3
right_child=2 6 3 8 25 -7 19 -9 17 22 -12 28 -14 -15 -16 -17 -18 -19 -20 20 -22 -23 23 -25 -26 -27 -28 -29 -30 -31
leaf_value=-5.6499564357691834e-05 -0.00019013325242358241 0.00087323530865564269 6.2397466383355268e-05 -9.6805667541600182e-05 0 0.00016905726212158821 0 0.00029426161235905629 -7.3039798783268293e-05 0 -0.00014991168013469593 0.0001415382703987958 -4.5893090309992587e-05 0 -4.4365743916785391e-05 5.640177722406611e-05 -3.6429924075856053e-06 -5.526140205753467e-05 0.0004075166610545302 0.00030113628387037471 2.0277743288425711e-05 0 -0.0003392190716368433 -0.00011462414572401023 -0.00013071595400878026 0 -0.0005865550452065103 7.4203051492563056e-05 2.1160376259705217e-05 0.00013894451274964743
leaf_weight=263 365 38 673 498 24 302 33 103 120 30 152 367 601 24 952 1046 1318 248 45 231 113 25 148 287 64 20 70 342 462 26
leaf_count=263 365 38 673 498 24 302 33 103 120 30 152 367 601 24 952 1046 1318 248 45 231 113 25 148 287 64 20 70 342 462 26
internal_value=0 5.43458e-05 -4.34806e-05 -1.46083e-05 -0.00014246 2.59315e-05 0.000249607 7.61329e-05 -4.13631e-05 -6.43829e-05 1.1052e-05 2.05926e-05 -0.000105583 0.000521364 0 2.9896e-05 -3.1948e-05 2.1562e-05 6.90037e-05 0.000177569 0.000204673 0.000266503 -0.000180269 -0.00020259 3.8829e-05 -0.000410754 -0.000478544 2.51305e-05 8.04932e-05 0.000653615
internal_weight=8990 4034 4956 3876 1080 3544 490 840 3036 2281 3242 3090 966 88 2261 1309 1816 755 507 402 369 256 465 435 737 114 94 462 829 64
internal_count=8990 4034 4956 3876 1080 3544 490 840 3036 2281 3242 3090 966 88 2261 1309 1816 755 507 402 369 256 465 435 737 114 94 462 829 64
is_linear=0
shrinkage=0.05


Tree=10
num_leaves=31
num_cat=0
split_feature=254 91 273 50 245 19 236 254 65 336 246 190 65 350 28 310 255 65 53 272 368 371 50 375 238 207 41 230 222 366
split_gain=0.00779316 0.00752354 0.00512212 0.00282961 0.00281278 0.00261362 0.00253096 0.00220366 0.00254359 0.00193622 0.00149829 0.00197418 0.00144776 0.00143504 0.00138987 0.00126537 0.00122608 0.00119105 0.00118025 0.00117524 0.00116302 0.0011326 0.00184889 0.00112267 0.00111033 0.00125556 0.00109477 0.00106558 0.00106392 0.000987767
threshold=-0.031236964358060299 0.11406707763671871 -0.43955498428859802 6.140751540660859 0.18215657751916567 6.3749748865763349 1.2298227627160097 -1.6709077385562481 -7.391495704650878 -1.4516207930881666 -1.8313104064108023 0.40540384340189978 4.1738074421882638 -18.28683217366536 -0.15858429173628483 0.038153855717456456 1.6448461892339299 2.4080859820048022 3.2672164837519335 -0.091806468907713837 6.9816145571277231 -1.4464061541321989 -1.55914560953776 -0.57408159522650304 -0.2899867508517982 -0.3404773283545644 -3.5168627103169752 0.51307515512297475 0.12508677901239842 0.30843090801403233
decision_type=8 2 10 2 10 2 10 10 2 10 10 10 2 10 2 10 10 2 2 10 2 2 2 2 10 10 2 10 10 2
left_child=1 7 12 5 10 -4 17 13 9 14 19 21 15 -1 -9 26 27 -5 -6 -3 23 -12 -23 -19 25 -10 -2 -7 -27 -16
right_child=2 4 3 6 18 16 -8 8 24 -11 11 -13 -14 -15 29 -17 -18 20 -20 -21 -22 22 -24 -25 -26 28 -28 -29 -30 -31
leaf_value=0.00019098871841117463 0 5.0303290310480133e-05 -7.4715272438660558e-06 -4.8354206547291177e-05 0 0 0 0 8.3145261725660351e-06 0 -6.691788998253695e-06 0.00040565827706109324 -0.00055195039623759238 0 -0.00057319283128648619 0 0 0 0.00019134801817528627 0.00092991431910209197 0 0.00025256197987857194 0 -0.00027638650069427331 -3.7538866534258728e-05 0.00014554433427285432 -0.00021487379150356416 0.000377472615169132 -2.4247303085631649e-05 0
leaf_weight=263 29 22 2715 294 255 38 454 30 1625 125 52 123 35 101 51 147 33 37 99 21 59 241 135 307 758 364 408 85 61 23
leaf_count=263 29 22 2715 294 255 38 454 30 1625 125 52 123 35 101 51 147 33 37 99 21 59 241 135 307 758 364 408 85 61 23
internal_value=0 4.84403e-05 -4.4711e-05 -2.26722e-05 0.00017342 2.19869e-06 -8.90476e-05 1.21292e-05 -1.72483e-07 -0.000161889 0.00024226 0.000205396 -0.000179806 0.000128471 -0.000322764 -0.000148852 0.000202425 -0.000148897 4.37519e-05 0.000597051 -0.000209813 0.000136083 0.000169119 -0.000244988 1.12407e-05 3.1717e-05 -0.000191953 0.000277238 0.000109412 -0.000439597
internal_weight=8990 4349 4641 4022 948 2871 1151 3401 3037 229 594 551 619 364 104 584 156 697 354 43 403 428 376 344 2808 2050 437 123 425 74
internal_count=8990 4349 4641 4022 948 2871 1151 3401 3037 229 594 551 619 364 104 584 156 697 354 43 403 428 376 344 2808 2050 437 123 425 74
is_linear=0
shrinkage=0.05


Tree=11
num_leaves=31
num_cat=0
split_feature=66 85 245 48 254 19 85 84 253 50 91 350 50 273 42 292 48 46 59 59 50 242 208 2 50 266 209 375 5 375
split_gain=0.00757677 0.00639853 0.00486685 0.00352418 0.00227225 0.00252019 0.00209418 0.00161082 0.00157832 0.00157161 0.0025463 0.0015409 0.00152215 0.00143476 0.00143012 0.00139771 0.00120061 0.00112052 0.00110214 0.00104359 0.00113123 0.00103565 0.00142633 0.00102636 0.000870096 0.00103018 0.00102196 0.000970738 0.000919519 0.000853882
threshold=4.560325940450034 1.8191064198811853 -0.37744589574233062 1.4704886277516687 -1.6709077385562481 -9.6378434499104806 -5.632280031840005 0.00066130177583540015 -1.9897289416055657 1.357673009236654 0.077429453531901019 -18.28683217366536 7.7888151804606123 0.046280197226826601 0.014566352590918501 6.4034636815389012 1.857434908548991 0.27004673083623248 -0.24359548091888422 -0.69002997875213612 0.52823317050933849 -1.9891513990204546 -1.0139697937205043 -0.022676308949788348 7.6016422907511405 1.336271188697215 0.47592207218201038 -0.21014192636942838 5.381967544555665 -0.47940251041694887
decision_type=2 2 10 2 8 2 2 2 10 2 2 10 2 10 2 10 2 2 2 2 2 10 10 2 2 8 10 2 2 2
left_child=1 4 8 6 11 7 -2 -6 -3 10 16 21 19 -11 -4 -12 -7 -10 -16 -8 -21 -1 -23 -14 -5 26 -26 -28 -29 -25
right_child=3 2 14 24 5 9 12 -9 17 13 15 -13 23 -15 18 -17 -18 -19 -20 20 -22 22 -24 29 25 -27 27 28 -30 -31
leaf_value=0 -0.00044299464641202844 0 0 3.9973043494533623e-05 -3.8187444932659603e-05 -3.5499565601865618e-06 -0.00015941165216080353 -0.00039437457768561822 0.00049371041189453146 -0.00014555130583923198 0.0001782677203142294 0 0 0 0 -7.4426643055212771e-06 8.605477189540011e-05 8.2635088128782725e-05 0.00018024433387961266 9.4627130126644026e-05 -6.8639184425183395e-05 0.0003073983225181957 0 0 0 0 0 -0.00031894968492161271 0 -0.00031910329132638928
leaf_weight=44 64 20 286 468 144 3532 314 64 145 292 354 120 22 571 65 73 410 55 310 111 542 169 72 22 63 281 59 111 31 176
leaf_count=44 64 20 286 468 144 3532 314 64 145 292 354 120 22 571 65 73 410 55 310 111 542 169 72 22 63 281 59 111 31 176
internal_value=0 2.69088e-05 0.000152808 -7.8836e-05 7.07465e-06 -5.20704e-07 -0.000135183 -0.000171947 0.000362968 5.34194e-06 1.83866e-05 0.000121414 -0.000114339 -5.48989e-05 7.52536e-05 0.000134817 4.50325e-06 0.00040575 0.000139688 -7.9379e-05 -3.32204e-05 0.000185628 0.000226903 -0.000245182 -4.30825e-06 -5.15063e-05 -0.000123399 -0.000180838 -0.000251712 -0.000282387
internal_weight=8990 6726 881 2264 5845 5440 1251 208 220 5232 4369 405 1187 863 661 427 3942 200 375 967 653 285 241 220 1013 545 264 201 142 198
internal_count=8990 6726 881 2264 5845 5440 1251 208 220 5232 4369 405 1187 863 661 427 3942 200 375 967 653 285 241 220 1013 545 264 201 142 198
is_linear=0
shrinkage=0.05


Tree=12
num_leaves=31
num_cat=0
split_feature=66 249 85 208 76 246 48 50 50 36 10 290 344 348 230 226 235 368 67 231 11 50 293 221 233 270 359 16 275 76
split_gain=0.0068384 0.00509861 0.0048023 0.00426674 0.00359863 0.00288248 0.00276631 0.00230645 0.00197572 0.00193729 0.00181433 0.00176149 0.00154792 0.00147359 0.00186906 0.00141211 0.00139141 0.00124098 0.00122975 0.00139371 0.00116028 0.00112494 0.0010885 0.00105054 0.00104577 0.00103457 0.00102248 0.0010168 0.00100508 0.00110548
threshold=-5.25058889389038 -0.32628118759597541 -2.3203447659810377 0.14858321173250877 6.3971385955810556 -1.7879919710277907 1.4704886277516687 6.6879355112711592 0.14698197444279987 0.32294163107872015 0.62464406092961644 -1.3049411376317337 -0.42795789241790755 -5.5348777373631775 -0.66443443187425488 -0.12770131136475013 -1.0023120863402768 6.9816145571277231 -0.86302630106608058 -0.3909888094428659 0.83579639593760191 -14.580469290415442 -2.7618263959884639 0.18476639424921479 -0.31326026263002421 -2.2436007524120893 2.6907736508578379 2.8172626495361333 1.186348203031353 1.8485114574432371
decision_type=2 10 2 8 2 10 2 2 2 2 2 10 10 10 10 10 10 2 2 10 2 2 10 10 10 10 10 2 10 2
left_child=1 10 8 4 18 9 7 15 11 -3 22 24 -6 -12 16 -5 -15 26 -4 -20 -21 -7 23 25 -2 -1 -9 -14 29 -23
right_child=2 5 3 6 12 21 -8 17 -10 -11 13 -13 27 14 -16 -17 -18 -19 19 20 -22 28 -24 -25 -26 -27 -28 -29 -30 -31
leaf_value=-8.4447193202750354e-06 -0.00019529990879694719 0.0008624838474744226 0.00035960169199412474 -0.00014052251886612402 0 -6.9312621492815683e-05 0 -0.00030295930679707971 -0.00030712221681510006 0 0 2.3093412501560328e-06 0.00046802292200697257 0 0 -2.2497839880028303e-05 -0.00054453711162346979 0 -1.8214710864541915e-05 7.5344497764430628e-05 -0.00010104175255908814 0.00011703812168272625 0 -0.00013661710829874374 0 0.00015919699689281123 0 0 0 0.00030344482953889899
leaf_weight=49 308 30 29 394 25 24 1951 218 166 21 149 229 84 27 80 1136 47 53 1067 1067 79 426 532 22 81 407 31 27 42 189
leaf_count=49 308 30 29 394 25 24 1951 218 166 21 149 229 84 27 80 1136 47 53 1067 1067 79 426 532 22 81 407 31 27 42 189
internal_value=0 8.05377e-05 -2.34859e-05 -7.79111e-06 4.36755e-05 0.00018706 -4.14651e-05 -8.55866e-05 -0.000140428 0.000585999 1.7334e-05 -8.75214e-05 0.000297058 -8.38488e-05 -0.000194255 -5.61661e-05 -0.000376209 -0.000218019 2.60627e-05 1.94166e-05 5.88149e-05 0.00014976 5.26441e-05 0.000107457 -0.000153241 0.000130222 -0.000264764 0.000378063 0.000165382 0.000182493
internal_weight=8990 2045 6945 6161 2378 732 3783 1832 784 51 1313 618 136 303 154 1530 74 302 2242 2213 1146 681 1010 478 389 456 249 111 657 615
internal_count=8990 2045 6945 6161 2378 732 3783 1832 784 51 1313 618 136 303 154 1530 74 302 2242 2213 1146 681 1010 478 389 456 249 111 657 615
is_linear=0
shrinkage=0.05


Tree=13
num_leaves=31
num_cat=0
split_feature=254 48 273 58 76 238 238 273 279 20 48 238 238 273 327 297 252 348 375 238 364 362 214 338 346 237 349 15 353 311
split_gain=0.00612234 0.00505865 0.00494526 0.00419641 0.0028277 0.00316343 0.0029998 0.00369177 0.00169595 0.00158498 0.00150654 0.0014383 0.00139103 0.00132983 0.0016126 0.00131054 0.0012688 0.00117395 0.00113064 0.00104052 0.00103682 0.00100183 0.000947474 0.000935786 0.000892817 0.000854343 0.000708554 0.000687174 0.000675806 0.000664796
threshold=0.65920379067254131 8.4762411117553729 0.14664836164196024 -0.90002409617106116 6.8244190216064462 0.68836857177822108 -0.2899867508517982 -0.38190687624594089 -0.33741881746293784 -3.598608016967773 -16.362373987833653 1.6910177801414592 0.16250581928451857 1.6531186895495462 0.45241916179656988 0.0028241773446400003 0.2786813564625869 -14.838327407836912 -0.64992137330686595 0.51454562488722611 3.271530594916221 -1.125926929899937 -0.43832553349603531 0.92273546419459151 -1.1203025976816812 -0.18221409504976321 3.7490243911743169 0.78912746906280529 1.6620410385859385 -0.55759986199658507
decision_type=8 2 10 2 2 10 10 10 10 2 2 10 10 10 10 10 10 10 2 10 10 10 10 10 10 10 10 2 10 8
left_child=1 4 18 -3 6 24 7 10 22 -9 17 13 25 20 -15 -12 28 -1 -2 -5 -4 -11 27 -14 -6 -10 29 -8 -13 -20
right_child=2 3 11 19 5 -7 8 9 12 21 15 16 23 14 -16 -17 -18 -19 26 -21 -22 -23 -24 -25 -26 -27 -28 -29 -30 -31
leaf_value=0 0 0.00066335530750242762 0 0.00016587013571356412 0 -2.4629175769340025e-05 -0.00017272496263202701 0.00047272642761173533 -2.920783892938912e-06 0 2.4737160751701678e-05 -0.00043552743237071769 -8.0126515773560551e-05 0 0.00025287933054170524 -0.00012019988893980515 -4.6384254554165258e-05 -0.00028297688406017191 -0.00027570240312158864 1.0088533933290629e-05 -0.00021120273903507724 0.00013580588898158755 -9.2846620059732802e-06 0 0.00039976897067350739 9.506336499467143e-05 -0.00035826907130734944 0 0 -9.4330811958224668e-05
leaf_weight=42 59 42 894 384 32 71 393 39 313 236 1996 44 722 97 111 162 346 80 140 251 64 589 284 569 110 386 124 68 20 322
leaf_count=42 59 42 894 384 32 71 393 39 313 236 1996 44 722 97 111 162 346 80 140 251 64 589 284 569 110 386 124 68 20 322
internal_value=0 2.37441e-05 -7.19229e-05 0.000153849 8.46264e-06 0.00018758 1.11956e-06 3.52473e-05 -3.62835e-05 0.000123294 0 -2.059e-05 -9.37826e-06 3.67678e-06 0.000121521 1.15349e-05 -0.000101779 -0.000168804 -0.000189577 0.000112178 -1.67009e-05 0.00010066 -0.00010143 -4.21758e-05 0.000328814 4.40416e-05 -0.000210666 -0.000147338 -0.000322712 -0.00016016
internal_weight=8990 6769 2221 677 6092 213 5879 3144 2735 864 2280 1576 1990 1166 208 2158 410 122 645 635 958 825 745 1291 142 699 586 461 64 462
internal_count=8990 6769 2221 677 6092 213 5879 3144 2735 864 2280 1576 1990 1166 208 2158 410 122 645 635 958 825 745 1291 142 699 586 461 64 462
is_linear=0
shrinkage=0.05


Tree=14
num_leaves=31
num_cat=0
split_feature=66 85 85 50 48 67 85 48 22 238 293 58 66 195 50 89 188 67 64 284 206 50 237 22 191 59 39 370 42 63
split_gain=0.0058916 0.0055995 0.00303519 0.00362927 0.0028126 0.00204272 0.00165376 0.00156496 0.00209508 0.00142515 0.00139418 0.00121947 0.00121009 0.00135909 0.00124964 0.00112976 0.0010974 0.00115481 0.000973763 0.00095862 0.000902374 0.00160877 0.000897746 0.000875935 0.00101293 0.000831456 0.000821107 0.000772938 0.00102777 0.000758559
threshold=4.560325940450034 10.437032381693525 1.0000000180025095e-35 1.2909412384033205 1.5658168792724612 1.9799952904383342 -5.632280031840005 -16.362373987833653 -7.6831452051798488 -0.2899867508517982 -0.27645897865295394 2.512364069620769 11.706501642862957 1.1472974766679904 0.52823317050933849 8.7773539225260446 0.52116143549676375 2.5053176085154218 -6.5061788558959952 0.2823721518119176 -1.5914888664293791 -6.456096013387044 1.7437499579770874 -0.041018098592758144 0.21567823246661919 -0.69002997875213612 2.1437269051869712 1.0886328767227678 -0.78948807716369618 0.8734729290008546
decision_type=2 2 2 2 2 2 2 2 2 8 10 2 2 10 2 2 10 2 2 10 10 2 10 2 10 2 2 2 2 2
left_child=1 2 5 11 6 7 -2 18 -9 -10 -3 20 13 14 25 27 23 29 -1 -15 -4 -22 -12 24 -5 -8 -16 28 -14 -18
right_child=4 10 3 16 -6 -7 12 8 9 -11 22 -13 15 19 26 -17 17 -19 -20 -21 21 -23 -24 -25 -26 -27 -28 -29 -30 -31
leaf_value=0 -0.00038282999595220884 0 0 -0.00035430197856117589 0 -0.00010131458687093703 -5.397660967910779e-05 0.00047462508580981347 3.47772814678974e-05 -2.2283327754218646e-05 0.00066095211688889789 0 0 0.00022150193928383629 -0.00015988484441885141 0 0 -5.6400056305418216e-05 -0.00032324046878982508 0 0.00035566046866481816 0.00013060520433760421 0 0 0 0.00014059543798281861 -1.1898775428505069e-05 -4.0689424402507965e-05 -0.00029989510166894014 0.00015197404175556665
leaf_weight=70 66 22 23 50 810 467 123 25 2619 1781 49 79 28 65 425 50 97 123 55 55 143 579 21 241 41 87 221 117 217 241
leaf_count=70 66 22 23 50 810 467 123 25 2619 1781 49 79 28 65 425 50 97 123 55 55 143 579 21 241 41 87 221 117 217 241
internal_value=0 2.35072e-05 1.7344e-05 7.69677e-05 -6.97413e-05 -8.77506e-07 -0.000111395 8.33421e-06 1.43069e-05 1.05444e-05 0.000413138 0.000150447 -9.48595e-05 -5.65619e-05 -8.17621e-05 -0.000173415 0 5.0515e-05 -0.000162973 8.1486e-05 0.000170663 0.000182147 0.000523422 -6.86883e-05 -0.00020307 2.86217e-06 -0.000117006 -0.000205001 -0.00026302 0.000104216
internal_weight=8990 6726 6634 1617 2264 5017 1454 4550 4425 4400 92 824 1388 976 856 412 793 461 125 120 745 722 70 332 91 210 646 362 245 338
internal_count=8990 6726 6634 1617 2264 5017 1454 4550 4425 4400 92 824 1388 976 856 412 793 461 125 120 745 722 70 332 91 210 646 362 245 338
is_linear=0
shrinkage=0.05


Tree=15
num_leaves=31
num_cat=0
split_feature=66 249 85 210 264 50 246 228 36 290 10 233 376 48 351 50 348 40 37 38 219 227 375 245 249 41 234 207 50 93
split_gain=0.00536788 0.00424333 0.0039281 0.00303869 0.00318358 0.00288612 0.00249936 0.0019474 0.0017337 0.00169476 0.00159941 0.00156077 0.00154967 0.00150454 0.00195745 0.00141053 0.00136854 0.00170242 0.0016039 0.00121906 0.00155138 0.00120993 0.00114676 0.0011059 0.00110181 0.00108981 0.00107815 0.00106033 0.00103887 0.000984562
threshold=-5.25058889389038 -0.32628118759597541 -1.114160895347595 0.21551009298434712 0.72705789394199383 0.32834148406982427 -1.7879919710277907 0.52417218833067036 0.32294163107872015 -1.4140032132466633 0.62464406092961644 -0.34051219192151511 -0.0056923093854765487 8.0053278605143241 0.93804126977920588 -2.4885948101679483 -5.5348777373631775 -2.0692892074584956 -3.0458011627197261 1.6396976113319399 1.4801137876559938 0.058256940988023607 -0.50117883626875515 -1.2966503911866043 -1.760154678722557 -3.6350035667419429 0.89812421077184834 -1.2021501975837146 -14.580469290415442 0.71703188618024194
decision_type=2 10 2 8 10 2 10 10 2 10 2 10 2 2 10 2 10 2 2 2 10 10 2 10 10 2 10 10 2 2
left_child=1 10 5 4 15 9 8 -6 -3 11 23 25 -9 14 21 27 -12 18 -18 20 -16 -5 -7 24 -1 -2 -15 -4 -8 -14
right_child=2 6 3 13 7 22 28 12 -10 -11 16 -13 29 26 19 -17 17 -19 -20 -21 -22 -23 -24 -25 -26 -27 -28 -29 -30 -31
leaf_value=0 0 0.00080005593355776021 0 -9.646832156103252e-05 1.338392286305569e-06 0 -8.1926831396883997e-05 0 0 6.3630196347312255e-06 0 0 0 -3.2516884246264282e-05 -0.0002005060021214941 0 0 0 -0.00056420451740444189 -5.4558537611497817e-06 0 0 -0.00025857197599257596 0 0.00017352277696689133 -0.00018714798225553773 8.7674033006850902e-05 0.00016320913894569695 0.00014839231822377669 0.00049240774550039334
leaf_weight=133 35 30 85 383 100 62 24 22 21 574 149 212 20 262 426 1346 21 90 43 264 95 1595 302 621 256 389 415 263 657 95
leaf_count=133 35 30 85 383 100 62 24 22 21 574 149 212 20 262 426 1346 21 90 43 264 95 1595 302 621 256 389 415 263 657 95
internal_value=0 7.10916e-05 -2.10716e-05 0 4.94741e-05 -9.0541e-05 0.000168225 0.000223603 0.000540574 -4.79984e-05 1.31232e-05 -0.000104914 0.00034925 -2.88838e-05 -4.60476e-05 2.21493e-05 -8.18931e-05 -0.000188131 -0.000389209 -0.00011405 -0.00015947 -1.65277e-05 -0.000218175 4.65833e-05 0.000112866 -0.000160342 3.37776e-05 0.000111883 0.000132923 0.000423024
internal_weight=8990 2045 6945 5371 1931 1574 732 237 51 1210 1313 636 137 3440 2763 1694 303 154 64 785 521 1978 364 1010 389 424 677 348 681 115
internal_count=8990 2045 6945 5371 1931 1574 732 237 51 1210 1313 636 137 3440 2763 1694 303 154 64 785 521 1978 364 1010 389 424 677 348 681 115
is_linear=0
shrinkage=0.05


Tree=16
num_leaves=31
num_cat=0
split_feature=238 91 273 236 58 351 273 290 236 50 335 21 255 41 281 258 301 238 19 249 255 243 305 40 58 236 244 341 33 88
split_gain=0.00471367 0.00732715 0.00487685 0.00262566 0.00216963 0.00198068 0.00158405 0.00153664 0.00142772 0.00209801 0.00135453 0.00131803 0.00125297 0.00109946 0.0014325 0.00121093 0.00136188 0.00118476 0.00143054 0.00132528 0.00108573 0.00105331 0.00105068 0.00122563 0.000972892 0.000948042 0.00108326 0.00118997 0.000939156 0.000885134
threshold=0.12968930655391411 0.11406707763671871 0.058420668430651808 0.37641606044072923 -2.6294901470343262 1.2552540699640915 -0.75258428727407545 1.1351355314254767 1.2298227627160097 7.7888151804606123 1.6012895999627039 2.5093243519465136 1.1512449797794446 -0.17640785376230866 -2.2362795422447923 -1.9151482029667513 -0.20379104216893504 -0.93096084180113181 -9.6378434499104806 -0.92410745960253615 -0.073194243468556977 1.5986323488682663 2.9097438161081191 3.0067663192749028 2.2694257895151781 -0.9832362323381173 -0.54777710115643707 -0.47362136840820307 -0.95652008056640614 2.1905282735824589
decision_type=8 2 10 10 2 10 10 8 10 2 10 2 10 2 10 10 10 10 2 10 8 10 10 2 2 10 10 10 2 2
left_child=1 3 5 13 -3 7 -6 -2 9 -4 -7 24 22 14 15 -1 -17 19 -19 -16 -9 -11 23 -10 -8 26 -15 -28 -23 -30
right_child=2 4 8 -5 6 10 11 20 12 21 -12 -13 -14 25 17 16 -18 18 -20 -21 -22 28 -24 -25 -26 -27 27 -29 29 -31
leaf_value=9.5107016733130285e-06 -0.00015205833338255979 0.00062841052706787593 -4.9148440126215307e-06 0.00013026529793735864 -0.00019954331560912932 -0.00046031834579298673 0.00021037295744540736 0.00025156300704268236 8.1653527715948494e-05 -3.8931127596774377e-05 0 0 -1.1820581139234305e-06 0 1.8536442898881188e-05 -0.00039955297928414082 0 -0.00030571343057164853 0 0.00015634487807665584 -4.5490373980587471e-05 0 0 0.00041029314109757405 5.8139903596918904e-06 -1.9693411813866315e-05 -0.00042905357903502228 0 -0.00031923234375607024 0
leaf_weight=36 551 31 1851 377 20 84 578 37 219 266 21 98 485 114 764 58 59 39 1383 280 177 22 114 53 122 866 57 58 140 30
leaf_count=36 551 31 1851 377 20 84 578 37 219 266 21 98 485 114 764 58 59 39 1383 280 177 22 114 53 122 866 57 58 140 30
internal_value=0 3.27512e-05 -4.00155e-05 3.75414e-06 0.000166571 -0.000145353 0.000142883 -0.000107859 -9.62095e-06 -3.14675e-05 -0.000370587 0.000157754 4.25507e-05 -7.74468e-06 8.22838e-06 -0.000136354 -0.000223903 1.92315e-05 -7.40397e-06 6.02968e-05 0 -0.00012784 0.000110436 0.000164193 0.000181869 -5.05118e-05 -0.000145172 -0.000255885 -0.000224904 -0.000266321
internal_weight=8990 4940 4050 4091 849 870 818 765 3180 2309 105 798 871 3714 2619 153 117 2466 1422 1044 214 458 386 272 700 1095 229 115 192 170
internal_count=8990 4940 4050 4091 849 870 818 765 3180 2309 105 798 871 3714 2619 153 117 2466 1422 1044 214 458 386 272 700 1095 229 115 192 170
is_linear=0
shrinkage=0.05


Tree=17
num_leaves=31
num_cat=0
split_feature=66 85 39 254 65 47 367 208 66 238 264 6 266 370 38 350 242 246 85 308 377 238 312 197 67 207 298 314 351 202
split_gain=0.00470982 0.00382063 0.00306917 0.00248523 0.00217017 0.00186049 0.00180674 0.00185159 0.00166028 0.00161407 0.00410323 0.00209658 0.00150534 0.00115137 0.00111244 0.00106881 0.00112612 0.00101551 0.000998339 0.000984159 0.0009625 0.000962394 0.000874839 0.000940604 0.000858277 0.00110293 0.000846395 0.000841755 0.000758406 0.000710457
threshold=5.3021256128946961 10.437032381693525 -0.030939737955729098 -1.6709077385562481 -7.391495704650878 0.68565080563227354 0.31008404096173037 -2.0290978736550884 15.583945592244467 0.34809012497039987 0.44532823891762285 0.82890144983927416 1.336271188697215 1.1216808873655777 2.3845203717549643 -0.83557875951131177 -1.6543975812895526 0.65620671711663792 7.1735722223917646 2.1301359681031049 -1.0416722411485257 -0.93096084180113181 3.3458602870303746 0.31124014719289905 2.5053176085154218 1.0961390136430613 0.31879091014464672 0.978470548802435 1.487108111381531 -0.38075924273870027
decision_type=2 2 2 8 2 2 2 10 2 8 10 2 10 2 2 10 10 10 2 10 2 10 10 10 2 10 10 10 10 8
left_child=1 3 19 15 5 6 7 -5 18 10 21 29 13 28 27 16 -1 -13 24 -2 -12 -6 23 -20 25 -4 -25 -3 -10 -11
right_child=2 14 8 4 9 -7 -8 -9 12 11 20 17 -14 -15 -16 -17 -18 -19 22 -21 -22 -23 -24 26 -26 -27 -28 -29 -30 -31
leaf_value=0 -0.00020615709306002653 0.00010994199340354884 -2.5042419724296709e-05 0 5.1860910706113639e-05 0 0 -0.00055424254294639817 -3.8350514495960969e-05 0 0 0.00011198515918840464 0 0 0 -1.0311184504780356e-05 0.00020783144570052991 -7.336382942856008e-06 0 0 0.00018824342773698794 -2.6026943701448276e-06 -8.5502177886543978e-06 0.00034391281526383808 -9.0040147133209735e-05 0.00012516545395316987 0 0.00067657230214744797 -0.00048814751881500943 -0.0001153352466823881
leaf_weight=107 418 43 647 22 1045 142 58 60 44 75 45 219 112 38 20 54 299 662 49 33 447 2990 50 71 359 150 26 33 59 613
leaf_count=107 418 43 647 22 1045 142 58 60 44 75 45 219 112 38 20 54 299 662 49 33 447 2990 50 71 359 150 26 33 59 613
internal_value=0 1.95522e-05 -6.66137e-05 1.43871e-05 5.469e-06 -0.000128592 -0.000257867 -0.000410472 -3.04419e-05 1.24928e-05 2.82154e-05 -2.96834e-05 -0.000148878 -0.00025774 0.000335034 0.000127143 0.000157736 1.66593e-05 -4.57152e-06 -0.000184221 0.000165244 1.02643e-05 9.46959e-05 0.000164259 -2.5734e-05 0 0.000254586 0.000422248 -0.000344721 -9.62866e-05
internal_weight=8990 6934 2056 6838 6378 282 140 82 1605 6096 4527 1569 253 141 96 460 406 881 1352 451 492 4035 196 146 1156 797 97 76 103 688
internal_count=8990 6934 2056 6838 6378 282 140 82 1605 6096 4527 1569 253 141 96 460 406 881 1352 451 492 4035 196 146 1156 797 97 76 103 688
is_linear=0
shrinkage=0.05


Tree=18
num_leaves=31
num_cat=0
split_feature=66 76 273 50 273 19 50 64 10 57 28 270 335 61 50 19 0 376 347 305 357 330 80 66 19 222 377 247 203 13
split_gain=0.00428802 0.00364201 0.0029561 0.00218944 0.00317853 0.00290372 0.0018761 0.00141589 0.00139198 0.00172222 0.00253094 0.00145626 0.00138547 0.00128779 0.00129687 0.0017721 0.00165007 0.00107592 0.0010751 0.00107545 0.000958577 0.00116726 0.000950165 0.000867402 0.000974341 0.000856309 0.000854727 0.00106995 0.000878637 0.000754827
threshold=5.3021256128946961 5.3061849276224775 -0.08652475501440543 -6.456096013387044 -0.35072005308466075 -9.6378434499104806 6.2712790171305342 -1.1348782777786253 0.15221386154492697 -0.19759750366210932 0.016365937888622253 -2.2436007524120893 -2.4950899185824738 -0.8341156244277953 1.2909412384033205 -1.1918069918950398 0.53002558151880919 -0.0022778714034036493 -0.63259494304656971 0.96858161796702913 -0.2391320029704562 0.28482842445373563 0.063870012760162312 15.583945592244467 -0.93026745319366444 -0.31582510060585084 -0.77424637818128528 1.6091666782881928 1.9928934252867758 -0.026119474321603695
decision_type=2 2 10 2 10 2 2 2 2 2 2 10 10 2 2 2 2 2 10 10 10 10 2 2 2 10 2 10 10 2
left_child=1 3 -2 4 8 25 20 12 11 10 -10 -1 -6 22 15 -15 -16 -13 -8 -20 -3 -22 -7 24 -4 -5 27 28 -25 -24
right_child=2 6 23 5 7 13 18 -9 9 -11 -12 17 -14 14 16 -17 -18 -19 19 -21 21 -23 29 26 -26 -27 -28 -29 -30 -31
leaf_value=-0.00013721745241882007 -0.00017913784355399212 0 -0.00013882597551417283 -0.00052943375761159135 0 -6.2101075147546572e-06 -0.00028116845194266086 0 -0.00039705396165303733 2.6780310567556275e-06 7.8621484988213115e-05 0.00025483471342555768 0.00036687593369918526 0 -0.00010868946786837275 0.00010985025542662629 3.2810116479322518e-05 4.8190679072000221e-05 0.00028776014664071657 0 0.00044525172046090146 0.0001444899243660292 0 -0.00036649168428243783 1.5683338825741517e-06 0 0 0 0 -0.00011280303523633515
leaf_weight=45 450 65 131 34 26 2346 28 82 69 436 22 128 150 613 327 750 486 303 38 68 86 193 166 77 1225 21 107 46 20 452
leaf_count=45 450 65 131 34 26 2346 28 82 69 436 22 128 150 613 327 750 486 303 38 68 86 193 166 77 1225 21 107 46 20 452
internal_value=0 1.85794e-05 -6.36366e-05 7.89903e-06 6.7322e-05 -5.56347e-06 0.000152342 0.000226146 2.14649e-05 -2.75678e-05 -0.000227211 8.62475e-05 0.000308313 -7.17184e-07 2.7464e-05 5.82259e-05 -1.79601e-05 0.000121204 0 6.62926e-05 0.000214188 0.000255239 -2.30933e-05 -2.8151e-05 -8.31703e-06 -0.000366903 -0.000115692 -0.000195768 -0.000289877 -7.90832e-05
internal_weight=8990 6934 2056 6456 1261 5195 478 258 1003 527 91 476 176 5140 2176 1363 813 431 134 106 344 279 2964 1606 1356 55 250 143 97 618
internal_count=8990 6934 2056 6456 1261 5195 478 258 1003 527 91 476 176 5140 2176 1363 813 431 134 106 344 279 2964 1606 1356 55 250 143 97 618
is_linear=0
shrinkage=0.05


Tree=19
num_leaves=31
num_cat=0
split_feature=48 50 91 58 264 48 246 50 273 238 273 21 341 198 375 210 249 207 217 43 49 356 258 39 212 333 18 210 193 210
split_gain=0.00408528 0.00438413 0.00448138 0.00326311 0.00241223 0.00212443 0.0021192 0.00150105 0.00204959 0.00146326 0.00143093 0.00145551 0.00142079 0.00130032 0.00134838 0.00116157 0.00137434 0.00127188 0.00160604 0.00114356 0.00120967 0.00110063 0.00109322 0.00108021 0.0010627 0.00104704 0.000954293 0.000926745 0.000921799 0.000920123
threshold=8.1256036758422869 1.357673009236654 0.077429453531901019 -0.34209686517715449 -0.16202048056405896 -16.362373987833653 -0.20250427278581271 7.013564745585124 1.3259287553951427 0.52741400557960605 -0.6424586174611725 2.1771812438964848 -2.6629739105701433 -0.26433770935768314 -0.41430056006552302 -2.05352616031761 -1.760154678722557 -1.4010088243209271 -1.1223881834812059 -0.95653053124745679 -5.2930285135904942 0.13347007005050707 -1.8530827447797129 -0.77502775192260731 0.36215936911385088 1.2275620067879018 2.7155602375666303 1.328591398534517 0.25527329047987707 -0.31397638935282263
decision_type=2 2 2 2 10 2 10 2 10 10 10 2 10 10 2 8 10 10 8 2 2 10 10 2 10 10 2 10 10 10
left_child=1 2 5 23 -3 19 10 24 13 -5 -4 12 -12 -9 -15 16 -7 18 -17 20 22 -11 -1 -2 29 26 -23 -10 -8 -6
right_child=3 4 6 9 7 15 28 8 27 21 11 -13 -14 14 -16 17 -18 -19 -20 -21 -22 25 -24 -25 -26 -27 -28 -29 -30 -31
leaf_value=0 0.00059419456325231863 -0.00020061977764951049 -7.7717668917110597e-06 0.00013545131968066231 0.00013121639616484336 0 -2.8212797345594396e-05 0 8.4368254193113148e-05 -0.00020368215077818221 0 0 0.00031334539094304679 0 -0.00026336972681103866 0 0.00019459207222696266 2.4819726979728458e-06 -0.00017665438589818585 0 0 0 -0.00046797419660795536 0 2.1075155615340354e-05 0 0.0003174765255274355 -8.8144501778771232e-05 0.00011713464892279817 -8.0545152670465959e-05
leaf_weight=20 45 318 23 413 39 223 198 60 143 53 21 42 282 66 286 248 163 3639 235 29 45 80 64 23 814 376 55 167 176 644
leaf_count=20 45 318 23 413 39 223 198 60 143 53 21 42 282 66 286 248 163 3639 235 29 45 80 64 23 814 376 55 167 176 644
internal_value=0 -1.24198e-05 1.22421e-05 9.27351e-05 -6.69597e-05 -4.88151e-06 0.000126646 -4.55439e-05 -0.000105906 6.33606e-05 0.000214468 0.000243771 0.000282248 -0.000179129 -0.000216305 3.32743e-07 8.42431e-05 -6.31382e-06 -8.29194e-05 -0.000185184 -0.000253262 1.69241e-06 -0.000366635 0.000440644 -1.30862e-05 3.2812e-05 0.000153128 0 2.68336e-05 -6.11163e-05
internal_weight=8990 7945 5408 1045 2537 4666 742 2219 722 977 368 345 303 412 352 4508 386 4122 483 158 129 564 84 68 1497 511 135 310 374 683
internal_count=8990 7945 5408 1045 2537 4666 742 2219 722 977 368 345 303 412 352 4508 386 4122 483 158 129 564 84 68 1497 511 135 310 374 683
is_linear=0
shrinkage=0.05


Tree=20
num_leaves=31
num_cat=0
split_feature=254 85 236 50 279 273 244 236 377 218 372 37 244 58 266 220 83 210 243 353 208 34 246 208 6 228 21 298 38 246
split_gain=0.00363545 0.00432266 0.0027227 0.00210458 0.0027938 0.00202863 0.0022006 0.00150528 0.00141987 0.00141107 0.0012468 0.00170451 0.00215433 0.00164404 0.00218677 0.00151879 0.0014077 0.0011679 0.00108228 0.00108198 0.00102094 0.000977438 0.000920496 0.000869949 0.00149122 0.000927715 0.00116081 0.000847211 0.00129712 0.00123521
threshold=-0.14672953743735853 2.1053361097971606 -1.4644074425334119 6.140751540660859 1.2444743138817145 1.2977958293112983 0.89299837655809233 0.84238612381317446 -0.66237960357229364 1.9388887322405097 -0.15273009487514663 -1.3346046606699622 -1.2680227037377096 -0.90002409617106116 -0.81619218028000706 -0.23845694617072491 0.039676904678344657 -1.4098587071734328 -0.59927267842897602 -0.083844487059575992 2.2505958418864078 1.072386185328166 0.84088072864849217 0.25405917390747973 0.27206401030222577 0.10300181262669771 1.6880274266004565 -0.19034710029760987 1.1707845131556196 -1.0546977619097169
decision_type=8 2 10 2 10 10 10 10 2 10 2 2 10 2 10 10 2 8 10 10 10 2 10 10 2 10 2 10 2 10
left_child=1 7 17 4 23 6 8 10 -5 27 11 12 -1 14 -12 -16 -14 -2 -9 -7 21 -21 -6 25 -25 -4 -27 -3 -29 -30
right_child=2 9 3 5 22 19 -8 18 -10 -11 13 -13 16 -15 15 -17 -18 -19 -20 20 -22 -23 -24 24 -26 26 -28 28 29 -31
leaf_value=1.8035545694261256e-07 0 0 -1.4023064134918474e-05 -0.00031782014743752363 0.00024514233728968837 -0.00030488782128140172 -3.2274087436860666e-05 0.00032209751497051147 -2.4768074913958111e-05 -1.7757962272170071e-05 1.8162494988765051e-05 0 -0.00034803255561311353 4.3864077507046573e-06 0.00041094692510459095 0 0 -0.00021773938765755094 5.0500014381600465e-05 0 -9.8534477114175915e-05 0.00014906614533644419 1.7394602952097972e-05 -0.00011013804585199761 -4.1275305659852887e-06 0.00015344725294607427 0 0 0.0005748571237751194 0.00020110310614786941
leaf_weight=92 36 21 777 203 146 28 353 64 102 31 263 996 120 1629 89 41 53 259 267 209 121 176 141 494 1352 230 329 57 49 262
leaf_count=92 36 21 777 203 146 28 353 64 102 31 263 996 120 1629 89 41 53 259 267 209 121 176 141 494 1352 230 329 57 49 262
internal_value=0 3.5099e-05 -2.88283e-05 -1.8302e-05 0 -7.56526e-05 -0.000134439 1.59335e-05 -0.000236244 0.000188069 4.09678e-06 -3.30915e-05 -0.000145888 2.9762e-05 0.000122198 0.000294061 -0.000252407 -0.000178136 0.000118197 0 1.35467e-05 6.17723e-05 0.000150713 -1.2065e-05 -3.52094e-05 1.61725e-05 6.70818e-05 0.000217322 0.00023596 0.000276228
internal_weight=8990 4034 4956 4661 3469 1192 658 3614 305 420 3283 1261 265 2022 393 130 173 295 331 534 506 385 287 3182 1846 1336 559 389 368 311
internal_count=8990 4034 4956 4661 3469 1192 658 3614 305 420 3283 1261 265 2022 393 130 173 295 331 534 506 385 287 3182 1846 1336 559 389 368 311
is_linear=0
shrinkage=0.05


Tree=21
num_leaves=31
num_cat=0
split_feature=66 249 85 208 76 246 193 252 50 220 36 61 238 10 344 47 216 363 30 67 78 194 370 246 377 47 33 292 15 33
split_gain=0.00354463 0.00301889 0.00297901 0.00262599 0.00242207 0.0020001 0.00189052 0.00166824 0.00160731 0.00157869 0.0015046 0.00146005 0.00145306 0.00125094 0.00124656 0.0012273 0.00122987 0.00117494 0.00110875 0.00105419 0.00187368 0.00103511 0.00102532 0.00101801 0.00101534 0.000980548 0.000952495 0.000947847 0.00132581 0.000947716
threshold=-5.25058889389038 -0.32628118759597541 -2.3203447659810377 0.14858321173250877 6.3971385955810556 -1.7879919710277907 0.53609691296334394 -0.9528289754768281 3.8972071011861171 -0.32352662089513368 0.32294163107872015 0.81885894139607751 0.67588583753748765 0.30351050694783527 -0.42795789241790755 0.10493031144142147 -1.3914737438101865 -0.38185167869955722 -0.96375226974487294 3.2028635342915854 1.9302057425181074 1.0533894006394116 0.59640391014904603 -0.40657865434459228 -0.98047220662301882 0.78250010808308923 0.10922518372535707 17.872829953829452 1.1813974877198541 -1.9019495646158853
decision_type=2 10 2 8 2 10 10 10 2 10 2 2 10 2 10 2 10 8 2 2 2 10 2 10 2 2 2 10 2 2
left_child=1 7 9 4 17 10 8 -1 -5 11 -3 -2 21 25 -6 -15 -17 18 -4 -14 -21 -8 -11 24 -19 29 -20 28 -10 -9
right_child=2 5 3 6 14 -7 12 13 27 22 -12 -13 19 15 -16 16 -18 23 26 20 -22 -23 -24 -25 -26 -27 -28 -29 -30 -31
leaf_value=7.2289772752200281e-05 -6.5824267776466974e-05 0.00071067460005262879 9.7492700488538987e-06 -4.0289254262296608e-05 0 0.00010725945755507339 1.8379522915393489e-05 -0.00024649260039280905 -0.00024434305168675774 0 0 0.00031846487920860318 -9.5786458745585007e-06 0 0.00031782138440689887 0 -0.00023340132714802094 0 -0.00020713797953148458 -0.00028088653720165452 0 0.00019033606791504082 -0.00024058774877379932 1.4641729576381948e-05 0.00018641499544316839 0.00013927930780237353 0 0 0 0
leaf_weight=605 436 30 855 1113 25 681 604 42 273 61 21 23 1369 126 111 29 189 147 122 109 109 127 264 737 249 120 132 26 53 202
leaf_count=605 436 30 855 1113 25 681 604 42 273 61 21 23 1369 126 111 29 189 147 122 109 109 127 264 737 249 120 132 26 53 202
internal_value=0 5.77427e-05 -1.71502e-05 -4.617e-06 3.55849e-05 0.000139644 -3.12099e-05 8.26766e-06 -7.57616e-05 -0.000109252 0.00047317 -3.56119e-05 -8.93815e-07 -3.93818e-05 0.000244045 -0.000109932 -0.00018203 2.06993e-05 -1.22712e-05 -2.98448e-05 -0.000134125 5.51153e-05 -0.000197831 5.73823e-05 0.00012428 1.35718e-05 -0.000106047 -0.000173679 -0.000199589 -2.77999e-05
internal_weight=8990 2045 6945 6161 2378 732 3783 1313 1465 784 51 459 2318 708 136 344 218 2242 1109 1587 218 731 325 1133 396 364 254 352 326 244
internal_count=8990 2045 6945 6161 2378 732 3783 1313 1465 784 51 459 2318 708 136 344 218 2242 1109 1587 218 731 325 1133 396 364 254 352 326 244
is_linear=0
shrinkage=0.05


Tree=22
num_leaves=31
num_cat=0
split_feature=48 50 85 20 85 61 48 351 375 255 39 340 343 73 220 375 291 55 349 43 49 90 85 50 58 33 375 366 42 377
split_gain=0.00338834 0.00364404 0.00413092 0.00280086 0.00238787 0.00187502 0.00160225 0.00159526 0.0013416 0.00158908 0.00116235 0.001101 0.0010841 0.00104953 0.00116936 0.00104744 0.00103305 0.00138526 0.00102884 0.00101287 0.00138949 0.00100152 0.000922252 0.000861764 0.000836893 0.000824319 0.00078464 0.000779058 0.000808643 0.000738487
threshold=8.1256036758422869 0.52823317050933849 2.7139628728230796 -1.5931478341420491 -1.0209280649820958 0.34192727009455365 -16.362373987833653 0.93804126977920588 -0.085782701068738823 -0.073194243468556977 -0.67806899547576893 1.9517838160196941 11.499370257059732 -7.9688129425048819 -1.843743950799382 -0.40572882646098635 -0.91535845398902882 0.65334790945053112 1.8962709506352744 -0.95653053124745679 -5.2930285135904942 0.63972071806589781 -2.3628834088643385 4.1532640457153329 0.40851843357086187 1.8289831479390466 -0.49021141579304184 -0.20368008338988289 -1.2602860530217488 -1.1183185691302542
decision_type=2 2 2 2 2 2 2 10 2 10 2 10 10 2 10 2 10 2 10 2 2 2 2 2 2 2 2 2 2 2
left_child=1 2 5 10 15 6 19 16 9 24 -2 18 21 14 -8 -3 17 -6 -9 20 -1 29 -15 -5 -7 -19 -20 -17 -29 -4
right_child=3 4 12 23 7 8 13 11 -10 -11 -12 -13 -14 22 -16 27 -18 25 26 -21 -22 -23 -24 -25 -26 -27 -28 28 -30 -31
leaf_value=-0.00035145319241777426 0.00052926206707598102 0 0 0.00010766275905264524 0 0.00059459288929091273 0.00020082945438836995 0 2.5812929266507547e-05 1.6604315624013007e-06 0 0 0 -5.4150927530579165e-05 9.6813540781039807e-06 0 9.8077900086089571e-06 -0.00034509656729451462 0 0 0 0 3.1732778967749852e-06 2.2023596813072714e-06 0 0 -0.00017707738932911212 0 -0.0002833155713580393 0.00037773632509010478
leaf_weight=82 51 80 20 452 144 39 129 171 325 74 21 162 22 880 390 60 1400 67 61 29 39 26 2844 521 27 29 459 27 231 128
leaf_count=82 51 80 20 452 144 39 129 171 325 74 21 162 22 880 390 60 1400 67 61 29 39 26 2844 521 27 29 459 27 231 128
internal_value=0 -1.10851e-05 1.37355e-05 8.46826e-05 -5.62046e-05 3.60612e-06 -5.42727e-06 -3.54921e-05 9.96805e-05 0.000235329 0.000397778 -9.12894e-05 0.000239173 0 6.68537e-05 -0.000173343 -3.41833e-06 -0.000101367 -0.000119457 -0.000165977 -0.000234639 0.000282842 -9.03121e-06 5.63375e-05 0.00042128 -0.000248413 -0.000154619 -0.000214095 -0.000253058 0.000333092
internal_weight=8990 7945 5054 1045 2891 4858 4393 2493 465 140 72 853 196 4243 519 398 1640 240 691 150 121 174 3724 973 66 96 520 318 258 148
internal_count=8990 7945 5054 1045 2891 4858 4393 2493 465 140 72 853 196 4243 519 398 1640 240 691 150 121 174 3724 973 66 96 520 318 258 148
is_linear=0
shrinkage=0.05


Tree=23
num_leaves=31
num_cat=0
split_feature=66 85 254 19 260 67 91 210 205 52 375 327 48 6 238 89 255 207 235 242 46 191 360 39 237 366 347 350 242 192
split_gain=0.00309641 0.00319887 0.00210896 0.00206147 0.00191041 0.00171711 0.00250355 0.00201742 0.00170746 0.0015052 0.00149622 0.00236368 0.00132769 0.00131167 0.00103041 0.00137444 0.000949431 0.000912419 0.000914601 0.000909328 0.000941964 0.000848105 0.000702327 0.000587134 0.00056492 0.00054967 0.00051982 0.00043193 0.000512639 0.000418661
threshold=11.366523106892904 10.437032381693525 -1.6709077385562481 -13.292779286702475 0.69930102730276533 2.5053176085154218 -0.071179946263631139 -0.32696681350392726 0.64026735943144819 0.58082590500513731 -0.17409486928578008 0.5227109193801881 -16.362373987833653 1.9962810675303146 1.3315272582581994 7.1308856805165624 -0.21261151989710894 -0.67356029740983614 -1.725234123510567 0.3010049535947294 0.54356575012207042 0.21235194111904568 -1.0000221327765686 -1.1755867799123128 -1.6826704366069063 0.34128716002530118 2.6731692552566533 -18.661688804626461 -1.6543975812895526 1.765831042216375
decision_type=2 2 8 2 10 2 2 10 10 2 2 10 2 2 10 2 10 10 10 10 2 10 10 2 10 2 10 10 10 10
left_child=1 2 16 9 19 6 12 -8 22 -4 -7 -12 -5 26 -6 21 17 27 -19 23 -21 -16 -3 -2 -11 29 -10 28 -1 -23
right_child=4 8 3 5 14 10 7 -9 13 24 11 -13 -14 -15 15 -17 -18 18 -20 20 -22 25 -24 -25 -26 -27 -28 -29 -30 -31
leaf_value=0 -0.00019926566668116796 0 0 -0.00016504812322955768 4.3450882889610575e-05 1.344815351443161e-06 0.00016441065753804664 2.8288166995680079e-05 -0.00029901039279785343 0 -0.00025427016830364659 0 -4.4471184897245907e-06 0.00028960372468549465 0 0 0 0 0.00032281841854361567 -0.00037565427213508075 0 -0.00036769363948751594 0.0005051833657273002 0 -0.00060653324285356389 0 0 0 0.00016235703256339547 0
leaf_weight=64 39 20 26 136 206 230 370 1633 21 22 208 170 4782 32 31 136 91 21 111 113 47 78 57 62 28 26 20 54 119 37
leaf_count=64 39 20 26 136 206 230 370 1633 21 22 208 170 4782 32 31 136 91 21 111 113 47 78 57 62 28 26 20 54 119 37
internal_value=0 9.26671e-06 4.37776e-06 -1.26316e-06 -9.52733e-05 6.92488e-07 8.42585e-06 5.59362e-05 0.00023864 -0.000260451 -7.91027e-05 -0.000141264 -9.90822e-06 0 -2.77158e-05 -9.15415e-05 0.000108484 0.000145262 0.00026521 -0.000209106 -0.000291514 -0.000186996 0.000407719 -2.89448e-05 -0.000422076 -0.00024016 -0.000119502 5.72839e-05 0.000100731 -0.000287479
internal_weight=8990 8215 8065 7605 775 7529 6921 2003 150 76 608 378 4918 73 514 308 460 369 132 261 160 172 77 101 50 141 41 237 183 115
internal_count=8990 8215 8065 7605 775 7529 6921 2003 150 76 608 378 4918 73 514 308 460 369 132 261 160 172 77 101 50 141 41 237 183 115
is_linear=0
shrinkage=0.05


Tree=24
num_leaves=31
num_cat=0
split_feature=48 50 91 58 264 257 58 48 252 61 371 63 363 42 210 64 220 50 273 210 20 207 217 238 302 356 333 37 18 292
split_gain=0.00300883 0.00324569 0.00313824 0.00244084 0.00191346 0.00186637 0.00174359 0.00150192 0.00151108 0.00133334 0.00122985 0.00127319 0.00155227 0.00108416 0.00102898 0.00101585 0.0011056 0.00129246 0.00101391 0.00101366 0.00132915 0.00117454 0.00146384 0.000980844 0.00104303 0.000970993 0.000928476 0.000913002 0.000826511 0.000798787
threshold=8.1256036758422869 1.357673009236654 0.077429453531901019 -0.34209686517715449 -0.16202048056405896 -0.39329176357077922 2.0738732020060229 -17.046490987141926 -0.97509366250244478 1.8389964997768404 -1.3323962492212587 -0.23543079694112137 -0.67954482372117297 -0.87047199408213294 0.23913072640792085 3.0661675135294604 -0.23845694617072491 5.763298352559409 0.3576643797803622 -2.05352616031761 -2.8192925453186031 -1.4010088243209271 -1.1223881834812059 0.52741400557960605 0.56056484453696631 0.13347007005050707 1.2275620067879018 -1.5602826277414954 2.7155602375666303 -17.008564949035641
decision_type=2 2 2 2 10 10 2 2 10 2 2 2 10 2 10 2 10 2 10 8 2 10 8 10 10 10 10 2 2 10
left_child=1 2 7 5 27 -2 10 8 -1 14 -4 13 -13 -12 -6 16 -11 -18 -16 20 -9 22 -21 24 -5 -25 28 -3 -27 -23
right_child=3 4 6 23 9 -7 -8 19 -10 15 11 12 -14 -15 18 -17 17 -19 -20 21 -22 29 -24 25 -26 26 -28 -29 -30 -31
leaf_value=0 0.00066473475694156948 -0.0003923184812799586 0 1.1182311194919621e-05 6.0834315635390262e-05 0 0 0.00021290946268307789 -0.00038153118971029598 0 0 -1.7248586493310224e-05 0.00019388040669796001 0.0003514070565293329 -8.9265992235313004e-05 0 0 -0.00032895311031112589 0 0 0 0.000183391724951401 -0.00016755786972681035 -0.00019065844093049526 0.00020011535644804806 0 0 -0.00010687136233715831 0.00029778300099769534 0
leaf_weight=75 33 60 85 217 305 35 193 126 52 36 35 114 155 160 568 129 76 134 971 250 266 60 239 53 196 80 376 258 55 3598
leaf_count=75 33 60 85 217 305 35 193 126 52 36 35 114 155 160 568 129 76 134 971 250 266 60 239 53 196 80 376 258 55 3598
internal_value=0 -1.02967e-05 1.08191e-05 7.99466e-05 -5.72777e-05 0.000382435 0.000106561 -3.33643e-06 -0.000173053 -3.79241e-05 0.000152594 0.000184863 8.58521e-05 0.000295705 -1.72502e-05 -0.000126223 -0.000186019 -0.000231707 -3.59766e-05 3.14359e-07 7.81267e-05 -5.83699e-06 -7.90105e-05 5.3739e-05 0.000112976 1.48572e-06 3.12308e-05 -0.000176554 0.000144469 2.57988e-06
internal_weight=8990 7945 5408 1045 2537 68 742 4666 127 2219 549 464 269 195 1844 375 246 210 1539 4539 392 4147 489 977 413 564 511 318 135 3658
internal_count=8990 7945 5408 1045 2537 68 742 4666 127 2219 549 464 269 195 1844 375 246 210 1539 4539 392 4147 489 977 413 564 511 318 135 3658
is_linear=0
shrinkage=0.05


Tree=25
num_leaves=31
num_cat=0
split_feature=48 50 48 58 273 252 58 279 86 303 56 257 321 19 12 25 67 236 207 14 13 238 363 356 202 333 36 375 257 210
split_gain=0.00276383 0.00301954 0.00224042 0.0022304 0.00218533 0.00207794 0.00198216 0.00163747 0.00207235 0.00176837 0.00167667 0.00162613 0.00145337 0.00122684 0.00145621 0.00130046 0.00114942 0.00113659 0.00107666 0.00104932 0.000910996 0.000897188 0.000943173 0.00087622 0.000857828 0.000855752 0.000801619 0.000734979 0.000874748 0.000719702
threshold=8.1256036758422869 7.013564745585124 -14.292975107828775 -0.34209686517715449 1.3259287553951427 -0.97509366250244478 -0.72876596450805653 -0.37012268291723976 0.18351644277572635 0.76727026938816212 -0.060505678256352689 -0.39329176357077922 -0.046097396468860644 6.3749748865763349 0.53687880436579394 -0.029460257540146449 1.0516840219497683 -0.77287888049558851 -1.758520764508914 0.020284437884887051 -0.016626913100480995 0.52741400557960605 0.36058706935213486 0.13347007005050707 0.41747048372213985 1.2275620067879018 0.97709918022155773 -0.49021141579304184 1.3233861234431026 1.328591398534517
decision_type=2 2 2 2 10 10 2 10 2 10 2 10 10 2 2 2 2 10 10 2 2 10 10 10 10 10 2 2 10 10
left_child=1 2 5 11 16 -1 7 8 17 10 -9 -2 -7 14 18 -16 -3 -4 -8 -15 -10 22 -5 -23 -18 26 -25 -26 -29 -6
right_child=3 4 6 21 29 12 13 9 20 -11 -12 -13 -14 19 15 -17 24 -19 -20 -21 -22 23 -24 25 27 -27 -28 28 -30 -31
leaf_value=0 0.00063159843905705095 -0.00045790644337852232 0 4.6710308118468706e-05 7.8504802831117537e-05 -0.00038594146492904578 -8.9787888480381551e-05 0 0 0 0.00033134089962419774 0 0 0 -0.00031992594031990797 -4.253007895229708e-05 0 0.00017608730340595895 4.3227084123332166e-06 0.00022160878687170054 -0.00032807905419809588 -0.00018114346941845781 0.00026230162873154799 0.00021207659642146992 0 0 0 -0.00027597744735100856 0 -7.3342061150801833e-05
leaf_weight=192 33 47 308 319 146 95 322 31 28 44 160 35 31 129 65 334 122 168 5112 109 50 53 94 102 45 376 33 170 70 167
leaf_count=192 33 47 308 319 146 95 322 31 28 44 160 35 31 129 65 334 122 168 5112 109 50 53 94 102 45 376 33 170 70 167
internal_value=0 -9.88714e-06 0 7.66044e-05 -0.000104179 -0.000129528 6.20461e-06 8.09862e-05 2.34591e-05 0.000195268 0.000264656 0.000366329 -0.000288997 -2.69176e-06 -8.0333e-06 -0.000100317 -0.000174256 7.05657e-05 -3.35393e-07 0.00010717 -0.000199714 5.12867e-05 0.000107935 9.29688e-07 -0.000129114 2.96286e-05 0.000138407 -0.000176992 -0.000211779 0
internal_weight=8990 7945 7178 1045 767 318 6860 789 554 235 191 68 126 6071 5833 399 454 476 5434 238 78 977 413 564 407 511 135 285 240 313
internal_count=8990 7945 7178 1045 767 318 6860 789 554 235 191 68 126 6071 5833 399 454 476 5434 238 78 977 413 564 407 511 135 285 240 313
is_linear=0
shrinkage=0.05


Tree=26
num_leaves=31
num_cat=0
split_feature=66 294 249 66 85 246 252 207 20 316 21 266 67 279 349 212 248 235 273 43 300 328 310 253 275 377 356 295 366 260
split_gain=0.00258014 0.00237658 0.00226981 0.00187152 0.00177178 0.00149134 0.00148324 0.00137267 0.00136109 0.00131635 0.00124744 0.00119057 0.00116694 0.00148169 0.00108105 0.00172689 0.00114386 0.00105504 0.00099133 0.00138491 0.00105385 0.000987712 0.000921953 0.000870531 0.000942392 0.000833564 0.000816171 0.00074939 0.000716361 0.00070803
threshold=-5.25058889389038 -1.1974465052286785 -0.35517270595078981 15.583945592244467 12.140178044637045 -1.7879919710277907 -0.9528289754768281 2.358420496683499 -2.8192925453186031 -0.35368449973514687 1.381629308064779 1.336271188697215 2.5053176085154218 1.2155512543856235 -10.97366091609001 -1.7053653660783075 -0.34055303820693322 0.57704687217196182 -0.42651470328317409 -1.0527795950571692 -0.25888500610987336 0.66160299380620324 -0.48755383223045479 -0.55605822336381105 1.1227801262802288 -0.65518978283665164 -0.62442906695134071 2.3990974426269536 -0.18328166244648772 -0.50368573189945565
decision_type=2 8 10 2 2 10 10 10 2 10 2 10 2 10 10 10 10 10 10 2 10 10 10 10 10 2 10 10 2 10
left_child=2 10 6 4 8 -4 -1 17 9 -3 18 27 13 -10 15 -8 -17 -6 19 20 25 -14 -12 26 -25 -2 -7 -5 -29 -28
right_child=1 3 5 11 7 23 14 -9 12 -11 22 -13 21 -15 -16 16 -18 -19 -20 -21 -22 -23 -24 24 -26 -27 29 28 -30 -31
leaf_value=6.570500810717061e-05 -0.00032844064759057491 0.00050005420901495041 0.00040127741078873702 -6.7983288325383828e-06 0 9.5908246593771529e-05 3.433333925574198e-05 0 -5.7719865077932093e-06 0 -0.00043362189005748098 0 -0.00010838062350441975 8.7425117385381618e-05 0 -0.00032479624864694513 0 0.00041370519135425893 0 0 0 0 0 0.00014755608745376804 -5.611209926499461e-06 0 0 0 -0.00037159613232356955 -0.00022768073375154215
leaf_weight=599 120 26 54 73 21 98 42 24 4692 38 55 117 475 466 521 104 20 61 187 101 21 291 25 468 51 49 32 20 83 56
leaf_count=599 120 26 54 73 21 98 42 24 4692 38 55 117 475 466 521 104 20 61 187 101 21 291 25 468 51 49 32 20 83 56
internal_value=0 -1.44517e-05 4.94449e-05 -4.98378e-06 1.34889e-07 0.000118415 4.84481e-06 0.000203367 -2.63109e-06 0.00022467 -0.000113845 -0.000128468 -5.9345e-06 1.6801e-06 -4.09445e-05 -0.000152335 -0.000255829 0.000308621 -6.93057e-05 -0.000128072 -0.000208159 -6.37289e-05 -0.000317124 8.96039e-05 0.000122875 -0.000253557 0 -0.000210645 -0.000306475 -0.000113657
internal_weight=8990 6945 2045 6387 6094 759 1286 106 5988 64 558 293 5924 5158 687 166 124 82 478 291 190 766 80 705 519 169 186 176 103 88
internal_count=8990 6945 2045 6387 6094 759 1286 106 5988 64 558 293 5924 5158 687 166 124 82 478 291 190 766 80 705 519 169 186 176 103 88
is_linear=0
shrinkage=0.05


Tree=27
num_leaves=31
num_cat=0
split_feature=238 207 273 351 254 290 212 238 279 255 324 301 67 222 290 335 233 31 249 208 75 254 71 255 373 252 375 233 91 42
split_gain=0.00246196 0.00392661 0.00297081 0.00151101 0.00139359 0.00122539 0.00121384 0.00123232 0.00129305 0.00197249 0.00146974 0.00119002 0.00317465 0.00137363 0.00115054 0.00114834 0.00108957 0.00132983 0.0010576 0.000972445 0.0010289 0.00114998 0.000972181 0.000964392 0.000874088 0.00118766 0.00164797 0.000861394 0.000817929 0.000805353
threshold=0.12968930655391411 -0.13075702681391924 0.058420668430651808 1.2552540699640915 -1.1677321770321545 -1.3049411376317337 -0.28758655841877773 1.362430164072572 1.0218420339588217 0.69707954075234035 0.19369840621948251 -0.17978650828202533 -0.86302630106608058 0.22908206390216221 1.1351355314254767 1.6012895999627039 0.86160423266202402 0.90955011049906409 -1.760154678722557 -0.39832267544838945 0.028184180652412152 -0.92217133153615249 -3.9281693299611402 -0.073194243468556977 0.22569217675839712 -0.9528289754768281 -0.43144921598879821 0.030451630577780452 -1.5773548285166419 0.014566372459133401
decision_type=8 10 10 10 10 10 10 10 10 10 10 10 2 10 8 10 10 2 10 10 2 10 2 8 2 10 2 10 2 2
left_child=1 4 3 14 18 24 16 8 -8 10 -10 13 -13 -3 -2 -5 17 -4 22 20 -7 -22 -1 -16 28 -26 -27 -15 -6 -14
right_child=2 11 6 15 5 19 7 -9 9 -11 -12 12 29 27 23 -17 -18 -19 -20 -21 21 -23 -24 -25 25 26 -28 -29 -30 -31
leaf_value=0.0002198318283534582 -0.00011646441855531006 5.2427097689309405e-05 0 -0.00038962615110511595 -5.0122254160964104e-05 0 0 -4.8050748177165379e-05 0 1.8696242375698642e-05 0.00035821747046446771 0.00061351915405521919 7.2064763275748913e-05 -0.00042949698180668193 0.00024914008084680849 0 1.4738292841898292e-05 -0.00026116233027180367 7.4013485969550081e-05 -3.6498509338675039e-05 -4.3832872515057366e-05 0.00020230587790925162 -7.4612572912805572e-05 -2.4712324184349304e-05 0 0 -0.00019021362562264153 0 0.00010096439817711306 0.00022621714922096514
leaf_weight=26 551 214 134 84 290 484 1522 752 52 397 102 35 957 27 37 21 88 133 802 592 24 173 252 177 256 134 382 20 129 143
leaf_count=26 551 214 134 84 290 484 1522 752 52 397 102 35 957 27 37 21 88 133 802 592 24 173 252 177 256 134 382 20 129 143
internal_value=0 2.37753e-05 -2.88134e-05 -0.000110984 -2.84272e-06 -2.49052e-05 -4.75758e-06 4.52157e-06 2.60059e-05 9.17053e-05 0.000247336 9.49266e-05 0.000117064 0 -7.75284e-05 -0.000306856 -9.26597e-05 -0.000146769 4.28608e-05 5.69704e-06 4.97191e-05 0.000146945 -2.90263e-05 0 -6.18099e-05 -9.34022e-05 -0.000137129 -0.000245796 0 9.66684e-05
internal_weight=8990 4940 4050 870 3544 2464 3180 2825 2073 551 154 1396 1135 261 765 105 355 267 1080 1273 681 197 278 214 1191 772 516 47 419 1100
internal_count=8990 4940 4050 870 3544 2464 3180 2825 2073 551 154 1396 1135 261 765 105 355 267 1080 1273 681 197 278 214 1191 772 516 47 419 1100
is_linear=0
shrinkage=0.05


Tree=28
num_leaves=31
num_cat=0
split_feature=48 20 238 207 273 238 264 73 239 219 39 6 208 211 67 337 35 17 245 19 221 264 64 245 345 64 375 32 357 210
split_gain=0.00235991 0.00320684 0.00270785 0.00186437 0.0018294 0.00143925 0.00164819 0.00141485 0.001143 0.00123406 0.00119106 0.00104532 0.00144311 0.00164061 0.00109904 0.000961526 0.00120142 0.00162123 0.00111169 0.000890019 0.000889657 0.000792338 0.000779595 0.000741773 0.00103134 0.00139863 0.0011147 0.00082074 0.000739049 0.000700463
threshold=1.4704886277516687 -2.2877038319905592 -0.2899867508517982 -0.13075702681391924 -0.53997371924776638 0.50098788304399122 0.59938203558306735 5.9570881525675468 0.48017422599440551 -0.90174139569004164 -0.98190188407897938 0.70064802964528416 0.55713815744455164 0.67195022453589115 1.6513246695200603 -1.1066961277493279 0.83583068847656261 -0.51516934235890699 -0.25563159190032075 2.3564380009969077 -0.58227096056780148 -0.069654894525726943 -2.5508695443471265 0.12988355339556423 -2.6746439139048248 -5.467499415079752 -0.42294992265422254 -0.67847996950149547 -1.8014172960666732 -0.3755646632185789
decision_type=2 2 8 10 10 8 10 2 10 10 2 2 10 10 2 10 2 2 10 2 10 10 2 10 10 2 2 2 10 10
left_child=2 8 3 23 -4 6 -3 21 9 -2 -11 14 13 -13 -7 19 17 18 -17 -5 -8 28 -21 24 25 27 -27 -1 -6 -23
right_child=1 5 4 15 7 11 20 -9 -10 10 -12 12 -14 -15 -16 16 -18 -19 -20 22 -22 29 -24 -25 -26 26 -28 -29 -30 -31
leaf_value=0.00024974304423956175 0 2.1755923745070745e-05 -0.00014815392431208034 9.2793947886859015e-05 4.2781626206909029e-05 -0.0004407738932003392 0 -0.00016454535884318007 0 0.00052267372517393975 0 0 -7.1436172744489667e-06 0.00033175331135785704 -3.8091573976682655e-05 0.00058019774324205239 0 2.4737463588480725e-05 0 0 0.00018594962714323438 0.00011974535158544682 -0.00040908630069145992 -0.00011003516985666392 2.9436097592222116e-05 2.0194322068684402e-05 -0.00014421117384770706 0 -8.5542292238021897e-05 -9.8755451321823717e-06
leaf_weight=37 22 907 444 94 80 26 25 199 22 71 26 77 1198 70 192 52 105 74 22 20 317 111 20 145 1694 77 346 261 635 1621
leaf_count=37 22 907 444 94 80 26 25 199 22 71 26 77 1198 70 192 52 105 74 22 20 317 111 20 145 1694 77 346 261 635 1621
internal_value=0 3.67711e-05 -1.77723e-05 1.52251e-05 -5.08601e-05 2.3147e-05 6.35788e-05 -3.26396e-05 0.000272835 0.000334936 0.000411548 -5.96538e-06 7.06052e-06 0.000156736 -0.000109223 0.000117497 0.000174963 0.000269436 0.000446295 0 0.00015984 -1.9863e-05 -0.000187833 0 6.3571e-06 -4.09301e-05 -0.000102469 2.96539e-05 -6.41884e-05 0
internal_weight=8990 2953 6037 2947 3090 2812 1249 2646 141 119 97 1563 1345 147 218 387 253 148 74 134 342 2447 40 2560 2415 721 423 298 715 1732
internal_count=8990 2953 6037 2947 3090 2812 1249 2646 141 119 97 1563 1345 147 218 387 253 148 74 134 342 2447 40 2560 2415 721 423 298 715 1732
is_linear=0
shrinkage=0.05


Tree=29
num_leaves=31
num_cat=0
split_feature=66 85 72 254 236 252 294 56 246 6 91 58 369 375 362 207 347 36 258 24 50 72 207 55 371 339 66 219 83 193
split_gain=0.00225131 0.0024455 0.00174793 0.00153946 0.00191427 0.00198693 0.00183355 0.00133981 0.00126625 0.00180858 0.00156667 0.00149066 0.00111757 0.00126255 0.00106369 0.000949497 0.00107078 0.00116983 0.000884989 0.000771114 0.00074986 0.000733918 0.000721389 0.000688892 0.00068608 0.000663774 0.000642912 0.0011065 0.000640603 0.000635199
threshold=11.366523106892904 9.2162453333536813 4.1930243174235029 -1.6709077385562481 -1.5341396480510985 -0.97509366250244478 -0.39992626508076951 0.56372177600860607 0.30494735630442948 0.57100903987884533 0.11406707763671871 -3.2893565495808912 10.68851691589982 -0.39184812989504852 -0.70879678237983901 2.358420496683499 0.87366302808125818 1.1226829290390017 -1.5705680813540033 0.65960029760996508 3.9825491905212407 6.0414415995279951 -1.9386731689500356 -0.75441773732503237 -0.48639955256347361 2.0588988258528138 -17.492905298868809 -0.69301694737259056 0.00066139023207745012 0.5254804051728178
decision_type=2 2 2 8 10 10 10 2 10 2 2 2 2 2 10 10 10 2 10 2 2 2 10 2 2 10 2 10 2 10
left_child=1 3 7 19 5 -5 18 12 10 20 11 -6 13 -2 -12 16 -3 21 -7 26 -10 -18 -21 -24 -9 -4 27 -1 -8 -11
right_child=2 15 25 4 8 6 28 24 9 29 14 -13 -14 -15 -16 -17 17 -19 -20 22 -22 -23 23 -25 -26 -27 -28 -29 -30 -31
leaf_value=0 0 0 6.6787167754911222e-05 -9.0838772318655724e-06 -0.00038287450442871002 0 0.00017529427559857398 3.591523713877323e-06 -4.6652054987813219e-05 -4.5312305260807208e-05 0 8.99191948533235e-06 0 -0.00045100719145812172 0.00010841102800782841 0 0.0005052445606463236 0 -0.00039664874389817639 0 -0.00018202491246868354 0 0.00034927646149357245 9.854854832646447e-06 -0.00012009792165148985 -7.2426616169041314e-05 -8.919728927355127e-06 0.00035981975558707744 -0.00014104429876238527 2.4134647224764268e-05
leaf_weight=78 20 60 186 380 24 26 28 85 775 402 213 3233 20 85 738 28 64 21 104 22 175 20 75 61 221 158 189 35 37 1427
leaf_count=78 20 60 186 380 24 26 28 85 775 402 213 3233 20 85 738 28 64 21 104 22 175 20 75 61 221 158 189 35 37 1427
internal_value=0 7.90232e-06 -8.12373e-05 3.03492e-06 -1.72102e-06 -8.98788e-05 -0.000221612 -0.000148331 4.81956e-06 -2.04419e-05 2.26907e-05 4.55758e-06 -0.000301338 -0.000366971 7.95294e-05 0.000184215 0.000232525 0.000332272 -0.000329973 9.2069e-05 -7.68683e-05 0.00041563 0.000188908 0.000233893 -6.94153e-05 0 2.48084e-05 0.000125388 0 6.13552e-06
internal_weight=8990 8215 775 8022 7562 575 195 431 6987 2779 4208 3257 125 105 951 193 165 105 130 460 950 84 158 136 306 344 302 113 65 1829
internal_count=8990 8215 775 8022 7562 575 195 431 6987 2779 4208 3257 125 105 951 193 165 105 130 460 950 84 158 136 306 344 302 113 65 1829
is_linear=0
shrinkage=0.05


Tree=30
num_leaves=31
num_cat=0
split_feature=238 273 6 48 61 273 208 40 22 19 220 89 244 245 252 252 210 263 61 375 238 233 50 375 75 348 50 35 246 238
split_gain=0.00208346 0.00302877 0.00250577 0.00148034 0.00140026 0.00131293 0.00145744 0.001515 0.00124901 0.00122657 0.00207541 0.00121457 0.00179851 0.00183531 0.0011831 0.0010919 0.00179712 0.00158591 0.00157721 0.00107941 0.00103375 0.00101762 0.00138145 0.00132377 0.00146763 0.00083101 0.000752138 0.00075158 0.000726309 0.000717
threshold=0.28528545321695781 0.6465170829180702 0.70064802964528416 -17.046490987141926 0.81885894139607751 0.07697926222219377 0.36213108208234829 1.4892862637837732 -7.6831452051798488 -13.292779286702475 -1.843743950799382 -1.972218116124471 -0.72972134191719118 -0.40439782777083499 -0.97509366250244478 -0.068094051603517489 0.16454853185249277 0.77387938128929623 -1.7454206148783362 -0.26723663435820499 -0.93096084180113181 1.0474548479658405 4.1532640457153329 -0.45752366804074035 0.4230729341506958 4.3143004973729466 4.4978480339050302 0.79447154204050718 -0.8666435103692588 1.362430164072572
decision_type=8 10 2 2 2 10 10 2 2 2 10 2 10 10 10 10 10 10 2 2 10 10 2 2 2 10 2 2 10 10
left_child=1 3 21 14 8 25 7 -7 -5 10 -10 12 -6 -14 -1 16 18 27 -3 -9 -11 22 -2 -24 -25 26 -4 -17 -13 -8
right_child=2 15 5 4 11 6 29 19 9 20 -12 28 13 -15 -16 17 -18 -19 -20 -21 -22 -23 23 24 -26 -27 -28 -29 -30 -31
leaf_value=0 -5.2350889474344268e-05 0 -4.4754107254436973e-06 0.0003620854513096542 0 0 1.9219262364296355e-05 0 0 4.29398712261782e-05 -0.0003651795917573201 -0.00016227509088480096 0.00055523838270491355 0 -0.00034091871415625334 -0.00014509959179359797 0 0.00020415962507711494 0.00043432471109441261 0.00036700050262214505 -9.7274171116321417e-06 0 0 -9.5010483922269525e-05 -0.00037306414345445572 0 -0.00040254704650165193 4.6170072837058765e-05 6.9178585987635444e-05 -4.4383711655848643e-05
leaf_weight=75 583 50 57 24 20 112 1279 21 41 1304 61 30 52 38 53 78 23 122 103 77 3030 217 52 173 138 88 43 113 263 670
leaf_count=75 583 50 57 24 20 112 1279 21 41 1304 61 30 52 38 53 78 23 122 103 77 3030 217 52 173 138 88 43 113 263 670
internal_value=0 1.94274e-05 -2.99108e-05 6.73375e-06 1.21114e-05 0 1.08663e-05 0.000136219 2.88471e-06 0 -0.000170255 0.000101793 0.000251739 0.000356852 -0.000158393 0.000138735 0.000250074 6.01004e-05 0.000318241 0.000279909 4.96593e-06 -8.99219e-05 -0.000112381 -0.000194982 -0.000234543 -0.000126864 -0.000225827 -5.81079e-06 2.8374e-05 -8.11486e-08
internal_weight=8990 5480 3510 4991 4863 2347 2159 210 4460 4436 102 403 110 90 128 489 176 313 153 98 4334 1163 946 363 311 188 100 191 293 1949
internal_count=8990 5480 3510 4991 4863 2347 2159 210 4460 4436 102 403 110 90 128 489 176 313 153 98 4334 1163 946 363 311 188 100 191 293 1949
is_linear=0
shrinkage=0.05


Tree=31
num_leaves=31
num_cat=0
split_feature=48 50 273 48 69 76 254 50 19 54 207 252 317 47 321 234 56 375 257 219 303 33 263 349 269 222 210 78 201 2
split_gain=0.00197261 0.0023179 0.00184299 0.00167153 0.00156085 0.00149345 0.0016691 0.00148918 0.00164981 0.00149107 0.00172465 0.00146375 0.00142088 0.00131625 0.0011489 0.000905235 0.00090237 0.000901687 0.000910443 0.00106029 0.00110839 0.000766984 0.00107042 0.000721083 0.000666954 0.000580076 0.000579716 0.000751106 0.00057168 0.000720083
threshold=8.1256036758422869 7.013564745585124 1.3259287553951427 -14.292975107828775 -1.1287797292073567 6.8244190216064462 0.4460021537733771 -6.456096013387044 -9.6378434499104806 0.83841784795125329 -0.37472523247035538 -0.97509366250244478 -0.22946497723807327 0.98257927099863696 -0.046097396468860644 0.70830522955141595 -0.017585138479868496 -0.49021141579304184 0.7660781909242188 -0.25441475130301089 -0.23940305835943634 -0.76487143834431948 0.3205164638907434 -3.553980509440104 0.61678658173307388 -0.31582510060585084 1.328591398534517 1.8035723368326824 0.25860574696093103 2.4915355046590171
decision_type=2 2 10 2 2 2 10 2 2 2 10 10 10 2 10 10 2 2 10 10 10 2 10 8 10 10 10 2 10 2
left_child=1 3 17 11 16 7 13 9 25 10 -5 -1 -11 24 -13 -6 -2 -3 19 -19 -21 22 -17 -10 -7 -9 27 -4 -20 -30
right_child=4 2 26 5 15 6 -8 8 23 12 -12 14 -14 -15 -16 21 -18 18 28 20 -22 -23 -24 -25 -26 -27 -28 -29 29 -31
leaf_value=0 0 0 0 3.0715105691350006e-05 -2.4607734202612105e-06 0.0005327111767105448 0 -0.00040392294817783423 -5.1568016719791335e-05 0 0.00019865974997199007 -0.00033214392650390899 -0.00042164808688552725 2.5057788989811976e-06 0 0 0.00042096440516042335 0 6.4877869548214422e-06 0 -0.00038164167788898361 2.473288391592221e-05 0.00023118929937383369 4.4824290714230186e-07 0 0 -6.1198957462367737e-05 0.00021943105895710536 -0.00018956633355266605 0
leaf_weight=192 27 57 90 788 426 46 116 36 745 48 230 95 28 67 31 30 50 27 43 28 136 357 155 4712 23 21 167 56 120 43
leaf_count=192 27 57 90 788 426 46 116 36 745 48 230 95 28 67 31 30 50 27 43 28 136 357 155 4712 23 21 167 56 120 43
internal_value=0 -8.37318e-06 -9.09958e-05 0 6.46971e-05 5.65122e-06 0.000125205 3.33496e-07 -9.47262e-06 5.43248e-05 7.35863e-05 -0.000111571 -0.000137732 0.000244329 -0.000245808 4.13376e-05 0.000293075 -0.000155351 -0.000182414 -0.000274518 -0.000322355 8.49796e-05 0.000174151 -5.73769e-06 0.000406441 -0.000278841 0 7.50746e-05 -7.26649e-05 -0.000124193
internal_weight=8990 7945 767 7178 1045 6860 252 6608 5514 1094 1018 318 76 136 126 968 77 454 397 191 164 542 185 5457 69 57 313 146 206 163
internal_count=8990 7945 767 7178 1045 6860 252 6608 5514 1094 1018 318 76 136 126 968 77 454 397 191 164 542 185 5457 69 57 313 146 206 163
is_linear=0
shrinkage=0.05


Tree=32
num_leaves=31
num_cat=0
split_feature=48 210 238 39 238 61 19 323 73 249 367 246 56 248 326 210 42 264 299 292 193 238 264 238 249 294 16 197 75 199
split_gain=0.00185034 0.00261191 0.00217913 0.00172512 0.00140536 0.0016419 0.00139978 0.00122791 0.00122322 0.00118811 0.00121518 0.00109932 0.00128859 0.00108028 0.000838697 0.000928777 0.000799163 0.00108476 0.000739616 0.000970352 0.000694943 0.00111299 0.000669952 0.000898399 0.000916698 0.000954967 0.000886847 0.000674895 0.000669883 0.000640871
threshold=1.4704886277516687 0.28010453946518482 -0.2899867508517982 -1.1755867799123128 1.0538132834622875 -0.65257763862609852 -0.68652502695719386 -1.630337317784627 5.9570881525675468 2.18948284405981 1.2360274192398208 -1.034936396649867 0.0064527178183197507 -0.11970049772409248 -0.20765749613443993 -0.5470782596141045 -0.78948807716369618 0.45495425843080378 -9.9341074810688199e-08 -3.2592935562133785 0.64231967383946542 0.33902923777874588 -0.37511165809499741 -0.93096084180113181 -0.98708099070225785 -2.060086290041605 -1.7607061068216956 -0.70728368567848532 0.50597486893335997 -0.31714188125680792
decision_type=2 8 8 2 10 2 2 10 2 10 2 10 2 10 8 8 2 10 10 10 8 8 10 10 10 10 2 10 2 10
left_child=2 9 6 4 5 16 22 -8 14 10 11 12 -2 -9 18 -16 -4 -18 -5 -20 -3 -22 23 24 29 -26 -25 -24 -17 -1
right_child=1 20 3 8 -6 -7 7 13 -10 -11 -12 -13 -14 -15 15 28 17 -19 19 -21 21 -23 27 26 25 -27 -28 -29 -30 -31
leaf_value=0 0 -4.5976466174695005e-05 0 0 -0.00050974175090379061 0 0 0.00027171797261579914 -0.00014785825015230724 0.00037731018905835752 -3.2365320366750922e-05 6.9227499086307553e-05 0.00040096776685282528 4.1934990987679028e-06 0.00017422599098578499 1.4314263363375784e-05 -0.00023518610752585063 0 -0.0002317427967293354 -9.1464364418457054e-06 0.00014416271258166079 2.350962934276963e-07 0.00013004608565260367 -0.00011217561969305203 -1.7665650431830409e-05 0.00013931763535771825 -1.4576800623429809e-06 0 -4.8626651459635516e-05 -0.00019795875694943405
leaf_weight=818 53 564 70 158 29 204 122 133 195 48 129 607 73 110 75 1166 251 24 125 168 160 1319 183 356 76 250 569 288 625 42
leaf_count=818 53 564 70 158 29 204 122 133 195 48 129 607 73 110 75 1166 251 24 125 168 160 1319 183 356 76 250 569 288 625 42
internal_value=0 3.25938e-05 -1.57028e-05 -4.54299e-05 -0.000125617 -9.61317e-05 1.37706e-05 0.000105431 -2.49845e-05 0.000103063 8.19496e-05 0.00010889 0.000260104 0.000171236 -1.24795e-05 0 -0.000163091 -0.000201567 -7.38107e-05 -0.000121216 0 1.91945e-05 0 -1.12152e-05 1.44161e-05 8.73934e-05 -4.94815e-05 5.46956e-05 -4.85995e-06 -7.44099e-06
internal_weight=8990 2953 6037 3090 578 549 2947 365 2512 910 862 733 126 243 2317 1866 345 275 451 293 2043 1479 2582 2111 1186 326 925 471 1791 860
internal_count=8990 2953 6037 3090 578 549 2947 365 2512 910 862 733 126 243 2317 1866 345 275 451 293 2043 1479 2582 2111 1186 326 925 471 1791 860
is_linear=0
shrinkage=0.05


Tree=33
num_leaves=31
num_cat=0
split_feature=66 85 72 67 85 375 327 205 56 194 294 294 6 48 22 229 45 339 251 361 371 50 350 326 377 360 364 32 201 339
split_gain=0.00174779 0.00204912 0.0014846 0.00139932 0.00161543 0.00133728 0.00197445 0.00131739 0.00117467 0.00111455 0.00184704 0.00108926 0.000993317 0.00098424 0.00127165 0.000948415 0.000905068 0.00100644 0.000899284 0.000829247 0.00111749 0.000827328 0.000815652 0.000622827 0.000621829 0.000566988 0.000560426 0.000509088 0.000482368 0.000564313
threshold=11.366523106892904 10.437032381693525 4.1930243174235029 2.5053176085154218 1.6491574446360271 -0.17409486928578008 0.5227109193801881 0.64026735943144819 1.3472646474838259 0.69356077775641245 0.51293245951334676 1.762590845425924 1.9962810675303146 -17.046490987141926 -7.6831452051798488 0.60594868537056601 1.7167393366495769 2.9322844330709761 -0.31939938036219384 -3.3304658993545915 1.1747460228170674 -6.456096013387044 -5.9033180872599278 2.980955203374227 -0.72285462361303832 -1.0000221327765686 3.4391012789218407 1.5328714052836101 0.76657411316656054 1.5910872525810753
decision_type=2 2 2 2 2 2 10 10 2 10 10 10 2 2 2 10 2 10 10 10 2 2 10 10 2 10 10 2 10 10
left_child=1 3 8 4 13 -5 16 25 11 10 18 -2 -9 19 -15 -12 17 -7 -6 -1 -21 -16 -11 -4 -13 -3 -25 -24 29 -8
right_child=2 7 23 5 9 6 28 12 -10 22 15 24 -14 14 21 -17 -18 -19 -20 20 -22 -23 27 26 -26 -27 -28 -29 -30 -31
leaf_value=0 -0.00010923271382952187 0 4.1105886982759125e-05 7.019481864505476e-06 0.00022422765549456595 -0.00031656756152361089 0 -0.00012355269814278918 0 0 -0.00016480797164221417 -0.00054692554234078391 0.00024044928723014893 0.00035940191404248376 4.1396181632447135e-05 0 0 0 2.1928697150090322e-05 -0.00032172677984920213 0 -6.2465584760627899e-06 0.00021186982444680523 0 0 0.00042189138935172027 -0.00025294912404969069 0 -8.6484118967159102e-05 0.0001934754184078416
leaf_weight=28 218 20 270 230 117 159 33 41 152 54 130 41 32 25 1092 142 27 24 237 70 30 5262 234 35 20 57 39 34 84 53
leaf_count=28 218 20 270 230 117 159 33 41 152 54 130 41 32 25 1092 142 27 24 237 70 30 5262 234 35 20 57 39 34 84 53
internal_value=0 6.96822e-06 -7.15729e-05 2.93075e-06 9.48093e-06 -6.89141e-05 -0.000128018 0.000190592 -0.00013349 7.04731e-05 2.18329e-05 -0.000195055 0 0 3.34839e-06 -6.53685e-05 -0.000230529 -0.000270809 0.000102955 -0.000136565 -0.000211134 1.15496e-06 0.000149475 0 -0.00041925 0.000336802 -0.000121877 0.000185604 0 8.18553e-05
internal_weight=8990 8215 775 8065 7455 610 380 150 431 948 626 279 73 6507 6379 272 210 183 354 128 100 6354 322 344 61 77 74 268 170 86
internal_count=8990 8215 775 8065 7455 610 380 150 431 948 626 279 73 6507 6379 272 210 183 354 128 100 6354 322 344 61 77 74 268 170 86
is_linear=0
shrinkage=0.05


Tree=34
num_leaves=31
num_cat=0
split_feature=48 50 20 67 48 50 264 19 252 201 11 34 246 208 362 333 301 76 205 248 290 352 211 277 311 201 199 304 322 58
split_gain=0.00164261 0.00250163 0.00228935 0.00137536 0.00124784 0.00152757 0.00155619 0.00140654 0.00125312 0.00114531 0.00144292 0.00110869 0.00110076 0.00100868 0.00104474 0.000997253 0.000918348 0.000824021 0.000787115 0.000761631 0.000841799 0.000804037 0.000739653 0.00075537 0.000731003 0.000769802 0.000771202 0.000749801 0.000703838 0.000677047
threshold=1.4704886277516687 6.6879355112711592 -2.2877038319905592 1.0349118312199912 -14.292975107828775 -6.456096013387044 -0.99673102502557631 -9.6378434499104806 -0.97509366250244478 -0.505390745048787 -0.074391558766364982 -0.18296406666437781 -0.28433048608242995 0.42262772485794425 -1.4690734851595233 -0.067466643595086792 -0.17433927953243242 -2.8973809878031411 1.064318639977776 0.58140265864688712 3.5490219990412402 0.048472925399740553 0.21915966435612136 1.2253629883131147 2.1680415903365113 1.4832218580266272 1.5325470607304297 0.65908935609524055 -0.19968517621358226 -0.37597076098124177
decision_type=2 2 2 2 2 2 10 2 10 10 2 2 10 8 10 10 10 2 10 10 10 10 10 10 10 10 10 10 10 2
left_child=1 4 11 -3 8 6 9 -7 -1 -6 -11 -2 15 14 -4 -8 -10 28 -15 21 -21 -16 -5 -24 27 -26 -27 -20 -9 -19
right_child=2 3 13 22 5 7 12 17 16 10 -12 -13 -14 18 19 -17 -18 29 24 20 -22 -23 23 -25 25 26 -28 -29 -30 -31
leaf_value=0 0 -0.00049399613380389333 -3.0074829975958048e-05 0 4.2129412936152112e-05 -0.00026651824665101194 0.00019918388389607332 -8.9217001234037473e-05 -0.00034057950309865907 1.2420264597976836e-05 -0.00025260869422956249 0.00030017938447643439 -1.9565877931704643e-05 -3.0977442875071358e-05 0.00010657734609997541 0 0 9.2400268370449205e-05 0 0.00022145458359559066 0 0 -0.00018881376715034718 0 5.0228238133031341e-05 -0.00023712814201359606 0 0.00012860827121100748 0 -2.9912937664585139e-06
leaf_weight=192 27 32 171 93 438 55 309 514 75 48 89 114 48 1046 271 64 51 195 114 182 34 275 189 73 232 58 147 282 258 3314
leaf_count=192 27 32 171 93 438 55 309 514 75 48 89 114 48 1046 271 64 51 195 114 182 34 275 189 73 232 58 147 282 258 3314
internal_value=0 -1.47187e-05 3.07847e-05 -0.000138253 -5.36986e-06 0 5.62008e-05 -1.24555e-05 -0.000101583 0 -0.000123341 0.000230698 0.000129268 1.89747e-05 6.15432e-05 0.000161822 -0.000225554 -8.01738e-06 0 8.86652e-05 0.000177729 4.42492e-05 -9.19757e-05 -0.000136074 3.40156e-05 0 -8.07976e-05 8.39485e-05 -5.49631e-05 8.87363e-07
internal_weight=8990 6037 2953 387 5650 5332 996 4336 318 575 137 141 421 2812 933 373 126 4281 1879 762 216 546 355 262 833 437 205 396 772 3509
internal_count=8990 6037 2953 387 5650 5332 996 4336 318 575 137 141 421 2812 933 373 126 4281 1879 762 216 546 355 262 833 437 205 396 772 3509
is_linear=0
shrinkage=0.05


Tree=35
num_leaves=31
num_cat=0
split_feature=66 85 72 208 91 249 12 6 85 58 350 365 245 363 66 332 53 351 50 72 18 282 243 254 350 290 50 297 330 91
split_gain=0.00153354 0.00182787 0.00134696 0.00115465 0.0018665 0.00159172 0.00152123 0.00154045 0.00105574 0.00141503 0.00126584 0.00101841 0.000978018 0.000838641 0.00107249 0.00166392 0.000782512 0.000783462 0.00076281 0.000731482 0.000672285 0.000698108 0.000667739 0.000651324 0.00153517 0.00115031 0.00144692 0.000967428 0.000574733 0.000668101
threshold=11.366523106892904 9.2162453333536813 4.1930243174235029 -0.39832267544838945 -1.0675389766693113 -0.66179394218327314 0.53687880436579394 1.2689008712768559 -4.2590088844299308 -1.9578353563944497 -3.4429819186528521 2.1770106696430491 0.13948359898206961 -0.65645312259326372 4.4719778696695967 1.05329190743751 1.8696821530659995 0.72986826300621044 1.9803467591603601 -0.39632612466812123 0.73596020539601648 1.1767537196477258 -0.029924103548961547 -0.35505171127207541 1.1437865098317468 -1.4140032132466633 -6.2785193125406904 0.0028241773446400003 3.6003853082656874 4.1872008641560878
decision_type=2 2 2 8 2 10 2 2 2 2 10 10 10 10 2 10 2 10 2 2 2 10 10 10 10 10 2 10 10 2
left_child=1 3 12 4 23 22 16 11 -6 -10 -11 -8 19 -3 15 -15 17 -7 -18 -2 -14 -22 -5 24 27 26 -25 -1 29 -4
right_child=2 13 28 5 8 6 7 -9 9 10 -12 -13 20 14 -16 -17 18 -19 -20 -21 21 -23 -24 25 -26 -27 -28 -29 -30 -31
leaf_value=2.2196385705615236e-05 -6.5804410957961328e-05 0 0 -3.7440237276031865e-05 -0.00011683071165784067 4.0446656888779916e-06 -0.00021870535807706751 6.1074319764927006e-06 0.00046358793803250129 1.8006074590762305e-05 0.00018962447073496319 0 4.8097088267411453e-07 0 1.8950862585279652e-05 0.00054675049234422554 0.00010366902494604294 -6.3743847990267607e-05 9.1604357697809e-06 -0.00051750963370705773 -0.00016114882349667594 0 -0.00018252003452840111 0 0.00033498906935064979 1.0838850138779981e-05 -0.00021340034202198949 -0.00013308302991916788 -0.00014533143924429006 0.00014088424781235359
leaf_weight=1676 58 47 191 391 29 2357 209 128 36 363 220 29 100 21 79 46 361 498 887 35 189 49 174 78 39 284 162 101 52 101
leaf_count=1676 58 47 191 391 29 2357 209 128 36 363 220 29 100 21 79 46 361 498 887 35 189 49 174 78 39 284 162 101 52 101
internal_value=0 6.417e-06 -6.71552e-05 2.12475e-06 2.72652e-05 -1.18047e-05 -6.72765e-07 -9.92915e-05 0.000102778 0.00012116 9.1364e-05 -0.000176955 -0.000126173 0.000158837 0.000218393 0.000378663 6.90794e-06 -6.03031e-06 4.05105e-05 -0.00028988 -6.62685e-05 -0.000115302 -9.09921e-05 4.21397e-06 2.02889e-05 -4.19493e-05 -0.000125218 1.05501e-05 0 3.3937e-05
internal_weight=8990 8215 775 8022 2988 5034 4469 366 648 619 583 238 431 193 146 67 4103 2855 1248 93 338 238 565 2340 1816 524 240 1777 344 292
internal_count=8990 8215 775 8022 2988 5034 4469 366 648 619 583 238 431 193 146 67 4103 2855 1248 93 338 238 565 2340 1816 524 240 1777 344 292
is_linear=0
shrinkage=0.05


Tree=36
num_leaves=31
num_cat=0
split_feature=238 85 273 37 30 212 316 48 22 241 317 19 238 73 54 76 370 84 349 360 216 294 89 38 207 43 85 371 273 210
split_gain=0.00153255 0.00280806 0.00215047 0.00151258 0.00121768 0.00112459 0.00126249 0.00111637 0.00106866 0.000975831 0.00160584 0.000942555 0.00191014 0.000983707 0.00112642 0.00101105 0.000934054 0.000912259 0.000733621 0.000715281 0.000707588 0.000679042 0.000804909 0.000653511 0.000980901 0.000599888 0.000779698 0.000676204 0.0008524 0.000567102
threshold=0.52741400557960605 2.7139628728230796 0.013096051614924302 2.1656892299652104 3.326015949249268 -0.27475099480450754 1.7145815482029891 -16.362373987833653 -7.6831452051798488 0.073912894114169972 -0.83114008586315613 -13.292779286702475 -2.3884924107449792 -7.9688129425048819 -1.4074600537618001 -2.8973809878031411 1.5787724763618629 0.00066127259439470009 4.6622330347696943 3.3869696775802054 1.7910116098143793 1.1522150039672854 2.0229930877685551 1.4095667203267417 -0.27238918484500912 -0.95653053124745679 -3.8938827514648433 1.1747460228170674 -2.2451525405496757 0.048929069837027904
decision_type=8 2 8 2 2 10 8 2 2 10 10 2 10 2 2 2 2 2 10 10 10 10 2 2 10 2 2 2 10 10
left_child=1 7 18 4 16 6 9 25 -9 -4 -11 12 -10 14 -13 -15 23 -14 -2 29 -21 22 -5 -3 -25 26 27 28 -1 -7
right_child=2 3 5 21 -6 19 -8 8 11 10 -12 13 17 15 -16 -17 -18 -19 -20 20 -22 -23 -24 24 -26 -27 -28 -29 -30 -31
leaf_value=-0.00060130695636707236 -8.9261686318482634e-05 0 0 -0.00041807789264618688 -2.3649970852780943e-05 0.00013432331587515478 0 0.00033619901304739896 0.00014333790841278445 0 -0.00041344262704581217 0 0 -3.7500075803584645e-05 0.00014340519945375577 1.473024613586294e-05 0 -0.00046036200461356275 -0.00035106949275264248 -0.00019532334549210301 0 3.4018371144154904e-05 0 0 0.0002741292662223415 0 0 0 0 0
leaf_weight=27 241 46 35 21 31 83 82 25 21 35 75 204 37 1216 276 3793 28 41 61 91 80 47 20 48 284 32 58 22 31 1899
leaf_count=27 241 46 35 21 31 83 82 25 21 35 75 204 37 1216 276 3793 28 41 61 91 80 47 20 48 284 32 58 22 31 1899
internal_value=0 1.36463e-05 -3.14724e-05 0.000124602 0.000165008 -1.32099e-05 -0.0001192 2.70688e-06 7.37404e-06 -0.000209739 -0.000283077 5.00217e-06 -0.000145153 8.62387e-06 7.72086e-05 1.05198e-06 0.000191728 -0.000286928 -0.000158793 0 -9.98715e-05 -1.92599e-05 -0.000201924 0.000213677 0.00023854 -0.000121911 -0.00017078 -0.000273166 -0.000363279 6.41617e-06
internal_weight=8990 6308 2682 525 437 2380 227 5783 5613 145 110 5588 99 5489 480 5009 406 78 302 2153 171 88 41 378 332 170 138 80 58 1982
internal_count=8990 6308 2682 525 437 2380 227 5783 5613 145 110 5588 99 5489 480 5009 406 78 302 2153 171 88 41 378 332 170 138 80 58 1982
is_linear=0
shrinkage=0.05


Tree=37
num_leaves=31
num_cat=0
split_feature=238 61 273 364 310 362 67 24 273 243 375 266 249 245 212 233 31 238 279 255 247 44 87 42 340 50 327 375 343 216
split_gain=0.00143861 0.00265871 0.00186522 0.00126554 0.00123701 0.00118362 0.00117945 0.00123772 0.00113044 0.00111317 0.000993958 0.000936158 0.00100137 0.00115775 0.000866637 0.000885314 0.00111958 0.000857629 0.000984171 0.00146188 0.0011491 0.000848615 0.00113018 0.000813942 0.000797294 0.000787251 0.000772183 0.000745009 0.000723045 0.0007314
threshold=0.12968930655391411 0.297510822614034 0.058420668430651808 0.6232752311450559 -0.18085086389076757 0.0049752581971509004 -0.61075119177500392 0.97056992848714219 -0.38190687624594089 -0.78090667474364706 -0.49021141579304184 -0.354486846211991 -1.5280590842379291 -1.4910917191692203 -0.28758655841877773 0.86160423266202402 0.90955011049906409 1.362430164072572 1.0218420339588217 0.69707954075234035 0.2515069623244347 -0.83178400993347157 0.51415163278579723 0.014566362525025951 -1.1610710422197976 -2.7264307339986167 0.6452599118153256 -0.045088828753986746 -14.483733524878819 0.22857287747755953
decision_type=8 2 10 10 10 10 2 2 10 10 2 10 10 10 10 10 2 10 10 10 10 2 2 2 10 2 10 2 10 10
left_child=1 8 3 4 -2 -5 7 -3 9 11 -7 12 -1 -14 15 16 -4 18 -16 20 -20 25 -23 -8 -13 28 -25 -18 -10 -30
right_child=2 6 14 5 -6 10 23 -9 21 -11 -12 24 13 -15 17 -17 27 -19 19 -21 -22 22 -24 26 -26 -27 -28 -29 29 -31
leaf_value=-2.0112876186970705e-05 -0.0001119339242134602 0.00050175481270158093 0 0 2.5538781725436267e-05 0 3.8574721009475987e-05 0 0 -5.2499488280801656e-05 -0.00026602776762743938 -0.0003093183376179612 0.00015972770650577443 1.402200077864435e-05 0 1.6922478282757557e-05 0 -3.8330188630331658e-05 0 1.5652511240769054e-05 0.00031144402732603593 -2.8958831808632813e-05 6.1941698591919198e-05 0.00028918826091247496 -9.8497516932673335e-07 0 0 -0.0003172364863190763 0.00026318162731065663 0
leaf_weight=487 281 42 134 52 295 36 548 30 26 1225 206 36 240 535 1522 88 44 752 51 397 103 598 690 82 146 67 28 89 137 23
leaf_count=487 281 42 134 52 295 36 548 30 26 1225 206 36 240 535 1522 88 44 752 51 397 103 598 690 82 146 67 28 89 137 23
internal_value=0 1.82093e-05 -2.19901e-05 -8.70937e-05 -3.28556e-05 -0.000176308 0.000106445 0.000322626 1.71981e-06 -1.66987e-05 -0.000223569 1.02116e-05 2.85689e-05 6.56093e-05 -2.6043e-06 -7.72194e-05 -0.000126962 5.00466e-06 2.31377e-05 8.04888e-05 0.000215067 3.6864e-05 1.58572e-05 7.51464e-05 -8.95678e-05 0.000124004 0.000211726 -0.000231034 0.000177451 0.000218845
internal_weight=8990 4940 4050 870 576 294 730 72 4210 2669 242 1444 1262 775 3180 355 267 2825 2073 551 154 1541 1288 658 182 253 110 133 186 160
internal_count=8990 4940 4050 870 576 294 730 72 4210 2669 242 1444 1262 775 3180 355 267 2825 2073 551 154 1541 1288 658 182 253 110 133 186 160
is_linear=0
shrinkage=0.05


Tree=38
num_leaves=31
num_cat=0
split_feature=236 58 61 208 91 312 234 249 214 280 369 11 212 337 58 85 31 302 247 249 245 71 227 312 301 246 357 279 78 92
split_gain=0.00137917 0.00194476 0.00169562 0.00136726 0.00185868 0.00148452 0.00138946 0.00121922 0.00114311 0.00158689 0.00110657 0.00108925 0.00112857 0.000960374 0.000912753 0.000888075 0.000856544 0.000921403 0.000854811 0.000822581 0.00088082 0.000825179 0.00081208 0.000792869 0.000656701 0.000980237 0.000969368 0.000998784 0.000665848 0.000667734
threshold=1.0361016049376148 -0.31055589516957588 5.25823481877645 -0.22784166956466018 -1.0675389766693113 -2.2619718818621304 0.40000531678323242 -0.67504776969036129 0.47004380143765612 1.3650117644392732 0.51179452034039963 0.5422574281692506 0.021857994344691354 1.2677448185318634 3.6881326039632163 -0.42817588647206611 0.88301980495452892 -0.15462523337797343 0.47731417459808673 -1.5804914792231102 -1.4481881041215445 -3.9281693299611402 -0.58139993003098633 -1.5445731134864424 0.064763785650332709 0.81274765990843723 1.4581106934115913 0.66002757972052983 0.60714316368103016 0.83080077171325695
decision_type=10 2 2 8 2 10 10 10 10 10 2 2 10 10 2 2 2 10 10 10 10 2 10 10 10 8 10 10 2 2
left_child=2 10 3 4 16 -6 23 -5 -4 -10 -2 14 13 -13 15 -9 19 22 -8 21 -21 -1 -18 -7 28 26 -26 -28 -3 -30
right_child=1 24 8 7 5 6 18 11 9 -11 -12 12 -14 -15 -16 -17 17 -19 -20 20 -22 -23 -24 -25 25 -27 27 -29 29 -31
leaf_value=0.00013831271491416972 0 2.7262813932413087e-05 0 -0.00010633589007521784 0.00035141921705429137 -0.00012268341676596224 0.00030739493678714157 -2.4756325263918574e-05 -0.00073342602082055895 -4.1205748674381973e-05 0.00041726990171281515 -0.00026353113803646502 0 0 -0.00013427835260213455 2.870061359449167e-05 0 0 0 9.3527198273741325e-05 3.2359865182502978e-06 -6.5872170975633346e-05 -0.00029351185115755182 4.680399641650955e-05 0 4.1963292252006625e-06 0 0.00031331120716978939 -0.00014216481102100528 0
leaf_weight=41 57 233 42 433 57 69 82 1518 21 46 56 124 196 49 128 1568 78 62 25 374 1470 539 74 524 147 596 55 98 163 65
leaf_count=41 57 233 42 433 57 69 82 1518 21 46 56 124 196 49 128 1568 78 62 25 374 1470 539 74 524 147 596 55 98 163 65
internal_value=0 4.44363e-05 -8.51386e-06 -4.94055e-06 1.75614e-05 8.67176e-05 5.79744e-05 -2.5208e-05 -0.000205409 -0.000333456 0.000248806 -1.40057e-05 -9.59237e-05 -0.000189524 -3.04228e-06 7.85086e-07 -3.90844e-07 -9.78505e-05 0.000229088 6.15433e-06 2.42643e-05 -4.27979e-05 -0.000169181 1.86352e-05 2.37166e-05 5.03243e-05 0.000125272 0.000215847 -1.71542e-05 -8.44575e-05
internal_weight=8990 1470 7520 7411 3395 757 700 4016 109 67 113 3583 369 173 3214 3086 2638 214 107 2424 1844 580 152 593 1357 896 300 153 461 228
internal_count=8990 1470 7520 7411 3395 757 700 4016 109 67 113 3583 369 173 3214 3086 2638 214 107 2424 1844 580 152 593 1357 896 300 153 461 228
is_linear=0
shrinkage=0.05


Tree=39
num_leaves=31
num_cat=0
split_feature=48 243 273 57 67 351 84 375 38 235 64 236 84 336 19 10 246 221 344 69 266 198 88 220 47 290 246 324 38 67
split_gain=0.00129973 0.00161014 0.00153747 0.00122827 0.0012155 0.00107122 0.00147238 0.000990591 0.00116132 0.000927525 0.00102211 0.000875387 0.00174522 0.00199118 0.000846588 0.00110082 0.00101632 0.000799901 0.000738539 0.000665766 0.000637943 0.000587983 0.00055742 0.000705087 0.000543063 0.000530022 0.000483563 0.00072559 0.000477104 0.00042175
threshold=8.1256036758422869 1.6290024789977755 1.6025379188128555 0.18781224886576398 2.3980264663696298 1.3275595506032307 0.00066151209951680013 -0.17409486928578008 1.6396977504094445 0.57704687217196182 -0.96278325716654456 -1.4171626051538035 0.00066129851620640005 -0.50385910228776065 -9.6378434499104806 0.59825908641020453 -0.25783428869991298 -0.083261046753600479 3.9531965653101606 -0.65029396613438917 0.20558870933606793 0.87435506669919094 2.0686395963033042 1.4250188723496426 0.73763040701548266 -3.6301725705464678 1.3227945677441439 0.061815808216730807 3.9707552591959643 3.6615457534790044
decision_type=2 8 10 2 2 10 2 2 2 10 2 10 2 10 2 2 10 10 10 2 10 10 2 10 2 10 10 10 2 2
left_child=1 2 4 17 11 -3 -7 -6 18 10 -4 12 25 -14 15 -13 -16 -2 -9 -11 -8 28 23 -22 -12 -1 27 -21 -5 -23
right_child=3 5 9 21 7 6 20 8 -10 19 24 14 13 -15 16 -17 -18 -19 -20 26 22 29 -24 -25 -26 -27 -28 -29 -30 -31
leaf_value=5.5589109900238282e-05 0.00048276169787925298 -2.662201808555068e-05 0.00033511263887267307 3.5470694201896282e-05 0 0 0 -0.00019715847756186382 0 0 0 0 -0.00026851618140869232 0 3.7943163720034971e-05 -0.00022346883764794314 -4.6918130996302458e-06 2.8412903961453594e-06 0 0 -0.00043781844378758391 3.6557543847142977e-06 0 0 -0.00019131287059522933 -4.0091480173052991e-05 0 0.00038504829940740298 0.00020907945477258145 -0.00014629110953495069
leaf_weight=257 30 459 22 471 213 48 24 268 71 25 105 66 154 103 2337 88 3057 47 31 21 79 379 24 21 39 330 31 72 69 49
leaf_count=257 30 459 22 471 213 48 24 268 71 25 105 66 154 103 2337 88 3057 47 31 21 79 379 24 21 39 330 31 72 69 49
internal_value=0 -6.65785e-06 0 5.2651e-05 -4.79064e-06 -8.17449e-05 -0.000185257 -7.40262e-05 -0.000123794 0.000108121 0 7.43021e-07 -4.5789e-05 -0.000154447 8.7237e-06 -0.000103398 1.28536e-05 0.000255058 -0.000169321 0.000200643 -0.000265138 3.13611e-05 -0.000311038 -0.000365871 -2.25732e-05 0 0.000248555 0.000308764 6.69462e-05 -1.86171e-06
internal_weight=8990 7945 7290 1045 6975 655 196 583 370 315 166 6392 844 257 5548 154 5394 77 299 149 148 968 124 100 144 587 124 93 540 428
internal_count=8990 7945 7290 1045 6975 655 196 583 370 315 166 6392 844 257 5548 154 5394 77 299 149 148 968 124 100 144 587 124 93 540 428
is_linear=0
shrinkage=0.05


Tree=40
num_leaves=31
num_cat=0
split_feature=236 50 58 39 48 256 255 273 91 335 25 207 202 12 348 238 290 292 28 46 285 227 238 301 40 273 35 337 220 42
split_gain=0.00123201 0.00170725 0.00169172 0.00109157 0.00105219 0.000971971 0.000940737 0.00115024 0.00111909 0.0010978 0.00130646 0.000867803 0.000791543 0.000790549 0.000750318 0.000746992 0.00137605 0.0011027 0.000705597 0.000906315 0.000703879 0.000842443 0.000686401 0.000921302 0.000828806 0.0010665 0.000729794 0.000711828 0.000683654 0.000676643
threshold=1.0361016049376148 6.140751540660859 -0.31055589516957588 -1.342248201370239 -17.046490987141926 0.014181343060462702 0.37726409570445246 0.046280197226826601 0.11406707763671871 0.04832759944648371 0.026250004768371551 0.086903049408404112 -0.089694402736736442 0.56783586740493786 -10.35885840654373 -2.3220423156799246 -5.955157756805419 -26.722835520903264 0.65675991773605358 0.47834656635920209 -0.043766007758676992 0.87501336487475823 1.743805764869119 0.064763785650332709 0.40156678358713788 1.6531186895495462 1.1242498556772869 0.86395936099416215 -0.35698934601912252 -0.067738796894748834
decision_type=10 2 2 2 2 10 8 10 2 10 2 10 10 2 10 10 10 10 2 2 10 8 10 10 2 10 2 10 10 2
left_child=1 4 5 -3 14 -2 8 20 15 13 -11 -7 -5 -10 -1 16 -6 -17 19 28 -8 -22 23 26 -25 -26 -4 -28 -14 -27
right_child=2 3 22 12 6 11 7 -9 9 10 -12 -13 18 -15 -16 17 -18 -19 -20 -21 21 -23 -24 24 25 29 27 -29 -30 -31
leaf_value=0 0.00051446323776378083 -0.00035253877695077244 1.8473424272280971e-05 8.1420713502544228e-05 0.00046026935747340398 0 0 0 0.00016022935356054679 -0.00012136821706780872 6.8612251581620973e-05 0.00025399403848379846 0 0 -0.00023604887127079833 -0.00022147914969342398 1.0792196632720815e-05 1.3245672029410555e-06 0 0 -0.00016136667212674266 0 -3.5810662565409551e-05 0 4.6260988029126946e-05 0 -0.00028704189938942999 0 -0.00018795773713531618 0.00028624312808870359
leaf_weight=60 31 43 258 58 25 43 134 1392 334 127 296 39 38 68 80 56 149 3721 152 128 309 83 298 219 336 24 43 57 267 122
leaf_count=60 31 43 258 58 25 43 134 1392 334 127 296 39 38 68 80 56 149 3721 152 128 309 83 298 219 336 24 43 57 267 122
internal_value=0 -7.8474e-06 4.21912e-05 -8.30412e-05 0 0.00023327 2.53959e-06 -2.61069e-05 1.5091e-05 6.83677e-05 0 6.5567e-05 -5.7192e-05 0.000128127 -0.000135895 2.69944e-06 0.000104319 -6.6086e-07 -7.94919e-05 -0.000112292 -8.91672e-05 -0.000123109 2.25793e-05 4.3733e-05 7.82574e-05 0.000114909 -9.90981e-06 -0.000133034 -0.000159142 0.000238531
internal_weight=8990 7520 1470 686 6834 113 6694 1918 4776 825 423 82 643 402 140 3951 174 3777 585 433 526 392 1357 1059 701 482 358 100 305 146
internal_count=8990 7520 1470 686 6834 113 6694 1918 4776 825 423 82 643 402 140 3951 174 3777 585 433 526 392 1357 1059 701 482 358 100 305 146
is_linear=0
shrinkage=0.05


Tree=41
num_leaves=31
num_cat=0
split_feature=254 292 304 238 264 6 67 208 272 213 47 368 322 255 249 352 207 61 351 336 12 191 209 249 57 245 249 248 248 54
split_gain=0.00116425 0.00161946 0.00134002 0.00113274 0.00173734 0.00137451 0.00140912 0.00118254 0.00108799 0.00184157 0.00253276 0.00104418 0.000925129 0.000739109 0.00121265 0.000701284 0.000677696 0.000655997 0.000651962 0.000877547 0.000627174 0.000875628 0.000702122 0.000677437 0.00109035 0.000750938 0.000608107 0.000586534 0.00055545 0.000641494
threshold=-1.6709077385562481 -8.1244190533955862 -2.4126618981839525 0.52741400557960605 0.71555673511210971 0.70064802964528416 1.0822597344716394 0.073036394547949954 -0.97443332346035805 0.15280626287541729 0.85492324829101574 0.37094756748958796 0.084351241588592515 -0.93486251840103185 -1.489597502344125 0.052476870516935857 -2.1712357535682361 -0.041570385297139391 0.77688495318094875 2.1294182973080962 0.034224654237429257 0.20272723392119082 -1.2453878967235863 -0.50748461697712799 0.45282326141993207 -0.64311931065117467 1.9482760924658986 -0.22745164268677023 -1.9730251398789596 0.61418664455413829
decision_type=8 8 10 8 10 2 2 10 10 10 2 2 10 10 10 10 10 2 10 10 2 10 10 10 2 10 10 10 10 2
left_child=13 2 16 4 20 6 17 15 -4 10 11 -10 -6 14 -1 -7 -2 -5 -8 -20 23 22 -22 25 -25 -3 -14 -23 -16 -30
right_child=1 3 8 5 12 7 18 -9 9 -11 -12 -13 26 -15 28 -17 -18 -19 19 -21 21 27 -24 24 -26 -27 -28 -29 29 -31
leaf_value=0 -0.00011275677698570034 3.0963216373861856e-05 0 0 0 0 -3.7803007393971211e-06 -8.2614472882647637e-06 0 0 0 -0.00034018830544969679 9.9557934685504771e-05 0 0 0.0003187226002494869 6.1765937256448602e-05 -0.00047766955906297588 -0.00019452684806503786 0 3.7466752234082929e-05 0.00010699305307806219 -9.2235168149007576e-05 0.00014070832557370447 2.0564835625703024e-05 -3.8730948845182529e-05 0.00035851946468199759 -3.4070742438126966e-06 0.00032959170041862876 0
leaf_weight=120 60 741 219 20 148 23 409 1877 25 201 141 204 284 189 30 45 258 36 143 38 70 139 504 255 1438 780 53 411 98 31
leaf_count=120 60 741 219 20 148 23 409 1877 25 201 141 204 284 189 30 45 258 36 143 38 70 139 504 255 1438 780 53 411 98 31
internal_value=0 -3.84077e-06 -6.05181e-05 3.95581e-06 1.88457e-05 -2.18309e-05 -8.50282e-05 0 -9.64754e-05 -0.000132813 -0.000199145 -0.000302829 0.000109421 7.71323e-05 0.000128836 0.000203791 1.30937e-05 -0.000342916 -5.20236e-05 -0.000133366 7.56427e-06 -2.25845e-05 -6.77048e-05 1.96639e-05 4.16213e-05 -1.49048e-06 0.000155211 1.54192e-05 0.000219483 0.000264808
internal_weight=8990 8522 1108 7414 4823 2591 646 1945 790 571 370 229 485 468 279 68 318 56 590 181 4338 1124 574 3214 1693 1521 337 550 159 129
internal_count=8990 8522 1108 7414 4823 2591 646 1945 790 571 370 229 485 468 279 68 318 56 590 181 4338 1124 574 3214 1693 1521 337 550 159 129
is_linear=0
shrinkage=0.05


Tree=42
num_leaves=31
num_cat=0
split_feature=208 85 77 362 212 16 85 245 242 249 51 375 91 50 71 223 265 15 242 252 28 321 90 46 2 351 219 248 199 272
split_gain=0.00109975 0.00215187 0.00177917 0.00110315 0.00127364 0.00116552 0.000908935 0.001424 0.00112293 0.00216484 0.00110242 0.000963542 0.000863747 0.000819522 0.000790822 0.000784595 0.000810477 0.000772353 0.000768096 0.000813975 0.000721184 0.000846117 0.000698352 0.000678483 0.000852593 0.000972311 0.0013242 0.0015304 0.000661486 0.00133244
threshold=0.14858321173250877 2.8328849474589037 0.34075653553009039 -0.6840508774471673 1.2872670760537088 2.6709982554117842 -2.6794764200846348 -1.2966503911866043 0.18898679321752124 -1.5280590842379291 -3.7322826385498042 -0.27131992978401293 -2.7370125452677407 -3.6630438168843589 -3.9281693299611402 -1.2391220308110722 -1.5708338764579883 0.79768013954162609 -0.46119556985964377 0.73540059338860841 0.043701683481534311 0.22652901710116333 1.1648790836334231 0.56878407796223973 2.8623056411743169 1.0547904173533122 1.0943385869376916 0.26939578438501993 -0.68947540917161709 -0.61328700193411534
decision_type=8 2 2 10 10 2 2 10 10 10 2 2 2 2 2 10 10 2 10 10 2 10 2 2 2 10 10 10 10 10
left_child=1 6 17 20 5 18 7 8 9 14 -11 -9 -10 28 -1 -13 -17 -2 -5 -20 -3 -22 -15 24 25 -4 27 -27 29 -8
right_child=2 3 23 4 -6 -7 13 11 12 10 -12 15 -14 22 -16 16 -18 -19 19 -21 21 -23 -24 -25 -26 26 -28 -29 -30 -31
leaf_value=0.00016440924106748218 -0.0001418100648207229 0.00012311823326116846 -4.8544080437247698e-06 0 0 0 2.5517151882578637e-05 0 0 0 0.00019567149572046442 -4.5652219336658922e-06 -0.00040843643355936574 0 -7.4705299283159016e-05 0 -0.00020176062136619991 0 0.00037568918771383277 0 -0.00039700116439153089 0 0.00017013577383782094 2.8933135340688162e-05 7.136634617044697e-05 5.4430821968352158e-06 0 -0.00017379887924088089 8.8057037284347322e-06 0.00023704988457411174
leaf_weight=31 384 39 1699 27 44 40 286 266 45 42 250 201 22 2102 251 72 257 140 137 21 21 20 61 982 209 98 251 382 462 148
leaf_count=31 384 39 1699 27 44 40 286 266 45 42 250 201 22 2102 251 72 257 140 137 21 21 20 61 982 209 98 251 382 462 148
internal_value=0 1.65499e-05 -1.85237e-05 0.000136869 0.000185878 0.000235477 6.09532e-06 -2.51087e-05 2.47434e-05 5.39741e-05 0.000152797 -7.15321e-05 -0.000150872 2.23886e-05 -3.06465e-05 -0.000110583 -0.00016014 -0.000105138 0.000288398 0.000330943 0 -0.000171602 3.24172e-06 -4.60628e-06 -1.89819e-05 -2.88127e-05 -7.76496e-05 -0.000126796 6.3025e-05 0.000109209
internal_weight=8990 4845 4145 349 269 225 4496 1437 641 574 292 796 67 3059 282 530 329 524 185 158 80 41 2163 3621 2639 2430 731 480 896 434
internal_count=8990 4845 4145 349 269 225 4496 1437 641 574 292 796 67 3059 282 530 329 524 185 158 80 41 2163 3621 2639 2430 731 480 896 434
is_linear=0
shrinkage=0.05


Tree=43
num_leaves=31
num_cat=0
split_feature=66 85 56 205 67 0 50 207 312 28 72 360 6 6 76 288 369 254 321 358 42 333 369 345 250 273 278 360 201 195
split_gain=0.00105609 0.00142212 0.00113996 0.000991992 0.000959059 0.00104606 0.00140043 0.00123854 0.00101155 0.000888832 0.000833406 0.000819633 0.000788972 0.000761005 0.000734486 0.000695346 0.000690406 0.000676468 0.000663661 0.000693135 0.000633003 0.000615324 0.000780779 0.00058718 0.000673822 0.000566956 0.000788002 0.000514737 0.000504297 0.000507277
threshold=11.366523106892904 10.437032381693525 0.56372177600860607 0.64026735943144819 2.5053176085154218 0.71778945128122973 1.357673009236654 -0.13075702681391924 0.6209975293739497 0.12974755465984342 4.2925006548563642 -0.58602304722706167 1.393288850784302 1.9962810675303146 2.6662162144978843 0.61571703354517682 7.2444059971567194 2.0009568688408139 0.13557336419760038 1.2922982295492647 -0.13622750838597608 1.1463799178864675 10.011677510773767 2.7876774470011401 1.5991408941706138 1.8828617393897253 1.7249501027564709 -0.9126669005463881 0.76657411316656054 1.3433452628098881
decision_type=2 2 2 10 2 2 2 10 10 2 2 10 2 2 2 10 2 10 8 8 2 10 2 10 10 10 10 10 10 10
left_child=1 4 10 27 5 6 7 14 -9 18 11 -2 20 -5 -1 21 -13 25 -7 -20 -8 22 -6 -19 -25 -4 -27 -3 -17 -30
right_child=2 3 17 13 15 9 12 8 -10 -11 -12 16 -14 -15 -16 28 -18 23 19 -21 -22 -23 -24 24 -26 26 -28 -29 29 -31
leaf_value=-1.1202811310750765e-05 0 0 -7.3156084729841067e-06 -0.00011541381625740713 -0.00019187132137696522 8.0156860572188173e-05 0 8.6453161974265794e-05 0 8.1452167884530529e-05 0 -0.00037780721911882093 6.7208347479412984e-05 0.00020545876905542576 0.00015256104892636218 7.8051698126138715e-05 0 0 -9.3790851247299207e-05 9.808232906824867e-06 -0.00010322687800796876 0 0 -0.00037954389572898912 0 0.00027667783905271296 0 0.00037010998881659466 -0.00014720290545894285 0
leaf_weight=3326 31 22 403 41 196 217 313 785 699 795 60 77 77 32 67 123 20 57 223 359 594 105 47 34 20 44 29 55 82 57
leaf_count=3326 31 22 403 41 196 217 313 785 699 795 60 77 77 32 67 123 20 57 223 359 594 105 47 34 20 44 29 55 82 57
internal_value=0 5.67964e-06 -5.53572e-05 0.00015871 2.21156e-06 7.73788e-06 -1.20718e-06 8.89269e-06 4.7433e-05 4.37627e-05 -0.00016541 -0.000237572 -5.63418e-05 0 -6.49106e-06 -5.71222e-05 -0.000309132 -1.15716e-05 0 -2.13067e-05 -7.23489e-05 -0.000103502 -0.000147199 -0.000125853 -0.000244256 4.59697e-06 0.00013868 0.000284963 0 -6.0599e-05
internal_weight=8990 8215 775 150 8065 7455 5861 4877 1484 1594 188 128 984 73 3393 610 97 587 799 582 907 348 243 111 54 476 73 77 262 139
internal_count=8990 8215 775 150 8065 7455 5861 4877 1484 1594 188 128 984 73 3393 610 97 587 799 582 907 348 243 111 54 476 73 77 262 139
is_linear=0
shrinkage=0.05


Tree=44
num_leaves=31
num_cat=0
split_feature=48 50 210 67 50 76 264 5 46 86 246 273 373 32 249 334 276 88 46 13 352 342 30 282 343 22 23 205 215 220
split_gain=0.00102387 0.00157434 0.00144412 0.001006 0.0008441 0.00165861 0.00137731 0.00189092 0.00113145 0.00111921 0.00110262 0.00109524 0.00105064 0.00116674 0.000828129 0.000745272 0.00097596 0.000902348 0.000691416 0.000639465 0.000631128 0.00101956 0.00108443 0.000677066 0.000673127 0.000889395 0.000611033 0.00059758 0.000727062 0.000569711
threshold=1.4704886277516687 6.6879355112711592 0.28010453946518482 1.0349118312199912 -6.115428924560546 -2.8973809878031411 -0.60519024671929011 -2.6637870470682778 0.15338892241319022 -0.27801195780436194 -0.22537556161971725 -1.9018078742177442 2.1309627827150099 0.33086255192756658 2.18948284405981 -0.76368429692811679 -1.7444665563073076 -1.1767925818761187 0.24885499477386472 -0.035376291722059187 -0.090047965447107886 -0.22850324710210157 -0.82305133342742909 0.25680752595265682 -15.202787081400553 -1.8529144922892253 0.0076536716272433006 1.064318639977776 0.88143813969217566 1.0511975433856497
decision_type=2 2 8 2 2 2 10 2 2 2 10 10 2 2 10 10 10 2 2 2 10 10 2 10 10 2 2 8 8 10
left_child=1 4 14 -3 6 8 9 -8 11 15 18 -6 13 -11 20 16 -1 -17 -9 -13 24 22 -22 -24 -2 -26 -5 29 -29 -4
right_child=2 3 27 26 5 -7 7 10 -10 12 -12 19 -14 -15 -16 17 -18 -19 -20 -21 21 -23 23 -25 25 -27 -28 28 -30 -31
leaf_value=9.1202545540107594e-05 0 -0.00041478152723759535 -5.0389617702146778e-05 1.7171376277499483e-05 -0.0003921133932956354 0 0 0.00037436930874228114 0 -0.0002275289683094005 0 0 1.9593979469895192e-05 0 0.00030679762699973353 0 -4.7741462688739118e-05 0.00022949508261480836 0 -0.0001299104942512991 1.9911004313301743e-05 7.9725959435223163e-05 -0.00025262256605218118 0 0.00028037549267194309 5.1404362677228369e-05 -0.00010399306031462404 0.00010098740810470658 0 1.4664240157390735e-05
leaf_weight=216 41 32 742 65 45 3552 137 99 323 140 26 193 99 70 48 33 283 98 20 316 102 293 80 34 99 213 290 270 580 451
leaf_count=216 41 32 742 65 45 3552 137 99 323 140 26 193 99 70 48 33 283 98 20 316 102 293 80 34 99 213 290 270 580 451
internal_value=0 -1.13736e-05 2.45422e-05 -0.000109442 -3.76963e-06 -1.47001e-05 3.17822e-05 0.000128756 -7.62806e-05 0 0.000254579 -0.000119647 -7.51895e-05 -0.000143659 7.69503e-05 4.08319e-05 2.39083e-06 0.000149008 0.000319537 -8.56656e-05 5.83175e-05 1.1096e-05 -5.88557e-05 -0.000173108 0.000112225 0.000140146 -6.77289e-05 0 3.31988e-05 -2.16068e-05
internal_weight=8990 6037 2953 387 5650 4429 1221 282 877 939 145 554 309 210 910 630 499 131 119 509 862 509 216 114 353 312 355 2043 850 1193
internal_count=8990 6037 2953 387 5650 4429 1221 282 877 939 145 554 309 210 910 630 499 131 119 509 862 509 216 114 353 312 355 2043 850 1193
is_linear=0
shrinkage=0.05


Tree=45
num_leaves=31
num_cat=0
split_feature=273 50 210 244 295 256 249 377 48 58 372 369 234 68 203 12 283 36 348 252 303 301 308 62 85 61 352 66 208 216
split_gain=0.000988176 0.00153872 0.00153137 0.0011161 0.00103605 0.000981107 0.00102631 0.000896835 0.000876669 0.00107311 0.00130866 0.00118348 0.0011155 0.00125213 0.00105566 0.000975627 0.000984574 0.00123012 0.00098647 0.000888915 0.000874198 0.000862408 0.000826322 0.00101117 0.000787401 0.000947404 0.000689841 0.000649167 0.000648997 0.000593972
threshold=1.6025379188128555 7.2164624532063817 1.328591398534517 0.89299837655809233 -0.24613769849141412 2.5405703568066431 0.36115140978842997 -0.65859675945594498 -14.292975107828775 -0.72876596450805653 -0.15273009487514663 0.55448491318373117 -0.78011662580241714 -0.046981458862622491 -1.567087568745509 0.53687880436579394 -0.0042641758918762996 0.33951056003570562 1.9732171595096595 -0.97509366250244478 -0.29140171534425535 -0.17433927953243242 0.059435286562045254 3.8406052589416508 -0.42817588647206611 -1.767656087875366 -0.073305994272232042 -2.0052577654520669 -0.20355207793412311 1.7104714446084073
decision_type=10 2 10 10 10 10 10 2 2 2 2 2 10 2 10 2 10 2 10 10 10 10 10 2 2 2 10 2 8 10
left_child=1 8 4 7 26 6 -6 20 19 10 12 27 -10 -14 -13 24 17 -17 -18 -1 -3 -21 -8 -24 28 -26 -2 -12 -11 -22
right_child=2 3 -4 -5 5 -7 22 -9 9 15 11 14 13 -15 -16 16 18 -19 -20 21 29 -23 23 -25 25 -27 -28 -29 -30 -31
leaf_value=0 0.0001245761375672144 0 -1.8175370043285146e-05 -5.0108197494402148e-06 0 -3.0477133262858346e-05 0 0 6.3810388267848496e-05 9.255122724708009e-06 7.7235764287104513e-05 0 -0.00043117110151423207 0 0.00023490456755087779 0 0.000126663684326769 -0.00026302526906186156 -7.9725205539298282e-05 -0.00029128682907517199 -0.00030447488972387303 0 0.00028753389119730229 0 -4.5279682284178697e-05 4.580338060471276e-05 -0.00013029551359610084 -5.3425587936001897e-05 -3.0222562785992057e-05 0
leaf_weight=192 42 27 319 372 59 21 25 106 89 2084 255 45 31 84 205 83 89 114 163 75 137 50 220 45 290 1700 63 110 1867 28
leaf_count=192 42 27 319 372 59 21 25 106 89 2084 255 45 31 84 205 83 89 114 163 75 137 50 220 45 290 1700 63 110 1867 28
internal_value=0 -4.67761e-06 5.37137e-05 -7.74195e-05 0.000112511 0.000152474 0.000177811 -0.000151004 1.1348e-06 5.3661e-06 5.93636e-05 9.82095e-05 -3.32382e-05 -0.000151776 0.000186277 -7.73068e-07 -7.24443e-05 -0.000156354 0 -7.9294e-05 -0.000216924 -0.00018358 0.000216544 0.000243117 3.80312e-06 3.00159e-05 0 2.41596e-05 -8.13443e-06 -0.000260746
internal_weight=8990 8196 794 670 475 370 349 298 7526 7209 819 615 204 115 250 6390 449 197 252 317 192 125 290 265 5941 1990 105 365 3951 165
internal_count=8990 8196 794 670 475 370 349 298 7526 7209 819 615 204 115 250 6390 449 197 252 317 192 125 290 265 5941 1990 105 365 3951 165
is_linear=0
shrinkage=0.05


Tree=46
num_leaves=31
num_cat=0
split_feature=208 207 77 351 307 12 297 201 202 291 273 336 19 210 344 255 15 286 207 345 354 46 2 351 219 375 236 246 354 50
split_gain=0.000942281 0.001579 0.00156093 0.00105276 0.00123917 0.000923099 0.00104986 0.00136876 0.00144828 0.00105534 0.00080855 0.00100621 0.000808436 0.00106147 0.000752654 0.00074025 0.000678524 0.00066907 0.000611742 0.000588695 0.000595513 0.00055915 0.000756713 0.000850649 0.00115515 0.00138884 0.000516209 0.000492686 0.00114802 0.000474609
threshold=0.14858321173250877 -0.14067777487044447 0.34075653553009039 -1.3749848604202268 -0.59896296199622112 0.042473519841829906 -0.30359037717183418 -0.91906084409128941 -0.29269487890127488 -0.71672089894612623 2.1283292049640763 0.98619064712588711 -9.6378434499104806 -0.8849696496558771 0.19400828083356234 0.36689509153525335 0.79768013954162609 -0.055983571956554942 0.26031641114412341 0.43066638708114618 -0.7430008408101213 0.56878407796223973 2.8623056411743169 1.0547904173533122 1.0943385869376916 -0.26181617470125812 -1.5341396480510985 1.1105494757177545 0.23950654242818795 -5.6301406224568682
decision_type=8 10 2 10 10 2 10 10 10 10 10 10 2 8 10 10 2 10 10 10 10 2 2 10 10 2 10 10 10 2
left_child=1 5 16 4 -3 12 17 -8 9 -9 11 15 13 -1 -12 26 19 -7 -6 20 -2 22 23 -4 25 -25 -5 28 -23 -14
right_child=2 3 21 10 18 6 7 8 -10 -11 14 -13 29 -15 -16 -17 -18 -19 -20 -21 -22 27 -24 24 -26 -27 -28 -29 -30 -31
leaf_value=0 0 4.5859272824195753e-06 -4.0280730982822653e-06 0 0 0 1.2342590074112353e-05 -0.00039081697588767069 -3.2705660691618954e-05 0 0 -8.4325776879200866e-06 4.926093810385359e-05 -0.0002718692888592842 0.00039761602522411571 0 0 0.00023474088417549315 -0.00043452992184280322 0 -0.00021519016593827034 -3.6444855843387342e-05 6.7607352252718536e-05 0 0 -0.00017724485492615937 0.0001196781087401875 0 0.00011615957739434876 1.9358480636583605e-07
leaf_weight=227 55 115 1699 31 20 60 116 91 192 50 20 270 839 54 42 215 140 36 26 119 210 129 209 156 251 324 717 512 341 1724
leaf_count=227 55 115 1699 31 20 60 116 91 192 50 20 270 839 54 42 215 140 36 26 119 210 129 209 156 251 324 717 512 341 1724
internal_value=0 1.52358e-05 -1.72331e-05 5.89363e-05 -4.33857e-05 -2.06488e-06 -6.27817e-05 -9.96166e-05 -0.00015362 -0.000282693 7.55204e-05 6.1299e-05 7.81415e-06 -6.91725e-05 0.000277274 8.60403e-05 -9.83768e-05 5.73934e-05 -0.000271525 -0.000132747 -0.000176306 -4.1075e-06 -1.72662e-05 -2.6626e-05 -7.23018e-05 -0.000118219 0.000109564 2.61619e-05 6.36397e-05 1.82079e-05
internal_weight=8990 4845 4145 1456 161 3389 545 449 333 141 1295 1233 2844 281 62 963 524 96 46 384 265 3621 2639 2430 731 480 748 982 470 2563
internal_count=8990 4845 4145 1456 161 3389 545 449 333 141 1295 1233 2844 281 62 963 524 96 46 384 265 3621 2639 2430 731 480 748 982 470 2563
is_linear=0
shrinkage=0.05


Tree=47
num_leaves=31
num_cat=0
split_feature=236 50 208 76 76 370 50 340 251 40 85 222 292 249 245 200 375 71 85 32 365 320 207 49 29 354 370 87 223 295
split_gain=0.000921886 0.00177264 0.000929763 0.00148608 0.00128588 0.00102846 0.000961759 0.000924602 0.000873506 0.00123683 0.000917944 0.00131414 0.000782964 0.000738898 0.00147888 0.00115776 0.000865096 0.000638149 0.00108473 0.000616526 0.000575275 0.000695562 0.000541557 0.00060164 0.000535637 0.00049609 0.00048586 0.00054559 0.000571251 0.000485383
threshold=1.2298227627160097 16.393929799397792 -0.39832267544838945 2.8484036127726244 -1.1073537891109781 0.99121573435179711 -1.6226615905761717 0.61634215712547313 1.6742480018749757 3.0067663192749028 4.2106121381123867 2.1612042971537018 5.5710943539937352 -1.5280590842379291 -2.0834333003539762 -0.36821473942570154 0.095818249651853316 -3.9281693299611402 -9.3085473378499319 0.88417625427246105 -0.65055552780298787 0.54345780709922409 -0.38402017076804035 2.6678536732991538 1.300262173016866 -0.45978537307001704 1.3592249186765741 1.0519535144170129 0.73032821243999446 0.97382267316182436
decision_type=10 2 8 2 2 2 2 10 10 2 2 10 10 10 10 10 2 2 2 2 10 10 10 2 2 10 2 2 10 10
left_child=1 2 3 13 26 -5 12 -3 9 20 -11 19 29 17 15 -15 -16 -1 -19 -12 -2 -22 -8 -24 -10 -7 27 28 -4 -6
right_child=8 7 4 5 6 25 22 -9 24 10 11 -13 -14 14 16 -17 -18 18 -20 -21 21 -23 23 -25 -26 -27 -28 -29 -30 -31
leaf_value=0.00011636966512526084 0.00018961126869327708 -0.00042154216536563699 -0.00011372298567129641 0.00033919834480399907 0.00012368836988718276 -0.00014907712019181045 -7.5435150930530117e-05 0 -0.0001006696350214863 0 0.00047322277725633924 0 -4.9027623729823002e-05 2.9608917868464894e-05 3.5495278739304605e-05 0.00032790009969590485 -3.1286248214337367e-05 -0.00021392003083290951 -1.3847489541343519e-05 0 -7.4875968011603117e-05 4.3864860286892395e-05 9.4304834830976274e-06 -3.6547561833601047e-05 2.8305683240089584e-05 0.00015500976486552964 0 0 0 0
leaf_weight=44 59 39 665 61 321 21 321 32 144 32 60 26 64 148 1246 71 739 96 493 31 143 531 2057 1032 94 32 171 142 36 39
leaf_count=44 59 39 665 61 321 21 321 32 144 32 60 26 64 148 1246 71 739 96 493 31 143 531 2057 1032 94 32 171 142 36 39
internal_value=0 -5.90856e-06 -2.99324e-06 1.83345e-05 -1.7007e-05 0.00019768 -2.39679e-06 -0.000255364 4.25712e-05 6.74832e-05 0.000206164 0.000271507 6.68569e-05 9.35877e-06 2.44117e-05 0.000149241 8.11395e-06 -3.51509e-05 -5.49752e-05 0.000361687 3.24484e-05 1.12474e-05 -1.24757e-05 -4.31235e-06 -2.87397e-05 0 -6.7313e-05 -8.30105e-05 -0.000101153 0.000101351
internal_weight=8990 7870 7799 2951 4848 114 3834 71 1120 882 149 117 424 2837 2204 219 1985 633 589 91 733 674 3410 3089 238 53 1014 843 701 360
internal_count=8990 7870 7799 2951 4848 114 3834 71 1120 882 149 117 424 2837 2204 219 1985 633 589 91 733 674 3410 3089 238 53 1014 843 701 360
is_linear=0
shrinkage=0.05


Tree=48
num_leaves=31
num_cat=0
split_feature=254 351 78 71 58 357 286 244 208 77 264 225 207 243 266 15 60 362 235 370 202 193 256 241 219 60 35 37 367 193
split_gain=0.000888732 0.00137233 0.00206916 0.00242282 0.00162862 0.00162687 0.00131677 0.000860356 0.000827391 0.00138778 0.00124493 0.000724442 0.000977877 0.000692272 0.00138477 0.000664551 0.00066251 0.000630036 0.000604992 0.000594466 0.000580866 0.000723608 0.00051754 0.000472027 0.000673593 0.000967544 0.000516763 0.000445109 0.000712575 0.000441718
threshold=-1.6709077385562481 -1.7847354412078855 0.15413378675778708 0.86214172840118419 -2.2008283138275142 -0.98342695424048576 -0.12995109536374597 1.0000000180025095e-35 0.14858321173250877 0.34075653553009039 0.71555673511210971 1.9742239545174882 -0.13075702681391924 -1.4440761563904265 -0.71156662758511657 0.70678981145222985 1.3656393686930342 -3.3052039509795312 -0.749360500291684 0.94704841213405022 -0.32221226376176298 0.53609691296334394 0.16448481489872199 -0.3841139117103744 -0.83818781855254965 -0.95177261034647609 0.35266218582789105 -1.2427221735318501 0.026935808775081355 -0.44675354481768653
decision_type=8 8 2 2 2 10 10 10 8 2 10 10 10 10 10 2 2 10 10 2 8 10 10 10 10 2 2 2 2 10
left_child=13 2 23 6 5 -3 -4 17 10 15 11 12 -6 14 27 22 19 -8 -13 -12 29 -22 -10 24 -2 -26 -27 28 -1 -11
right_child=1 4 3 -5 8 -7 7 -9 9 20 16 18 -14 -15 -16 -17 -18 -19 -20 -21 21 -23 -24 -25 25 26 -28 -29 -30 -31
leaf_value=-0.00025547116938099947 0 0 0 2.3557588199624476e-05 -2.9242823786596374e-06 0.00048903285549124677 -8.5075316702144051e-05 0 -0.00017685698920017097 0 0.00012695523257628865 0 5.5892729250148156e-05 0 0.00039940397239635034 0 0.0002275899929163669 -0.00061900487150220833 -0.00020832657869116782 -2.6628590975409868e-05 -4.298902955235931e-05 4.5844747893086036e-06 0 9.660639875023669e-05 0 0 -0.000448566253730688 0.00012086848034691187 2.722528625980736e-05 0.00013484970972993103
leaf_weight=27 195 33 29 44 2436 34 34 33 238 44 96 35 925 277 45 175 106 56 69 89 1123 2291 94 77 85 26 29 83 36 126
leaf_count=27 195 33 29 44 2436 34 34 33 238 44 96 35 925 277 45 175 106 56 69 89 1123 2291 94 77 85 26 29 83 36 126
internal_value=0 -3.50443e-06 -7.60725e-05 -0.000210533 1.43978e-06 0.000246826 -0.000311141 -0.000382566 -2.13393e-08 -1.62024e-05 1.62717e-05 6.39031e-06 1.17767e-05 6.72525e-05 0.000141899 -9.41198e-05 0.000116713 -0.00047311 -0.000119495 2.60821e-05 -3.78267e-06 -9.60062e-06 -0.000136122 0 -3.70708e-05 -0.000123721 -0.000287784 2.80885e-05 -1.49039e-05 8.3598e-05
internal_weight=8990 8522 608 196 7914 67 152 123 7847 4091 3756 3465 3361 468 191 507 291 90 104 185 3584 3414 332 412 335 140 55 146 63 170
internal_count=8990 8522 608 196 7914 67 152 123 7847 4091 3756 3465 3361 468 191 507 291 90 104 185 3584 3414 332 412 335 140 55 146 63 170
is_linear=0
shrinkage=0.05


Tree=49
num_leaves=31
num_cat=0
split_feature=238 19 42 273 246 235 249 57 361 323 61 65 201 292 69 372 349 208 249 207 55 356 91 246 281 256 358 29 201 253
split_gain=0.000880952 0.00147181 0.00158519 0.00146552 0.00124564 0.000802713 0.000798458 0.0013855 0.00122299 0.000945933 0.000837056 0.000907513 0.000813447 0.00138092 0.00133086 0.000796343 0.000759157 0.000730301 0.000932213 0.000692517 0.000632344 0.000629475 0.000789742 0.000695306 0.00127734 0.000876875 0.000794247 0.000675154 0.000620258 0.000506349
threshold=0.59623312723561817 6.3749748865763349 0.014566347468644303 0.21221394633867272 -1.3021615955517138 0.72440748624476003 -0.67504776969036129 -1.5906128088633216 -0.97665334970144657 -1.5849955479303992 -6.5189263025919582 -5.5391435623168936 -0.46798432173247739 -8.7990301450093575 -1.068836768468221 -0.40243880610794552 4.6622330347696943 -1.3031235919503927 -1.760154678722557 -0.20269008249756473 -0.50442725419998158 0.18311233172386243 5.4252087672551479 0.89290564924456639 0.91159296308321747 2.1841978789724208 0.80872089118322943 1.0972146987915041 0.65511576264592086 2.5481943404126892
decision_type=8 2 2 10 10 10 10 2 10 10 2 2 10 10 2 2 10 10 10 10 2 10 2 10 10 10 10 2 10 10
left_child=1 6 4 16 -3 -6 8 -8 17 10 -10 -12 -9 14 -14 -4 -2 18 -1 -15 -20 22 -5 24 -23 26 -26 -24 -18 -25
right_child=3 2 15 21 5 -7 7 12 9 -11 11 -13 13 19 -16 -17 28 -19 20 -21 -22 23 27 29 25 -27 -28 -29 -30 -31
leaf_value=0 -5.7800176283803177e-05 0.00035439193010650474 0 -6.7531390368308253e-06 -0.00017700993290162113 3.4494676349185593e-05 0.00033691357362695685 5.4216034473837282e-05 0 -1.8021664383176454e-05 -0.00032424441037595892 -5.1418300873549018e-05 0 -2.4298996774829522e-05 -0.00020640883219155931 0.00032343752812741646 -0.0003594255161619138 -2.2925431889317324e-05 0.00014621001437713647 2.7861044284331878e-05 0 0 0 -2.4130481639714167e-06 0 0 0.00023522083380154285 -0.00043320085399069908 0 -0.00013227018009696559
leaf_weight=303 336 22 28 197 73 46 35 952 22 446 96 127 87 837 151 97 58 853 248 2034 63 350 25 1126 35 42 159 28 24 90
leaf_count=303 336 22 28 197 73 46 35 952 22 446 96 127 87 837 151 97 58 853 248 2034 63 350 25 1126 35 42 159 28 24 90
internal_value=0 9.82439e-06 0.000125692 -2.52358e-05 0 -5.331e-05 4.0948e-06 1.7715e-05 -1.94399e-05 -7.47163e-05 -0.000157474 -0.000191372 1.37246e-05 0 -0.000114295 0.000255506 -0.000111308 3.19217e-06 4.76159e-05 1.09127e-05 0.000109393 -5.26137e-06 -8.04843e-05 2.40401e-06 4.94235e-05 0.000139961 0.000187409 -0.000259851 -0.000269323 -1.61458e-05
internal_weight=8990 6520 266 2470 141 119 6254 4096 2158 691 245 223 4061 3109 238 125 418 1467 614 2871 311 2052 250 1802 586 236 194 53 82 1216
internal_count=8990 6520 266 2470 141 119 6254 4096 2158 691 245 223 4061 3109 238 125 418 1467 614 2871 311 2052 250 1802 586 236 194 53 82 1216
is_linear=0
shrinkage=0.05


Tree=50
num_leaves=31
num_cat=0
split_feature=238 76 6 222 364 207 67 12 297 242 334 314 260 236 255 279 255 85 241 333 310 346 65 219 191 375 65 314 50 54
split_gain=0.000831448 0.00147969 0.00136742 0.00089449 0.00104242 0.000779224 0.000711543 0.000814312 0.00103421 0.000793954 0.000764697 0.00127348 0.000733985 0.00071943 0.000710294 0.001233 0.000958218 0.00103395 0.00106892 0.000942661 0.00114746 0.000736508 0.000872889 0.000705995 0.000886884 0.000940139 0.00111773 0.00119759 0.000687973 0.00106611
threshold=0.28528545321695781 3.3147819836934418 0.70064802964528416 1.2258024706776067 -1.0900719093598215 -0.13075702681391924 2.0792442162831626 0.019528177256385452 -0.32039456566174801 -0.2397196579544438 0.46508795496265659 -1.4923558728750488 -1.0283040818852507 -0.67453926043934243 1.7892373371540706 1.0016422777023626 0.91142534008714049 3.4811722437540698 1.3824218106173618 2.2729875318294304 0.97389626684005592 6.4282971223195409 3.0480562845865893 -0.25441475130301089 1.0111299167812511 -0.21014192636942838 1.0781590938568117 -0.25178992556508978 -2.4069192409515376 0.66511855522791563
decision_type=8 2 2 10 10 10 2 2 10 10 10 10 10 10 10 10 10 2 10 10 10 10 2 8 10 2 2 10 2 2
left_child=1 5 23 4 -3 6 7 13 9 -9 11 -8 -10 -1 15 -4 17 -17 -19 20 -16 22 -22 -2 25 -25 -27 -28 29 -7
right_child=2 3 14 -5 -6 28 10 8 12 -11 -12 -13 -14 -15 19 16 -18 18 -20 -21 21 -23 -24 24 -26 26 27 -29 -30 -31
leaf_value=-1.1045469643252029e-05 0 0 -6.4669597916035885e-06 -1.4209835476751657e-05 0.00017780770542653204 0.00013407347196355948 0 0 0 0.00024656399205683245 0 -0.00026723195867827705 -0.00011767179012763445 3.8536314946311013e-05 0 8.0073461302954237e-06 6.7567478055729082e-06 0.0003719301944314767 0 2.3682237215983788e-06 0 0 -0.00034466483972152165 0 0 -7.9133996141104028e-05 0 -0.00035232958305864495 5.8218277583965893e-06 -1.2449595519967056e-06
leaf_weight=1564 237 54 1266 56 293 343 38 62 107 40 46 99 417 1238 77 122 328 81 39 250 43 53 88 212 162 402 35 115 990 133
leaf_count=1564 237 54 1266 56 293 343 38 62 107 40 46 99 417 1238 77 122 328 81 39 250 43 53 88 212 162 402 35 115 990 133
internal_value=0 1.2158e-05 -1.90106e-05 0.000104898 0.000138524 3.80977e-06 -7.54799e-06 -9.35935e-07 -5.37359e-05 6.66056e-05 -0.000104031 -0.000168516 -8.67096e-05 9.07733e-06 8.90823e-07 1.74526e-05 7.93413e-05 0.000157024 0.00026676 -4.88237e-05 -0.00011699 -0.000187065 -0.000251366 -6.34684e-05 -8.34562e-05 -0.000106505 -0.000141266 -0.000274306 3.51948e-05 8.57696e-05
internal_weight=8990 5480 3510 403 347 5077 3611 3428 626 102 183 137 524 2802 2347 1836 570 242 120 511 261 184 131 1163 926 764 552 150 1466 476
internal_count=8990 5480 3510 403 347 5077 3611 3428 626 102 183 137 524 2802 2347 1836 570 242 120 511 261 184 131 1163 926 764 552 150 1466 476
is_linear=0
shrinkage=0.05


Tree=51
num_leaves=31
num_cat=0
split_feature=273 50 23 375 276 198 322 277 375 67 256 17 249 50 355 325 84 66 76 201 249 62 323 91 194 337 308 324 275 208
split_gain=0.000785027 0.00126833 0.00104725 0.000934464 0.00083578 0.000982233 0.00157842 0.000954193 0.000793279 0.00092566 0.00233658 0.000875626 0.000727811 0.000937271 0.00081034 0.00080697 0.000909818 0.000719081 0.00119794 0.00133811 0.000657091 0.000728639 0.000681809 0.000867762 0.000654786 0.000629983 0.000624769 0.000667179 0.000609935 0.000822159
threshold=1.6025379188128555 7.2164624532063817 0.036511191477378156 -0.10005402072037949 1.6071923838481996 -0.23712529992044237 0.69924515485763561 1.5859415844842137 -0.045088828753986746 2.1503570079803471 0.007763080469839651 1.2247562011082971 -1.2187686977337557 -1.9121565818786617 -2.6236426168905314 -0.61117994785308827 -0.81466476122538245 -18.387950897216793 -7.3189105987548819 -0.56785226645633224 0.29002375817255954 4.2566191355387373 6.8405549128850316 4.5953849554061899 1.902795229486226 -0.62213099072102163 -1.2337096555713516 -1.4404530723889668 -1.634360432641601 -1.7281299322782713
decision_type=10 2 2 2 10 10 10 10 2 2 10 2 10 2 10 10 2 2 2 10 10 2 10 2 10 10 10 10 10 10
left_child=1 8 20 -3 5 -5 7 -7 12 17 11 -11 14 15 -1 -14 -17 28 19 -19 -2 22 23 -22 -4 -15 27 -16 -10 -30
right_child=2 3 24 4 -6 6 -8 -9 9 10 -12 -13 13 25 26 16 -18 18 -20 -21 21 -23 -24 -25 -26 -27 -28 -29 29 -31
leaf_value=3.2379833595037117e-05 0 0 2.378555384310908e-06 0 0 -0.00041716746395779381 -2.3820925957226597e-06 0 0 -0.00033378100378861776 0 0 0 -5.239452910992341e-05 0 0 0.00013121919951304654 0 5.9861756214907361e-07 -0.00020195812416054748 4.8043929341718951e-05 0 0 0.00027794909169423287 -0.00018133645181085299 2.467402339362932e-05 0 -0.00025340943976191689 0.00035608197200404361 0
leaf_weight=152 105 303 250 57 102 95 90 23 24 98 363 39 227 312 31 124 538 224 3654 160 147 53 41 147 51 1294 124 87 41 34
leaf_count=152 105 303 250 57 102 95 90 23 24 98 363 39 227 312 31 124 538 224 3654 160 147 53 41 147 51 1294 124 87 41 34
internal_value=0 -4.55873e-06 4.75073e-05 -7.05779e-05 -0.000124324 -0.00017113 -0.0002216 -0.00034632 6.55114e-07 -1.14617e-05 -7.61343e-05 -0.000252489 2.18336e-05 3.28943e-05 -3.55117e-05 7.47905e-05 0.000102754 -2.43509e-06 -6.88139e-06 -9.10574e-05 9.40924e-05 0.000124424 0.000152859 0.000180053 -1.21933e-05 6.58634e-06 -9.88027e-05 -0.00018231 0.00012829 0.000204993
internal_weight=8990 8196 794 670 367 265 208 118 7526 4637 500 137 2889 2495 394 889 662 4137 4038 384 493 388 335 294 301 1606 242 118 99 75
internal_count=8990 8196 794 670 367 265 208 118 7526 4637 500 137 2889 2495 394 889 662 4137 4038 384 493 388 335 294 301 1606 242 118 99 75
is_linear=0
shrinkage=0.05


Tree=52
num_leaves=31
num_cat=0
split_feature=207 245 238 15 351 19 76 208 76 217 212 85 234 88 72 322 340 313 12 6 47 281 191 5 35 337 369 317 64 255
split_gain=0.000753198 0.00257789 0.00161624 0.00151942 0.000919088 0.00140801 0.00121804 0.00105349 0.00111869 0.000904004 0.000896856 0.000861597 0.000815134 0.000787747 0.000777902 0.0009554 0.000752763 0.000687467 0.000630117 0.00115426 0.000624588 0.000656469 0.000600346 0.000599043 0.000516286 0.000716537 0.000479544 0.000719134 0.000456696 0.000432545
threshold=-1.4010088243209271 -2.0834333003539762 -0.83183764879322408 0.125239575902621 -1.7404821713765457 3.3306150436401372 -10.28853404521942 0.14858321173250877 -1.3817821343739827 -1.4238787786966307 -1.9416977158053994 2.8328849474589037 0.45376800504173131 -1.0970155000686643 -0.39632699886957795 0.40085311730702727 -0.44126844406127913 -1.4659328638609141 0.50080104296406114 1.5121281941731772 1.0070306857426963 -0.6749884144035001 0.21235194111904568 1.2420872847239177 0.74998577435811375 -0.17995976850090326 1.3885038569903865 -2.0656420445024497 0.22862087686856589 -1.5018089093637512
decision_type=10 10 10 2 10 2 2 10 2 10 10 2 10 2 2 10 10 10 2 2 2 10 10 2 2 10 2 10 2 10
left_child=2 3 -1 10 5 6 13 11 24 -4 -2 20 -11 -3 -13 -16 -12 -5 23 -20 21 -6 -22 -10 25 -9 29 -28 -19 -8
right_child=1 4 9 17 7 -7 26 8 18 12 16 14 -14 -15 15 -17 -18 28 19 -21 22 -23 -24 -25 -26 -27 27 -29 -30 -31
leaf_value=-3.101474631642811e-06 0 0 0 -9.5885509840733997e-05 -3.9313004358169751e-06 -0.00043789108087930731 0.00016467694705267675 -0.00026242391062805643 -2.4407736007816002e-05 -0.0003104796136555971 0.00050921835640898563 0 0 -0.00029284041472993995 0.00023336295341193675 0 0 0.00032293172553181647 -0.00017337552401330302 0 -0.00017472612938676481 4.0912159296099244e-05 0 1.8315868534644172e-05 0 0 -0.00031463837516904449 0 0 0
leaf_weight=710 27 20 34 49 1147 27 55 93 1288 104 56 46 36 64 145 99 28 23 150 177 79 1817 53 2188 119 48 26 46 25 211
leaf_count=710 27 20 34 49 1147 27 55 93 1288 104 56 46 36 64 145 99 28 23 150 177 79 1817 53 2188 119 48 26 46 25 211
internal_value=0 4.70715e-06 -4.38941e-05 0.000178416 0 -6.93326e-05 -3.38081e-05 4.31803e-06 -1.20238e-05 -0.00018153 0.000306293 2.54036e-05 -0.000238918 -0.000204804 0.000110912 0.000150288 0.000388065 0 -3.79331e-06 -7.05096e-05 1.57759e-05 2.18724e-05 -8.31804e-05 1.04639e-06 -0.000113139 -0.000180952 0 -0.00010441 0.000162314 3.93897e-05
internal_weight=8990 8106 884 208 7898 449 422 7449 4063 174 111 3386 140 84 290 244 84 97 3803 327 3096 2964 132 3476 260 141 338 72 48 266
internal_count=8990 8106 884 208 7898 449 422 7449 4063 174 111 3386 140 84 290 244 84 97 3803 327 3096 2964 132 3476 260 141 338 72 48 266
is_linear=0
shrinkage=0.05


Tree=53
num_leaves=31
num_cat=0
split_feature=238 61 5 246 357 230 47 205 56 239 67 238 19 249 232 50 200 231 41 370 194 255 333 370 279 235 228 208 12 199
split_gain=0.000731821 0.00141359 0.00117323 0.000898448 0.00208336 0.00119185 0.00092831 0.00111961 0.000819742 0.000788649 0.000784401 0.000720572 0.00169755 0.00105376 0.00100902 0.001387 0.000773947 0.000664984 0.0011341 0.000708861 0.000639847 0.000619766 0.00108682 0.00139342 0.000881507 0.000861803 0.000691169 0.000947895 0.000689273 0.000657042
threshold=0.52741400557960605 0.297510822614034 1.6388318538665774 -0.45033784987743658 -1.0329321604515849 0.64689219429155453 0.93363070487976085 -1.8395984336198274 0.42588482300440472 -1.8673761336334922 1.0349118312199912 -2.3220423156799246 -13.292779286702475 -2.3086735533658191 -1.8840549902424233 -15.139360427856444 -1.3320888309462624 -0.3909888094428659 -1.4417407512664793 1.0827147262981447 -1.0752788153467587 2.095067678050595 2.1298125819034297 0.49749824953199956 1.0091564292139352 0.52208261519763943 0.59701074101723084 0.42262772485794425 0.88278023401896166 1.5325470607304297
decision_type=8 2 2 10 10 10 2 10 2 10 2 10 2 8 10 2 10 10 2 2 10 8 10 2 10 10 10 10 2 10
left_child=1 11 10 4 -3 -5 7 -6 -7 -9 -2 13 16 -1 -15 -16 -13 18 -14 -20 -18 24 23 -23 -4 28 -27 -28 -26 -25
right_child=2 3 21 5 6 8 -8 9 -10 -11 -12 12 17 14 15 -17 20 -19 19 -21 -22 22 -24 29 25 26 27 -29 -30 -31
leaf_value=0 -0.0002414214151730927 -4.4431209901325456e-07 -1.1689262880022047e-05 0 0 0 0 0 0.00017812150771101803 0.00039761008147276274 -4.7453908652362074e-05 0 2.1100723177580839e-05 0 0.0005327970622148664 0 -0.00045120889535191639 1.6953051337985392e-05 -6.7440746693873716e-05 0 0 0 2.1585845399908463e-06 -0.00035371168537339155 0 -1.6423386507579955e-05 0.0004273442533179085 8.2419249193600716e-05 -0.00026413524060392343 0
leaf_weight=92 78 93 994 696 20 56 27 20 181 113 730 20 899 28 36 47 39 2323 1145 443 30 68 151 73 87 40 32 382 26 21
leaf_count=92 78 93 994 696 20 56 27 20 181 113 730 20 899 28 36 47 39 2323 1145 443 30 68 151 73 87 40 32 382 26 21
internal_value=0 9.14484e-06 -2.20329e-05 5.7957e-05 0.000142948 2.7717e-05 0.000244756 0.000292624 0.000124861 0.000345724 -7.23934e-05 -1.41419e-06 -6.1997e-06 8.94023e-05 0.000195764 0.000285643 -0.000222874 -1.14651e-06 -2.00629e-05 -4.65148e-05 -0.000303399 0 -6.45148e-05 -0.000157469 1.25593e-05 6.38805e-05 9.81096e-05 0.000121251 -2.93982e-05 -0.000282374
internal_weight=8990 6308 2682 1206 273 933 180 153 237 133 808 5102 4899 203 111 83 89 4810 2487 1588 69 1874 313 162 1561 567 454 414 113 94
internal_count=8990 6308 2682 1206 273 933 180 153 237 133 808 5102 4899 203 111 83 89 4810 2487 1588 69 1874 313 162 1561 567 454 414 113 94
is_linear=0
shrinkage=0.05


Tree=54
num_leaves=31
num_cat=0
split_feature=375 273 67 337 23 249 57 61 76 238 85 286 67 305 38 195 92 228 330 275 235 243 314 358 351 6 90 201 78 41
split_gain=0.000697141 0.000969901 0.00167984 0.00126059 0.00102017 0.000784386 0.000898422 0.00137818 0.000692084 0.00202805 0.00123176 0.00114401 0.00106167 0.000813231 0.000671504 0.000621856 0.000605364 0.000618443 0.000623354 0.00068949 0.000602148 0.00101765 0.000674589 0.000723556 0.000597597 0.00112883 0.000596133 0.000785009 0.000541104 0.000531064
threshold=-0.12593562649078166 1.6025379188128555 2.1503570079803471 1.2677448185318634 0.036511191477378156 -1.2952346107709274 -0.37283653020858759 0.81885894139607751 -7.3189105987548819 -2.3220423156799246 -13.637351393699644 -0.044033888106544843 -1.6134720643361409 -1.3352481468761168 -1.1483222246170042 1.114603964206869 0.00066132575739170018 -0.44426487075923971 1.3327977856000268 0.055928217302258061 0.48389533135332102 2.4691091739126909 4.1176241573053325 1.0169874368770042 1.5592689514160167 0.79844137032826745 1.097290635108948 -0.16191882978532912 0.14557642241319022 -0.49883397420247394
decision_type=2 10 2 10 2 10 2 2 2 10 2 10 2 10 2 10 2 10 8 10 10 10 10 10 10 2 2 10 2 2
left_child=5 2 8 15 20 14 7 -7 9 13 -11 -12 -10 -2 -1 26 -8 28 19 -19 -3 22 23 -22 -14 -26 27 -4 -18 -30
right_child=1 4 3 -5 -6 6 16 -9 12 10 11 -13 24 -15 -16 -17 17 18 -20 -21 21 -23 -24 -25 25 -27 -28 -29 29 -31
leaf_value=0 0.00039150517584663229 0 0 0 -1.713881412137784e-05 1.4095870660275485e-05 7.8593898840806484e-05 0.00042223550273653938 0.00029271843029377785 -0.00047478652768857582 0 -0.00017937521829996272 2.9385894154776422e-06 0 -0.00013599174381729453 0 0 0 -2.2851401749576276e-05 7.1099087287733158e-05 0 0 0 0.0003210652617884454 -0.00025846065911874853 0 0 -0.00024352821693961191 0 -0.00019417535291958577
leaf_weight=153 27 139 87 368 218 111 392 39 31 26 267 149 3945 29 134 80 170 551 454 756 39 36 31 111 64 72 92 234 91 94
leaf_count=153 27 139 87 368 218 111 392 39 31 26 267 149 3945 29 134 80 170 551 454 756 39 36 31 111 64 72 92 234 91 94
internal_value=0 -9.91235e-06 -1.70873e-05 -8.15351e-05 4.97562e-05 1.9751e-05 2.94706e-05 0.000153734 -3.9644e-06 -5.99818e-05 -0.000103561 -6.82346e-05 1.60517e-06 0.000194428 -5.28285e-05 -0.000134166 2.00392e-05 6.82562e-06 2.1007e-05 4.00675e-05 0.000104754 0.000157903 0.000209614 0.000253472 0 -0.000103571 -0.000158902 -0.00019268 -4.94274e-05 -0.000109522
internal_weight=8990 6045 5471 861 574 2945 2658 150 4610 498 442 416 4112 56 287 493 2508 2116 1761 1307 356 217 181 150 4081 136 413 321 355 185
internal_count=8990 6045 5471 861 574 2945 2658 150 4610 498 442 416 4112 56 287 493 2508 2116 1761 1307 356 217 181 150 4081 136 413 321 355 185
is_linear=0
shrinkage=0.05


Tree=55
num_leaves=31
num_cat=0
split_feature=48 33 243 236 30 340 273 10 12 231 25 334 208 273 291 273 66 246 325 19 236 42 59 337 49 52 348 188 356 284
split_gain=0.000716815 0.00105439 0.000843023 0.000941649 0.000946699 0.000824245 0.000689863 0.000803824 0.000768779 0.00144565 0.00105767 0.00106062 0.00104146 0.000771981 0.00109367 0.00117823 0.000701692 0.000690523 0.00059874 0.000596439 0.000579543 0.000552925 0.000517134 0.000474217 0.000899698 0.000467426 0.000438301 0.000414529 0.000290365 0.000289185
threshold=14.048549652099611 -0.69748353958129872 1.6290024789977755 0.89962751438098709 0.10384798049926756 -0.11873588959376014 2.1771997877334583 0.86626573403676366 0.53687880436579394 -1.2385725658144273 1.0000000180025095e-35 0.42965129436834221 0.21454789548852823 -2.2451525405496757 -2.8868662069241204 -2.8035641707313825 -12.336072921752928 -1.5352610107511497 1.3014300701518857 2.0486706097920737 -1.4463184416492416 0.014566481579095103 -7.6707909901936846 1.3877954976738303 2.6678536732991538 0.58082693815231334 8.3051957686742153 0.7765128430867263 -2.2646610452943547 0.41014954975495738
decision_type=2 2 8 8 2 10 10 2 2 10 2 10 10 10 10 10 2 10 10 2 10 2 2 10 2 2 10 8 10 8
left_child=2 19 6 4 -4 -6 8 23 13 22 11 -11 -12 14 15 -1 17 -15 21 -2 -18 -7 -10 24 -8 -24 -21 -5 -16 -29
right_child=1 -3 3 27 5 18 7 -9 9 10 12 -13 -14 16 28 -17 20 -19 -20 26 -22 -23 25 -25 -26 -27 -28 29 -30 -31
leaf_value=0 0 0 0 0.00011147260390839523 0 -0.00026438951574948275 0 0 0 -0.00030575954239243832 1.9265700888822755e-05 0 -0.00012438618815184636 0.00014327748929177125 -8.3156500345453317e-05 -0.00024341714516919294 -4.4481394189941149e-05 1.3300039018888125e-06 0 0.00040610690699749788 8.1198553287229127e-06 0 0.00033013088240188316 0 0.000452526559438981 0 0 -5.5918587342456039e-05 7.2293477779872259e-05 2.3864564825942308e-05
leaf_weight=22 21 203 139 70 20 169 20 140 30 97 236 39 195 188 33 123 564 302 37 42 5660 33 33 24 35 22 38 267 95 93
leaf_count=22 21 203 139 70 20 169 20 140 30 97 236 39 195 188 33 123 564 302 37 42 5660 33 33 24 35 22 38 267 95 93
internal_value=0 7.5216e-05 -2.87122e-06 -5.10694e-05 -0.000106483 -0.00016296 1.57173e-06 8.92036e-05 -2.87162e-07 -5.2779e-05 -8.6921e-05 -0.000217294 -3.41432e-05 3.89626e-06 -7.68802e-05 -0.000173112 7.92653e-06 6.60116e-05 -0.000193379 0.000207581 2.54932e-06 -0.000227262 0.000116048 0.000217822 0.000299381 0.000210387 0.00027019 0 0 -2.1422e-05
internal_weight=8990 304 8686 828 398 259 7858 219 7639 652 567 136 431 6987 273 145 6714 490 239 101 6224 202 85 79 55 55 80 430 128 360
internal_count=8990 304 8686 828 398 259 7858 219 7639 652 567 136 431 6987 273 145 6714 490 239 101 6224 202 85 79 55 55 80 430 128 360
is_linear=0
shrinkage=0.05


Tree=56
num_leaves=31
num_cat=0
split_feature=50 91 195 300 364 243 358 207 326 229 290 308 85 324 193 58 307 252 48 278 50 361 209 19 7 360 91 267 29 80
split_gain=0.00066435 0.00134103 0.00120369 0.000721291 0.000651054 0.000633332 0.00119563 0.00109629 0.0016156 0.0009571 0.000742846 0.000757609 0.000700353 0.00100414 0.000929057 0.000746129 0.000692151 0.000602956 0.000830027 0.000573873 0.000553751 0.00110655 0.000736583 0.000707903 0.000773734 0.000705191 0.000961212 0.000584715 0.000513098 0.000512053
threshold=-0.90287669499715151 -1.1160397926966346 0.32968407580540621 -2.1165093580881749 0.67180546460553781 -1.4749700612774244 -2.0250956171796339 -1.4010088243209271 -2.5813739498456303 -1.0479910318124481 -3.7813088099161782 -0.42125375645956109 -3.9708178838094073 -0.65323045849800099 -0.87818786916548219 -2.419026136398315 -0.54422676699311512 -0.11740366136030389 -7.8811699549357082 -0.89909090870793029 7.7888151804606123 0.4713940753840139 0.23225909001851758 6.3749748865763349 3.3850905100504565 3.3869696775802054 7.3946339289347334 1.3563282072903353 1.3186538616816206 -1.400498787562052
decision_type=2 2 10 8 10 10 10 10 10 10 10 10 2 10 10 2 10 10 2 10 2 10 10 2 2 10 2 10 2 2
left_child=2 -2 5 -3 29 7 9 -1 19 -7 -11 -12 13 -8 -15 -14 -17 18 -10 -9 23 22 -22 -5 -25 26 -23 -24 -27 -4
right_child=1 3 4 20 -6 6 12 8 17 10 11 -13 15 14 -16 16 -18 -19 -20 -21 21 25 27 24 -26 28 -28 -29 -30 -31
leaf_value=-7.4739538758898047e-07 -8.1426993691167574e-05 -0.00010412924254402559 0 3.3978973714070832e-06 0 0 2.2455316924442284e-05 5.6702380349700588e-05 -9.8822755328182863e-06 0 -0.00025610819705820136 0 0.00025087829142281324 0 -0.00023361297423157786 4.4928788829837307e-05 -1.5609960648199541e-05 -0.0001177668659575002 0.00014467421131162715 0.000534231277686344 0 -1.0583632950684432e-05 -0.00029411581393506096 1.244165621097965e-05 0.00024478120278068256 -0.0002535739234661776 0.00013446688423526844 0 0 0.00017856289484047711
leaf_weight=340 604 166 26 3492 68 229 124 45 74 78 136 27 39 72 104 1008 728 33 163 33 67 534 81 200 68 46 134 28 30 213
leaf_count=340 604 166 26 3492 68 229 124 45 74 78 136 27 39 72 104 1008 728 33 163 33 67 534 81 200 68 46 134 28 30 213
internal_value=0 -1.10019e-05 1.6817e-05 -1.19098e-06 0.000112502 6.18123e-06 -3.52348e-06 4.93419e-05 0.00011263 -7.69431e-05 -0.000146518 -0.000207655 1.06999e-05 -5.5092e-05 -0.000138102 2.46389e-05 1.66621e-05 3.31951e-05 7.53441e-05 0.00032318 1.39405e-06 -3.20625e-05 -0.000145191 1.09106e-05 9.01126e-05 0 1.10452e-05 -0.000225621 -0.000148646 0.000151867
internal_weight=8990 5450 3540 4846 307 3233 2545 688 348 470 241 163 2075 300 176 1775 1736 270 237 78 4680 920 176 3760 268 744 668 109 76 239
internal_count=8990 5450 3540 4846 307 3233 2545 688 348 470 241 163 2075 300 176 1775 1736 270 237 78 4680 920 176 3760 268 744 668 109 76 239
is_linear=0
shrinkage=0.05


Tree=57
num_leaves=31
num_cat=0
split_feature=375 67 328 85 208 50 91 335 30 332 343 310 373 42 360 301 44 58 333 341 298 336 90 220 252 359 68 40 246 68
split_gain=0.000645817 0.000840922 0.00178202 0.000825831 0.00145403 0.00115219 0.000772059 0.000813217 0.000727687 0.000849833 0.000651754 0.000885518 0.00086198 0.000643598 0.000623499 0.000616316 0.000612311 0.000580617 0.000559974 0.000766499 0.000759511 0.000535909 0.000618486 0.000524671 0.000673407 0.00100502 0.000611791 0.000520681 0.00121241 0.00071345
threshold=-0.12593562649078166 2.5053176085154218 0.49443117777506523 -2.3628834088643385 -1.2749491852752739 -4.4691100120544425 3.827489217122396 0.94264410825870903 -3.8162023226420079 0.63778518221330061 -0.6615163286526996 -1.5778817235430556 0.17624681560270175 0.014566215996940902 3.3869696775802054 0.61274604002634703 3.2474380731582646 -0.31055589516957588 -2.3224151051229263 -2.6629739105701433 -0.062937863481541331 1.4106498450398426 1.3590397834777834 -0.050297488088812042 -0.91585898378685937 -1.8552524225672482 -0.042860753834247541 -1.3491138617197669 -0.30425493228899597 0.71801507472991954
decision_type=2 2 10 2 10 2 2 10 2 10 8 10 2 2 10 10 2 2 10 10 10 10 2 10 10 10 2 2 10 2
left_child=27 3 16 4 23 18 -4 -8 -6 13 11 -7 -13 -10 15 -9 21 -12 -5 -20 -21 22 -3 24 26 -26 -2 -1 29 -29
right_child=1 2 6 5 8 10 7 14 9 -11 17 12 -14 -15 -16 -17 -18 -19 19 20 -22 -23 -24 -25 25 -27 -28 28 -30 -31
leaf_value=-6.6576411014757042e-06 0.00011713900940010197 -0.00016127288013297251 -7.6295022117808982e-05 0 0 4.4417378496051441e-05 -5.8794888987337913e-05 0.00022703919773966715 -5.7126175219856746e-05 9.6473171448846305e-07 0.00010620723323153635 0 -0.00010884533636176542 -0.00023615626935741824 0 0 0 1.2370503033870636e-06 -2.8769387258625268e-05 0.00019546103017598041 2.5355179092278947e-05 -0.0003897080674498151 0 0.00016601000651772954 -0.00024211665010485627 0 -1.5940225145781796e-05 0.00015757517090056277 1.1750872226386297e-05 0
leaf_weight=976 146 155 143 114 97 194 41 118 202 33 146 370 459 186 23 32 43 2688 43 211 212 49 49 50 63 92 86 279 1591 99
leaf_count=976 146 155 143 114 97 194 41 118 202 33 146 370 459 186 23 32 43 2688 43 211 212 49 49 50 63 92 86 279 1591 99
internal_value=0 -9.43294e-06 -6.33267e-05 -1.97778e-06 -4.48302e-05 6.11952e-06 0 7.15861e-05 -0.000102897 -0.000131707 -2.51943e-06 -3.76893e-05 -6.29373e-05 -0.000155872 0.000131387 0.000174047 -0.000154568 8.41261e-06 7.21782e-05 9.74033e-05 0.000122051 -0.000184386 -0.000110404 1.25683e-05 0 -8.746e-05 4.62799e-05 1.91199e-05 3.44364e-05 0.000116667
internal_weight=8990 6045 653 5392 955 4437 357 214 518 421 3857 1023 829 388 173 150 296 2834 580 466 423 253 204 437 387 155 232 2945 1969 378
internal_count=8990 6045 653 5392 955 4437 357 214 518 421 3857 1023 829 388 173 150 296 2834 580 466 423 253 204 437 387 155 232 2945 1969 378
is_linear=0
shrinkage=0.05


Tree=58
num_leaves=31
num_cat=0
split_feature=238 207 236 85 58 256 19 61 235 91 73 347 243 242 46 236 21 249 73 274 12 297 228 27 351 30 247 86 283 61
split_gain=0.000662758 0.000991464 0.000902342 0.000847225 0.000839793 0.000624495 0.000693105 0.000622639 0.00102756 0.000573606 0.00117665 0.00102779 0.000888748 0.000759395 0.000845841 0.000707663 0.000697864 0.000677019 0.000668323 0.00112928 0.00064192 0.000613988 0.000546185 0.000865612 0.000531267 0.000479789 0.000479622 0.000613465 0.00038485 0.000375938
threshold=1.6068396110280514 1.3984593645294845 1.0361016049376148 9.7308291594187448 -0.31055589516957588 -0.12661526439849938 2.4734364350636806 5.25823481877645 0.59385896353309608 -1.3485927581787107 -7.9688129425048819 -1.6877604722976682 -0.78090667474364706 0.31392850342548556 0.13002105057239532 -0.78432253669253504 1.1829587221145632 -1.760154678722557 0.068774153788884462 0.13901772741342946 0.45118705431620282 -0.51293808221817005 2.3028020950681789 5.0108793576558446 2.6190169552961988 -1.5924854278564451 1.9006996225186878 2.49065113067627 0.12808139125506071 1.3154697020848596
decision_type=8 8 10 2 2 10 2 2 10 2 2 10 10 10 2 10 2 10 2 10 2 10 8 2 10 2 10 2 10 2
left_child=2 3 7 26 5 -4 -7 9 -9 12 11 16 13 17 -15 21 -11 -1 19 -12 -20 -14 28 -24 -6 -17 27 -2 -3 -26
right_child=1 22 4 -5 24 6 -8 8 -10 10 18 -13 15 14 -16 25 -18 -19 20 -21 -22 -23 23 -25 29 -27 -28 -29 -30 -31
leaf_value=-3.2313106291257744e-05 -0.00027067046092669724 0 0.0004235542109334134 0 7.6380263136984333e-06 0 0.00023721355970678472 -0.00039170076572284709 0 0.00053812642876144453 6.8067971752944865e-06 0 0 -0.00027825952576088236 0 2.4014655382043131e-05 0 5.1120722204374251e-05 0 0.00012118250660517255 -8.2501808339354587e-05 -0.00011059814258973195 0 -0.00035369922624960305 0 -5.0099750706231359e-05 0 0 9.4890475712290436e-05 0.00020503639580844152
leaf_weight=278 121 114 29 24 912 50 33 27 47 26 1152 21 83 45 25 373 21 776 2854 304 253 519 162 25 28 416 34 20 150 68
leaf_count=278 121 114 29 24 912 50 33 27 47 26 1152 21 83 45 25 373 21 776 2854 304 253 519 162 25 28 416 34 20 150 68
internal_value=0 -4.87129e-05 3.70112e-06 -0.000142118 4.56839e-05 0.000183849 3.95193e-05 -2.11947e-06 -0.000146439 0 9.80634e-06 0.000218253 -1.98266e-05 9.663e-06 -0.000140176 -4.72489e-05 0.000351321 2.43701e-05 5.5995e-06 3.4128e-05 -6.16093e-06 -8.94226e-05 0 -7.22272e-05 2.53556e-05 -8.72721e-06 -0.000187249 -0.000228054 3.83987e-05 0.000141461
internal_weight=8990 650 8340 199 1120 112 83 7220 74 7146 4631 68 2515 1124 70 1391 47 1054 4563 1456 3107 602 451 187 1008 789 175 141 264 96
internal_count=8990 650 8340 199 1120 112 83 7220 74 7146 4631 68 2515 1124 70 1391 47 1054 4563 1456 3107 602 451 187 1008 789 175 141 264 96
is_linear=0
shrinkage=0.05


Tree=59
num_leaves=31
num_cat=0
split_feature=255 85 333 248 199 50 91 0 279 226 67 249 343 217 260 355 223 72 209 65 18 189 79 344 41 19 63 269 62 340
split_gain=0.00062657 0.000947841 0.000884403 0.000823004 0.000750471 0.000654513 0.000610944 0.001276 0.00071192 0.000672044 0.000622025 0.000633586 0.000598387 0.00109318 0.00074143 0.000612868 0.000548351 0.000492667 0.000509075 0.000435852 0.000434369 0.000416979 0.00105675 0.000316875 0.000313077 0.00024801 0.000352424 0.000169419 0.000116672 0.000201116
threshold=2.036126177864555 8.1712067921956386 2.3062443693087515 0.71598764835177942 1.5325470607304297 12.721637090047201 6.4654585520426435 0.88116753101348888 1.1607271716492746 1.085042669197295 2.1503570079803471 -0.67504776969036129 0.71504694223403953 0.72401722368595256 1.0747358786972463 2.4583478608135145 -0.61743173309489185 1.6095445156097414 1.5626056059735811 4.6684538523356123 3.8310092290242515 0.19425250102973882 0.74845429261525476 4.5006888707478856 1.5531365076700847 6.3749748865763349 4.2417120933532724 0.33154658901861661 3.0362207094828291 0.24561983843644458
decision_type=8 2 8 10 10 2 2 2 10 10 2 10 10 10 10 10 10 2 10 2 2 10 2 10 2 2 2 10 2 10
left_child=1 5 3 -2 19 6 8 -8 10 27 11 -1 21 -14 24 23 -12 18 -7 28 -11 -3 -23 -16 -15 -4 -27 -10 29 -5
right_child=2 12 25 4 -6 17 7 -9 9 20 16 -13 13 14 15 -17 -18 -19 -20 -21 -22 22 -24 -25 -26 26 -28 -29 -30 -31
leaf_value=-1.5377729762897039e-05 0 0.00012427643410446588 -2.2830785845838645e-05 0 0 -0.00026162525951235131 -0.00041402298884618359 0 -4.2175556361194781e-05 0.00014833297868223848 -0.0001417825855642716 1.7382206228209284e-05 0.00030954699892145831 -0.00023272367253819503 0.00029778725083667808 0 -1.6931927853172859e-05 0 0 -0.00038963097523555076 0 -0.00038982799602119351 0 0 0 0.0001521419924293826 0 3.2688835763473296e-05 0 -0.00019936530523380613
leaf_weight=2162 85 21 122 20 52 60 27 22 113 211 122 4155 69 22 43 38 1007 54 23 56 69 22 22 21 25 62 31 208 21 25
leaf_count=2162 85 21 122 20 52 60 27 22 113 211 122 4155 69 22 43 38 1007 54 23 56 69 22 22 21 25 62 31 208 21 25
internal_value=0 3.08235e-06 -5.59762e-05 -0.000119444 -0.000181797 0 1.82368e-06 -0.000172164 3.5066e-06 5.59061e-05 -5.1998e-08 5.37851e-06 9.30376e-05 0.000134517 1.9775e-05 0.000121113 -3.4863e-05 -0.000108345 -0.0001849 -0.000249983 0.000112719 0 -0.00012747 0.000217409 -9.37823e-05 0 7.73056e-05 0 -5.54405e-05 -0.000104748
internal_weight=8990 8516 474 259 174 8233 8096 49 8047 601 7446 6317 283 218 149 102 1129 137 83 122 280 65 44 64 47 215 93 321 66 45
internal_count=8990 8516 474 259 174 8233 8096 49 8047 601 7446 6317 283 218 149 102 1129 137 83 122 280 65 44 64 47 215 93 321 66 45
is_linear=0
shrinkage=0.05


Tree=60
num_leaves=31
num_cat=0
split_feature=48 208 364 372 341 249 216 76 201 357 357 78 301 13 64 249 71 20 78 70 351 12 31 85 246 334 264 249 370 43
split_gain=0.000608402 0.000778544 0.00122716 0.00139938 0.00113766 0.000926176 0.00106299 0.000900978 0.00082013 0.00156572 0.00090846 0.00112005 0.000787833 0.000783073 0.000721351 0.001169 0.000718264 0.00113665 0.000787879 0.000673059 0.000632852 0.000633503 0.000936385 0.000669469 0.000554997 0.00054997 0.000505562 0.000490194 0.000551092 0.000559083
threshold=-17.046490987141926 -0.39832267544838945 -0.15912379310553243 -0.3800533893750096 0.085352659225463867 -0.67504776969036129 1.4150888722215502 -1.1073537891109781 -0.52251606084722946 -1.0732835817011754 -2.1847864798468941 0.021703397234280854 -0.17433927953243242 -0.0049762508521476994 -1.5501469771067298 -0.17100286779928384 -1.411158720652262 -1.8558111588160193 0.15413378675778708 0.29677870869636541 -1.7404821713765457 0.50080104296406114 1.1082611083984377 9.7308291594187448 -2.1664137070710292 -1.3706826520298405 0.36478053427538321 0.079369671153039403 1.3592249186765741 -1.1619113485018409
decision_type=2 8 10 2 10 10 10 2 10 10 10 2 10 2 2 10 2 2 2 2 8 2 2 2 10 10 10 10 2 2
left_child=25 2 8 4 -4 -5 12 27 14 10 -10 -12 -7 -9 15 24 18 -18 -11 -16 -15 23 -23 -22 -2 -1 -6 28 29 -3
right_child=1 7 3 5 26 6 -8 13 9 16 11 -13 -14 20 19 -17 17 -19 -20 -21 21 22 -24 -25 -26 -27 -28 -29 -30 -31
leaf_value=0 0.00011453725610530133 -0.0001417377202600558 6.8893494048713756e-05 0 -0.00032711719337848714 0 0 5.946381537817486e-05 0 0 -7.9253931472213104e-06 -0.00027195494303463072 0.00025361603266650331 -0.00025016018980985152 0 0.00023335100430823849 0.00021363273291032702 0 -0.00031341510943851928 -0.00021547075474604642 -1.9021403395846068e-06 -0.00014807218770443204 0 9.3195313046053562e-05 4.0911879168487292e-06 -0.00020698228240545355 0 0 0 -2.6354617105244264e-05
leaf_weight=77 172 319 65 104 36 33 34 506 167 56 121 128 232 27 491 95 92 332 27 37 3758 181 239 192 687 67 22 202 134 357
leaf_count=77 172 319 65 104 36 33 34 506 167 56 121 128 232 27 491 95 92 332 27 37 3758 181 239 192 687 67 22 202 134 357
internal_value=0 1.55005e-06 2.30875e-05 9.30161e-05 -2.27727e-05 0.000140757 0.000185588 -8.27709e-06 5.71116e-06 -2.85918e-05 -0.000102955 -0.000163778 0.000221099 0 3.04494e-05 5.73468e-05 2.25725e-05 5.66645e-05 -9.12745e-05 -8.68323e-06 -6.18378e-06 -3.52655e-06 -6.22846e-05 1.45677e-06 3.20369e-05 -0.000102018 -0.000211502 -5.12437e-05 -6.92348e-05 -8.82114e-05
internal_weight=8990 8846 2931 526 123 403 299 5915 2405 923 416 249 265 4903 1482 954 507 424 83 528 4397 4370 420 3950 859 144 58 1012 810 676
internal_count=8990 8846 2931 526 123 403 299 5915 2405 923 416 249 265 4903 1482 954 507 424 83 528 4397 4370 420 3950 859 144 58 1012 810 676
is_linear=0
shrinkage=0.05


Tree=61
num_leaves=31
num_cat=0
split_feature=238 307 212 189 46 67 312 3 27 199 275 249 361 293 67 37 273 225 201 338 306 88 39 93 335 249 38 368 327 60
split_gain=0.000600673 0.00125762 0.00105074 0.000924645 0.000910525 0.000867825 0.00129121 0.000719182 0.000903696 0.000676198 0.00110665 0.00109829 0.0011556 0.00103339 0.0010146 0.000598869 0.000572991 0.00066187 0.000586739 0.000564152 0.00055757 0.000520454 0.000598784 0.000488791 0.000458448 0.000606258 0.000439356 0.000434613 0.000475954 0.00043037
threshold=0.58450738114537404 2.0618725301397647 -0.27475099480450754 0.40059841990096673 0.50417516628901182 2.1503570079803471 -1.9743457156876001 2.2643930912017827 -0.26648298899332673 0.15335125329674634 -0.048305431812501042 -0.67504776969036129 -0.97665334970144657 -1.791838506857554 -1.0765222708384192 1.7739522457122805 0.21221394633867272 0.86577642175177449 0.65511576264592086 1.8852424996128616 4.1808747305188438 -0.10720954338709508 1.7289821306864421 0.7170320749282838 4.3390919072429766 2.4768212564304091 1.4095667203267417 0.5226476465610671 0.18056009709835052 2.1104415257771811
decision_type=8 8 8 10 2 2 10 2 2 10 8 10 10 10 2 2 10 8 10 10 10 2 2 2 10 10 2 2 10 2
left_child=1 3 4 5 7 9 -7 8 -2 11 13 12 -1 -11 -13 19 17 -4 23 29 26 -8 -23 -18 -20 -26 -3 -25 -29 -5
right_child=2 20 16 15 -6 6 21 -9 -10 10 -12 14 -14 -15 -16 -17 18 -19 24 -21 -22 22 -24 27 25 -27 -28 28 -30 -31
leaf_value=5.0376194764977587e-06 0 0 -0.00013840445378918894 5.8274146741583211e-05 0 -0.00046296929796952024 3.2403176557614511e-05 0 -0.00030755776124481347 0 0 0.00021806334169614209 -7.5188351902901905e-05 -0.00017974807881239886 2.4291494048792767e-05 -6.9333995879976666e-06 -3.3828289993475968e-06 0 -3.4134890056756463e-06 -9.5592173953257041e-06 0 -0.00011328475192696201 2.0649244370383099e-05 0 -0.0002098840272067386 0 0.00016274454111514026 0 0.00012528215861385875 0.00021225143237527637
leaf_weight=1373 61 51 167 553 77 23 91 30 105 54 416 79 606 209 2090 207 232 158 1069 77 38 255 41 136 69 40 227 70 291 95
leaf_count=1373 61 51 167 553 77 23 91 30 105 54 416 79 606 209 2090 207 232 158 1069 77 38 255 41 136 69 40 227 70 291 95
internal_value=0 7.9086e-06 -2.09173e-05 2.09415e-06 -0.000114942 -5.21751e-06 -7.50864e-05 -0.000173226 -0.000215061 0 -4.5498e-05 8.28475e-06 -1.7005e-05 -0.000125931 3.36639e-05 4.85394e-05 -7.17234e-06 -6.89656e-05 7.40046e-07 7.12723e-05 0.000105565 -3.90037e-05 -7.78462e-05 3.8367e-05 -1.83024e-05 -0.000118356 0.000132962 6.7911e-05 9.67358e-05 8.85921e-05
internal_weight=8990 6485 2505 6169 273 5237 410 196 166 4827 679 4148 1979 263 2169 932 2232 325 1907 725 316 387 296 729 1178 109 278 497 361 648
internal_count=8990 6485 2505 6169 273 5237 410 196 166 4827 679 4148 1979 263 2169 932 2232 325 1907 725 316 387 296 729 1178 109 278 497 361 648
is_linear=0
shrinkage=0.05


Tree=62
num_leaves=31
num_cat=0
split_feature=375 50 273 67 85 353 23 235 335 249 57 235 256 54 306 38 92 264 326 37 238 65 192 50 268 55 67 337 248 376
split_gain=0.000610226 0.000771598 0.00105415 0.00109231 0.00112641 0.000935297 0.000917292 0.000894367 0.000675222 0.000640604 0.00072461 0.00110802 0.000604125 0.000601636 0.000635182 0.000593414 0.000533722 0.000545805 0.000702476 0.000546388 0.000527745 0.00137432 0.00161481 0.00097594 0.00159931 0.000593559 0.000521579 0.0011011 0.000515692 0.000475579
threshold=-0.12593562649078166 16.393929799397792 1.6025379188128555 2.1503570079803471 -0.35715478658676142 1.8738366872354546 0.036511191477378156 0.48389533135332102 2.0697765587810637 -1.2952346107709274 -0.37283653020858759 -0.67752026149071665 0.7071386193869118 0.00066154603458315009 0.31307267002992684 -1.1483222246170042 0.00066132575739170018 -0.13706140866528527 0.88749078909556067 -0.48479880889256793 -2.3220423156799246 -7.391495704650878 -0.21015122351719104 -17.490541607141491 -0.94977443757815505 -1.524924357732137 2.5462427934010825 1.2677448185318634 -0.76449728848962584 0.0017975623550879501
decision_type=2 2 10 2 2 10 2 10 10 10 2 10 10 2 10 2 2 10 10 2 8 2 10 2 10 2 2 10 10 2
left_child=9 2 3 20 12 8 7 -4 -3 15 11 -11 -5 -9 -15 -1 -12 19 29 28 23 22 -22 24 -2 -23 -6 -28 -18 -19
right_child=1 5 6 4 26 -7 -8 13 -10 10 16 -13 -14 14 -16 -17 17 18 -20 -21 21 25 -24 -25 -26 -27 27 -29 -30 -31
leaf_value=0 0 -0.00043499799989715353 0 -0.00025740061790285667 0 0 -2.3711750062388091e-06 0 0 0 7.3699090989442476e-05 0.00029823717235950045 0 0 0.00031487139172246467 -0.00012512806654909635 0 7.7073164346579598e-05 -1.3516242099724212e-05 1.7145727697805451e-07 -0.00020101067242380053 5.8007670132724664e-05 0.00014704950035480141 0 0.00059944091903231164 -6.6719635185603579e-06 -0.00017279588105965254 0 -0.00011871492654724525 0
leaf_weight=153 32 33 138 111 369 56 189 50 21 86 392 64 39 34 96 134 51 622 578 294 177 390 24 110 21 3847 156 152 230 341
leaf_count=153 32 33 138 111 369 56 189 50 21 86 392 64 39 34 96 134 51 622 578 294 177 390 24 110 21 3847 156 152 230 341
internal_value=0 -9.24514e-06 -5.92982e-06 -1.31347e-05 -6.63285e-05 -0.000142541 6.13336e-05 0.000114903 -0.000290809 1.85084e-05 2.73912e-05 0.000139748 -0.000197429 0.000189034 0.000247039 -4.63233e-05 1.86725e-05 6.11265e-06 2.35668e-05 -3.19663e-05 -2.48549e-06 -6.78083e-06 -0.000134536 8.37401e-05 0.000259783 0 -2.98718e-05 -7.86972e-05 -8.33662e-05 5.1015e-05
internal_weight=8990 6045 5935 5428 827 110 507 318 54 2945 2658 150 150 180 130 287 2508 2116 1541 575 4601 4438 201 163 53 4237 677 308 281 963
internal_count=8990 6045 5935 5428 827 110 507 318 54 2945 2658 150 150 180 130 287 2508 2116 1541 575 4601 4438 201 163 53 4237 677 308 281 963
is_linear=0
shrinkage=0.05


Tree=63
num_leaves=31
num_cat=0
split_feature=255 273 334 375 67 337 333 10 344 344 364 55 90 210 329 248 24 222 226 20 25 256 37 341 330 333 67 250 366 74
split_gain=0.000590155 0.00084245 0.000872582 0.000822309 0.000960325 0.000967972 0.000791006 0.000889944 0.000711646 0.000935305 0.00101773 0.00074364 0.000699928 0.00061816 0.000940058 0.000958512 0.000461159 0.000815198 0.000437194 0.000671499 0.00123256 0.00114389 0.000719427 0.000680307 0.000666077 0.000505035 0.000468527 0.000433359 0.000659027 0.000364972
threshold=2.036126177864555 1.6025379188128555 0.84743841140721043 -0.085782701068738823 2.5462427934010825 1.4439805987683398 2.3062443693087515 0.85812311371167527 -4.1551870505015049 -2.1849566896756487 -0.96301875178781859 -1.3642168839772539 1.3590397834777834 1.3796689589645899 1.040713965892792 0.27644997270950061 1.1174671451250717 0.34127489614306411 -1.4232738066245807 -1.757688204447428 -0.025063641369342797 -0.093320120525743025 -1.5145891507466631 0.11510233084360762 1.285094738006592 -2.1595485596032868 0.85711312294006359 -1.1504512084267067 0.016905762804872406 2.9219384193420415
decision_type=8 10 10 2 2 10 8 2 10 10 10 2 2 10 10 10 2 10 10 2 2 10 2 10 10 10 2 10 2 2
left_child=1 3 -3 18 8 12 7 -2 27 10 -10 -11 29 14 15 -4 17 -9 25 20 -20 -22 23 -21 -24 -1 -27 -5 -29 -6
right_child=6 2 13 4 5 -7 -8 16 9 11 -12 -13 -14 -15 -16 -17 -18 -19 19 22 21 -23 24 -25 -26 26 -28 28 -30 -31
leaf_value=2.2450433788960482e-05 0 0 0 0 -0.00028250326467505783 0 0 0 -0.00012508668451553166 6.8091025198156166e-05 0 -1.0531855971262716e-05 0 0 0 0.00028725929051490623 0 -0.00031068458404079184 0 -0.00012721254849042818 0.00035158708412587732 0 4.3109516043073843e-05 9.0787230560203226e-06 -2.3047352576865827e-05 -0.000208294865839137 0 0 0.00024704923564754596 0
leaf_weight=130 90 227 53 175 102 122 215 47 358 322 227 3553 48 83 34 129 31 91 108 154 72 39 1723 85 381 60 135 110 65 21
leaf_count=130 90 227 53 175 102 122 215 47 358 322 227 3553 48 83 34 129 31 91 108 154 72 39 1723 85 381 60 135 110 65 21
internal_value=0 2.97227e-06 6.43683e-05 -4.44553e-07 -1.31129e-05 -0.000102281 -5.43442e-05 -0.000114176 -6.63981e-06 -1.29578e-05 -7.23031e-05 -2.70667e-06 -0.000179064 0.000120753 0.000165327 0.000212937 -0.00018202 -0.000221172 2.02157e-05 2.81735e-05 0.000116456 0.000233411 1.77832e-05 -5.78455e-05 2.87527e-05 -2.71258e-05 -8.57991e-05 5.95687e-05 0.000115248 -0.000242449
internal_weight=8990 8516 526 7990 5103 293 474 259 4810 4460 585 3875 171 299 216 182 169 138 2887 2562 219 111 2343 239 2104 325 195 350 175 123
internal_count=8990 8516 526 7990 5103 293 474 259 4810 4460 585 3875 171 299 216 182 169 138 2887 2562 219 111 2343 239 2104 325 195 350 175 123
is_linear=0
shrinkage=0.05


Tree=64
num_leaves=31
num_cat=0
split_feature=208 0 227 32 31 73 34 237 249 238 31 287 218 64 56 209 319 71 85 35 211 267 211 59 359 273 248 217 191 208
split_gain=0.000567786 0.00109088 0.0010816 0.000651139 0.000629879 0.00158592 0.00093419 0.000883202 0.000761221 0.00115509 0.00077242 0.000709251 0.000703899 0.000667015 0.000654307 0.000678802 0.000663669 0.000599581 0.00084829 0.00107229 0.00050126 0.000924804 0.000665529 0.000540329 0.000467786 0.000707879 0.000538101 0.000486769 0.000447219 0.000561355
threshold=0.14858321173250877 0.50338880221048998 0.13118212359329948 0.96750267346700036 0.88301980495452892 -3.6750280062357579 0.49787716070810967 -1.1488570882625224 -1.5804914792231102 -2.3220423156799246 0.78315250078837095 -0.049318083251515897 0.91733074810353277 -1.0058851242065427 0.90640580654144298 1.0000000180025095e-35 -0.89414438671782237 -3.9281693299611402 -8.7119926015535984 0.53660130500793468 0.21915966435612136 0.71737827954544942 1.9805509565909662 -2.2212185859680171 1.9338914716506341 0.12509122980720652 -0.66493282720852631 1.1163389773282739 1.8137400390892118 1.9225086234180468
decision_type=8 2 10 2 2 2 2 10 10 10 2 10 10 2 2 10 10 2 2 2 10 10 10 2 10 10 10 10 10 10
left_child=1 4 3 20 8 6 -6 -8 17 13 12 -12 -11 -10 -7 -16 -17 -1 19 -19 -2 22 23 -22 25 -3 -27 -28 29 -4
right_child=2 24 28 -5 5 14 7 -9 9 10 11 -13 -14 -15 15 16 -18 18 -20 -21 21 -23 -24 -25 -26 26 27 -29 -30 -31
leaf_value=0.0001106152309388871 -3.9595860996425445e-05 0 0 0 -1.2581183897731092e-05 4.6990407422354482e-05 0 -0.00040323542593973427 0.0003473028089468898 1.375621654491079e-05 0 0.00014410607694851672 -9.806306693309222e-05 0 0 0 -0.00030496046950872954 -0.00030701851416072598 -1.8074835916142407e-05 0 0 0 0 -0.00028316421781144892 0 0 0.00022678972483913072 0 5.2974815820319108e-05 -7.2493175067578461e-05
leaf_weight=40 490 180 2556 213 104 319 20 59 44 2681 48 210 142 24 65 22 46 69 447 20 23 46 35 136 73 26 172 34 357 289
leaf_count=40 490 180 2556 213 104 319 20 59 44 2681 48 210 142 24 65 22 46 69 447 20 23 46 35 136 73 26 172 34 357 289
internal_value=0 1.15822e-05 -1.36251e-05 -6.06883e-05 2.4775e-06 -4.19527e-05 -0.000166609 -0.000305896 1.13947e-05 2.20925e-05 1.5839e-05 0.000100173 6.35721e-06 0.000231568 0 -8.36419e-05 -0.00019645 -3.84049e-05 -5.8871e-05 -0.000207401 -8.35895e-05 -0.000152531 -0.00020172 -0.000245153 8.31058e-05 0.000104727 0.000164616 0.000192469 0 -6.38275e-06
internal_weight=8990 4845 4145 943 4360 635 183 79 3725 3149 3081 258 2823 68 452 133 68 576 536 89 730 240 194 159 485 412 232 206 3202 2845
internal_count=8990 4845 4145 943 4360 635 183 79 3725 3149 3081 258 2823 68 452 133 68 576 536 89 730 240 194 159 485 412 232 206 3202 2845
is_linear=0
shrinkage=0.05


Tree=65
num_leaves=31
num_cat=0
split_feature=238 91 61 57 92 21 297 269 340 273 300 262 39 227 358 234 286 254 206 231 190 50 275 19 275 252 288 207 373 375
split_gain=0.000532833 0.00111473 0.00102111 0.000959399 0.000933455 0.000641654 0.000719025 0.000829276 0.00143351 0.00129614 0.00057862 0.000896075 0.000654601 0.00062456 0.000592251 0.00076883 0.000557402 0.000552332 0.000548088 0.000545858 0.000899101 0.000659337 0.0010705 0.000860969 0.000650793 0.000826004 0.00048472 0.000507708 0.000468603 0.000443722
threshold=-0.051672461018708794 -1.1160396138827002 0.34192727009455365 0.79127021630605088 0.28995586435000104 -1.7568926016489661 -0.15059204896291079 -0.98627294138689103 -0.1131499670445917 -0.27254624874382077 -2.1165093580881749 0.047661980211007711 -1.1755867799123128 -0.17279803933038371 1.4623213540524991 -0.048442021412132892 -0.029947316274046797 -0.84636605601791037 -0.3024523317885941 -0.3909888094428659 -0.56325788502634733 -14.580469290415442 -1.3737414570339861 -14.470666249593096 -0.31508703491108986 -0.97509366250244478 -0.59301123023033131 0.49818160659518046 0.12358137081331902 -0.17409486928578008
decision_type=8 2 2 2 2 2 10 10 10 10 10 10 2 8 10 10 10 10 8 10 10 2 10 2 10 10 10 10 2 2
left_child=2 -2 5 4 16 6 -1 -8 9 -9 26 13 14 -12 15 -13 28 -18 -15 20 21 22 -7 -23 25 -22 -3 -28 -4 -14
right_child=1 10 3 -5 -6 19 7 8 -10 -11 11 12 29 18 -16 -17 17 -19 -20 -21 24 23 -24 -25 -26 -27 27 -29 -30 -31
leaf_value=0 -8.2172177760261316e-05 0 0 0 0.00033266779251529713 0 0 -0.00042890095055261038 0 0 0 0 2.5418484863762634e-05 0 0 -0.0002761862578412008 -0.00014456473664075246 7.1765264425687741e-05 0.00014101608467042024 3.6166757254895859e-05 0 -0.00030132932497744825 0.00024051909317223034 6.2584973470453528e-06 0 -0.00015427116943274774 -0.00020580244828514495 0 0.00026841056790736194 -1.3863106226920473e-05
leaf_weight=175 505 43 32 267 65 96 43 65 47 22 136 36 993 67 23 68 45 85 252 1283 59 23 79 1403 222 240 93 22 46 2455
leaf_count=175 505 43 32 267 65 96 43 65 47 22 136 36 993 67 23 68 45 85 252 1283 59 23 79 1403 222 240 93 22 46 2455
internal_value=0 -1.16798e-05 1.26888e-05 7.73158e-05 0.000143542 2.06722e-06 -6.03094e-05 -0.000131838 -0.000195997 -0.000316685 -1.98406e-06 4.70135e-07 -6.68053e-06 6.76297e-05 -0.000118736 -0.000177303 6.02823e-05 0 0.000106847 9.98552e-06 -3.48894e-06 1.2528e-05 0.000104158 0 -6.22961e-05 -0.000110457 -9.61678e-05 -0.000152419 0.000165908 -1.0998e-06
internal_weight=8990 4693 4297 540 273 3757 352 177 134 87 4188 4030 3575 455 127 104 208 130 319 3405 2122 1601 175 1426 521 299 158 115 78 3448
internal_count=8990 4693 4297 540 273 3757 352 177 134 87 4188 4030 3575 455 127 104 208 130 319 3405 2122 1601 175 1426 521 299 158 115 78 3448
is_linear=0
shrinkage=0.05


Tree=66
num_leaves=31
num_cat=0
split_feature=246 364 197 247 213 46 80 261 219 325 252 76 311 16 76 13 375 15 245 33 2 284 61 246 91 250 334 12 375 345
split_gain=0.000511236 0.00136457 0.000886061 0.000927336 0.00106324 0.000806494 0.000742211 0.000723961 0.000699386 0.000625884 0.000744352 0.0011869 0.00146631 0.00162867 0.000590131 0.000842126 0.000851058 0.000736045 0.000562777 0.000562231 0.000525964 0.000916484 0.000467783 0.000651487 0.00105322 0.00101831 0.000459826 0.000451123 0.000835349 0.00044349
threshold=-0.25783428869991298 -0.15912379310553243 -1.1463919001901821 -0.72630821227362596 0.65669326944193074 0.51458346843719494 0.5914360284805299 0.06685468672518842 -0.043650597916068241 0.13200592994689944 -0.93310820768241221 -9.9275662551323531 -2.767850513755302 -2.2416968345642085 -1.1073537891109781 -0.0030442805339892499 0.7288289193297518 1.0422317981719973 -0.72955935142842343 0.26733686526616413 2.7466942469278979 0.14452335238456729 -1.6583778858184812 1.1703544048648742 0.77096847693125425 0.97944067850735173 -0.16871900544273141 0.047485694910089103 -0.27696594592006668 0.31314102808634442
decision_type=8 10 10 10 10 2 2 10 10 10 10 2 10 2 2 2 2 2 10 2 2 10 2 10 2 10 10 2 2 10
left_child=1 9 6 -4 7 14 -3 18 -8 10 -1 12 -12 -14 29 -16 20 26 -5 -11 21 -17 -7 24 -24 -26 -18 -13 -29 -2
right_child=5 2 3 4 -6 22 8 -9 -10 19 11 27 13 -15 15 16 17 -19 -20 -21 -22 -23 23 -25 25 -27 -28 28 -30 -31
leaf_value=2.2495462275927702e-05 -8.3777717813959904e-05 3.1657741326330629e-05 0 0.00035942280675091821 0 -3.6012254635409749e-05 -0.0004177317859614221 0 0 0.00014947596752025905 2.7999716002407723e-06 3.0801852725491613e-07 -0.00033991230073727481 0 5.6346151594437984e-05 0 0 0 0.00011878378187218766 0 5.6067713368565185e-05 -6.7652987359065122e-05 1.2369282780827146e-05 0 0.00022495898704426878 0 -0.00025379140182816158 0.00010190194101381927 -0.00012555067419320641 0
leaf_weight=1091 584 97 120 94 66 231 20 73 20 128 56 1082 104 54 374 1784 27 49 174 54 220 728 517 534 162 83 93 27 192 152
leaf_count=1091 584 97 120 94 66 231 20 73 20 128 56 1082 104 54 374 1784 27 49 174 54 220 728 517 534 162 83 93 27 192 152
internal_value=0 1.51628e-05 7.9574e-05 0.000110358 0.000146505 -9.35251e-06 -2.36728e-06 0.000182782 -0.000209439 0 -6.44173e-06 -3.05806e-05 -0.000141565 -0.000224328 -2.17384e-05 -1.07703e-05 -2.11481e-05 -0.000133348 0.000221939 8.94356e-05 -1.23728e-05 -2.03591e-05 1.99069e-05 3.37337e-05 6.3816e-05 0.00015193 -0.000200893 -8.4724e-06 -7.46542e-05 -6.3743e-05
internal_weight=8990 3452 664 527 407 5538 137 341 40 2788 2606 1515 214 158 4011 3275 2901 169 268 182 2732 2512 1527 1296 762 245 120 1301 219 736
internal_count=8990 3452 664 527 407 5538 137 341 40 2788 2606 1515 214 158 4011 3275 2901 169 268 182 2732 2512 1527 1296 762 245 120 1301 219 736
is_linear=0
shrinkage=0.05


Tree=67
num_leaves=31
num_cat=0
split_feature=255 333 10 85 76 239 57 336 375 67 353 1 351 277 203 66 14 370 376 219 208 47 76 40 64 359 71 58 255 242
split_gain=0.000501137 0.000711371 0.00081684 0.000711342 0.000589966 0.000723023 0.000878786 0.000668677 0.000589408 0.000903172 0.00112466 0.000709996 0.000898976 0.000664393 0.000631833 0.000589202 0.000556812 0.000522 0.000624958 0.000452128 0.000441909 0.00101313 0.000775744 0.000587211 0.000677644 0.000419077 0.000450786 0.000359677 0.000355677 0.000451224
threshold=2.036126177864555 2.3062443693087515 0.85812311371167527 8.1712067921956386 18.122944196065269 0.22095036121836584 1.6866505940755212 2.9894689428414134 -0.040861271139885594 2.5053176085154218 1.1232693268068972 0.71778945128122973 1.5592689514160167 0.097552731137299217 0.85704797278546319 -16.794967651367184 0.013262211034695251 0.46818778970446678 0.0033911121448159005 0.67000328359213002 -0.37838142060569152 0.65590910116831469 -2.8973809878031411 -1.4983802636464436 -7.9029591878255205 0.78236667061476706 -0.7746023337046305 1.2265970706939699 -0.26200662412228243 -0.47568235372783668
decision_type=8 8 2 2 2 10 2 10 2 2 10 2 10 10 10 2 2 2 2 10 10 2 2 2 2 10 2 2 10 10
left_child=3 2 -2 8 5 27 -7 -6 20 11 14 12 15 -13 -11 -10 -15 -4 -19 -14 21 23 28 24 -1 26 -23 -5 29 -22
right_child=1 -3 17 4 7 6 -8 -9 9 10 -12 13 19 16 -16 -17 -18 18 -20 -21 22 25 -24 -25 -26 -27 -28 -29 -30 -31
leaf_value=3.4177587620455734e-05 0 0 0 0.00031059340014173633 0.00041750686167689612 -0.00019776870953860018 3.934884013001575e-05 0 8.765093501921764e-05 -0.00027679072533059914 0 0.00012987121123873654 -0.0002694295698181419 -2.6552925718620743e-05 0 -1.5518869198678547e-05 4.9539122793547724e-05 -0.00030227670799086985 0 0 0 0 1.3940706304032839e-05 4.8535415381454238e-05 -9.8866635362520325e-05 0 0.00015640434704883199 0 -2.7875280613521845e-06 -0.00025527110814694539
leaf_weight=91 90 215 56 29 28 51 128 25 133 93 180 154 53 418 41 3415 471 86 27 20 24 122 1886 334 232 76 275 22 160 55
leaf_count=91 90 215 56 29 28 51 128 25 133 93 180 154 53 418 41 3415 471 86 27 20 24 122 1886 334 232 76 275 22 160 55
internal_value=0 -4.98709e-05 -0.00010684 2.94187e-06 8.0883e-05 2.08989e-05 -3.65129e-07 0.0002465 0 -1.05541e-05 -9.34236e-05 -3.90105e-06 -1.53114e-05 3.09167e-05 -0.000203495 -1.02399e-05 8.13868e-06 -0.000171949 -0.000236102 -0.000193051 1.68027e-05 4.23003e-05 8.8982e-07 0 -4.59095e-05 9.81215e-05 0.000118781 0.000193234 -8.11485e-05 -0.000176439
internal_weight=8990 474 259 8516 283 230 179 53 8233 4978 314 4664 3621 1043 134 3548 889 169 113 73 3255 1130 2125 657 323 473 397 51 239 79
internal_count=8990 474 259 8516 283 230 179 53 8233 4978 314 4664 3621 1043 134 3548 889 169 113 73 3255 1130 2125 657 323 473 397 51 239 79
is_linear=0
shrinkage=0.05


Tree=68
num_leaves=31
num_cat=0
split_feature=207 245 238 15 351 93 324 208 61 212 340 281 12 3 21 260 313 252 10 292 64 46 375 39 246 292 307 83 266 369
split_gain=0.000495881 0.0018284 0.00123288 0.00121839 0.000754741 0.00117155 0.00197717 0.000742342 0.000819139 0.000722544 0.000671099 0.000643351 0.00064026 0.000744591 0.000635319 0.000520846 0.000512549 0.000500195 0.000491764 0.000666858 0.000816961 0.000481257 0.000693017 0.000475309 0.000464731 0.000449453 0.000426258 0.000354314 0.000519436 0.000342763
threshold=-1.4010088243209271 -2.0834333003539762 -0.83183764879322408 0.125239575902621 -1.7404821713765457 0.71703088283538829 -0.28573528925577785 0.14858321173250877 -1.767656087875366 -1.9416977158053994 -0.44126844406127913 -0.6749884144035001 -0.025458674877881945 1.0000000180025095e-35 1.573091824849447 -1.0283040818852507 -1.4659328638609141 -0.26429718375192307 0.36038763759036857 -7.4421925544738761 -1.4991726875305174 0.56878407796223973 -0.16910433350849033 -1.1527399619420369 1.1275993705621201 -9.3685957590738891 -1.0945827006931623 0.00066145703506965004 -1.0594617432580871 0.79326207494982748
decision_type=10 10 10 2 10 2 10 10 2 10 10 10 2 2 2 10 10 10 2 10 2 2 2 2 10 10 10 2 10 2
left_child=2 3 -1 9 5 18 -7 11 14 -2 -11 15 17 -14 26 29 -5 -13 -3 20 -20 22 -10 -17 -23 27 -9 28 -4 -6
right_child=1 4 25 16 7 6 -8 8 21 10 -12 12 13 -15 -16 23 -18 -19 19 -21 -22 24 -24 -25 -26 -27 -28 -29 -30 -31
leaf_value=0 0 1.1810350590304132e-05 0 -9.186703623369689e-05 0 0 -0.00046105933804921974 0 2.0572331730246665e-05 0.00044753333845254871 0 0.00014929665098027727 -1.2963564655441951e-05 4.7820815554477534e-05 0 -7.2903391166314133e-05 0.00013425636935454895 0 -0.00031139564956948458 0 0 6.5303006512421077e-05 -3.0804249955459019e-05 0 0 0 -0.0002270994907051816 0 -0.00036551314880250085 7.2802201138445741e-05
leaf_weight=710 27 251 22 49 196 31 45 32 869 56 28 224 680 1221 170 385 48 95 51 51 20 440 1966 335 488 66 98 30 56 250
leaf_count=710 27 251 22 49 196 31 45 32 869 56 28 224 680 1221 170 385 48 95 51 51 20 440 1966 335 488 66 98 30 56 250
internal_value=0 4.08031e-06 -3.53493e-05 0.000150379 0 -6.27162e-05 -0.000247039 4.02026e-06 -9.54764e-06 0.000264149 0.000337126 2.17774e-05 3.79013e-05 2.34483e-05 -8.95299e-05 -4.63462e-06 0 0.000108327 -1.17025e-05 -0.000100997 -0.000202399 -1.84026e-06 -1.32922e-05 -3.45281e-05 2.77554e-05 -0.000155078 -0.000175208 -0.000221645 -0.000281672 3.24126e-05
internal_weight=8990 8106 884 208 7898 449 76 7449 4063 111 84 3386 2220 1901 300 1166 97 319 373 122 71 3763 2835 720 928 174 130 108 78 446
internal_count=8990 8106 884 208 7898 449 76 7449 4063 111 84 3386 2220 1901 300 1166 97 319 373 122 71 3763 2835 720 928 174 130 108 78 446
is_linear=0
shrinkage=0.05


Tree=69
num_leaves=31
num_cat=0
split_feature=66 266 40 19 50 39 47 361 243 249 218 258 24 254 198 40 65 76 227 39 40 46 243 314 191 59 306 296 192 91
split_gain=0.00046478 0.000605316 0.000576091 0.00104536 0.00113946 0.000746304 0.00084353 0.000956561 0.000711109 0.00109775 0.000984273 0.000756926 0.000688338 0.000676922 0.000634495 0.000996686 0.000648888 0.000568642 0.000890779 0.00096799 0.000765551 0.000740352 0.000710439 0.000684567 0.000616592 0.000566781 0.000565823 0.000526202 0.000480581 0.000602554
threshold=15.583945592244467 1.336271188697215 0.063706308603286715 -6.1095034281412746 -1.7000842889149981 -3.6941294670104976 0.31299052697916824 1.2384789558934686 -1.4749700612774244 -1.5804914792231102 -0.37559991547738486 -1.7985102143863811 0.9985423882802329 -0.26365433484740236 -0.13718801644701431 1.2962893247604372 -3.3348375956217446 -3.061033407847086 -0.69641279212224649 -1.3752368291219075 -0.56359374523162831 0.50980015595753991 0.47967055298973876 0.50120339041743855 -0.22782760814007882 -0.60933375358581532 -0.64189090655087677 0.018494812771677804 1.9243193934216254 3.7564255992571516
decision_type=2 10 2 2 2 2 2 10 8 10 10 10 2 10 10 2 2 2 10 2 2 2 8 10 10 2 10 10 10 2
left_child=2 27 8 -4 5 -5 -7 -8 9 -1 11 -11 14 -13 15 -6 -16 18 -10 25 22 26 24 -24 -19 -20 -22 -2 29 -14
right_child=1 -3 3 4 12 6 7 -9 17 10 -12 13 28 -15 16 -17 -18 20 19 -21 21 -23 23 -25 -26 -27 -28 -29 -30 -31
leaf_value=-1.3806209226112013e-05 0 0 -0.00022269647547185358 0 0 0 0.00026501908255538545 0 0 0 0 0.00021779579935015173 1.5711544779874968e-05 0 0.00025760317302127886 -0.00018509418471386653 5.6417515821568024e-07 0 -0.00018275677356083752 -3.5279370303091306e-06 0 1.3620982372590942e-05 -8.9677350512836599e-05 0 5.3404587526597095e-05 0 -0.0001007111416126327 -0.00017551823489657503 -2.9464867804934532e-05 0.00013621108882254924
leaf_weight=414 55 117 39 64 199 111 154 31 635 56 143 205 380 34 26 116 1394 1032 252 279 141 240 292 604 1002 39 492 128 68 248
leaf_count=414 55 117 39 64 199 111 154 31 635 56 143 205 380 34 26 116 1394 1032 252 279 141 240 292 604 1002 39 492 128 68 248
internal_value=0 -6.10236e-05 2.26069e-06 2.11962e-05 2.64035e-05 0.000111256 0.000146131 0.000213431 -6.03089e-06 3.45674e-05 9.16961e-05 0.000144295 1.17772e-05 0.000183336 -2.379e-06 -6.86695e-05 8.80921e-06 -1.39367e-05 -4.42508e-05 -8.96963e-05 -3.01592e-06 -4.50295e-05 7.79681e-06 -2.66757e-05 2.5441e-05 -0.000155105 -7.5163e-05 -0.000119868 5.42442e-05 7.1272e-05
internal_weight=8990 300 8690 2830 2791 360 296 185 5860 852 438 295 2431 239 1735 315 1420 5008 1205 570 3803 873 2930 896 2034 291 633 183 696 628
internal_count=8990 300 8690 2830 2791 360 296 185 5860 852 438 295 2431 239 1735 315 1420 5008 1205 570 3803 873 2930 896 2034 291 633 183 696 628
is_linear=0
shrinkage=0.05


Tree=70
num_leaves=31
num_cat=0
split_feature=48 58 376 366 222 252 10 363 247 41 12 25 6 317 255 93 346 373 308 307 261 48 349 19 20 363 52 312 276 38
split_gain=0.000466424 0.000606245 0.000951486 0.00120599 0.00111791 0.00131156 0.000719172 0.000761216 0.00161276 0.000737267 0.000677193 0.00113781 0.00111569 0.00082461 0.000812748 0.000632101 0.000714479 0.000625478 0.000571971 0.000613724 0.000498453 0.000488494 0.000568402 0.000621983 0.000567657 0.000501947 0.000607634 0.000598983 0.000496308 0.000588108
threshold=-17.046490987141926 -0.72876596450805653 0.0012709875970336002 0.064571313095846017 -1.0352863127176761 -0.16583601208591622 0.10176156212886171 -1.2932601482111019 -0.69886695370133056 -1.1104991436004636 0.50080104296406114 -0.029460257540146449 -0.71101359526316321 -0.17831332932750127 0.28073387567373798 -0.59943121671676625 -5.7715643644332895 0.062440199517904707 -1.0630709880631106 0.38717755767608281 -0.47301529618454102 0.43635863562424981 4.6622330347696943 -1.2485739390055337 2.0181274414062504 -1.0290341464017438 0.58082705736160289 0.25770708222710231 -0.27071998132700997 2.0119926929473881
decision_type=2 2 2 2 10 10 2 10 10 2 2 2 2 10 10 2 10 2 10 10 10 2 10 2 2 10 2 10 10 2
left_child=-1 2 3 6 -5 -6 9 8 -8 -2 21 20 18 -14 -15 16 -4 -11 -13 -20 -12 22 23 -3 25 27 -27 -23 -24 -30
right_child=1 10 15 4 5 -7 7 -9 -10 17 11 12 13 14 -16 -17 -18 -19 19 -21 -22 24 28 -25 -26 26 -28 -29 29 -31
leaf_value=-8.9114565090589774e-05 0 -2.7874685698076699e-05 0 0 0.00036896947049374989 0 0 0 -0.00049226862035863016 0 -0.00034031434067955296 0 -0.00020511834149142662 5.0298682653110227e-05 -7.8472899876306991e-05 9.5283103254125457e-06 -0.00023126001246035377 0.00022660937121632042 0.00031438753888539628 0 0 2.3612629364895056e-05 0 2.897265206526503e-05 -3.9739179924174587e-06 9.9549760765292226e-05 2.0469486562258755e-05 -6.8998112376004084e-05 -0.00017427060698915026 0
leaf_weight=144 96 1320 31 85 94 27 38 100 26 32 48 24 83 187 269 236 64 95 45 20 22 627 51 706 2521 431 1141 241 155 31
leaf_count=144 96 1320 31 85 94 27 38 100 26 32 48 24 83 187 269 236 64 95 45 20 22 627 51 706 2521 431 1141 241 155 31
internal_value=0 1.56632e-06 4.02215e-05 7.99444e-05 0.000180798 0.000280552 1.33109e-05 -4.87393e-05 -0.00018913 8.13571e-05 -2.31162e-06 -4.96022e-05 -1.94494e-05 -5.33324e-05 -1.47033e-05 -1.58451e-05 -0.000131398 0.000161617 0.000129465 0.000211909 -0.000248376 1.56621e-06 -1.68409e-05 -5.59685e-06 1.09708e-05 2.84602e-05 4.53366e-05 0 -9.18296e-05 -0.00013195
internal_weight=8990 8846 924 593 206 121 387 164 64 223 7922 698 628 539 456 331 95 127 89 65 70 7224 2263 2026 4961 2440 1572 868 237 186
internal_count=8990 8846 924 593 206 121 387 164 64 223 7922 698 628 539 456 331 95 127 89 65 70 7224 2263 2026 4961 2440 1572 868 237 186
is_linear=0
shrinkage=0.05


Tree=71
num_leaves=31
num_cat=0
split_feature=375 50 195 19 31 371 370 25 51 209 69 252 348 208 47 264 289 64 238 19 67 281 223 80 221 25 11 93 28 238
split_gain=0.000438497 0.000823882 0.00110401 0.00122676 0.000956382 0.000917857 0.00111638 0.000702895 0.000843553 0.000708337 0.000694056 0.00056363 0.000505728 0.000505318 0.000863366 0.000672787 0.000590705 0.000737996 0.000486266 0.00111452 0.00092166 0.00100698 0.000475189 0.000438403 0.000398053 0.000474374 0.000468094 0.000663351 0.000393181 0.000373184
threshold=-0.037395754794959095 16.393929799397792 1.132155625776113 4.1288129488627119 0.88301980495452892 -0.4376379705480401 0.55086509009576046 0.15439058840274814 0.30671387910842896 -0.19498882557959471 5.7261679967244472 2.0646582644235907 1.2588436206181848 -0.37838142060569152 0.65590910116831469 -0.6793826087589917 -5.5802014966805773 -7.9029591878255205 -2.3220423156799246 -13.292779286702475 -0.37096627553304029 -2.2362795422447923 -1.7704574731668332 0.26881164312362676 1.9810998865590579 -0.05606550723314279 0.85892085234324156 -0.49966881672541291 0.081530198454856803 -0.051672461018708794
decision_type=2 2 10 2 2 2 2 2 2 10 2 10 10 10 2 10 10 2 8 2 2 10 10 2 10 2 2 2 2 10
left_child=13 2 4 -4 18 -3 -7 8 -6 -10 11 12 -5 14 16 -15 17 -1 20 -20 21 -2 -19 -21 25 -16 27 -27 -18 -17
right_child=1 5 3 10 7 6 -8 -9 9 -11 -12 -13 -14 15 24 29 28 22 19 23 -22 -23 -24 -25 -26 26 -28 -29 -30 -31
leaf_value=0 0 0 0 0 0 0 -0.00046648031395595094 0 0 -0.0001582725683894639 0 0 0.0002916492993239615 -8.9746254127530398e-05 0 4.7151436455251541e-05 0 0 -0.00026539555414287495 -1.4369445868280906e-05 0 0.00050647493050679632 -0.00027176203595685202 2.4986564841527061e-05 0 3.4941319106909967e-05 0 0.00024562340542847995 7.7084574890753243e-05 0
leaf_weight=41 21 38 410 32 223 22 34 406 155 361 70 55 110 189 150 491 321 21 41 2320 110 23 56 994 25 139 20 148 227 1737
leaf_count=41 21 38 410 32 223 22 34 406 155 361 70 55 110 189 150 491 321 21 41 2320 110 23 56 994 25 139 20 148 227 1737
internal_value=0 -8.82808e-06 -5.26554e-06 5.28272e-05 -1.47913e-05 -0.000157515 -0.000287262 -5.45595e-05 -8.36029e-05 -0.000118725 0.000136223 0.000184257 0.000238762 1.3744e-05 4.10719e-05 0 0 -9.69597e-05 -3.88786e-07 -5.78438e-06 8.4639e-05 0.000277994 -0.000195781 -1.05591e-06 9.2165e-05 0.000105527 0.000142958 0.000161049 2.58581e-05 8.44443e-06
internal_weight=8990 5425 5331 677 4654 94 56 1145 739 516 267 197 142 3565 1148 2417 666 118 3509 3355 154 44 77 3314 482 457 307 287 548 2228
internal_count=8990 5425 5331 677 4654 94 56 1145 739 516 267 197 142 3565 1148 2417 666 118 3509 3355 154 44 77 3314 482 457 307 287 548 2228
is_linear=0
shrinkage=0.05


Tree=72
num_leaves=31
num_cat=0
split_feature=48 37 351 248 78 88 242 44 191 87 87 61 28 238 39 74 245 76 20 58 260 85 212 344 243 337 277 3 231 263
split_gain=0.000451186 0.000818066 0.000694523 0.000754868 0.00107231 0.000731106 0.000738483 0.000682679 0.000986332 0.000768167 0.000678831 0.00060161 0.000715676 0.000695055 0.00117288 0.00066153 0.000637483 0.00134868 0.000962991 0.000931247 0.000562521 0.000531697 0.000878931 0.000525161 0.000512842 0.000774647 0.000491932 0.000451576 0.000460391 0.000450745
threshold=14.048549652099611 -0.69477073351542173 1.7310802340507505 0.65169216616895442 2.0854193369547529 2.0686395963033042 0.44407048547806105 0.99039006233215332 0.67205077941457214 0.72889498869578051 1.0847134192784631 -0.64218195279439283 0.31258879105250043 -0.2899867508517982 -1.1755867799123128 0.068107684453328418 -2.2860315421339186 -9.9275662551323531 -1.8043865362803138 -0.42303466796874994 1.791460335091015 0.43070894479751592 -1.4983766835619787 -2.9521174430847164 0.2741099473420075 0.86395936099416215 0.082923743108323469 2.3273394902547202 -0.3909888094428659 1.1243440829877012
decision_type=2 2 10 10 2 2 10 2 10 2 2 2 2 8 2 2 10 2 2 2 10 2 10 10 8 10 10 2 10 10
left_child=2 10 11 7 5 6 -5 9 26 -4 -2 13 16 21 15 -15 -13 18 -18 -19 -8 27 -23 -17 29 -26 -9 28 -1 -16
right_child=1 -3 3 4 -6 -7 20 8 -10 -11 -12 12 -14 14 24 23 17 19 -20 -21 -22 22 -24 -25 25 -27 -28 -29 -30 -31
leaf_value=-5.9349441333684513e-06 0 0 0 0 0 0 -0.00029160391986304764 0 0 -0.00027481630967115389 0.00026265964200017719 0.00025122166969312494 5.0874083931558062e-05 0 0 0 -0.00044575850979370604 6.6461928819402195e-05 0 -1.4947359532604105e-05 0 -5.4262565351917424e-05 0.00016092607875733172 -0.00018348006438514327 -7.8678428018118948e-05 0 0.0002935383369459073 -0.00012539494134153743 4.1937365244199938e-05 0.0001333467078552682
leaf_weight=1767 29 205 44 56 126 66 134 24 67 34 70 25 1131 130 722 29 29 455 20 1452 26 29 138 228 519 585 55 68 652 75
leaf_count=1767 29 205 44 56 126 66 134 24 67 34 70 25 1131 130 722 29 29 455 20 1452 26 29 138 228 519 585 55 68 652 75
internal_value=0 5.99782e-05 -1.9785e-06 -5.26914e-05 -9.44665e-05 -0.000149709 -0.000194206 1.09566e-06 8.48568e-05 -9.15753e-05 0.000177979 1.38077e-06 1.91249e-05 -8.78126e-06 -2.94406e-05 -0.000110332 0 -2.21391e-06 -0.000262167 1.85715e-06 -0.000249879 7.14561e-06 9.36257e-05 -0.000157356 -1.03379e-05 -3.40057e-05 0.000210887 0 4.90253e-06 1.61739e-05
internal_weight=8990 304 8686 632 408 282 216 224 146 78 99 8054 3112 4942 2288 387 1981 1956 49 1907 160 2654 167 257 1901 1104 79 2487 2419 797
internal_count=8990 304 8686 632 408 282 216 224 146 78 99 8054 3112 4942 2288 387 1981 1956 49 1907 160 2654 167 257 1901 1104 79 2487 2419 797
is_linear=0
shrinkage=0.05


Tree=73
num_leaves=31
num_cat=0
split_feature=375 13 193 27 232 236 85 332 62 50 348 370 221 356 252 65 319 336 28 80 56 61 339 27 236 262 252 243 326 275
split_gain=0.00044368 0.000632088 0.00108685 0.000892356 0.000806557 0.000768164 0.000617126 0.000864801 0.000777158 0.00060191 0.000853134 0.00095388 0.000565585 0.000551922 0.000515887 0.000491845 0.000463698 0.000515676 0.000534531 0.000447271 0.000514932 0.000438411 0.000678455 0.000828366 0.000748475 0.000528869 0.000870346 0.000464045 0.000949024 0.000587333
threshold=0.55598552999394912 -0.011804157247145898 0.2638612578086586 -0.25525351365407295 0.32581712285659953 0.45359146413656243 11.177998224894209 3.4594940340494911 4.0611844062805185 10.868524551391603 4.9183778365453099 1.1820943527434449 0.027445707718140502 0.16414844443760104 0.96164430244206789 -0.74248011906941713 1.811960565352664 0.24156350960065101 0.80010382334391283 -0.29038564364115388 -0.017585138479868496 -0.34297678867975862 0.1699615005247804 -0.62076934178670229 -1.4463184416492416 0.77557731933258045 -0.068094051603517489 0.47967055298973876 4.3710072838987207e-07 0.08471812906371036
decision_type=2 2 10 2 10 10 2 10 2 2 10 2 10 10 10 2 10 10 2 2 2 2 10 2 10 10 10 8 8 10
left_child=6 15 3 19 5 -5 9 8 13 21 11 14 -4 -8 -11 -2 17 -14 -19 20 -3 27 23 -23 -25 26 -24 29 -29 -1
right_child=1 2 12 4 -6 -7 7 -9 -10 10 -12 -13 16 -15 -16 -17 -18 18 -20 -21 -22 22 25 24 -26 -27 -28 28 -30 -31
leaf_value=-5.2746959971629177e-06 0 0 0.0001130727730020308 -0.00054933042523458897 0 0 0 -1.0908813343824257e-06 0 -0.00028819829621805213 0 0 0 0.00031688464864837625 0 0.00013582116394585692 8.8401185257594739e-06 -0.00022189189999266871 0 0 -0.00026156484403614229 0 5.0663065032959899e-05 -2.9300312207152056e-05 0.00011351145487379182 3.0724011673531702e-05 -6.0274670998241493e-05 -0.00011260539640994144 0 4.073985115209852e-05
leaf_weight=3001 219 30 82 36 28 23 21 47 35 86 204 28 31 71 24 71 106 84 52 145 42 423 203 48 529 786 615 278 775 867
leaf_count=3001 219 30 82 36 28 23 21 47 35 86 204 28 31 71 24 71 106 84 52 145 42 423 203 48 529 786 615 278 775 867
internal_value=0 -3.22227e-05 -6.13864e-05 -0.000130776 -0.000282617 -0.000389656 3.92293e-06 9.74965e-05 0.000173293 1.21652e-06 -6.26806e-05 -0.000158672 0 0.000250076 -0.000230735 1.68121e-05 -3.65221e-05 -9.52251e-05 -0.000143546 -4.67662e-05 -0.000148641 4.78579e-06 2.16485e-05 5.40026e-05 9.29641e-05 0 -2.66291e-05 -3.12152e-06 -3.30993e-05 3.74748e-06
internal_weight=8990 949 659 304 87 59 8041 174 127 7867 342 138 355 92 110 290 273 167 136 217 72 7525 2604 1000 577 1604 818 4921 1053 3868
internal_count=8990 949 659 304 87 59 8041 174 127 7867 342 138 355 92 110 290 273 167 136 217 72 7525 2604 1000 577 1604 818 4921 1053 3868
is_linear=0
shrinkage=0.05


Tree=74
num_leaves=31
num_cat=0
split_feature=348 207 208 58 237 80 236 346 243 368 294 243 257 71 255 19 297 242 72 213 266 205 361 229 355 68 249 338 62 275
split_gain=0.000421099 0.000744902 0.000914922 0.000857954 0.00116233 0.000930213 0.000861606 0.00101823 0.000683988 0.00100898 0.000823533 0.000663733 0.000611814 0.000574562 0.000562821 0.000528824 0.000405109 0.000786975 0.000404912 0.000369578 0.000329086 0.000357087 0.000311707 0.000304189 0.000270213 0.00024257 0.000238449 0.000195575 0.000255511 0.000140245
threshold=-21.390256881713864 -1.4010088243209271 -1.2749491852752739 -2.6294901470343262 -1.2057722308962207 -1.3663733005523679 -2.1263368441916159 0.75547297795613622 -1.4749700612774244 1.0778521153290066 -1.2848941683769224 0.59177234400760759 0.18080363081827669 -1.64667272567749 -0.9517788354899348 -9.6378434499104806 -0.59524436295032535 -1.2327339712470895 -2.1120245456695552 -0.78312633758162919 -0.50824900016905505 0.061627212078005304 -0.16722863093710671 -0.9714161636887142 -3.2329783241932746 -0.011231978734334248 -2.1924939481858723 -0.50068040390267743 -3.2107435862223306 -2.0533238870719468
decision_type=10 10 10 2 10 2 10 10 10 2 10 10 10 2 10 2 10 10 2 10 10 10 10 10 10 2 10 10 2 10
left_child=25 2 16 4 -3 -6 7 12 9 23 14 -12 -5 -11 -10 -4 17 26 19 -18 24 -22 -7 -8 -20 29 -2 28 -17 -1
right_child=1 3 15 6 5 22 8 -9 10 13 11 -13 -14 -15 -16 27 18 -19 20 -21 21 -23 -24 -25 -26 -27 -28 -29 -30 -31
leaf_value=0 -0.00036865075382446844 0 -0.00026750509585562793 -0.00044620653650524262 0 0.00047031097281021329 7.2962205547161997e-05 0 -0.00014791990481881315 0 1.700036272662141e-05 -1.4547003290017205e-05 0 0.00024238697940119942 -1.7153269996419749e-05 0 0 0 -3.323502310610371e-05 0.00019818062219886603 -0.00024547458922768913 0 0 -4.7887921234666802e-05 6.6196141917368646e-05 0 0 0 -0.00011870781898978156 0.00018348109308301665
leaf_weight=20 26 36 70 31 21 37 88 26 147 45 4163 2662 20 97 480 28 98 38 139 49 29 23 21 127 119 102 27 52 110 59
leaf_count=20 26 36 70 31 21 37 88 26 147 45 4163 2662 20 97 480 28 98 38 139 49 29 23 21 127 119 102 27 52 110 59
internal_value=0 -1.513e-06 -4.76096e-05 2.5178e-06 0.000138115 0.000253956 0 -0.0001657 2.17998e-06 6.99225e-05 -3.95281e-07 3.96311e-06 -0.000302063 0.000173314 -5.58034e-05 -0.000125827 -1.36072e-06 -0.000103904 8.1379e-06 8.26352e-05 -1.10797e-05 -0.000128537 0.000357534 0 0 7.55098e-05 -0.00023574 -4.7214e-05 -8.12958e-05 0.000143947
internal_weight=8990 8809 808 8001 115 79 7886 77 7809 357 7452 6825 51 142 627 260 548 91 457 147 310 52 58 215 258 181 53 190 138 79
internal_count=8990 8809 808 8001 115 79 7886 77 7809 357 7452 6825 51 142 627 260 548 91 457 147 310 52 58 215 258 181 53 190 138 79
is_linear=0
shrinkage=0.05


Tree=75
num_leaves=31
num_cat=0
split_feature=375 48 238 307 273 360 366 243 15 275 228 53 306 224 363 331 248 351 286 85 276 369 239 29 5 377 359 25 373 5
split_gain=0.000411949 0.00059845 0.000621066 0.00109695 0.000940524 0.000811205 0.000591531 0.000547915 0.00104091 0.00101623 0.000804368 0.000615943 0.000519993 0.000509943 0.000462859 0.000695997 0.000652557 0.000665479 0.000615309 0.000553722 0.000459772 0.000478964 0.000307781 0.000536664 0.000290483 0.000278748 0.000258079 0.000235644 0.000235573 0.000298127
threshold=-0.46366599580580997 -16.362373987833653 0.59623312723561817 2.0618725301397647 0.21221394633867272 -0.50439526173584304 -0.072850886082642938 -1.4749700612774244 0.1068570514520009 -0.78126023403887723 -1.050339851357202 3.3314819335937504 4.1808747305188438 -1.1771676573838092 0.45576627977220646 1.7970830367822102 0.70076288448329604 1.7991162538528436 0.063005032638708672 3.8865948816140494 1.2730083875069849 7.2444059971567194 -1.257754750261552 0.13260289033253989 -1.5870891412099202 -0.75939492420886612 -0.97790856966379358 0.16271928946177164 7.4075685916388911 -5.3848832448323556
decision_type=2 2 8 8 8 10 2 10 2 10 10 2 10 10 10 8 10 10 10 2 10 2 10 2 2 2 8 2 2 2
left_child=27 6 3 7 5 -4 -2 8 9 -3 13 -12 26 -9 15 19 18 -18 -16 -6 21 -7 23 -8 -10 -17 -5 28 29 -1
right_child=1 2 4 12 14 20 22 10 24 -11 11 -13 -14 -15 16 25 17 -19 -20 -21 -22 -23 -24 -25 -26 -27 -28 -29 -30 -31
leaf_value=0 0 2.0235976356174537e-05 0 0 -2.3517445431453212e-05 -0.00021425628052102507 0 0 0 0.00022096530864038565 -1.2242008682656194e-06 8.0064827431502761e-05 0 -9.1316237339392081e-05 0.00011600831421024009 0.00011507321005691236 5.2116357329731653e-06 -7.97311015722698e-05 0 -0.00021918507341725467 0 0 0 -0.00048482057042430448 -0.0001032354940411104 0 0.00014903238806083526 0 0 6.6229950514527702e-05
leaf_weight=49 49 262 89 28 194 173 20 231 227 128 3771 243 35 403 223 55 783 286 117 88 47 27 58 22 73 51 222 274 117 645
leaf_count=49 49 262 89 28 194 173 20 231 227 128 3771 243 35 403 223 55 783 286 117 88 47 27 58 22 73 51 222 274 117 645
internal_value=0 -3.95353e-06 -1.39052e-06 6.63094e-06 -2.488e-05 -0.000103083 -0.000103742 5.8081e-07 4.29309e-05 9.89734e-05 -4.63118e-06 2.45315e-06 0.000102371 -5.73622e-05 -7.47053e-06 -5.67141e-05 2.54449e-06 -1.28424e-05 6.56139e-05 -0.000102357 -0.000150535 -0.000183651 -0.000175512 -0.000302522 -1.32719e-05 1.75703e-05 0.000130936 2.89004e-05 4.29383e-05 5.47993e-05
internal_weight=8990 7905 7756 5623 2133 336 149 5338 690 390 4648 4014 285 634 1797 388 1409 1069 340 282 247 200 100 42 300 106 250 1085 811 694
internal_count=8990 7905 7756 5623 2133 336 149 5338 690 390 4648 4014 285 634 1797 388 1409 1069 340 282 247 200 100 42 300 106 250 1085 811 694
is_linear=0
shrinkage=0.05


Tree=76
num_leaves=31
num_cat=0
split_feature=48 33 87 351 38 366 54 341 255 85 343 260 66 368 298 208 87 208 275 199 266 66 303 237 256 210 369 215 333 70
split_gain=0.00040134 0.000747808 0.00061089 0.000578992 0.000646759 0.000869812 0.000981416 0.000529468 0.000483993 0.00103676 0.000572276 0.000563309 0.000686265 0.000584462 0.000530152 0.000482174 0.000478094 0.000535356 0.000456439 0.000449397 0.00040718 0.00038859 0.000518037 0.000351032 0.000324761 0.000313618 0.000326923 0.000312346 0.00028466 0.000278154
threshold=14.048549652099611 -0.65811665852864565 1.0847134192784631 1.7310802340507505 1.6396977504094445 -0.016383474264225244 0.89317301909128832 1.2755637963612874 0.42435038009058956 -2.0090677738189693 -2.387341976165771 0.67648003769733467 10.825272878011068 1.5903979155654138 0.047239606579144701 1.0476536578097173 0.52726395924886083 0.37153250902018842 0.48293203675149649 0.15335125329674634 0.025809775516488154 11.062536875406904 0.49956390452526883 0.22929068316612028 -0.038432230005302943 1.3796689589645899 0.42479221642253623 0.23727989418244874 3.3428261225469069 4.2119817733764657
decision_type=2 2 2 10 2 2 2 8 8 2 10 10 2 2 10 10 2 10 10 10 10 2 8 10 10 10 2 10 10 2
left_child=3 2 -2 7 5 -5 -7 8 11 24 18 12 19 -14 -12 23 -13 -18 -11 -1 -8 22 -9 -6 -10 26 -24 -4 -29 -3
right_child=1 29 27 4 15 6 20 21 9 10 14 16 13 -15 -16 -17 17 -19 -20 -21 -22 -23 25 -25 -26 -27 -28 28 -30 -31
leaf_value=1.0442443428513395e-05 0 3.5963242339563274e-05 0 0 0 0 0 0 -0.00032419504378127331 -0.00013451832207544263 1.9471136130558984e-05 0 -0.00022679068729593521 0 -3.5128938857405237e-05 -3.8997120174108877e-05 0.00017161124712397334 0 0 -3.0513024332829003e-05 -0.00025920848199783783 0 0 0.00015764721491296819 0 0 0.00016258032425574699 0.0004338869897437573 0 -9.5616252665406298e-05
leaf_weight=3973 31 141 23 122 25 82 25 153 39 165 989 160 61 40 774 175 138 144 76 778 130 195 56 73 22 96 195 31 22 56
leaf_count=3973 31 141 23 122 25 82 25 153 39 165 989 160 61 40 774 175 138 144 76 778 130 195 56 73 22 96 195 31 22 56
internal_value=0 5.63483e-05 0.0001627 -2.08586e-06 -4.83615e-05 -9.28414e-05 -0.000149084 9.2516e-07 -2.37557e-06 -2.33538e-05 -1.4487e-05 4.86313e-06 0 -0.000128964 -1.66435e-06 0 5.8895e-05 9.83507e-05 -8.75117e-05 2.68289e-06 -0.00022315 4.30634e-05 6.72318e-05 9.78436e-05 -0.000232316 0.000101211 0.000131463 0.000239423 0.00031122 0
internal_weight=8990 304 107 8686 632 359 237 8054 7359 2065 2004 5294 4852 101 1763 273 442 282 241 4751 155 695 500 98 61 347 251 76 53 197
internal_count=8990 304 107 8686 632 359 237 8054 7359 2065 2004 5294 4852 101 1763 273 442 282 241 4751 155 695 500 98 61 347 251 76 53 197
is_linear=0
shrinkage=0.05


Tree=77
num_leaves=31
num_cat=0
split_feature=273 6 309 50 357 228 262 206 376 257 58 36 254 249 249 73 360 197 210 338 363 210 329 273 93 363 348 350 70 249
split_gain=0.000394031 0.000641443 0.000742892 0.000594418 0.000580901 0.000736682 0.000589652 0.000577678 0.000581599 0.000479908 0.000476008 0.000536853 0.00042821 0.000590491 0.000393351 0.000896437 0.000996843 0.000910343 0.000667793 0.000555754 0.000507139 0.00129725 0.000731093 0.000506233 0.000429446 0.000388389 0.000364322 0.00105318 0.00116816 0.000785229
threshold=1.6025379188128555 3.0647816658020024 4.1162017232123711 7.2164624532063817 0.77541285424469841 1.0191977644608221 1.9080411448282868 0.63966476534537875 0.00050072716095650005 -0.11655122701115793 3.6881326039632163 0.64113936821619688 2.0009568688408139 2.18948284405981 -0.92410745960253615 -7.9688129425048819 -0.85759373398089889 -1.7911767116469071 -0.8849696496558771 -2.6010337161653849 -0.063967333697032586 -0.49687121687843078 0.28059097131093352 -0.59340068689329828 -0.85688424110412587 0.70808149603238235 -6.0209256013234445 -10.111135323842365 -2.0324233373006177 -2.1924939481858723
decision_type=10 2 10 2 10 10 10 10 2 10 2 2 10 10 10 2 10 10 8 10 10 10 10 10 2 10 10 10 2 10
left_child=3 4 -3 14 -2 -6 12 8 -5 -10 11 25 13 -7 18 16 17 -16 26 23 22 -22 -21 -17 -19 -9 29 28 -28 -1
right_child=1 2 -4 7 5 6 -8 10 9 -11 -12 -13 -14 -15 15 19 -18 24 -20 20 21 -23 -24 -25 -26 -27 27 -29 -30 -31
leaf_value=-5.874271570021467e-05 0 0 -0.00032517552972092753 -2.5445093253603361e-06 0 5.0664043339253262e-05 0 0 0 -0.00025528248128138786 -0.00010629532947734331 -1.5390686752827169e-05 0 0.00030060874414048746 0 0 0 0 -6.4719693495261259e-05 -6.3604017258915652e-06 0.00011068779637612354 0 -0.00010145180955853063 0.00013608759269362138 0.00039940245664386252 0.00016186874893171389 0 2.8321033017207517e-06 -0.00025611765998793647 7.347806933763137e-05
leaf_weight=118 244 60 22 142 157 111 59 39 24 87 97 191 41 100 29 108 66 25 571 2074 302 2848 248 145 52 90 47 413 90 390
leaf_count=118 244 60 22 142 157 111 59 39 24 87 97 191 41 100 29 108 66 25 571 2074 302 2848 248 145 52 90 47 413 90 390
internal_value=0 3.35142e-05 -7.64312e-05 -3.37113e-06 5.32069e-05 8.6076e-05 0.000130645 -4.85453e-05 -0.000109295 -0.000200729 0 1.70373e-05 0.000164043 0.000192893 0 6.64927e-06 0.000119789 0.000216249 -2.10615e-05 2.37476e-06 -6.81883e-08 1.20597e-05 -1.86737e-05 7.49462e-05 0.000306385 0.000103755 0 -2.55884e-05 -0.000147674 3.29193e-05
internal_weight=8990 794 82 8196 712 468 311 670 253 111 417 320 252 211 7526 5897 172 106 1629 5725 5472 3150 2322 253 77 129 1058 550 137 508
internal_count=8990 794 82 8196 712 468 311 670 253 111 417 320 252 211 7526 5897 172 106 1629 5725 5472 3150 2322 253 77 129 1058 550 137 508
is_linear=0
shrinkage=0.05


Tree=78
num_leaves=31
num_cat=0
split_feature=375 13 257 27 236 80 85 332 62 50 361 75 371 356 249 243 208 351 372 189 76 348 207 286 280 45 341 208 269 290
split_gain=0.000416529 0.000563802 0.00121849 0.000961941 0.000870719 0.000553003 0.000524648 0.00077918 0.000676379 0.000482312 0.00102236 0.000591661 0.000481175 0.000475665 0.00045545 0.000808986 0.00070316 0.000827483 0.000840066 0.000685333 0.000568627 0.000614781 0.000402717 0.000439785 0.00040753 0.000389325 0.000383019 0.000441267 0.000402635 0.000361774
threshold=0.55598552999394912 -0.011804157247145898 0.46887213802247235 -0.25525351365407295 1.0717108634412973 -0.22033276160558057 11.177998224894209 3.4594940340494911 4.0611844062805185 10.868524551391603 0.58730925609645757 0.4607131878534953 -1.9059319927188267 0.16414844443760104 -1.1977440140564213 -0.58675040356223085 -0.41385354188344042 0.088575760523478556 -0.50772218401113645 -0.94582683250627508 -1.1590121189753213 -2.609955787658691 -0.85621743998138133 -0.074782098333040795 -1.6211712978361528 0.00066132886180030016 2.5581523974736537 1.1497842970166794 1.6251876546443007 0.0098728934923807514
decision_type=2 2 10 2 10 2 2 10 2 2 10 2 2 10 10 10 10 10 2 10 2 10 10 10 10 2 10 10 10 10
left_child=6 22 3 5 12 -3 9 8 13 14 11 -11 -5 -8 15 -1 17 19 -19 -16 -18 -22 24 -24 -2 -26 27 -12 -29 -17
right_child=1 2 -4 4 -6 -7 7 -9 -10 10 26 -13 -14 -15 16 29 20 18 -20 -21 21 -23 23 -25 25 -27 -28 28 -30 -31
leaf_value=0 2.0356447541822991e-05 -0.00015163998251660821 0 0 0 0 0 -7.1296883122139351e-08 0 0 0 -0.00031323228671848721 -0.00037271164304522565 0.00029608702214154597 7.0664356698826807e-05 -0.00015738790516191313 -3.8119091607395144e-05 0 0.00018485710150609243 0 5.9223019927537443e-05 0 0 0.00015450097446981822 -0.00019797818254453189 0 7.5584870551047048e-05 -0.00022022959168065354 0 0
leaf_weight=837 42 72 302 20 28 159 21 47 35 23 72 52 78 71 474 145 824 31 172 1094 502 3425 81 86 53 28 86 53 56 21
leaf_count=837 42 72 302 20 28 159 21 47 35 23 72 52 78 71 474 145 824 31 172 1094 502 3425 81 86 53 28 86 53 56 21
internal_value=0 -3.14685e-05 -5.8993e-05 -0.000122286 -0.000243381 -3.45214e-05 3.55213e-06 8.98368e-05 0.000162423 1.00703e-06 -5.61011e-05 -0.000219933 -0.000313577 0.000234022 4.26767e-06 -2.57935e-05 9.65763e-06 3.65515e-05 0.00013644 2.04232e-05 0 7.55406e-06 1.38419e-05 7.56299e-05 -2.9425e-05 -0.000116883 0 -5.07074e-05 -0.000119915 -0.000127256
internal_weight=8990 949 659 357 126 231 8041 174 127 7867 342 75 98 92 7525 1003 6522 1771 203 1568 4751 3927 290 167 123 81 267 181 109 166
internal_count=8990 949 659 357 126 231 8041 174 127 7867 342 75 98 92 7525 1003 6522 1771 203 1568 4751 3927 290 167 123 81 267 181 109 166
is_linear=0
shrinkage=0.05


Tree=79
num_leaves=31
num_cat=0
split_feature=375 195 207 75 317 238 19 66 351 93 324 264 219 200 85 4 325 208 344 41 66 372 22 249 245 76 41 33 330 359
split_gain=0.000398448 0.000704372 0.00132451 0.00151113 0.00112266 0.000884239 0.000866283 0.00068961 0.00122762 0.00138642 0.000881997 0.000848885 0.000747207 0.000728041 0.000790815 0.000532308 0.000651096 0.000457366 0.000433873 0.000416435 0.00041338 0.000791492 0.000600261 0.000929022 0.000646626 0.000501722 0.000590676 0.000468689 0.000521689 0.000586341
threshold=-0.037395754794959095 1.132155625776113 2.358420496683499 0.4607131878534953 1.2825814930382018 1.6910177801414592 4.228713035583497 -16.794967651367184 -1.3749848604202268 0.71703072388966882 -0.30471432209014887 -2.109539234401606 -0.69301694737259056 0.3464575916645668 3.9775182406107583 5.6503562927246103 0.15683905283610028 0.24432882435003925 1.0621577451626463 1.5531365076700847 -0.46901122728983552 -0.12695614310432116 0.8203573226928712 -0.22370348540412227 -0.28778930719244594 -2.7102379798889156 -2.6647374927997585 -1.3206300934155781 -3.3828876018524174 -1.8802890276815598
decision_type=2 10 10 2 10 10 2 2 8 2 10 10 10 8 2 2 10 8 10 2 2 2 2 10 10 2 2 2 10 10
left_child=20 2 7 -4 -5 6 18 12 9 11 -11 -9 -2 14 -10 16 -8 -15 -3 -20 21 27 23 -23 -25 26 -22 28 -1 -30
right_child=1 5 3 4 -6 -7 15 8 13 10 -12 -13 -14 17 -16 -17 -18 -19 19 -21 25 22 -24 24 -26 -27 -28 -29 29 -31
leaf_value=0 0 7.5024593532109615e-05 0 -0.0006035313184238663 0 -3.6532115653623114e-05 0 -0.00018701773803069072 0 0 -0.00038445262588379116 0 0.00023184866581647129 0 0.00011339364082977031 0 0.0002536681809023721 -5.9472273020962564e-05 -0.00015244391731904005 0 4.0010804615739126e-05 3.7455539545851939e-05 0 0.00029698641018923995 3.0971429764291217e-05 7.9015976684823026e-06 -0.00010531041655140769 1.2688793061821838e-05 0 -0.0002255202595632277
leaf_weight=47 91 165 58 29 23 213 32 77 2597 30 62 349 57 333 166 40 123 819 52 109 41 519 152 93 97 1815 230 472 23 76
leaf_count=47 91 165 58 29 23 213 32 77 2597 30 62 349 57 333 166 40 123 819 52 109 41 519 152 93 97 1815 230 472 23 76
internal_value=0 -8.69925e-06 -1.65598e-05 -0.000190968 -0.000386753 3.47222e-05 7.34495e-05 -1.12764e-05 -1.57896e-05 -8.87623e-05 -0.000275169 -3.6716e-05 9.00643e-05 -4.85534e-06 7.57851e-06 0.000159488 0.000201437 -3.90151e-05 6.61872e-06 -3.24531e-05 1.2816e-05 3.30847e-05 6.45966e-05 8.47552e-05 0.000187568 0 -6.48745e-05 -2.73198e-06 -8.67831e-05 -0.000155769
internal_weight=8990 5425 4691 110 52 734 521 4581 4433 518 92 426 148 3915 2763 195 155 1152 326 161 3565 1479 861 709 190 2086 271 618 146 99
internal_count=8990 5425 4691 110 52 734 521 4581 4433 518 92 426 148 3915 2763 195 155 1152 326 161 3565 1479 861 709 190 2086 271 618 146 99
is_linear=0
shrinkage=0.05


Tree=80
num_leaves=29
num_cat=0
split_feature=348 19 348 38 298 49 58 56 85 47 25 40 221 255 364 64 19 6 376 344 301 211 25 285 363 241 200 256
split_gain=0.00038487 0.00063279 0.000666719 0.000900764 0.000735036 0.000532355 0.000522578 0.00132679 0.000473981 0.00078189 0.000456155 0.000566745 0.00041816 0.000365991 0.000721235 0.000717151 0.000892019 0.000586279 0.000464896 0.000354806 0.000252679 0.00020812 0.000194145 0.000193074 0.000155845 4.37793e-05 2.08859e-05 1.38729e-06
threshold=-21.390256881713864 -9.6378434499104806 -1.5457554658253982 1.6396921674410503 -0.12112099863588803 -1.7613085905710852 -2.6294901470343262 0.1931465566158295 -9.3085473378499319 0.75162069809933518 -0.067717939615249592 -3.1204048295815783 -0.19486347403999185 -1.8763026630401007 -2.7322268104644061 -1.0058851242065427 -3.5986655553181959 -0.81524554888407386 -0.0014141598636351498 -1.7308031717936196 -0.46068801482518507 -0.79575281895431471 0.048039990166823011 -0.38040932764609653 -2.7004904415166293 -2.1016745798214163 -0.99811950918781822 -0.92806280389536067
decision_type=10 2 10 2 10 2 2 2 2 2 2 2 10 8 8 2 2 2 2 10 10 10 2 8 10 10 10 10
left_child=21 2 4 -4 10 26 7 19 9 -8 20 -12 -9 15 17 16 -10 -15 -16 -3 -2 23 -17 -1 -22 -25 -6 -5
right_child=1 6 3 27 5 -7 8 12 13 -11 11 -13 -14 14 18 22 -18 -19 -20 -21 24 -23 -24 25 -26 -27 -28 -29
leaf_value=0 -0.00012958120125426074 -0.00015088515052158786 0 -0.0004282756750719418 0 0 -0.00031286930331541078 0.0003962346803060916 0 0 -0.00033424390018250316 0 0 0 1.8242118947818547e-05 -0.00012430173218068216 0.00021688852226068082 -0.00020169279688126863 -8.0128650637129713e-06 2.9208801841779446e-05 0.00011053634964826753 0 0 0 0 0.00018481446367318334 0.0003018096706943965 0
leaf_weight=35 33 38 33 30 20 20 32 36 138 24 32 26 36 119 2488 32 104 81 5206 23 38 66 137 20 38 60 24 21
leaf_count=35 33 38 33 30 20 20 32 36 138 24 32 26 36 119 2488 32 104 81 5206 23 38 66 137 20 38 60 24 21
internal_value=0 -1.57347e-06 -7.13085e-05 -0.000197052 -3.88235e-06 0.000112561 4.24813e-07 9.90365e-05 -5.4698e-07 -0.000145488 -7.84702e-05 -0.000193229 0.000253201 0 -1.96115e-06 4.63878e-05 0.000104955 -9.57218e-05 0 -1.21114e-06 0 7.20592e-05 -7.92229e-06 0.000112652 3.15822e-05 0.000155761 0.000220442 -0.000328594
internal_weight=8990 8809 315 84 231 64 8494 133 8361 56 167 58 72 8305 7894 411 242 200 7694 61 109 181 169 115 76 80 44 51
internal_count=8990 8809 315 84 231 64 8494 133 8361 56 167 58 72 8305 7894 411 242 200 7694 61 109 181 169 115 76 80 44 51
is_linear=0
shrinkage=0.05


Tree=81
num_leaves=31
num_cat=0
split_feature=375 50 195 19 31 373 369 51 259 69 65 233 206 369 32 305 22 234 24 208 228 369 348 93 78 85 314 226 243 93
split_gain=0.000364536 0.000650093 0.000907443 0.000989985 0.000837492 0.000640261 0.00093634 0.000827531 0.000623479 0.000596606 0.000493008 0.000580366 0.000465758 0.000437678 0.000613456 0.00112281 0.00059965 0.00181231 0.000386069 0.000607305 0.000691331 0.00091065 0.000720824 0.000885666 0.000644322 0.000580007 0.000504838 0.000500182 0.000491847 0.0004201
threshold=-0.037395754794959095 16.393929799397792 1.132155625776113 4.1288129488627119 0.88301980495452892 0.17624681560270175 0.77582251249466083 -0.8150153557459513 1.8063697353570312 5.7261679967244472 1.7345379193623862 1.968029052099683 0.16974701275957602 2.5420504208328478 0.43750802675882977 -2.3800179285384933 -3.3309316635131831 -0.55814104807008502 -0.19439288415014713 -0.37838142060569152 0.020339250360481252 0.58660324445500789 1.851686477661133 -1.0774785677591956 0.49808591604232794 -1.0209280649820958 -1.9667617456257089 -1.4232738066245807 -0.10936854959988954 1.0000000180025095e-35
decision_type=2 2 10 2 2 2 2 2 10 2 2 10 10 2 2 10 2 10 2 10 10 2 10 2 2 2 10 10 10 2
left_child=18 2 4 -4 13 -6 7 -7 -3 10 -5 -12 -8 16 15 -15 17 -2 -1 20 24 -22 23 -23 27 29 -26 -20 -29 -21
right_child=1 8 3 9 5 6 12 -9 -10 -11 11 -13 -14 14 -16 -17 -18 -19 19 25 21 22 -24 -25 26 -27 -28 28 -30 -31
leaf_value=-6.7529191376935549e-05 0 -0.00025875254418794796 0 0 0 0 -9.0320987131372834e-05 -0.00024791135693066332 0 0 0.00029173007515187862 0 0 4.7980177635216281e-05 0 -0.00014306050210806419 0 0.00033799589857116496 0 0 0 0 0 0.00038371955324237881 0 1.6377162362783275e-05 -0.00015682967500823061 9.1892509439826079e-05 0 -9.548902975413681e-05
leaf_weight=122 135 51 410 66 506 34 210 137 43 70 96 35 258 63 399 251 2607 54 242 354 71 21 21 68 29 1807 77 464 68 221
leaf_count=122 135 51 410 66 506 34 210 137 43 70 96 35 258 63 399 251 2607 54 242 354 71 21 21 68 29 1807 77 464 68 221
internal_value=0 -8.2507e-06 -4.97494e-06 4.75172e-05 -1.3686e-05 -5.08887e-05 -8.45253e-05 -0.000192758 -0.00014069 0.000122433 0.000166975 0.000226535 -3.42645e-05 -1.20595e-07 -3.6378e-05 -8.88091e-05 7.33806e-06 9.34018e-05 1.23304e-05 1.66142e-05 4.82297e-05 0.000143596 0.000233655 0.00029612 2.29193e-05 4.31502e-07 -7.73148e-05 4.31138e-05 7.1093e-05 -4.09795e-05
internal_weight=8990 5425 5331 677 4654 1145 639 171 94 267 197 131 468 3509 713 314 2796 189 3565 3443 1061 181 110 89 880 2382 106 774 532 575
internal_count=8990 5425 5331 677 4654 1145 639 171 94 267 197 131 468 3509 713 314 2796 189 3565 3443 1061 181 110 89 880 2382 106 774 532 575
is_linear=0
shrinkage=0.05


Tree=82
num_leaves=31
num_cat=0
split_feature=76 58 193 41 69 63 46 239 297 34 376 292 255 13 37 331 22 221 281 68 224 58 255 45 23 244 375 25 367 64
split_gain=0.000362055 0.000836339 0.000991469 0.000806724 0.00108719 0.000846734 0.000985006 0.000868977 0.000921307 0.000575239 0.00067267 0.000531258 0.000799882 0.000706199 0.000536798 0.000648849 0.000813665 0.000496533 0.000522786 0.000551553 0.000794489 0.000721735 0.000508493 0.000476383 0.000481485 0.000586977 0.000470162 0.000931788 0.00064772 0.000489636
threshold=-2.8973809878031411 -0.72876596450805653 -0.056727664219082395 -1.4417352676391599 0.14970454573631284 -1.0081770420074461 0.15338892241319022 -0.97923803952618771 -0.33131976922353107 -0.26099409659703565 0.0018865392961075003 -15.763919512430823 0.14332425984654965 -0.0030442805339892499 -1.7104385693868001 1.1909710374015694 -0.7927852074305215 -0.50177129723042291 -2.2889506109774613 -0.042860753834247541 -1.6402122876639049 0.11641905705134072 -2.4199011266737664 0.00066140639440460003 0.0016120310562352002 0.42037546042705037 -0.025469874561244697 -0.030778701106707194 0.22150020235056997 -4.1610522270202628
decision_type=2 2 10 2 2 2 2 10 10 2 2 8 10 2 2 10 2 10 10 2 10 2 10 2 2 10 2 2 2 2
left_child=3 2 9 17 5 26 7 -7 -9 -2 -11 12 -3 -13 15 16 -15 18 22 20 -20 -22 -1 24 -4 -26 27 -5 -29 -28
right_child=1 11 23 4 -6 6 -8 8 -10 10 -12 13 -14 14 -16 -17 -18 -19 19 -21 21 -23 -24 -25 25 -27 29 28 -30 -31
leaf_value=0 0 0 0 -1.9137572715115248e-05 4.7392817395744741e-05 -3.2471368214910219e-06 0 0 -0.00028797384948838904 0.00029086160534710779 0 3.5737814702980846e-05 -0.00028882993632615506 -0.00034768962498473322 -5.1195881705191469e-07 0 0 -4.1245947078243435e-05 0 0 0.00022143316179610339 0 -0.000167606654280793 0.00014957193580775684 -0.00030899697751191903 0 0 0.00027475862385983348 0 -0.00013496333316960994
leaf_weight=35 23 50 31 139 191 109 179 46 167 93 56 1366 39 42 5107 47 56 212 160 128 150 100 51 27 34 22 126 54 26 124
leaf_count=35 23 50 31 139 191 109 179 46 167 93 56 1366 39 42 5107 47 56 212 160 128 150 100 51 27 34 22 126 54 26 124
internal_value=0 5.24952e-06 8.92287e-05 -1.88873e-05 -4.69744e-05 -7.0713e-05 -0.000117517 -0.000170676 -0.000232851 0.000166247 0.00020383 9.21722e-07 -0.000119018 3.29197e-06 -4.19544e-06 -9.93813e-05 -0.000176477 1.41396e-05 4.09717e-05 6.38008e-05 9.32917e-05 0.00014904 -4.36794e-05 0 -8.19315e-05 -0.000178546 -1.00422e-05 2.91604e-05 0.000175419 -6.43736e-05
internal_weight=8990 6993 286 1997 1161 970 501 322 213 172 149 6707 89 6618 5252 145 98 836 624 538 410 250 86 114 87 56 469 219 80 250
internal_count=8990 6993 286 1997 1161 970 501 322 213 172 149 6707 89 6618 5252 145 98 836 624 538 410 250 86 114 87 56 469 219 80 250
is_linear=0
shrinkage=0.05


Tree=83
num_leaves=31
num_cat=0
split_feature=348 207 208 243 330 76 69 41 46 292 246 364 73 312 12 203 229 192 357 53 347 315 292 215 308 292 376 343 4 222
split_gain=0.000354088 0.000579222 0.000753507 0.000589309 0.00100222 0.000644906 0.000652324 0.0006503 0.000762231 0.00058726 0.000570548 0.000783687 0.000855501 0.000474878 0.000455476 0.000774815 0.000438447 0.00114093 0.000427891 0.000398517 0.000379456 0.000374275 0.000806498 0.00054123 0.000751565 0.000429332 0.0002999 0.000298573 0.00053759 0.000278132
threshold=-21.390256881713864 -1.4010088243209271 -1.2749491852752739 -1.4749700612774244 -2.6880648136138912 -2.8973809878031411 0.14970454573631284 -1.4695808887481687 0.15338892241319022 -13.113120714823403 -0.24559579166779658 -0.15912379310553243 -0.27365509668985993 1.3433403745486678 0.50080104296406114 1.0608703333838105 -0.89591371878259085 -0.73751121837855826 -3.0687516823984544 1.9253830115000412 -1.5760738054911296 -2.3998907988299396 -21.756464401880894 -2.2250098242261358 -2.6199839331739359 -21.756464401880894 -0.0051666652024782997 -2.8463140527407322 -0.089501634240150382 -0.15551532150828912
decision_type=10 10 10 10 10 2 2 2 2 10 10 10 2 10 2 10 10 10 10 2 10 10 10 10 10 10 2 10 2 10
left_child=-1 2 21 4 18 6 7 29 -9 26 11 13 -13 -7 19 -16 17 -6 -3 -12 -20 22 23 -2 -25 -23 -4 -18 -29 -5
right_child=1 3 9 5 16 10 -8 8 -10 -11 14 12 -14 -15 15 -17 27 -19 20 -21 -22 25 -24 24 -26 -27 -28 28 -30 -31
leaf_value=6.9010765072347548e-05 0 0 0 -2.1920203491690787e-05 0 1.7583583965912933e-05 3.7719514747635361e-05 -0.0001227034802302425 0 -1.8761910154057283e-05 -8.1289995828399577e-06 0.00017426503105801263 0 -0.00013041718025987042 -0.00011393734392305843 0 0 0.00029235270943520634 0.00039735947701385801 2.2203169713457335e-05 0 0.00024344810611172312 0 0 -0.000421774298869468 0 -0.0002685093150652579 -0.00019792769690426528 0 8.322293989293728e-05
leaf_weight=181 29 23 20 278 114 920 183 422 245 164 2909 186 209 54 237 206 77 44 38 1661 23 26 293 35 32 133 76 58 33 81
leaf_count=181 29 23 20 278 114 920 183 422 245 164 2909 186 209 54 237 206 77 44 38 1661 23 26 293 35 32 133 76 58 33 81
internal_value=0 -1.60649e-06 -4.22527e-05 1.87384e-06 6.04449e-05 -6.31756e-07 -3.46726e-05 -5.24599e-05 -8.16706e-05 -0.000113089 5.03392e-06 3.38746e-05 9.42915e-05 4.23271e-06 -1.84531e-06 -5.07432e-05 4.45625e-06 7.61548e-05 0.000218018 1.80163e-06 0.000287979 0 -3.44636e-05 -0.000160592 -0.000238958 5.4556e-05 -0.000222015 -3.32355e-05 -0.000101152 0
internal_weight=8990 8809 808 8001 410 7591 1209 1026 667 260 6382 1369 395 974 5013 443 326 158 84 4570 61 548 389 96 67 159 96 168 91 359
internal_count=8990 8809 808 8001 410 7591 1209 1026 667 260 6382 1369 395 974 5013 443 326 158 84 4570 61 548 389 96 67 159 96 168 91 359
is_linear=0
shrinkage=0.05


Tree=84
num_leaves=31
num_cat=0
split_feature=58 28 263 369 38 50 363 252 366 377 375 246 264 80 242 42 68 332 51 373 91 356 291 37 246 309 363 327 324 356
split_gain=0.000363883 0.000671016 0.000860856 0.000586819 0.000549691 0.000489505 0.000936648 0.000727802 0.000994818 0.000701247 0.000676694 0.000666475 0.00100812 0.000827518 0.000600737 0.000584401 0.0010013 0.000893988 0.000547712 0.000546504 0.00103008 0.000967399 0.000628839 0.000962961 0.000470594 0.00043995 0.000389869 0.000349201 0.00034372 0.000340781
threshold=2.6454539299011235 0.37702397505442303 0.77387938128929623 0.50041006550018119 1.6396968364715578 -6.115428924560546 -1.1901930884742182 -1.7639626208543586 0.04976759224854941 -0.81106839765302674 0.36117194602920727 -0.58031549054226172 -1.0601924640946339 -1.7591558297475176 -0.55886939421494619 -0.78948807716369618 0.13867124418417612 -1.0803882210510884 -1.1328419446945188 0.1942404660227631 -1.0057258208592732 1.0002555173616434 -0.78607380390167225 -1.5145891507466631 0.79943606310957926 -0.59060178861904544 2.7021990076252576 0.59999769926071178 2.0770079847425227 -4.0566098718041799
decision_type=2 2 10 2 2 2 10 10 2 2 2 10 10 2 10 2 2 10 2 2 2 10 10 2 10 10 10 10 10 10
left_child=1 5 -3 -4 26 6 7 29 9 -9 19 12 25 -14 -10 -12 17 -17 -18 20 -7 -22 23 -21 27 -8 -2 -6 -5 -1
right_child=4 2 3 28 24 10 11 8 14 -11 15 -13 13 -15 -16 16 18 -19 -20 22 21 -23 -24 -25 -26 -27 -28 -29 -30 -31
leaf_value=0 -6.7825623535905087e-05 1.1555212477293755e-05 0 0.00018764624547819503 0 -4.5456660380266058e-07 7.6808253148323186e-05 -0.00016729713231186864 -2.3379413230597575e-05 0 0 0 0 0.00026540031244322299 0.00010366473553416346 0 -0.00011760450519550652 -0.00029271986252550375 3.5397555540281129e-06 -0.00016257691657061568 0.00013843243633832495 0 0 -1.6507745152075185e-05 -5.5315522113312459e-06 -8.1852833082730718e-05 0 0.00019236419290433486 0 0.00010510606493736189
leaf_weight=21 674 1291 100 173 46 1729 135 173 176 142 212 87 21 132 139 28 112 96 194 181 282 142 1061 585 617 47 138 55 22 179
leaf_count=21 674 1291 100 173 46 1729 135 173 176 142 212 87 21 132 139 28 112 96 194 181 282 142 1061 585 617 47 138 55 22 179
internal_value=0 4.47241e-06 3.35841e-05 0.000113008 -2.22939e-05 -2.53709e-06 2.40056e-05 -1.07785e-06 -3.3184e-05 -9.9054e-05 -1.08091e-05 8.51744e-05 0.000118787 0.000217401 1.68285e-05 -5.87822e-05 -9.24954e-05 -0.00021987 -2.449e-05 -1.81315e-06 1.38448e-05 8.3931e-05 -2.30013e-05 -5.75661e-05 3.40268e-06 8.35545e-06 -5.11703e-05 0.000107389 0.000163818 7.50351e-05
internal_weight=8990 7460 1586 295 1530 5874 1252 830 630 315 4622 422 335 153 315 642 430 124 306 3980 2153 424 1827 766 718 182 812 101 195 200
internal_count=8990 7460 1586 295 1530 5874 1252 830 630 315 4622 422 335 153 315 642 430 124 306 3980 2153 424 1827 766 718 182 812 101 195 200
is_linear=0
shrinkage=0.05


Tree=85
num_leaves=31
num_cat=0
split_feature=236 58 210 365 224 54 376 277 273 357 68 345 340 228 344 227 257 305 58 277 363 307 292 238 355 239 28 90 357 351
split_gain=0.000341597 0.000921946 0.00086633 0.000761637 0.000742797 0.000864614 0.000736604 0.000698493 0.00087812 0.00085438 0.000635854 0.000624168 0.000566516 0.000560207 0.00064766 0.000555818 0.000526415 0.000496884 0.000411519 0.000969692 0.000497136 0.000765291 0.000535684 0.000406654 0.000455384 0.000434591 0.000335055 0.000427299 0.000397012 0.000328291
threshold=-1.4171626051538035 -1.3258773485819497 -1.4098587071734328 -0.07835666644598463 -1.46383236814896 0.94104691346486413 0.0044721387479059512 -1.8208350566643439 -2.2451525405496757 -3.7614394243157254 0.48190431421001761 -3.758853316307067 -0.043576200803120892 -1.050339851357202 -3.5229309101899466 -0.68010419406225786 -1.7716845071647491 -3.8354314589030944 3.6881326039632163 0.77788388584231949 -0.1760870639394588 0.42591374955337519 7.5405985514322937 -0.60478605993519496 1.338215928873556 -0.65964455705741842 -0.12082420786221819 -0.51805609464645375 -3.3497686335771846 -1.9665561119715371
decision_type=10 2 8 10 10 2 2 10 10 10 2 8 10 10 10 10 10 10 2 10 8 10 10 10 10 10 2 2 10 10
left_child=2 3 7 4 -2 6 17 8 9 -1 16 -4 -5 15 29 -3 -9 -6 20 -20 22 -22 -16 -13 25 -25 -17 -28 -29 -15
right_child=1 13 11 12 5 -7 -8 10 -10 -11 -12 23 -14 14 18 26 -18 -19 19 -21 21 -23 -24 24 -26 -27 27 28 -30 -31
leaf_value=0 0 -1.0644195242643872e-06 -0.00019034384571408553 -0.00019733645982093089 0 0 0 0 4.2854191374568184e-06 -0.00036310886627061834 0 0 3.256208407102063e-05 0 -2.910791191282497e-06 0 0.00022854430021510059 0.00027183092870490755 -0.00020079496542113923 0 4.6321261578448666e-05 0 -8.8648581709488652e-05 0 0 -0.00020248742748399818 0 0 -0.00018004829532132093 0.00010809867711193368
leaf_weight=21 53 536 110 35 24 27 28 48 84 35 84 209 48 49 2116 21 86 154 83 322 1332 2599 219 88 31 88 43 27 172 218
leaf_count=21 53 536 110 35 24 27 28 48 84 35 84 209 48 49 2116 21 86 154 83 322 1332 2599 219 88 31 88 43 27 172 218
internal_value=0 3.08451e-06 -2.96431e-05 8.03337e-05 0.000122375 0.000162318 0.000200715 2.00165e-05 -4.61324e-05 -0.000210759 8.54244e-05 -7.29431e-05 -4.33542e-06 0 3.9607e-06 -4.02047e-05 0.000154021 0.000238663 1.49452e-07 -4.7817e-05 4.0484e-06 1.55046e-05 -1.30968e-05 -2.9845e-05 -8.18445e-05 -0.00011976 -0.000100939 -0.00012055 -0.000151777 8.04294e-05
internal_weight=8990 8106 884 369 286 233 206 358 140 56 218 526 83 7737 6938 799 134 178 6671 405 6266 3931 2335 416 207 176 263 242 199 267
internal_count=8990 8106 884 369 286 233 206 358 140 56 218 526 83 7737 6938 799 134 178 6671 405 6266 3931 2335 416 207 176 263 242 199 267
is_linear=0
shrinkage=0.05


Tree=86
num_leaves=31
num_cat=0
split_feature=375 306 334 314 296 28 28 362 210 367 280 48 33 281 50 11 19 363 356 367 304 37 56 349 371 22 301 14 371 249
split_gain=0.00032893 0.000510599 0.00113948 0.000635608 0.000727651 0.000988137 0.00086706 0.000601644 0.000569045 0.000474299 0.00047259 0.000397119 0.000577498 0.000383268 0.000377352 0.000699419 0.000535411 0.00105936 0.000877636 0.000769678 0.000784241 0.000650909 0.000488796 0.000499253 0.000422259 0.00038181 0.000505607 0.000456875 0.000376172 0.000371784
threshold=0.55598552999394912 -0.13300499345007924 0.84743841140721043 -0.11669393132035029 0.090041507345934815 0.80010382334391283 0.029699032505353256 -0.28122967201905769 -1.6003826176462297 -0.098918685838432732 -1.6546036949322982 14.048549652099611 -0.65811665852864565 -0.60101923353795217 9.5513198375701922 0.14549718300501507 3.8951153755187988 -1.0947040132049373 0.19706806393475326 0.16085652182970953 0.94950274364288045 0.41559131940205896 1.3043009837468467 3.1914998292922974 -1.5406379421156753 2.4414556026458745 0.12858000894387564 -0.0033522653393446996 -2.7573258004750332 -1.1977440140564213
decision_type=2 10 10 10 10 2 2 10 10 2 10 2 2 10 2 2 2 10 10 2 10 2 2 10 2 2 10 2 2 10
left_child=11 7 3 -3 5 6 -5 8 9 -2 -10 14 -13 -9 16 -16 25 18 21 24 -21 -18 23 -17 -19 29 27 -27 -12 -1
right_child=1 2 -4 4 -6 -7 -8 13 10 -11 28 12 -14 -15 15 22 17 19 -20 20 -22 -23 -24 -25 -26 26 -28 -29 -30 -31
leaf_value=-2.3856896933381025e-05 0.00020009753864030856 0 0 0 0 0 -0.00036287833509819471 0 0 0 0 0.00016976112930534718 0 0.00013919772870981913 4.1342694498176307e-06 0 -0.00033145936921470036 0 5.6542015854207909e-06 8.7864324827347526e-05 -8.0248006683948135e-05 0 -2.4888139118866719e-06 -0.00025089019742362978 0.00013585560730342979 0 0 -0.00012161660108070545 -0.00014822527396884255 9.0749744195221839e-06
leaf_weight=992 36 74 242 28 36 32 98 33 39 35 21 87 153 115 237 38 41 58 47 142 134 30 156 80 346 40 246 224 160 4990
leaf_count=992 36 74 242 28 36 32 98 33 39 35 21 87 153 115 237 38 41 58 47 142 134 30 156 80 346 40 246 224 160 4990
internal_value=0 -2.80563e-05 -6.29757e-05 -0.000134801 -0.000182444 -0.000228847 -0.000291979 1.12886e-06 -2.82709e-05 6.04322e-05 -7.96291e-05 3.05883e-06 6.66437e-05 9.26761e-05 4.60856e-07 -4.02573e-05 4.00141e-06 4.27012e-05 -7.67463e-05 7.0789e-05 0 -0.000201548 -9.68834e-05 -0.000179231 0.000114871 0 -4.21991e-05 -9.06952e-05 -0.00011929 2.77772e-06
internal_weight=8990 949 510 268 194 158 126 439 291 71 220 8041 240 148 7801 511 7290 798 118 680 276 71 274 118 404 6492 510 264 181 5982
internal_count=8990 949 510 268 194 158 126 439 291 71 220 8041 240 148 7801 511 7290 798 118 680 276 71 274 118 404 6492 510 264 181 5982
is_linear=0
shrinkage=0.05


Tree=87
num_leaves=31
num_cat=0
split_feature=273 194 50 375 198 8 306 57 295 210 257 228 276 256 368 259 0 246 292 274 39 211 307 44 76 252 251 243 244 14
split_gain=0.000337858 0.00059705 0.000515241 0.000499561 0.000637206 0.00100664 0.000610659 0.000464552 0.000446054 0.000813352 0.000740882 0.000603464 0.000554983 0.000518845 0.000409687 0.000380561 0.000362169 0.000717055 0.000695217 0.000830573 0.0013491 0.00064767 0.000491043 0.000573083 0.000548336 0.000455005 0.000418512 0.000400693 0.000431438 0.000580598
threshold=1.6025379188128555 1.902795229486226 7.2164624532063817 -0.10005402072037949 -0.23712529992044237 3.1442087491353354 0.29821642348180072 2.9653151830037441 -0.24613769849141412 1.2336333935796688 -0.18036888327770487 0.59701074101723084 -0.18620734335049968 2.1465889886672511 3.6491969381752249 0.35271737465785136 0.50338880221048998 0.2943731311003781 7.0321613152821865 -0.45101453048868329 -0.030939737955729098 -0.23185576227584462 2.1441897936518504 1.1423681577046714 3.0166778564453129 -0.10468511651930824 0.6341607050800403 1.0329405229249391 0.98394685386621639 -0.005016122323771249
decision_type=10 10 2 2 10 2 10 2 10 10 10 10 10 10 2 10 2 10 10 10 2 10 10 2 2 10 10 10 10 2
left_child=2 8 16 -4 -5 6 -6 -3 12 10 -10 -12 -2 -13 -8 -14 18 27 22 -20 21 -21 23 24 -1 -25 -24 28 29 -18
right_child=1 7 3 4 5 -7 14 -9 9 -11 11 13 15 -15 -16 -17 17 -19 19 20 -22 -23 26 25 -26 -27 -28 -29 -30 -31
leaf_value=-3.2364802124296668e-06 9.7354137227883316e-05 0 0 0 0 0 -0.0003157254664989928 -0.00020728468362304927 0 0 0 0.00024221128278240284 -0.00023062909170097962 0 0 0 0 0 1.1966520271902383e-05 0 0 -0.00031255716746058526 0.00015178820738700132 0 9.4184825525876057e-05 -0.00011975728997756506 0 0 0 0.00015161098122404705
leaf_weight=4602 29 40 303 66 35 146 93 38 75 283 63 163 39 29 27 35 85 1556 88 24 135 92 95 71 149 185 45 86 51 262
leaf_count=4602 29 40 303 66 35 146 93 38 75 283 63 163 39 29 27 35 85 1556 88 24 135 92 95 71 149 185 45 86 51 262
internal_value=0 3.09706e-05 -3.1815e-06 -4.52333e-05 -8.44803e-05 -0.000118288 -0.000208299 -7.80411e-05 4.98377e-05 6.85036e-05 0.000121966 0.000162819 -1.27134e-05 0.000207503 -0.000262192 -0.000123398 0 1.85254e-05 -6.11703e-06 -7.56704e-05 -0.000126301 -0.000252093 -5.63195e-07 -4.1068e-06 0 -7.6968e-05 9.0395e-05 7.17587e-05 9.36908e-05 0.000114783
internal_weight=8990 794 8196 670 367 301 155 78 716 613 330 255 103 192 120 74 7526 2040 5486 339 251 116 5147 5007 4751 256 140 484 398 347
internal_count=8990 794 8196 670 367 301 155 78 716 613 330 255 103 192 120 74 7526 2040 5486 339 251 116 5147 5007 4751 256 140 484 398 347
is_linear=0
shrinkage=0.05


Tree=88
num_leaves=31
num_cat=0
split_feature=221 366 215 276 238 376 75 368 228 332 246 202 364 25 33 23 243 269 276 215 52 75 192 265 39 217 310 352 297 201
split_gain=0.000316446 0.000455742 0.000516927 0.000447951 0.000664356 0.000626655 0.000721189 0.000838286 0.000487225 0.000778195 0.000488247 0.0014953 0.000940561 0.000580606 0.000538338 0.000596385 0.000489962 0.000387428 0.000419144 0.000296286 0.00029359 0.000281335 0.000485529 0.000276344 0.000266937 0.000208127 0.000176076 0.000170676 0.00020805 0.000136355
threshold=2.4680787375009032 0.012273144992453602 1.7689070229448942 1.4508346334598639 1.6068396110280514 -0.0011771688537040496 0.74036383628845226 5.1220600421855558 2.0814994556356585 1.9185830616626536 -0.25783428869991298 0.57496937499517553 -0.15912379310553243 0.0044811939199765009 -1.621351639429728 0.0039731959501901502 0.59177234400760759 1.6582271329351441 0.6041828111008446 1.319101497063325 3.0688918431599941 0.84778149922688806 1.9910143656507111 2.3110877611444542 3.6597288449605307 0.3191804692377907 2.8480633409505951 1.3599322636922202 1.0334486265977227 1.3709392457288729
decision_type=8 2 8 10 10 2 2 2 10 10 10 10 10 2 2 2 10 10 10 10 2 2 10 10 2 10 10 10 10 10
left_child=3 2 17 4 8 19 -7 20 10 -10 11 12 -1 -13 15 -12 -16 18 -2 24 -8 -5 23 27 -6 -11 -21 28 -23 -3
right_child=1 29 -4 21 5 6 7 -9 9 25 14 13 -14 -15 16 -17 -18 -19 -20 26 -22 22 -24 -25 -26 -27 -28 -29 -30 -31
leaf_value=-4.9503084475147382e-06 0 6.3587934024149581e-05 0 0 -0.00014401821615371078 0 -0.0003920822476030923 0 0 0 0 0 6.4958808943186631e-05 0.00025213186384883394 5.890689805484316e-06 -0.00017187636161168499 -2.8922198380658118e-05 0 -0.00030479999682442711 0.00020103202187504067 0 0.00013785713349293406 -5.7743317331588995e-07 0 0 0.00032915720436858597 0 0 0 -2.0326557045363058e-05
leaf_weight=2671 40 75 86 270 44 52 51 20 60 20 94 33 567 90 2470 110 1553 23 56 23 20 247 56 23 32 34 24 24 32 90
leaf_count=2671 40 75 86 270 44 52 51 20 60 20 94 33 567 90 2470 110 1553 23 56 23 20 247 56 23 32 34 24 24 32 90
internal_value=0 -4.54275e-05 -9.63273e-05 1.78141e-06 -8.68949e-07 -7.88928e-05 -0.000150072 -0.000234879 1.17754e-06 0.000103774 0 1.38522e-05 5.74886e-06 0.00018638 -1.16699e-05 -9.29023e-05 -6.3057e-06 -0.000163798 -0.000208158 0 -0.000316485 4.18338e-05 6.94796e-05 9.68431e-05 -5.70112e-05 0.000242226 0.000102347 0.000111219 0.000122319 0
internal_weight=8990 370 205 8620 7968 266 143 91 7702 114 7588 3361 3238 123 4227 204 4023 119 96 123 71 652 382 326 76 54 47 303 279 165
internal_count=8990 370 205 8620 7968 266 143 91 7702 114 7588 3361 3238 123 4227 204 4023 119 96 123 71 652 382 326 76 54 47 303 279 165
is_linear=0
shrinkage=0.05


Tree=89
num_leaves=31
num_cat=0
split_feature=375 48 366 67 305 58 279 334 28 19 30 213 298 366 41 334 291 310 58 314 339 355 284 239 243 62 334 220 369 240
split_gain=0.000315906 0.000441552 0.000544822 0.000442149 0.000794073 0.000531277 0.000660068 0.000534875 0.000500174 0.000738393 0.000527191 0.000861917 0.00085423 0.000702943 0.000659691 0.000470618 0.000446907 0.000465287 0.000445288 0.000438935 0.000344938 0.000383653 0.000299963 0.000276891 0.00025032 0.000212732 0.000210357 0.00020812 0.000272871 0.000207862
threshold=-0.46366599580580997 -17.046490987141926 0.13541070190192936 2.5053176085154218 0.22230304996863554 2.6302092870076499 1.2751313732025416 0.90980914904610899 0.43818257252375287 -0.71944411595662427 -1.6873971621195474 -0.1713054576136068 0.010013182957967102 0.071885590453401815 -1.1614329814910886 -0.89275675674201305 3.2841537793477382 4.207154328431483 -1.2684655189514158 1.5212704316601344 1.1266974694722582 -1.9311579933530605 -0.050155348454912443 0.57062380853699646 0.024661837127288654 0.24934210379918412 0.32473420265375413 -0.018336755140147997 1.1343477121535437 -1.58555134010118
decision_type=2 2 2 2 10 2 8 10 2 2 2 10 10 2 2 8 10 10 2 10 10 10 10 10 10 2 10 10 2 10
left_child=25 2 -2 8 22 6 -6 -8 10 24 13 12 -12 15 -15 -3 19 -18 -13 -7 21 -11 -5 -22 -10 29 -26 -24 -29 -1
right_child=1 3 -4 4 5 16 7 -9 9 20 11 18 -14 14 -16 -17 17 -19 -20 -21 23 -23 27 -25 26 -27 -28 28 -30 -31
leaf_value=0 0 -2.8580197507004638e-05 -0.00026972544975870653 0 0 -5.0938437253448495e-05 0 0.00023182756235554035 7.81788147176212e-06 0 -3.1956675931549566e-05 0.00013503793394537767 -0.00018610606275973299 0.00011863634567718396 0 1.8079973756450918e-05 -0.00011643584760606524 0 -4.49463416995166e-06 7.3749833034631539e-05 -4.4041809555054091e-05 9.5569884494351926e-05 0 4.4075042645998468e-05 -8.7126763587082323e-05 0 0 0 -0.00027126023753263435 6.3807291171077288e-05
leaf_weight=54 84 924 35 40 106 148 20 67 286 23 809 59 132 263 215 1290 222 40 1758 131 110 525 27 248 157 605 89 29 68 426
leaf_count=54 84 924 35 40 106 148 20 67 286 23 809 59 132 263 215 1290 222 40 1758 131 110 525 27 248 157 605 89 29 68 426
internal_value=0 -3.66939e-06 -0.000100022 -1.55331e-06 -3.49118e-05 -5.3821e-06 5.66118e-05 0.000161403 2.07025e-06 2.87689e-05 -4.05725e-06 -2.00725e-05 -5.89106e-05 1.04935e-05 6.55419e-05 0 -3.6745e-05 -8.39655e-05 0 0 5.73278e-05 8.36684e-05 -0.000136522 3.03271e-06 -1.0472e-05 2.50946e-05 -5.20473e-05 -0.000175182 -0.000211141 5.03095e-05
internal_weight=8990 7905 119 7786 898 734 193 87 6888 1438 5450 2758 941 2692 478 2214 541 262 1817 279 906 548 164 358 532 1085 246 124 97 480
internal_count=8990 7905 119 7786 898 734 193 87 6888 1438 5450 2758 941 2692 478 2214 541 262 1817 279 906 548 164 358 532 1085 246 124 97 480
is_linear=0
shrinkage=0.05


Tree=90
num_leaves=31
num_cat=0
split_feature=348 207 245 32 235 351 218 10 241 59 208 370 313 312 295 58 46 263 245 298 208 12 19 228 73 208 239 59 64 9
split_gain=0.00030441 0.000499143 0.00100317 0.00101353 0.000727203 0.000697713 0.000839076 0.000748258 0.000731922 0.000785935 0.000673427 0.000531821 0.000489992 0.000525065 0.000468947 0.000641654 0.000664433 0.00057123 0.000512999 0.000438964 0.000438291 0.000426403 0.000349144 0.000327032 0.000591664 0.000772332 0.000307408 0.000285624 0.00039435 0.000360621
threshold=-21.390256881713864 -1.4010088243209271 -2.0834333003539762 0.27671027183532715 -1.6421112985395132 -1.7404821713765457 0.16903891962805381 0.74366823832194018 -0.94333777055562973 -4.0065271059672032 -1.2749491852752739 1.1382458887101599 -2.3933241067253088 -2.1377108026418372 -1.7587973475456236 -0.2492167154947916 0.037733313937981905 0.35378783828788435 -1.1464157922889215 0.045426604648431006 0.14858321173250877 -0.044698891540368345 -9.6378434499104806 -1.8050621471922128 -10.281471570332846 -2.4117206114885281 -0.97923803952618771 -3.3405179182688394 -0.36131280660629267 1.6775001684824626
decision_type=10 10 10 2 10 10 10 2 10 2 10 2 10 8 10 2 2 10 10 10 10 2 2 8 2 10 10 2 2 2
left_child=-1 10 3 4 -3 6 8 -8 9 -4 12 -10 23 21 15 16 -7 -17 19 -16 -20 -14 -12 24 25 -2 -6 29 -29 -5
right_child=1 2 5 27 26 14 7 -9 11 -11 22 -13 13 -15 18 17 -18 -19 20 -21 -22 -23 -24 -25 -26 -27 -28 28 -30 -31
leaf_value=6.386623944253927e-05 -0.00036864276263955966 0 0 -0.00020671142879495486 0 0.00028092814965943513 -0.00045178628728958706 0 0 -0.0002114672917731013 -0.00022540220084717898 0.00017434819478647138 0 0 -0.00011653657590290053 0 0 0.00012882437276115228 1.8294548401167381e-05 0 -8.842025672899583e-06 0.00022568877644704415 -3.5883742698079647e-05 0 0 0 0.00043665628080161064 0.00024473859898478401 0 0
leaf_weight=181 35 22 80 27 22 55 27 32 154 85 70 48 29 69 176 617 56 93 2342 36 4001 60 190 175 149 31 40 24 40 24
leaf_count=181 35 22 80 27 22 55 27 32 154 85 70 48 29 69 176 617 56 93 2342 36 4001 60 190 175 149 31 40 24 40 24
internal_value=0 -1.59234e-06 1.59399e-06 0.000112625 0.000245271 -5.98557e-07 -6.32849e-05 -0.000248881 -1.9768e-05 -0.000105589 -3.93277e-05 2.56105e-05 0 6.57054e-05 2.34483e-06 3.82337e-05 0.000155529 1.28353e-05 -1.38792e-06 -7.81132e-05 3.89373e-07 0.000149643 -0.000106198 -3.72893e-05 -7.95154e-05 -0.00020725 0.000332784 0 8.44955e-05 -7.08378e-05
internal_weight=8990 8809 8001 199 84 7802 426 59 367 165 808 202 548 158 7376 821 111 710 6555 212 6343 89 260 390 215 66 62 115 64 51
internal_count=8990 8809 8001 199 84 7802 426 59 367 165 808 202 548 158 7376 821 111 710 6555 212 6343 89 260 390 215 66 62 115 64 51
is_linear=0
shrinkage=0.05


Tree=91
num_leaves=31
num_cat=0
split_feature=76 238 270 244 211 376 278 58 193 334 241 334 325 34 376 336 252 85 281 229 10 361 318 279 237 88 92 292 255 50
split_gain=0.000306822 0.000723047 0.000952383 0.00102061 0.000752763 0.000775919 0.000700368 0.000659468 0.000866977 0.000649787 0.000614788 0.00056081 0.000557325 0.000515023 0.000575299 0.000513334 0.00061308 0.00063132 0.000423898 0.000591496 0.000534909 0.000503689 0.000422345 0.000414283 0.000407036 0.000499614 0.000421402 0.000404302 0.000680973 0.000492537
threshold=-2.8973809878031411 -2.3220423156799246 -2.2436007524120893 -1.9625025829506526 -0.54611943992617917 -0.0024228536951901992 -1.5508337373557537 -0.72876596450805653 -0.056727664219082395 -0.89275675674201305 0.11195556553129611 -1.7044090342186144 0.29098325967788691 -0.25113216756532591 0.0018865392961075003 -0.51858513405193674 -1.4093655871257911 -2.225784063339233 -0.69526036599388596 -0.47046373178650608 0.087044854958852072 -0.96019037451742917 0.34685570644541436 -0.27836405705358397 0.053217646461065707 -1.2563414573669431 0.41919926802317303 -15.763919512430823 0.14332425984654965 -5.5049762725830069
decision_type=2 10 10 10 10 2 10 2 10 10 10 10 10 2 2 10 10 2 10 10 2 10 10 10 10 2 2 8 10 2
left_child=1 2 -1 -4 9 18 -5 8 13 15 11 -7 -13 -2 22 16 -3 -18 20 -20 -6 -22 -15 -10 25 -11 -27 28 -9 -29
right_child=7 4 3 6 5 10 -8 27 23 24 -12 12 -14 14 -16 -17 17 -19 19 -21 21 -23 -24 -25 -26 26 -28 29 -30 -31
leaf_value=-1.4060838486874142e-05 0 0 0 0 0 0 0.00045577030336861493 0 -0.00021990967544250332 0 0 -0.00017405509883944195 0 0.00032777294677411532 0 7.73903275701836e-05 -0.00011721034599734106 0 0.00017904963190836323 0 0 -0.00030345215833727608 0 1.2822046590511058e-05 -3.1519181021716498e-05 0.00012947638664917237 0 5.8415827229380864e-05 -0.00026089140299476605 0
leaf_weight=38 24 259 21 23 36 92 37 50 21 46 69 315 44 72 56 69 334 87 65 70 23 33 20 93 42 256 38 377 39 6241
leaf_count=38 24 259 21 23 36 92 37 50 21 46 69 315 44 72 56 69 334 87 65 70 23 33 20 93 42 256 38 377 39 6241
internal_value=0 -1.75506e-05 9.30307e-05 0.000204879 -2.72245e-05 -6.61978e-05 0.000314797 4.66061e-06 7.92521e-05 0 -0.000100122 -0.000122331 -0.000150676 0.000151774 0.000188314 -2.85239e-05 -4.66328e-05 -8.45688e-05 0 6.71006e-05 -7.00131e-05 -0.000178563 0.000269519 0 5.15397e-05 7.65078e-05 0.000104957 7.33264e-07 -0.000103739 2.89528e-06
internal_weight=8990 1997 119 81 1878 747 60 6993 286 1131 520 451 359 172 148 749 680 421 227 135 92 56 92 114 382 340 294 6707 89 6618
internal_count=8990 1997 119 81 1878 747 60 6993 286 1131 520 451 359 172 148 749 680 421 227 135 92 56 92 114 382 340 294 6707 89 6618
is_linear=0
shrinkage=0.05


Tree=92
num_leaves=31
num_cat=0
split_feature=375 67 328 85 346 190 30 293 87 25 272 279 351 360 203 329 232 58 69 28 294 248 59 208 319 67 377 76 375 303
split_gain=0.000306914 0.000572107 0.000973214 0.00065894 0.000809487 0.00086365 0.000908289 0.000829839 0.00076409 0.000572968 0.00119495 0.000826106 0.000564811 0.000853458 0.000783751 0.000535059 0.000533451 0.000497095 0.000512822 0.000479503 0.000465335 0.00105456 0.000908526 0.000545958 0.000447206 0.000442074 0.000427596 0.000959664 0.000592258 0.000409246
threshold=-0.21014192636942838 2.6121249993642173 0.49443117777506523 2.1053361097971606 4.5518021583557138 0.56744407984237666 -0.40299075841903681 0.2804580231507619 2.2315770785013838 0.10550109048684432 1.3636532923886502 0.6190074893726184 1.2821265856424968 -0.26316262032345866 1.1588946441699133 0.38466870784759505 1.5510738011710623 2.1916052500406908 -1.0272106726964312 0.4547161261240642 -1.2427925666173298 -1.4575879540026688 -3.1971394220987954 -1.6096440196280717 1.8365439059516822 2.7583959897359218 -0.82978359625231712 -6.614670117696126 0.023786770968800951 2.704936688252602
decision_type=2 2 10 2 10 10 2 10 2 2 10 10 10 10 10 10 10 2 2 2 8 10 2 8 10 2 2 2 2 10
left_child=-1 3 16 12 5 6 19 -8 15 10 11 -6 20 -14 24 -7 17 -3 -19 -5 21 23 -23 -2 -15 -20 27 -22 -28 -4
right_child=1 2 29 4 9 8 7 -9 -10 -11 -12 -13 13 14 -16 -17 -18 18 25 -21 26 22 -24 -25 -26 -27 28 -29 -30 -31
leaf_value=1.5261558398311787e-05 0.0001273307643508405 0 -3.2396279601534464e-05 0.00014955642069301757 0 0.00031368640355163333 -0.00018537123916238286 0 0 1.5059135397817582e-05 0 -0.00039615277392773688 2.9948739330960892e-05 -0.00028012498041580678 0 3.592908001386742e-05 0 0 0 0 -0.00014067706122041466 -0.00014932416762948039 -1.8429775352669216e-06 0 0 -0.00028926305493904642 6.7605879436329397e-05 -1.5010515607752831e-07 0 8.6121772233105936e-05
leaf_weight=2356 105 52 232 139 20 86 72 131 61 121 40 42 35 87 30 83 34 23 52 33 132 259 299 113 27 108 514 2537 1062 105
leaf_count=2356 105 52 232 139 20 86 72 131 61 121 40 42 35 87 30 83 34 23 52 33 132 259 299 113 27 108 514 2537 1062 105
internal_value=0 -5.73915e-06 -5.2151e-05 -2.43097e-07 4.02698e-05 7.29161e-05 1.09195e-05 -4.45415e-05 0.000152219 -2.58813e-05 -0.000123387 -0.000270438 -7.65617e-06 -9.61336e-05 -0.000161476 0.000206943 -0.000123155 -0.000151767 -0.000190687 0.000105417 -3.50427e-06 -3.9481e-05 -7.9271e-05 3.9431e-05 -0.000223836 -0.000222695 1.89534e-06 -8.97841e-06 2.34821e-05 0
internal_weight=8990 6634 606 6028 828 605 375 203 230 223 102 62 5200 179 144 169 269 235 183 172 5021 776 558 218 114 160 4245 2669 1576 337
internal_count=8990 6634 606 6028 828 605 375 203 230 223 102 62 5200 179 144 169 269 235 183 172 5021 776 558 218 114 160 4245 2669 1576 337
is_linear=0
shrinkage=0.05


Tree=93
num_leaves=31
num_cat=0
split_feature=85 239 58 7 332 318 346 310 61 18 19 350 250 349 12 252 367 372 76 376 57 289 231 329 325 333 303 236 220 89
split_gain=0.00027854 0.000692651 0.000615939 0.000672083 0.000495176 0.000584205 0.000521967 0.000490798 0.000429312 0.00049859 0.000474944 0.000588114 0.00056965 0.000571835 0.000436429 0.000969086 0.000623501 0.000571716 0.00048539 0.000694379 0.000421494 0.000416068 0.000385957 0.000275207 0.000269306 0.000211065 6.96439e-05 6.92785e-05 8.32175e-05 3.16468e-05
threshold=9.7308291594187448 0.48017422599440551 3.6881326039632163 4.5933726628621425 4.1717367214201397 0.82364996436282756 5.4718287785847988 1.2922027224409081 5.25823481877645 2.0389468669891366 6.3749748865763349 -9.658018906911213 1.2164759977981945 13.450812021891279 0.53687880436579394 0.25438195255347168 0.13488300719389124 -0.047425823378529443 5.6221536000569667 0.0010793848273145002 2.0309168497721362 8.4579973419507368 -0.3857841341982578 0.020174821217854706 -0.05037307739257809 2.8197885879541089 0.6612261174960895 1.2836940056777977 1.9623148061271733 3.6264575322469077
decision_type=2 10 2 2 10 10 10 10 2 2 2 10 10 10 2 10 2 2 2 2 2 10 10 10 10 10 10 10 10 2
left_child=2 23 8 7 5 20 -7 29 10 -10 14 24 13 -13 18 16 -16 -17 22 -20 -3 25 -1 -2 -12 -9 -14 -5 -29 -4
right_child=1 4 3 27 -6 6 -8 21 9 -11 11 12 26 -15 15 17 -18 -19 19 -21 -22 -23 -24 -25 -26 -27 -28 28 -30 -31
leaf_value=-1.3954254566749485e-05 0 -0.00021290217272172145 -3.8600013642979646e-05 0 -0.00020067064573058778 0.0002436024755312513 0 -0.0003070294713855641 -0.00025545311421739666 0 -0.00017170352324764597 0.00014157867326833329 -7.4822348877533033e-05 0 4.8300906663957686e-05 -0.00016744040490502678 -0.00010325441843133428 0 0.00012276318642810574 0 0 0 9.8635410274192427e-06 0.00025882431249883746 0 0 0 9.6311521815163541e-05 0 0
leaf_weight=3034 25 24 53 35 26 49 50 64 35 54 29 267 31 63 270 175 87 72 198 140 59 22 3845 46 35 25 80 41 22 34
leaf_count=3034 25 24 53 35 26 49 50 64 35 54 29 267 31 63 270 175 87 72 198 140 59 22 3845 46 35 25 80 41 22 34
internal_value=0 4.89442e-05 -1.78497e-06 -7.27583e-05 0 3.2039e-05 0.000127412 -0.00012804 1.182e-07 -0.000108247 1.87837e-06 4.90366e-05 7.52865e-05 0.000109033 -5.27921e-07 -4.18325e-05 0 -0.000118671 2.23664e-06 6.07938e-05 -2.15676e-05 -0.000200689 0 0.000183735 -5.36736e-05 -0.000248787 0 0 5.23907e-05 0
internal_weight=8990 279 8711 296 208 182 99 198 8415 89 8326 505 441 330 7821 604 357 247 7217 338 83 111 6879 71 64 89 111 98 63 87
internal_count=8990 279 8711 296 208 182 99 198 8415 89 8326 505 441 330 7821 604 357 247 7217 338 83 111 6879 71 64 89 111 98 63 87
is_linear=0
shrinkage=0.05


Tree=94
num_leaves=31
num_cat=0
split_feature=210 298 228 216 21 207 261 14 200 325 307 251 264 376 54 39 309 232 303 372 28 375 246 263 294 89 327 39 255 2
split_gain=0.000294234 0.00107321 0.000795185 0.000682058 0.000614817 0.000496516 0.000565437 0.000505527 0.000471706 0.000563791 0.000639351 0.000547611 0.000488722 0.000703251 0.000617517 0.0012466 0.000993408 0.000525204 0.000458208 0.000457493 0.000437274 0.000690465 0.000633816 0.00073852 0.000531826 0.000422115 0.000612228 0.000416541 0.000408593 0.000393106
threshold=-0.52327245578933057 0.037328020359078957 -1.0691893264117522 -0.65359700385625141 2.1512915293375658 -0.73137505456349783 -0.70317570421382702 -0.010725521792968049 -0.059006771640793293 -0.49043689668178542 -0.70243823167324548 -1.0484539317936326 -0.35260853006996012 0.0013069837009146502 0.77083233992258726 -1.0801926851272581 -2.3624793302295006 -1.4772416064092526 -1.3853441335582537 -0.005645124596856399 0.37702397505442303 0.6990500646985196 0.86741871788282332 0.64197523644371823 -0.16179541746775317 0.90086984634399425 -0.33387965957323712 -2.9530638058980303 1.7125166321951748 -0.74305280049641909
decision_type=8 10 8 10 2 10 10 2 10 8 10 10 10 2 2 2 10 10 10 2 2 2 10 10 10 2 10 2 10 2
left_child=1 8 19 -3 25 6 -4 27 12 10 11 -10 14 17 29 16 -16 -14 -19 -2 21 -9 23 -22 -23 26 -5 -7 -24 -1
right_child=2 3 5 4 -6 7 -8 20 9 -11 -12 -13 13 -15 15 -17 -18 18 -20 -21 22 24 28 -25 -26 -27 -28 -29 -30 -31
leaf_value=2.2099535358893589e-05 -0.00013490390865626979 0 0 0 0 0 -9.3228510299606644e-05 -6.1299207147434484e-06 0 0 0 -0.00034413988741068279 0 0 0 5.7667401079529352e-05 -0.00032705760967021292 0 0.00020843138117105286 0 9.5981176723046026e-06 0 1.4761332050680449e-06 0.00011115320391941153 -0.00017616003241845463 0 0.00034847429173642851 9.5161327462540502e-05 -7.4046221172146274e-05 -4.5691231727191865e-05
leaf_weight=1476 184 67 172 21 22 71 306 3308 25 239 25 44 28 92 20 30 64 43 133 57 762 43 554 307 112 33 74 255 208 215
leaf_count=1476 184 67 172 21 22 71 306 3308 25 239 25 44 28 92 20 30 64 43 133 57 762 43 554 307 112 33 74 255 208 215
internal_value=0 1.3704e-05 -6.12365e-06 0.000120842 0.000180225 -1.76325e-06 -5.10688e-05 1.54152e-06 2.09355e-06 -5.03956e-05 -0.000154818 -0.000236161 1.27946e-05 7.27166e-05 1.94626e-07 -0.000109041 -0.000228031 0.000127614 0.000162267 -9.56697e-05 -1.26123e-06 -1.25714e-05 1.73987e-05 4.34476e-05 -0.000117714 0.000223736 0.000280223 6.23753e-05 -1.25851e-05 1.05215e-05
internal_weight=8990 2651 6339 217 150 6098 478 5620 2434 333 94 69 2101 296 1805 114 84 204 176 241 5294 3463 1831 1069 155 128 95 326 762 1691
internal_count=8990 2651 6339 217 150 6098 478 5620 2434 333 94 69 2101 296 1805 114 84 204 176 241 5294 3463 1831 1069 155 128 95 326 762 1691
is_linear=0
shrinkage=0.05


Tree=95
num_leaves=31
num_cat=0
split_feature=273 296 334 301 215 255 37 247 375 351 68 40 28 252 261 235 314 194 330 275 50 194 199 375 347 46 89 377 51 246
split_gain=0.000292779 0.000529609 0.000872781 0.000660469 0.000595039 0.000454272 0.000640409 0.000650456 0.000454937 0.000516987 0.000450775 0.00081475 0.00103307 0.000531499 0.000443143 0.000489912 0.000351651 0.000349673 0.000356285 0.000598729 0.000409865 0.000340934 0.000348893 0.000313189 0.00028797 0.000423273 0.000281343 0.000278354 0.000348366 0.000325281
threshold=1.6025379188128555 0.045234163602193102 0.84743841140721043 0.61274604002634703 0.21523450722947504 2.036126177864555 -1.0039402246475218 1.4778235545162512 -0.12593562649078166 3.8764206568400073 0.29586709539095563 -0.50929729143778479 0.07531291199848042 -0.9528289754768281 1.7109772555331191 0.44391136223284283 -0.21893723456399597 1.9684161617711211 1.4786421457926431 0.055928217302258061 -1.9121565818786617 1.902795229486226 1.5325470607304297 0.18207489760350892 2.1336599191029868 0.40019802252451581 7.6603164672851571 -0.95421014377981517 -0.29009449481964106 0.38213433918368089
decision_type=10 10 10 10 10 10 2 10 2 10 2 2 2 10 10 10 10 10 10 8 2 10 10 2 8 2 2 2 2 8
left_child=5 2 16 4 -4 8 -7 -8 17 10 11 13 -13 -10 15 -6 23 18 19 20 -1 -3 -23 -2 25 -18 -21 28 -12 -29
right_child=1 21 3 -5 14 6 7 -9 9 -11 27 12 -14 -15 -16 -17 24 -19 -20 26 -22 22 -24 -25 -26 -27 -28 29 -30 -31
leaf_value=2.2108957113523801e-05 0 0 0 0 0 0 -0.00025340709540988435 0 3.8189931820351914e-05 -0.00018934492030647757 -5.9995282842628134e-05 -0.00014151077077212158 0 -2.5264408945639566e-05 0 0.00032313982284107426 -0.0002334200044158403 0.00012624261589106554 -3.3661986048837229e-05 6.5409215386305156e-05 -3.117667200381078e-05 -0.00022921097736377998 0 0.0001685622235811356 0 0 0 4.1507528359087494e-05 0 0
leaf_weight=879 40 279 38 37 37 61 69 56 467 42 280 299 317 1024 20 92 39 78 324 700 612 33 24 46 70 39 72 815 1369 732
leaf_count=879 40 279 38 37 37 61 69 56 467 42 280 299 317 1024 20 92 39 78 324 700 612 33 24 46 70 39 72 815 1369 732
internal_value=0 2.86995e-05 6.54716e-05 0.000136011 0.000176018 -3.08247e-06 -8.06378e-05 -0.000149903 -6.5636e-07 -9.65866e-06 -7.28915e-06 -2.55562e-05 -7.43623e-05 -2.03525e-06 0.000221033 0.000254962 0 1.55225e-05 1.02468e-05 1.87439e-05 0 -6.55241e-06 -0.000123206 7.82264e-05 -4.87695e-05 -0.000117168 5.44833e-05 3.1896e-06 -9.12413e-06 1.95468e-05
internal_weight=8990 794 458 224 187 8196 186 125 8010 5345 5303 2107 616 1491 149 129 234 2665 2587 2263 1491 336 57 86 148 78 772 3196 1649 1547
internal_count=8990 794 458 224 187 8196 186 125 8010 5345 5303 2107 616 1491 149 129 234 2665 2587 2263 1491 336 57 86 148 78 772 3196 1649 1547
is_linear=0
shrinkage=0.05


Tree=96
num_leaves=31
num_cat=0
split_feature=221 366 215 86 50 75 220 208 364 207 321 224 17 68 255 223 246 79 248 341 216 257 320 12 213 306 214 263 249 213
split_gain=0.000285462 0.000416985 0.000459196 0.00040591 0.0006459 0.000610372 0.000499536 0.000790216 0.000690427 0.000713199 0.000639514 0.000562725 0.000489762 0.000527242 0.00042899 0.000409052 0.00037135 0.000429627 0.000457023 0.000365565 0.000276827 0.000269988 0.000407624 0.000274991 0.000267583 0.00021417 0.000199225 0.000247538 0.000240545 0.000227001
threshold=2.4680787375009032 0.012273144992453602 1.7689070229448942 1.4371996720631921 16.393929799397792 0.77193959554036462 1.012731803256439 0.14858321173250877 -0.14072369530012852 -0.86912222888818802 0.27582560456840205 0.39904382258257637 2.100283632675807 0.12037059664726256 -0.97618032130087951 1.3620695352115102 0.88068612899850296 2.252839883168539 0.2981483361286153 2.4555338223775238 0.20247912159703663 0.46887213802247235 1.4996779517831726 0.053191902736822706 2.01530474337526 0.25034309613315603 0.98559037292806917 0.67299516929203163 1.1750323481000229 1.2559312940685634
decision_type=8 2 8 2 2 2 10 10 8 10 10 10 2 2 10 10 10 2 10 10 10 10 10 2 10 10 10 10 10 10
left_child=3 2 19 4 6 -6 7 8 11 -10 14 -1 13 -9 -8 -16 17 18 -5 25 -20 23 -23 -12 -22 -2 -18 -28 -29 -30
right_child=1 -3 -4 16 5 -7 10 12 9 -11 21 -13 -14 -15 15 -17 26 -19 20 -21 24 22 -24 -25 -26 -27 27 28 29 -31
leaf_value=0 0 0 0 0 0 -0.00031940489621844941 0 -0.00010504553671995263 -4.4619506883533879e-05 5.759536060572034e-05 0 -7.6559712643446421e-05 1.7118812441159827e-05 -2.4815177233680028e-05 0.00014680594102498541 0 -3.2750609536051512e-05 0 0 0 0.0002574177739047811 8.905137690931364e-05 0 -7.7399492315559869e-05 0 -0.00025041971315811567 -2.9284197985833605e-05 0 0 0.00012531390948893409
leaf_weight=3058 26 165 86 68 21 31 41 333 151 974 89 255 287 1409 219 20 195 187 34 24 83 177 256 163 20 69 78 228 115 128
leaf_count=3058 26 165 86 68 21 31 41 333 151 974 89 255 287 1409 219 20 195 187 34 24 83 177 256 163 20 69 78 228 115 128
internal_value=0 -4.32868e-05 -9.19992e-05 1.53009e-06 -2.07913e-06 -0.000177792 -1.74578e-07 -5.84463e-06 5.01231e-06 3.94291e-05 3.26394e-05 -5.16631e-06 -3.20551e-05 -4.30272e-05 9.6843e-05 0.000124387 2.97068e-05 7.01382e-05 0.000121002 -0.00015561 0.000173888 0 2.98294e-05 -3.38934e-05 0.000216613 -0.000199838 1.67822e-06 2.30166e-05 4.22957e-05 7.70744e-05
internal_weight=8990 370 205 8620 7484 52 7432 6467 4438 1125 965 3313 2029 1742 280 239 1136 392 205 119 137 685 433 252 103 95 744 549 471 243
internal_count=8990 370 205 8620 7484 52 7432 6467 4438 1125 965 3313 2029 1742 280 239 1136 392 205 119 137 685 433 252 103 95 744 549 471 243
is_linear=0
shrinkage=0.05


Tree=97
num_leaves=31
num_cat=0
split_feature=375 48 265 332 201 76 297 350 249 64 30 16 328 255 245 193 337 359 213 317 191 202 352 247 307 259 243 260 267 9
split_gain=0.000271564 0.000363889 0.00049416 0.00058435 0.000426814 0.000911554 0.00103238 0.0011795 0.000682531 0.000507947 0.000701489 0.000480397 0.000700974 0.000724711 0.000467702 0.00102377 0.000715075 0.000612651 0.000596718 0.000557199 0.000437866 0.000385334 0.000509015 0.00030487 0.000266955 0.000240424 0.000217816 0.000385759 0.000297034 0.000191265
threshold=-0.46366599580580997 -16.362373987833653 -2.0517288976182151 -0.60964979041008815 -0.56785226645633224 -7.3189105987548819 -0.074892838795979785 -2.9404356479644775 -0.1511403920843912 -1.4991726875305174 -1.3440097173055012 -5.26108694076538 -1.1623694101969397 -1.1655832365133385 0.27202436943350033 0.53609691296334394 0.61729091982190087 -0.71609161597724069 0.18492577130540633 -0.1140749928817124 1.9210389576888167 -0.41376825890833752 -0.2543405195077259 -0.49550032082309109 -2.4904398712828955 -0.23229597055285398 -0.62519884781492541 -0.50368573189945565 -2.6272079280391725 1.3375605742136638
decision_type=2 2 10 10 8 2 10 10 10 2 2 2 10 10 8 10 8 8 10 10 10 10 10 10 10 10 10 10 10 2
left_child=29 2 -2 23 8 6 21 -8 11 10 24 12 -3 -14 17 16 -16 19 -19 -7 -17 22 -6 -4 -10 -23 28 -28 -13 -1
right_child=1 4 3 -5 5 14 7 -9 9 -11 -12 26 13 -15 15 20 -18 18 -20 -21 -22 25 -24 -25 -26 -27 27 -29 -30 -31
leaf_value=4.848116198483282e-05 0 0 -0.00027217668538894536 0 0 0 -0.00036000897128687709 0 0 0 0 -0.00011458332432483895 0.00033595432032943839 0 -9.2216292318664391e-05 -3.9360363468258728e-06 0 1.5565707810236124e-06 6.9905035045738964e-05 -7.9301154145604936e-05 6.9893821914070363e-05 0 -0.00023518964299000801 0 0.00034711092878364849 0.00018473469740997513 -7.0941169994906251e-05 2.1102413614882549e-06 1.624620502878135e-05 0
leaf_weight=450 37 40 60 26 49 697 63 52 20 185 78 40 42 36 620 1706 474 994 621 268 220 25 32 26 50 31 296 169 948 635
leaf_count=450 37 40 60 26 49 697 63 52 20 185 78 40 42 36 620 1706 474 994 621 268 220 25 32 26 50 31 296 169 948 635
internal_value=0 -3.54147e-06 -8.16401e-05 -0.000141016 -1.39544e-06 -8.67643e-06 -0.000102497 -0.000213152 1.83563e-05 8.39109e-05 0.00015624 1.27391e-06 0.000100271 0.000194016 -3.55991e-06 -1.75774e-05 -5.64426e-05 1.09103e-05 3.09364e-05 -1.74239e-05 1.90455e-06 0 -7.87578e-05 -0.000207021 0.000276749 9.05802e-05 -3.33122e-06 -3.36462e-05 5.87819e-06 2.31148e-05
internal_weight=8990 7905 149 112 7756 5852 252 115 1904 333 148 1571 118 78 5600 3020 1094 2580 1615 965 1926 137 81 86 70 56 1453 465 988 1085
internal_count=8990 7905 149 112 7756 5852 252 115 1904 333 148 1571 118 78 5600 3020 1094 2580 1615 965 1926 137 81 86 70 56 1453 465 988 1085
is_linear=0
shrinkage=0.05


Tree=98
num_leaves=31
num_cat=0
split_feature=251 226 11 65 254 40 90 207 232 251 207 39 363 22 7 238 350 284 254 351 56 290 247 87 35 235 334 281 239 2
split_gain=0.000273784 0.000596069 0.000585836 0.000490911 0.000474793 0.000395332 0.000491157 0.000338285 0.00116028 0.000617127 0.00053554 0.000698536 0.000500464 0.000851378 0.000487599 0.000448003 0.000453612 0.000487675 0.000463475 0.000293093 0.000418677 0.000245256 0.00021241 0.000139767 0.000246804 0.000179178 0.000111675 0.000157135 0.000109598 9.69813e-05
threshold=1.6742480018749757 1.6486548209160248 0.15455944339434302 3.6087021827697758 2.0009568688408139 -0.079237808783849048 1.9929141203562419 2.358420496683499 1.3448606305579298 -0.2407297005318407 1.3984593645294845 2.7530417442321782 -0.99693639386775146 1.794867277145386 2.9238194624582934 1.4202554312289097 16.485286553700767 0.050107112775246258 0.65920379067254131 1.0547904173533122 2.2965208689371752 0.62677975992361712 1.4437359669744205 1.1370987892150881 0.79365110397338856 -0.39538114033482613 2.4654484186657011 0.3601230800563523 1.899462190403145 2.8623056411743169
decision_type=8 10 2 2 10 2 2 10 10 10 10 2 10 2 2 10 10 10 10 10 2 10 10 2 2 10 10 10 10 2
left_child=1 7 4 23 5 -3 -7 10 9 -9 15 12 -12 -14 -11 16 18 -18 -1 -5 -21 -17 -23 24 -2 -26 27 -25 -29 -4
right_child=3 2 29 19 -6 6 -8 8 -10 14 11 -13 13 -15 -16 21 17 -19 -20 20 -22 22 -24 26 25 -27 -28 28 -30 -31
leaf_value=2.3906956446355163e-07 0 0 -1.4392327795913641e-05 0 0 0.00030195421782685432 0 0 6.2855433929360713e-05 -0.0004320589627182457 0 0 0.00025484415268651534 0 0 0 0.00010947927835363203 0 -4.0579443600156065e-05 -0.00021234582349364896 0 -0.00014055526193688172 0 0 0 -0.00015897403698356997 0 0.00011560011236244893 0 5.0863133245901777e-05
leaf_weight=6021 118 43 145 41 25 70 31 29 36 34 40 144 99 100 20 55 189 382 756 81 22 116 28 36 20 52 70 78 27 82
leaf_count=6021 118 43 145 41 25 70 31 29 36 34 40 144 99 100 20 55 189 382 756 81 22 116 28 36 20 52 70 78 27 82
internal_value=0 2.01534e-06 6.20216e-05 -3.4536e-05 0.000132934 0.000170219 0.000225995 -3.16436e-07 -8.42678e-05 -0.000208248 3.13901e-07 5.84798e-05 0.000113063 0.000147091 -0.000308434 -1.97617e-06 0 4.28235e-05 -3.57714e-06 -0.000114143 -0.000159113 -7.59828e-05 -0.000110598 0 -3.63914e-05 -0.00010977 2.15088e-05 5.16796e-05 8.55766e-05 0
internal_weight=8990 8445 396 545 169 144 101 8049 119 83 7930 383 239 199 54 7547 7348 571 6777 144 103 199 144 401 190 72 211 141 105 227
internal_count=8990 8445 396 545 169 144 101 8049 119 83 7930 383 239 199 54 7547 7348 571 6777 144 103 199 144 401 190 72 211 141 105 227
is_linear=0
shrinkage=0.05


Tree=99
num_leaves=31
num_cat=0
split_feature=348 226 303 245 64 264 376 351 307 244 42 301 282 191 50 216 19 31 28 200 14 202 286 320 333 308 198 346 377 13
split_gain=0.000268433 0.000448179 0.000476038 0.000471245 0.0011966 0.000738569 0.000616491 0.000605366 0.000755567 0.000626963 0.000665558 0.000602227 0.000404941 0.000376121 0.000362298 0.000851093 0.000558353 0.000478709 0.000414984 0.000400801 0.000388665 0.000330606 0.00032 0.000314029 0.000292543 0.000251207 0.000200851 0.000281324 0.000188865 0.000197467
threshold=-21.390256881713864 -1.70815394137723 -1.548020499261326 -1.8294829061671993 -1.5501469771067298 -2.3690824942468747 0.0030188097592865506 -1.7847354412078855 -2.5503998733022351 -0.018587940768900947 -1.3106363217035926 -0.68747773766517628 -0.43391676743825275 -2.0464343333648269 -5.5049762725830069 -0.37636936397234549 -1.6678934097290037 -0.29054339726765938 0.23785550395647684 -0.19677700476905671 0.011467951039473153 -1.6887722542510377 -0.074782098333040795 -3.4746509532495931 -2.1595485596032868 -2.312377008128836 -2.5436186006354435 -0.39830007155736291 -0.7816228192152469 -0.022273416320482849
decision_type=10 10 10 10 2 10 2 10 10 10 2 10 10 10 2 10 2 2 2 10 2 10 10 10 10 10 10 10 2 2
left_child=28 2 21 4 5 -3 11 8 -5 10 -10 -7 -6 -4 15 17 19 -9 -18 -16 -17 23 24 -2 -15 -25 -23 -28 29 -1
right_child=1 3 13 7 12 6 -8 14 9 -11 -12 -13 -14 22 16 20 18 -19 -20 -21 -22 26 -24 25 -26 -27 27 -29 -30 -31
leaf_value=0.00017978678240873917 0 0 0 2.1313195740332435e-05 -0.00023610676419851714 0 0 0 0 0 -0.00020770154064055554 0.00024827064084892658 0 0 -3.4393718793863091e-06 -5.9709618911723412e-05 -5.6798216266649866e-06 0.00010699890256977878 2.2007953654776524e-05 -6.6199912740803044e-05 7.0209930796234744e-05 0 -2.3553459171403001e-05 -0.00017798644460745517 -0.00030420368192218513 0 0.00012665253884883639 0 0 0
leaf_weight=50 71 59 21 87 20 26 42 70 29 88 153 145 182 23 871 231 3182 359 2162 525 50 20 117 61 51 28 94 42 110 21
leaf_count=50 71 59 21 87 20 26 42 70 29 88 153 145 182 23 871 231 3182 359 2162 525 50 20 117 61 51 28 94 42 110 21
internal_value=0 -1.41005e-06 -4.62983e-05 8.48776e-07 4.96168e-05 0.000122009 0.000166349 -1.47232e-06 -6.53292e-05 -0.000111757 -0.000164719 0.000208501 -2.3133e-05 -0.000104633 9.17372e-07 3.53225e-05 -1.96555e-06 8.2414e-05 4.5863e-06 -3.06265e-05 -1.87882e-05 0 -0.000130659 -5.71282e-05 -0.000232264 -0.000121142 4.41307e-05 7.69618e-05 6.00739e-05 0.000125829
internal_weight=8990 8809 528 8281 474 272 213 7807 357 270 182 171 202 212 7450 710 6740 429 5344 1396 281 316 191 160 74 89 156 136 181 71
internal_count=8990 8809 528 8281 474 272 213 7807 357 270 182 171 202 212 7450 710 6740 429 5344 1396 281 316 191 160 74 89 156 136 181 71
is_linear=0
shrinkage=0.05


Tree=100
num_leaves=31
num_cat=0
split_feature=221 344 54 276 208 220 224 245 255 305 279 261 303 245 297 369 261 243 11 351 201 366 333 369 375 202 238 371 32 310
split_gain=0.000260612 0.000387117 0.000529386 0.000370712 0.000506797 0.000456485 0.000591941 0.000895308 0.00068626 0.000672235 0.000479367 0.000476359 0.000441642 0.000656803 0.000425757 0.000399351 0.000340368 0.000333154 0.000471466 0.000449764 0.000308881 0.000317529 0.000284785 0.000389375 0.00027294 0.000224857 0.000222107 0.000290947 0.000214965 0.000234114
threshold=2.4680787375009032 1.5497503081957502 0.6245548129081725 1.4508346334598639 1.5173667789874108 1.1203728690417465 0.57873990946626364 -0.56011491401712676 0.45232191126092763 -0.69378406912709101 0.7369380906023969 1.7109772555331191 0.96026969048933475 0.30541497234038278 0.15373460451761881 0.50041006550018119 1.9534885229483341 0.22652755345761558 0.054173032442728662 1.3715226252873738 1.3709392457288729 0.04976759224854941 2.634252978509124 0.6891168799375772 -0.16165195611333777 1.9814317086726365 -0.051672461018708794 -0.062990347439834379 0.87774634361267101 2.5017727143061808
decision_type=8 8 2 10 10 10 10 10 10 10 10 10 8 10 10 2 10 10 2 10 10 2 10 2 2 10 10 2 2 10
left_child=3 2 -2 4 5 6 12 9 -9 -8 26 15 13 -1 -14 -12 17 -6 -19 -20 21 -3 23 -5 -4 -22 -7 -28 -25 -30
right_child=1 20 24 22 16 10 7 8 -10 -11 11 -13 14 -15 -16 -17 -18 18 19 -21 25 -23 -24 28 -26 -27 27 -29 29 -31
leaf_value=5.6236706439835225e-06 -6.3597736911157446e-06 0 0 0.00011785334990501162 0 6.9824882763498138e-05 0 2.3951301448610914e-05 -5.6481658560011012e-05 -0.0002755348803128509 0 0 6.3418818028247647e-05 -4.2245326836068944e-05 -1.7452601960948481e-06 0.00015295157045566414 0 0 -3.2190096225535164e-05 -0.00027459001426483135 -0.00013817543234933262 0.00018041831488544563 0 5.7839203607494302e-05 -0.00035168150941624477 0 -7.8556728220938979e-05 1.4064545337533489e-06 -0.00011236351099592714 0
leaf_weight=4218 152 56 20 189 28 102 22 403 558 67 93 36 549 851 209 192 36 49 113 68 43 40 252 120 29 30 127 247 57 34
leaf_count=4218 152 56 20 189 28 102 22 403 558 67 93 36 549 851 209 192 36 49 113 68 43 40 252 120 29 30 127 247 57 34
internal_value=0 -4.13116e-05 -8.91816e-05 1.51937e-06 -8.37783e-07 9.92034e-07 -2.48405e-06 -3.74323e-05 -1.75504e-05 -0.000195735 3.72551e-05 8.47211e-05 2.95594e-06 -1.42704e-06 3.88581e-05 0.00011073 -6.55849e-05 -9.05439e-05 -0.000113205 -0.000150968 0 7.29533e-05 3.7989e-05 6.42775e-05 -0.000243729 -5.97236e-05 0 -1.23951e-05 0 -3.85855e-05
internal_weight=8990 370 201 8620 7968 7674 6877 1050 961 89 797 321 5827 5069 758 285 294 258 230 181 169 96 652 400 49 73 476 374 211 91
internal_count=8990 370 201 8620 7968 7674 6877 1050 961 89 797 321 5827 5069 758 285 294 258 230 181 169 96 652 400 49 73 476 374 211 91
is_linear=0
shrinkage=0.05


Tree=101
num_leaves=25
num_cat=0
split_feature=71 19 362 65 281 4 41 85 243 247 0 206 58 214 76 357 366 192 23 376 22 376 68 246
split_gain=0.000255673 0.000555545 0.000827404 0.000387988 0.000355894 0.000536925 0.000491159 0.000733874 0.000531874 0.000539055 0.000501074 0.000479395 0.000429251 0.000753539 0.000410953 0.000342496 0.000373291 0.00028584 0.000254238 0.00032611 0.000198589 0.000141924 5.69043e-05 1.60339e-05
threshold=-3.9281693299611402 -13.292779286702475 -3.3052039509795312 -4.561757405598958 -2.2889506109774613 -1.1878392299016314 -2.3314023017883296 -9.3085473378499319 -0.35505591115801816 -1.2268187363273675 -1.3666309515635169 -0.6424300441143963 -1.3258773485819497 -0.47534375264648471 -2.8973809878031411 -0.99703900304289095 0.13541070190192936 -1.5781087746097067 0.0010122560585538003 0.0036623201406124502 1.8618072668711345 -0.0015715497068014498 -0.10293023784955334 -2.2049868598042361
decision_type=2 2 10 2 8 2 2 2 10 10 2 10 2 10 2 10 2 10 2 2 2 2 2 10
left_child=3 2 21 23 5 15 8 10 9 22 -8 -11 13 -9 -14 16 -3 -4 19 -10 -20 -2 -6 -1
right_child=1 4 17 -5 6 -7 7 12 18 11 -12 -13 14 -15 -16 -17 -18 -19 20 -21 -22 -23 -24 -25
leaf_value=0.00028538833348693286 -5.9285272197081104e-05 -0.00030120260680364681 0 0 3.9629904646054129e-05 0 0 0 -0.00010232644102483851 0.0001709177949535737 -0.00028141636098913679 0 -3.1905399079073777e-05 0.0001362476507151401 1.5797124530854286e-06 0 0 -0.00034526235270088384 0.00013679693336859095 0 0 8.3625836432634919e-05 -2.3532797459676643e-05 0
leaf_weight=20 33 44 22 65 64 39 24 222 116 175 39 55 1033 157 6570 25 20 35 39 35 26 34 75 23
leaf_count=20 33 44 22 65 64 39 24 222 116 175 39 55 1033 157 6570 25 20 35 39 35 26 34 75 23
internal_value=0 -1.17017e-06 -0.000106252 7.61601e-05 0 -8.23685e-05 1.54618e-06 -1.06711e-06 4.60241e-05 8.34285e-05 -0.000170942 0.000130467 0 5.21868e-05 -2.31256e-06 -0.000157542 -0.000218763 -0.0002465 0 -5.14755e-05 6.01102e-05 0 0 0.000192492
internal_weight=8990 8882 124 108 8758 128 8630 8045 585 369 63 230 7982 379 7603 89 64 57 216 151 65 67 139 43
internal_count=8990 8882 124 108 8758 128 8630 8045 585 369 63 230 7982 379 7603 89 64 57 216 151 65 67 139 43
is_linear=0
shrinkage=0.05


Tree=102
num_leaves=31
num_cat=0
split_feature=251 279 323 196 361 373 351 191 238 19 220 290 53 262 58 86 208 307 36 307 363 304 21 362 339 200 279 362 72 224
split_gain=0.000253534 0.000539283 0.000676852 0.000533024 0.000635731 0.00033346 0.000460931 0.00054385 0.000303357 0.00103726 0.000803203 0.000604423 0.000512489 0.000371506 0.000298081 0.00053216 0.000432227 0.000353475 0.000547474 0.000388126 0.000267736 0.000247182 0.000209988 0.000445021 0.000174219 0.000153188 8.32942e-05 0.000159395 0.000100573 7.86871e-05
threshold=1.6742480018749757 2.2538544218884833 2.2533885041872663 1.8479543707310604 0.66657657260461556 0.29630254950858953 1.3715226252873738 1.4758019520020682 -2.3220423156799246 -13.292779286702475 -1.8757442710743433 -5.4000074863433829 -1.8713176250457761 -2.0322160275590795 3.6881326039632163 1.8010443051656091 1.9772829292894232 2.0618725301397647 1.0971227089564006 0.43968067560455448 -1.2932601482111019 2.5683818160888392 0.70351850986480724 -3.0447242432432993 -3.3547671479542003 1.4057801783277235 1.0544376391693087 1.4216744914418766 9.2839148839314785 0.22229700293541241
decision_type=8 10 10 10 10 2 10 10 10 2 10 10 2 10 2 2 10 8 2 10 10 10 2 10 10 10 10 8 2 10
left_child=1 8 -3 4 -4 26 -7 25 11 10 -10 13 -12 -1 17 16 -16 19 -19 -11 22 -6 23 -13 -22 -8 27 -2 -28 -29
right_child=5 2 3 -5 21 6 7 -9 9 14 12 20 -14 -15 15 -17 -18 18 -20 -21 24 -23 -24 -25 -26 -27 28 29 -30 -31
leaf_value=0 0 0 0 0 0.00034640056178126774 0 -0.00039258949698679795 0 0 5.7739316547524369e-06 -0.00036617389252111574 0 0 0.00034188060375614385 -0.00018251846727170844 0 0 6.211893994807962e-05 -2.6264717374699345e-05 -2.0004996272523498e-05 0 0 0 -0.00027619516741569071 0.00017209005209471709 0 8.9267872568753848e-05 0 0 -8.3977052172166922e-05
leaf_weight=20 143 132 25 37 55 128 28 27 28 4879 44 31 20 27 94 108 27 558 162 2039 20 36 47 23 33 22 49 26 28 94
leaf_count=20 143 132 25 37 55 128 28 27 28 4879 44 31 20 27 94 108 27 558 162 2039 20 36 47 23 33 22 49 26 28 94
internal_value=0 1.92987e-06 6.95645e-05 0.000141647 0.000194771 -3.32429e-05 -8.36757e-05 -0.000183225 0 -1.96403e-06 -0.000168787 6.01544e-05 -0.000268812 0.000218018 0 -5.62072e-05 -0.000130241 1.67456e-06 3.52883e-05 -1.10154e-06 0 0.0002565 -3.51108e-05 -0.000109578 0.000101282 -0.000280717 0 -1.61241e-05 4.25871e-05 -6.23498e-05
internal_weight=8990 8445 285 153 116 545 205 77 8160 7959 92 201 64 47 7867 229 121 7638 720 6918 154 91 101 54 53 50 340 263 77 120
internal_count=8990 8445 285 153 116 545 205 77 8160 7959 92 201 64 47 7867 229 121 7638 720 6918 154 91 101 54 53 50 340 263 77 120
is_linear=0
shrinkage=0.05


Tree=103
num_leaves=31
num_cat=0
split_feature=46 67 80 255 376 10 10 68 210 72 10 258 73 367 31 222 231 242 375 61 11 32 88 297 293 353 361 235 349 83
split_gain=0.000259876 0.00073078 0.000713525 0.00119777 0.000456978 0.000440212 0.000520035 0.000771472 0.00101204 0.000852381 0.00059334 0.000603901 0.000656945 0.000555422 0.000379736 0.000715652 0.000900869 0.000710683 0.0006194 0.000461912 0.000377688 0.000373824 0.000512399 0.000881231 0.000385829 0.000576161 0.000377001 0.000373113 0.000571523 0.000577268
threshold=0.16878440976142881 -0.61075119177500392 -1.400498787562052 -1.359373403197665 -0.0084755284656392472 0.59722237785657251 0.72996930281321226 0.082623044649759905 -1.9980206120475035 0.81419070561726892 0.79260583718617761 -0.80698703276131101 -2.0840525627136226 -0.54258479677777582 0.67949485778808605 -0.48215592627715137 -1.2385725658144273 -0.25061709233038981 -0.37439492625182808 -1.3535026709238684 0.025676755855480803 0.27671027183532715 1.0446842511494956 -0.051801999409993395 0.20117914676666268 0.43819587163416884 0.027939940613162201 0.48389533135332102 8.1423421700795515 0.00066144613083450013
decision_type=2 2 2 10 2 2 2 2 10 2 2 10 2 2 2 10 10 10 2 2 2 2 2 10 10 10 10 10 10 2
left_child=5 2 -2 -4 20 14 7 8 -7 13 11 -8 -13 -10 19 16 -16 -18 -19 -1 -3 24 23 -23 26 -26 -12 28 -6 -30
right_child=1 4 3 -5 27 6 10 -9 9 -11 21 12 -14 -15 15 -17 17 18 -20 -21 -22 22 -24 -25 25 -27 -28 -29 29 -31
leaf_value=0 0 0 0.00032473269129863492 0 2.5613058929135781e-06 0 -1.2937370951036611e-05 0 0 0 0 0.00026178341699608368 0 -0.00034895513664529292 0 0 0 0 -0.00030570621049273001 5.8789250888730671e-05 -0.00013511734565001035 0 0 -0.00015068103539895032 0.00023189517722175775 0 -0.00016256814718690782 3.0816844000405159e-05 0 -0.00021104135779575299
leaf_weight=1911 31 69 65 26 2623 39 40 206 25 26 211 58 72 87 64 533 51 20 85 440 102 126 331 227 44 49 37 1284 44 64
leaf_count=1911 31 69 65 26 2623 39 40 206 25 26 211 58 72 87 64 533 51 20 85 440 102 126 331 227 44 49 37 1284 44 64
internal_value=0 8.67059e-06 0.000130727 0.000206121 3.91581e-06 -8.34184e-06 -3.00262e-05 -8.28218e-05 -0.000160401 -0.000226529 -8.91584e-06 7.01146e-05 0.000134091 -0.000286752 1.07182e-06 -2.79096e-05 -0.000103894 -0.000172184 -0.000246857 1.24817e-05 -7.33194e-05 -2.69065e-05 -4.94404e-05 -9.14526e-05 3.63628e-06 0.000100005 -1.23745e-05 8.45233e-06 -2.32496e-07 -0.000114279
internal_weight=8990 4308 122 91 4186 4682 1578 383 177 138 1195 170 130 112 3104 753 220 156 105 2351 171 1025 684 353 341 93 248 4015 2731 108
internal_count=8990 4308 122 91 4186 4682 1578 383 177 138 1195 170 130 112 3104 753 220 156 105 2351 171 1025 684 353 341 93 248 4015 2731 108
is_linear=0
shrinkage=0.05


Tree=104
num_leaves=31
num_cat=0
split_feature=375 238 273 203 349 288 261 361 340 297 32 296 350 228 344 349 235 288 269 40 246 71 197 263 323 319 213 32 333 355
split_gain=0.000260159 0.000427098 0.000575932 0.000517638 0.00050535 0.00064352 0.000697682 0.00057064 0.000856773 0.000658703 0.000418662 0.000382007 0.00067204 0.000567171 0.000378409 0.000687756 0.000514138 0.000378027 0.000372403 0.000326549 0.000654724 0.000516426 0.000515681 0.000478072 0.000806833 0.000446761 0.000400874 0.000362474 0.000349195 0.000464716
threshold=-0.21014192636942838 2.6132004699249403 1.6025379188128555 1.3416051918360399 3.0142885843912763 0.60515264670054125 0.52904054956178137 -0.58972544954802097 0.44862788915634161 -0.022217591603596949 0.85602223873138439 0.043959679082035609 6.1112853686014814 0.5838239699408958 -4.3871489763259879 -3.96847132841746 -2.3475441286817502 0.17893661061922708 1.7505063040338642 -1.5967526435852049 -0.30425493228899597 0.20992174744606015 -1.1463919001901821 0.12636445035645993 -0.5073822339375812 -0.76001137883821801 -2.0155669488304722 0.72579312324523915 1.4965939598346536 1.5929132576516334
decision_type=2 10 10 10 10 8 10 10 10 10 2 10 10 10 10 10 10 10 10 2 10 2 10 10 10 10 10 2 10 10
left_child=19 2 4 -3 5 14 10 -6 9 -9 -7 12 -4 -14 16 -16 -2 -10 -15 21 23 -1 26 -21 -25 27 -23 -22 29 -27
right_child=1 3 11 -5 7 6 -8 8 17 -11 -12 -13 13 18 15 -17 -18 -19 -20 20 25 22 -24 24 -26 28 -28 -29 -30 -31
leaf_value=1.008621572008904e-05 -6.1792935522791688e-05 -0.00029699753689382049 5.0963737547539232e-06 0 5.5640775665840717e-05 0.00018028329300661793 0 0 7.125467581846138e-05 -0.00016650497326150006 0 0 0 0.00028191006935895187 -5.3286305197151444e-05 -1.118772374950348e-06 7.521544149486747e-05 -3.5223711199689274e-05 0 2.5542511471118151e-05 -0.0001028687925026966 0 0 0.00031205266002722911 0 1.1530845655879361e-05 -0.00024882836877655924 0 -5.0652523483792937e-06 0.00012153618524382315
leaf_weight=488 51 28 246 42 84 127 275 62 81 237 52 235 21 76 846 3375 287 488 21 244 141 21 133 60 44 539 58 84 372 172
leaf_count=488 51 28 246 42 84 127 275 62 81 237 52 235 21 76 846 3375 287 488 21 244 141 21 133 60 44 539 58 84 372 172
internal_value=0 -5.22566e-06 -3.13145e-06 -0.000129992 -8.52911e-06 -1.14813e-06 5.43252e-05 -4.21398e-05 -5.73674e-05 -0.000128341 0.00013123 4.22664e-05 7.45816e-05 0.000176977 -7.77013e-06 -1.27601e-05 3.97419e-05 -1.12703e-05 0.000229559 1.41123e-05 2.7154e-05 -9.59823e-06 -7.84668e-05 8.9676e-05 0.000191943 6.69184e-06 -0.00018113 -5.1063e-05 2.33108e-05 4.51873e-05
internal_weight=8990 6634 6564 70 5965 5013 454 952 868 299 179 599 364 118 4559 4221 338 569 97 2356 1656 700 212 348 104 1308 79 225 1083 711
internal_count=8990 6634 6564 70 5965 5013 454 952 868 299 179 599 364 118 4559 4221 338 569 97 2356 1656 700 212 348 104 1308 79 225 1083 711
is_linear=0
shrinkage=0.05


Tree=105
num_leaves=31
num_cat=0
split_feature=228 243 13 217 68 334 334 291 66 19 236 243 267 359 238 42 13 363 303 216 222 321 252 303 229 377 375 34 86 41
split_gain=0.0002442 0.000660534 0.00060535 0.000407524 0.000390959 0.00034979 0.000372265 0.000454088 0.000396323 0.000339772 0.000723813 0.000607627 0.000592418 0.000510867 0.000501676 0.000670696 0.000665071 0.000552495 0.000791452 0.000651205 0.000544478 0.000439367 0.000414707 0.000416237 0.000387038 0.00034372 0.000403942 0.000332485 0.000328616 0.000326809
threshold=-1.050339851357202 -0.52541132825134906 -0.046113469327489491 0.29075404833289614 0.7030005455017091 0.22437432092707632 -1.9575956740447964 -0.43380667269229883 -11.683193842569986 -1.9353214899698892 -1.5928917497570676 -0.78090667474364706 -0.38263157151440857 -1.0360297917065966 0.34809012497039987 0.014566372459133401 0.0062766475602984003 0.85084039648951626 0.22021567207424753 0.90963011031449337 1.7413039143132576 0.43795173406504379 -0.60840446152704841 0.096969557079204419 -0.95004179519359699 -0.5936893142325016 -0.012641800189896147 -0.38200519482294709 1.3257009585698449 -1.4898579120635984
decision_type=10 10 2 10 2 10 10 10 2 2 10 10 10 10 10 2 2 10 10 10 10 10 10 10 10 2 2 2 2 2
left_child=1 29 3 27 5 6 -3 8 -8 12 11 -11 13 24 15 20 -17 19 -19 -16 -12 -13 -15 -24 -4 26 -14 -2 -28 -1
right_child=2 4 9 -5 -6 -7 7 -9 -10 10 14 21 25 22 17 16 -18 18 -20 -21 -22 -23 23 -25 -26 -27 28 -29 -30 -31
leaf_value=2.7435343825955134e-05 0 0 2.7009956571337913e-06 -1.4455493159768464e-05 0 0 0 0 -0.00030299426313339746 0 1.8157894024756525e-05 -0.00033774513761780287 -9.7638734655722652e-06 0 -6.9289788845087864e-05 0 0.00012963044183863492 8.8252535632020245e-05 -1.4055252738644732e-06 1.1754020483825394e-06 -0.00011667094676290041 0 0.00014005312024103277 0 -7.9655415786420385e-05 0 -0.00016167423223862354 8.2575173442662821e-05 0 -2.6269619590152014e-05
leaf_weight=515 83 58 130 86 66 39 20 27 77 21 2135 37 223 160 613 59 269 272 1661 426 70 20 150 45 217 171 187 504 27 622
leaf_count=515 83 58 130 86 66 39 20 27 77 21 2135 37 223 160 613 59 269 272 1661 426 70 20 150 45 217 171 187 504 27 622
internal_value=0 -1.90776e-05 3.49063e-06 4.88351e-05 -8.69316e-05 -0.000119304 -0.000148607 -0.000199762 -0.000250384 -2.11869e-07 4.42191e-06 -0.000143782 -2.37756e-05 8.58562e-07 7.43262e-06 2.41677e-05 9.33526e-05 -5.14853e-06 8.62801e-06 -3.55892e-05 1.1605e-05 -0.000234265 4.94075e-05 9.87778e-05 -3.44045e-05 -6.04361e-05 -8.39485e-05 6.6625e-05 -0.000137859 0
internal_weight=8990 1424 7566 673 287 221 182 124 97 6893 5583 78 1310 702 5505 2533 328 2972 1933 1039 2205 57 355 195 347 608 437 587 214 1137
internal_count=8990 1424 7566 673 287 221 182 124 97 6893 5583 78 1310 702 5505 2533 328 2972 1933 1039 2205 57 355 195 347 608 437 587 214 1137
is_linear=0
shrinkage=0.05


Tree=106
num_leaves=31
num_cat=0
split_feature=348 226 73 360 305 198 34 350 292 213 236 246 67 213 76 307 351 76 294 353 303 191 202 69 286 318 353 37 41 308
split_gain=0.000242008 0.000402298 0.000603897 0.00087496 0.000703541 0.000667557 0.000576449 0.0004679 0.000772129 0.000661729 0.00088237 0.000597663 0.000788192 0.000790475 0.000489351 0.000516505 0.000450462 0.000446574 0.00058587 0.000484422 0.000414844 0.000348758 0.000273981 0.000271425 0.000252906 0.000235773 0.000253267 0.000227591 0.0002259 0.000173006
threshold=-21.390256881713864 -1.70815394137723 -7.9688129425048819 -0.83491955860413969 -1.8349396767098756 -2.0769314999347919 -0.14952174822489417 -1.0000000180025095e-35 7.5405985514322937 1.2798809541439542 0.84238612381317446 -0.6757720652860808 0.55316672722498572 -0.57967353349978301 -3.061033407847086 0.42591374955337519 -2.9233711163202916 3.3147819836934418 0.73971656958262122 -1.5398429919782701 -1.548020499261326 -2.0464343333648269 -1.6887722542510377 0.58072205384572351 -0.074782098333040795 -1.6471298791185323 -2.9602180415268817 -1.1048052708307898 -1.6745471954345701 -2.312377008128836
decision_type=10 10 2 10 10 10 2 10 10 10 10 10 2 10 2 10 10 2 10 10 10 10 10 2 10 10 10 2 2 8
left_child=-1 20 3 5 -5 -3 -7 8 17 10 -10 12 13 -9 23 -16 -8 19 -19 -4 22 -22 29 -13 -23 26 -24 -6 -14 -2
right_child=1 2 7 4 27 6 16 11 9 -11 -12 14 28 -15 15 -17 -18 18 -20 -21 21 24 25 -25 -26 -27 -28 -29 -30 -31
leaf_value=5.7008212412489426e-05 -9.3130531174916292e-05 0 1.2638955503810522e-05 0.00010154614980805606 -0.00022221320525343097 0 0 0 -0.00024304158327831204 0 0 -9.7626272226283538e-05 0.00011175305546864614 0.00026451499654327827 3.6874685596044685e-05 -2.346393463288938e-06 0.00029308242231345662 0.00010298542703580218 -1.8064175402735178e-05 -2.8720738284798635e-05 0 -0.00021745719634850048 0 0 -2.1653208230583042e-05 0 0.00014345516905240712 0 -2.9176881190323387e-06 0
leaf_weight=181 101 49 898 44 38 53 39 20 110 66 116 179 45 82 1095 2799 92 200 87 2002 21 74 31 44 117 54 71 46 177 59
leaf_count=181 101 49 898 44 38 53 39 20 110 66 116 179 45 82 1095 2799 92 200 87 2002 21 74 31 44 117 54 71 46 177 59
internal_value=0 -1.36683e-06 7.41664e-07 6.43613e-05 -8.02084e-06 0.000125561 0.000170373 -1.52764e-06 -1.57809e-05 -9.51273e-05 -0.000137868 8.51239e-06 7.44769e-05 0.000192112 2.10498e-06 7.39932e-06 0.000227496 -6.93946e-06 4.88819e-05 -1.41894e-05 -4.38976e-05 -9.8426e-05 0 -6.78946e-05 -0.000123753 3.92593e-05 9.0164e-05 -0.000124919 0 -5.26829e-05
internal_weight=8990 8809 8281 361 128 233 184 7920 3479 292 226 4441 324 102 4117 3894 131 3187 287 2900 528 212 316 223 191 156 102 84 222 160
internal_count=8990 8809 8281 361 128 233 184 7920 3479 292 226 4441 324 102 4117 3894 131 3187 287 2900 528 212 316 223 191 156 102 84 222 160
is_linear=0
shrinkage=0.05


Tree=107
num_leaves=31
num_cat=0
split_feature=221 366 215 86 50 75 20 14 36 361 207 270 227 309 319 245 246 79 248 70 205 79 351 341 68 266 244 263 70 277
split_gain=0.000240351 0.000361709 0.000392049 0.000330375 0.000523291 0.000516998 0.000414175 0.000439447 0.000463513 0.000458366 0.000407523 0.000604363 0.000767249 0.000387582 0.000369259 0.000469972 0.000348772 0.000390518 0.000400813 0.000327592 0.000297256 0.000288411 0.000282558 0.000272004 0.000241433 0.000199604 0.000179725 0.000151756 0.000198167 0.000382793
threshold=2.4680787375009032 0.012273144992453602 1.7689070229448942 1.4371996720631921 16.393929799397792 0.77193959554036462 2.0217007795969644 0.016820113485058106 0.7132898966471356 -1.2256569447040653 0.30543667085310372 -0.22328032786914695 0.024993807043077503 0.75116910311924456 2.0127125615227359 0.27202436943350033 0.88068612899850296 2.252839883168539 0.2981483361286153 2.3511365254720058 1.3079661545193624 0.74845524628957116 0.046610673268635959 0.58544127146403002 0.070085736612478869 1.336271188697215 1.7284344008824262 0.64197523644371823 4.370167414347331 1.2253629883131147
decision_type=8 2 8 2 2 2 2 2 2 10 10 10 10 10 8 10 10 2 10 2 10 2 10 10 2 10 10 10 2 10
left_child=3 2 19 4 6 -6 7 14 9 -9 11 -8 -13 23 15 -1 17 18 -5 22 -15 -16 -2 -12 -20 -10 -26 -18 29 -29
right_child=1 -3 -4 16 5 -7 10 8 25 -11 13 12 -14 20 21 -17 27 -19 24 -21 -22 -23 -24 -25 26 -27 -28 28 -30 -31
leaf_value=3.846879480657913e-06 0 0 0 0 0 -0.00029039775767031203 0 0 -1.4766309541016965e-05 0.00011760055354299551 0 -0.00020850683397386123 -1.3256375152668985e-05 -8.1230501441128847e-05 0.00014434550527982863 -3.0979666375558157e-05 -4.1010502189338564e-05 0 0 0 0 0 -0.00027679887220399005 0.00012134063516153139 0.00022776519518288922 8.2161966461821341e-05 0 0 -1.8689970683125364e-05 7.4401128042032307e-05
leaf_weight=4504 20 165 86 68 21 31 134 35 273 253 132 123 196 177 77 1194 128 187 22 47 89 97 52 83 91 65 24 207 125 284
leaf_count=4504 20 165 86 68 21 31 134 35 273 253 132 123 196 177 77 1194 128 187 22 47 89 97 52 83 91 65 24 207 125 284
internal_value=0 -3.96557e-05 -8.51271e-05 1.47948e-06 -1.71319e-06 -0.000159786 0 3.86421e-06 4.36999e-05 9.04006e-05 -3.16956e-05 -6.57237e-05 -0.000104252 0 0 -2.57386e-06 2.69122e-05 6.57441e-05 0.000114119 -0.000143905 -3.99848e-05 7.13132e-05 -0.000213464 5.02674e-05 0.000163681 0 0.000192759 0 1.63125e-05 3.54067e-05
internal_weight=8990 370 205 8620 7484 52 7432 6498 626 288 934 453 319 481 5872 5698 1136 392 205 119 266 174 72 215 137 338 115 744 616 491
internal_count=8990 370 205 8620 7484 52 7432 6498 626 288 934 453 319 481 5872 5698 1136 392 205 119 266 174 72 215 137 338 115 744 616 491
is_linear=0
shrinkage=0.05


Tree=108
num_leaves=31
num_cat=0
split_feature=375 67 328 213 238 15 370 219 377 263 265 330 356 242 232 242 50 76 232 239 198 11 282 218 58 67 198 303 370 368
split_gain=0.00024247 0.000462392 0.000820598 0.000561652 0.000894599 0.000990312 0.000617376 0.000735943 0.000593083 0.000636073 0.000765601 0.000566385 0.00102036 0.000562765 0.000538979 0.00050723 0.000441615 0.00090508 0.00041568 0.000428019 0.000410434 0.000594103 0.00050695 0.000409621 0.000403668 0.000514715 0.000394325 0.000333917 0.00031713 0.000498506
threshold=-0.21014192636942838 2.6121249993642173 0.48471964399019879 -0.21707557252937701 -0.93096084180113181 0.46730895837148018 1.2030933365254302 -0.85954472045224672 -0.84252793105888568 0.35378783828788435 0.80336121264933757 -1.510144710540771 -2.4976000337173097 0.18898679321752124 -0.73842969141613013 -1.9891513990204546 -10.716575622558592 -4.9908971786499015 1.5510738011710623 1.7612734066165303 0.46987382639819014 0.015202598646283103 0.85650920867919866 0.0096574178131623514 2.1049201488494877 2.6859997113545742 -0.34394053291669285 2.393394386819494 0.72225833956359475 0.27360163000332111
decision_type=2 2 10 10 8 2 2 10 2 10 10 10 8 10 10 10 2 2 10 10 10 2 10 10 2 2 10 10 2 2
left_child=-1 3 18 4 11 6 7 -6 20 14 13 12 -2 -11 23 -14 17 -13 19 24 21 26 -23 -10 -3 -26 -5 28 29 -4
right_child=1 2 27 8 5 -7 -8 -9 9 10 -12 16 15 -15 -16 -17 -18 -19 -20 -21 -22 22 -24 -25 25 -27 -28 -29 -30 -31
leaf_value=1.3555233729759473e-05 0 0 0 -3.3334490512812154e-05 -5.308347833929113e-07 0 0 -0.00015718818212640928 0.0001965739778384115 0 0 -0.00017711772719700101 0 0.00013897066306170995 -2.008308654803099e-05 0.000187741569940277 1.0043007999680313e-05 6.3122571954381197e-06 0 0 1.543257031410865e-05 -7.6906173187113087e-05 3.5714461491823513e-05 0 0 -0.00024277431537960954 6.4634604868168402e-05 6.9904690465227325e-05 0 -0.00020884170965380941
leaf_weight=2356 150 45 21 129 180 750 270 355 56 129 293 106 20 357 505 154 511 62 33 21 1137 572 55 20 32 132 217 123 147 52
leaf_count=2356 150 45 21 129 180 750 270 355 56 129 293 106 20 357 505 154 511 62 33 21 1137 572 55 20 32 132 217 123 147 52
internal_value=0 -5.11036e-06 -4.68297e-05 -8.61266e-08 -1.86593e-05 -4.3294e-05 -8.18265e-05 -0.000113835 1.21649e-05 3.82078e-05 6.77461e-05 1.45489e-05 7.05375e-05 0.00010627 0 0.000154642 -4.8111e-06 -7.97156e-05 -0.000113355 -0.000138595 -2.25254e-06 -2.80562e-05 -5.90498e-05 0.000122594 -0.000162034 -0.000199009 1.36628e-05 0 -3.25532e-05 -0.000118476
internal_weight=8990 6634 606 6028 2558 1555 805 535 3470 1360 779 1003 324 486 581 174 679 168 263 230 2110 973 627 76 209 164 346 343 220 73
internal_count=8990 6634 606 6028 2558 1555 805 535 3470 1360 779 1003 324 486 581 174 679 168 263 230 2110 973 627 76 209 164 346 343 220 73
is_linear=0
shrinkage=0.05


Tree=109
num_leaves=31
num_cat=0
split_feature=249 218 351 67 243 371 265 252 290 317 231 373 373 231 214 68 370 247 245 80 369 311 257 19 201 231 364 26 290 86
split_gain=0.000233861 0.000725168 0.00104344 0.000767327 0.00072303 0.000649664 0.000663931 0.000572122 0.000556925 0.000597444 0.000537587 0.000526537 0.000586836 0.000578571 0.000595525 0.000525847 0.000474744 0.000471171 0.000697655 0.00064466 0.00056356 0.000466548 0.000428488 0.000425994 0.00090371 0.000414501 0.00051622 0.000485752 0.000362267 0.000470666
threshold=-0.67504776969036129 -0.079254928742441375 -1.2836638689041135 -0.12803538640340162 -0.53741626464438097 -1.5406379421156753 -1.4692979018124352 -0.43957277485220708 -1.5933911204338069 -1.2117683266764578 -0.42363823276113238 0.1942404660227631 0.51733544997585357 -1.3503179228325932 -0.48841451692910992 0.73065046469370543 0.67906900851871266 -1.2822944477663172 -1.3820529750951065 -1.8449071248372393 0.60153945943979759 0.35645250939410783 -0.13851798224697698 -1.6678934097290037 -0.26235168106749346 -0.77832475690874747 0.6232752311450559 1.0360844532648723 -1.7632386287053425 0.89812544981638598
decision_type=10 10 10 2 8 2 10 10 10 10 10 2 2 10 10 2 2 10 10 2 2 10 8 2 10 10 10 2 10 2
left_child=4 5 10 15 7 28 -7 17 9 -9 -3 13 21 -8 -15 -4 -12 -1 19 -19 -21 -13 -6 24 -5 27 -27 -25 -2 -30
right_child=1 2 3 23 22 6 11 8 -10 -11 16 12 -14 14 -16 -17 -18 18 -20 20 -22 -23 -24 25 -26 26 -28 -29 29 -31
leaf_value=-8.5556014987979694e-06 0 0 0.0003369532649308357 2.9042490939502004e-05 -8.4472867918406199e-05 0.00020072460852630085 -4.6767852104003237e-05 0 0 -0.00025879277425935648 0 -7.1271704501045706e-05 3.8312841245897875e-05 0 0.00012879053064618012 0 -0.00032737173836890488 0 0 0 0.00022727726369297453 3.007485398024379e-05 0 -0.0002117633097248419 -0.00010380645059393886 2.8114626788028742e-05 -7.8302774384382963e-06 0 -0.00015511071501616056 0
leaf_weight=649 73 71 28 142 466 76 36 54 106 59 23 308 708 149 350 20 49 70 473 56 121 97 198 48 301 1563 2463 93 101 39
leaf_count=649 73 71 28 142 466 76 36 54 106 59 23 308 708 149 350 20 49 70 473 56 121 97 198 48 301 1563 2463 93 101 39
internal_value=0 4.4807e-06 -5.0559e-06 0 -1.41257e-05 3.06981e-05 4.24003e-05 1.18583e-06 -6.99554e-05 -0.000147617 -0.000138155 3.20534e-05 7.26869e-06 7.42599e-05 9.3017e-05 0.000197478 -0.000237745 1.62227e-05 4.54991e-05 0.000114417 0.000165427 -3.46545e-05 -5.82678e-05 -3.03737e-06 -4.99417e-05 7.50306e-07 4.88294e-06 -8.17336e-05 -4.05307e-05 -9.46738e-05
internal_weight=8990 6738 4801 4658 2252 1937 1724 1588 219 113 143 1648 1113 535 499 48 72 1369 720 247 177 405 664 4610 443 4167 4026 141 213 140
internal_count=8990 6738 4801 4658 2252 1937 1724 1588 219 113 143 1648 1113 535 499 48 72 1369 720 247 177 405 664 4610 443 4167 4026 141 213 140
is_linear=0
shrinkage=0.05


Tree=110
num_leaves=31
num_cat=0
split_feature=367 248 14 223 12 85 214 292 376 93 50 43 58 289 208 341 250 279 286 35 366 245 191 349 237 7 369 255 224 270
split_gain=0.000233331 0.000415008 0.000904255 0.000555629 0.000381589 0.000301921 0.000674261 0.000758163 0.000702041 0.000448741 0.000348563 0.000383052 0.000678865 0.000382046 0.000346092 0.000742087 0.000616016 0.00034476 0.000310624 0.000309369 0.000285581 0.000275908 0.000359261 0.000361983 0.000273982 0.000341363 0.000387008 0.000361962 0.000266018 0.000223221
threshold=0.96210407239819273 -0.43563190920409428 0.0031455433927476003 0.10317644268142002 -0.036040832599004043 8.1712067921956386 1.3552848217381033 5.0608723958333348 0.0031288080544726502 5.4944670995076512 12.721637090047201 -1.1619112888971961 0.19944303234418234 -0.45960432291030867 -0.41385354188344042 0.12841296195983898 -0.29991100601871518 1.0544376391693087 0.013047277306516952 1.3180562257766726 0.1877290880512367 1.5718131794347265 1.9210389576888167 3.0142885843912763 0.013818569856720151 3.4304760297139487 9.3936144970708852 0.45232191126092763 1.5211616652039217 -1.850679113493104
decision_type=2 10 2 10 2 2 10 10 2 2 2 2 2 10 8 10 10 8 10 2 2 10 10 10 10 2 2 10 10 10
left_child=5 29 3 4 -3 9 7 -7 18 10 11 14 13 -13 15 -1 -16 -14 -9 -20 -8 22 23 -12 -4 26 27 -26 -27 -2
right_child=1 2 24 -5 -6 6 20 8 -10 -11 21 12 17 -15 16 -17 -18 -19 19 -21 -22 -23 -24 -25 25 28 -28 -29 -30 -31
leaf_value=0 -4.3896259511005473e-05 0 4.6229754127407365e-05 0 -0.00023346988345338714 0 0 0 0 -0.00020190378520485252 0 0.00015489672738643989 0 0 -5.3038966206574563e-05 0.0001165812334201926 0 5.0700654601068757e-05 0.00039203668976604139 0 -0.00017591872395617729 0 0 -0.00021469938512200574 0 9.7288239911368421e-05 0 -0.00017591596367276942 -2.0281406482673033e-05 4.1976105934786841e-05
leaf_weight=1833 59 24 138 56 112 45 106 27 29 27 28 141 2110 51 807 152 1913 433 50 29 23 46 20 71 84 71 96 100 27 282
leaf_count=1833 59 24 138 56 112 45 106 27 29 27 28 141 2110 51 807 152 1913 433 50 29 23 46 20 71 84 71 96 100 27 282
internal_value=0 -2.23321e-05 -4.61457e-05 -0.00014004 -0.000194645 2.7515e-06 5.13423e-05 0.000117807 0.000180363 1.28409e-07 1.50578e-06 3.74089e-06 1.89727e-05 0.000112478 -4.05088e-06 1.03342e-05 -1.6387e-05 9.94276e-06 0.000240758 0.000295918 -2.68894e-06 -6.89338e-05 -0.00011126 -0.000154726 -1.49979e-06 -3.21565e-05 -6.61404e-05 -0.000109138 1.39405e-05 1.24515e-05
internal_weight=8990 1049 708 192 136 7941 309 180 135 7632 7605 7440 2735 192 4705 1985 2720 2543 106 79 129 165 119 99 516 378 280 184 98 341
internal_count=8990 1049 708 192 136 7941 309 180 135 7632 7605 7440 2735 192 4705 1985 2720 2543 106 79 129 165 119 99 516 378 280 184 98 341
is_linear=0
shrinkage=0.05


Tree=111
num_leaves=31
num_cat=0
split_feature=228 243 13 217 48 227 270 353 326 343 217 251 33 261 299 213 334 376 286 353 351 222 350 265 246 67 47 251 34 209
split_gain=0.000237326 0.000570997 0.000531638 0.000500509 0.000573589 0.000460764 0.00044785 0.000512999 0.000404697 0.000474567 0.000368066 0.000331284 0.000380204 0.000437328 0.000312094 0.000377551 0.000577327 0.000304745 0.000333022 0.000304173 0.000595032 0.00146904 0.000865942 0.000546113 0.000676183 0.000795266 0.00057204 0.000531815 0.000474108 0.000430915
threshold=-1.050339851357202 -1.4440761563904265 -0.046113469327489491 -1.9830267890584981 -11.11676534016927 -0.69641279212224649 -1.850679113493104 -2.7634984340374795 -0.23260180155436178 -18.061875025431313 0.29075404833289614 -1.9575795693209441 -0.34312504529952997 -1.4891864082598503 7.9472859848550596e-08 -2.0155669488304722 -2.1957035743870592 -0.0043447987606196493 -0.18031598255038236 -1.5398429919782701 -1.7404821713765457 -0.21960477969828107 -2.7828964392344155 -0.46073399732236281 -0.25783428869991298 0.95555551846822107 0.24681952595710752 -0.94385740676640661 0.3337216575940451 -0.93009927906903911
decision_type=10 8 2 10 2 10 10 10 10 10 10 8 2 10 10 10 10 2 10 10 10 10 10 10 8 2 2 10 2 10
left_child=1 3 10 11 6 -3 7 -5 9 -6 17 -1 13 -13 15 -7 -17 -2 -19 28 21 -21 -23 26 25 -25 -22 -28 -4 -26
right_child=2 5 19 4 8 14 -8 -9 -10 -11 -12 12 -14 -15 -16 16 -18 18 -20 20 23 22 -24 24 29 -27 27 -29 -30 -31
leaf_value=0 0 -1.0128867724403632e-05 0 0 0 0 2.0814231121938005e-05 -0.00028832363343999251 0 0.0001665159417754021 -1.229027203153321e-05 -0.00021103428810668662 0 0 0 0 -0.00018869128348181021 0 0.00010994681061368625 0 8.3210892174530212e-06 -0.00035469561546186835 0 0.0001278937701712322 -7.9133703862479073e-05 2.4988744474279135e-06 0 -9.1867513352660002e-05 7.8014976985137108e-05 2.509234965298351e-07
leaf_weight=66 111 529 398 27 60 29 48 29 85 165 86 72 30 45 24 43 172 152 324 108 242 59 21 230 174 484 95 475 301 4306
leaf_count=66 111 529 398 27 60 29 48 29 85 165 86 72 30 45 24 43 172 152 324 108 242 59 21 230 174 484 95 475 301 4306
internal_value=0 -1.88528e-05 3.39391e-06 1.06552e-05 4.87343e-05 -4.83378e-05 -1.90588e-05 -0.000142339 8.76005e-05 0.000122744 4.587e-05 -3.98829e-05 -8.90762e-05 -0.000134478 -0.000105076 -0.000123786 -0.00014757 6.2908e-05 8.05002e-05 -2.85011e-08 -4.27335e-06 -9.21666e-05 -0.000256512 -6.88138e-07 4.41682e-06 4.99063e-05 -3.94956e-05 -6.85651e-05 3.04293e-05 -1.71797e-06
internal_weight=8990 1424 7566 627 414 797 104 56 310 225 673 213 147 117 268 244 215 587 476 6893 6194 188 80 6006 5194 714 812 570 699 4480
internal_count=8990 1424 7566 627 414 797 104 56 310 225 673 213 147 117 268 244 215 587 476 6893 6194 188 80 6006 5194 714 812 570 699 4480
is_linear=0
shrinkage=0.05


Tree=112
num_leaves=31
num_cat=0
split_feature=251 50 249 225 363 367 19 363 330 14 18 62 12 225 224 28 203 61 350 19 243 335 35 19 244 362 372 39 235 256
split_gain=0.000225506 0.000539072 0.000489091 0.000596723 0.000477753 0.000473404 0.000470331 0.000401547 0.00036144 0.00035121 0.000344534 0.000334753 0.000297862 0.000623685 0.000566027 0.000897254 0.000478703 0.000434701 0.00050029 0.000493058 0.000426019 0.000632246 0.000443409 0.000373942 0.000369567 0.000287672 0.000302811 0.000287428 0.000276188 0.000257935
threshold=1.6742480018749757 11.254313786824545 1.6198330904638378 2.0088313601052983 -0.1760870639394588 0.13845590147271011 3.1673843065897627 3.0284588147631455 0.60265596707661917 0.037641075750191953 3.0336372057596845 1.9465048313140871 0.018518607442577602 1.1295488126376527 0.39904382258257637 0.55119729042053234 0.62959545364347214 -0.77332953612009669 -11.124415556589762 3.7780421574910488 0.71295577313648062 0.55623401369699665 0.24920164545377096 -1.9851944446563718 1.1073327224383307 3.4638131186844667 -0.0013240650110054998 4.0346508026123056 -0.47017557139706828 0.65734429735668032
decision_type=8 2 10 10 10 2 2 10 10 2 2 2 2 10 10 2 10 2 10 2 10 10 2 2 10 10 2 2 10 10
left_child=2 -2 3 12 11 6 -6 8 -5 27 -8 29 17 14 28 -16 -15 20 19 -19 22 -22 -1 -20 -18 26 -10 -3 -14 -4
right_child=1 9 4 7 5 -7 10 -9 25 -11 -12 -13 13 16 15 -17 24 18 23 -21 21 -23 -24 -25 -26 -27 -28 -29 -30 -31
leaf_value=-2.2947026352352262e-05 0 0 0 0 0 0 0.00021771490836088611 0 -0.00021333096338965152 0 1.7604201970135257e-05 -0.00011934863936263496 -3.2255033093736534e-05 -8.0576914066874785e-06 -8.7380009579864835e-05 0 0.00012034768567982114 0 0 -0.00022685130049365367 -0.00017130391886287344 0 1.7785892412659588e-05 7.1101994572031919e-05 0 0 0 -0.00034554581190067375 1.915769436161424e-05 0.00014889116385213342
leaf_weight=895 442 35 47 87 108 223 118 36 107 39 104 61 424 267 660 366 181 358 257 24 88 136 2205 727 203 27 28 29 679 29
leaf_count=895 442 35 47 87 108 223 118 36 107 39 104 61 424 267 660 366 181 358 257 24 88 136 2205 727 203 27 28 29 679 29
internal_value=0 -3.11912e-05 1.99e-06 -9.73665e-07 4.25396e-05 6.60027e-05 0.000104329 -7.23038e-05 -0.000100067 -0.000134964 0.000146532 -1.56783e-05 1.07936e-06 -1.10956e-05 -2.5476e-05 -5.22088e-05 2.82506e-05 9.36224e-06 3.31125e-05 -4.45328e-06 0 -6.69567e-05 4.41269e-06 5.27757e-05 6.65092e-05 -0.000144782 -0.000174569 -0.000207354 0 1.87534e-06
internal_weight=8990 545 8445 7755 690 553 330 285 249 103 222 137 7470 2780 2129 1026 651 4690 1366 382 3324 224 3100 984 384 162 135 64 1103 76
internal_count=8990 545 8445 7755 690 553 330 285 249 103 222 137 7470 2780 2129 1026 651 4690 1366 382 3324 224 3100 984 384 162 135 64 1103 76
is_linear=0
shrinkage=0.05


Tree=113
num_leaves=31
num_cat=0
split_feature=48 212 85 351 209 220 249 281 17 350 66 305 39 50 10 67 31 299 327 39 376 216 329 22 32 59 60 264 91 373
split_gain=0.000228699 0.000521673 0.000539097 0.000338398 0.000514146 0.000998353 0.000894382 0.000390914 0.0003859 0.000361051 0.000866498 0.000722601 0.000628982 0.000676813 0.000724438 0.000609937 0.000619803 0.000718377 0.000681103 0.000400161 0.000424622 0.000389244 0.00037751 0.000848245 0.000617895 0.000377479 0.000345985 0.000512625 0.000345065 0.000533812
threshold=14.048549652099611 0.92275199264537899 5.2725289662679051 2.1101057529449467 0.8548293792432401 0.97238880813049489 0.31213449046961367 0.10708586839201011 2.876708030700684 0.94343010584513387 -2.6955753962198883 0.54994188368508745 -1.1755867799123128 -2.7264307339986167 0.62923498948415135 2.1503570079803471 0.98334693908691417 7.9472859848550596e-08 -0.68912222981452931 -0.98190188407897938 -0.00137583899896425 0.4863353758746306 0.24042963981628418 0.053983733057975707 0.40580727656682342 -1.0187325080235798 1.5223472118377688 0.8053393503499956 -1.0675389766693113 0.17624681560270175
decision_type=2 10 2 10 10 10 10 10 2 8 2 10 2 2 2 2 2 10 10 2 2 10 10 2 2 2 2 10 2 2
left_child=3 2 -2 9 7 6 -6 -5 -8 15 11 -11 13 25 -15 22 17 18 -17 21 -21 -14 28 24 -24 -12 27 -9 -1 -30
right_child=1 -3 -4 4 5 -7 8 26 -10 10 12 -13 19 14 -16 16 -18 -19 -20 20 -22 -23 23 -25 -26 -27 -28 -29 29 -31
leaf_value=-3.9909003145003647e-06 0 0 0.0002122593642871974 -0.0001531358260171122 0 0 -0.00044239030782530493 0 0 0.00021755118693653111 0 0 0.00020396757492421175 -0.00015271741658966226 0 0 0 0 -0.0002027231169783269 4.1504037928628047e-05 -8.8534089837909652e-07 0 -0.0003221253804477616 0 -1.1013567807955498e-05 0.00014283194629865502 0 0.00020537892398876588 7.8447298147848522e-05 0
leaf_weight=3443 88 145 71 34 23 120 40 53 22 95 149 58 59 186 109 39 151 100 166 820 1377 20 44 249 90 47 113 55 352 672
leaf_count=3443 88 145 71 34 23 120 40 53 22 95 149 58 59 186 109 39 151 100 166 820 1377 20 44 249 90 47 113 55 352 672
internal_value=0 4.25826e-05 0.000107996 -1.52989e-06 -4.33839e-05 -0.000102417 -0.000233686 0 -0.000332927 2.03278e-07 1.48916e-05 0.000132662 6.56808e-06 -4.17105e-05 -9.25786e-05 -6.93785e-06 -6.24352e-05 -0.000104432 -0.000158051 1.91813e-05 1.26614e-05 0.000137045 -6.87862e-07 -4.90474e-05 -0.000150619 9.36222e-06 2.83435e-05 9.8207e-05 2.34019e-06 2.85079e-05
internal_weight=8990 304 159 8686 460 205 85 255 62 8226 2920 153 2767 491 295 5306 456 305 205 2276 2197 79 4850 383 134 196 221 108 4467 1024
internal_count=8990 304 159 8686 460 205 85 255 62 8226 2920 153 2767 491 295 5306 456 305 205 2276 2197 79 4850 383 134 196 221 108 4467 1024
is_linear=0
shrinkage=0.05


Tree=114
num_leaves=31
num_cat=0
split_feature=243 275 218 192 372 24 245 229 376 76 200 72 44 350 38 311 343 210 334 35 210 21 262 333 62 320 286 284 346 334
split_gain=0.000218567 0.000508419 0.000695493 0.000618339 0.000549654 0.000486125 0.000467137 0.000450301 0.000411216 0.000543941 0.000398051 0.000624603 0.000624445 0.000801341 0.000468668 0.000452835 0.000449521 0.00050553 0.000438254 0.000549634 0.000420373 0.000414266 0.000404798 0.000401637 0.000392465 0.000418818 0.000385666 0.00062113 0.000366283 0.000406252
threshold=0.89705010202949009 0.19913610712803148 -0.0082400573497293985 0.50961052600585399 -0.025307559763944994 0.93227624893188488 0.28026822972587223 0.10776140193987387 -0.0014141598636351498 18.961818695068363 -0.059006771640793293 -0.39632649223009736 -0.93003900845845533 -3.4429819186528521 -0.88486099243164051 0.042657283003433903 5.7216703097025556 -0.087564681116574339 -1.5963474531906965 0.21530324220657346 -1.6003826176462297 -1.5366725126902259 -0.88060006594227846 -0.75675185084917607 0.64087293545405088 -2.7791543862412382 -0.012214163279471198 -0.55773818492889382 2.5738819042841596 1.2725340239312637
decision_type=8 10 10 10 2 2 10 10 2 2 10 2 2 10 2 10 10 10 10 2 10 2 8 10 2 10 10 10 10 10
left_child=1 10 3 26 -5 28 7 -7 9 -2 15 12 22 14 -14 18 17 -17 24 20 -20 -21 23 -12 -1 -26 27 -3 -4 -30
right_child=8 2 5 4 -6 6 -8 -9 -10 -11 11 -13 13 -15 -16 16 -18 -19 19 21 -22 -23 -24 -25 25 -27 -28 -29 29 -31
leaf_value=0 0 -4.0970886769601433e-06 3.1035169769683139e-06 0.00026392130145903549 0 0 0 0.00018822005781000189 -3.2064303947884111e-05 0.00023607653561244464 0 4.384552380974951e-06 0 -2.7152713913456916e-05 -0.00020472061311327175 0.00011832874588333285 -1.7465758473241167e-05 0 0 -9.680804999639503e-05 -8.8330703822291602e-05 5.0959986938041648e-06 0.00012580428732935459 -0.00020822381922691146 0 0.00011692665097636922 0 0.00012742290588498188 -0.0001000997448205134 0
leaf_weight=926 663 46 801 77 39 45 300 96 1326 26 39 500 23 387 168 249 98 198 93 107 403 1230 62 24 51 178 280 190 204 161
leaf_count=926 663 46 801 77 39 45 300 96 1326 26 39 500 23 387 168 249 98 198 93 107 403 1230 62 24 51 178 280 190 204 161
internal_value=0 4.08357e-06 2.40868e-05 6.91295e-05 0.000185528 3.258e-06 5.01849e-05 0.000127083 -1.46096e-05 1.17264e-05 -4.31778e-06 -2.96011e-05 -6.08815e-05 -8.47836e-05 -0.000175314 2.87669e-06 4.55328e-05 7.05285e-05 -3.23158e-06 -1.98199e-05 -6.49714e-05 0 9.6534e-06 -2.54327e-05 1.87651e-05 7.78338e-05 3.32436e-05 8.06193e-05 -1.02055e-05 -5.31001e-05
internal_weight=8990 6975 2239 632 116 1607 441 141 2015 689 4736 1203 703 578 191 3533 545 447 2988 1833 496 1337 125 63 1155 229 516 236 1166 365
internal_count=8990 6975 2239 632 116 1607 441 141 2015 689 4736 1203 703 578 191 3533 545 447 2988 1833 496 1337 125 63 1155 229 516 236 1166 365
is_linear=0
shrinkage=0.05


Tree=115
num_leaves=31
num_cat=0
split_feature=375 3 13 45 236 57 242 200 284 245 375 361 210 87 53 58 194 297 34 370 334 333 1 64 249 353 39 238 39 30
split_gain=0.000250309 0.000486526 0.000938497 0.00089215 0.000681455 0.00053517 0.000653323 0.000507655 0.000572943 0.000338525 0.000323045 0.000456344 0.000475446 0.000599112 0.000287279 0.000562796 0.000725713 0.000488814 0.000515828 0.000386535 0.000694345 0.0006749 0.00059998 0.000306987 0.000671636 0.000425979 0.0003934 0.000732826 0.000532097 0.000331592
threshold=0.55598552999394912 0.99999993046124791 -0.011804157247145898 0.53191399574279796 0.83207237136311563 1.4741631348927817 -0.32476016761716475 -0.78121525596660557 -0.11364868779977159 0.27202436943350033 0.44186189107081986 -1.6616790720901917 0.25824021717789752 -0.18082622687021888 -6.2718078295389796 -1.2684655189514158 -1.2595946455047071 0.10774147510528552 -0.18296406666437781 0.49749824953199956 -0.46572756094414786 -2.4245968112474183 -2.4977468649546304 -3.4681450525919595 -0.35517270595078981 -1.8297759861227367 -1.1755867799123128 -0.69133797438397326 -0.89963483810424794 -1.2422528266906736
decision_type=2 2 2 2 10 2 10 10 10 10 2 10 10 2 2 2 10 10 2 2 10 10 2 2 10 10 2 10 2 2
left_child=10 2 -2 4 7 6 -3 -4 -9 -8 14 -12 13 -13 19 16 -16 18 -18 -1 21 -21 -23 24 29 -26 27 -25 -28 -17
right_child=1 5 3 -5 -6 -7 9 8 -10 -11 11 12 -14 -15 15 23 17 -19 -20 20 -22 22 -24 26 25 -27 28 -29 -30 -31
leaf_value=3.060634740856024e-06 0 0 0 0 0 -1.3567201697875477e-05 0.00025718443815073654 0 -0.00033965663468364183 0 -3.2440391581935952e-05 0 0 0.00019567063248905771 -1.3164656277238054e-05 -1.3798222754769111e-05 0 0 0.00016581777573424582 0 3.0226673530468325e-05 0 -0.00022698961617219674 2.2125847936585681e-05 0 0.00013812531903461712 9.1152850381653872e-05 -6.759729765984863e-05 -2.2803011068545775e-06 5.8802256956879667e-05
leaf_weight=123 248 29 20 92 45 309 57 35 93 21 62 48 172 121 102 611 40 21 210 101 52 20 126 253 28 177 157 618 4793 206
leaf_count=123 248 29 20 92 45 309 57 35 93 21 62 48 172 121 102 611 40 21 210 101 52 20 126 253 28 177 157 618 4793 206
internal_value=0 -2.42631e-05 -5.744e-05 -0.000119995 -0.000181134 6.23215e-06 0.000110054 -0.000232985 -0.000269563 0.000193707 2.88742e-06 4.65813e-05 7.56126e-05 0.000136241 0 2.92243e-06 6.27396e-05 0.000109746 0.000133947 -3.94396e-05 -7.36349e-05 -0.000115739 -0.000184944 0 2.4921e-05 0.000106215 -4.77426e-06 -3.57959e-05 0 0
internal_weight=8990 949 533 285 193 416 107 148 128 78 8041 403 341 169 7638 7216 373 271 250 422 299 247 146 6843 1022 205 5821 871 4950 817
internal_count=8990 949 533 285 193 416 107 148 128 78 8041 403 341 169 7638 7216 373 271 250 422 299 247 146 6843 1022 205 5821 871 4950 817
is_linear=0
shrinkage=0.05


Tree=116
num_leaves=31
num_cat=0
split_feature=375 67 327 213 232 292 193 228 19 375 273 363 66 0 76 335 267 350 207 243 197 52 251 244 277 280 364 304 369 339
split_gain=0.00024269 0.000382484 0.000551075 0.000513123 0.000806109 0.000752152 0.00065334 0.000746509 0.000560187 0.000619342 0.000528285 0.000506883 0.000614691 0.000498874 0.000626979 0.000443343 0.000441154 0.000714482 0.000434566 0.000431859 0.000465295 0.000411359 0.000397623 0.000503825 0.000377455 0.000385403 0.000377678 0.000342541 0.000366146 0.000341851
threshold=-0.21014192636942838 2.6121249993642173 1.0390822887420659 -0.21707557252937701 -0.28430475939923833 1.9221340616544091 0.71927987852022379 -0.36836309084594437 3.6850616137186689 0.7288289193297518 -0.38190687624594089 -1.164231501762911 12.215406417846681 -1.345167557398478 -4.1616543134053545 2.5894645003644019 -0.43611124834220422 2.5433269143104562 -0.91568848103745382 0.28377381749814462 -0.79080678301426499 4.2647935549418134 -0.3618684557353477 -0.8509159231761686 -0.3676154072348562 0.76199376531386942 1.3543720893161846 -0.33246066044045225 11.402842647174035 -0.78020172046924152
decision_type=2 2 10 10 10 10 10 10 2 2 10 10 2 2 2 10 10 10 10 10 10 2 10 10 10 10 10 10 2 10
left_child=-1 3 15 4 10 19 7 -7 16 11 13 -10 -13 -2 -15 21 17 -5 -19 29 -21 27 23 -12 25 -18 -26 -3 -29 -6
right_child=1 2 -4 8 5 6 -8 -9 9 -11 22 12 -14 14 -16 -17 24 18 -20 20 -22 -23 -24 -25 26 -27 -28 28 -30 -31
leaf_value=1.3791045561766088e-05 4.1048023293893856e-06 0 1.0843730968891859e-05 1.3221521396553625e-06 -3.5085904834049782e-05 0 0 -0.00023777648106164514 0 -5.8808663549639724e-05 0 0.00011549703536839961 0 -0.00011971340860617423 -6.4707159572680664e-06 0 -0.00010678510516013895 0 0.00023438657838060724 -0.0002518662394226873 0 0 0 0.00012772990211603824 1.1761048321440441e-05 0 -3.6481173110474365e-05 -0.00016761906590673705 0 7.4398243794847281e-05
leaf_weight=2356 814 26 170 387 80 27 38 145 69 62 88 449 77 227 510 131 178 25 70 35 66 32 195 190 1562 44 547 227 20 143
leaf_count=2356 814 26 170 387 80 27 38 145 69 62 88 449 77 227 510 131 178 25 70 35 66 32 195 190 1562 44 547 227 20 143
internal_value=0 -4.88965e-06 -4.28808e-05 -2.4027e-07 -1.80165e-05 -7.29639e-05 -0.000149631 -0.000191895 1.14232e-05 5.31073e-05 -1.0464e-06 7.31791e-05 9.2012e-05 -1.75011e-05 -4.81449e-05 -7.52914e-05 0 4.50666e-05 0.000170503 -7.81433e-06 -0.000102558 -0.000108331 4.23333e-05 8.13829e-05 -7.28575e-06 -6.93242e-05 0 -0.000129909 -0.00014872 1.27118e-05
internal_weight=8990 6634 606 6028 2558 534 210 172 3470 657 2024 595 526 1551 737 436 2813 482 95 324 101 305 473 278 2331 222 2109 273 247 223
internal_count=8990 6634 606 6028 2558 534 210 172 3470 657 2024 595 526 1551 737 436 2813 482 95 324 101 305 473 278 2331 222 2109 273 247 223
is_linear=0
shrinkage=0.05


Tree=117
num_leaves=31
num_cat=0
split_feature=375 195 207 213 238 19 31 88 12 252 218 18 207 304 369 42 208 344 335 215 208 335 213 340 343 260 317 86 67 272
split_gain=0.000221805 0.000461337 0.000890031 0.000804473 0.000604306 0.000512516 0.000501188 0.000694362 0.000654582 0.00046925 0.000459033 0.000443671 0.000416629 0.000455469 0.000420665 0.000519249 0.000377996 0.000324245 0.000323584 0.000534776 0.000838095 0.000512989 0.000649627 0.000409174 0.000399667 0.000417631 0.000379641 0.000365974 0.000361206 0.000339674
threshold=-0.037395754794959095 1.132155625776113 2.358420496683499 1.560405460824263 1.6910177801414592 4.228713035583497 0.88301980495452892 0.81536245346069347 -0.024572921295960694 2.2325106620077357 0.72089010847333668 3.9466576576232915 1.320067650684918 1.5637952342276591 2.5420504208328478 0.014566223447521502 0.14858321173250877 1.0621577451626463 1.095584711298206 -0.075463007045791244 -0.39832267544838945 -2.1076663208972746 0.35218627862403684 -0.62239459653695406 -1.5011880795160928 -0.67200236343429587 -1.184905933056684 1.0641814867655441 1.141654968261719 -1.2316965443311993
decision_type=2 10 10 10 10 2 2 2 2 10 10 2 10 10 2 2 8 10 10 10 10 10 10 10 10 10 10 2 2 10
left_child=18 2 6 -4 5 17 12 8 -8 11 -10 -7 14 -14 16 -16 -2 -3 19 23 21 -21 -23 29 26 -26 -25 -22 -29 -1
right_child=1 4 3 -5 -6 9 7 -9 10 -11 -12 -13 13 -15 15 -17 -18 -19 -20 20 27 22 -24 24 25 -27 -28 28 -30 -31
leaf_value=-1.6114755225725795e-06 1.80936409721975e-05 6.5839554039411115e-05 -0.00029193348087646752 0 -2.775698702286685e-05 0.00022239433382990664 2.357512486467007e-05 0 -0.00011759407436360361 0 0 0 0.00014830394988598553 0 0 -8.9692872328708963e-05 -2.2404707015811952e-05 -2.5469499896649913e-05 -1.4546479783324633e-05 0 0 0.00027572229817382808 0 0 9.6241657129384316e-05 -1.0209058665061236e-05 -8.7825546551981984e-05 0 8.6931875049034533e-05 5.6497321778688836e-05
leaf_weight=227 1885 165 55 55 213 111 62 568 438 48 65 36 98 57 358 288 762 161 825 26 627 90 38 230 111 302 303 26 301 459
leaf_count=227 1885 165 55 55 213 111 62 568 438 48 65 36 98 57 358 288 762 161 825 26 627 90 38 230 111 302 303 26 301 459
internal_value=0 -6.37434e-06 -1.28902e-05 -0.000156155 2.84533e-05 6.10297e-05 -8.35527e-06 -3.72563e-05 -7.65183e-05 0.000128322 -9.87964e-05 0.000172669 0 8.1053e-05 -2.6214e-06 -3.97249e-05 4.54599e-06 5.4185e-06 9.68028e-06 1.87999e-05 4.56123e-05 0.000159963 0.000201973 0 -2.07182e-05 6.31395e-06 -5.10407e-05 2.18979e-05 6.4775e-05 2.99839e-05
internal_weight=8990 5425 4691 110 734 521 4581 1133 565 195 503 147 3448 155 3293 646 2647 326 3565 2740 1108 154 128 1632 946 413 533 954 327 686
internal_count=8990 5425 4691 110 734 521 4581 1133 565 195 503 147 3448 155 3293 646 2647 326 3565 2740 1108 154 128 1632 946 413 533 954 327 686
is_linear=0
shrinkage=0.05


Tree=118
num_leaves=29
num_cat=0
split_feature=71 349 281 301 223 58 57 49 41 54 231 208 201 215 303 317 50 33 318 360 256 52 59 226 303 324 218 364
split_gain=0.000212021 0.000436255 0.000425151 0.000568557 0.000340774 0.000359861 0.000307711 0.000582496 0.000564767 0.00033394 0.000298352 0.000532718 0.000464745 0.000556463 0.000583505 0.000489048 0.000589941 0.000397372 0.000452121 0.000449834 0.000388442 0.000411552 0.000381523 0.000283778 0.000200676 8.62212e-05 6.2105e-05 2.92887e-06
threshold=-3.9281693299611402 -8.3205444018046055 -2.2362795422447923 -0.13032796730597807 -2.0109475995568329 0.1439723571141561 -1.5906128088633216 -9.2092978159586565 -0.38563621044158924 -2.4702770709991451 -0.3857841341982578 0.14858321173250877 -0.78896486893127038 0.36358619940758302 0.08248502330681437 -3.0409737358507605 -8.6011130015055333 -1.9019495646158853 -0.24494981589270381 -2.6088835588333712 0.020374184473314953 0.58082844813664758 0.53924912214279186 -0.35607786243956441 -2.104900097575702 -0.82085572679837526 -1.4736850625681968 -2.5425307861523927
decision_type=2 10 8 10 10 2 2 2 2 2 10 10 8 10 10 10 2 2 10 8 10 2 2 10 10 10 10 10
left_child=1 -1 3 4 -2 25 7 -4 9 -9 12 17 15 14 -14 24 -17 18 -12 -19 21 -13 -15 -22 -8 -6 -5 -28
right_child=2 -3 6 26 5 -7 10 8 -10 -11 11 20 13 22 -16 16 -18 19 -20 -21 23 -23 -24 -25 -26 -27 27 -29
leaf_value=0.00020057661760774928 0 0 0 6.3772839330879821e-05 0 0 0 0 0 0.00033393186474093553 -0.00014677798237377305 -7.2736778532119214e-05 -2.1661165094755068e-05 0.00012020075616059328 -0.00010761380782107846 0.00010138429465394704 0 -3.0001292736537098e-05 0 4.5982222448921934e-05 -7.1484972049663697e-05 0 0 6.1772925632981475e-06 -0.00011428808226489173 -0.000356407004389965 0 -2.0051451707812883e-05
leaf_weight=40 25 68 30 37 27 21 172 20 21 40 60 387 1284 85 313 210 769 140 103 1560 118 198 102 2989 84 35 23 29
leaf_count=40 25 68 30 37 27 21 172 20 21 40 60 387 1284 85 313 210 769 140 103 1560 118 198 102 2989 84 35 23 29
internal_value=0 6.95316e-05 -9.14425e-07 -7.36825e-05 -0.000151815 -0.000200583 1.61289e-07 8.31731e-05 0.000165629 0.00024599 -3.31197e-07 5.93281e-06 -1.3513e-05 -3.04503e-05 -4.16436e-05 6.90575e-06 2.64449e-05 2.81006e-05 -3.17562e-05 3.67824e-05 -3.89938e-06 -4.17349e-05 3.83893e-05 1.61635e-06 -4.82738e-05 -0.000261393 0 -9.16662e-06
internal_weight=8990 108 8882 197 108 83 8685 111 81 60 8574 5555 3019 1784 1597 1235 979 1863 163 1700 3692 585 187 3107 256 62 89 52
internal_count=8990 108 8882 197 108 83 8685 111 81 60 8574 5555 3019 1784 1597 1235 979 1863 163 1700 3692 585 187 3107 256 62 89 52
is_linear=0
shrinkage=0.05


Tree=119
num_leaves=31
num_cat=0
split_feature=375 3 296 45 371 29 32 243 369 15 271 375 361 210 87 372 373 367 51 228 73 260 238 53 46 214 196 19 73 252
split_gain=0.000209946 0.00043824 0.000848792 0.000777197 0.00055676 0.000657706 0.000799832 0.000357027 0.000372208 0.000312776 0.000301114 0.000300342 0.000428192 0.000394629 0.000539178 0.000401513 0.000295157 0.000291976 0.000274182 0.000266536 0.000531184 0.000486909 0.000743851 0.000658159 0.000550497 0.000500532 0.000449499 0.000442409 0.000410728 0.000513565
threshold=0.55598552999394912 0.99999993046124791 -0.03398636852701499 0.53191399574279796 -2.1012239415166349 0.025469869375228854 0.91865046819051133 0.53523248853182015 1.4088913998913706 0.92748788992563891 -0.27221724166937522 0.44186189107081986 -1.6616790720901917 0.25824021717789752 -0.18082622687021888 -0.64750639891102713 0.035459966115447959 0.24175118074143279 -0.66387687126795447 -1.050339851357202 0.068774153788884462 -0.22613837943307852 -0.93096084180113181 -2.8490074475606275 0.10053519407908122 -0.49837531171992983 -0.059570668613895199 -1.7585651079813638 0.52235786120096861 -0.22361122976784392
decision_type=2 2 10 2 2 2 2 10 2 2 10 2 10 10 2 2 2 2 2 10 2 10 10 2 2 10 10 2 2 10
left_child=11 2 -2 4 -4 -6 -7 8 10 16 -3 19 -13 14 -14 -16 -9 -18 -12 26 21 22 25 -23 -24 -21 -1 -25 29 -22
right_child=1 7 3 -5 5 6 -8 9 -10 -11 18 12 13 -15 15 -17 17 -19 -20 20 28 23 24 27 -26 -27 -28 -29 -30 -31
leaf_value=-6.8222601900190647e-06 0 0 0 0 0 -0.00031690509478154186 0 0 0 0 0 -3.062138030950944e-05 0 0 0 0.00024044830486154623 -0.00023432964418005641 0 0.00024169001938115534 0.00011543676290567365 0 0.00017877015335608255 -5.5565605351018086e-05 -1.2592416789129082e-05 1.1559564141793002e-05 0 -0.00012227996531329424 5.7631675401020814e-05 -8.2676701253064121e-07 -0.00014162066154470643
leaf_weight=1119 228 21 35 85 27 106 52 20 96 130 29 62 48 172 32 89 43 23 54 217 51 111 494 229 586 146 108 512 3944 121
leaf_count=1119 228 21 35 85 27 106 52 20 96 130 29 62 48 172 32 89 43 23 54 217 51 111 494 229 586 146 108 512 3944 121
internal_value=0 -2.23694e-05 -5.40046e-05 -0.000109777 -0.00015979 -0.000194629 -0.000233986 6.14998e-06 6.28906e-05 -2.3255e-05 0.000128613 2.49221e-06 4.45713e-05 7.29062e-05 0.00012867 0.000185065 -0.000102172 -0.000157356 0.00017257 0 4.35599e-06 2.4062e-05 2.58821e-06 5.45589e-05 -1.45171e-05 6.72403e-05 -2.10686e-05 2.9184e-05 -5.41726e-06 -8.15637e-05
internal_weight=8990 949 533 305 220 185 158 416 200 216 104 8041 403 341 169 121 86 66 83 7638 6411 2295 1443 852 1080 363 1227 741 4116 172
internal_count=8990 949 533 305 220 185 158 416 200 216 104 8041 403 341 169 121 86 66 83 7638 6411 2295 1443 852 1080 363 1227 741 4116 172
is_linear=0
shrinkage=0.05


Tree=120
num_leaves=31
num_cat=0
split_feature=236 208 58 64 268 219 321 64 357 207 273 81 47 200 228 344 14 212 278 336 341 371 267 190 350 307 292 53 6 39
split_gain=0.000209732 0.000591591 0.000506381 0.000561477 0.000567569 0.000457901 0.000423763 0.000765119 0.000404819 0.000405411 0.000392847 0.000345277 0.000348292 0.000468606 0.000280097 0.000545288 0.000338405 0.000466238 0.000307166 0.000331079 0.000300738 0.000299542 0.000393352 0.00029245 0.000291427 0.000612022 0.000585123 0.0007872 0.000394694 0.0003263
threshold=-1.4171626051538035 -1.3873041667695514 -1.7704634666442869 -1.6700282096862791 -1.0305951231852453 -0.93701621449221328 -0.027047825529921948 -6.1810324986775704 -1.8331336010874393 -0.3234967272552749 -0.91565717664364288 -0.28371443351109815 -0.15716089804967226 -2.4062826819866001 -1.050339851357202 -3.5229309101899466 -0.032239113003015442 -0.37993413491092815 -0.53024797953261593 -1.3677570496097273 -2.6629739105701433 0.5364676911955264 -1.1560204076451728 -1.1808031080045971 -1.0000000180025095e-35 0.42591374955337519 7.9953034718831395 1.6432627836863201 0.3035500049591065 -1.1755867799123128
decision_type=10 8 2 2 10 10 8 2 10 10 10 2 2 10 10 10 2 10 10 10 10 2 10 10 10 10 10 2 2 2
left_child=1 10 3 4 -2 -6 7 -3 -5 -10 -1 -9 -13 -14 16 20 17 -4 19 -18 -16 -20 -23 -21 26 29 -17 -28 -27 -26
right_child=2 6 14 8 5 -7 -8 11 9 -11 -12 12 13 -15 15 24 18 -19 21 23 -22 22 -24 -25 25 28 27 -29 -30 -31
leaf_value=0 0 0 -0.00020964639825959551 -0.00020109740881152547 0 0.0002847891640953131 0 0 0 0.00015913086128691232 0.00019384504989457805 0 0 -0.00025420008045970839 0 -2.5729935610487811e-06 -1.6042000865209871e-05 0 0 0 9.2850477808481048e-05 0 -0.00016472637111288041 9.6889969546478204e-05 0 -4.0171321377643836e-05 -0.00017403680371094908 0 5.1481407890110118e-06 5.1473500294394718e-05
leaf_weight=351 61 186 59 23 24 65 124 26 28 43 28 20 29 120 22 2350 265 61 127 56 255 20 92 162 265 583 126 120 2297 1002
leaf_count=351 61 186 59 23 24 65 124 26 28 43 28 20 29 120 22 2350 265 61 127 56 255 20 92 162 265 583 126 120 2297 1002
internal_value=0 -2.32455e-05 2.39773e-06 7.33289e-05 0.000134522 0.000215431 -6.10562e-05 -8.78674e-05 0 3.3096e-05 1.39491e-05 -0.000157751 -0.000183892 -0.00021022 0 3.46335e-06 -2.70471e-05 -0.000109192 -6.45675e-06 8.02867e-06 7.22736e-05 -5.66335e-05 -0.000116281 6.02081e-05 0 8.84435e-06 -1.24773e-05 -8.67354e-05 -2.29093e-06 3.81e-05
internal_weight=8990 884 8106 244 150 89 505 381 94 71 379 195 169 149 7862 7020 842 120 722 483 277 239 112 218 6743 4147 2596 246 2880 1267
internal_count=8990 884 8106 244 150 89 505 381 94 71 379 195 169 149 7862 7020 842 120 722 483 277 239 112 218 6743 4147 2596 246 2880 1267
is_linear=0
shrinkage=0.05


Tree=121
num_leaves=31
num_cat=0
split_feature=251 50 226 366 49 371 200 58 334 89 345 316 40 49 9 206 223 213 16 91 29 365 239 236 11 17 356 242 231 370
split_gain=0.000210326 0.000500332 0.00044473 0.000563437 0.000464973 0.0003428 0.000387925 0.000316488 0.000362471 0.000488516 0.000393105 0.000651567 0.000418825 0.000699248 0.000525607 0.000356765 0.000534043 0.000303796 0.000356064 0.000328566 0.000278671 0.000261035 0.000255062 0.000213654 0.000210919 0.000207175 0.000175384 9.77036e-05 6.05753e-05 0.000251248
threshold=1.6742480018749757 11.254313786824545 1.8380478724107145 0.071885590453401815 3.2820614178975425 -0.27172039365866624 2.1625007794754567 3.6881326039632163 1.3478273631461597 5.339670181274415 2.9876931508382163 1.3497624965282895 0.043707470099131208 8.382628758748373 2.5431090394655871 -0.048353203368555045 0.90758528473722377 2.01530474337526 5.2147350311279306 7.8164958953857431 0.98710473378499353 3.2600182948125718 1.8435273733388582 0.75845221827477716 0.13775262236595151 2.100283632675807 1.0688773059962517 0.88579151424624758 0.5036830527592101 0.55086509009576046
decision_type=8 2 10 2 2 2 10 2 8 2 10 10 2 2 2 10 10 10 2 2 2 10 10 10 2 2 10 10 10 2
left_child=2 28 7 -4 -5 -3 -7 8 10 15 12 21 14 -14 -1 27 -17 18 19 20 -9 -12 24 25 -6 -11 -13 -10 29 -2
right_child=1 5 3 4 22 6 -8 17 9 23 11 26 13 -15 -16 16 -18 -19 -20 -21 -22 -23 -24 -25 -26 -27 -28 -29 -30 -31
leaf_value=-4.2279013980138659e-06 0 0 0 0 0.0003837002418513953 -0.00027274237682016928 0 0 1.0088664559593777e-05 -0.00011541676776370485 -0.00014345918899856679 8.6744447514403174e-05 3.4094352699324013e-05 -8.7337819924413135e-05 -0.00013596594892435049 9.5054587128056502e-05 0 0 0 0 -0.00020265927094207598 0 0 0 0 0 -5.1618596829572749e-06 -5.8726233574360997e-05 6.016479827887592e-06 -0.00010054927888859013
leaf_weight=4725 85 34 176 31 33 48 21 32 160 86 161 58 1450 110 81 467 266 47 26 25 96 22 29 183 20 47 48 66 281 76
leaf_count=4725 85 34 176 31 33 48 21 32 160 86 161 58 1450 110 81 467 266 47 26 25 96 22 29 183 20 47 48 66 281 76
internal_value=0 -3.02997e-05 1.73336e-06 6.27183e-05 0.000150031 -0.000130331 -0.000194284 0 1.2332e-06 2.60755e-05 -2.77524e-06 -5.98054e-05 0 2.23219e-05 -7.49133e-06 4.55896e-05 6.27357e-05 -5.87034e-05 -9.26877e-05 -0.000125953 -0.000159288 -0.000120597 0.000212526 -1.73239e-05 0.000286083 -6.87444e-05 0 0 0 -2.96119e-05
internal_weight=8990 545 8445 289 113 103 69 8156 7930 1275 6655 289 6366 1560 4806 959 733 226 179 153 128 183 82 316 53 133 106 226 442 161
internal_count=8990 545 8445 289 113 103 69 8156 7930 1275 6655 289 6366 1560 4806 959 733 226 179 153 128 183 82 316 53 133 106 226 442 161
is_linear=0
shrinkage=0.05


Tree=122
num_leaves=31
num_cat=0
split_feature=368 369 350 66 255 65 224 275 314 366 33 15 66 33 361 28 373 291 78 305 339 61 366 286 235 89 212 46 367 372
split_gain=0.000212093 0.000345289 0.000676204 0.00051584 0.000816963 0.000641495 0.000510621 0.00050918 0.000460441 0.000478729 0.000456755 0.00052419 0.000452693 0.000430181 0.000389137 0.000385697 0.000534623 0.00057141 0.000538602 0.000472802 0.000347648 0.000462702 0.000337116 0.000291663 0.000334732 0.000321872 0.000290761 0.000278011 0.000270768 0.000402433
threshold=6.3768323139206773 1.8816416116945158 0.58267958958943711 -5.25058889389038 -2.0314712797557646 -0.89802614847818996 -1.6402122876639049 1.0840977804621763 -3.7162234099782459 1.0028901734104863 -0.13062397142251328 -0.34825998544692988 5.8820667266845712 0.69540826479593931 2.1062158777929034 0.30036931236584985 0.1942404660227631 -0.81642955541610718 -0.022328806420167244 0.073726114918447008 1.1818066351749557 -0.77332953612009669 -0.057815872121551641 -0.059131496741125895 -0.749360500291684 -6.0980256398518868 -0.28758655841877773 0.50417516628901182 0.28398589315519995 -0.50772218401113645
decision_type=2 2 10 2 10 2 10 10 10 2 2 2 2 2 10 2 2 10 2 10 10 2 2 10 10 2 10 2 2 2
left_child=1 3 8 4 6 23 -1 14 -3 10 11 -10 28 -12 -7 16 -5 18 -18 -19 21 -17 -23 25 -25 -6 27 -22 29 -4
right_child=-2 2 12 15 5 7 -8 -9 9 -11 13 -13 -14 -15 -16 20 17 19 -20 -21 26 22 -24 24 -26 -27 -28 -29 -30 -31
leaf_value=0 2.2853644336410463e-05 2.2574708766040278e-05 0 0 -2.7328954365386123e-05 0.0001190658191608441 0.00019213399039977387 -3.3253696052749843e-05 0 2.2669703381527707e-06 6.5013565724775213e-06 -0.00016831240414954551 -2.0781269423991882e-05 -6.7520316414445742e-05 0 0 0 5.5479503322365484e-05 -0.00015007165723808532 -3.5609830727712603e-05 -0.00018874199427229449 0 8.6468169131628054e-05 -8.2456852010926409e-05 0 5.6699629690006389e-05 0 0 0 0.0001410028492500021
leaf_weight=33 898 100 145 2179 134 275 120 31 58 105 176 231 531 400 28 452 181 165 210 573 42 149 422 229 141 239 406 22 184 131
leaf_count=33 898 100 145 2179 134 275 120 31 58 105 176 231 531 400 28 452 181 165 210 573 42 149 422 229 141 239 406 22 184 131
internal_value=0 -2.74928e-06 -2.07189e-05 2.56277e-06 3.19449e-05 1.14293e-05 0.000143598 7.10927e-05 -4.88553e-05 -6.13749e-05 -7.48792e-05 -0.000134583 4.61734e-06 -3.62263e-05 9.82721e-05 -3.92392e-06 -1.4264e-05 -4.21883e-05 -9.30363e-05 -8.46542e-06 1.56371e-05 3.36196e-05 6.36422e-05 -8.66849e-06 -4.4133e-05 1.3112e-05 -1.28664e-05 -0.000112046 4.48015e-05 7.61349e-05
internal_weight=8990 8092 2061 6031 1230 1077 153 334 1070 970 865 289 991 576 303 4801 3308 1129 391 738 1493 1023 571 743 370 373 470 64 460 276
internal_count=8990 8092 2061 6031 1230 1077 153 334 1070 970 865 289 991 576 303 4801 3308 1129 391 738 1493 1023 571 743 370 373 470 64 460 276
is_linear=0
shrinkage=0.05


Tree=123
num_leaves=31
num_cat=0
split_feature=375 195 67 238 248 210 280 235 65 273 40 342 56 291 377 311 63 213 202 39 232 3 363 74 207 333 2 47 40 58
split_gain=0.000214321 0.000333667 0.000662054 0.000499927 0.000478525 0.000482282 0.000470836 0.000460036 0.000407014 0.000755564 0.000979715 0.00039678 0.000393686 0.000393392 0.000342228 0.000588473 0.000594437 0.000573423 0.000546637 0.00046951 0.000356183 0.000323105 0.000308845 0.00042346 0.000266263 0.000344953 0.000264567 0.000277023 0.000255692 0.000445095
threshold=-0.21014192636942838 1.132155625776113 2.5462427934010825 1.3315272582581994 0.67511760888770989 0.41914962648371501 1.8741288336207946 -0.53402555871846669 5.3553573687871312 0.89073671188381442 -0.67426824569702137 0.96024783452351892 1.9615182876586916 1.9222750663757326 -0.84252793105888568 -1.3166809247718674 3.4561344782511396 -0.2721091655065459 -0.44239140143674965 -0.32473595937093086 -0.33809681458614316 3.7129810651143393 0.005747471229187201 1.8065911134084069 1.3984593645294845 1.2555616575900175 1.1602173248926801 0.89527932802836108 -1.5967526435852049 -1.1159851948420203
decision_type=2 10 2 10 10 10 10 10 2 10 2 10 2 10 2 10 2 10 10 2 10 2 10 2 10 10 2 2 2 2
left_child=28 2 8 7 11 -6 12 -3 14 10 -10 -4 -7 22 15 18 -17 20 -2 -19 -16 24 -9 -24 25 -5 27 -13 -1 -30
right_child=1 3 4 21 5 6 -8 13 9 -11 -12 26 -14 -15 17 16 -18 19 -20 -21 -22 -23 23 -25 -26 -27 -28 -29 29 -31
leaf_value=-7.529075547620516e-06 0 -6.2626209476569832e-05 -0.00010662335292018282 0 0 -0.00024505083373714027 0 0 0 0 -0.00028303067918122231 0 0 1.763707101551673e-05 0 -3.4048748589482784e-05 7.8879709453630082e-05 8.6545975926155324e-05 9.2222747202150277e-05 8.4024587805305065e-06 -6.8286894748895285e-05 3.8155441544331469e-05 0.00023839120343842584 0 0 -0.00017069921100706847 0 0.00018677353724435387 0.00015672974600945734 1.5372314602152659e-05
leaf_weight=700 594 29 74 34 22 111 25 60 24 101 68 37 21 288 803 2120 99 379 202 755 213 126 95 24 173 75 39 43 70 1586
leaf_count=700 594 29 74 34 22 111 25 60 24 101 68 37 21 288 803 2120 99 379 202 755 213 126 95 24 173 75 39 43 70 1586
internal_value=0 -4.77599e-06 -9.84393e-06 2.18143e-05 -7.52711e-05 -0.000135834 -0.000169438 5.75658e-05 -4.36691e-06 -7.60579e-05 -0.00018066 0 -0.000207493 7.57457e-05 -7.18588e-07 -1.24783e-05 -2.6754e-05 1.34466e-05 2.10357e-05 3.89333e-05 -1.00803e-05 -9.39987e-06 0.000141259 0.000191023 -4.83782e-05 -0.000110241 3.54343e-05 0.00010062 1.27744e-05 2.43758e-05
internal_weight=8990 6634 5730 904 372 179 157 496 5358 193 92 193 132 467 5165 3015 2219 2150 796 1134 1016 408 179 119 282 109 119 80 2356 1656
internal_count=8990 6634 5730 904 372 179 157 496 5358 193 92 193 132 467 5165 3015 2219 2150 796 1134 1016 408 179 119 282 109 119 80 2356 1656
is_linear=0
shrinkage=0.05


Tree=124
num_leaves=31
num_cat=0
split_feature=1 32 372 78 375 50 362 344 344 246 254 376 20 235 30 210 249 352 58 213 238 210 226 275 38 244 237 370 279 373
split_gain=0.000205421 0.000376097 0.000397887 0.000450773 0.000307823 0.000446982 0.000664678 0.000407227 0.000617937 0.000773006 0.000781766 0.000539712 0.000501186 0.000468267 0.000447373 0.00040575 0.000255711 0.000396951 0.000379947 0.000627113 0.00033654 0.000333627 0.000356402 0.000265726 0.000260437 0.000229143 0.000222558 0.000286824 0.000207173 0.000206562
threshold=2.4144930839538579 0.54034386078516661 -0.29084790808753186 -0.16284212470054624 -0.12593562649078166 16.393929799397792 3.8328764754269629 -4.3871489763259879 -2.1849566896756487 -0.57157608781232172 -1.0326345509107846 -0.0010543216277923498 -0.67339920997619618 -2.3475441286817502 -1.1170934041341145 -1.4657296103720079 -1.2952346107709274 -0.13541565835475919 1.5499365329742434 -0.6377058645305268 -1.2892464873900915 -1.0385348102330461 -0.61259348500841238 -0.69439004960920225 -1.1483222246170042 -1.8443009022653165 -1.8781682717077255 0.3287968183170385 -0.84718732185093881 0.60581875572894217
decision_type=2 2 2 2 2 2 10 10 10 10 10 2 2 8 2 8 10 10 2 10 10 10 10 10 2 10 10 2 8 2
left_child=4 2 -2 -4 16 7 29 13 9 10 -9 12 -10 -6 -13 25 24 18 19 -18 -21 22 -19 -24 -1 -15 -26 -28 -17 -7
right_child=1 -3 3 -5 5 6 -8 8 11 -11 -12 14 -14 15 -16 28 17 21 -20 20 -22 -23 23 -25 26 -27 27 -29 -30 -31
leaf_value=0 0 0 0 0.00022187734432139094 -4.4498147713765881e-05 0 0 -2.6478758874211299e-06 7.0515658902294215e-05 0 -0.00018195029473718995 0 0 0 -3.6324202259227697e-05 -1.3213141845828811e-05 0 0 0 0 0.00014349757342769828 9.0555157357486212e-06 0 -0.00029966903155770677 0 0.00023348713085217208 0 -0.00016902350702713038 7.3363391165873966e-05 -0.0003264217371236409
leaf_weight=149 38 288 22 72 48 21 29 185 381 297 180 1794 1096 32 1411 85 277 43 213 23 248 1693 20 25 22 61 35 75 94 33
leaf_count=149 38 288 22 72 48 21 29 185 381 297 180 1794 1096 32 1411 85 277 43 213 23 248 1693 20 25 22 61 35 75 94 33
internal_value=0 3.40672e-05 0.000103964 0.00016045 -1.7416e-06 -8.87813e-06 -0.000127398 -6.25637e-06 -1.03104e-05 -5.60053e-05 -0.000104791 -2.78049e-06 2.08485e-05 4.58075e-05 -1.52301e-05 8.01299e-05 1.10155e-05 1.73004e-05 4.79478e-05 7.01815e-05 0.000125464 1.39586e-06 -8.90547e-05 -0.000187746 -2.80378e-05 0.000172119 -8.12502e-05 -0.000113905 4.34984e-06 -0.000235894
internal_weight=8990 420 132 94 8570 5747 83 5664 5344 662 365 4682 1477 320 3205 272 2823 2542 761 548 271 1781 88 45 281 93 132 110 179 54
internal_count=8990 420 132 94 8570 5747 83 5664 5344 662 365 4682 1477 320 3205 272 2823 2542 761 548 271 1781 88 45 281 93 132 110 179 54
is_linear=0
shrinkage=0.05


Tree=125
num_leaves=31
num_cat=0
split_feature=368 375 373 17 0 291 248 71 201 361 87 375 300 66 234 62 229 344 38 22 51 46 359 22 33 293 2 235 302 67
split_gain=0.000196295 0.000285809 0.000499668 0.000385849 0.000764931 0.000750668 0.00103173 0.000332238 0.000576513 0.000437053 0.000590193 0.000385091 0.00065689 0.000505267 0.000308773 0.000305231 0.000291697 0.000555581 0.000357626 0.000283642 0.000281388 0.000482398 0.000279202 0.000714612 0.000396554 0.000264059 0.000343035 0.000249418 0.00048223 0.000309965
threshold=6.3768323139206773 -0.46366599580580997 1.2916450339207854 -0.77948474884033192 -1.3666309515635169 0.28571764628092455 -0.83937606254895025 0.91457637151082372 0.516539015957591 1.6489521479305405 1.171794652938843 0.31431530845967864 -3.7872451146443686 -9.1757065455118809 -0.090470676531406294 -1.0826639731725056 -0.6490811554957453 -2.5960952440897622 -3.9008305867513013 -1.0166119734446206 1.975222587585449 0.50417516628901182 -1.1963391218494774 -1.7706968784332273 -1.3207656343777971 1.5466987689336145 1.6326924959818525 0.57704687217196182 0.69375008196341892 1.9340593020121257
decision_type=2 2 2 2 2 10 10 2 10 10 2 2 10 2 10 2 10 10 2 2 2 2 8 2 2 10 2 10 10 2
left_child=1 16 7 4 -4 6 -6 11 9 10 -9 22 15 -14 -5 -13 17 -1 -19 -20 -16 -22 24 -24 -3 -18 -27 28 -10 -29
right_child=-2 2 3 14 5 -7 -8 8 27 -11 -12 12 13 -15 20 -17 25 18 19 -21 21 -23 23 -25 -26 26 -28 29 -30 -31
leaf_value=0 2.2129614570043013e-05 -6.4280886413742809e-05 0 2.632589887289397e-05 0 0 -0.00022882775573629879 1.5247720327269178e-05 0 0 0.00013877810102893871 0.00011348711437237619 0 -7.5692334391702838e-05 0 0 -1.819055905940879e-05 0 0.00028385610999703733 0 -0.00014817673779738972 0 9.1561625462527107e-05 0 0 9.6728206540549976e-05 0 9.9661534997577456e-05 -0.00010688446497770226 0
leaf_weight=99 898 356 157 278 59 69 169 359 164 165 233 84 172 661 212 55 399 25 52 31 114 88 239 2322 712 148 117 83 158 312
leaf_count=99 898 356 157 278 59 69 169 359 164 165 233 84 172 661 212 55 399 25 52 31 114 88 239 2322 712 148 117 83 158 312
internal_value=0 -2.50848e-06 -6.32502e-06 -3.66332e-05 -7.39921e-05 -0.000121674 -0.000165863 0 2.00227e-05 5.14578e-05 7.23267e-05 -7.21648e-06 -3.51689e-05 -5.50476e-05 -4.89165e-06 4.79692e-05 2.33896e-05 7.6304e-05 0.00015493 0.000204898 -3.79298e-05 -8.01786e-05 0 9.22544e-06 -2.11997e-05 0 4.46322e-05 -6.19614e-06 -4.31816e-05 1.13023e-05
internal_weight=8990 8092 7221 1146 454 297 228 6075 1474 757 592 4601 972 833 692 139 871 207 108 83 414 202 3629 2561 1068 664 265 717 322 395
internal_count=8990 8092 7221 1146 454 297 228 6075 1474 757 592 4601 972 833 692 139 871 207 108 83 414 202 3629 2561 1068 664 265 717 322 395
is_linear=0
shrinkage=0.05


Tree=126
num_leaves=31
num_cat=0
split_feature=348 19 322 317 258 334 28 58 223 33 344 76 69 0 13 353 309 285 367 229 32 293 50 317 297 68 28 327 191 23
split_gain=0.000192799 0.00033951 0.000384713 0.000492801 0.000437912 0.000472612 0.000432523 0.000283318 0.000619186 0.000516962 0.000619239 0.000367057 0.000613646 0.000617 0.000597974 0.000547081 0.000510681 0.000450442 0.000426395 0.000386916 0.000382894 0.000286095 0.000285334 0.000266083 0.000202871 0.000134871 0.000115385 8.60791e-05 0.000198091 2.83038e-05
threshold=-21.390256881713864 -9.237027168273924 -0.80138931671778357 -4.2170222596139988 -0.29782874865775805 -0.53512378238751335 -0.2649445434411366 -2.6294901470343262 -1.2714889907189666 -1.460307995478312 -2.7118191520373025 -2.8973809878031411 0.14970454573631284 -1.4155330657958982 -0.0030442805339892499 -2.0514246659303361 -1.2468004764234522 -0.099337938707321674 0.96210407239819273 -0.060423208119466741 0.88417625427246105 -1.4568238655726113 1.8626449108123782 -1.9438812791591562 -0.22393008073170981 -0.011231978734334248 0.20400902846207206 -0.77384173870086648 -1.039740727489096 -0.029049263646205196
decision_type=10 2 10 10 10 10 2 2 10 2 10 2 2 2 2 10 8 10 2 10 2 10 2 10 10 2 2 10 10 2
left_child=25 2 27 -4 5 6 -5 8 -3 10 -10 12 13 24 17 -15 20 19 -19 -13 -16 -18 23 -14 -9 26 -1 29 -29 -2
right_child=1 7 3 4 -6 -7 -8 11 9 -11 -12 14 22 15 16 -17 21 18 -20 -21 -22 -23 -24 -25 -26 -27 -28 28 -30 -31
leaf_value=0.00014122667026077691 0 -5.9652423767722489e-06 1.7095552609887742e-06 0 0 0 -0.00024809285474496447 -2.1412453295969063e-05 0 0 0.00033617480201109784 1.5382243561061279e-05 0 0 -0.00010712845139630261 -8.3499815623547211e-05 6.0879945052930482e-05 6.6203473957413399e-05 -3.4767404001227857e-07 -9.2848668658120372e-05 0 -1.4714063971310081e-06 0 0.00012712205950986776 4.1928222526725314e-05 0 0 0 0.00016823737804158275 -5.6584378387315424e-05
leaf_weight=55 24 32 22 25 63 35 104 266 22 29 45 368 34 129 198 683 190 859 136 102 74 4922 40 115 219 102 24 26 25 22
leaf_count=55 24 32 22 25 63 35 104 266 22 29 45 368 34 129 198 683 190 859 136 102 74 4922 40 115 219 102 24 26 25 22
internal_value=0 -9.92119e-07 -4.97327e-05 -8.54253e-05 -0.000115884 -0.000158922 -0.000203114 4.10346e-07 7.44265e-05 0.000153231 0.000229975 -1.27321e-07 -2.32e-05 -3.77916e-05 4.14892e-06 -6.46571e-05 -2.71059e-06 3.27694e-05 5.20833e-05 0 -6.95515e-05 0 5.04593e-05 8.95181e-05 0 5.11236e-05 0.000101225 0 6.48946e-05 0
internal_weight=8990 8809 346 249 227 164 129 8463 128 96 67 8335 1486 1297 6849 812 5384 1465 995 470 272 5112 189 149 485 181 79 97 51 46
internal_count=8990 8809 346 249 227 164 129 8463 128 96 67 8335 1486 1297 6849 812 5384 1465 995 470 272 5112 189 149 485 181 79 97 51 46
is_linear=0
shrinkage=0.05


Tree=127
num_leaves=31
num_cat=0
split_feature=210 298 216 228 21 317 79 13 357 190 351 272 377 256 253 367 47 14 245 375 89 327 287 39 208 256 211 260 58 15
split_gain=0.00019373 0.000832043 0.000562149 0.000539656 0.000459109 0.000323115 0.000854685 0.000678751 0.000455733 0.000596997 0.000735639 0.000513761 0.000694889 0.000495049 0.000482704 0.000425056 0.000427327 0.000343536 0.000380869 0.000335314 0.000317816 0.000420905 0.000300058 0.000461025 0.000595829 0.000586069 0.000449524 0.000363634 0.000601925 0.000362003
threshold=-0.52327245578933057 0.037328020359078957 -0.65359700385625141 -1.1436723945180922 2.1512915293375658 -0.090264956146811334 -2.2150658766428624 -0.011804157247145898 -1.0902648524449565 -0.62840937768463101 -1.0266603628794349 -0.3386897830353619 -1.0081778508077075 0.18917944242661083 -1.7049295884173332 0.064274391311963663 0.13168797393639883 0.00091019979057210007 -1.094720431153595 0.13237109780297521 0.90086984634399425 -0.33387965957323712 -0.023554086685180598 -1.1755867799123128 0.13185536897427533 0.36286393875611173 -0.010730415756584849 -0.63948314722007293 2.0176017284393315 0.58077365159988414
decision_type=8 10 10 8 2 10 2 2 10 10 10 10 2 10 10 2 2 2 10 2 2 10 10 2 10 10 10 8 2 2
left_child=1 5 -3 -2 20 8 7 -7 9 15 14 -10 -13 -14 -11 -1 -17 -8 -19 -9 21 -4 27 24 25 29 -26 -5 -29 -24
right_child=3 2 4 22 -6 6 17 19 11 10 -12 12 13 -15 -16 16 -18 18 -20 -21 -22 -23 23 -25 26 -27 -28 28 -30 -31
leaf_value=-7.9312529896249606e-06 -8.533196469811493e-05 0 0 -6.5940940524361601e-07 0 0 -3.867633939180367e-05 0 7.3898677213571966e-06 0 0 0 0.00022857163836123001 0 -0.00023215068745889523 0 8.1841913211793028e-05 0 0.0001634008250535167 -0.00038151008145009119 0 0.00030346005885891988 -7.3071225859739337e-05 0 0 0.00015336574992322043 -0.00019271194301360056 0.00011105523680282888 0 5.496747264762863e-06
leaf_weight=721 203 67 21 220 22 68 120 21 469 27 166 34 107 27 82 116 329 50 61 36 33 74 240 4918 95 46 106 243 140 128
leaf_count=721 203 67 21 220 22 68 120 21 469 27 166 34 107 27 82 116 329 50 61 36 33 74 240 4918 95 46 106 243 140 128
internal_value=0 1.1423e-05 0.000105661 -4.67254e-06 0.00015972 9.63115e-07 -4.0444e-05 -0.000147432 1.04646e-05 -1.87965e-06 -7.07964e-05 4.62332e-05 0.000124858 0.000180269 -0.000171742 1.00912e-05 5.05202e-05 0 7.81875e-05 -0.000278099 0.000197109 0.00024635 -1.18785e-06 -5.61398e-06 -4.64466e-05 0 -0.000118345 3.11291e-05 6.24357e-05 -3.21659e-05
internal_weight=8990 2651 217 6339 150 2434 356 125 2078 1441 275 637 168 134 109 1166 445 231 111 57 128 95 6136 5533 615 414 201 603 383 368
internal_count=8990 2651 217 6339 150 2434 356 125 2078 1441 275 637 168 134 109 1166 445 231 111 57 128 95 6136 5533 615 414 201 603 383 368
is_linear=0
shrinkage=0.05


Tree=128
num_leaves=31
num_cat=0
split_feature=191 243 236 340 244 207 367 365 308 207 305 312 12 188 229 191 317 10 248 87 70 20 375 212 353 251 320 257 251 376
split_gain=0.00018678 0.000293273 0.000407182 0.000560212 0.000383042 0.000354403 0.000466704 0.000477722 0.000489667 0.000374593 0.000349142 0.000304553 0.000291139 0.000471807 0.000420889 0.000400299 0.000468611 0.000380851 0.000352185 0.000282467 0.000258219 0.000346544 0.000345394 0.000383186 0.000256367 0.000244253 0.000327342 0.000360138 0.000300327 0.000376801
threshold=2.2583293612168927 1.6290024789977755 0.89962751438098709 0.072195450464884306 1.888758301232919 1.3984593645294845 0.083350033400133264 -0.013153234304958548 2.4654100663651346 1.3037385034817079 1.4218568394294013 1.5908527164997579 0.031030199180046656 0.40059841990096662 0.56529643185187417 0.11282828870479407 -2.6901754179603885 0.59466226895650232 -0.26611337550683184 2.9882876078287768 2.0542782147725429 2.3659914334615073 -0.012641800189896147 0.43154328014151105 2.5328002791450648 1.6448024048153733 2.9087341758440739 1.6929524908399853 0.66900393225823296 -0.0011461743714061498
decision_type=10 8 8 10 10 10 2 10 10 10 10 10 2 10 10 10 10 2 10 2 2 2 2 10 10 8 10 10 10 2
left_child=1 5 3 -3 10 9 7 -7 19 12 -5 -11 13 17 -15 16 -14 -1 -17 -9 22 -22 -8 -24 -13 28 -27 -28 -4 -30
right_child=-2 2 25 4 -6 6 20 8 -10 11 -12 24 15 14 -16 18 -18 -19 -20 -21 21 -23 23 -25 -26 26 27 -29 29 -31
leaf_value=1.586789594479995e-05 5.1837955374922394e-05 0 -1.2535751596846382e-07 -0.00018457909722024502 0 0 0 0.00018466987156857284 0 0 0 -0.00026608777148146153 3.9004356028184196e-05 8.1332953525960636e-05 0 5.4179013765471284e-05 -5.6292450024679281e-05 -1.4131702243327239e-05 -9.656058163006599e-06 0 0.00015804880379090676 0 -0.00027832449706808118 0 0 0 -0.00020497950692493802 0 0.00016902967707917876 0
leaf_weight=2053 170 115 136 146 45 69 57 152 82 31 76 33 90 376 437 263 791 2179 1160 31 40 34 30 30 21 73 50 32 67 121
leaf_count=2053 170 115 136 146 45 69 57 152 82 31 76 33 90 376 437 263 791 2179 1160 31 40 34 30 30 21 73 50 32 67 121
internal_value=0 -1.05743e-06 -2.90883e-05 -6.76088e-05 -0.000108547 1.34705e-06 4.13001e-05 7.85689e-05 0.000110837 -8.02441e-07 -0.000135946 -0.00010517 0 7.12587e-06 4.20203e-05 -1.43076e-05 -4.08792e-05 0 0 0.000156437 0 4.27331e-05 -6.60093e-05 -0.000151186 -0.000177404 0 -4.99085e-05 -0.000121134 2.63072e-05 7.20002e-05
internal_weight=8990 8820 861 382 267 7959 525 334 265 7434 222 85 7349 5045 813 2304 881 4232 1423 183 191 74 117 60 54 479 155 82 324 188
internal_count=8990 8820 861 382 267 7959 525 334 265 7434 222 85 7349 5045 813 2304 881 4232 1423 183 191 74 117 60 54 479 155 82 324 188
is_linear=0
shrinkage=0.05


Tree=129
num_leaves=31
num_cat=0
split_feature=363 292 92 302 210 258 66 367 39 23 29 261 307 279 349 303 231 245 76 294 297 280 250 353 23 241 246 354 78 314
split_gain=0.000186775 0.000763656 0.000734456 0.000953767 0.000489739 0.000672431 0.000432659 0.000529371 0.000423162 0.00055405 0.000414578 0.000588512 0.000360541 0.000419176 0.00054084 0.000415274 0.000443615 0.000412902 0.000360527 0.000589475 0.000494896 0.000378986 0.000362919 0.00035509 0.000328334 0.000313008 0.00060376 0.000529719 0.000300059 0.000391954
threshold=-0.1760870639394588 7.2147332827250175 0.045205406844615902 0.50247649662024729 -0.52327245578933057 0.76606824620838532 -1.032264709472656 -0.12519602739536317 -1.1755867799123128 0.016326492031415254 1.0693854093551638 0.019202350592689654 0.42591374955337519 1.0091564292139352 3.9743831555048632 -0.017444007643466045 0.48839764320221607 0.68866799604140416 3.3147819836934418 0.73971656958262122 0.041148026784261001 1.0000000180025095e-35 1.0473496866704426 2.8031580489241916 0.032193422317504806 1.3824218106173618 1.3227945677441439 1.9816453742748437 0.60714278618494688 -0.4282522601784734
decision_type=8 10 2 10 8 10 2 2 2 2 2 10 8 10 10 10 10 10 2 10 10 10 10 10 2 10 10 10 2 10
left_child=1 18 -3 -4 5 6 7 -2 9 -6 11 -11 15 14 -14 -10 -17 -18 20 21 28 -20 -23 -16 -22 26 -15 -27 -1 -30
right_child=4 2 3 -5 8 -7 -8 -9 12 10 -12 -13 13 25 23 16 17 -19 19 -21 24 22 -24 -25 -26 27 -28 -29 29 -31
leaf_value=7.9527568217658265e-06 0 0 -0.00029752459719252521 0 0 0.00020937944405702476 0 0.00016743810133828472 0 0 0 -0.00036507669734379017 0 8.9666081804230861e-05 -8.4838118061171777e-05 0 0.00015004369368421178 0 0 -1.5562403203841593e-05 -8.5830865018422407e-05 0.00019822293742349667 0 0 0 -0.0001185904011354476 0 1.9678650557970298e-05 -5.9524819827257169e-05 9.5646395554450128e-06
leaf_weight=2590 50 153 72 73 319 67 352 92 469 34 24 36 1435 351 384 273 187 124 51 71 296 104 26 97 74 87 214 257 437 191
leaf_count=2590 50 153 72 73 319 67 352 92 469 34 24 36 1435 351 384 273 187 124 51 71 296 104 26 97 74 87 214 257 437 191
internal_value=0 -7.83027e-06 -8.51583e-05 -0.000165991 6.62897e-06 5.06167e-05 1.89267e-05 9.4114e-05 0 -4.71557e-05 -0.000156466 -0.000218286 5.99351e-06 -1.67598e-06 -1.65486e-05 3.13154e-05 5.95439e-05 0.000101102 -5.25186e-07 5.55918e-05 -5.86145e-06 0.000111105 0.000156416 -6.24591e-05 -6.06306e-05 2.41712e-05 4.82107e-05 -7.84199e-07 0 -3.05532e-05
internal_weight=8990 4138 298 145 4852 561 494 142 4291 413 94 70 3878 2825 1916 1053 584 311 3840 252 3588 181 130 481 370 909 565 344 3218 628
internal_count=8990 4138 298 145 4852 561 494 142 4291 413 94 70 3878 2825 1916 1053 584 311 3840 252 3588 181 130 481 370 909 565 344 3218 628
is_linear=0
shrinkage=0.05


Tree=130
num_leaves=31
num_cat=0
split_feature=249 361 211 351 312 292 235 53 348 363 206 199 41 243 234 243 203 0 219 256 221 87 248 190 34 62 73 288 212 24
split_gain=0.000187818 0.000686209 0.000536389 0.000530592 0.000952254 0.000436323 0.000623234 0.000765814 0.000428318 0.000412439 0.0004226 0.000380936 0.000371036 0.00036014 0.000423445 0.000359689 0.000560276 0.000718417 0.000476945 0.000347698 0.00033956 0.000310001 0.00030382 0.000513379 0.000295588 0.000495226 0.00027232 0.000642057 0.000468739 0.000413312
threshold=-0.67504776969036129 -0.97665334970144657 -0.9631403891195689 -2.1151575048764548 -1.9743457156876001 -8.7990301450093575 0.37422337263300892 -1.9524989128112793 -6.5922235647837315 -2.8732912760595863 0.62696678392646443 -2.3043829288135012 -1.4898579120635984 0.4115663593900451 -0.50054861105019144 -0.88387064245470937 -0.70142210799366989 -1.7465516726175943 -1.4880060875315315 -0.19638815790896944 0.7460792742958825 0.97089898586273193 -0.79686565655303321 0.3617458663078722 0.11533407866954797 1.2711079518000286 0.068774153788884462 0.5832842389742533 -1.2224945918882975 0.98646485805511486
decision_type=10 8 10 8 10 10 10 2 10 10 10 10 2 10 10 10 10 2 10 10 10 2 10 10 2 2 2 10 10 2
left_child=1 15 8 4 -3 6 7 -4 -2 -10 11 -11 -5 14 -8 16 -1 -18 -19 -20 -13 24 -9 -24 -14 -26 27 28 -7 -29
right_child=2 3 5 12 -6 26 13 22 9 10 -12 20 21 -15 -16 -17 17 18 19 -21 -22 -23 23 -25 25 -27 -28 29 -30 -31
leaf_value=0 0 0 0 2.0185002645475226e-05 -0.00034273782245011514 6.8362177795486172e-05 0 0 0 0 0 0.0001925015254578702 0 -8.4778141233693378e-06 0.00025620314482509765 -2.169082634978087e-05 0 0 0.00025459700907311982 0 0 0 -0.00025746591439495338 0 -0.00015695993364202694 0 -1.5624190111889552e-06 0.00017073596110769201 -1.7831926832180601e-06 0
leaf_weight=697 155 56 116 163 45 270 24 34 39 21 26 173 164 59 30 592 67 20 91 21 24 132 98 21 165 39 4387 113 1126 22
leaf_count=697 155 56 116 163 45 270 24 34 39 21 26 173 164 59 30 592 67 20 91 21 24 132 98 21 165 39 4387 113 1126 22
internal_value=0 -1.25659e-05 4.11209e-06 -5.1734e-05 -0.000169867 0 -5.1371e-05 -9.72569e-05 5.76277e-05 9.44542e-05 0.000120711 0.000145438 -2.61746e-05 1.36425e-05 0.000130203 4.1868e-06 2.68648e-05 0.000101407 0.000170573 0.00021195 0.000168041 -5.12869e-05 -0.000170677 -0.000209343 -7.53591e-05 -0.000117741 3.73259e-06 2.21699e-05 8.20612e-06 0.000129443
internal_weight=8990 2252 6738 764 101 6300 382 269 438 283 244 218 663 113 54 1488 896 199 132 112 197 500 153 119 368 204 5918 1531 1396 135
internal_count=8990 2252 6738 764 101 6300 382 269 438 283 244 218 663 113 54 1488 896 199 132 112 197 500 153 119 368 204 5918 1531 1396 135
is_linear=0
shrinkage=0.05


Tree=131
num_leaves=31
num_cat=0
split_feature=294 208 264 353 18 313 258 262 195 323 366 263 210 12 44 350 20 66 281 15 211 368 361 307 334 19 301 25 377 216
split_gain=0.000182089 0.00066198 0.000649864 0.000663589 0.000666384 0.000620702 0.000541001 0.000592959 0.000535062 0.000456341 0.000446972 0.000389224 0.000630705 0.000515249 0.000349039 0.000322053 0.000562864 0.000838168 0.000423576 0.000792492 0.000694233 0.000682339 0.000410619 0.000307797 0.000440863 0.000386479 0.00038647 0.000412036 0.00030216 0.000289587
threshold=-1.2427925666173298 -2.1998068538516082 -0.99673102502557631 -1.893990322731417 -0.22533520062764481 -4.9634274028783336 -1.5705680813540033 -0.61055650396568006 -1.989753837797904 -2.8545568784077964 -0.12509201577871573 -1.079559402582575 -1.2124129267479449 -0.049118533730506841 -1.623169422149658 -1.0000000180025095e-35 -1.8043865362803138 5.0394845008850107 0.65757922667195101 0.88922572135925304 1.6174744900990485 5.4381647919214027 -0.38011419391005458 0.42591374955337519 0.93086855628933984 -1.1522072950998941 0.081658105055491065 0.16892074545224509 -1.2421342440032628 -0.20335819945269376
decision_type=8 10 10 10 2 10 10 10 10 10 2 8 8 2 2 10 2 2 8 2 10 2 10 10 8 2 10 2 2 10
left_child=1 5 3 -3 6 -1 -5 -8 -7 11 -10 -2 13 -13 -12 18 17 22 28 20 21 -20 -17 24 25 -18 27 -25 -11 -4
right_child=9 2 29 4 -6 8 7 -9 10 15 14 12 -14 -15 -16 16 23 -19 19 -21 -22 -23 -24 26 -26 -27 -28 -29 -30 -31
leaf_value=-6.7254268815371496e-05 0 0 1.4148656248688218e-05 0 0 0 -0.00029938382806055054 0 0 -9.9470299419828674e-05 0.00029847549457284403 0 1.8367827590350839e-05 0.00030830086886738045 0 0 -2.5950158988560629e-05 0 -0.00021978279564274046 1.0577898254017324e-06 0 0 0.00027671209698590854 -6.6912395495939328e-05 0.00010079332524529324 3.2332691613605031e-05 8.659981416039739e-06 0 0 -5.2897241017240168e-05
leaf_weight=27 162 171 484 26 50 33 102 25 33 80 61 28 248 52 24 28 385 32 144 133 59 38 62 425 179 747 1785 702 2441 224
leaf_count=27 162 171 484 26 50 33 102 25 33 80 61 28 248 52 24 28 385 32 144 133 59 38 62 425 179 747 1785 702 2441 224
internal_value=0 -1.77775e-05 -3.55401e-05 -8.94227e-05 -0.000151318 6.20804e-05 -0.000203117 -0.000245637 0.000118326 2.71502e-06 0.000170997 4.94374e-05 8.13422e-05 0.000213874 0.000231753 0 8.15224e-06 0.000115647 -1.3355e-05 -6.41221e-05 -0.000120816 -0.000169873 0.000203423 3.86013e-06 2.45705e-05 8.09323e-06 -3.74736e-06 -2.78339e-05 -3.83805e-06 -6.93013e-09
internal_weight=8990 1260 1082 374 203 178 153 127 151 7730 118 490 328 80 85 7240 4345 122 2895 374 241 182 90 4223 1311 1132 2912 1127 2521 708
internal_count=8990 1260 1082 374 203 178 153 127 151 7730 118 490 328 80 85 7240 4345 122 2895 374 241 182 90 4223 1311 1132 2912 1127 2521 708
is_linear=0
shrinkage=0.05


Tree=132
num_leaves=31
num_cat=0
split_feature=48 212 32 243 87 352 30 319 338 228 66 85 46 276 368 234 32 60 235 322 350 205 297 261 30 8 80 316 297 6
split_gain=0.000182205 0.000438081 0.000453137 0.000282422 0.000341073 0.000552882 0.000566452 0.00034083 0.000465879 0.000840726 0.000488957 0.000846232 0.000417353 0.000393516 0.000359584 0.000344321 0.00034494 0.000293867 0.000458042 0.000276734 0.000251287 0.000361102 0.000337423 0.000208204 0.000188369 0.000186366 0.00015737 0.000149532 0.0001244 0.00011113
threshold=14.048549652099611 0.92275199264537899 0.85602223873138439 1.6290024789977755 2.0831294059753422 0.15701470772425322 0.10384798049926756 2.0127125615227359 1.6078796796550103 2.0814994556356585 2.7302670478820805 3.6830712954203295 0.55338215827941906 1.0000000180025095e-35 13.019733842249137 1.4671838273578752 0.47205384572347003 0.5734159449736278 1.5592961805267589 1.1068331996599834 18.976573626200359 0.40288798740525061 0.13794728120168062 1.3924602471769116 3.326015949249268 1.1433463096618655 3.3011085192362475 1.1595866073304031 0.41692233147720453 2.6935536066691088
decision_type=2 10 2 8 2 10 2 8 10 10 2 2 2 10 2 10 2 2 10 10 10 10 10 10 2 2 2 8 10 2
left_child=3 2 19 7 5 -5 -7 8 9 20 -11 -12 13 -10 -15 16 -9 -8 -19 25 22 -22 -1 27 28 -2 -26 -18 -3 -6
right_child=1 24 -4 4 29 6 17 15 12 10 11 -13 -14 14 -16 -17 23 18 -20 -21 21 -23 -24 -25 26 -27 -28 -29 -30 -31
leaf_value=1.2403101096508073e-06 0 0 0 0 3.9116345254307832e-05 0 0 0 0 0 0 0.00041916973827484626 9.1134464745024791e-07 -0.0001068724466326488 0 0 0 -0.00024042205142861257 0 0 9.1423626420959641e-05 0 -3.2855791947114573e-05 0 0 0.00028189611685035845 -0.00017820934201516613 0.00014570171545945417 8.5447991682538493e-05 -1.3802446211601318e-05
leaf_weight=5495 27 55 54 272 173 78 54 86 80 46 24 31 169 357 46 207 36 108 65 30 179 96 805 38 20 48 27 163 43 78
leaf_count=5495 27 55 54 272 173 78 54 86 80 46 24 31 169 357 46 207 36 108 65 30 179 96 805 38 20 48 27 163 43 78
internal_value=0 3.78861e-05 9.81185e-05 -1.47971e-06 -2.94784e-05 -5.21645e-05 -9.83738e-05 8.34577e-07 -1.31081e-06 1.91894e-06 0.000145026 0.000246529 -4.20438e-05 -6.74206e-05 -8.88156e-05 3.99244e-05 7.26591e-05 -0.000138697 -0.000171704 0.000159224 0 4.64757e-05 -2.32323e-06 0.000104074 0 0.000211405 -9.95992e-05 0.000124551 6.13294e-06 2.76013e-06
internal_weight=8990 304 159 8686 828 577 305 7858 7328 6676 101 55 652 483 403 530 323 227 173 105 6575 275 6300 237 145 75 47 199 98 251
internal_count=8990 304 159 8686 828 577 305 7858 7328 6676 101 55 652 483 403 530 323 227 173 105 6575 275 6300 237 145 75 47 199 98 251
is_linear=0
shrinkage=0.05


Tree=133
num_leaves=31
num_cat=0
split_feature=236 210 277 273 376 35 4 321 64 58 64 268 30 357 308 81 319 310 231 246 224 30 275 335 219 193 304 260 258 89
split_gain=0.000179973 0.000540513 0.000477109 0.000564533 0.000669806 0.000482876 0.000489144 0.000423959 0.000523242 0.000362647 0.000492054 0.000457687 0.0004218 0.000319369 0.000313466 0.000264195 0.000305972 0.000310907 0.000228714 0.000508388 0.00050252 0.000489019 0.00061977 0.00060517 0.000524595 0.000444607 0.000390891 0.00049465 0.000534847 0.000368506
threshold=-1.4171626051538035 -1.4098587071734328 -1.8208350566643439 -2.2451525405496757 -0.0022007120873200497 0.69897675514221203 -5.5891129175821934 -0.027047825529921948 -6.1810324986775704 -1.7704634666442869 -1.6700282096862791 -1.0305951231852453 -1.6681844393412277 -1.8331336010874393 -0.49422652822132002 -0.28371443351109815 -2.8287851869780503 -0.9394845940158264 -0.3857841341982578 0.28423661558954505 -0.42169413367314051 3.326015949249268 0.08471812906371036 0.58128401439068467 0.80326557151896583 0.53609691296334394 0.16685662212342953 -0.85757232654414295 -0.71400466441381893 -0.24455996106068287
decision_type=10 8 10 10 2 2 2 8 2 2 2 10 2 10 10 2 10 10 10 10 10 2 10 10 10 10 10 10 10 2
left_child=1 2 3 4 -1 6 -4 8 -3 10 11 -2 -13 -12 -15 -10 -17 -18 20 21 26 22 29 -23 -24 -21 27 -11 -29 -20
right_child=9 7 5 -5 -6 -7 -8 -9 15 18 13 12 -14 14 -16 16 17 -19 19 25 -22 23 24 -25 -26 -27 -28 28 -30 -31
leaf_value=-0.00039295366530159602 0 0 0 0 0 0 0.00017612727152863781 0 0 3.0782340155043304e-05 -0.00018288275132205707 0.00025732141105143245 0 0.00016972696161298643 0 0 -0.00024486461965794731 0 3.0035783886060595e-05 -3.2489733343915528e-05 -3.783440562809889e-05 -0.00022698895209712764 8.6899549328050857e-05 0 0 5.8660055211427482e-06 9.6792238371724694e-05 -0.00010350704700269874 0 -2.3642135586321923e-05
leaf_weight=21 61 191 33 84 35 71 114 125 26 578 23 66 23 28 43 24 104 56 759 1053 1110 40 648 20 152 2251 108 189 472 482
leaf_count=21 61 191 33 84 35 71 114 125 26 578 23 66 23 28 43 24 104 56 759 1053 1110 40 648 20 152 2251 108 189 472 482
internal_value=0 -2.1499e-05 1.57572e-05 -3.50649e-05 -0.000168012 7.13216e-05 0.000125493 -5.63579e-05 -8.25139e-05 2.25704e-06 6.23161e-05 0.00012046 0.000193098 0 1.9056e-05 -0.000138651 -0.000159771 -0.000184747 0 6.13604e-06 -1.22427e-05 2.57845e-05 3.18171e-05 -9.59397e-05 6.69161e-05 -4.84549e-06 5.13586e-06 0 -3.22795e-05 5.15856e-06
internal_weight=8990 884 358 140 56 218 147 526 401 8106 244 150 89 94 71 210 184 160 7862 5405 2457 2101 2041 60 800 3304 1347 1239 661 1241
internal_count=8990 884 358 140 56 218 147 526 401 8106 244 150 89 94 71 210 184 160 7862 5405 2457 2101 2041 60 800 3304 1347 1239 661 1241
is_linear=0
shrinkage=0.05


Tree=134
num_leaves=31
num_cat=0
split_feature=40 19 50 238 301 24 40 368 72 198 40 57 253 286 368 376 329 251 234 27 63 202 69 243 61 308 363 14 227 353
split_gain=0.000191799 0.000517757 0.000602628 0.000524547 0.000540671 0.000512209 0.000477489 0.0005086 0.000648364 0.000378269 0.000595225 0.000603339 0.000448239 0.000381368 0.000371146 0.000364732 0.000451915 0.000415487 0.000353996 0.000375452 0.000330453 0.000366767 0.000336659 0.000285693 0.000544738 0.000471822 0.000401004 0.000634892 0.000782694 0.000338676
threshold=0.063706308603286715 -6.1095034281412746 -1.7000842889149981 -1.345308602206345 0.020251035690307551 0.9985423882802329 -0.37578070163726801 0.37094756748958796 3.3305101394653325 -0.13718801644701431 1.2962893247604372 2.7724130551020312 -0.085902401256994637 0.051060604552427807 2.0384563058323253 -0.00090991776344289982 0.11172136664390561 1.6742480018749757 -0.92499463842507168 -1.9484728177388504 3.4987982114156089 -1.310145697387876 2.3044773737589521 0.47967055298973876 -1.5764568249384558 -0.44544822363814018 1.3994349047559125 -0.0086115635931491488 0.79092298217671908 -1.5398429919782701
decision_type=2 2 2 10 10 2 2 2 2 10 2 2 10 10 2 2 10 10 10 2 2 10 2 8 2 8 10 2 10 10
left_child=6 -2 3 -3 18 9 23 -8 20 10 -4 -12 14 -14 -11 16 -7 -18 -5 -20 21 -9 -23 25 26 29 27 -25 -29 -1
right_child=1 2 5 4 -6 15 7 8 -10 12 11 -13 13 -15 -16 -17 17 -19 19 -21 -22 22 -24 24 -26 -27 -28 28 -30 -31
leaf_value=9.5159001906835538e-06 -0.00015324942822721538 -1.2209872032721428e-05 0 0 0 0 2.918298249816424e-07 0 0 0.00012650052807359146 -0.00019679067247435007 0 1.1374621684619481e-05 -3.8734802016568242e-05 0 0 0.00013594329670303049 0 0 0.00022679069438505183 0 -0.00014645175894180306 0 0 -2.9799259284109992e-07 2.8842143994008587e-05 0 -0.00025426670001432109 0 -2.5603645812216457e-05
leaf_weight=1317 43 42 206 39 118 48 224 22 122 123 105 25 762 622 60 467 231 48 36 127 21 319 30 26 900 1509 49 100 25 1224
leaf_count=1317 43 42 206 39 118 48 224 22 122 123 105 25 762 622 60 467 231 48 36 127 21 319 30 26 900 1509 49 100 25 1224
internal_value=0 9.93541e-06 1.38687e-05 7.53685e-05 0.000102483 3.75766e-06 -5.42487e-06 -4.30356e-05 -7.16397e-05 -8.20373e-06 -5.65221e-05 -0.000140325 0 -7.53437e-06 7.54389e-05 3.87197e-05 8.01702e-05 0.000107613 0.00015272 0.000185274 -0.000104226 -0.000117064 -0.000131126 0 -2.263e-05 6.10297e-06 -9.80863e-05 -0.000139196 -0.000189974 -5.43388e-06
internal_weight=8990 3102 3059 362 320 2697 5888 738 514 1903 336 130 1567 1384 183 794 327 279 202 163 392 371 349 5150 1100 4050 200 151 125 2541
internal_count=8990 3102 3059 362 320 2697 5888 738 514 1903 336 130 1567 1384 183 794 327 279 202 163 392 371 349 5150 1100 4050 200 151 125 2541
is_linear=0
shrinkage=0.05


Tree=135
num_leaves=31
num_cat=0
split_feature=46 377 210 22 327 195 30 367 20 46 223 69 38 351 55 244 211 57 61 361 38 366 255 364 345 332 85 375 31 356
split_gain=0.000175392 0.000343262 0.000486374 0.000507604 0.000494139 0.000579196 0.000530089 0.000323499 0.000295032 0.000466467 0.000582444 0.000290218 0.000283614 0.000406996 0.000454518 0.000587558 0.000605226 0.000400825 0.000282829 0.000769073 0.000645682 0.000334807 0.00035282 0.000612117 0.000494417 0.000438708 0.000366249 0.000344949 0.000271727 0.00102593
threshold=0.16878440976142881 -0.98710343647846333 -1.880247929430773 -0.59503803650538112 -0.58220496277014411 0.22695628258018002 -2.1391290028889967 -0.093800438747833087 -2.0940015316009517 0.24885499477386472 -0.77214935168523213 -0.91972076892852772 1.6396977504094445 1.0547904173533122 1.2150668303171797 0.89299837655809233 0.47180309521784181 2.9371673266092944 -3.2145083745320631 -0.97665334970144657 -2.7212427457173658 0.067002684778400726 0.20671955088193583 -0.004856007639952099 2.5636834899584455 -0.94931965044091282 -1.0514587561289466 -0.39184812989504852 0.7965949376424154 0.67523603141541388
decision_type=2 2 10 2 10 10 2 2 2 2 10 2 2 10 2 10 10 2 2 10 2 2 10 10 10 10 2 2 2 10
left_child=1 2 7 4 -4 6 -6 -1 9 10 -2 -12 13 -10 -15 16 -16 -14 19 -3 -21 28 23 25 -25 -23 27 -24 -20 -30
right_child=8 18 3 -5 5 -7 -8 -9 12 -11 11 -13 17 14 15 -17 -18 -19 21 20 -22 22 26 24 -26 -27 -28 -29 29 -31
leaf_value=0.00020371635828859644 0 0 0 -1.6072722828634863e-05 0 0 -0.0003376343905314253 0 4.3667378992885244e-06 0 0.0003763745992755412 0 6.1919495114096655e-05 0 0 0 -0.00029091064856774499 0 0 0 -0.00028438858823956221 5.6640151848574255e-05 0 0.00017302846741670103 0 -2.2898543893101167e-05 4.0238255986427204e-06 -0.00025149571127879673 -0.00012225598504821586 1.7498770223892953e-05
leaf_weight=23 23 229 53 415 21 32 64 62 2905 88 30 21 457 319 26 102 60 277 2114 65 52 325 31 145 36 270 290 28 218 209
leaf_count=23 23 229 53 415 21 32 64 62 2905 88 30 21 457 319 26 102 60 277 2114 65 52 325 31 145 36 270 290 28 218 209
internal_value=0 -6.73993e-06 -3.99755e-05 -6.0433e-05 -0.000139257 -0.000196771 -0.000265129 4.19713e-05 7.23947e-06 7.51752e-05 0.000167632 0.000263142 3.37726e-06 -1.30982e-06 -4.36897e-05 -0.000105768 -0.000203715 3.19734e-05 0 -4.4221e-05 -0.000148993 2.87375e-06 2.64577e-05 4.63262e-05 0.000131005 1.21472e-05 -3.39784e-06 -0.000124425 -5.60079e-06 -4.21565e-05
internal_weight=8990 4682 670 585 170 117 85 85 4308 162 74 51 4146 3412 507 188 86 734 4012 346 117 3666 1125 776 181 595 349 59 2541 427
internal_count=8990 4682 670 585 170 117 85 85 4308 162 74 51 4146 3412 507 188 86 734 4012 346 117 3666 1125 776 181 595 349 59 2541 427
is_linear=0
shrinkage=0.05


Tree=136
num_leaves=31
num_cat=0
split_feature=363 254 369 368 78 337 45 254 258 320 281 261 27 18 274 91 68 192 54 41 376 228 348 16 373 244 257 216 252 251
split_gain=0.000182707 0.000732482 0.000751662 0.000560369 0.000698841 0.000488106 0.000644785 0.000403368 0.00043985 0.000465742 0.00043711 0.000597296 0.000549698 0.000731002 0.000489509 0.00063113 0.000445058 0.000600322 0.000946126 0.000392994 0.000519546 0.000448417 0.000447773 0.000610383 0.000378273 0.000368935 0.000472697 0.000487638 0.000364989 0.000332995
threshold=-1.711918467875478 -0.9925018091536858 0.58660324445500789 4.9826806635316805 -0.10627955694993328 -2.2873852295775485 0.00066155573585985014 -0.48757064253781429 0.50905489518035674 -0.45702578240694586 -0.66380650776016581 -0.042842700745872091 1.4530620574951174 0.48266267776489263 0.13901772741342946 -0.86932337284088124 0.075310324629147815 0.73052846347822042 0.52280829350153601 -1.6371866067250567 -0.0031610360920447996 -0.012038087532812549 -7.1325260798136378 0.39038183291753131 5.9999470807052502 -0.073386569515371383 -0.16915549038842592 -1.8564362899547162 -0.038813699516964492 -0.33265910545167227
decision_type=8 10 2 2 2 10 2 8 10 10 10 10 2 2 10 2 2 10 2 2 2 8 10 2 2 8 10 10 10 10
left_child=1 -1 -3 4 -4 -6 -7 8 9 -2 19 12 14 28 29 -16 17 18 -13 20 -9 22 -21 -24 -10 26 27 -11 -14 -12
right_child=7 2 3 -5 5 6 -8 10 24 25 11 16 13 -15 15 -17 -18 -19 -20 21 -22 -23 23 -25 -26 -27 -28 -29 -30 -31
leaf_value=1.5121266711320484e-07 3.8957682590275847e-05 0 0 0 0 -0.00037627834766682476 0 -8.056808988110552e-05 0.00013023697124363144 0 3.2018799514489042e-05 0 0.00032917195458064127 0 0 0.00015012205942527431 0 2.4081129284891717e-05 -0.00016195526187140485 0 8.9403727904352825e-05 0 -0.00015962816271296635 0 0 8.7197035538583343e-06 0 -0.00016260271780808752 0 -3.3958490735020453e-05
leaf_weight=1242 675 124 94 63 23 71 36 53 177 28 372 167 48 39 126 140 3677 98 191 175 121 124 227 99 30 155 65 135 24 391
leaf_count=1242 675 124 94 63 23 71 36 53 177 28 372 167 48 39 126 140 3677 98 191 175 121 124 227 99 30 155 65 135 24 391
internal_value=0 -1.50842e-05 -7.32754e-05 -0.000119305 -0.000156481 -0.000235812 -0.000280967 3.31505e-06 2.92106e-05 1.06874e-05 -1.25681e-06 3.10204e-06 3.57043e-05 0.000149161 1.85937e-05 7.70451e-05 -4.68151e-06 -5.13622e-05 -8.59778e-05 -3.62769e-05 8.89504e-06 -5.68509e-05 -7.91768e-05 -0.000114306 9.96912e-05 -2.6082e-05 -7.16548e-05 -0.000120109 0.000244194 0
internal_weight=8990 1653 411 287 224 130 107 7337 1265 1058 6072 5273 1140 111 1029 266 4133 456 358 799 174 625 501 326 207 383 228 163 72 763
internal_count=8990 1653 411 287 224 130 107 7337 1265 1058 6072 5273 1140 111 1029 266 4133 456 358 799 174 625 501 326 207 383 228 163 72 763
is_linear=0
shrinkage=0.05


Tree=137
num_leaves=31
num_cat=0
split_feature=228 307 235 227 360 257 254 230 257 354 246 51 371 295 236 19 75 241 336 41 250 214 303 346 229 358 344 19 41 68
split_gain=0.000179125 0.000416806 0.000480493 0.00040717 0.000318024 0.000372756 0.000494251 0.00043542 0.000463057 0.00030212 0.000600358 0.000717631 0.000450884 0.000494918 0.000409802 0.000615202 0.000297282 0.000287278 0.00028446 0.000481939 0.000473414 0.000427733 0.000374623 0.000421815 0.000424816 0.00028468 0.000280532 0.000331799 0.00025968 0.000396194
threshold=-1.050339851357202 -2.5503998733022351 -0.71780252035712355 -0.68010419406225786 1.1325044385237217 -0.21883184711532647 -1.5646109207855621 -0.31177992932167653 -1.8983482934193765 -2.653400766025618 -1.5352610107511497 0.75962611039479577 0.90797861362410859 -4.8542462587356559 -1.4463184416492416 -0.96771510442097963 -1.2726462284723914 -1.0426433293464896 -1.7777200545224747 -1.4417425791422531 -1.0949124781392705 -1.4117617049487083 -1.5821538379051054 -6.8738875389099112 -0.95004179519359699 -1.9587988780340966 -3.6837406555811563 -1.5278796354929605 -2.8877150217692056 -0.051129780709743437
decision_type=10 10 10 10 10 10 10 10 10 10 10 2 2 10 10 2 2 10 10 2 10 10 10 10 10 10 10 2 2 2
left_child=3 2 -2 18 5 6 -5 8 -8 12 11 16 13 -3 15 -12 -11 -4 22 20 -20 -22 28 -24 25 -25 -16 -28 29 -1
right_child=1 9 17 4 -6 -7 7 -9 -10 10 14 -13 -14 -15 26 -17 -18 -19 19 -21 21 -23 23 24 -26 -27 27 -29 -30 -31
leaf_value=0.0001476674090739936 0 -0.00035104939205742687 0 0 0 0 0 0 -0.00024053352459435463 0 0 0 0 0 6.4272551331126786e-05 -0.00018612054618083137 0.00025380673796981251 0.00015042908983225393 0 -4.7010857469133382e-06 0 0.00021796576564317804 0 -0.00026870291272172481 0 0 -2.2448144684713103e-05 6.031657788155594e-06 -2.1052266760319232e-05 0
leaf_weight=68 188 25 32 46 54 59 21 43 114 26 194 75 46 68 177 73 63 134 107 250 54 80 45 57 28 23 1271 5194 349 26
leaf_count=68 188 25 32 46 54 59 21 43 114 26 194 75 46 68 177 73 63 134 107 250 54 80 45 57 28 23 1271 5194 349 26
internal_value=0 3.10823e-06 5.61172e-05 -1.62211e-05 -6.42747e-05 -8.79071e-05 -0.000117985 -0.000156377 -0.000200735 0 1.9389e-06 9.64793e-05 -7.23792e-05 -0.00014119 0 -6.10111e-05 0.000193078 0.000118091 0 2.68214e-05 8.02477e-05 0.000142842 -2.45017e-05 -9.19495e-05 -0.000147409 -0.000206359 2.13455e-06 0 0 7.24903e-05
internal_weight=8990 7566 354 1424 337 283 224 178 135 7212 7073 164 139 93 6909 267 89 166 1087 491 241 134 596 153 108 80 6642 6465 443 94
internal_count=8990 7566 354 1424 337 283 224 178 135 7212 7073 164 139 93 6909 267 89 166 1087 491 241 134 596 153 108 80 6642 6465 443 94
is_linear=0
shrinkage=0.05


Tree=138
num_leaves=31
num_cat=0
split_feature=221 276 208 335 33 36 360 58 210 76 372 366 367 261 22 11 351 333 257 3 333 192 75 220 36 306 244 87 361 222
split_gain=0.000175168 0.000285878 0.000393162 0.000379977 0.000309465 0.000700521 0.00055069 0.000494695 0.000481247 0.000409645 0.000322964 0.000282326 0.00033523 0.000278392 0.00029786 0.000371209 0.000360653 0.000247262 0.000337401 0.000338208 0.000230618 0.000281337 0.000322182 0.000223894 0.000161047 0.000135535 0.000124675 9.95003e-05 0.000247769 6.59818e-05
threshold=2.4680787375009032 1.4508346334598639 1.5173667789874108 2.8480510069225429 -0.88579682509104396 0.68543402353922567 -2.4742885996686086 -0.2492167154947916 0.21551009298434712 3.0166778564453129 -0.23532723536817302 0.012273144992453602 1.0000000180025095e-35 1.9534885229483341 0.66517698764801036 0.054173032442728662 1.3275595506032307 0.40302963932267849 -0.12855705712201212 3.7894625663757333 2.634252978509124 1.9910143656507111 0.84778149922688806 1.742710651246324 0.9540597597757976 2.0561807855147145 2.3455170731149102 1.1204649209976199 -0.57420325586594567 1.7413039143132576
decision_type=8 10 10 8 2 2 10 2 10 2 2 2 2 10 2 2 10 8 10 2 10 10 2 10 2 10 10 2 10 10
left_child=1 2 3 4 5 9 10 -7 -8 -1 -6 12 27 14 -4 -16 -17 -5 -19 -20 21 22 24 26 -3 -26 -24 28 -2 -13
right_child=11 20 13 17 6 7 8 -9 -10 -11 -12 29 -14 -15 15 16 -18 18 19 -21 -22 -23 23 -25 25 -27 -28 -29 -30 -31
leaf_value=-6.8671252470658717e-06 0 6.2706120880382492e-05 0 0 0 0 3.137750356261385e-05 -0.00010007572258178856 -2.7535545129760953e-06 7.3485374178393706e-05 -8.6948890597438619e-05 3.3800169899320051e-05 -0.00020843075390620169 0 0 -1.3271453047997769e-05 -0.00025111546518252309 0 0.00015901916305213228 0 0 0 0.00015520343091305608 0 -9.6627460079774688e-05 0 0 0 -0.00013753935100180916 -2.5457758230390126e-05
leaf_weight=2711 30 79 46 44 179 181 2097 347 1559 166 211 117 45 36 53 92 67 21 129 29 252 50 153 32 46 20 20 84 46 48
leaf_count=2711 30 79 46 44 179 181 2097 347 1559 166 211 117 45 36 53 92 67 21 129 29 252 50 153 32 46 20 20 84 46 48
internal_value=0 1.46927e-06 -5.23293e-07 1.01419e-06 -2.45843e-07 -1.19826e-05 8.39574e-06 -6.51208e-05 1.5456e-05 -4.90613e-07 -4.49594e-05 -3.36596e-05 -7.40658e-05 -5.76425e-05 -8.05149e-05 -0.000106768 -0.000145017 6.55079e-05 9.37923e-05 0.000123696 3.3484e-05 5.71695e-05 7.57899e-05 0.000117184 0 -3.72243e-05 0.000139658 -4.93861e-06 -5.76199e-05 0
internal_weight=8990 8620 7968 7674 7451 3405 4046 528 3656 2877 390 370 205 294 258 212 159 223 179 158 652 400 350 205 145 66 173 160 76 165
internal_count=8990 8620 7968 7674 7451 3405 4046 528 3656 2877 390 370 205 294 258 212 159 223 179 158 652 400 350 205 145 66 173 160 76 165
is_linear=0
shrinkage=0.05


Tree=139
num_leaves=31
num_cat=0
split_feature=375 195 367 248 367 238 228 47 223 245 12 91 0 342 282 221 364 86 354 272 291 248 191 235 235 228 343 29 360 213
split_gain=0.000170622 0.000285003 0.000453499 0.000464738 0.000478384 0.000432722 0.00042036 0.000420083 0.000368044 0.000364917 0.000582184 0.00058144 0.000556588 0.00098277 0.000779975 0.000682949 0.000496964 0.000475484 0.000423869 0.000444553 0.000364281 0.000323249 0.000303579 0.000285968 0.000363745 0.000236217 0.000426325 0.00040926 0.000402403 0.000340207
threshold=-0.21014192636942838 1.132155625776113 1.3175231253887647 -0.45738881161003203 6.9070199275362123 1.3315272582581994 2.1975686839062996 0.13168797393639883 0.50031367337029808 0.31839544127738501 0.602174659570058 3.9292123715082812 0.50338880221048998 1.6608512401580815 0.48570895195007324 0.03911555323913616 -1.0687022283864118 0.48581639925638842 1.3857966343297774 0.66652347105916898 1.9222750663757326 0.67511760888770989 1.5351075342752389 -0.53402555871846669 1.2257879733709374 -0.35823042921546711 0.096338868141174219 1.2016130288441977 1.4777338123173418 1.9804516261044152
decision_type=2 10 2 10 2 10 10 2 10 8 2 2 2 10 10 10 8 2 10 8 10 10 10 10 10 10 10 2 10 10
left_child=25 2 9 -4 7 6 20 -5 -9 12 18 -12 13 16 -15 17 -2 -14 19 -11 23 -20 -7 -3 -25 26 -1 29 -28 -27
right_child=1 5 3 4 -6 22 -8 8 -10 10 11 -13 15 14 -16 -17 -18 -19 21 -21 -22 -23 -24 24 -26 27 28 -29 -30 -31
leaf_value=4.4159526256155314e-06 -1.8303141324818416e-05 0 0 0 0 -4.6835691962459453e-05 0.00024533608260924694 -0.00023558519508815477 0 -6.1646044316538746e-05 -0.00024600432660842756 0 0 -0.00029404655217822194 0 0 2.1624544513982513e-05 0.00019478094728853749 6.3715850082470137e-05 0 0 -2.5430952212232057e-06 3.6662858398801227e-05 0.00014549919860556285 0 5.0093223278304303e-05 -0.00013479419487321794 -1.517200009238527e-05 0 -2.3165335063448628e-05
leaf_weight=762 1487 21 163 21 76 278 35 105 50 602 59 34 74 51 25 264 1595 114 237 457 269 316 130 137 34 1052 114 317 25 86
leaf_count=762 1487 21 163 21 76 278 35 105 50 602 59 34 74 51 25 264 1595 114 237 457 269 316 130 137 34 1052 114 317 25 86
internal_value=0 -4.16933e-06 -8.90595e-06 -6.02125e-05 -0.000102851 2.0321e-05 5.36734e-05 -0.000148105 -0.000177978 -3.95811e-06 -2.34934e-05 -0.000151009 3.88376e-06 -2.03628e-06 -0.000180099 5.62963e-05 7.38039e-07 0.000129206 -1.30262e-05 -3.33328e-05 2.82284e-05 1.682e-05 -7.9764e-06 8.15686e-05 0.000107928 1.14933e-05 -4.23715e-06 2.46701e-05 -8.7588e-05 4.01622e-05
internal_weight=8990 6634 5730 415 252 904 496 176 155 5315 1705 93 3610 3158 76 452 3082 188 1612 1059 461 553 408 192 171 2356 901 1455 139 1138
internal_count=8990 6634 5730 415 252 904 496 176 155 5315 1705 93 3610 3158 76 452 3082 188 1612 1059 461 553 408 192 171 2356 901 1455 139 1138
is_linear=0
shrinkage=0.05


Tree=140
num_leaves=31
num_cat=0
split_feature=71 249 214 214 349 349 368 276 236 243 355 19 207 265 59 332 363 19 232 71 360 234 46 360 280 77 191 372 327 251
split_gain=0.000169052 0.00037166 0.000492336 0.000465056 0.000457805 0.000347132 0.000326219 0.000431932 0.000320326 0.000490099 0.000584826 0.000364787 0.000287258 0.00051985 0.000322126 0.000274774 0.000493476 0.000384234 0.000245248 0.000313695 0.00027032 0.000234496 0.000302453 0.000175439 0.000164129 0.000157669 0.000109762 0.000166513 9.346e-05 0.000267477
threshold=-3.9281693299611402 -1.760154678722557 -1.4221352151439197 -1.4060883761972505 -9.2369291782379133 -8.3205444018046055 3.5502418203338282 -2.1702759795818043 -1.4463184416492416 -0.78090667474364706 1.4633703435879044 -1.8515945275624588 -1.4864145981970396 -1.3709273516818914 -9.0787061055501272 -0.58688160766941 -1.2732480684124858 -1.898351510365804 -0.72742758677831298 -3.1523238817850747 -3.2147107862192961 -0.94015431167378738 0.20251391331354773 -1.3091057413168616 -0.37339231651810195 0.22716593742370608 -0.81195043669540345 -0.31786127617911814 -0.92812662323315931 -1.2781892940930035
decision_type=2 8 8 10 10 10 2 10 8 8 10 2 8 10 2 10 8 2 10 2 10 10 2 10 10 2 10 2 10 10
left_child=5 3 18 4 6 -1 7 -2 9 21 11 -11 13 -10 -15 16 -14 -17 19 -3 -21 25 -23 -20 -22 -4 -6 -28 29 -5
right_child=1 2 8 28 26 -7 -8 -9 12 10 -12 -13 15 14 -16 17 -18 -19 23 20 24 22 -24 -25 -26 -27 27 -29 -30 -31
leaf_value=0.00017893618158136961 0 0 9.3867587410778223e-05 0 0 0 0 -0.00038214050508399454 2.64498526956234e-06 -4.0502884712926169e-05 3.7772728000604208e-06 -0.00025665748847473514 -4.6937196868536509e-06 0 -0.00015486604340780462 -3.7789876730162116e-05 4.3164712725286174e-05 2.1973754326988705e-06 -9.2809802255257206e-05 0 0.00015137943849915896 -0.00013947343314610293 0 3.895837250728339e-05 0 0 0 -0.00012554007698121838 2.0395076821302819e-05 -0.00015778882211648219
leaf_weight=40 21 23 93 23 76 68 23 35 56 150 29 63 772 23 115 667 1049 4918 36 30 162 47 41 84 31 22 28 44 188 33
leaf_count=40 21 23 93 23 76 68 23 35 56 150 29 63 772 23 115 667 1049 4918 36 30 162 47 41 84 31 22 28 44 188 33
internal_value=0 -8.57459e-07 9.85288e-07 -4.43715e-05 -9.59358e-05 6.20419e-05 -0.000202085 -0.00026855 -9.87311e-07 -4.25e-05 -9.15516e-05 -0.00012799 7.86008e-07 -5.81331e-05 -0.000118986 3.00527e-06 2.01307e-05 -1.68354e-06 5.79906e-05 8.65681e-05 0.000108544 0 -4.26288e-05 0 0.000130813 6.08471e-05 -5.41569e-06 -6.21782e-05 0 -5.26327e-05
internal_weight=8990 8882 8411 471 227 108 79 56 8045 445 242 213 7600 194 138 7406 1821 5585 366 246 223 203 88 120 193 115 148 72 244 56
internal_count=8990 8882 8411 471 227 108 79 56 8045 445 242 213 7600 194 138 7406 1821 5585 366 246 223 203 88 120 193 115 148 72 244 56
is_linear=0
shrinkage=0.05


Tree=141
num_leaves=31
num_cat=0
split_feature=350 66 305 67 39 50 256 366 286 363 375 234 279 351 217 254 350 371 274 37 224 15 25 286 320 66 361 203 241 302
split_gain=0.000170334 0.000859691 0.000544077 0.000475762 0.000444042 0.000555258 0.000637739 0.000524827 0.000402902 0.000435945 0.000350236 0.000315283 0.000296909 0.000423205 0.00042497 0.000421539 0.000360589 0.000321576 0.000282789 0.000271502 0.000328025 0.000262753 0.000328478 0.000380261 0.000254438 0.000251784 0.000239194 0.000517607 0.000466492 0.000444093
threshold=0.94343010584513387 -2.6955753962198883 0.31551770786124 2.1503570079803471 -1.1755867799123128 -2.8704563776652017 -0.13764429543438036 -0.42296623807412426 0.015481833678980601 0.50327512939592134 -0.18016936824285376 -0.46572443890742038 0.99010999956234336 0.99416009585062692 0.31000122174636796 2.0009568688408139 10.974921862284345 -0.045413189118143148 -0.17531482627714562 1.1213653683662417 1.7498408523439173 0.95387732982635509 0.88000341256459558 -0.14114153136809651 0.39588225433114893 3.9022825558980312 0.22052348318257622 0.25016576331903723 -0.29288081483788647 0.61373455481302208
decision_type=8 2 10 2 2 2 10 2 10 8 2 10 10 10 10 10 10 2 10 2 10 2 2 10 10 2 10 10 10 10
left_child=3 2 -2 26 5 -3 7 -7 9 -6 -5 18 13 -10 -15 16 -14 -17 -8 20 -11 22 23 -12 -13 -25 27 -1 -29 -28
right_child=1 4 -4 10 8 6 11 -9 12 19 21 24 15 14 -16 17 -18 -19 -20 -21 -22 -23 -24 25 -26 -27 29 28 -30 -31
leaf_value=0 0.00021133537818138217 6.2484180611252105e-06 0 0 -1.0865613209291521e-05 0 0 -0.00019047957573179643 1.7864085908644803e-06 9.9723089480496045e-05 0 -0.00012290812820184356 0 0 -7.9595603028472046e-05 0 6.9717026241940692e-05 -0.00012233917029244929 0.00019269330862931215 0 0 0 0 -0.00018845413579503787 0 0 -5.1215725013817418e-05 0 9.4403786487000645e-05 2.8701165348858474e-07
leaf_weight=3137 84 193 82 220 149 20 21 140 782 392 22 67 183 127 383 58 447 68 30 208 20 99 28 149 43 20 600 125 291 802
leaf_count=3137 84 193 82 220 149 20 21 140 782 392 22 67 183 127 383 58 447 68 30 208 20 99 28 149 43 20 600 125 291 802
internal_value=0 8.51802e-06 0.000120103 -5.59729e-06 1.45277e-06 -3.93527e-05 -8.23351e-05 -0.000153475 1.06743e-05 4.15572e-05 -5.03011e-05 0 0 -1.54687e-05 -5.17237e-05 2.39333e-05 4.49239e-05 -4.13208e-05 8.96462e-05 6.22185e-05 8.64413e-05 -8.3861e-05 -0.000114928 -0.000139431 -5.85587e-05 -0.000166109 0 6.1425e-06 5.85837e-05 -1.81901e-05
internal_weight=8990 3497 166 5493 3331 514 321 160 2817 769 538 161 2048 1292 510 756 630 126 51 620 412 318 219 191 110 169 4955 3553 416 1402
internal_count=8990 3497 166 5493 3331 514 321 160 2817 769 538 161 2048 1292 510 756 630 126 51 620 412 318 219 191 110 169 4955 3553 416 1402
is_linear=0
shrinkage=0.05


Tree=142
num_leaves=31
num_cat=0
split_feature=251 50 249 221 46 363 291 302 278 73 342 363 336 64 349 9 14 307 238 375 31 88 80 38 306 234 258 66 325 73
split_gain=0.000161771 0.000397826 0.000374608 0.000714019 0.000453705 0.000351725 0.000399638 0.000475626 0.000409035 0.00034299 0.000461382 0.000329405 0.000361507 0.000324154 0.00029269 0.000292464 0.000290762 0.00028115 0.000456677 0.00032817 0.000415546 0.000648091 0.000338971 0.000313369 0.000397197 0.000268547 0.000331738 0.000292039 0.000260535 0.000260242
threshold=1.6742480018749757 11.254313786824545 1.6198330904638378 1.9810998865590579 0.31401460369427997 -0.1760870639394588 3.2841537793477382 1.6440621505754625 1.5302837281298955 6.6643225351969404 3.7233342130978904 2.2381700595496432 -0.50385910228776065 2.0206939379374189 1.6942216753959658 2.0397165616353354 0.037641075750191953 2.0618725301397647 0.59623312723561817 -0.040861271139885594 0.86732037862141931 0.81536245346069347 0.26881164312362676 1.3615787823994958 4.1808747305188438 0.89812421077184834 -0.03453511409196499 -0.81455771128336585 0.68531519174575817 10.317235946655275
decision_type=8 2 10 10 2 10 10 10 10 2 10 10 10 2 10 2 2 8 10 2 2 2 2 2 10 10 10 2 10 2
left_child=2 -2 3 17 11 15 7 8 14 13 -11 12 -5 -8 -7 28 -3 19 23 25 22 -22 -21 -19 -25 27 -27 -1 -4 -12
right_child=1 16 5 4 -6 6 9 -9 -10 10 29 -13 -14 -15 -16 -17 -18 18 -20 20 21 -23 -24 24 -26 26 -28 -29 -30 -31
leaf_value=2.1749183330373656e-05 0 -0.0001811221925868303 -0.00014890464456746521 0 0 0 0 0 0 0 0.00022580124059761727 0 -0.00022934121621331007 -0.00013133992945594215 0.00024001865649325057 3.4987638296616689e-05 0 0 0 -1.1004318620891215e-05 -7.546408365429647e-05 0 2.5715361088879815e-05 0.00014798375156875775 0 0 7.6928501373682594e-05 -1.3048867559236537e-05 0 0
leaf_weight=1210 442 64 60 30 166 54 82 88 27 55 48 26 88 59 100 48 39 48 341 2312 540 471 858 166 30 84 318 1067 29 40
leaf_count=1210 442 64 60 30 166 54 82 88 27 55 48 26 88 59 100 48 39 48 341 2312 540 471 858 166 30 84 318 1067 29 40
internal_value=0 -2.64497e-05 1.65324e-06 -8.63217e-07 -7.5599e-05 3.71773e-05 5.74291e-05 0.000102428 0.000148847 0 6.73121e-05 -0.000142022 -0.000177719 -3.84959e-05 0.000180757 -8.08159e-06 -0.000115522 1.57807e-06 3.50634e-05 -5.49072e-07 -9.98291e-06 -3.79416e-05 0 8.7316e-05 0.000116126 1.23074e-05 5.11778e-05 3.24722e-06 -8.74399e-05 0.000143011
internal_weight=8990 545 8445 7755 310 690 553 269 181 284 143 144 118 141 154 137 103 7445 585 6860 4181 1011 3170 244 196 2679 402 2277 89 88
internal_count=8990 545 8445 7755 310 690 553 269 181 284 143 144 118 141 154 137 103 7445 585 6860 4181 1011 3170 244 196 2679 402 2277 89 88
is_linear=0
shrinkage=0.05


Tree=143
num_leaves=31
num_cat=0
split_feature=53 58 34 54 250 297 348 47 59 375 372 372 372 22 52 344 51 294 266 371 207 243 20 30 350 346 73 87 38 63
split_gain=0.000159464 0.000300578 0.000367234 0.000524028 0.000441594 0.000346647 0.00034513 0.000311413 0.000351702 0.000328191 0.000646944 0.000264875 0.000673835 0.000641419 0.000597113 0.000253728 0.00028835 0.000272561 0.000609577 0.000525465 0.000416941 0.000282785 0.000574192 0.000414087 0.000356718 0.00087476 0.000306283 0.000295783 0.000275317 0.000474145
threshold=-6.2718078295389796 -1.2684655189514158 -0.18296406666437781 0.53313676516215025 -1.5023930821633056 -0.0072284936904906992 -13.412703514099119 0.65590910116831469 -2.8920354843139644 0.19016289336387687 -0.017523976388285348 -0.12886562943211807 -0.35939013734455194 -1.2491734425226846 0.58082582553227746 -4.3871489763259879 -0.85272216796874989 -1.1974465052286785 -0.37635263000117941 -0.9925008035113484 0.46991847150084876 1.6290024789977755 0.13395663102467853 0.38427493969599408 15.877547899882002 3.9999193350474043 5.8768021265665702 0.97089930375417077 1.6396936575571697 0.19608841339747107
decision_type=2 2 2 2 10 10 10 2 2 2 2 2 2 2 2 10 2 10 10 2 10 8 2 2 10 10 2 2 2 2
left_child=11 2 -2 4 -4 6 -6 8 -5 10 -9 12 -1 14 -14 16 -3 18 28 -20 -21 24 23 -23 26 -26 -19 -24 -17 -30
right_child=1 15 3 7 5 -7 -8 9 -10 -11 -12 -13 13 -15 -16 17 -18 21 19 20 -22 22 27 -25 25 -27 -28 -29 29 -31
leaf_value=0 -6.8788961015824246e-06 0 0 0 0 0 0.00020844272744916884 0.00024760900453320924 -0.00021870015030030698 0 0 0 0 0 -0.0003311538009487993 -1.0710895140804859e-05 8.8922544824138089e-05 3.1709130566599936e-06 0 -0.00016763257558531351 0 0 -7.1172301885278103e-05 -0.00018937395937681232 8.8466769984606161e-05 -6.7249558733053591e-06 -4.0114344280395075e-05 2.9260458005568455e-06 0.00022848810283176911 0
leaf_weight=95 106 136 20 27 22 32 134 44 29 34 22 258 26 36 53 359 165 4920 65 164 37 22 148 85 405 390 445 655 35 21
leaf_count=95 106 136 20 27 22 32 134 44 29 34 22 258 26 36 53 359 165 4920 65 164 37 22 148 85 405 390 445 655 35 21
internal_value=0 1.48006e-06 4.0468e-05 6.79865e-05 0.000119927 0.000147583 0.000178319 0 -9.5588e-05 5.15439e-05 0.000128203 -2.84917e-05 -7.04301e-05 -0.000153917 -0.000233976 -1.75215e-07 4.40633e-05 -2.53878e-06 -3.27688e-05 -9.2062e-05 -0.000133219 0 -2.56238e-05 -0.000137222 4.21435e-06 3.54855e-05 0 -4.51222e-06 0 0.0001074
internal_weight=8990 8522 470 364 208 188 156 156 56 100 66 468 210 115 79 8052 301 7751 681 266 201 7070 910 107 6160 795 5365 803 415 56
internal_count=8990 8522 470 364 208 188 156 156 56 100 66 468 210 115 79 8052 301 7751 681 266 201 7070 910 107 6160 795 5365 803 415 56
is_linear=0
shrinkage=0.05


Tree=144
num_leaves=31
num_cat=0
split_feature=210 298 361 228 21 268 372 317 80 45 14 357 190 351 376 297 56 32 367 47 347 305 340 52 297 207 40 14 265 2
split_gain=0.000153785 0.000673673 0.000514176 0.000423799 0.000410007 0.000411381 0.000322352 0.000262754 0.000642104 0.000534791 0.000420341 0.000393805 0.00047741 0.00060382 0.00045154 0.000407821 0.000464541 0.000399679 0.000336167 0.000336171 0.000290482 0.000262044 0.000255498 0.000288331 0.000237437 0.000226046 0.000557378 0.000300402 0.000297332 0.000279951
threshold=-0.52327245578933057 0.037328020359078957 0.70168523313590725 -1.0691893264117522 2.4180059432983403 -0.47764669771710161 -0.005645124596856399 -0.090264956146811334 -1.0000000180025095e-35 -0.12554982801278422 0.0016421334197123502 -1.0902648524449565 -0.62840937768463101 -1.0266603628794349 -0.00045604867054524994 -0.41330991188685101 -0.55924330155054724 -0.10481792191664373 0.064274391311963663 0.13168797393639883 1.8882406552632649 0.43076222150415971 0.19190591573715207 -2.4755067825317378 -0.32039456566174801 -0.72029937307554215 -0.37578070163726801 -0.010725521792968049 -0.32834972009832247 0.90245648225148523
decision_type=8 10 10 8 2 10 2 10 2 2 2 10 10 10 2 10 2 2 2 2 10 10 10 2 10 10 2 2 10 2
left_child=1 7 4 6 5 -3 22 11 9 -9 -10 12 18 17 15 -13 -17 -14 -1 -20 -11 -12 23 -2 -25 26 -5 28 -27 -28
right_child=3 2 -4 25 -6 -7 -8 8 10 20 21 14 13 -15 -16 16 -18 -19 19 -21 -22 -23 -24 24 -26 27 29 -29 -30 -31
leaf_value=-7.3466458162617919e-06 0 0 0 0 0 0.00023701056798771706 0 0 -4.475747914211889e-05 -0.0002606885302231452 0.00013559947917671187 0 0 0 0 0 0.00015566360914013515 -0.00020538426232549908 0 7.2271391586954174e-05 0 0 0 0 -0.00021501016605408041 0 -0.0001418556965145647 -8.9864327387821458e-07 9.8209171603797708e-05 0
leaf_weight=721 37 39 64 327 20 94 57 23 153 61 76 62 23 166 362 29 184 86 116 329 21 22 26 36 85 164 132 5289 155 31
leaf_count=721 37 39 64 327 20 94 57 23 153 61 76 62 23 166 362 29 184 86 116 329 21 22 26 36 85 164 132 5289 155 31
internal_value=0 9.96361e-06 9.47023e-05 -4.374e-06 0.000145306 0.00017885 -6.98127e-05 3.51121e-07 -3.68602e-05 -0.000140986 0 9.13362e-06 -2.15205e-06 -6.38969e-05 4.25081e-05 9.10389e-05 0.000124434 -0.000155343 8.12685e-06 4.44268e-05 -0.00020428 8.70959e-05 -0.000103731 -0.000128724 -0.000166087 -9.6676e-07 -3.39512e-05 1.02425e-06 4.8565e-05 -0.000109577
internal_weight=8990 2651 217 6339 153 133 241 2434 356 105 251 2078 1441 275 637 275 213 109 1166 445 82 98 184 158 121 6098 490 5608 319 163
internal_count=8990 2651 217 6339 153 133 241 2434 356 105 251 2078 1441 275 637 275 213 109 1166 445 82 98 184 158 121 6098 490 5608 319 163
is_linear=0
shrinkage=0.05


Tree=145
num_leaves=31
num_cat=0
split_feature=367 92 24 376 53 377 85 329 62 298 297 72 330 334 261 270 376 197 264 236 286 49 343 16 377 32 331 238 44 254
split_gain=0.000155446 0.000335211 0.0005122 0.000254949 0.000522804 0.000494134 0.000460785 0.000712263 0.000470936 0.000636557 0.000402517 0.000260067 0.000509641 0.000362577 0.000350728 0.000587852 0.000394206 0.000289179 0.000283406 0.00025965 0.000252951 0.000250772 0.000761334 0.000350896 0.000248886 0.000220111 0.000213181 0.000167943 0.000375994 0.000320773
threshold=0.96210407239819273 0.35767149925231939 0.57930159568786632 -0.0084755284656392472 -0.28829258680343622 -0.6811297870195171 12.140178044637045 0.99515354136625933 4.4619291623433437 0.061437322447697208 -0.058946172396341895 -0.39632562299569435 0.17933728297551452 0.70917465047569495 0.60435810130174727 0.79395416481313785 0.0045358142339883009 -1.8369807238562068 0.67498069384296566 0.72636986025747319 0.088911856835087011 -3.1445967356363931 -2.7078103224436441 0.17072021961212158 -0.25278159592038824 0.67754306395848596 -0.47750323635802489 -0.8907857311589914 -2.6801555951436353 -0.59641073645817089
decision_type=2 2 2 2 2 2 2 10 2 10 10 2 8 10 8 10 2 8 10 10 10 2 10 2 2 2 10 10 2 10
left_child=3 27 24 4 26 10 11 8 9 -8 -6 14 17 18 21 16 -16 -13 -14 -19 -15 22 -5 -23 -3 -12 -1 28 -2 -30
right_child=1 2 -4 6 5 -7 7 -9 -10 -11 25 12 13 20 15 -17 -18 19 -20 -21 -22 23 -24 -25 -26 -27 -28 -29 29 -31
leaf_value=0 0 -0.00021408172798062627 -1.2192939645702997e-05 3.8689438903727818e-06 0 0 0 0 0 0.00035145315671927395 -0.00041235926512944959 -1.6801533699425566e-05 -7.329518746207048e-05 3.9049502969900888e-05 -0.00011573893629324044 0 0 6.5787582629671842e-05 0 0 -6.8381752583160804e-06 3.0360856106526261e-05 -7.2148890271279441e-05 -1.9615335397334276e-06 0 -1.9148967514984525e-05 0.00011827187962357071 -5.3324548851474997e-06 0.00016384797596849139 0
leaf_weight=77 37 66 419 1007 20 52 28 40 20 47 27 62 272 503 253 400 49 751 150 229 409 1263 427 1773 20 44 38 407 80 20
leaf_count=77 37 66 419 1007 20 52 28 40 20 47 27 62 272 503 253 400 49 751 150 229 409 1263 427 1773 20 44 38 407 80 20
internal_value=0 -1.82958e-05 -4.85184e-05 2.1714e-06 -4.51158e-05 -0.000113158 4.41068e-06 9.68936e-05 0.000179057 0.000237227 -0.000183504 2.09289e-06 1.61904e-05 -7.36694e-07 -3.41692e-06 -3.64977e-05 -8.9222e-05 4.2657e-05 -4.22439e-05 5.15215e-05 1.29901e-05 6.60483e-07 -1.52837e-05 9.83854e-06 -0.000167208 -0.000239373 0 5.74276e-07 5.45828e-05 0.000116064
internal_weight=8990 1049 505 7941 258 143 7683 135 95 75 91 7548 2376 1334 5172 702 302 1042 422 980 912 4470 1434 3036 86 71 115 544 137 100
internal_count=8990 1049 505 7941 258 143 7683 135 95 75 91 7548 2376 1334 5172 702 302 1042 422 980 912 4470 1434 3036 86 71 115 544 137 100
is_linear=0
shrinkage=0.05


Tree=146
num_leaves=31
num_cat=0
split_feature=348 226 73 347 324 363 32 346 370 256 368 347 27 36 351 34 73 303 254 191 256 202 320 46 289 230 324 238 252 235
split_gain=0.000153237 0.000290134 0.000376544 0.000587952 0.000533527 0.000459304 0.000612207 0.000601243 0.00071902 0.000402543 0.000322241 0.000320331 0.000531478 0.000838783 0.000339324 0.000538752 0.000298991 0.000293498 0.000290103 0.000278983 0.000211181 0.000165445 0.000249544 0.000229828 0.000160481 0.000191244 0.000195969 0.000150389 0.000291241 0.000194266
threshold=-21.390256881713864 -1.70815394137723 -7.9688129425048819 -0.027301172415415496 -1.0437093079090116 -1.8474811433406657 0.54034302632013975 -6.8738875389099112 1.286861991491316 -1.2952605399176889 0.63163958205000725 -2.6018592417240138 -0.20910656452178947 0.77683866024017345 -0.19275029500325497 0.34003649155298871 0.068774153788884462 -1.548020499261326 -0.24532772868847028 -2.0464343333648269 -0.63913488763420256 -1.6887722542510377 -3.4746509532495931 0.12722691179563592 -1.0000000180025095e-35 -2.4094638736161103 -1.8356686631838481 -0.61714812807481323 -0.2349472269962288 -1.2550386422753947
decision_type=10 10 2 10 10 8 2 10 2 10 2 10 2 2 10 2 2 10 10 10 10 10 10 2 10 10 10 10 10 10
left_child=-1 17 3 4 -3 6 7 -4 -9 -5 -6 12 18 -14 15 -13 -16 21 -7 -19 -12 22 -2 -24 25 -21 -27 29 -29 -8
right_child=1 2 5 9 10 11 27 8 -10 -11 20 14 13 -15 16 -17 -18 19 -20 24 -22 -23 23 -25 -26 26 -28 28 -30 -31
leaf_value=4.5106117046321933e-05 0 0 1.2442918681052477e-06 0 0 3.323664467548415e-05 0 -0.00013147900686816009 0 -0.0001552593929404211 0.00025207568589613149 0 0.00013067564002495441 0 3.068510795315772e-05 -6.4804853513675763e-05 -1.4787021431473898e-06 0 -2.3945480097691767e-05 0 0 2.9445983714207315e-05 -0.00014618606906357783 0 0 0 -0.00018993576055912817 -9.9814027380696265e-05 0 7.3573736510450062e-05
leaf_weight=181 71 103 89 21 60 428 61 344 81 46 78 561 249 124 836 515 3831 21 440 26 53 156 69 20 46 21 98 79 134 148
leaf_count=181 71 103 89 21 60 428 61 344 81 46 78 561 249 124 836 515 3831 21 440 26 53 156 69 20 46 21 98 79 134 148
internal_value=0 -1.28887e-06 4.10059e-07 5.07571e-05 8.83424e-05 -1.2541e-06 -3.45485e-05 -7.17666e-05 -9.88146e-05 -3.95399e-05 0.000137806 2.49255e-06 2.58294e-05 7.60296e-05 -1.68004e-06 -2.75434e-05 3.21201e-06 -3.73973e-05 0 -8.33165e-05 0.000183921 0 -4.169e-05 -0.000100622 -0.000106556 -0.000133112 -0.000160003 0 -1.67738e-05 3.88756e-05
internal_weight=8990 8809 8281 361 294 7920 936 514 425 67 191 6984 1241 373 5743 1076 4667 528 868 212 131 316 160 89 191 145 119 422 213 209
internal_count=8990 8809 8281 361 294 7920 936 514 425 67 191 6984 1241 373 5743 1076 4667 528 868 212 131 316 160 89 191 145 119 422 213 209
is_linear=0
shrinkage=0.05


Tree=147
num_leaves=31
num_cat=0
split_feature=254 363 32 213 28 247 229 231 259 244 377 210 70 33 360 77 350 347 203 223 24 217 255 253 237 213 260 83 236 234
split_gain=0.000155892 0.000674898 0.000320202 0.000524666 0.000403541 0.000422382 0.000328679 0.000320192 0.000347816 0.000474349 0.000339017 0.000335773 0.000586996 0.000940686 0.000490924 0.000386597 0.00030505 0.000433164 0.000341975 0.000304106 0.000265871 0.000406132 0.000384996 0.000261901 0.000260755 0.000355647 0.000461219 0.000412191 0.000318886 0.000312863
threshold=-1.1677321770321545 -1.8474811433406657 0.88417625427246105 -0.48874389398137957 0.3595251770069201 -0.78961809475090516 0.24990166230881058 -1.4085227518625778 -0.79015201518634637 0.24018575628254843 -0.44180114730504688 -0.087564681116574339 1.0424793561299646 0.35992052157719939 1.3520409380338776 -0.27410270770390821 1.9203689098358154 1.9815727869669597 0.37449577589677113 -0.40287117667083322 1.0055485566457116 0.74888397645993454 -0.31398762668031727 -0.17613629446419368 -0.99917912403400477 -0.52413547274986039 -1.2831514515423472 0.064642677238831756 0.5370287173067575 -0.83751760330802616
decision_type=8 8 2 10 2 10 10 8 10 10 2 8 2 2 10 2 10 10 10 10 2 10 8 10 10 8 10 2 10 10
left_child=23 2 3 -2 5 -5 -7 8 -3 10 19 12 16 14 -14 -13 17 -9 -18 -10 22 -22 -17 24 29 26 -26 28 -28 -1
right_child=1 7 -4 4 -6 6 -8 11 9 -11 -12 15 13 -15 -16 20 18 -19 -20 -21 21 -23 -24 -25 25 -27 27 -29 -30 -31
leaf_value=4.7624055235376619e-05 0 0 0 0 0 -0.00031495388342452578 0 6.6161139263868475e-06 -0.00026651261291495148 0 0 -6.1200569114744518e-05 0.00026902227112290473 0 0 -6.8353173206554338e-05 6.2703343144387836e-05 -7.6118837211242843e-05 -1.3289503003897888e-05 0 5.586113084899713e-05 0 -8.6202669645345171e-07 7.1086375280535505e-05 0 7.0203915461011715e-07 -0.0001937328574757069 0 0 -1.244081931521542e-05
leaf_weight=522 196 110 74 41 42 68 23 1297 62 30 21 277 79 96 22 243 444 177 80 45 482 592 3121 192 64 252 109 20 20 189
leaf_count=522 196 110 74 41 42 68 23 1297 62 30 21 277 79 96 22 243 444 177 80 45 482 592 3121 192 64 252 109 20 20 189
internal_value=0 -3.01583e-06 -6.28916e-05 -8.31213e-05 -0.000149068 -0.000192155 -0.00025521 0 -5.28091e-05 -0.000101139 -0.000147926 2.76426e-06 1.93376e-05 0.000104337 0.000210914 -3.89105e-06 8.44962e-06 0 4.15609e-05 -0.000184625 0 2.1338e-05 -7.22545e-06 1.53035e-05 1.9395e-06 -2.19972e-05 -7.23036e-05 -0.000123309 -0.000159821 2.46266e-05
internal_weight=8990 7622 444 370 174 132 91 7178 268 158 128 6910 2195 197 101 4715 1998 1474 524 107 4438 1074 3364 1368 1176 465 213 149 129 711
internal_count=8990 7622 444 370 174 132 91 7178 268 158 128 6910 2195 197 101 4715 1998 1474 524 107 4438 1074 3364 1368 1176 465 213 149 129 711
is_linear=0
shrinkage=0.05


Tree=148
num_leaves=31
num_cat=0
split_feature=375 306 257 325 307 48 362 210 280 367 346 21 201 353 235 15 73 272 207 204 80 328 15 0 43 309 85 25 46 364
split_gain=0.000157076 0.000352397 0.000743007 0.000475225 0.000564909 0.000512355 0.000375454 0.000269551 0.000301412 0.000285598 0.000265356 0.000262374 0.000246011 0.000281256 0.000238754 0.000229872 0.000225356 0.000579232 0.000772158 0.000550914 0.000520239 0.000478603 0.000349492 0.000457548 0.000467357 0.000335697 0.000422283 0.000659031 0.000383306 0.000435298
threshold=0.55598552999394912 -0.13300499345007924 0.48569701401221571 0.44406871000925691 -0.27978391248317186 9.7617851893107126 -0.28122967201905769 -1.6003826176462297 -1.6546036949322982 -0.098918685838432732 8.2285084724426287 1.3253434896469118 -0.044222943311957495 2.8646492569731392 -0.873045804052623 1.0506572326024377 0.068774153788884462 0.4538949205596855 -0.30311070116408728 -0.45729583403751967 0.81452782948811853 -0.48382679621378588 0.70678981145222985 -1.1997720797856646 -0.69136059284210194 2.1379945210490829 4.2106121381123867 0.078893701235453265 0.57654857635498058 2.2102495193073568
decision_type=2 10 10 10 10 2 10 10 10 2 8 2 8 8 10 2 2 10 10 8 2 10 2 2 2 10 2 2 2 10
left_child=10 6 3 4 -3 15 7 9 -9 -2 16 -10 -12 -14 -8 -6 17 -1 -19 22 21 -20 23 -18 -25 26 -21 -28 29 -27
right_child=1 2 -4 -5 5 -7 14 8 11 -11 12 -13 13 -15 -16 -17 19 18 20 25 -22 -23 -24 24 -26 28 27 -29 -30 -31
leaf_value=1.8072938002629139e-06 0.00014842564834348232 0 0 0 -0.00025611217447938777 0 0 0 -0.00012138771905156939 0 0 0 0.00014398459714340303 0 0.00011975643088655923 0 0 0 0 -5.9552679737765225e-07 0 0.00023670429969303381 0 -0.00018059732308365857 0 0 -8.0039769345209739e-06 9.4839307940753603e-05 2.7461834528168402e-06 -0.00011142218998305707
leaf_weight=3121 36 34 275 40 115 25 46 39 141 35 22 40 97 45 102 21 33 112 31 2877 83 111 99 146 30 294 157 308 249 226
leaf_count=3121 36 34 275 40 115 25 46 39 141 35 22 40 97 45 102 21 33 112 31 2877 83 111 99 146 30 294 157 308 249 226
internal_value=0 -1.95084e-05 -4.92322e-05 -0.000114717 -0.000148147 -0.000188005 3.63901e-06 -1.62699e-05 -5.51583e-05 3.38139e-05 1.9787e-06 -8.86481e-05 6.50724e-05 9.60111e-05 7.65298e-05 -0.000226385 2.95192e-08 1.0195e-05 7.30184e-05 -6.79385e-06 0.000128687 0.000188111 -7.15914e-05 -0.000108307 -0.000142914 -7.21315e-07 4.86197e-06 4.93712e-05 -3.14843e-05 -5.74863e-05
internal_weight=8990 949 510 235 195 161 439 291 220 71 8041 181 164 142 148 136 7877 3458 337 4419 225 142 308 209 176 4111 3342 465 769 520
internal_count=8990 949 510 235 195 161 439 291 220 71 8041 181 164 142 148 136 7877 3458 337 4419 225 142 308 209 176 4111 3342 465 769 520
is_linear=0
shrinkage=0.05


Tree=149
num_leaves=31
num_cat=0
split_feature=12 228 371 212 327 260 317 51 245 42 89 324 372 55 368 323 21 82 46 10 10 238 23 376 65 268 356 57 372 58
split_gain=0.000149969 0.00041753 0.000576989 0.000589803 0.000539802 0.000570365 0.000530216 0.000589054 0.000485274 0.000453444 0.000498172 0.000468308 0.000443209 0.000560669 0.000680854 0.000375174 0.000509436 0.000386909 0.000333546 0.000410025 0.000465468 0.000456254 0.000686311 0.000509987 0.000378535 0.000415717 0.000619359 0.00031212 0.000415515 0.000295108
threshold=0.018518607442577602 0.71647331315010354 -0.3372992209408 1.3807251452747014 -0.42598070452610642 0.73996025928930476 -0.12656316201759091 1.6192956765492761 -0.37744589574233062 -1.3938351472218831 -4.3676317532857247 0.29488217830657959 -0.040150583414809794 -0.3379867871602375 2.1355331539998454 -3.1668564478556314 1.5169277191162112 -1.1990813811620076 0.14696135123570755 0.59825908641020453 0.73468124866485607 -2.3220423156799246 0.004923429961005801 -0.0041065318210681493 -2.193562825520833 0.4874595948543074 0.19706806393475326 1.2825479904810591 -0.0074099098139978493 3.9404656092325854
decision_type=2 8 2 10 10 10 10 2 8 2 2 10 2 2 2 10 2 2 2 2 2 10 2 2 2 10 10 2 2 2
left_child=18 4 3 6 15 9 -3 29 -4 -6 -11 -12 13 -10 -15 -2 17 -17 19 -1 21 -21 23 -23 -22 26 -26 -14 -29 -8
right_child=1 2 8 -5 5 -7 7 -9 12 10 11 -13 27 14 -16 16 -18 -19 -20 20 24 22 -24 -25 25 -27 -28 28 -30 -31
leaf_value=7.3071780181552397e-06 -2.0758631644155491e-05 0 0.00010280168061433237 0 6.4082804542243923e-06 1.9215981326126419e-06 0.00021610053049903258 0 1.8098506510577701e-05 2.3100572832566638e-05 -9.7152714876759156e-05 -1.3294497831037856e-05 -8.9630622465061179e-05 -0.00013453892568899236 0 0 0 0.00017014272186178324 2.1905833614447302e-05 0 2.6181108215872148e-05 0 0 -0.00021040797583807264 -0.00016564074530053753 0 0 0.00011258689853995682 0 0
leaf_weight=2029 107 41 83 198 142 515 140 111 89 71 750 411 70 252 132 23 103 117 1977 27 353 29 76 141 120 157 73 99 530 24
leaf_count=2029 107 41 83 198 142 515 140 111 89 71 750 411 70 252 132 23 103 117 1977 27 353 29 76 141 120 157 73 99 530 24
internal_value=0 -7.44119e-06 8.7513e-06 5.45915e-05 -2.24675e-05 -3.43003e-05 9.75279e-05 0.00012549 -6.0422e-06 -5.15148e-05 -6.22491e-05 -7.17764e-05 -1.80244e-05 -5.60929e-05 -8.6306e-05 2.71058e-05 6.87495e-05 0.000131499 5.54147e-06 -3.56123e-06 -3.12764e-05 -8.80092e-05 -0.000115023 -0.000170963 -2.12423e-06 -4.49532e-05 -9.51101e-05 5.88159e-07 1.85889e-05 0.000188079
internal_weight=8990 4008 1769 514 2239 1889 316 275 1255 1374 1232 1161 1172 473 384 350 243 140 4982 3005 976 273 246 170 703 350 193 699 629 164
internal_count=8990 4008 1769 514 2239 1889 316 275 1255 1374 1232 1161 1172 473 384 350 243 140 4982 3005 976 273 246 170 703 350 193 699 629 164
is_linear=0
shrinkage=0.05


Tree=150
num_leaves=31
num_cat=0
split_feature=249 344 363 254 369 370 92 210 191 298 251 362 214 82 279 231 321 84 214 373 377 212 59 247 62 75 35 356 370 35
split_gain=0.000151412 0.000563876 0.000432596 0.000564698 0.00058928 0.000780778 0.0005487 0.000409439 0.000504287 0.000408363 0.000668982 0.000385346 0.000359599 0.000358444 0.000333382 0.000315921 0.000298585 0.000272545 0.000488535 0.000331225 0.000271207 0.000492834 0.000700469 0.000273768 0.00052927 0.000357128 0.000255288 0.000357118 0.000340903 0.000405098
threshold=-0.92410745960253615 -3.1841007073720289 -1.7475732557164747 -0.9925018091536858 0.58660324445500789 1.2719819683692413 0.66647352774937951 -0.50907016942808547 0.21280367841470632 0.037328020359078957 -0.28836626543045757 -0.23032514754396713 -0.47391189463879629 -0.59982621669769276 -0.97068609945810846 0.5036830527592101 -1.2440475215465008 0.00066112428127470017 -0.47173748708046653 0.077964819007720357 -0.82978359625231712 -0.47149757661202668 -0.85966670513153065 0.075047761404690466 1.0415524641672771 0.00066139149324340011 0.25881018241246545 -1.034290973723901 1.1887545768998125 -0.27301770448684687
decision_type=10 10 8 10 2 2 2 10 8 10 10 10 10 2 10 10 10 2 10 2 2 10 2 10 2 2 2 10 2 2
left_child=11 12 3 -3 -5 6 -6 8 9 10 -4 26 14 16 -2 -11 -10 -13 19 -19 21 22 -9 25 -25 -22 28 -28 29 -1
right_child=1 2 7 4 5 -7 -8 20 13 15 -12 17 -14 -15 -16 -17 -18 18 -20 -21 23 -23 -24 24 -26 -27 27 -29 -30 -31
leaf_value=0 0 0 2.4061543796396773e-05 0 -0.00028955670844770079 0 0 0 0 0.00015224320963259117 -8.8090126460148917e-05 0 0 0 0.00013057614827565668 0 0.00015522694620587272 0 0 -0.00024434008480996261 2.7877105760996116e-05 -2.826610421938165e-06 -0.00013993180672299533 6.4091560372936306e-05 0 -3.6313757861694749e-05 -5.8890263503362341e-07 6.5630303891551551e-05 9.0252322704147793e-06 -0.00010160539740766419
leaf_weight=129 66 410 367 65 86 28 25 150 48 78 190 65 190 20 188 42 165 28 44 67 283 2608 173 535 1073 560 720 230 125 232
leaf_count=129 66 410 367 65 86 28 25 150 48 78 190 65 190 20 188 42 165 28 44 67 283 2608 173 535 1073 560 720 230 125 232
internal_value=0 2.97348e-06 0 -4.05597e-05 -0.000108934 -0.00016734 -0.000229411 3.36485e-06 3.46008e-05 4.66294e-06 -5.22876e-06 -1.38266e-05 5.76246e-05 0.000100098 9.66514e-05 9.2175e-05 0.000123147 -7.90453e-05 -0.000118601 -0.000182803 -9.88122e-07 -1.20703e-05 -7.12076e-05 1.02244e-05 2.33247e-05 -8.83327e-06 -1.07499e-06 1.01857e-05 -3.33702e-05 -6.18951e-05
internal_weight=8990 7350 6906 614 204 139 111 6292 910 677 557 1640 444 233 254 120 213 204 139 95 5382 2931 323 2451 1608 843 1436 950 486 361
internal_count=8990 7350 6906 614 204 139 111 6292 910 677 557 1640 444 233 254 120 213 204 139 95 5382 2931 323 2451 1608 843 1436 950 486 361
is_linear=0
shrinkage=0.05


Tree=151
num_leaves=31
num_cat=0
split_feature=2 255 14 25 54 50 194 326 220 316 307 342 307 272 17 12 61 73 63 236 228 317 41 213 372 265 261 325 268 64
split_gain=0.000145186 0.000296135 0.000506717 0.000478513 0.000607158 0.000470826 0.000810292 0.000458217 0.000505807 0.000689273 0.000455468 0.000755924 0.000635784 0.000595937 0.000669771 0.000436136 0.000424353 0.000778504 0.000421408 0.000417486 0.000519513 0.000403181 0.000395871 0.000330911 0.000329978 0.000281483 0.00026988 0.00026916 0.00039416 0.000329925
threshold=2.8623056411743169 0.42435038009058956 0.013063102339704752 0.077380036314328507 1.1412918170293176 4.3992401758829756 0.57155991600902289 -0.19863017400105801 0.15962214715763412 -0.2077470263948393 -0.22995004681241357 -0.17083630959192889 -0.37908871565055874 -0.72814937802393109 1.2247562011082971 0.50080104296406114 0.8774514595667523 -2.5084415276845289 -0.1751302480697631 0.58247891844195621 -0.70770433829358526 0.84418191221510874 -1.3060233592987058 2.0727228337003685 -0.18234006353603677 0.16768738108488332 0.26326043075711719 0.54563900828361511 -0.47764669771710161 8.2794087727864589
decision_type=2 8 2 2 2 2 10 8 10 10 10 10 8 10 2 2 2 2 2 10 10 10 2 10 2 10 10 10 10 2
left_child=1 2 10 5 22 -4 26 8 9 25 12 13 16 -12 -15 -9 -1 -18 -17 20 -14 -20 -5 -24 -23 -3 -7 28 -2 -30
right_child=27 7 3 4 -6 6 -8 15 -10 -11 11 -13 19 14 -16 18 17 -19 21 -21 -22 24 23 -25 -26 -27 -28 -29 29 -31
leaf_value=-1.840521002101094e-06 0 -0.0002541634420970473 3.760221378373141e-05 0 0 0 0 0 0 0 0 0 0 -0.00015337215509753912 0 0 0.00022158896353668511 0 0 0 0.00018736026386981762 0 0.00020326777887032753 0 -0.00019454217209730228 0 -0.00029590052406332169 -5.0917881190559828e-06 0.00011244396205866092 0
leaf_weight=3034 70 83 321 39 143 23 54 2505 111 54 74 943 49 254 48 29 61 120 34 33 118 33 143 26 108 21 39 145 223 52
leaf_count=3034 70 83 321 39 143 23 54 2505 111 54 74 943 49 254 48 29 61 120 34 33 118 33 143 26 108 21 39 145 223 52
internal_value=0 -1.59115e-06 4.58641e-06 4.18674e-05 8.56847e-05 0 -7.89167e-05 -1.47247e-05 -7.8937e-05 -0.000136397 -5.63805e-07 -2.64539e-05 7.97231e-06 -8.64824e-05 -0.000119344 -6.50018e-06 1.00482e-06 7.62835e-05 -7.68311e-05 9.49307e-05 0.000130528 -0.000113566 0.000140289 0.000173415 -0.000152147 -0.000211678 -0.00021039 2.63948e-05 5.41145e-05 8.51791e-05
internal_weight=8990 8500 5522 788 351 437 116 2978 269 158 4734 1319 3415 376 302 2709 3215 181 204 200 167 175 208 169 141 104 62 490 345 275
internal_count=8990 8500 5522 788 351 437 116 2978 269 158 4734 1319 3415 376 302 2709 3215 181 204 200 167 175 208 169 141 104 62 490 345 275
is_linear=0
shrinkage=0.05


Tree=152
num_leaves=31
num_cat=0
split_feature=375 376 377 333 353 376 236 346 76 312 326 251 364 92 353 364 207 22 86 203 207 10 252 368 46 53 73 288 41 370
split_gain=0.000144079 0.000219728 0.000525387 0.000464055 0.000460724 0.000309628 0.000781107 0.00050216 0.000549031 0.000527348 0.00041691 0.000403916 0.000360469 0.000675831 0.000597741 0.000545282 0.000406714 0.000353123 0.000369421 0.000504291 0.000324349 0.000488396 0.000456564 0.000351351 0.000285551 0.00025584 0.000250812 0.000225707 0.000217358 0.000189008
threshold=-0.46366599580580997 -0.0061744794883454492 -0.35424595985069346 -1.7667405976476132 1.1685299600190555 -0.0011017591777782497 -0.15583468109159127 4.094783067703248 5.3061849276224775 -0.37721646588480967 1.6206992268562319 1.547630267452365 -0.15912379310553243 0.00066134717781090007 -0.50098201286149679 0.96423674210738008 0.30543667085310372 0.87513581911722838 1.9869167009989417 0.030474455102137605 -0.43196196672378923 0.16378503044446313 0.026758054515217202 0.53186044710655789 0.018849147483706405 -0.24586093425750724 -7.9688129425048819 -0.90969115992387106 0.9252659479777019 0.88192837156734138
decision_type=2 2 2 10 10 2 10 10 2 10 10 10 8 2 10 10 10 2 2 10 10 2 10 2 2 2 2 10 2 2
left_child=-1 2 3 -2 27 6 20 8 9 -8 12 -10 13 26 -15 24 -17 -12 19 -19 21 -3 25 -23 -14 -22 -7 -5 -24 -9
right_child=1 5 -4 4 -6 10 7 29 11 -11 17 -13 15 14 -16 16 -18 18 -20 -21 22 23 28 -25 -26 -27 -28 -29 -30 -31
leaf_value=1.7001443612018734e-05 5.0764057967795347e-07 0 6.8692993176195378e-05 0 0 5.8950414508135833e-05 0.00010001623191642027 -4.2876827652003147e-05 0.00019121543967110888 0 0 0 -3.4063226214710948e-06 -7.5867215424925169e-05 0 -6.2237259540649667e-05 9.5523421872070858e-07 0 0 -0.00015356975517638252 0.00010297881253595405 0 0 -0.00011240187832927485 4.4560659105001954e-05 0 0 -0.00013966507209560509 -0.00012695134418380975 2.8952192851548021e-05
leaf_weight=1085 92 266 67 34 126 194 216 178 139 483 175 29 178 653 443 298 869 38 68 184 154 122 54 239 1119 78 959 229 48 173
leaf_count=1085 92 266 67 34 126 194 216 178 139 483 175 29 178 653 443 298 869 38 68 184 154 122 54 239 1119 78 959 229 48 173
internal_value=0 -2.42663e-06 -3.2972e-05 -5.75375e-05 -8.41121e-05 0 1.56591e-05 4.33731e-05 6.39575e-05 3.4732e-05 -6.80433e-06 0.000155719 -1.24865e-06 -1.66393e-05 -4.54557e-05 1.077e-05 -1.09012e-05 -5.2351e-05 -8.62381e-05 -0.000117781 -1.4265e-05 -3.83328e-05 1.59486e-05 -7.70269e-05 3.41232e-05 6.54608e-05 6.41792e-06 -0.000121823 -4.76495e-05 0
internal_weight=8990 7905 548 481 389 7357 2179 1218 867 699 5178 168 4713 2249 1096 2464 1167 465 290 222 961 627 334 361 1297 232 1153 263 102 351
internal_count=8990 7905 548 481 389 7357 2179 1218 867 699 5178 168 4713 2249 1096 2464 1167 465 290 222 961 627 334 361 1297 232 1153 263 102 351
is_linear=0
shrinkage=0.05


Tree=153
num_leaves=31
num_cat=0
split_feature=367 92 92 60 205 371 338 376 90 19 376 375 254 318 259 335 12 49 320 6 346 375 39 211 372 222 218 275 217 307
split_gain=0.000149313 0.000287542 0.000342269 0.000372859 0.00050265 0.000229037 0.000337443 0.000211533 0.000401412 0.000311356 0.000507355 0.000621999 0.000462504 0.000617868 0.000373817 0.000366707 0.000277164 0.000351183 0.000439613 0.000421777 0.000273764 0.000351988 0.000263205 0.0006001 0.00046917 0.000335479 0.000262101 0.000451697 0.000223567 0.000202155
threshold=0.96210407239819273 0.35767149925231939 0.66647352774937951 -1.5633318821589151 -0.42761947576524956 1.7387584214317953 -1.4926801794912599 -0.0084755284656392472 0.42058092355728155 6.3749748865763349 0.0031288080544726502 0.55598552999394912 1.4357822636969659 -0.30504318566198541 2.049822685850295 1.5021275429749272 0.031030199180046656 1.6849908828735354 0.84068353548010721 -1.3289011716842649 3.752141118049622 -0.081093477442843578 0.27725990613301593 0.23025891846233112 -0.0049191830056537498 -0.37669939107770584 0.66114561095404156 0.32939910574061476 -2.0063696488335032 1.1856591427673713
decision_type=2 2 2 2 10 2 10 2 2 2 2 2 10 10 10 10 2 2 10 2 10 2 2 10 2 10 8 10 10 10
left_child=7 5 3 -3 -5 -2 -7 8 -1 16 11 12 13 -11 -12 -13 17 26 19 -19 21 -10 23 25 -25 -18 28 -28 -9 -24
right_child=1 2 -4 4 -6 6 -8 9 20 10 14 15 -14 -15 -16 -17 22 18 -20 -21 -22 -23 29 24 -26 -27 27 -29 -30 -31
leaf_value=0 -8.4170444407817863e-06 0 -7.2867112248977127e-06 -0.00026250838442598183 0 0 0.00012837648717714219 -2.4263735265827221e-05 0 0 0 -0.00016548850080990059 0 0.0001607342812378534 -0.0001584993724086691 0 -4.4385127683278734e-05 0 0 9.8561074684012671e-05 0 -0.00026647509676788658 1.8826935813261056e-05 -0.0001364826735056701 0 2.2233310544534087e-05 0 -9.0112781216260675e-05 1.2565855266274512e-05 -1.7824824402508659e-05
leaf_weight=171 426 23 382 59 41 34 84 399 22 32 157 35 125 247 38 29 334 64 203 345 23 42 765 198 40 372 173 199 3191 737
leaf_count=171 426 23 382 59 41 34 84 399 22 32 157 35 125 247 38 29 334 64 203 345 23 42 765 198 40 372 173 199 3191 737
internal_value=0 -1.77251e-05 -4.55604e-05 -0.000123707 -0.000167725 0 6.77699e-05 2.34519e-06 -4.04146e-05 4.43238e-06 3.73843e-05 6.8126e-05 9.5468e-05 0.000131677 -1.07648e-05 -2.63471e-05 6.07518e-07 8.53426e-06 4.42573e-05 7.49473e-05 -0.000127913 -0.00018141 -1.21711e-05 -3.28752e-05 -0.00010282 -2.20373e-06 1.75328e-06 -3.61962e-05 7.07926e-06 0
internal_weight=8990 1049 505 123 100 544 118 7941 258 7683 663 468 404 279 195 64 7020 4574 612 409 87 64 2446 944 238 706 3962 372 3590 1502
internal_count=8990 1049 505 123 100 544 118 7941 258 7683 663 468 404 279 195 64 7020 4574 612 409 87 64 2446 944 238 706 3962 372 3590 1502
is_linear=0
shrinkage=0.05


Tree=154
num_leaves=31
num_cat=0
split_feature=191 243 236 41 353 350 346 317 211 73 76 328 92 307 359 254 346 332 29 30 42 205 366 369 88 228 87 277 211 257
split_gain=0.000145936 0.000223361 0.000276029 0.000428939 0.000462071 0.000252806 0.000485572 0.000498982 0.000424992 0.00030988 0.000428068 0.000476958 0.000500981 0.000285336 0.000330229 0.000312164 0.000267889 0.000413195 0.000262051 0.000250838 0.000280294 0.000242188 0.000279063 0.000231045 0.000220955 0.000220257 0.000346859 0.000533845 0.000202013 0.000201734
threshold=2.2583293612168927 1.6290024789977755 0.89962751438098709 -0.94295509656270338 -0.30352418848872825 15.877547899882002 3.9999193350474043 -0.39556657875641982 1.00271759252334 5.8768021265665702 3.0166778564453129 0.5043857296307882 0.27599432071050012 2.0618725301397647 2.1455422459453577 -0.14672953743735853 8.2285084724426287 2.5044471792300858 1.0693854093551638 0.10384798049926756 0.014566481579095103 1.7208214595190408 -0.032928198573151192 2.2361500183562333 0.69585223992665624 2.3028020950681789 3.1497710545857749 1.5489652532980893 -0.63193732479643028 0.91962928171773328
decision_type=10 8 8 2 10 10 10 10 10 2 2 10 2 8 10 10 10 10 2 2 2 10 2 2 2 10 2 10 10 8
left_child=1 5 3 -3 -5 9 7 -7 28 10 13 12 -12 15 -15 -1 17 -8 -13 -6 -21 22 -11 -19 -24 29 27 -27 -9 -4
right_child=-2 2 25 4 19 6 16 8 -10 21 11 18 -14 14 -16 -17 -18 23 -20 20 -22 -23 24 -25 -26 26 -28 -29 -30 -31
leaf_value=2.1747901724959016e-06 4.5758936348706515e-05 0 6.4416513325264471e-05 0 0 -1.3496388558357724e-07 0 0 0 0 9.981253885239114e-06 -8.1376657260594977e-05 0.00014704555297668983 8.6528813847845556e-05 0 -2.0608394606938166e-05 6.9398829174635706e-05 -0.0001715601653929004 1.9583112994925678e-05 -0.0001716240518020226 0 0 0 0 -0.00012176987950088155 0 0 -0.0002572948967110705 0.00013921402400874776 0
leaf_weight=3549 170 106 145 22 59 81 210 26 105 128 280 94 159 185 87 2265 64 67 93 163 32 71 48 29 178 23 24 40 240 247
leaf_count=3549 170 106 145 22 59 81 210 26 105 128 280 94 159 185 87 2265 64 67 93 163 32 71 48 29 178 23 24 40 240 247
internal_value=0 -9.91541e-07 -2.54709e-05 -5.71669e-05 -9.16877e-05 1.02869e-06 2.76324e-05 6.37663e-05 9.11875e-05 -1.33515e-06 5.57554e-07 4.04989e-05 7.10332e-05 -2.72982e-06 4.53787e-05 -5.84124e-06 -3.00501e-06 -3.45005e-05 -4.45941e-06 -0.000116964 -0.000145024 -4.29816e-05 -6.26715e-05 -0.000120584 -9.61088e-05 0 -7.21083e-05 -0.000144636 0.000124856 1.57897e-05
internal_weight=8990 8820 861 382 276 7959 822 452 371 7137 6712 626 439 6086 272 5814 370 306 187 254 195 425 354 96 226 479 87 63 266 392
internal_count=8990 8820 861 382 276 7959 822 452 371 7137 6712 626 439 6086 272 5814 370 306 187 254 195 425 354 96 226 479 87 63 266 392
is_linear=0
shrinkage=0.05


Tree=155
num_leaves=31
num_cat=0
split_feature=367 237 302 27 77 59 260 85 50 356 199 90 260 293 210 289 222 222 43 58 239 356 44 53 89 91 347 191 69 239
split_gain=0.000139372 0.000274846 0.000305514 0.000547788 0.000584961 0.000422519 0.000202617 0.000202417 0.000482426 0.000398401 0.000802742 0.000726286 0.00049954 0.000471519 0.000574484 0.000414077 0.000575892 0.000209833 0.000201581 0.000442347 0.000413054 0.000416669 0.000327449 0.000551577 0.000429509 0.000305486 0.000525939 0.000513042 0.000199443 0.000375447
threshold=0.96210407239819273 -1.2563089568346137 -0.43723040509259775 -1.8918405373891194 0.73458230495452892 -4.1025422414143868 -1.7853398935959264 3.7781617840131125 12.045770009358725 0.16414844443760104 -0.093415529205031433 0.65266362826029467 0.73996025928930476 -0.020771463712056498 1.2631098587204665 6.8477129439512892 1.6271638589516415 -0.32517779234057775 -1.1619112888971961 0.19944303234418234 -1.5869645809257957 -0.17789554340568511 1.0331746339797976 3.4125749270121259 4.1564016342163095 -2.3890906969706212 -2.5330813129742933 -0.5016154143880287 -0.97677008310953772 0.080981474911805171
decision_type=2 10 10 2 2 2 10 2 2 10 10 2 10 10 10 10 10 10 2 2 10 10 2 2 2 2 10 10 2 10
left_child=7 6 3 -3 5 -5 -2 8 18 10 17 -12 -13 -11 15 16 -15 -9 22 20 -20 -22 25 24 -24 27 -27 -1 -21 -30
right_child=1 2 -4 4 -6 -7 -8 9 -10 13 11 12 -14 14 -16 -17 -18 -19 19 28 21 -23 23 -25 -26 26 -28 -29 29 -31
leaf_value=0 0 0 -6.9495001884955358e-07 0 0 -0.00027818676096887589 7.1003000819383364e-05 0 -0.00011545020342469944 -7.6320307475033947e-05 0 -0.00035495701543434535 0 0.00015177439408248315 0 0 0 0.00016888511072012428 0 -1.2924882591764916e-05 0.00018107648878073394 0 -9.6170184470674219e-05 1.340465041905032e-05 0 4.7640764175482338e-05 -6.893752391511546e-07 -7.3174098108526201e-05 5.250533223198405e-05 0
leaf_weight=518 22 149 592 42 44 71 129 23 90 40 76 37 29 273 219 113 71 36 33 755 108 40 360 208 118 678 2264 340 493 1019
leaf_count=518 22 149 592 42 44 71 129 23 90 40 76 37 29 273 219 113 71 36 33 755 108 40 360 208 118 678 2264 340 493 1019
internal_value=0 -1.71288e-05 -3.07754e-05 -7.26164e-05 -0.00013781 -0.000198268 3.09035e-05 2.26189e-06 0 2.44149e-05 -2.31787e-05 -0.000106437 -0.000227648 4.47593e-05 5.93294e-05 9.13697e-05 0.000118737 9.24444e-05 8.6141e-07 1.2982e-05 9.00993e-05 0.000129997 -4.63835e-06 -3.65216e-05 -6.87031e-05 0 8.75034e-06 -2.50496e-05 4.61568e-06 1.66813e-05
internal_weight=8990 1049 898 306 157 113 151 7941 7024 917 201 142 66 716 676 457 344 59 6934 2448 181 148 4486 686 478 3800 2942 858 2267 1512
internal_count=8990 1049 898 306 157 113 151 7941 7024 917 201 142 66 716 676 457 344 59 6934 2448 181 148 4486 686 478 3800 2942 858 2267 1512
is_linear=0
shrinkage=0.05


Tree=156
num_leaves=31
num_cat=0
split_feature=53 58 47 222 88 54 351 338 229 305 204 29 21 192 302 65 303 327 88 54 86 334 319 78 276 310 221 191 210 257
split_gain=0.000136984 0.000249549 0.00030637 0.000446415 0.000400506 0.000245241 0.000400464 0.000257018 0.000241544 0.000411941 0.000323669 0.00023369 0.000520055 0.000224748 0.000238455 0.000256277 0.000221583 0.000220695 0.00020656 0.000308817 0.000469919 0.000562861 0.000884365 0.000251531 0.000298244 0.000229689 0.000507505 0.000340759 0.000509836 0.00029568
threshold=-6.2718078295389796 -1.2684655189514158 0.65590910116831469 -0.49162698537915811 0.39240262905756634 0.53313676516215025 -0.9705996513366697 -0.82663155613932204 -0.90754659096359991 -0.61326643390767466 -0.4900636076705997 1.0427536964416506 -2.7068055470784507 -0.83108972309736773 -2.1534830634446522 -5.5391435623168936 -1.7883448899577852 -1.3667835543553033 -1.0290534496307371 -0.85861965020497633 1.0000000180025095e-35 -1.4329642270110325 -0.080503058456336582 -0.73823511600494374 -1.4939571185881757 -1.66467913560878 -1.1759421461434068 -0.22782760814007882 -0.32696681350392726 0.19325741577198904
decision_type=2 2 2 10 2 2 10 10 10 10 10 2 2 10 10 2 10 10 2 2 2 10 10 2 10 10 10 10 10 10
left_child=8 2 5 4 16 6 -2 -7 13 -10 -11 12 -5 14 -1 17 -4 -16 23 20 21 -20 -23 -3 -25 26 -21 -27 -29 -28
right_child=1 18 3 11 -6 7 -8 -9 9 10 -12 -13 -14 -15 15 -17 -18 -19 19 25 -22 22 -24 24 -26 27 29 28 -30 -31
leaf_value=0 0 0 0.0001799774287050854 0 -0.00018791770039818976 0 0.00014879975840292921 -0.0002055961219716891 0 -0.00026617175211672626 0 0 0.00028275608941519671 9.690598436046038e-05 0 0 0 -0.00022323919179871631 0 -1.7983292505919009e-05 0 -0.00017704600227746799 0 0.00011851853075093642 0 -2.082311495900583e-05 8.4559625364021582e-05 4.7142581838523234e-05 -9.8412729605171575e-07 0
leaf_weight=138 152 168 26 21 20 34 52 26 81 39 22 22 55 48 22 80 62 38 157 213 436 179 58 131 92 1805 348 614 3757 94
leaf_count=138 152 168 26 21 20 34 52 26 81 39 22 22 55 48 22 80 62 38 157 213 436 179 58 131 92 1805 348 614 3757 94
internal_value=0 1.33613e-06 3.68678e-05 8.25627e-05 0 0 2.73263e-05 -8.75527e-05 -2.64404e-05 -8.09474e-05 -0.000179149 0.000160305 0.000201999 0 -1.9904e-05 -7.10034e-05 5.75188e-05 -0.000149709 -1.17353e-07 -2.54019e-06 -3.14505e-05 -7.11645e-05 -0.000119803 3.45582e-05 7.00869e-05 2.41016e-07 2.89748e-05 -1.99722e-06 4.63334e-06 6.29126e-05
internal_weight=8990 8522 470 206 108 264 204 60 468 142 61 98 76 326 278 140 88 60 8052 7661 830 394 237 391 223 6831 655 6176 4371 442
internal_count=8990 8522 470 206 108 264 204 60 468 142 61 98 76 326 278 140 88 60 8052 7661 830 394 237 391 223 6831 655 6176 4371 442
is_linear=0
shrinkage=0.05


Tree=157
num_leaves=31
num_cat=0
split_feature=71 249 214 214 349 349 236 243 355 68 368 276 216 24 205 337 207 265 272 245 346 245 234 358 77 3 372 207 213 368
split_gain=0.000134931 0.000305964 0.000410437 0.000403684 0.000392411 0.000294598 0.000271257 0.000420691 0.000522948 0.000314475 0.000257435 0.000346789 0.000210373 0.000257649 0.000202596 0.000212829 0.000196295 0.000438282 0.000264633 0.000252325 0.000565401 0.000221853 0.000185443 0.00037451 0.000140227 8.58957e-05 0.000147166 3.68601e-05 0.000137488 0.000241545
threshold=-3.9281693299611402 -1.760154678722557 -1.4060883761972505 -1.4221352151439197 -9.2369291782379133 -8.3205444018046055 -1.4463184416492416 -0.78090667474364706 1.4633703435879044 -0.22505488991737357 3.5502418203338282 -2.1702759795818043 -1.7409142452288682 0.21495034297307333 -0.16523102194323702 -3.6408556583732632 -1.4864145981970396 -1.3709273516818914 -0.94070275422288396 -1.8294829061671993 -3.6140808661778765 -1.094720431153595 -0.94015431167378738 -1.9848915419514515 0.22716593742370608 -1.0451518297195432 -0.31786127617911814 -1.4864145981970396 -1.7861458494826217 2.0384563058323253
decision_type=2 8 10 8 10 10 8 10 10 2 2 10 10 2 10 10 8 10 10 8 10 8 10 10 2 2 2 10 10 2
left_child=5 2 4 12 10 -1 7 22 9 -9 11 -2 -3 -14 15 -15 17 -8 -19 20 -18 -21 24 -24 -5 -6 -27 28 -4 -30
right_child=1 3 27 6 25 -7 16 8 -10 -11 -12 -13 13 14 -16 -17 19 18 -20 21 -22 -23 23 -25 -26 26 -28 -29 29 -31
leaf_value=0.00016321293548306339 0 0 0 8.6436644766082604e-05 0 0 5.2539063162093936e-06 0 0 -0.00014378156148169558 0 -0.0003492619947139293 0 0 0 0.00014889661961995781 -2.7940873357463088e-06 0 -0.00014197539671853291 -3.6561712673887377e-05 0.00012357498647797197 3.0805848359420666e-06 -0.00016862151101281779 0 0 0 -0.00011374881821903302 -1.9108705134193223e-05 0.00013762428072827522 0
leaf_weight=40 21 67 67 93 75 68 56 28 29 185 23 35 76 22 56 145 66 29 109 367 137 6836 37 51 22 28 45 93 53 31
leaf_count=40 21 67 67 93 75 68 56 28 29 185 23 35 76 22 56 145 66 29 109 367 137 6836 37 51 22 28 45 93 53 31
internal_value=0 -7.95482e-07 -4.0293e-05 8.22303e-07 -8.88038e-05 5.53941e-05 -9.06926e-07 -3.91241e-05 -8.46071e-05 -0.000119447 -0.00018717 -0.000246713 5.24796e-05 7.162e-05 9.88127e-05 0.000126756 6.73391e-07 -4.77949e-05 -0.000105516 2.61876e-06 5.78899e-05 3.66145e-07 0 -3.66901e-05 5.47492e-05 -2.44561e-06 -5.43114e-05 0 1.96184e-05 6.9127e-05
internal_weight=8990 8882 471 8411 227 108 8045 445 242 213 79 56 366 299 223 167 7600 194 138 7406 203 7203 203 88 115 148 73 244 151 84
internal_count=8990 8882 471 8411 227 108 8045 445 242 213 79 56 366 299 223 167 7600 194 138 7406 203 7203 203 88 115 148 73 244 151 84
is_linear=0
shrinkage=0.05


Tree=158
num_leaves=31
num_cat=0
split_feature=0 32 87 33 251 220 54 35 12 377 28 247 212 244 267 371 78 13 228 256 347 265 76 39 83 257 303 69 69 273
split_gain=0.000134024 0.000259619 0.000324828 0.000283191 0.000219387 0.000312277 0.000382582 0.000354506 0.00030517 0.000527983 0.000855719 0.000959946 0.00030102 0.000292094 0.000505872 0.000507879 0.000351496 0.000486916 0.000387163 0.000292468 0.000269826 0.000256836 0.000499893 0.000442078 0.000227608 0.000202036 0.000210034 0.000269563 0.000176127 0.000149722
threshold=2.4144930839538579 0.54034386078516661 -0.63237160444259632 2.1231161753336587 1.8083117061734 1.1203728690417465 2.1489100456237797 1.0835927327473962 0.018518607442577602 -0.86984465613543249 0.16727448503176368 -0.72630821227362596 -0.3008291169000063 -0.23822260677388798 -0.35980826630259494 1.3911657152312451 0.60714278618494688 0.005952328753968051 -1.0691893264117522 0.081309334028670924 2.3481809298197431 0.61351998733605584 3.3147819836934418 1.0855102936426801 0.00066135998349630017 1.6515824655886753 0.52692510908505719 3.7284015019734702 -0.43889472881952912 0.31728977698723576
decision_type=2 2 2 2 8 10 2 2 2 2 2 10 10 10 10 2 2 2 10 10 10 10 2 2 2 10 10 2 2 10
left_child=4 2 -2 -4 5 8 7 12 13 10 11 -10 -7 16 15 -15 18 -18 -1 -16 -12 22 -11 -23 -14 26 -6 -28 -8 -9
right_child=1 -3 3 -5 25 6 28 29 9 21 20 -13 24 14 19 -17 17 -19 -20 -21 -22 23 -24 -25 -26 -27 27 -29 -30 -31
leaf_value=-2.2073911094234888e-05 0 0 0.00018439479422259941 0 0 0 -8.8661314623678575e-05 -7.1354707019197225e-05 1.7747438177139847e-05 0 -2.6995451601661796e-05 -0.00011498051275271483 0 0.00010367694986643968 -2.4561196844006916e-05 0 -9.2795874212311952e-05 0 1.9891493345245671e-05 2.1933565352643394e-05 4.5504450540882207e-05 -9.5139594016766695e-05 9.5392561302824774e-05 0 0.00010153306015466852 0 -0.00015965721363484745 0 0 1.6757872775179608e-05
leaf_weight=926 32 288 73 27 88 167 62 61 104 740 303 503 26 298 542 170 255 245 1306 840 219 160 170 319 368 127 89 20 237 225
leaf_count=926 32 288 73 27 88 167 62 61 104 740 303 503 26 298 542 170 255 245 1306 840 219 160 170 319 368 127 89 20 237 225
internal_value=0 2.74441e-05 8.54901e-05 0.000133257 -1.47508e-06 0 2.43272e-05 4.32819e-05 -3.79793e-06 -1.80995e-05 -4.35847e-05 -8.40046e-05 6.63905e-05 2.9704e-06 1.90284e-05 6.42867e-05 -6.0736e-06 -4.42538e-05 2.40863e-07 8.08649e-08 0 0 1.80993e-05 -2.67941e-05 9.0471e-05 -4.18308e-05 -7.37557e-05 -0.000120998 -1.26469e-05 0
internal_weight=8990 420 132 100 8570 8246 1146 847 7100 2518 1129 607 561 4582 1850 468 2732 500 2232 1382 522 1389 910 479 394 324 197 109 299 286
internal_count=8990 420 132 100 8570 8246 1146 847 7100 2518 1129 607 561 4582 1850 468 2732 500 2232 1382 522 1389 910 479 394 324 197 109 299 286
is_linear=0
shrinkage=0.05


Tree=159
num_leaves=31
num_cat=0
split_feature=279 370 234 282 58 236 21 324 347 350 67 246 321 355 90 35 39 36 206 50 32 64 213 63 317 79 61 202 45 275
split_gain=0.000134128 0.000359458 0.000410623 0.000333389 0.000298435 0.000398619 0.00032534 0.000241081 0.000587143 0.000216938 0.000488621 0.000403818 0.00071774 0.000422442 0.000495553 0.000381179 0.000376448 0.000390205 0.000474341 0.000346469 0.000517206 0.000294305 0.000262128 0.000273802 0.000255229 0.000724083 0.000508974 0.000661199 0.000427386 0.000330771
threshold=2.2538544218884833 0.69831774589055085 0.63449639096639021 0.10463388760884601 3.6881326039632163 1.2836940056777977 0.52725172042846691 1.5686637759208681 2.1835940579573321 0.94343010584513387 2.1503570079803471 -0.68691614309199411 -0.37780941728922579 0.90469939251946896 0.00066130557873590008 0.22588425874710083 -1.1755867799123128 0.7132898966471356 0.70044190758446156 -2.8704563776652017 0.55232520898183191 6.1768194834391288 0.55030307297366909 -0.79136780897776271 -0.1140749928817124 -0.48145421346028638 0.85423660278320324 -0.34187097079079054 0.00066129960274940015 0.024215903918654951
decision_type=10 2 10 10 2 10 2 10 10 8 2 10 10 10 2 2 2 2 10 2 2 2 10 2 10 2 2 10 2 10
left_child=4 -2 -3 -4 9 6 -6 8 -5 10 24 12 -11 14 -14 -12 19 18 -18 -13 -21 -19 -17 -24 26 28 29 -28 -26 -1
right_child=1 2 3 7 5 -7 -8 -9 -10 11 15 16 13 -15 -16 22 17 21 -20 20 -22 -23 23 -25 25 -27 27 -29 -30 -31
leaf_value=-4.698194143147813e-06 -2.2906422450575338e-06 0 0 0 0 0 -0.00014003434929306808 0 0.0003238326140242032 0 -0.00023325058247836313 2.0196463364099132e-06 0 0 0.0002543197247275014 0 3.9243427289275212e-06 -2.0098385106895161e-05 8.3521606079923366e-05 -0.00012394580695563399 0 3.2198328668717939e-05 0 -0.00011277352628557576 0 0 0.00020723481240424613 0 -0.00012770318642466187 4.1554509346878899e-05
leaf_weight=2530 137 88 21 26 28 126 131 20 49 136 37 99 39 21 84 271 715 965 359 180 104 342 29 131 58 1420 72 120 205 447
leaf_count=2530 137 88 21 26 28 126 131 20 49 136 37 99 39 21 84 271 715 965 359 180 104 342 29 131 58 1420 72 120 205 447
internal_value=0 3.06522e-05 7.72636e-05 0.000139056 -1.30976e-06 -5.16621e-05 -0.000105101 0.000179918 0.000221397 0 -5.67676e-06 1.10383e-05 6.94273e-05 0.000147721 0.000184725 -5.45514e-05 3.31209e-06 1.23544e-05 3.51912e-05 -3.98383e-05 -7.20247e-05 -2.58733e-06 -2.75618e-05 -7.83499e-05 0 -1.66415e-05 7.3661e-06 8.6683e-05 -9.30159e-05 5.68379e-07
internal_weight=8990 341 204 116 8649 285 159 95 75 8364 5320 3044 280 144 123 468 2764 2381 1074 383 284 1307 431 160 4852 1683 3169 192 263 2977
internal_count=8990 341 204 116 8649 285 159 95 75 8364 5320 3044 280 144 123 468 2764 2381 1074 383 284 1307 431 160 4852 1683 3169 192 263 2977
is_linear=0
shrinkage=0.05


Tree=160
num_leaves=31
num_cat=0
split_feature=221 344 370 377 276 208 335 339 39 260 243 285 25 333 310 333 369 333 257 3 201 331 276 192 57 248 52 75 36 310
split_gain=0.000136001 0.000246756 0.000285181 0.000273026 0.000230354 0.000308657 0.000304407 0.000240747 0.000455161 0.000342034 0.000513947 0.000449038 0.000242423 0.00022347 0.000298519 0.000202676 0.000281086 0.000191007 0.000294449 0.000301849 0.000187638 0.000330192 0.000187436 0.000177513 0.000175781 0.000163815 0.000157523 0.00020362 0.000146269 0.00016578
threshold=2.4680787375009032 1.5497503081957502 0.47718848359531985 -1.1439786845007207 1.4508346334598639 1.5173667789874108 2.8480510069225429 1.5910872525810753 1.560856660207113 0.7566287994200529 1.837171851349001 0.12748011061921694 0.27978732188542682 2.2301130058561438 1.3802668466978132 2.634252978509124 0.6891168799375772 0.40302963932267849 -0.12855705712201212 3.7894625663757333 1.3709392457288729 2.1582378637226762 0.74388581550819144 1.7328195720003687 2.7724130551020312 0.66357125010687623 1.3686536153157556 0.00066151943368215015 0.899751623471578 2.1516119116719268
decision_type=8 8 2 2 10 10 8 10 2 10 10 10 2 10 10 10 2 8 10 2 10 8 10 10 2 10 2 2 2 10
left_child=4 2 -2 -4 5 6 7 9 12 10 -1 -11 -9 14 -7 16 26 -8 -19 -20 21 -3 -10 -22 -16 -26 27 -6 -18 -30
right_child=1 20 3 -5 15 13 17 8 22 11 -12 -13 -14 -15 24 -17 28 18 19 -21 23 -23 -24 -25 25 -27 -28 -29 29 -31
leaf_value=0 0 0.00014452838153497825 0 -0.00018672995667139462 0 0 0 -0.00011434805678472893 5.0685431432526586e-05 5.4771103232416106e-05 -0.00010782869485848745 -1.7662120895000131e-05 0 0 0 0 4.754661867999439e-05 0 0.00014550679151691142 0 -0.00012357178573026584 0 -2.654047599370694e-05 0 0 -0.00023462276371190869 0 0.00017808309151605268 -9.1101389095519375e-05 0
leaf_weight=5947 112 56 22 67 63 99 44 178 148 639 112 191 111 93 28 252 117 21 129 29 37 40 125 36 21 53 41 85 62 32
leaf_count=5947 112 56 22 67 63 99 44 178 148 639 112 191 111 93 28 252 117 21 129 29 37 40 125 36 21 53 41 85 62 32
internal_value=0 -2.97355e-05 -6.85189e-05 -0.000136375 1.21663e-06 -5.10796e-07 7.77864e-07 -2.81212e-07 -3.22545e-05 1.60179e-06 -1.74846e-06 3.20792e-05 -7.71932e-05 -5.11373e-05 -8.12555e-05 2.99917e-05 5.22729e-05 5.85601e-05 8.32944e-05 0.000111873 0 6.00348e-05 0 -4.09755e-05 -0.000142527 -0.000184175 9.74549e-05 0.000121597 0 -3.2753e-05
internal_weight=8990 370 201 89 8620 7968 7674 7451 562 6889 6059 830 289 294 201 652 400 223 179 158 169 96 273 73 102 74 189 148 211 94
internal_count=8990 370 201 89 8620 7968 7674 7451 562 6889 6059 830 289 294 201 652 400 223 179 158 169 96 273 73 102 74 189 148 211 94
is_linear=0
shrinkage=0.05


Tree=161
num_leaves=31
num_cat=0
split_feature=254 363 311 63 47 265 257 262 241 5 259 1 363 43 303 229 17 78 13 244 197 64 61 52 34 377 89 210 350 203
split_gain=0.00014002 0.000562343 0.00035478 0.000507074 0.000390078 0.000585773 0.000522965 0.000303139 0.000209096 0.000271594 0.000275252 0.000250588 0.000300881 0.000249884 0.000400469 0.000404882 0.000244325 0.000288591 0.00029711 0.000208456 0.000220273 0.000235795 0.00020745 0.000441106 0.000385099 0.00031364 0.000401028 0.000306688 0.000503183 0.000474059
threshold=-1.1677321770321545 -1.8474811433406657 -1.3680083947928121 1.2521664301554363 0.3711952567100526 -0.60149153330507765 0.32738242013454549 -1.0852462701716141 -1.5844753425629856 -1.6984759171803792 -1.0580692749793299 -2.6145602067311597 -2.1600422270190047 -0.97968538602193178 -1.8849981338847552 -1.2714604691112197 0.68029365936915098 -0.4624254703521728 -0.068730557026962444 -0.3160831608489521 0.4329479588908704 -3.8913695017496739 -3.2145083745320631 -1.8666183948516843 0.85536225636800134 -0.99013425337517014 -2.2953101793924966 -0.087564681116574339 1.9203689098358154 0.37449577589677113
decision_type=8 8 10 2 2 10 10 10 10 2 10 2 10 2 10 10 2 2 2 10 10 2 2 2 2 2 2 8 10 10
left_child=8 2 7 4 -4 -6 -7 -2 11 10 -10 -1 13 14 -13 -16 17 -12 -19 20 21 -11 23 -3 25 -25 -27 28 -24 -30
right_child=1 22 3 -5 5 6 -8 -9 9 19 16 12 -14 -15 15 -17 -18 18 -20 -21 -22 -23 27 24 -26 26 -28 -29 29 -31
leaf_value=6.1278646512730794e-05 -7.8263691306132801e-05 0 0 0 0 -0.00037247050939309337 0 3.6996981458439276e-05 0 0 0 0 0 0 -0.00032944636412947956 0 0 0 0.00015916943501215953 2.8820283106276186e-05 0 -0.00012094878820633983 7.702124061872759e-09 0 0 -0.00028572235911653341 0 -4.0889283536125748e-06 7.8709291927284505e-05 -2.7045045455839712e-06
leaf_weight=61 95 139 57 53 34 53 24 128 268 27 157 105 126 37 35 22 49 34 167 149 26 105 1589 21 26 53 34 4700 511 105
leaf_count=61 95 139 57 53 34 53 24 128 268 27 157 105 126 37 35 22 49 34 167 149 26 105 1589 21 26 53 34 4700 511 105
internal_value=0 -2.78824e-06 -5.74375e-05 -0.000103141 -0.000146742 -0.000203368 -0.000280341 0 1.45792e-05 2.8385e-05 4.66675e-05 -7.59142e-06 -3.59126e-05 -7.67067e-05 -0.000105265 -0.000221338 7.28141e-05 8.79379e-05 0.00013175 0 -5.01293e-05 -8.47126e-05 0 -4.20439e-05 -0.000108736 -0.000153536 -0.000195599 2.27918e-06 1.812e-05 5.67182e-05
internal_weight=8990 7622 444 221 168 111 77 223 1368 982 675 386 325 199 162 57 407 358 201 307 158 132 7178 273 134 108 87 6905 2205 616
internal_count=8990 7622 444 221 168 111 77 223 1368 982 675 386 325 199 162 57 407 358 201 307 158 132 7178 273 134 108 87 6905 2205 616
is_linear=0
shrinkage=0.05


Tree=162
num_leaves=31
num_cat=0
split_feature=375 67 328 213 285 238 364 13 19 375 68 363 44 357 206 237 340 227 304 304 68 191 369 274 44 362 209 367 320 322
split_gain=0.000138392 0.000240347 0.000537686 0.000334002 0.000645656 0.000453331 0.000559615 0.000453319 0.000376524 0.000449441 0.000383377 0.000511395 0.000368148 0.000350907 0.000394194 0.00034393 0.00040895 0.000299125 0.000311152 0.000328369 0.000296647 0.000284835 0.000276451 0.000262913 0.000261769 0.000336059 0.00026036 0.000238851 0.000228917 0.000427064
threshold=-0.21014192636942838 2.6121249993642173 0.49443117777506523 -0.21707557252937701 0.011036576858411152 -0.93096084180113181 -0.004856007639952099 -0.0092107554276783469 3.6850616137186689 0.7288289193297518 0.670507311820984 -1.5210326935731191 -1.0112584829330442 -1.1366590015333389 -1.4369410750234521 0.94892085165692108 -0.45033021767934162 1.5865658609617652 -0.33246066044045225 2.9315680508052524 -0.068062297999858787 -0.046972072788734241 11.402842647174035 -0.8499538564044421 -0.18975742657979322 0.37338980412883005 -0.36655944560656312 0.067068571748143804 -0.98742607921381242 0.19924068450927748
decision_type=2 2 10 10 10 8 10 2 2 2 2 10 2 10 10 10 10 10 10 10 2 10 2 8 2 10 10 2 10 10
left_child=28 3 17 4 5 13 23 -6 12 10 11 -10 20 27 -15 16 -9 18 -3 22 -5 -8 -20 -7 26 -26 -14 -2 -1 -30
right_child=1 2 -4 8 7 6 21 15 9 -11 -12 -13 24 14 -16 -17 -18 -19 19 -21 -22 -23 -24 -25 25 -27 -28 -29 29 -31
leaf_value=-1.0524129622523799e-05 -1.4957173390565566e-05 0 0 0 0 -8.5134413080215963e-05 0 0 0 -4.6366322327734398e-05 0 0.00011530761472222089 0 0 0.00011925076605354148 0 -0.00017396882024846191 0 -0.00018394795681389803 0 0.00012660669593485356 7.8301329173352633e-05 0 -1.6167258025959278e-05 2.2380221424463894e-05 -1.5001895858678165e-05 -0.00010799294637168887 4.7652794753800948e-05 4.5415517701497893e-05 0
leaf_weight=636 506 26 337 57 84 323 97 27 41 62 218 336 154 70 160 35 170 49 150 20 102 159 24 714 1099 1287 114 213 882 838
leaf_count=636 506 26 337 57 84 323 97 27 41 62 218 336 154 70 160 35 170 49 150 20 102 159 24 714 1099 1287 114 213 882 838
internal_value=0 -3.80573e-06 -3.39101e-05 0 -1.44564e-05 -2.68371e-06 -2.38491e-05 -8.21377e-05 9.30411e-06 4.34704e-05 6.12397e-05 9.1978e-05 0 2.08851e-05 7.49114e-05 -0.000118622 -0.000144679 -8.70928e-05 -0.000112567 -0.00013556 7.50013e-05 3.20684e-05 -0.000158753 -4.24761e-05 -3.09366e-06 1.21186e-07 -5.03545e-05 0 1.02987e-05 2.09052e-05
internal_weight=8990 6634 606 6028 2558 2242 1293 316 3470 657 595 377 2813 949 230 232 197 269 220 194 159 256 174 1037 2654 2386 268 719 2356 1720
internal_count=8990 6634 606 6028 2558 2242 1293 316 3470 657 595 377 2813 949 230 232 197 269 220 194 159 256 174 1037 2654 2386 268 719 2356 1720
is_linear=0
shrinkage=0.05


Tree=163
num_leaves=31
num_cat=0
split_feature=367 237 351 368 211 318 372 241 286 273 363 246 235 39 2 219 23 306 371 2 4 241 199 299 352 352 235 10 50 225
split_gain=0.000134504 0.000254693 0.000499578 0.000546777 0.000728683 0.000228689 0.000574331 0.000294405 0.00020152 0.000369875 0.000368466 0.000419968 0.000592913 0.000413612 0.000410805 0.000448684 0.000412684 0.000398621 0.00039322 0.000362335 0.000448587 0.000361416 0.000421424 0.000349935 0.00034813 0.000339683 0.000311494 0.000303689 0.000332927 0.000427053
threshold=0.77995279842944609 -1.2563089568346137 -0.88396652539571119 0.78076101904163897 -0.85746311243354978 2.0090974946184081 -0.079920884439927689 0.59332187177079965 -0.052536123742659743 -0.41019340715105207 -0.1760870639394588 -0.70378729924808547 -0.61809483863606796 -1.1755867799123128 -0.30682458480199171 -0.32868155595263288 -0.0065903288001814492 0.19828869885064812 -1.3110923739742539 0.37648316224416106 -1.8941284815470378 0.93379550073767159 0.036664553549882108 1.9868214951035415e-07 -0.16492238516608868 -0.21260531246662132 0.095326267171690168 -0.1445327401161193 -2.5735963185628252 0.50479447403523448
decision_type=2 8 10 2 10 10 2 10 10 8 8 8 10 2 2 10 2 8 2 2 2 10 10 10 10 10 10 2 2 10
left_child=8 -2 3 -3 -5 -4 7 -7 9 -1 14 12 -12 -13 15 25 -17 -15 -18 20 -14 22 -16 -19 -24 -10 27 -11 29 -29
right_child=1 2 5 4 -6 6 -8 -9 10 26 11 13 19 17 21 16 18 23 -20 -21 -22 -23 24 -25 -26 -27 -28 28 -30 -31
leaf_value=0 2.643751808024091e-05 0 7.0257514603023551e-08 0 -0.00027699953617962977 0 0 -0.00023257390706692396 -5.8235315457062985e-05 0 0 -5.1826803185628285e-05 0 4.2227573972333123e-05 -5.2041387922143679e-06 0 0 -1.4642384707577135e-05 0.00012213402538434863 0 0.00027031072090575177 2.010677240278881e-06 0 2.3254272784194966e-05 -0.00011609725174484904 0 0 0.00017288683456931231 1.0284274194574782e-05 0
leaf_weight=1048 181 71 689 49 68 21 70 51 339 54 167 313 25 670 391 140 34 1689 190 24 65 152 79 948 339 583 146 163 198 33
leaf_count=1048 181 71 689 49 68 21 70 51 339 54 167 313 25 670 391 140 34 1689 190 24 65 152 79 948 339 583 146 163 198 33
internal_value=0 -1.57566e-05 -2.81595e-05 -0.000104053 -0.000170485 -4.96323e-06 -6.45556e-05 -0.000167714 2.2176e-06 1.80229e-05 -1.19062e-06 7.20519e-06 6.6608e-05 1.2112e-06 -1.79913e-05 0 4.74829e-05 7.74444e-06 9.09227e-05 0.000154665 0.000200865 -4.27244e-05 -5.73084e-05 0 -9.40754e-05 -1.80613e-05 4.95406e-05 7.06525e-05 8.71908e-05 0.00013934
internal_weight=8990 1200 1019 188 117 831 142 72 7790 1642 6148 3901 281 3620 2247 1286 364 3307 224 114 90 961 809 2637 418 922 594 448 394 196
internal_count=8990 1200 1019 188 117 831 142 72 7790 1642 6148 3901 281 3620 2247 1286 364 3307 224 114 90 961 809 2637 418 922 594 448 394 196
is_linear=0
shrinkage=0.05


Tree=164
num_leaves=31
num_cat=0
split_feature=375 368 373 372 52 48 25 25 347 196 278 30 87 199 89 205 257 50 278 85 375 209 368 55 93 217 25 228 219 265
split_gain=0.00012855 0.000184994 0.000350833 0.000281382 0.000285247 0.000443981 0.000378495 0.000301851 0.000346646 0.000303068 0.00027938 0.000560467 0.000443541 0.000445947 0.000370754 0.000446178 0.000269339 0.000263812 0.000248087 0.000254918 0.000219245 0.00025877 0.000195575 0.000192034 0.000199852 0.000185645 0.000152488 0.000152087 0.000255495 0.000216412
threshold=-0.46366599580580997 6.3768323139206773 1.2916450339207854 -0.65702071805098783 0.58082582553227746 0.61842727661132824 0.099749664465586363 -0.0049317131439844493 -2.6018592417240138 -0.022410268643224745 1.2458331549766146 -0.9446502923965453 -0.26895870765050245 -0.58046705841605162 -4.527345021565754 1.0220479159626215 -0.63547354198857109 -6.8467124303181963 1.806016347088079 2.1846420963605251 0.29097388466790336 1.0644018214361055 21.879346256489949 2.2519901593526206 -0.12578137715657547 -1.3695086685564857 0.45810467377305014 -0.34822532292853853 0.7351197631712727 -0.15897086534417579
decision_type=2 2 2 2 2 2 2 2 10 10 10 2 2 10 2 10 10 2 10 2 2 10 2 2 2 10 2 10 10 10
left_child=27 2 3 20 5 16 -7 9 -9 -6 11 12 13 -4 -13 -16 -5 -14 19 -12 -2 25 23 24 -3 -22 -24 29 -29 -1
right_child=1 22 10 4 7 6 -8 8 -10 -11 18 14 17 -15 15 -17 -18 -19 -20 -21 21 -23 26 -25 -26 -27 -28 28 -30 -31
leaf_value=8.9496393731989895e-06 0 0 0 3.1824896988130804e-05 -8.8803208252588914e-06 9.6893790036847949e-05 0 4.3564223078575636e-05 -2.5451506894439909e-06 -0.00010860032390421681 0 0 0.00016019058438650725 -0.00013294756790709062 -0.00012518662459983277 0 -2.2154479548075191e-05 0 -3.0820537869523856e-05 0.00013873255093857251 0 0 0 0 7.1554675452616093e-05 -0.00012347052742146177 -7.5509193713712495e-05 5.3252529091202882e-05 0 -7.7381098984551929e-05
leaf_weight=318 152 106 145 434 632 294 114 452 3180 126 72 47 44 99 333 69 476 171 106 60 24 38 83 82 345 153 68 457 224 86
leaf_count=318 152 106 145 434 632 294 114 452 3180 126 72 47 44 99 333 69 476 171 106 60 24 38 83 82 345 153 68 457 224 86
internal_value=0 -2.36114e-06 -5.27869e-06 0 2.23827e-06 2.31261e-05 6.66872e-05 -2.89428e-06 1.81756e-06 -3.2064e-05 -3.06731e-05 -4.42329e-05 0 -5.10733e-05 -8.412e-05 -0.000101037 0 4.68497e-05 5.66488e-08 6.27066e-05 -4.2876e-05 -7.54028e-05 2.11269e-05 3.84277e-05 5.30035e-05 -0.000102754 -6.83584e-06 1.59861e-05 3.10706e-05 0
internal_weight=8990 7905 7221 6075 5708 1318 408 4390 3632 758 1146 908 459 244 449 402 910 215 238 132 367 215 684 533 451 177 151 1085 681 404
internal_count=8990 7905 7221 6075 5708 1318 408 4390 3632 758 1146 908 459 244 449 402 910 215 238 132 367 215 684 533 451 177 151 1085 681 404
is_linear=0
shrinkage=0.05


Tree=165
num_leaves=31
num_cat=0
split_feature=40 40 368 72 222 5 214 218 361 192 235 36 375 90 21 350 228 33 4 228 219 333 251 269 24 243 6 340 343 201
split_gain=0.000125063 0.000383216 0.000401712 0.00049339 0.000365487 0.000388327 0.000310029 0.000305948 0.000557884 0.000515271 0.00041049 0.000550711 0.000434927 0.000509883 0.000796946 0.000380926 0.000401476 0.000380331 0.000330549 0.00073039 0.000539655 0.000437264 0.000320967 0.000307096 0.000267146 0.000230328 0.00035676 0.000338649 0.000354356 0.000290486
threshold=0.063706308603286715 -0.37578070163726801 0.37094756748958796 3.3305101394653325 -1.110495987135762 2.6906108856201176 -0.50038927288827173 0.16903891962805381 0.27763227383708428 -0.49329073608322865 0.51040001626600973 0.42547392845153814 -0.45752366804074035 1.3158338069915774 -0.71521969636281335 -14.455254952112831 -0.03829323094078569 1.1769707600275676 2.2847526868184409 0.6452643324923647 0.91841390165870418 0.019879537785960053 0.49174975795280768 1.3007574088626843 0.36950723330179852 0.47967055298973876 0.5094287395477296 0.10183954238891597 6.7692448298136414 -0.60394545555649926
decision_type=2 2 2 2 10 2 10 10 10 10 10 2 2 2 2 10 10 2 2 10 10 10 10 10 2 8 2 10 10 10
left_child=1 25 -3 4 -4 6 -6 8 9 -2 11 12 -9 14 -14 -11 -17 22 19 -12 21 -21 -13 -18 -24 27 29 -1 -29 -27
right_child=7 2 3 -5 5 -7 -8 10 -10 15 18 17 13 -15 -16 16 23 -19 -20 20 -22 -23 24 -25 -26 26 -28 28 -30 -31
leaf_value=0 0 0 0 0 0 0 -0.00015937255024799058 0 -1.1266269064596125e-06 0 -1.0608913927071714e-05 0 0 0 -0.00027017946320837108 0 0.000172861172273989 5.2823615583899683e-05 0 0 0 0.00020463692672688857 0 0 -0.00010278251882133822 0 0 6.5845508525731524e-05 0 -7.2545181236508186e-05
leaf_weight=3457 149 224 53 122 66 38 235 30 375 41 110 263 32 20 88 73 213 179 989 39 56 129 104 30 182 81 629 432 161 390
leaf_count=3457 149 224 53 122 66 38 235 30 375 41 110 263 32 20 88 73 213 179 989 39 56 129 104 30 182 81 629 432 161 390
internal_value=0 -4.43942e-06 -3.81471e-05 -6.35825e-05 -9.19044e-05 -0.000111629 -0.00013137 7.96116e-06 3.30338e-05 6.82249e-05 0 -2.7963e-05 -0.000110491 -0.000150278 -0.000192245 0.000101015 0.000120583 -1.81157e-06 1.5648e-05 5.86781e-05 0.000115004 0.00016018 -2.87374e-05 0.000151774 -6.62546e-05 0 -1.98829e-05 5.89858e-06 4.08049e-05 -5.30697e-05
internal_weight=8990 5888 738 514 392 339 301 3102 881 506 2221 898 170 140 120 357 316 728 1323 334 224 168 549 243 286 5150 1100 4050 593 471
internal_count=8990 5888 738 514 392 339 301 3102 881 506 2221 898 170 140 120 357 316 728 1323 334 224 168 549 243 286 5150 1100 4050 593 471
is_linear=0
shrinkage=0.05


Tree=166
num_leaves=31
num_cat=0
split_feature=221 366 215 239 269 276 210 357 345 72 280 61 247 264 246 244 17 261 351 248 311 294 21 248 333 369 336 279 301 310
split_gain=0.000122245 0.000223637 0.000277376 0.000252067 0.00039994 0.000213541 0.000250685 0.00042947 0.000345391 0.000463533 0.000486807 0.000371757 0.000617529 0.000338315 0.000536303 0.000432459 0.000404613 0.00043591 0.000400289 0.000515315 0.000322666 0.000389204 0.000301081 0.000202894 0.000189598 0.000259458 0.00017735 0.000162421 0.000149262 0.000196956
threshold=2.4680787375009032 0.012273144992453602 1.7689070229448942 0.11115408205782402 1.6582271329351441 1.4508346334598639 0.72073229200667743 1.654250451828269 2.7876774470011401 3.3305101394653325 1.0000000180025095e-35 0.81885894139607751 0.049598853586374607 0.71555673511210971 0.84088072864849217 0.89299837655809233 1.9595101674397788 -0.10775441202371058 1.680523713429769 0.5552584284944474 0.47946846930255732 2.1836504936218266 -1.9005371729532874 0.61328155630963754 2.634252978509124 0.6891168799375772 0.34206832249636826 0.35446698840490015 0.56931782762209593 3.3191361095262728
decision_type=8 2 8 10 10 10 10 8 10 2 10 2 10 10 10 10 2 10 10 10 8 10 2 10 10 2 10 10 10 10
left_child=5 2 3 -2 -5 6 7 8 11 10 -10 22 -13 15 26 16 17 -8 -16 -20 -9 23 -1 -22 25 28 -15 -28 29 -7
right_child=1 -3 -4 4 -6 24 13 20 9 -11 -12 12 -14 14 18 -17 -18 -19 19 -21 21 -23 -24 -25 -26 -27 27 -29 -30 -31
leaf_value=-4.2688499995836917e-05 0 0 0 -0.00021762208006484925 0 0.00013438228185138501 0 0 0 0 -0.00016101252202505335 9.7247481367671851e-05 0 0 0 0 0 -0.000120746312117671 0 -0.00013910886463640862 0 0 1.3551074621753455e-06 0.00014271648202403224 0 0 0 0.00014566217446055279 0 0
leaf_weight=412 30 165 86 67 22 140 41 140 42 62 124 263 265 31 440 305 130 315 32 126 76 72 4804 168 252 211 24 96 22 27
leaf_count=412 30 165 86 67 22 140 41 140 42 62 124 263 265 31 440 305 130 315 32 126 76 72 4804 168 252 211 24 96 22 27
internal_value=0 -2.82453e-05 -6.45411e-05 -0.000113999 -0.000156346 1.0957e-06 -5.46162e-07 3.13744e-06 0 -6.07366e-05 -0.000109739 1.9585e-06 4.22868e-05 -1.91673e-05 0 -4.22416e-05 -7.16104e-05 -9.92004e-05 -1.5899e-05 -8.53578e-05 4.99276e-05 7.84139e-05 -1.16598e-06 0.000109309 2.88252e-05 5.03876e-05 8.87284e-05 0.000116604 9.38191e-05 0.000110426
internal_weight=8990 370 205 119 89 8620 7968 6428 5972 228 166 5744 528 1540 749 791 486 356 598 158 456 316 5216 244 652 400 151 120 189 167
internal_count=8990 370 205 119 89 8620 7968 6428 5972 228 166 5744 528 1540 749 791 486 356 598 158 456 316 5216 244 652 400 151 120 189 167
is_linear=0
shrinkage=0.05


Tree=167
num_leaves=31
num_cat=0
split_feature=28 255 40 340 22 336 62 219 85 371 12 233 263 324 292 350 236 60 13 28 57 346 66 291 39 367 231 39 371 235
split_gain=0.000123814 0.000334707 0.000417838 0.000361259 0.000505186 0.000336684 0.000504465 0.000418339 0.00028573 0.000283901 0.000279211 0.000369241 0.000321247 0.000334995 0.000254958 0.000642997 0.000657905 0.000609745 0.000562589 0.000474194 0.000261487 0.000246542 0.000240491 0.00047317 0.000566788 0.000423921 0.000424641 0.000411839 0.0003232 0.000296782
threshold=0.31258879105250043 1.7125166321951748 1.2600635687510173 1.0947947204113009 -0.66441319386164344 2.2257877310186935 0.78416359424591076 2.0125804621770609 0.43070894479751592 -0.78959066252084475 0.03285670156280196 0.52618958459569642 0.54483215611009739 0.54711351792017626 2.5425673127174391 -7.9472859515483663e-08 0.84238612381317446 -0.88681177298227942 0.049658445020516702 -0.0070790254200497988 0.74686614672342955 2.8367200990517936 7.4640789031982431 0.32661414146423368 -0.32473595937093086 -0.31628767749925096 0.50849968785568345 0.77107683817545591 1.4339132068580205 0.57704687217196182
decision_type=2 10 2 10 2 10 2 10 2 2 2 10 10 10 10 8 10 2 2 2 2 10 2 8 2 2 10 2 2 10
left_child=14 2 10 4 -4 6 -3 -8 -6 -10 -2 12 13 -12 22 16 17 -16 19 -19 21 -18 23 -1 25 -25 -27 28 29 -24
right_child=1 5 3 -5 8 -7 7 -9 9 -11 11 -13 -14 -15 15 -17 20 18 -20 -21 -22 -23 27 24 -26 26 -28 -29 -30 -31
leaf_value=0 2.076293725232286e-05 0 0 0 0 0 -0.00020009016808614062 0 0 0.00020244691755759306 -0.00013695836794732217 0 0 0 0 0 0.00018125156975024888 0 0 -0.00024291490536365004 -3.585363909065086e-05 0 -0.00016737664930035229 0 0 0.00017865589356966564 0 0 0 0
leaf_weight=3683 1167 36 51 166 83 104 89 21 51 128 148 538 59 51 47 1266 33 58 50 137 142 26 109 20 344 152 22 155 32 22
leaf_count=3683 1167 36 51 166 83 104 89 21 51 128 148 538 59 51 47 1266 33 58 50 137 142 26 109 20 344 152 22 155 32 22
internal_value=0 8.96748e-06 1.61222e-05 5.8862e-05 9.04777e-05 -4.09061e-05 -9.28743e-05 -0.00015133 0.000120821 0.000159221 3.14358e-06 -1.64066e-05 -6.63837e-05 -9.87239e-05 -3.8437e-06 -2.02505e-05 -6.87235e-05 -0.000116635 -0.000149772 -0.000188121 0 8.92771e-05 1.4132e-06 5.62201e-06 4.94598e-05 0.000118667 0.000147604 -3.87187e-05 -9.61068e-05 -0.000132869
internal_weight=8990 2692 2442 479 313 250 146 110 262 179 1963 796 258 199 6298 1759 493 292 245 195 201 59 4539 4221 538 194 174 318 163 131
internal_count=8990 2692 2442 479 313 250 146 110 262 179 1963 796 258 199 6298 1759 493 292 245 195 201 59 4539 4221 538 194 174 318 163 131
is_linear=0
shrinkage=0.05


Tree=168
num_leaves=31
num_cat=0
split_feature=348 19 222 368 322 15 58 223 33 192 76 69 344 28 351 13 285 201 90 208 365 229 219 198 368 304 377 201 290 253
split_gain=0.000121387 0.000241564 0.000292332 0.000358131 0.000489329 0.000495895 0.000197986 0.000420382 0.000372814 0.000339434 0.000232187 0.00047886 0.000457513 0.00044047 0.000408022 0.000402768 0.0003726 0.000370188 0.000504869 0.000370988 0.000344874 0.000302697 0.000228274 0.000205525 0.000126216 0.000178509 0.000105852 0.000142148 6.88716e-05 4.81068e-05
threshold=-21.390256881713864 -9.237027168273924 -0.40414474017628726 1.2182854661048199 -0.52777169148127234 -0.66107779244581844 -2.6294901470343262 -1.3107025356961788 -1.460307995478312 -0.98618266077765571 -2.8973809878031411 0.14970454573631284 0.2532441218694052 -0.059065667291482195 -0.011343558629354048 -0.0030442805339892499 -0.099337938707321674 1.0000000180025095e-35 0.00066139149324340011 -0.39832267544838945 0.11962354378356967 -0.060423208119466741 0.49059455379085892 0.097865609422143063 0.71346324632267299 -1.8148606561425966 -0.7816228192152469 -0.59339385456948068 -3.4520507554213204 -1.9206608167290866
decision_type=10 2 10 2 10 2 2 10 2 10 2 2 10 2 10 2 10 10 2 10 10 10 10 10 2 10 2 10 10 10
left_child=26 2 3 24 -5 -6 7 -3 9 -9 11 12 14 -14 -8 16 21 18 -17 -19 -18 -12 23 -13 25 -2 27 -1 -26 -4
right_child=1 6 29 4 5 -7 10 8 -10 -11 15 22 13 -15 -16 17 20 19 -20 -21 -22 -23 -24 -25 28 -27 -28 -29 -30 -31
leaf_value=0.00013816042819201729 -0.0001192779645634273 0 5.1076679917657437e-05 0 0 -0.00025178465347921834 -2.7970926694646114e-05 0 0 0.00028453101651145966 9.3269223200862026e-06 0.00010976622611654783 0 -0.00016322185306481428 7.1358767708350345e-05 0 6.4211830872048882e-05 6.1473772753334682e-05 -6.7606899045259629e-05 0 0 -8.4254047907603567e-05 0 0 0.00010880058978399008 0 0 0 0 0
leaf_weight=48 43 29 46 48 23 74 1046 29 29 41 368 123 35 123 93 843 690 264 469 3808 305 102 32 34 27 31 110 23 20 34
leaf_count=48 43 29 46 48 23 74 1046 29 29 41 368 123 35 123 93 843 690 264 469 3808 305 102 32 34 27 31 110 23 20 34
internal_value=0 -7.76947e-07 -4.19266e-05 -7.0942e-05 -0.000124097 -0.00018871 3.15083e-07 6.22123e-05 0.000124932 0.000188044 -3.63304e-08 -1.84995e-05 -3.17438e-05 -0.000117382 -1.54656e-05 3.23974e-06 2.67933e-05 -2.24097e-06 -2.5926e-05 4.16295e-06 4.46427e-05 -3.59707e-07 4.59167e-05 7.8552e-05 0 -4.74621e-05 4.05749e-05 8.8968e-05 5.61729e-05 0
internal_weight=8990 8809 346 266 145 97 8463 128 99 70 8335 1486 1297 158 1139 6849 1465 5384 1312 4072 995 470 189 157 121 74 181 71 47 80
internal_count=8990 8809 346 266 145 97 8463 128 99 70 8335 1486 1297 158 1139 6849 1465 5384 1312 4072 995 470 189 157 121 74 181 71 47 80
is_linear=0
shrinkage=0.05


Tree=169
num_leaves=31
num_cat=0
split_feature=71 249 227 214 91 43 9 218 349 61 53 370 4 267 338 91 55 255 70 39 356 295 260 239 27 303 25 249 3 223
split_gain=0.000123828 0.000266574 0.00036492 0.000358352 0.00036308 0.000626616 0.000353094 0.000509242 0.000255642 0.000208397 0.000206986 0.000344653 0.000448977 0.000591495 0.000267062 0.000378864 0.000279671 0.000223608 0.000547645 0.000453282 0.000152228 0.000131995 9.28481e-05 7.59e-05 0.000155546 0.000230779 0.000207177 9.1784e-05 5.47616e-05 0.000105471
threshold=-3.9281693299611402 -1.760154678722557 -1.7236787286053834 -1.4060883761972505 -4.6794355710347482 -0.94100821018218983 1.0448074340820315 0.37526870672411217 -8.3205444018046055 -0.86361332734425844 -6.2718078295389796 0.49749824953199956 -1.8941284815470378 -1.1176721235548863 -2.6010337161653849 -1.1160395542780555 1.1473227540651958 -1.5534714822481004 0.038107965141534805 -1.5436592102050779 -2.6214274195453728 -1.8313487370808914 -1.1143322887075653 -0.90933472618655409 -3.2845486005147291 -0.9478011901571457 0.34201665719350177 -2.435577863750265 -1.0451518297195432 -1.9009840748060154
decision_type=2 8 8 10 2 2 2 10 8 2 2 2 2 10 10 2 2 10 2 2 10 10 8 10 2 10 2 10 2 10
left_child=8 3 6 4 5 -2 -3 9 -1 20 11 21 13 -13 15 22 -17 18 -16 -19 -8 -4 -12 24 -5 26 -26 -25 -6 -30
right_child=1 2 10 23 28 -7 7 -9 -10 -11 14 12 -14 -15 17 16 -18 19 -20 -21 -22 -23 -24 27 25 -27 -28 -29 29 -31
leaf_value=0.00015358503384195138 -0.00026120566589148738 0 8.9603970046989311e-05 0 0 0 0 0 0 0 4.2421022941102102e-05 0 0 -0.00024174757769520068 0 0.00016565514112107474 0 -3.3664632924974138e-05 0.0001085788837313829 8.8697548082023116e-07 0.00024903803584242152 0 -1.0080949037086717e-05 0 0.00019982743230192545 0 0 -5.9897857184541798e-05 0 -0.00010253762086276503
leaf_weight=40 59 141 41 39 71 37 24 24 68 22 119 87 42 68 225 84 20 1080 156 6008 64 31 175 26 40 23 32 84 22 38
leaf_count=40 59 141 41 39 71 37 24 24 68 22 119 87 42 68 225 84 20 1080 156 6008 64 31 175 26 40 23 32 84 22 38
internal_value=0 -5.59503e-07 9.1458e-07 -3.74914e-05 -8.28292e-05 -0.000160182 5.77689e-05 0.000115883 5.32729e-05 0.000167091 -3.9326e-07 -4.3835e-05 -8.3636e-05 -0.000126988 4.57145e-07 4.07633e-05 0.00012431 -1.02174e-06 3.51631e-05 -3.67265e-06 0.000202002 0 0 0 2.95983e-05 7.2968e-05 0.000122576 -2.56204e-05 0 -4.77277e-05
internal_weight=8990 8882 8411 471 227 96 275 134 108 110 8136 269 197 155 7867 398 104 7469 381 7088 88 72 294 244 134 95 72 110 131 60
internal_count=8990 8882 8411 471 227 96 275 134 108 110 8136 269 197 155 7867 398 104 7469 381 7088 88 72 294 244 134 95 72 110 131 60
is_linear=0
shrinkage=0.05


Tree=170
num_leaves=31
num_cat=0
split_feature=375 350 254 370 47 363 375 338 371 50 278 371 308 78 219 80 88 252 277 17 50 357 42 212 326 215 210 285 298 275
split_gain=0.000124311 0.000323615 0.000931451 0.000884056 0.00051519 0.000532268 0.000277731 0.00036327 0.000301815 0.000385966 0.000275787 0.000267743 0.000259735 0.000257421 0.000337193 0.00046966 0.000368077 0.000770279 0.000385274 0.000342841 0.000529497 0.00030309 0.000459305 0.000301661 0.000248322 0.000394044 0.000435342 0.000432941 0.000586885 0.000318287
threshold=-0.037395754794959095 -10.111135323842365 -1.0109592310748021 0.9674489299306045 0.3711952567100526 -1.0947040132049373 0.19572436317901368 -1.8011670178489798 0.80161733377558619 -6.2785193125406904 -1.5508337373557537 -1.0082362013428539 -0.9931238011593263 2.1184468840559325 -0.19237966554858807 0.24033025900522861 0.788187583287557 -0.16583601208591622 1.1132225383925252 0.31877512733141583 7.967361132303874 0.10475741816703872 0.014566278085112502 0.99692813373541622 0.88749078909556067 -0.075463007045791244 -0.36205120038158561 -0.092270076274871729 -0.0048160130778948486 0.14314635864315692
decision_type=2 8 10 2 2 10 2 10 2 2 10 2 10 2 8 2 2 10 10 2 2 10 2 10 10 10 10 10 10 8
left_child=24 2 6 4 -4 11 8 10 9 -2 -8 -6 -12 14 15 -3 17 -16 -19 23 -21 22 -17 -18 25 -1 27 -27 -29 -28
right_child=1 13 3 -5 5 -7 7 -9 -10 -11 12 -13 -14 -15 16 21 19 18 -20 20 -22 -23 -24 -25 -26 26 29 28 -30 -31
leaf_value=0 -0.00015849874008112445 0 0 0 0 0 0 0 0 0 0.00016277668058811679 -0.00024721889820705306 0 5.2437235254019234e-05 0 6.3114087878565477e-06 8.1517997337365226e-05 -0.00011065100793562909 0 0 -8.5246763892611713e-05 0 0.00020195314177197667 0 -1.4456671534032775e-05 0 -4.7402510488981561e-06 0.00029012002651237047 0 4.4493159074321846e-05
leaf_weight=1650 78 1063 54 234 27 20 58 257 89 44 102 143 24 232 372 144 214 348 57 1265 208 181 85 126 782 46 394 58 44 591
leaf_count=1650 78 1063 54 234 27 20 58 257 89 44 102 143 24 232 372 144 214 348 57 1265 208 181 85 126 782 46 394 58 44 591
internal_value=0 -4.65577e-06 -2.86192e-05 -8.24196e-05 -0.00014953 -0.000188377 3.16238e-06 3.22329e-05 -3.38975e-05 -9.03674e-05 8.61533e-05 -0.000217901 0.000127687 4.85343e-07 -1.25177e-06 1.64043e-05 -1.32239e-05 -4.20356e-05 -9.02399e-05 0 -1.13127e-05 6.18846e-05 0.000100811 4.43378e-05 7.36116e-06 1.52887e-05 3.79935e-05 0.000125717 0.000183102 1.97257e-05
internal_weight=8990 5425 1130 478 244 190 652 441 211 122 184 170 126 4295 4063 1473 2590 777 405 1813 1473 410 229 340 3565 2783 1133 148 102 985
internal_count=8990 5425 1130 478 244 190 652 441 211 122 184 170 126 4295 4063 1473 2590 777 405 1813 1473 410 229 340 3565 2783 1133 148 102 985
is_linear=0
shrinkage=0.05


Tree=171
num_leaves=31
num_cat=0
split_feature=279 86 228 273 58 236 33 350 66 67 57 31 299 316 305 364 324 83 206 31 369 290 361 203 333 246 223 224 2 309
split_gain=0.000118757 0.000307496 0.000497511 0.000423567 0.000233248 0.000332418 0.000263109 0.000178619 0.000664852 0.000412429 0.0003319 0.000328733 0.000336298 0.00043433 0.000321149 0.00029927 0.000455297 0.000358068 0.000273591 0.000448933 0.00034588 0.000259918 0.00021849 0.000418747 0.000433459 0.000328189 0.000631815 0.000197478 0.000170945 0.000169746
threshold=2.2538544218884833 1.3257009585698449 0.59701074101723084 2.5897034080781691 3.6881326039632163 1.2836940056777977 -0.76487143834431948 0.94343010584513387 -2.6955753962198883 2.1503570079803471 1.8583971659342449 0.98334693908691417 7.9472859848550596e-08 -1.8475563763596463 0.31551770786124 1.9614847745190309 0.23477166891098039 0.00066149223130190012 -0.16700939027463801 0.96081320444742846 6.2086722579944329 0.59741787115732847 0.22052348318257622 0.25016576331903723 -0.52191133841504844 -1.0917120044586262 -0.68935817770359542 0.600789610300277 -0.93646876017252589 0.59593872409917703
decision_type=10 2 10 10 2 10 2 8 2 2 2 2 10 10 10 10 8 2 10 2 2 10 10 10 8 10 10 10 2 10
left_child=4 2 -2 -4 7 6 -6 9 14 22 15 12 13 -11 -9 16 -10 -17 20 -20 -12 -13 23 28 -25 26 -24 -27 -1 -8
right_child=1 -3 3 -5 5 -7 29 8 10 11 18 21 -14 -15 -16 17 -18 -19 19 -21 -22 -23 25 24 -26 27 -28 -29 -30 -31
leaf_value=8.885873221474286e-06 0 0 0.0002404840001226291 0 0 0 0 0.00018103709368789064 -2.8700403931122426e-05 0 -8.2071342888389524e-05 9.7949768338256036e-05 0 -0.00014614800543380379 0 -0.00016470412451340233 3.3645826178098015e-05 0 6.075638914544113e-05 0 1.6798585652309601e-05 -3.6508017874661756e-05 0 0 9.8711874919500805e-05 3.1033358409778411e-06 -0.00022191508801297266 -3.3870390555156188e-05 -1.5191710366671252e-05 -0.00015978324252845786
leaf_weight=1928 45 213 58 25 37 126 24 84 770 24 134 54 109 183 76 69 448 47 638 667 111 98 28 170 231 769 56 478 1192 98
leaf_count=1928 45 213 58 25 37 126 24 84 770 24 134 54 109 183 76 69 448 47 638 667 111 98 28 170 231 769 56 478 1192 98
internal_value=0 2.90893e-05 9.08532e-05 0.000166407 -9.77133e-07 -4.55443e-05 -9.45539e-05 0 1.01748e-05 -4.9698e-06 2.87385e-06 -4.98336e-05 -7.92304e-05 -0.000116795 0.00011046 -1.32588e-05 -1.66282e-06 -9.18438e-05 1.99839e-05 3.07382e-05 -1.68888e-05 0 0 5.87009e-06 5.39675e-05 -1.78663e-05 -0.000118612 -7.06171e-06 0 -0.000130525
internal_weight=8990 341 128 83 8649 285 159 8364 3044 5320 2884 468 316 207 160 1334 1218 116 1550 1305 245 152 4852 3521 401 1331 84 1247 3120 122
internal_count=8990 341 128 83 8649 285 159 8364 3044 5320 2884 468 316 207 160 1334 1218 116 1550 1305 245 152 4852 3521 401 1331 84 1247 3120 122
is_linear=0
shrinkage=0.05


Tree=172
num_leaves=31
num_cat=0
split_feature=228 243 307 279 376 217 360 72 370 311 227 215 334 213 61 251 33 246 376 376 375 280 14 27 66 370 66 330 53 376
split_gain=0.000120513 0.000356214 0.000315899 0.000383314 0.000357448 0.000291965 0.00036971 0.00033177 0.00032524 0.000274755 0.000240113 0.000289057 0.000316363 0.000390251 0.000262942 0.000220547 0.000239543 0.00029578 0.000214389 0.000351161 0.000353089 0.000507098 0.000352478 0.000348169 0.00044793 0.00040444 0.000396391 0.000333518 0.000312544 0.000295856
threshold=-1.050339851357202 -1.4440761563904265 -2.5503998733022351 -0.96383879711508225 -0.0014997529898410499 -1.9830267890584981 -2.647800010982301 -10.065005938212076 0.12564907091140134 -0.47860372180562621 -0.69641279212224649 -0.024014152828377197 -2.1957035743870592 -2.0155669488304722 -0.75085651874542225 -1.9070693302485966 -0.34312504529952997 -2.1664137070710292 -0.0011017591777782497 -0.0061744794883454492 0.2674734862365627 1.4150428751807527 -0.008063573079804499 2.6313153902689623 -4.577076117197671 0.59640391014904603 10.964619954427084 1.6483514507611596 3.5508245726426448 0.0024549231629381004
decision_type=10 10 10 10 2 10 10 2 2 10 10 10 10 10 2 10 2 10 2 2 2 10 2 2 2 2 2 10 2 2
left_child=1 5 3 -2 -5 15 -7 -8 -9 -6 -3 12 -12 -14 -15 -1 17 -17 19 20 -4 22 -22 24 25 -21 -25 28 -20 -29
right_child=2 10 18 4 9 6 7 8 -10 -11 11 -13 13 14 -16 16 -18 -19 27 23 21 -23 -24 26 -26 -27 -28 29 -30 -31
leaf_value=0 0 -5.7629435532403636e-06 0 0 0.00017530806962581539 0 0 0 0.00012804512927439029 0 0 0 0 -0.00019553825800491462 0 -0.00019035191382723487 0 0 -6.2795832509401032e-06 0 0 0 -0.00021231565326574974 0.00013442019571373363 0 8.800234609621976e-05 0 -8.1118935050094731e-05 3.5195820313803671e-05 0
leaf_weight=91 112 509 366 83 110 136 35 48 195 49 41 56 25 126 20 56 29 57 3602 90 25 26 72 145 1449 310 71 264 516 276
leaf_count=91 112 509 366 83 110 136 35 48 195 49 41 56 25 126 20 56 29 57 3602 90 25 26 72 145 1449 310 71 264 516 276
internal_value=0 -1.31465e-05 2.69996e-06 4.88473e-05 8.63024e-05 8.34915e-06 3.90658e-05 7.48064e-05 9.90633e-05 0.000130194 -3.74787e-05 -7.90406e-05 -0.00010632 -0.000136511 -0.000168825 -2.47723e-05 -6.99056e-05 -0.000106933 0 1.20613e-05 -2.11341e-05 -9.45801e-05 -0.000156195 2.23439e-05 1.20976e-05 5.89512e-05 8.68707e-05 -5.94113e-06 0 -4.29907e-05
internal_weight=8990 1424 7566 354 242 647 414 278 243 159 777 268 212 171 146 233 142 113 7212 2554 489 123 97 2065 1849 400 216 4658 4118 540
internal_count=8990 1424 7566 354 242 647 414 278 243 159 777 268 212 171 146 233 142 113 7212 2554 489 123 97 2065 1849 400 216 4658 4118 540
is_linear=0
shrinkage=0.05


Tree=173
num_leaves=31
num_cat=0
split_feature=249 44 293 349 248 16 27 71 59 311 213 19 344 203 332 290 357 203 239 290 370 27 273 276 351 192 190 259 71 376
split_gain=0.000118179 0.000499443 0.0005415 0.000663561 0.000513072 0.000442895 0.000380693 0.000421235 0.000370654 0.00034932 0.000335243 0.000302941 0.000335341 0.00028286 0.000275522 0.000530935 0.000446532 0.000272091 0.000267715 0.000262186 0.000557211 0.000524903 0.000529357 0.000431064 0.000806894 0.000429616 0.000401319 0.000282275 0.000260236 0.000254882
threshold=-0.037825112294029344 -0.95728635787963856 -3.0629848639170327 -13.081524928410845 -0.36770334758005735 -2.3310551643371578 -0.57029445966084791 0.18158842126528421 4.5984182357788095 -1.3680083947928121 -0.55936321617787932 -1.6678934097290037 0.84530952572822582 -0.13182618643935159 -0.0056017713351626487 -0.76666525006294239 0.46118537733911019 -0.93949025929139052 -0.26738808100886663 -1.3049411376317337 1.1663018531760125 -2.2707138856252032 -0.18800576361226967 -0.27071998132700997 0.5201699733734132 -0.049894449338928441 0.53726673734809138 0.4459564339963849 -3.9281693299611402 -0.0040129993546128987
decision_type=10 2 10 10 10 2 2 2 2 8 10 2 10 10 10 10 10 10 10 8 2 2 10 8 10 10 10 10 2 2
left_child=9 5 3 -3 6 -2 -4 -8 -9 17 -7 12 18 -12 15 -13 -16 28 -6 20 21 -11 25 27 -25 -23 -26 -21 -1 -19
right_child=1 2 4 -5 11 10 7 8 -10 19 13 14 -14 -15 16 -17 -18 29 -20 23 -22 22 -24 24 26 -27 -28 -29 -30 -31
leaf_value=8.9935334866398024e-05 0 0 0 -0.00024343427675970606 -9.4393138291219475e-05 0 0 0.00018608394575865238 0 0 0.00036635146936768377 -1.5380902213432505e-05 -0.0001135918157062185 0 -4.3575492996752243e-05 7.2033190204994041e-05 6.2614606491018049e-06 -2.1136980887822655e-06 4.6467790965427386e-05 2.8314807315090181e-06 6.009437178302126e-06 -0.00014823438172459311 0 0 -0.00015347299742274223 0 0 0.00010811901445606171 -1.979006050783058e-05 4.6331601740167081e-05
leaf_weight=50 46 23 165 49 51 28 80 125 22 210 30 175 120 23 536 389 2555 149 99 884 258 297 95 791 163 36 75 84 682 700
leaf_count=50 46 23 165 49 51 28 80 125 22 210 30 175 120 23 536 389 2555 149 99 884 258 297 95 791 163 36 75 84 682 700
internal_value=0 5.82966e-06 1.83373e-06 -0.000131711 5.2222e-06 0.000104476 5.97626e-05 0.000101771 0.000152148 -5.63304e-06 0.000175383 0 -5.13177e-05 0.000250524 3.54922e-06 3.60484e-05 -7.64182e-07 1.14658e-05 0 -1.67057e-05 -4.00161e-05 -6.6462e-05 -9.8231e-05 -3.7419e-06 -2.82471e-05 -0.000127962 -0.000109183 1.7143e-05 -5.45423e-06 3.19416e-05
internal_weight=8990 4516 4389 72 4317 127 392 227 147 4474 81 3925 270 53 3655 564 3091 1581 150 2893 896 638 428 1997 1029 333 238 968 732 849
internal_count=8990 4516 4389 72 4317 127 392 227 147 4474 81 3925 270 53 3655 564 3091 1581 150 2893 896 638 428 1997 1029 333 238 968 732 849
is_linear=0
shrinkage=0.05


Tree=174
num_leaves=31
num_cat=0
split_feature=251 354 371 240 346 363 6 52 361 371 6 358 321 361 311 238 19 275 36 220 53 252 279 221 279 373 238 42 198 200
split_gain=0.000116038 0.000343984 0.00030705 0.000378355 0.000421185 0.000245738 0.00025134 0.000215369 0.000278628 0.000265586 0.000243032 0.000213657 0.000283953 0.000307344 0.000326499 0.000267222 0.000583862 0.000552755 0.000579236 0.000524181 0.000265372 0.00026301 0.000249022 0.000622282 0.000338297 0.000197156 0.00036542 0.000186515 0.000169313 0.00015873
threshold=1.6742480018749757 2.4640514093616255 0.090463321694262563 1.9683789406467924 1.4201929171880088 0.89121515021413977 2.5728317101796478 1.6607158184051516 0.75391847694876313 1.0910190355593137 0.10009509325027462 1.9853365956031441 1.9102709897685566 0.53487408216319354 2.1680415903365113 -2.3220423156799246 -13.292779286702475 -1.3737414570339861 0.38142621517181402 -1.8757442710743433 -1.8713176250457761 0.057597918053720755 0.16639198213702708 1.9810998865590579 0.50705406682941823 0.92871305957978267 1.1549309545134123 -0.67398945490519191 0.2922768553849191 1.4057801783277235
decision_type=8 8 2 10 10 10 2 2 10 2 2 10 10 10 10 10 2 10 2 10 2 10 10 10 10 2 10 2 10 10
left_child=1 11 3 4 -3 -6 -7 9 -9 10 -4 15 13 -13 21 17 19 -1 -19 -17 -21 -15 23 -18 -24 -2 -27 -10 -29 -28
right_child=25 2 7 -5 5 6 -8 8 27 -11 -12 12 -14 14 -16 16 22 18 -20 20 -22 -23 24 -25 -26 26 29 28 -30 -31
leaf_value=0 0 0 0 0 0 0.00021362269004668506 0 0 0 0 -0.00012691748303066448 0 0 0 0 0 -1.4901374309205622e-06 0.00026992063244742781 0 -0.00027875204803818064 0 -0.00015767574562068528 4.388895465954562e-05 -0.00016164427900544295 0 0 -0.00022729363316696769 0 0.00023925379618518189 0
leaf_weight=110 421 104 22 37 20 107 22 24 33 124 86 91 204 20 85 28 4704 48 37 44 20 140 712 63 1502 57 40 23 35 27
leaf_count=110 421 104 22 37 20 107 22 24 33 124 86 91 204 20 85 28 4704 48 37 44 20 140 712 63 1502 57 40 23 35 27
internal_value=0 1.60295e-06 3.71295e-05 7.53237e-05 0.000101194 0.00015635 0.000181634 0 6.0627e-05 -2.22938e-05 -8.49074e-05 -6.55483e-07 -3.13582e-05 -6.07643e-05 -9.05431e-05 9.38142e-07 0 5.87958e-05 0.000155447 -0.000125595 -0.000207626 -0.000132849 9.90502e-07 -4.65891e-06 1.54123e-05 -2.21896e-05 -7.83228e-05 0.000110861 0.000165216 -0.000157988
internal_weight=8990 8445 637 290 253 149 129 347 115 232 108 7808 540 336 245 7268 7073 195 85 92 64 160 6981 4767 2214 545 124 91 58 67
internal_count=8990 8445 637 290 253 149 129 347 115 232 108 7808 540 336 245 7268 7073 195 85 92 64 160 6981 4767 2214 545 124 91 58 67
is_linear=0
shrinkage=0.05


Tree=175
num_leaves=31
num_cat=0
split_feature=375 306 334 211 200 3 362 47 346 248 76 12 66 86 218 192 327 361 218 200 231 320 243 334 349 237 325 201 353 210
split_gain=0.000120773 0.000273215 0.000592227 0.000509432 0.000514493 0.000442742 0.000303354 0.000221159 0.000196924 0.000213148 0.000461498 0.000531997 0.000460915 0.000451944 0.000419654 0.000435454 0.000396797 0.000293026 0.000272695 0.000401231 0.000249903 0.000442794 0.000368669 0.000354914 0.000344527 0.000356195 0.000225224 0.000198884 0.000236523 0.000193647
threshold=0.55598552999394912 -0.13300499345007924 0.84743841140721043 0.53198828341620452 -0.62455113882576696 1.7417025566101076 -0.28122967201905769 0.27684351801872259 8.2285084724426287 0.35167369536386278 7.5389782587687186 0.10648950142785882 -2.3853864669799791 0.62455721696217859 0.7384350220138719 1.0590603787869213 0.12818595767021188 1.1111055713255462 0.4948114949961484 0.86808639891017381 -0.3909888094428659 -0.10143976145930433 0.12783147765118588 -0.40828083095748097 1.968845089276632 1.1711577373229001 0.6041116466124854 -0.044222943311957495 2.8646492569731392 -1.6003826176462297
decision_type=2 10 10 10 10 2 10 2 8 8 2 2 2 2 10 10 10 10 8 8 10 10 10 10 10 10 10 8 10 8
left_child=8 6 3 4 -3 -6 29 -8 9 10 20 16 17 14 15 -14 -12 -11 26 -20 21 23 -23 -1 25 -22 -15 -10 -29 -2
right_child=1 2 -4 -5 5 -7 7 -9 27 12 11 -13 13 18 -16 -17 -18 -19 19 -21 24 22 -24 -25 -26 -27 -28 28 -30 -31
leaf_value=-5.5798339777482454e-06 2.0983608568260122e-05 0 0 0 -0.00021809339413671978 0 0 0.00010537711128019782 0 7.8034973279780573e-05 0 0 -0.00010374085697652388 3.1213526155697645e-05 0 0 0.00029509703821868741 0 -4.8834985063973134e-05 0 3.5249040368424987e-05 -8.9144130495631796e-05 0 4.4424078158146181e-05 -1.4772713936257523e-05 -8.0167617181436295e-05 -3.3249883412939717e-05 0.00012835785424162704 0 -4.8179246737243918e-05
leaf_weight=1850 71 27 242 75 128 38 35 113 22 216 22 41 377 661 147 30 42 119 643 717 1616 262 119 423 444 45 103 98 44 220
leaf_count=1850 71 27 242 75 128 38 35 113 22 216 22 41 377 661 147 30 42 119 643 717 1616 262 119 423 444 45 103 98 44 220
internal_value=0 -1.67248e-05 -4.30599e-05 -9.51328e-05 -0.000138423 -0.00017326 2.48542e-06 6.88971e-05 2.12909e-06 3.57245e-07 7.42424e-06 0.000113091 -9.39172e-06 -1.76542e-05 -5.88748e-05 -8.54105e-05 0.000204252 4.17238e-05 -4.54654e-06 -1.97519e-05 4.03992e-06 -4.7336e-06 -5.51982e-05 1.52768e-06 1.74765e-05 2.91075e-05 1.59759e-05 5.67103e-05 8.49292e-05 -1.41268e-05
internal_weight=8990 949 510 268 193 166 439 148 8041 7877 4864 105 3013 2678 554 407 64 335 2124 1360 4759 2654 381 2273 2105 1661 764 164 142 291
internal_count=8990 949 510 268 193 166 439 148 8041 7877 4864 105 3013 2678 554 407 64 335 2124 1360 4759 2654 381 2273 2105 1661 764 164 142 291
is_linear=0
shrinkage=0.05


Tree=176
num_leaves=31
num_cat=0
split_feature=191 191 191 327 204 372 24 273 233 54 10 20 210 70 338 255 287 61 248 217 42 284 14 292 231 248 359 273 81 367
split_gain=0.000115455 0.00018263 0.000359828 0.000432138 0.00028486 0.000253183 0.000217232 0.000467789 0.000425499 0.000468678 0.000483976 0.000461476 0.000270848 0.000492276 0.000506271 0.000357185 0.000356648 0.000378292 0.000349489 0.00032215 0.000301559 0.000286984 0.000238312 0.000368391 0.000266326 0.000232669 0.000343066 0.000213443 0.000193739 0.000181315
threshold=2.2583293612168927 1.3250855979904064 1.6669922433764661 0.44226789474487305 0.017973423325288101 -0.33031317876305127 1.0055485566457116 0.09404660038473496 0.83342630898528791 0.16344761848449707 1.015480160713196 0.15962797403335574 -0.087564681116574339 0.89994510014851903 -1.0741845091680562 -0.33899711960953965 0.017722794863705704 -0.64218195279439283 0.42879479949248916 1.0066165058841083 -1.0508618354797361 0.093511201441287953 0.014891180520256352 2.6309134562810268 0.50509336787476011 0.41716376062460098 -0.87537448725159694 0.82214919586629487 0.78048046429951989 -0.2807156084025999
decision_type=10 8 8 10 10 2 2 10 10 2 2 2 10 2 10 10 10 2 10 10 2 10 2 10 10 10 10 10 2 2
left_child=1 6 3 4 -3 -6 12 25 9 -9 -11 -10 13 22 -15 18 17 -17 20 -18 -14 -16 23 -1 -24 -8 -27 -13 -28 -4
right_child=-2 2 29 -5 5 -7 7 8 11 10 -12 27 15 14 21 16 19 -19 -20 -21 -22 -23 24 -25 -26 26 28 -29 -30 -31
leaf_value=2.6423848523592305e-06 4.0949049735990558e-05 0 -6.2316244461118738e-05 0 0 -0.00020038186649566243 0 0 -0.00016613474457626823 0.00016871132796258753 0 0 0 0 0.0001400942186617367 -1.2722634487448913e-05 -5.0016300943894184e-05 2.8450969259527189e-05 0 0 -0.00013487208464571616 0 9.4359748540064184e-05 -5.3032433077369705e-05 0 0 -0.0001842039947099189 6.0600692405729705e-05 0 2.6064857717575326e-05
leaf_weight=2957 170 75 65 139 32 94 95 52 30 174 50 214 60 70 173 1137 704 983 58 305 161 47 141 322 37 23 62 236 29 295
leaf_count=2957 170 75 65 139 32 94 95 52 30 174 50 214 60 70 173 1137 704 983 58 305 161 47 141 322 37 23 62 236 29 295
internal_value=0 -6.21823e-07 -2.54474e-05 -6.30718e-05 -0.000109999 -0.000157936 9.02848e-07 2.35364e-05 4.48463e-05 9.65516e-05 0.000129282 4.68738e-06 -1.45124e-06 7.00329e-06 6.982e-05 -1.22138e-05 -5.6108e-06 4.01077e-06 -6.83235e-05 -3.07799e-05 -9.92188e-05 0.000110343 2.85573e-07 -1.30156e-06 5.75812e-05 -2.96188e-05 -8.18878e-05 2.72185e-05 -0.000133466 0
internal_weight=8990 8820 700 340 201 126 8120 965 756 276 224 480 7155 3747 290 3408 3129 2120 279 1009 221 220 3457 3279 178 209 114 450 91 360
internal_count=8990 8820 700 340 201 126 8120 965 756 276 224 480 7155 3747 290 3408 3129 2120 279 1009 221 220 3457 3279 178 209 114 450 91 360
is_linear=0
shrinkage=0.05


Tree=177
num_leaves=31
num_cat=0
split_feature=207 218 219 191 204 47 303 80 345 308 363 312 39 18 28 249 73 39 298 67 39 255 190 228 356 260 14 6 308 39
split_gain=0.000111845 0.000466087 0.000378535 0.000344426 0.000460697 0.000455749 0.000299719 0.000450693 0.000302101 0.000316255 0.000392262 0.000279813 0.000388762 0.000445443 0.000440315 0.000334384 0.000633723 0.000385308 0.000729625 0.000334986 0.000388101 0.000337855 0.000303504 0.000397295 0.000303228 0.000272578 0.000369587 0.000271369 0.000264504 0.000300713
threshold=0.39829221968875606 1.839191369393133 -0.005352020037773849 -0.48031791137811664 0.016883673866035957 0.49570112427075713 -0.49683921353117383 1.0835421880086262 2.9136075079441075 2.6359524475965572 -0.97468100006616176 0.28142488994569276 -1.4724889596303301 -2.2268070379892984 0.43818257252375287 0.072082082345378662 2.3297744592030845 -0.40899457534154243 -0.12112099863588803 2.0704410076141362 0.83571366469065356 0.48274014003198384 -0.070166122959416141 0.2714917042616517 -1.016751823551225 0.56865795761649363 0.0099944099783897018 -0.076301137606302832 0.077191153537086624 0.5467201272646588
decision_type=10 10 10 10 10 2 10 2 10 10 10 10 2 2 2 10 2 2 10 2 2 10 10 10 10 10 2 2 8 2
left_child=1 11 6 4 -4 -6 -2 8 9 10 -8 15 13 -13 24 19 17 18 -17 28 21 -21 -14 -24 -15 26 -18 -19 -1 -30
right_child=2 -3 3 -5 5 -7 7 -9 -10 -11 -12 12 22 14 -16 16 25 27 -20 20 -22 -23 23 -25 -26 -27 -28 -29 29 -31
leaf_value=-3.1290024670961583e-06 0 -0.00012600160754909121 0 5.645119582432177e-06 0 -0.00019489400208719265 0 0 0 0 0.00020182018298725275 0 3.0108913720106105e-05 0 0 0 0 -3.0677104904312475e-05 0.00016436990072474418 -6.8978498666294248e-06 0 -0.00021781934199537444 -6.1843682319109955e-05 0 -0.00021898341972119558 1.8263282916076318e-06 -0.00014181429539448151 4.8149330359122893e-05 6.7671461608717135e-05 0
leaf_weight=3111 119 78 88 2250 31 81 49 149 23 21 136 32 290 22 32 78 62 112 188 123 69 56 400 371 95 138 85 271 302 128
leaf_count=3111 119 78 88 2250 31 81 49 149 23 21 136 32 290 22 32 78 62 112 188 123 69 56 400 371 95 138 85 271 302 128
internal_value=0 -3.75011e-06 8.1265e-06 0 -6.28079e-05 -0.00013159 4.79087e-05 7.07062e-05 0.000114756 0.000135289 0.000157006 -1.31122e-06 -2.30033e-05 -9.36391e-05 -0.000134607 3.33487e-06 3.05613e-05 6.01727e-05 0.000110649 -2.0576e-06 -5.86234e-05 -0.000100887 -6.23354e-06 -2.63896e-05 -0.000180197 -1.93292e-05 -7.31678e-05 1.20448e-05 4.93637e-07 3.83228e-05
internal_weight=8990 6043 2947 2450 200 112 497 378 229 206 185 5965 1242 181 149 4723 934 649 266 3789 248 179 1061 771 117 285 147 383 3541 430
internal_count=8990 6043 2947 2450 200 112 497 378 229 206 185 5965 1242 181 149 4723 934 649 266 3789 248 179 1061 771 117 285 147 383 3541 430
is_linear=0
shrinkage=0.05


Tree=178
num_leaves=31
num_cat=0
split_feature=375 350 254 370 47 363 69 337 335 253 338 306 28 198 365 370 208 320 64 41 0 375 375 285 230 371 50 85 289 41
split_gain=0.000112866 0.000315291 0.000830883 0.000770864 0.000461249 0.000480501 0.000275765 0.000263761 0.00060226 0.00049555 0.000552824 0.000510571 0.000394881 0.000388204 0.000344598 0.000460007 0.000450426 0.000342892 0.0002512 0.000234177 0.000266848 0.000226031 0.000321144 0.000342544 0.000281974 0.000272761 0.000347463 0.000225656 0.000491425 0.000393582
threshold=-0.037395754794959095 -10.111135323842365 -1.0109592310748021 0.9674489299306045 0.3711952567100526 -1.0947040132049373 2.4430042902628588 -0.23074030839477352 0.53472739433670313 0.9534359859448378 -0.048461919529544546 -0.13300499345007924 0.013145883878072051 -1.7097514806799816 -0.62931669954423264 1.1955026657882282 -0.21404009069983237 -1.4908343948191303 -0.36131280660629267 -1.5946621100107825 0.012244721253712901 0.19572436317901368 0.54723011516621833 -0.18566272904475517 -1.6095262800462506 0.80161733377558619 -6.115428924560546 3.7781617840131125 3.4869579772154493 4.2007799744606027
decision_type=2 8 10 2 2 10 2 10 10 10 10 10 2 10 8 2 10 10 2 2 2 2 2 10 10 2 2 2 8 2
left_child=-1 2 21 4 -4 6 -6 13 9 10 17 -11 -13 19 -15 16 -16 -9 -12 -3 -21 25 23 -23 -25 26 -2 -10 29 -29
right_child=1 7 3 -5 5 -7 -8 8 27 11 18 12 -14 14 15 -17 -18 -19 -20 20 -22 22 -24 24 -26 -27 -28 28 -30 -31
leaf_value=7.0297335177188109e-06 -0.00014914459505179655 0 0 0 -0.00023391451582766888 0 0 0 0 0 5.5410578673327334e-05 0 -0.00020992449472652527 4.5725210113815849e-06 0.00017356133320997198 0 1.6231670382540659e-05 -9.5192706204413977e-05 -8.1862908213348376e-06 -0.00011068076315536558 0 0 0 0 0.0001388820056528366 0 0 0.0001484976802996495 0 0
leaf_weight=3565 79 52 54 234 145 20 25 54 1359 33 197 25 107 759 144 106 192 275 453 121 27 87 178 35 141 89 43 133 222 36
leaf_count=3565 79 52 54 234 145 20 25 54 1359 33 197 25 107 759 144 106 192 275 453 121 27 87 178 35 141 89 43 133 222 36
internal_value=0 -4.42001e-06 -2.81013e-05 -7.87948e-05 -0.000141617 -0.000178376 -0.000206449 6.46832e-07 -6.72947e-06 -3.5946e-05 -1.63301e-05 -0.000121969 -0.000168093 1.94518e-05 3.25134e-05 6.91718e-05 9.85668e-05 -7.04983e-05 3.40289e-06 -3.39725e-05 -7.42454e-05 1.40252e-06 2.84653e-05 6.64078e-05 0.000107012 -3.14612e-05 -8.54171e-05 9.51377e-06 4.29822e-05 0.000107416
internal_weight=8990 5425 1130 478 244 190 170 4295 2894 1144 979 165 132 1401 1201 442 336 329 650 200 148 652 441 263 176 211 122 1750 391 169
internal_count=8990 5425 1130 478 244 190 170 4295 2894 1144 979 165 132 1401 1201 442 336 329 650 200 148 652 441 263 176 211 122 1750 391 169
is_linear=0
shrinkage=0.05


Tree=179
num_leaves=31
num_cat=0
split_feature=367 92 92 60 17 12 3 55 214 33 69 372 215 367 212 53 73 19 208 15 227 293 314 274 50 67 357 258 22 297
split_gain=0.000114232 0.00025916 0.000321594 0.000350265 0.000336283 0.000162477 0.000302026 0.000829171 0.000522632 0.000456163 0.00028862 0.0003509 0.000309205 0.000284686 0.000523335 0.000306807 0.000462637 0.000348105 0.000367286 0.000312533 0.000308453 0.000253768 0.000404223 0.00049428 0.000326181 0.000429711 0.000420431 0.000466473 0.000974595 0.000307168
threshold=1.2360274192398208 0.35767149925231939 0.63514294226964318 -1.5245180924733479 0.12833066781361899 0.054398288329442303 3.7110493641042331e-08 0.049111823240915904 -0.50849968899256059 1.8289831479390466 -0.1988927523295084 -0.15444541610413162 -0.98367005672282903 0.28398589315519995 0.021857994344691354 -1.7442409197489417 -3.1570555369059243 3.9968640009562182 0.90543236280201367 0.54980826377868663 0.4858095842252092 3.1953437328338627 3.0424253340951464 0.16025728394452732 -0.6617485682169596 1.6587178707122805 -1.0732835817011754 -0.80698703276131101 -1.5518167018890379 0.62713266412417112
decision_type=2 2 2 2 2 2 2 2 10 2 2 2 10 2 8 2 2 2 10 2 10 8 10 10 2 2 10 10 2 10
left_child=5 -2 3 -3 -5 21 7 10 -9 -10 11 12 -7 15 -15 16 -8 19 -19 -17 -18 24 23 -23 26 -26 -1 -28 -29 -25
right_child=1 2 -4 4 -6 6 13 8 9 -11 -12 -13 -14 14 -16 17 20 18 -20 -21 -22 22 -24 29 25 -27 27 28 -30 -31
leaf_value=0 7.998232133172855e-08 0 -6.8455944483580386e-06 -0.00025084740684057502 0 0 0 0 -0.00020565632837220638 0 5.8243649824396934e-05 0 -0.0002118666155743269 -0.00016920276728111131 0 -6.3523918417076217e-05 0.00018655089448314078 8.6502196162386091e-05 0 0 0 0 0 0.00015102046384332299 -5.1943687694960643e-05 0 0 0.0001704145695561137 2.1970577670910735e-05 0
leaf_weight=1393 449 20 353 54 21 22 76 21 128 31 142 169 42 66 173 249 81 209 285 841 25 49 81 170 453 2192 360 175 624 36
leaf_count=1393 449 20 353 54 21 22 76 21 128 31 142 169 42 66 173 249 81 209 285 841 25 49 81 170 453 2192 360 175 624 36
internal_value=0 -1.6777e-05 -4.48261e-05 -0.000133222 -0.000184755 2.02159e-06 -7.47252e-06 -4.02213e-05 -0.000128437 -0.000163969 0 -3.20539e-05 -0.000131992 0 -4.94249e-05 8.50119e-06 7.00927e-05 0 3.61697e-05 -1.43302e-05 0.000139044 7.31802e-06 5.07406e-05 8.57526e-05 3.54763e-06 -7.4865e-06 1.69429e-05 3.92283e-05 6.07576e-05 0.000122872
internal_weight=8990 897 448 95 75 8093 2560 555 180 159 375 233 64 2005 239 1766 182 1584 494 1090 106 5533 336 255 5197 2645 2552 1159 799 206
internal_count=8990 897 448 95 75 8093 2560 555 180 159 375 233 64 2005 239 1766 182 1584 494 1090 106 5533 336 255 5197 2645 2552 1159 799 206
is_linear=0
shrinkage=0.05


Tree=180
num_leaves=31
num_cat=0
split_feature=221 344 317 212 276 208 335 261 243 11 339 258 194 31 15 84 255 46 366 3 219 322 201 331 244 275 192 347 329 62
split_gain=0.000107786 0.000193202 0.000226632 0.000351197 0.000173229 0.000233884 0.000247577 0.000210618 0.000216223 0.000304696 0.000203464 0.000380455 0.000352398 0.000290739 0.000270515 0.000292605 0.000219162 0.000183475 0.00024122 0.000392906 0.000177527 0.000158596 0.000145909 0.000278312 0.000143299 0.000151244 0.000143125 0.000132051 0.000199282 3.69524e-05
threshold=2.4680787375009032 1.5497503081957502 -0.63190811552331272 2.5390994556180142 1.4508346334598639 1.5173667789874108 2.8480510069225429 1.9534885229483341 0.22652755345761558 0.054173032442728662 1.5910872525810753 0.91922882054794097 0.14307149402466005 0.59722225864728296 1.256649971008301 0.28886044025421148 0.18394675094232799 0.41031748056411743 0.21199240673489692 2.8157345453898115 1.5737451597895582 0.090308268864949512 1.3709392457288729 2.1582378637226762 2.4807230092047696 0.6242759883430542 1.7328195720003687 7.3454052607218427 1.0752179423968 0.035680363575617456
decision_type=8 8 10 10 10 10 8 10 10 2 10 10 10 2 2 2 10 2 2 2 10 10 10 8 10 10 10 10 10 2
left_child=4 2 -2 29 5 6 10 8 -7 -10 14 12 -12 -13 16 -16 -1 18 19 -8 24 -11 23 -3 25 -6 -24 28 -27 -4
right_child=1 22 3 -5 20 7 17 -9 9 21 11 13 -14 -15 15 -17 -18 -19 -20 -21 -22 -23 26 -25 -26 27 -28 -29 -30 -31
leaf_value=6.1616516279165402e-06 0 0.0001311800637264637 0 0 0 0 0.00017708374090904963 0 0 0 -8.2051644158547714e-05 0 3.8288366326208039e-05 -0.00010231064907197991 0 0.00010990868371992033 -1.3104271258124705e-05 0 0 0 0 -0.00013361309638124552 -0.00011049800143248309 0 0 0.00010583940478759265 0 0 0 -0.00018150307495779845
leaf_weight=4435 46 56 21 65 58 28 85 36 49 24 80 42 233 207 126 118 2210 57 56 25 284 157 37 40 27 219 36 37 27 69
leaf_count=4435 46 56 21 65 58 28 85 36 49 24 80 42 233 207 126 118 2210 57 56 25 284 157 37 40 27 219 36 37 27 69
internal_value=0 -2.63222e-05 -6.06377e-05 -9.1763e-05 1.22992e-06 -1.81851e-07 8.60498e-07 -4.43814e-05 -6.54563e-05 -8.45879e-05 -2.70065e-08 -2.95199e-05 0 -7.60571e-05 1.65362e-06 5.33639e-05 0 5.29125e-05 8.0759e-05 0.00012376 2.61479e-05 -0.000115314 0 5.29661e-05 4.91621e-05 6.04855e-05 -3.60825e-05 7.57867e-05 8.91549e-05 -0.000155691
internal_weight=8990 370 201 155 8620 7968 7674 294 258 230 7451 562 313 249 6889 244 6645 223 166 110 652 181 169 96 368 341 73 283 246 90
internal_count=8990 370 201 155 8620 7968 7674 294 258 230 7451 562 313 249 6889 244 6645 223 166 110 652 181 169 96 368 341 73 283 246 90
is_linear=0
shrinkage=0.05


Tree=181
num_leaves=31
num_cat=0
split_feature=228 243 307 279 376 311 217 48 331 270 333 64 354 255 59 204 280 281 371 302 234 345 83 269 87 5 343 68 70 312
split_gain=0.000109684 0.000315134 0.000279958 0.000371603 0.000347425 0.00025199 0.000239442 0.000326708 0.000271018 0.000268915 0.000409276 0.000259824 0.000226495 0.000342645 0.00153238 0.000769061 0.000494305 0.000740705 0.000333477 0.000366518 0.000244829 0.000565207 0.000440867 0.000212836 0.000354683 0.000315766 0.000205728 0.000201188 0.000267939 0.000266969
threshold=-1.050339851357202 -1.4440761563904265 -2.4904398712828955 -0.87657655519341959 -0.0024228536951901992 -0.47860372180562621 -1.9830267890584981 -11.11676534016927 -0.14983500796037308 -1.850679113493104 -1.6968136540653873 -1.5501469771067298 -2.653400766025618 -1.4542311037893769 -0.50851847728093458 -0.46804285125474282 -0.71372848318575077 -1.3328120884184196 0.90797861362410859 -0.51439033320905825 -1.3401045248588002 -0.71073273817698135 0.099919607241948413 0.12007677415803157 1.2064538796742759 1.7082103093465173 -18.061875025431313 0.65277772148450219 0.51059027512868249 -2.1377108026418372
decision_type=10 10 10 10 2 10 10 2 10 10 10 2 10 10 2 10 10 10 2 10 10 10 2 10 2 2 10 2 2 10
left_child=1 6 3 -2 -5 -6 -1 9 11 10 -8 26 18 14 16 -16 -14 -18 19 -4 21 22 -15 24 -22 -25 -9 28 29 -3
right_child=2 27 12 4 5 -7 7 8 -10 -11 -12 -13 13 20 15 -17 17 -19 -20 -21 23 -23 -24 25 -26 -27 -28 -29 -30 -31
leaf_value=-2.1733445092485807e-05 0 0 -0.00018654137508751357 0 0.00016535134510219793 0 0 0 0 1.0224442405402538e-05 -0.00027083670181218226 0 0 -0.00018105656980392068 -0.00032826751383380291 0 0 0.00025163067125763371 0 0 4.4106592706516163e-06 0 0 -2.048311198077366e-05 7.0462563356392315e-05 6.2907621219169353e-06 0.00015745457858230496 0 0 -9.1909838315958552e-05
leaf_weight=233 143 185 66 63 116 51 33 51 46 48 23 85 41 95 23 62 22 114 45 21 2152 114 48 1898 260 2232 128 155 103 334
leaf_count=233 143 185 66 63 116 51 33 51 46 48 23 85 41 95 23 62 22 114 45 21 2152 114 48 1898 260 2232 128 155 103 334
internal_value=0 -1.26351e-05 2.48857e-06 4.47379e-05 8.5339e-05 0.000123395 7.15711e-06 3.54925e-05 6.55988e-05 -6.19367e-06 -0.000109386 8.72823e-05 0 1.50995e-06 5.77035e-05 -8.15965e-05 0.00015284 0.000198688 -6.45334e-05 -0.000126047 0 -4.84025e-05 -0.000118674 1.22011e-06 1.36062e-05 -4.80312e-06 0.000121904 -3.55489e-05 -4.88579e-05 -6.44294e-05
internal_weight=8990 1424 7566 373 230 167 647 414 310 104 56 264 7193 7061 262 85 177 136 132 87 6799 257 143 6542 2412 4130 179 777 622 519
internal_count=8990 1424 7566 373 230 167 647 414 310 104 56 264 7193 7061 262 85 177 136 132 87 6799 257 143 6542 2412 4130 179 777 622 519
is_linear=0
shrinkage=0.05


Tree=182
num_leaves=31
num_cat=0
split_feature=375 3 305 45 203 358 371 57 54 252 366 288 273 216 275 256 311 241 282 252 337 82 229 356 25 346 212 39 252 264
split_gain=0.000108936 0.00023822 0.00056681 0.000581121 0.000425127 0.000468989 0.000421136 0.000276389 0.000369576 0.000190109 0.00017304 0.000350672 0.000447592 0.000537129 0.00036856 0.000226685 0.000323409 0.000212563 0.000403701 0.000240245 0.000221376 0.000327974 0.000205264 0.000401128 0.000337201 0.000258709 0.000264274 0.000253729 0.000403416 0.000401157
threshold=0.55598552999394912 0.99999993046124791 -1.419062157430421 0.53191399574279796 -0.41694659304388276 1.7619873594010478 -2.0433312529969228 1.4741631348927817 -0.3294622500737508 0.33638774999026111 -0.10670633333576979 -0.049622312188148492 -0.15794605246666951 -0.71435987553051539 0.53503408903794802 0.25719334887840611 2.806049703516786 -0.89007695089085526 -0.17895456155141168 -1.7085828871844624 -0.28533090763045205 -1.5949316024780271 -1.0268637711609372 -1.034290973723901 -0.027993412067492746 2.6638887723286948 0.64175832465980676 -1.1755867799123128 -0.93310820768241221 -0.63048384341115049
decision_type=2 2 10 2 10 10 2 2 2 10 2 10 10 10 10 10 10 10 10 10 10 2 8 10 2 10 10 2 10 10
left_child=10 2 -2 4 -4 6 -6 8 -3 -10 11 17 13 -13 -15 -14 -17 19 -19 -1 21 -21 23 -12 -25 26 -26 28 -24 -30
right_child=1 7 3 -5 5 -7 -8 -9 9 -11 22 12 15 14 -16 16 -18 18 -20 20 -22 -23 27 24 25 -27 -28 -29 29 -31
leaf_value=0 2.2748097229322398e-05 0 0 0 0 0 -0.00024000393075510664 -8.0759858776759405e-06 0.00019220099248010299 0 0 0 -7.1275386351800923e-06 0.00021445363083464925 0 6.9422486049471735e-05 -7.4714643942877868e-06 6.3202074028479035e-05 -2.6272954200123153e-05 0 0 -0.00014961898298796746 7.937523554114642e-06 0 0.00016639869597328855 0 0 0 -9.2275742919374599e-05 -7.6940327265727449e-06
leaf_weight=69 140 26 122 105 21 25 120 309 56 25 693 40 288 100 21 305 65 230 196 52 22 110 365 122 127 21 20 4346 322 527
leaf_count=69 140 26 122 105 21 25 120 309 56 25 693 40 288 100 21 305 65 230 196 52 22 110 365 122 127 21 20 4346 322 527
internal_value=0 -1.58806e-05 -3.9518e-05 -7.44189e-05 -0.000112247 -0.000168084 -0.000203881 2.39079e-06 7.92819e-05 0.000140333 2.02529e-06 1.75561e-05 4.03545e-05 0.000120505 0.000174375 1.31302e-05 4.24059e-05 -2.58223e-06 1.03043e-05 -4.40311e-05 -7.69921e-05 -0.00010073 -7.66482e-07 1.92931e-05 6.86893e-05 0.000114706 0.000139401 -5.21253e-06 -2.54341e-05 -4.5669e-05
internal_weight=8990 949 533 393 288 166 141 416 107 81 8041 1498 819 161 121 658 370 679 426 253 184 162 6543 983 290 168 147 5560 1214 849
internal_count=8990 949 533 393 288 166 141 416 107 81 8041 1498 819 161 121 658 370 679 426 253 184 162 6543 983 290 168 147 5560 1214 849
is_linear=0
shrinkage=0.05


Tree=183
num_leaves=31
num_cat=0
split_feature=251 50 249 346 340 331 293 198 5 85 367 207 225 363 330 371 257 340 346 80 375 237 215 316 340 375 6 254 350 370
split_gain=0.000108498 0.00030967 0.000295253 0.000357129 0.000655513 0.000516891 0.000510031 0.00037078 0.000365279 0.000497257 0.000684008 0.000358625 0.000340635 0.000286427 0.000270072 0.000221038 0.000325916 0.000192318 0.000175355 0.000166118 0.000154271 0.000193638 0.0003208 0.000251241 0.000238163 0.000228105 0.000255848 0.000192402 0.00059914 0.000743443
threshold=1.6742480018749757 11.254313786824545 1.6198330904638378 4.5518021583557138 0.50720050930976879 2.4258992045450074 1.4129259188969936 1.7808050176191277 4.1722742716471366 3.7781617840131125 0.067068571748143804 1.320067650684918 2.0088313601052983 3.0284588147631455 0.60265596707661917 -0.32190368191985674 1.5701149494195563 0.46621922651926678 2.0891709725062055 4.3215508460998544 -0.053733932014777143 0.82296206752929102 0.057139052078828113 -0.9125915493033081 -0.65766719977060928 -0.17409486928578008 1.5121281941731772 -1.1011298364110012 -10.111135323842365 0.9674489299306045
decision_type=8 2 10 10 10 10 10 10 2 2 2 10 10 10 10 2 10 10 10 2 2 10 10 10 10 2 2 10 10 2
left_child=2 -2 12 4 -4 6 -6 -8 9 -5 -11 -12 20 14 -14 -3 -17 -10 -16 -19 21 22 24 -24 -1 -23 -27 -22 29 -29
right_child=1 15 3 8 5 -7 7 -9 17 10 11 -13 13 -15 18 16 -18 19 -20 -21 27 25 23 -25 -26 26 -28 28 -30 -31
leaf_value=2.6864360221950896e-05 0 0 0 0 0 0 0.00030879041613738538 0 0 0 0 -0.00040705814105767847 0 0 0 -0.00024743556117048232 0 0.00012078824405348831 -0.00016968826377069201 0 1.3353927828016734e-05 0 0 5.3677663691429574e-05 -1.0911388428360322e-05 -0.00014951759630618645 0 -0.00012565338076555067 -6.6496208635107662e-07 0
leaf_weight=657 442 31 259 64 24 35 71 34 21 29 20 27 87 36 69 39 33 80 93 26 978 292 88 732 1028 59 28 237 3119 252
leaf_count=657 442 31 259 64 24 35 71 34 21 29 20 27 87 36 69 39 33 80 93 26 978 292 88 732 1028 59 28 237 3119 252
internal_value=0 -2.15145e-05 1.49728e-06 3.30463e-05 6.23811e-05 0.000141491 0.0001883 0.000235978 0 -6.76223e-05 -0.000157334 -0.000276228 -6.65443e-07 -5.46374e-05 -7.93177e-05 -9.97809e-05 -0.000147991 4.63076e-05 -0.000117614 8.42636e-05 7.25097e-07 1.03298e-05 1.64818e-05 4.24998e-05 8.51328e-07 -1.71367e-05 -8.84613e-05 -4.22485e-06 -1.03758e-05 -6.20793e-05
internal_weight=8990 545 8445 690 423 164 129 105 267 140 76 47 7755 285 249 103 72 127 162 106 7470 2884 2505 820 1685 379 87 4586 3608 489
internal_count=8990 545 8445 690 423 164 129 105 267 140 76 47 7755 285 249 103 72 127 162 106 7470 2884 2505 820 1685 379 87 4586 3608 489
is_linear=0
shrinkage=0.05


Tree=184
num_leaves=31
num_cat=0
split_feature=12 228 82 250 216 302 297 278 343 8 281 226 229 210 229 38 265 4 266 71 65 350 47 292 61 359 344 74 210 231
split_gain=0.000100824 0.000322674 0.000462569 0.000477967 0.000479928 0.000454004 0.00032897 0.000385391 0.000437315 0.000426539 0.000522196 0.000320657 0.00029272 0.000267504 0.000314565 0.000256258 0.000284129 0.000255712 0.000397433 0.000435212 0.000308307 0.000244127 0.000239017 0.000204599 0.000201913 0.000371294 0.000328435 0.000342071 0.000210728 0.000460419
threshold=0.018518607442577602 0.71647331315010354 -1.1990793943405149 -0.025610367517570596 1.2855039154496921 -0.40518959190417086 -0.28800696134567255 0.73797719305882736 -9.3267274697621652 2.8598059018452964 0.47228408588019449 1.1981248032792187 1.6048544875255237 0.59669759224516083 1.4866580679281303 1.6396968364715578 0.50283329746710748 1.6014723777770998 1.1456230607607514 0.00066139498570310013 5.6293612668911619 -11.124415556589762 1.1972476243972781 12.016616344451906 0.34192727009455365 1.1748559043149773 -2.0963199933369951 0.34650586048762005 -0.087564681116574339 -0.3909888094428659
decision_type=2 8 2 10 10 10 10 10 10 2 10 8 10 8 10 2 10 2 10 2 2 10 2 10 2 10 10 2 8 10
left_child=17 6 3 -3 5 -5 -2 8 -8 10 -10 15 -7 14 -13 16 -4 20 19 -19 24 -21 -18 -22 28 26 -26 -28 29 -1
right_child=1 2 11 4 -6 12 7 -9 9 -11 -12 13 -14 -15 -16 -17 22 18 -20 21 23 -23 -24 -25 25 -27 27 -29 -30 -31
leaf_value=-4.3111044632176459e-06 3.1347462561533913e-05 0 0 0 0 0.00018448835259336058 9.6113425854027544e-06 0 -4.0574697005348886e-05 1.3088513829009761e-05 -0.00015148207765201057 0.00018229375260280054 0 0 0 0 -0.00011188192057281171 0 -2.2453277174760401e-05 0 -0.0001437177375258509 9.583622830756431e-05 0 0 0 -2.2515521940397156e-05 0.00013195322459543367 0 -1.9112128203050951e-05 4.1315961179551993e-05
leaf_weight=1898 202 154 59 22 117 162 174 738 847 84 194 46 21 784 24 141 215 156 127 27 61 368 24 25 76 90 177 99 1165 713
leaf_count=1898 202 154 59 22 117 162 174 738 847 84 194 46 21 784 24 141 215 156 127 27 61 368 24 25 76 90 177 99 1165 713
internal_value=0 -5.87517e-06 8.18139e-06 5.1356e-05 8.7225e-05 0.00013341 -1.92139e-05 -2.66837e-05 -4.31063e-05 -5.57042e-05 -6.60585e-05 -3.8488e-06 0.000161665 9.48123e-06 0.000103128 -4.11633e-05 -6.8154e-05 4.77743e-06 3.33233e-05 5.52537e-05 0 8.3739e-05 -9.36054e-05 -9.33635e-05 2.19144e-06 3.44531e-05 6.32218e-05 8.98392e-05 -2.61655e-07 6.23473e-06
internal_weight=8990 4008 1769 476 322 205 2239 2037 1299 1125 1041 1293 183 854 70 439 298 4982 678 551 4304 395 239 86 4218 442 352 276 3776 2611
internal_count=8990 4008 1769 476 322 205 2239 2037 1299 1125 1041 1293 183 854 70 439 298 4982 678 551 4304 395 239 86 4218 442 352 276 3776 2611
is_linear=0
shrinkage=0.05


Tree=185
num_leaves=31
num_cat=0
split_feature=360 360 191 217 33 252 62 360 342 347 293 368 40 55 87 327 287 22 200 353 9 307 217 45 82 362 364 265 56 26
split_gain=0.000103201 0.000293244 0.000333159 0.000387528 0.000278971 0.00027881 0.000297323 0.000260231 0.000257108 0.000468157 0.000306373 0.000308152 0.000264734 0.000246511 0.000237694 0.000241167 0.000225785 0.000268074 0.000350778 0.000385473 0.000227442 0.000216748 0.000212167 0.000206684 0.000198281 0.000207875 0.000185717 0.00024037 0.000184734 0.000213467
threshold=-2.4742885996686086 -1.1779034557566852 -0.41281190570398474 -1.9830267890584981 -0.98109241326649987 -0.11740366136030389 -3.5205038388570142 -1.139868526292467 -1.7305082976818082 -3.9212047259012852 -1.1246040662129719 3.2579453365377464 -2.7368316650390621 -0.64044702053070057 1.7115762233734133 -0.58220496277014411 -0.051974773096541443 -0.87063157558441151 -2.2061118452470851 -3.9194920084164546 1.3375605742136638 -1.579455100828836 -1.8647290523811313 0.54842140277226792 -1.1990808248519895 -1.8703009409168165 -0.61733118118472863 -1.8579713804939086 -0.38765321175257361 1.036084612210592
decision_type=8 10 8 10 2 10 2 10 8 10 10 2 2 2 2 10 10 2 10 10 2 10 10 2 2 8 10 10 2 2
left_child=4 2 3 -2 16 6 -5 13 9 -4 11 21 -11 -3 15 -6 17 18 -1 -20 22 -10 -18 -8 25 -12 27 -24 -17 -30
right_child=1 7 8 5 14 -7 23 -9 10 12 24 -13 -14 -15 -16 28 20 -19 19 -21 -22 -23 26 -25 -26 -27 -28 -29 29 -31
leaf_value=0 -8.3323474051206901e-06 0 0 0 0 0 0.00010392558191125398 -2.4098913297208552e-07 0 0 0 0 -0.00018208994136549957 -0.00015762031091801239 0 0 0 0 0 0.00025231321951083642 9.135279143785152e-06 0.00017712634825696669 0 0 1.5527968745465647e-05 -0.00010651484195282708 0 -0.00018222805377217182 -0.00014419307154845093 0
leaf_weight=21 97 20 124 50 175 83 415 6521 23 28 21 45 69 52 38 54 33 25 21 48 201 72 23 40 348 82 24 65 150 22
leaf_count=21 97 20 124 50 175 83 415 6521 23 28 21 45 69 52 38 54 33 25 21 48 201 72 23 40 348 82 24 65 150 22
internal_value=0 1.79529e-06 2.21013e-05 4.77822e-05 -1.60521e-05 6.5541e-05 7.98841e-05 -2.05726e-06 0 -4.55582e-05 1.76368e-05 8.23373e-05 -0.000129536 -9.69796e-05 -4.59761e-05 -6.16083e-05 1.60401e-06 6.92097e-05 0.000116436 0.000174265 -6.43291e-06 0.000134492 -6.24641e-05 9.33588e-05 0 -6.31973e-05 -9.8904e-05 -0.000133105 -9.69532e-05 -0.000122609
internal_weight=8990 8090 1497 685 900 588 505 6593 812 221 591 140 97 72 439 401 461 115 90 69 346 95 145 455 451 103 112 88 226 172
internal_count=8990 8090 1497 685 900 588 505 6593 812 221 591 140 97 72 439 401 461 115 90 69 346 95 145 455 451 103 112 88 226 172
is_linear=0
shrinkage=0.05


Tree=186
num_leaves=31
num_cat=0
split_feature=249 344 363 254 63 356 338 362 214 316 60 35 361 301 321 283 369 7 313 314 6 84 214 249 72 45 247 35 61 258
split_gain=0.000104055 0.000454413 0.000345222 0.000354028 0.000428255 0.000570891 0.000530118 0.00031206 0.000287917 0.000282217 0.000483384 0.000278994 0.00031444 0.000271247 0.000230883 0.000333105 0.000381429 0.000288535 0.000331295 0.000228549 0.000197884 0.000193101 0.00038373 0.00021888 0.000362503 0.000180908 0.00017992 0.000253506 0.000274356 0.00026973
threshold=-0.92410745960253615 -3.1841007073720289 -1.7475732557164747 -1.4328530543582152 1.2521664301554363 -1.3947957236602215 -1.6162436908783564 -0.23032514754396713 -0.47391189463879629 -1.8045011215149613 -0.17028478781382236 0.98061080773671483 0.079386274628271761 -0.65359394003947557 -2.0190979681758923 0.08596531550089502 3.8000810735188701 -2.7769708633422847 -1.0056067683761392 -2.4052078809686992 -1.5301359494527178 0.00066112428127470017 -0.47754259422661566 -1.0035266208828129 -0.39632691939671832 0.00066139646029715019 -1.2268187363273675 0.24920164545377096 -1.5764566262563069 -1.2687998763545261
decision_type=10 10 8 10 2 10 10 10 10 10 2 2 10 10 10 10 2 2 10 10 2 2 10 10 2 2 10 2 2 10
left_child=7 8 3 -3 5 -5 -7 26 13 10 -4 12 -12 -2 15 16 -11 18 -16 -15 -19 -9 23 24 -23 -21 -1 29 -29 -28
right_child=1 2 9 4 -6 6 -8 21 -10 14 11 -13 -14 19 17 -17 -18 20 -20 25 -22 22 -24 -25 -26 -27 27 28 -30 -31
leaf_value=-2.0098695415374201e-05 0 0 0 0 0 0 -0.00020290794381830533 0 0 -0.00013449455258940168 0.00015522026809163751 0 0 0 0.00020350296017616066 0 0 -5.2713795074770468e-05 0 0.00017249601672271464 2.2433466103570524e-06 -0.00028147461638945232 0 0 0 0 1.7849916017365972e-05 6.5814302532975631e-05 0 -7.2790822268808855e-05
leaf_weight=737 37 225 126 112 113 30 134 65 190 129 143 31 20 58 38 37 37 168 78 121 5485 49 46 23 21 38 69 325 170 135
leaf_count=737 37 225 126 112 113 30 134 65 190 129 143 31 20 58 38 37 37 168 78 121 5485 49 46 23 21 38 69 325 170 135
internal_value=0 2.49434e-06 0 -3.63827e-05 -6.6059e-05 -0.000100137 -0.000159902 -1.14337e-05 5.15852e-05 2.82375e-06 4.85887e-05 0.000100595 0.000127747 8.65072e-05 0 -5.1988e-05 -9.12054e-05 2.214e-06 8.03532e-05 0.000109006 0 -6.98061e-05 -0.000103056 -0.000161778 -0.000206314 0.000140732 0 1.47473e-05 3.81952e-05 -1.76414e-05
internal_weight=8990 7350 6906 614 389 276 164 1640 444 6292 320 194 163 254 5972 203 166 5769 116 217 5653 204 139 93 70 159 1436 699 495 204
internal_count=8990 7350 6906 614 389 276 164 1640 444 6292 320 194 163 254 5972 203 166 5769 116 217 5653 204 139 93 70 159 1436 699 495 204
is_linear=0
shrinkage=0.05


Tree=187
num_leaves=31
num_cat=0
split_feature=228 361 233 91 367 370 305 7 229 209 39 14 282 231 215 247 40 69 223 238 314 365 342 303 56 212 339 312 307 307
split_gain=0.000103649 0.000289918 0.000249101 0.000315442 0.000520775 0.000420107 0.000302545 0.000244986 0.000238296 0.000249592 0.000245382 0.000224188 0.000390315 0.000349411 0.000513021 0.000325504 0.000354172 0.000312672 0.000310116 0.000297041 0.000411114 0.000562105 0.000380509 0.000357612 0.000347569 0.000265425 0.000260481 0.000393005 0.000220329 0.000188688
threshold=-1.050339851357202 -0.94233287598303195 -0.78202935758995562 -2.4250204563140865 -0.034452819363867897 0.46195209034009693 -4.3238750541835618 0.89430650075276708 -2.3137234284461115 0.054660142429495205 -5.903382619222004 -0.011323550095160749 -0.34039004643758147 -0.3857841341982578 0.35344313775617703 0.16808702265091258 -0.12109828988711034 0.46771548191706341 -1.0117066526140339 0.28528545321695781 0.32912162934996742 0.58814141315318702 1.6689300537109377e-06 -0.39716323656071545 0.40202331542968756 -0.22888620875707272 -0.89453448119560919 0.34306760381939649 -2.9762424764428346 -1.0502822955730464
decision_type=10 10 10 2 2 2 10 2 10 10 2 2 10 10 10 10 2 2 10 10 10 10 10 8 2 10 10 10 10 10
left_child=1 29 3 -2 -5 -6 -7 8 -3 10 -10 12 -4 14 17 16 -16 18 -13 20 23 -22 24 -15 -21 -24 -14 -28 -12 -1
right_child=2 7 11 4 5 6 -8 -9 9 -11 28 13 26 19 15 -17 -18 -19 -20 22 21 -23 25 -25 -26 -27 27 -29 -30 -31
leaf_value=-6.7649464855030819e-06 0 0 -1.518356593270949e-06 0 0 0 0.00016422364680568357 0 0 0 0 0 0 0 0 0 0.00019982495514433898 0 -6.6183997434277668e-05 0 -5.6818624738064663e-05 2.6680510825951866e-05 -4.273681478671388e-05 6.3787244543624639e-05 -8.4464564262732645e-05 5.4465755782413983e-06 0.00015105078111431647 0 -0.00012917784817791678 5.3352542606497433e-05
leaf_weight=847 329 30 192 102 120 20 169 35 37 53 34 126 79 523 35 110 49 229 798 67 348 419 324 624 273 2414 136 80 236 152
leaf_count=847 329 30 192 102 120 20 169 35 37 53 34 126 79 523 35 110 49 229 798 67 348 419 324 624 273 2414 136 80 236 152
internal_value=0 -1.23873e-05 2.31652e-06 2.99383e-05 5.94297e-05 9.43896e-05 0.000141835 -4.71067e-05 -6.31519e-05 -7.72968e-05 -9.50672e-05 0 3.19182e-05 -3.18306e-06 -2.61018e-05 3.6696e-05 0.000113066 -4.10064e-05 -5.42596e-05 1.99996e-06 1.82053e-05 -4.68878e-06 -6.45293e-06 3.78725e-05 -5.63374e-05 0 7.06169e-05 9.9112e-05 -0.000112014 0
internal_weight=8990 1424 7566 740 411 309 189 425 390 360 307 6826 487 6339 1347 194 84 1153 924 4992 1914 767 3078 1147 340 2738 295 216 270 999
internal_count=8990 1424 7566 740 411 309 189 425 390 360 307 6826 487 6339 1347 194 84 1153 924 4992 1914 767 3078 1147 340 2738 295 216 270 999
is_linear=0
shrinkage=0.05


Tree=188
num_leaves=31
num_cat=0
split_feature=367 92 92 60 332 12 303 55 244 302 351 307 25 338 257 92 228 351 82 217 87 366 252 69 260 73 84 219 42 371
split_gain=0.000100457 0.000232464 0.000268677 0.000308344 0.00029515 0.000139817 0.000267864 0.000580561 0.000467246 0.000347862 0.000546277 0.000569416 0.000467414 0.000300033 0.000299206 0.000380635 0.000368233 0.000295304 0.000297849 0.000266445 0.00032622 0.000384187 0.000264846 0.000261058 0.000238686 0.000368878 0.000427708 0.000360713 0.00036274 0.000230361
threshold=1.2360274192398208 0.35767149925231939 0.63514294226964318 -1.5245180924733479 0.45821190694784025 0.054398288329442303 -0.017444007643466045 -0.21368765830993647 -0.15725825829768642 0.69375008196341892 -0.22543120384216273 0.22937520368745268 -0.0026599286744991494 -0.5407495682065907 -0.39329176357077922 0.00066137123697740006 -0.61798848197972001 -0.9967963695526123 -1.1990805069605506 1.0249608547943088 1.8777194817860927 0.13117118776063008 1.003595813402596 -0.47918454806009919 1.2094577909627111 6.1167319615681972 0.65741058190663659 1.0522564727188475 0.014566382393240903 -0.3372992209408
decision_type=2 2 2 2 10 2 10 2 10 10 10 10 2 10 10 2 10 10 2 10 2 2 10 2 10 2 2 10 2 2
left_child=5 -2 3 -3 -5 24 7 14 -9 10 13 12 -12 -8 17 16 -16 -7 -19 20 21 -11 23 -10 25 -1 -27 28 -26 -21
right_child=1 2 -4 4 -6 6 9 8 22 19 11 -13 -14 -15 15 -17 -18 18 -20 29 -22 -23 -24 -25 27 26 -28 -29 -30 -31
leaf_value=6.1444217447521721e-06 0 0 -6.2243652531026249e-06 -0.00024856454056248133 0 0 0 0 0 -8.6560538972061762e-05 0 1.1341191604748745e-05 0.0001855574082721669 -0.00010908113080274051 0 0 0.00017037857311239335 -0.00016428345255688505 0 5.7737384307922575e-05 0 0 0 -0.00020438631343786323 8.2405673605481399e-07 -0.00013845338937857653 0 0 0.00020389737467806958 -6.0031642782804151e-06
leaf_weight=4921 449 20 353 48 27 103 38 109 47 349 30 408 126 83 35 152 77 69 23 176 202 87 22 113 125 96 78 250 63 311
leaf_count=4921 449 20 353 48 27 103 38 109 47 349 30 408 126 83 35 152 77 69 23 176 202 87 22 113 125 96 78 250 63 311
internal_value=0 -1.57989e-05 -4.23869e-05 -0.000124035 -0.000172471 1.83404e-06 -6.90887e-06 -3.24598e-05 -8.77549e-05 9.17475e-07 3.13944e-05 5.65233e-05 0.000142578 -4.43971e-05 0 3.72245e-05 0.000108412 -4.42525e-05 -0.000110291 -1.31967e-05 -3.62757e-05 -6.16081e-05 -0.00013684 -0.00015948 6.7829e-06 2.67653e-06 -6.6629e-05 4.31254e-05 9.5529e-05 6.77473e-06
internal_weight=8990 897 448 95 75 8093 2560 750 291 1810 685 564 156 121 459 264 112 195 92 1125 638 436 182 160 5533 5095 174 438 188 487
internal_count=8990 897 448 95 75 8093 2560 750 291 1810 685 564 156 121 459 264 112 195 92 1125 638 436 182 160 5533 5095 174 438 188 487
is_linear=0
shrinkage=0.05


Tree=189
num_leaves=31
num_cat=0
split_feature=375 350 254 373 318 351 56 337 335 253 306 291 28 274 208 357 9 56 84 22 273 314 77 326 91 376 358 47 375 9
split_gain=0.000100322 0.000260098 0.000683957 0.000615311 0.000668191 0.000498572 0.000330999 0.000230066 0.000519002 0.000407759 0.000459877 0.000424737 0.000357753 0.00034383 0.000582885 0.000362273 0.000506542 0.000330262 0.000268921 0.000238595 0.000220577 0.000392901 0.000364294 0.000210119 0.000302914 0.000319523 0.000343147 0.000563937 0.000367915 0.000283259
threshold=-0.037395754794959095 -10.111135323842365 -1.0109592310748021 0.18515587719635723 -2.099940986503142 -1.7404821713765457 0.0064527178183197507 -0.23074030839477352 0.53472739433670313 0.9534359859448378 -0.13300499345007924 -3.9736429771619612e-08 0.013145883878072051 0.10724500887154552 0.14858321173250877 -1.198587207091659 1.3723717530568442 0.52623426914215099 0.00066131504718210013 -1.3678662776947019 1.6531186895495462 2.1196582355091036 1.2545779546101892 0.88749078909556067 -1.0233519077301023 0.0016363115942673503 -0.18590952498534205 1.0319301684697468 -0.47056728274005716 2.011725584665935
decision_type=2 8 10 2 10 10 2 10 10 10 10 10 2 10 10 10 2 2 2 2 10 10 2 10 2 2 10 2 2 2
left_child=23 2 -2 -4 -5 -6 -7 13 9 11 -11 18 -12 14 15 -3 -17 -16 -9 -13 -10 22 -22 24 -1 26 28 -28 -26 -30
right_child=1 7 3 4 5 6 -8 8 20 10 12 19 -14 -15 17 16 -18 -19 -20 -21 21 -23 -24 -25 25 -27 27 -29 29 -31
leaf_value=0 3.9863865019684972e-07 0 0 0 -0.00035165219018615251 0 -0.00012458530110973646 0 0 0 0 9.5603048362305615e-05 -0.00019640167475648055 6.7735485848479884e-05 -0.00015976598879300367 0 0.00010013167934683631 0 -7.8323600121743466e-05 0 0 0 0.00015272805125192046 -1.3200829226260567e-05 0 0 0 0.00013083312016020507 0.00018653189588129133 0
leaf_weight=1511 652 574 182 53 45 59 139 99 1417 33 25 67 107 286 77 170 248 46 317 496 56 167 110 782 59 453 500 96 125 39
leaf_count=1511 652 574 182 53 45 59 139 99 1417 33 25 67 107 286 77 170 248 46 317 496 56 167 110 782 59 453 500 96 125 39
internal_value=0 -4.15873e-06 -2.56514e-05 -7.16347e-05 -0.000116107 -0.000152615 -8.19851e-05 3.32263e-07 -6.49101e-06 -3.36527e-05 -0.000112436 -1.52578e-05 -0.000156534 1.79949e-05 7.47555e-07 1.78329e-05 5.40443e-05 -9.63314e-05 -5.53109e-05 5.46263e-06 8.40888e-06 4.50221e-05 9.98929e-05 6.63566e-06 1.40064e-05 3.20079e-05 5.06589e-05 1.98607e-05 0.000110514 0.000149029
internal_weight=8990 5425 1130 478 296 243 198 4295 2894 1144 165 979 132 1401 1115 992 418 123 416 563 1750 333 166 3565 2783 1272 819 596 223 164
internal_count=8990 5425 1130 478 296 243 198 4295 2894 1144 165 979 132 1401 1115 992 418 123 416 563 1750 333 166 3565 2783 1272 819 596 223 164
is_linear=0
shrinkage=0.05


Tree=190
num_leaves=31
num_cat=0
split_feature=229 279 216 220 85 210 261 207 237 72 217 344 50 364 34 0 10 188 22 275 78 237 363 198 74 226 235 321 68 78
split_gain=9.74504e-05 0.000333686 0.000397318 0.000252781 0.000389177 0.000476894 0.000427106 0.000259116 0.000537545 0.000427726 0.000256093 0.000224246 0.00027982 0.000258568 0.000192122 0.00018423 0.000221839 0.000334297 0.000175004 0.000309515 0.000333942 0.000318921 0.000283597 0.000442108 0.000281136 0.000147166 0.000134639 0.000126166 0.000150032 0.000125223
threshold=1.9767923207785922 1.2444743138817145 1.8308595244421246 1.0633911079360767 3.9775182406107583 1.2336333935796688 1.7109772555331191 2.358420496683499 0.13633520536263682 5.4372571309407558 0.32739517047630234 1.1126200358257956e-06 2.2579130331675215 -0.56806322328781966 1.3762283325195315 2.4144930839538579 0.52046344677607237 2.555035372558657 1.7948653697967532 0.39204276581135483 0.84432188669840513 0.77802243372113467 1.7611292404264849 0.46987382639819014 0.34650628765424102 1.2563068796093939 1.0671600406109276 -0.33209157431653358 1.266428202390671 1.5518579483032229
decision_type=10 10 10 10 2 10 10 10 10 2 10 10 2 10 2 2 2 10 2 10 2 10 10 8 2 10 10 10 2 2
left_child=3 2 27 7 11 6 10 15 -9 -10 -6 12 13 -5 -12 18 -17 26 19 20 -1 -21 23 -20 -24 -15 -18 -2 -29 -13
right_child=1 -3 -4 4 5 -7 -8 8 9 -11 14 29 -14 25 -16 16 17 -19 22 21 -22 -23 24 -25 -26 -27 -28 28 -30 -31
leaf_value=0 0 1.7453632330966943e-06 0 0 0 0 0 0 -0.00031993980225534531 0 0.00025076797465230406 0 0 0.00016098129958867397 0 0 0.00017176068444222229 0 -7.345060293029694e-05 4.1303059811352405e-05 -4.2525353036780836e-05 -8.8035596186808024e-06 6.219761871165358e-05 0 -1.8001098605310026e-05 0 0 -0.00020698529645949882 0 -4.0587332731668453e-05
leaf_weight=4088 20 226 124 68 29 122 22 22 30 23 79 552 73 87 21 75 73 49 417 864 505 278 176 480 157 20 21 64 21 204
leaf_count=4088 20 226 124 68 29 122 22 22 30 23 79 552 73 87 21 75 73 49 417 864 505 278 176 480 157 20 21 64 21 204
internal_value=0 -2.24277e-05 -6.80989e-05 1.31285e-06 2.21496e-05 7.63895e-05 0.000135784 -1.66462e-06 -9.43054e-05 -0.000194644 0.000172771 2.41537e-06 4.67962e-05 8.42496e-05 0.000211881 0 4.43836e-05 8.29334e-05 -2.10761e-06 7.40121e-07 -4.13599e-06 2.47279e-05 -1.94491e-05 -3.57255e-05 9.38165e-06 0.000132817 0.000139072 -0.000139856 -0.000166922 -5.5348e-06
internal_weight=8990 455 229 8535 1277 273 151 7258 75 53 129 1004 248 175 100 7183 218 143 6965 5735 4593 1142 1230 897 333 107 94 105 85 756
internal_count=8990 455 229 8535 1277 273 151 7258 75 53 129 1004 248 175 100 7183 218 143 6965 5735 4593 1142 1230 897 333 107 94 105 85 756
is_linear=0
shrinkage=0.05


Tree=191
num_leaves=31
num_cat=0
split_feature=375 50 212 360 217 371 212 41 364 357 207 246 284 227 33 71 342 255 370 340 371 376 333 274 9 196 72 33 371 265
split_gain=9.98483e-05 0.000149569 0.000450048 0.000367332 0.000613538 0.000341403 0.000702966 0.000370851 0.000329131 0.000402366 0.000516835 0.000409771 0.000769864 0.000338299 0.000478128 0.000695537 0.000401227 0.000386008 0.00032443 0.000262452 0.00024898 0.000243169 0.000416536 0.000383305 0.000241122 0.00027835 0.000265891 0.000302406 0.000245062 0.000238555
threshold=-0.46366599580580997 4.4978480339050302 0.042642194369240959 -0.58602304722706167 0.48210859984497373 -0.52814412871586891 1.410424272126092 0.48940195639928186 -0.18773649478326232 0.13355520178732413 -0.59530029833389464 -0.20250427278581271 -3.9736429899989156e-08 -0.72235432580086323 -0.91264891624450672 0.69913891951243101 -1.8278757732970161e-06 -1.276675899146148 0.53167845683827608 -0.26196153958638507 -2.7573258004750332 0.0028883553351665508 0.55471942127843388 -0.12386541693095789 2.1287300984064745 0.75213370265038881 2.1122820377349858 1.9140464464823406 0.83354412185422777 -0.25731110505497673
decision_type=2 2 10 10 10 2 10 2 8 10 10 10 10 8 2 2 10 10 2 8 2 2 10 10 2 10 2 2 2 10
left_child=-1 8 3 -3 18 6 7 -4 13 10 19 12 -12 -2 15 16 -15 -17 -5 -10 -9 22 23 -11 26 -26 27 -7 -27 -13
right_child=1 2 5 4 -6 24 -8 20 9 21 11 29 -14 14 -16 17 -18 -19 -20 -21 -22 -23 -24 -25 25 28 -28 -29 -30 -31
leaf_value=1.4304570449892224e-05 5.816815639918185e-06 0 0 0 0 -0.00010879496066050883 -2.6672581358651684e-05 0 -9.1320532006198508e-05 0 0.00021849379302292765 -5.5726213681149308e-06 0 -9.7877250905723496e-05 0 0.00018596153364937711 0 0 -0.00023854556527721292 3.8807753949176387e-06 0.00013370422510060209 3.7675813995166655e-05 7.1759831376951063e-06 -7.1381465412867709e-05 9.0761026798445564e-05 -6.9509506589965467e-05 0 0 5.2000152912746105e-06 4.9454901232364057e-05
leaf_weight=1085 1558 66 41 23 113 204 168 21 80 157 114 126 89 521 966 28 129 206 84 142 204 369 1071 398 79 135 236 39 155 383
leaf_count=1085 1558 66 41 23 113 204 168 21 80 157 114 126 89 521 966 28 129 206 84 142 204 369 1071 398 79 135 236 39 155 383
internal_value=0 -1.86808e-06 -1.59165e-05 -7.29461e-05 -0.000105305 0 3.25969e-05 8.88162e-05 8.192e-07 1.38084e-05 4.09241e-05 6.318e-05 0.000131694 -8.87734e-06 -2.39544e-05 -5.05252e-05 -7.8333e-05 5.36047e-06 -0.000192641 -7.93929e-06 0.000115948 0 -7.18721e-06 -4.3908e-05 -2.15059e-05 0 -4.55733e-05 -8.26291e-05 -1.23551e-05 2.60135e-05
internal_weight=8990 7905 1568 286 220 1282 434 266 6337 2929 934 712 203 3408 1850 884 650 234 107 222 225 1995 1626 555 848 369 479 243 290 509
internal_count=8990 7905 1568 286 220 1282 434 266 6337 2929 934 712 203 3408 1850 884 650 234 107 222 225 1995 1626 555 848 369 479 243 290 509
is_linear=0
shrinkage=0.05


Tree=192
num_leaves=31
num_cat=0
split_feature=251 50 249 221 363 346 340 331 293 335 266 75 54 278 325 14 39 362 239 221 60 12 366 36 188 65 209 47 3 3
split_gain=9.87602e-05 0.00027282 0.000263661 0.000469299 0.000338095 0.000323889 0.000555879 0.000472881 0.00045029 0.000338075 0.000321766 0.000355536 0.000339055 0.000286694 0.000236126 0.000216534 0.000206399 0.000200884 0.000215899 0.000192338 0.00040754 0.000284765 0.000367079 0.000341449 0.000298404 0.000288733 0.000282186 0.000246695 0.000208012 0.000206233
threshold=1.6742480018749757 11.254313786824545 1.6198330904638378 1.9810998865590579 3.0284588147631455 4.5518021583557138 0.50720050930976879 2.4258992045450074 1.4129259188969936 0.53472739433670313 1.3110921375598716 0.64034036795298266 3.1727603276570644 1.5885318803855735 0.75353722771008813 0.037641075750191953 4.0346508026123056 3.4638131186844667 -0.045013605111478248 1.2098484446102262 1.7193605105082195 0.018518607442577602 -0.28482418495553397 0.33349885543187457 0.41896965015337978 6.385782877604167 0.50764304094563706 0.55476023753484094 2.0473728974660239 2.8986829121907562
decision_type=8 2 10 10 10 10 10 10 10 10 10 2 2 10 10 2 2 10 10 10 2 2 2 2 10 2 10 2 2 2
left_child=2 -2 3 19 13 6 -4 8 -8 -10 11 -7 14 17 -13 16 -3 18 -5 21 27 24 26 -24 25 -1 -23 -21 -26 -29
right_child=1 15 5 4 -6 10 7 -9 9 -11 -12 12 -14 -15 -16 -17 -18 -19 -20 20 -22 22 23 -25 28 -27 -28 29 -30 -31
leaf_value=2.8324094808928522e-06 0 0 0 0 0 0 0 0 0 0.0002677285045477552 3.7004517935489893e-05 -0.00024969740171378946 0 0 0 0 -0.00026003452741198526 0 -0.00016166361811072025 5.2028169936717434e-06 -6.9812848507460779e-06 7.6869970374741402e-05 2.7168348454240133e-06 -3.7781523418679923e-05 5.9181520844235825e-05 -0.00010805647862609672 0 0.00013265592393200344 0 0
leaf_weight=3960 442 35 259 44 40 32 24 35 21 84 142 47 20 54 26 39 29 28 144 255 262 162 477 1452 406 59 121 149 122 20
leaf_count=3960 442 35 259 44 40 32 24 35 21 84 142 47 20 54 26 39 29 28 144 255 262 162 477 1452 406 59 121 149 122 20
internal_value=0 -2.04651e-05 1.48417e-06 -5.23392e-07 -6.12179e-05 3.12895e-05 5.92507e-05 0.000132364 0.000177277 0.000222069 0 -6.98195e-05 -0.000126876 -8.62089e-05 -0.000179157 -9.39668e-05 -0.00015049 -0.000112276 -0.000130966 1.33305e-06 2.67871e-05 -5.11003e-07 -1.58734e-05 -2.51757e-05 5.863e-06 0 2.98579e-05 5.94398e-05 4.13353e-05 0.000111657
internal_weight=8990 545 8445 7755 310 690 423 164 129 105 267 125 93 270 73 103 64 216 188 7445 686 6759 2212 1929 4547 4019 283 424 528 169
internal_count=8990 545 8445 7755 310 690 423 164 129 105 267 125 93 270 73 103 64 216 188 7445 686 6759 2212 1929 4547 4019 283 424 528 169
is_linear=0
shrinkage=0.05


Tree=193
num_leaves=31
num_cat=0
split_feature=375 306 257 369 307 15 236 37 13 322 346 248 79 273 24 351 214 202 333 70 21 296 20 226 243 320 362 203 273 317
split_gain=9.95095e-05 0.000230462 0.000514632 0.000378833 0.000345584 0.000469346 0.000250825 0.000180757 0.000431333 0.000376358 0.000161122 0.000173101 0.00039685 0.000472781 0.00033528 0.000326558 0.000316023 0.000386449 0.000378556 0.000375801 0.000513494 0.000438969 0.000300994 0.000230948 0.000220096 0.000194025 0.00018705 0.000433296 0.000257172 0.000184069
threshold=0.55598552999394912 -0.13300499345007924 0.48569701401221571 0.6995267086953848 -0.27978391248317186 1.0120736757914228 1.0000000180025095e-35 -1.0261568228403724 -0.038235956182082441 -0.080317755540212046 8.2285084724426287 0.35167369536386278 -1.3662202358245847 0.046280197226826601 0.35436463356018072 -0.5311671892801918 -0.45580724362843067 0.57496937499517553 -0.26437583422314587 -1.0821761687596638 1.4144589106241867 0.093279220784703812 2.0216936270395922 -0.89069420502004915 -0.35505591115801816 -0.69045227313510582 4.622981480230318 0.56169775035275249 1.7117754872795776 -1.5366661859853059
decision_type=2 10 10 2 10 2 10 2 2 10 8 8 2 8 2 10 10 10 10 2 2 10 2 10 10 8 10 10 10 10
left_child=10 6 3 -3 -5 -6 7 8 -2 -10 11 16 23 14 -14 -16 17 18 24 -18 21 -21 -20 -13 -1 -22 28 -28 -15 -19
right_child=1 2 -4 4 5 -7 -8 -9 9 -11 -12 12 13 26 15 -17 19 29 22 20 25 -23 -24 -25 -26 -27 27 -29 -30 -31
leaf_value=1.363510342465537e-05 0 0 0 0 -0.00020279051593711153 0 6.4678908113836902e-05 0 -0.00022379474001412629 0 5.1435974025143972e-05 0 0 -6.1415140940170475e-06 0 -9.9523342235364548e-05 -2.9445694782011387e-05 0 -5.256692106447046e-05 8.7339948665539474e-05 -3.5060118112753688e-05 0 1.0159004166630852e-05 0.00011700887387235634 -1.911263182120663e-05 2.0461315481590548e-05 0 -0.00013628924175804565 4.0193263504256839e-05 0.00012433850346968032
leaf_weight=1698 41 66 275 22 123 24 141 185 50 22 164 31 105 1922 52 339 183 20 642 546 176 81 102 91 674 656 36 84 353 86
leaf_count=1698 41 66 275 22 123 24 141 185 50 22 164 31 105 1922 52 339 183 20 642 546 176 81 102 91 674 656 36 84 353 86
internal_value=0 -1.51042e-05 -3.9388e-05 -9.40139e-05 -0.00013375 -0.000162597 1.72264e-06 -1.13042e-05 -6.58203e-05 -0.000147486 2.00263e-06 3.3803e-07 -8.37298e-06 -1.3584e-05 -5.86098e-05 -8.06258e-05 6.76206e-06 -8.79303e-07 -5.59868e-06 2.48003e-05 3.50326e-05 6.99497e-05 -3.72477e-05 7.40701e-05 2.22164e-06 2.7047e-06 -2.16954e-06 -6.31466e-05 0 9.06017e-05
internal_weight=8990 949 510 235 169 147 439 298 113 72 8041 7877 3013 2891 496 391 4864 3222 3116 1642 1459 627 744 122 2372 832 2395 120 2275 106
internal_count=8990 949 510 235 169 147 439 298 113 72 8041 7877 3013 2891 496 391 4864 3222 3116 1642 1459 627 744 122 2372 832 2395 120 2275 106
is_linear=0
shrinkage=0.05


Tree=194
num_leaves=31
num_cat=0
split_feature=53 73 54 199 10 363 194 4 334 191 263 17 64 6 376 33 290 32 64 333 346 355 219 9 327 342 245 278 7 268
split_gain=0.00010124 0.000217794 0.000392242 0.000412779 0.000224592 0.000233274 0.000211004 0.000415935 0.000348628 0.000413809 0.000326539 0.0004235 0.000188416 0.00018733 0.000291658 0.000258254 0.000262714 0.000321653 0.000222322 0.000381315 0.000434127 0.000233926 0.00024447 0.000338576 0.000217863 0.000380443 0.000344812 0.000205885 0.000181255 0.000175275
threshold=-6.2718078295389796 -7.9688129425048819 -1.4074600537618001 -0.2978525818217051 -0.53848958015441883 0.73064881718314345 -1.4166131416598204 -1.9223068555196126 -0.57605955553688604 0.22449244010386452 0.012737058579903352 -1.24480398495992 -9.0055446624755842 -1.5544521013895669 0.00081652491878745021 -0.074467072884241689 -4.5138831237951909 0.37683480978012085 -3.4681450525919595 -1.1873622399488186 2.2031522989273076 -2.3866397253533829 -0.52443165647841827 2.3371303081512456 -0.43322022755940753 -0.14736040433247891 -0.89549316223932707 0.67036811031743826 -4.1241590181986476 -0.84521210967635696
decision_type=2 2 2 10 2 10 10 2 10 10 10 2 2 2 2 2 10 2 2 10 10 8 10 2 10 10 8 10 2 10
left_child=6 2 -2 4 -4 12 28 8 9 10 11 -8 -6 14 -3 16 -16 -18 19 -15 27 22 -20 -24 26 -26 -23 -21 -1 -30
right_child=1 13 3 -5 5 -7 7 -9 -10 -11 -12 -13 -14 18 15 -17 17 -19 21 20 -22 24 23 -25 25 -27 -28 -29 29 -31
leaf_value=-1.092849129808963e-05 0 0 0 0 0 0 -0.00027634002518424166 0 0 0 0 0 0.000184540394587695 -2.3513348951704788e-06 0 0 -0.00022249683240623095 0 0 9.6932641772816544e-05 0 0.00013104062151357408 -0.00016699181418337514 0 -2.9287756528098203e-05 3.6856145851142289e-06 5.9172645141827515e-06 0 0 0.00017962172731406629
leaf_weight=142 234 541 21 34 35 24 73 67 42 36 20 25 123 288 38 107 66 41 91 334 93 80 73 39 1053 4574 598 35 36 27
leaf_count=142 234 541 21 34 35 24 73 67 42 36 20 25 123 288 38 107 66 41 91 334 93 80 73 39 1053 4574 598 35 36 27
internal_value=0 1.5105e-06 3.45984e-05 8.07111e-05 0.000112631 0.000131271 -2.23419e-05 -5.37873e-05 -9.58338e-05 -0.000131693 -0.000177171 -0.000214734 0.000153417 0 -2.34619e-05 -6.80002e-05 -0.000111729 -0.000151806 2.09159e-06 2.79852e-05 5.77129e-05 -1.24571e-07 -5.34792e-05 -0.00010312 8.01082e-07 -1.59666e-06 2.80718e-05 8.43235e-05 0 8.31402e-05
internal_weight=8990 8522 471 237 203 182 468 263 196 154 118 98 158 8051 793 252 145 107 7258 750 462 6508 203 112 6305 5627 678 369 205 63
internal_count=8990 8522 471 237 203 182 468 263 196 154 118 98 158 8051 793 252 145 107 7258 750 462 6508 203 112 6305 5627 678 369 205 63
is_linear=0
shrinkage=0.05


Tree=195
num_leaves=31
num_cat=0
split_feature=249 361 366 368 34 218 351 371 265 190 279 364 370 312 28 335 332 363 82 65 25 252 59 283 200 208 249 59 31 370
split_gain=9.62485e-05 0.000414966 0.000374405 0.000407576 0.000312475 0.000306408 0.000429505 0.000370125 0.000339486 0.000315559 0.000400138 0.000435369 0.0004348 0.00039761 0.000340104 0.000315221 0.000413338 0.000652029 0.000303114 0.000368028 0.000290388 0.000284445 0.00025732 0.000255246 0.000251089 0.000241892 0.000299315 0.000264356 0.000342868 0.000230926
threshold=-0.67504776969036129 -0.97665334970144657 0.036203390969736307 11.111228087558475 0.89709905783335386 -0.079254928742441375 -1.2836638689041135 -1.5406379421156753 -1.4692979018124352 -0.52653648518465179 0.16639198213702708 0.57373033132342688 0.62878994228204943 1.0818025245689791 0.15692715843518576 -0.66504030842574535 -0.52650803149038727 -1.3226933482808263 -0.031679729620615597 -6.4116761287053423 0.15149927139282227 -0.60840446152704841 -0.77124385039011623 -0.078047911326090527 -1.562607085780128 -1.3031235919503927 -1.7110111335346561 -1.7133758068084715 -0.22576825817426038 0.63581043786605218
decision_type=10 10 2 2 2 10 10 2 10 10 10 10 2 8 2 10 10 10 2 2 2 10 2 10 10 8 10 2 2 2
left_child=1 25 -3 4 20 7 18 -2 -9 -8 13 12 -12 14 -11 21 17 -17 19 -7 24 -10 -13 -23 -4 26 -1 28 -28 -21
right_child=5 2 3 -5 -6 6 9 8 15 10 11 22 -14 -15 -16 16 -18 -19 -20 29 -22 23 -24 -25 -26 -27 27 -29 -30 -31
leaf_value=0 -3.1512294356167207e-05 0 0 0 0 0 4.3795649616178995e-05 0.0001459055552323529 -4.5616103115437147e-05 -6.8043357061696601e-05 0 -7.4933395139411123e-05 6.3451979854648808e-05 2.5376561292835065e-05 0 0 5.4323898100494099e-06 0.000121017727388285 0 0 0 5.9382690326847066e-05 0 -6.342109474206084e-06 -0.00016411389832094651 -9.4006174039715603e-06 0 0 0.0001354839455788839 -0.00025407408429810248
leaf_weight=324 213 432 35 37 21 23 377 76 266 592 338 127 537 173 451 96 646 285 46 22 23 224 2063 131 196 884 78 69 153 52
leaf_count=324 213 432 35 37 21 23 377 76 266 592 338 127 537 173 451 96 646 285 46 22 23 224 2063 131 196 884 78 69 153 52
internal_value=0 -8.7322e-06 -4.00209e-05 -8.25696e-05 -0.000106951 3.19762e-06 -2.67333e-06 2.03298e-05 2.96364e-05 0 -3.91441e-06 4.32723e-06 3.50563e-05 -2.87981e-05 -4.25789e-05 2.12321e-05 3.86086e-05 8.17241e-05 -8.79963e-05 -0.000138621 -0.000124331 0 -5.66839e-06 2.10538e-05 -0.000141909 3.39084e-06 2.95222e-05 6.56201e-05 9.19315e-05 -0.000193899
internal_weight=8990 2252 744 312 275 6738 4801 1937 1724 4658 4281 3065 875 1216 1043 1648 1027 381 143 97 254 621 2190 355 231 1508 624 300 231 74
internal_count=8990 2252 744 312 275 6738 4801 1937 1724 4658 4281 3065 875 1216 1043 1648 1027 381 143 97 254 621 2190 355 231 1508 624 300 231 74
is_linear=0
shrinkage=0.05


Tree=196
num_leaves=31
num_cat=0
split_feature=243 85 346 222 38 363 282 2 310 310 349 32 202 227 340 370 331 290 75 238 37 202 230 80 61 363 331 360 83 372
split_gain=9.51617e-05 0.000260297 0.000437849 0.000387205 0.000478369 0.000371779 0.000361266 0.000348862 0.000255149 0.000355611 0.000307115 0.00025332 0.000250057 0.000402265 0.000310764 0.000237969 0.000425113 0.000347349 0.00023614 0.000358227 0.000288671 0.000257678 0.00025471 0.000363939 0.000228825 0.000557655 0.00026166 0.00032733 0.000397379 0.000268664
threshold=0.89705010202949009 2.6065177917480473 4.6196835835774746 0.062843855736266066 1.1707845131556196 -1.7685555724473008 1.7802867889404299 -0.038026365186660693 1.2644400215081519 1.9846319716384218 3.7490243911743169 0.66626950105031346 -0.38948090934105045 0.13118212359329948 0.86202408870061265 1.0788176397664899 2.8817208496160212 1.170540730158488 0.88334504763285338 -0.2899867508517982 1.2487034002939861 -0.43490427328299536 -0.44419124891050149 0.98904232184092222 -1.5764568249384558 1.4777768735598207 -0.49288846855904017 0.58044329803835393 0.00066144093095010011 -0.046269534962164287
decision_type=8 2 10 10 2 10 10 2 8 10 10 2 10 10 10 2 10 10 2 10 2 10 10 2 2 10 10 10 2 2
left_child=1 8 3 7 -5 -6 -7 -3 10 -10 18 -9 -12 14 -14 16 17 -4 19 21 -21 -1 -20 -24 25 -2 -26 28 -28 -29
right_child=24 2 15 4 5 6 -8 11 9 -11 12 -13 13 -15 -16 -17 -18 -19 22 20 -22 -23 23 -25 26 -27 27 29 -30 -31
leaf_value=-2.6904008848677581e-06 -0.00014840395541075883 6.6084323781057059e-05 0 0 0 0.00014311707849494923 0 -0.00014482272591784354 6.6704809323701525e-05 0 0 0 -0.00019559968259251492 0 0 2.072373723326931e-05 0 -0.00018155992718264899 -6.6944674440530286e-06 -3.5369050252613377e-05 9.6865662358644015e-06 3.0921681581388725e-05 8.0926029885378505e-05 0 6.4302020215678315e-05 0 0 -1.5257844050469149e-05 -7.4869729458962924e-05 3.0771195499945707e-05
leaf_weight=2183 97 80 27 45 29 281 26 55 325 282 71 28 85 138 22 63 36 77 203 1344 272 699 305 299 122 46 154 710 351 535
leaf_count=2183 97 80 27 45 29 281 26 55 325 282 71 28 85 138 22 63 36 77 203 1344 272 699 305 299 122 46 154 710 351 535
internal_value=0 2.89022e-06 3.08061e-05 5.68919e-05 8.46233e-05 0.000108065 0.000125728 0 0 3.03039e-05 -3.78095e-06 -7.92828e-05 -5.17991e-05 -7.75304e-05 -0.000152139 -1.4474e-05 -6.60052e-05 -0.000126778 0 -5.37113e-06 -2.46914e-05 3.72781e-06 2.38886e-05 4.24435e-05 -9.44173e-06 -7.2123e-05 -1.97918e-06 -9.46031e-06 -4.39271e-05 5.06844e-07
internal_weight=8990 6975 747 544 381 336 307 163 6228 607 5621 83 316 245 107 203 140 104 5305 4498 1616 2882 807 604 2015 143 1872 1750 505 1245
internal_count=8990 6975 747 544 381 336 307 163 6228 607 5621 83 316 245 107 203 140 104 5305 4498 1616 2882 807 604 2015 143 1872 1750 505 1245
is_linear=0
shrinkage=0.05


Tree=197
num_leaves=31
num_cat=0
split_feature=375 195 207 75 297 209 367 366 376 223 207 245 0 272 198 19 3 233 5 363 370 197 23 264 215 368 331 295 72 239
split_gain=9.39685e-05 0.000181526 0.000417129 0.000613388 0.000654249 0.000342157 0.000250345 0.000266194 0.000355686 0.000288875 0.000263115 0.00025213 0.000303459 0.000285315 0.000247334 0.000335071 0.000324781 0.000329215 0.000183204 0.000222598 0.000176375 0.000265011 0.000276895 0.000383759 0.000461918 0.00026855 0.000253345 0.000221176 0.000330679 0.000312307
threshold=-0.21014192636942838 1.132155625776113 2.358420496683499 0.4607131878534953 0.20979056010643624 0.90960119372522918 1.3175231253887647 0.1877290880512367 -0.0029156876274842492 0.478470002845857 1.4249738367088811 0.31839544127738501 0.51645914713541685 0.66652347105916898 2.2532727200366525 -0.8829351166884104 0.99999990065892552 1.7731446153859303 2.6364711920420336 -0.99693639386775146 0.45289467404373235 -1.3857216230341962 -0.068675951566547086 -0.063353775389363029 -1.9245929337632262 0.46914527993792349 0.45066886238945114 1.8132267196973169 2.6514640649159755 -0.035983221162816742
decision_type=2 10 10 2 10 10 2 2 2 10 10 8 2 8 10 2 2 10 2 10 2 10 2 10 10 2 10 10 2 10
left_child=20 2 6 -4 -5 14 10 -8 -9 -10 11 12 -2 -13 15 -3 -17 -18 19 -12 -1 22 -22 24 -24 -26 -23 28 29 -28
right_child=1 5 3 4 -6 -7 7 8 9 -11 18 13 -14 -15 -16 16 17 -19 -20 -21 21 26 23 -25 25 -27 27 -29 -30 -31
leaf_value=3.4039110992740075e-05 -1.0772513439320628e-06 0 0 -0.0004361017187855718 0 0 0 0 -0.0001564317861768365 0 0 -4.2092199733257714e-05 4.4201757896229403e-05 0 0 0 0.00016382619636013898 0 0 0.00010584457851172106 0 2.8414541177411128e-05 0 0 0 -0.00017812107579976734 0 7.54951612314496e-06 0 -0.00013033418619119648
leaf_weight=535 3101 48 65 23 34 569 163 79 122 33 34 777 399 697 39 56 156 36 59 144 62 893 28 41 32 126 64 337 109 129
leaf_count=535 3101 48 65 23 34 569 163 79 122 33 34 777 399 697 39 56 156 36 59 144 62 893 28 41 32 126 64 337 109 129
internal_value=0 -2.90172e-06 -6.81974e-06 -0.00010013 -0.000219761 1.64003e-05 -3.89649e-06 -4.23143e-05 -7.66808e-05 -0.000120864 -9.3826e-09 -3.41263e-06 2.65714e-06 -2.12164e-05 5.72567e-05 7.61471e-05 0.000101472 0.000132382 5.02989e-05 7.70697e-05 8.71776e-06 0 -4.25324e-05 -7.31508e-05 -0.000108098 -0.000145117 9.54358e-06 -9.00533e-06 -4.4026e-05 -8.55195e-05
internal_weight=8990 6634 5730 122 57 904 5608 397 234 155 5211 4974 3500 1474 335 296 248 192 237 178 2356 1821 289 227 186 158 1532 639 302 193
internal_count=8990 6634 5730 122 57 904 5608 397 234 155 5211 4974 3500 1474 335 296 248 192 237 178 2356 1821 289 227 186 158 1532 639 302 193
is_linear=0
shrinkage=0.05


Tree=198
num_leaves=31
num_cat=0
split_feature=251 354 367 50 42 328 358 213 242 246 368 334 23 291 61 325 217 251 23 243 337 341 351 334 236 215 376 3 351 280
split_gain=9.87084e-05 0.000246934 0.000379627 0.000244325 0.00020063 0.00023169 0.000194244 0.000238666 0.00031289 0.000421545 0.000253238 0.000190764 0.000377753 0.000606024 0.000186009 0.000269881 0.000297941 0.000346208 0.000273456 0.000240368 0.00066887 0.000289149 0.000287988 0.000240685 0.000228091 0.000323084 0.000184106 0.000237968 0.000249243 0.000243732
threshold=1.6742480018749757 2.4640514093616255 0.083350033400133264 11.254313786824545 0.014566485459605802 0.94441207249959336 1.9853365956031441 1.4107497854615152 0.84432633485581055 -0.00673348315651755 6.3768323139206773 1.5953193059717325 0.085753614703814166 3.1345615784327197 -0.64218195279439283 -0.77999545137087478 -0.058196263328977094 0.011966382276909252 0.018757556254665003 0.49338892654098215 0.86395936099416215 0.89263778924942028 0.26504921913146978 1.6236844971406474 -0.17231258941980102 -0.7016740122760422 0.0026689027704623505 4.7438561121622724 0.53666504224141443 0.23610861163226074
decision_type=8 8 2 2 2 10 10 10 10 10 2 10 2 10 2 10 10 10 2 10 10 10 10 10 10 10 2 2 10 10
left_child=1 6 26 -2 5 -5 14 8 -8 -10 -11 12 13 -4 19 24 17 -17 -18 21 23 22 -1 -21 25 -16 27 28 -3 -30
right_child=3 2 11 4 -6 -7 7 -9 9 10 -12 -13 -14 -15 15 16 18 -19 -20 20 -22 -23 -24 -25 -26 -27 -28 -29 29 -31
leaf_value=8.7658858339538279e-07 0 0 0 -0.0002338854461610503 0 0 0 0 0 -0.00014517228805659938 0 2.3464069972362154e-05 0 -0.00024404441763544281 0 6.9453806678733747e-06 -1.4091259278594184e-05 8.5635249748889175e-05 2.531495328728982e-05 -9.4130104219899077e-05 8.5896731416301781e-06 8.4000340764500963e-05 -5.1970376335104334e-05 0 0 -0.00016970479274849569 0 0 0 0.00016278380481358926
leaf_weight=3459 442 108 54 35 44 24 170 144 33 168 25 130 30 48 55 544 856 324 813 331 324 101 269 47 88 57 68 30 23 146
leaf_count=3459 442 108 54 35 44 24 170 144 33 168 25 130 30 48 55 544 856 324 813 331 324 101 269 47 88 57 68 30 23 146
internal_value=0 1.4732e-06 3.15644e-05 -2.04715e-05 -9.0223e-05 -0.000150624 -3.41748e-07 -2.97138e-05 -5.206e-05 -9.05961e-05 -0.000122751 0 -5.53895e-05 -0.000114974 1.15299e-06 1.19654e-05 1.77578e-05 4.20843e-05 2.10896e-06 -4.27502e-06 -3.12063e-05 0 -1.5968e-06 -7.85344e-05 -3.64961e-05 -8.63964e-05 6.498e-05 8.15849e-05 9.75892e-05 0.000138892
internal_weight=8990 8445 637 545 103 59 7808 540 396 226 193 262 132 102 7268 2737 2537 868 1669 4531 702 3829 3728 378 200 112 375 307 277 169
internal_count=8990 8445 637 545 103 59 7808 540 396 226 193 262 132 102 7268 2737 2537 868 1669 4531 702 3829 3728 378 200 112 375 307 277 169
is_linear=0
shrinkage=0.05


Tree=199
num_leaves=31
num_cat=0
split_feature=198 198 359 279 329 311 356 359 209 228 220 255 357 350 303 254 303 52 308 70 274 190 254 337 361 355 231 13 368 13
split_gain=9.49046e-05 0.000482669 0.00030671 0.000299526 0.00075189 0.000299532 0.000330923 0.000250057 0.000312396 0.000238346 0.00023105 0.000423464 0.000358813 0.000311635 0.000383999 0.000442211 0.000281356 0.000544249 0.000352657 0.000253218 0.0002843 0.000246431 0.000249683 0.000223762 0.000217424 0.000207793 0.00020578 0.000287849 0.000215809 0.000196027
threshold=0.73286929141142987 0.51549087541801641 2.1818414709765648 -0.47622380181106511 -0.15862007935841863 0.69573914433360262 -1.9720026104747086 0.8561912503234298 -0.2829564604485349 -0.63119272811095872 1.0633911079360767 0.16702750459955418 1.435892397865139 16.799546241760257 0.91808673058629908 0.4646820843584521 0.25382813045388164 1.0000000180025095e-35 0.077191153537086624 1.5473222732543945 1.1410567936544791 -0.74721620051280946 1.0715003873375235 2.760761645128234 -1.4496710681789184 -0.3398585697746252 -1.120700589371161 0.064585566520690918 0.15049482811271397 0.10358740886052435
decision_type=8 10 10 8 10 10 10 10 10 10 10 10 8 10 10 10 10 2 10 2 10 10 10 10 10 8 10 2 2 2
left_child=1 10 9 5 26 6 -2 8 -8 -3 11 12 16 14 15 -13 18 -18 -1 20 24 -14 -23 29 -12 -6 -5 28 -28 -11
right_child=3 2 -4 4 25 -7 7 -9 -10 23 19 13 21 -15 -16 -17 17 -19 -20 -21 -22 22 -24 -25 -26 -27 27 -29 -30 -31
leaf_value=0 0 0 -5.2641753883712948e-06 0 -7.3725959979469659e-05 0 0 0 -0.00027884798257215166 8.6811950551255227e-05 0 -1.8519690271189061e-05 0 1.3309608589301219e-05 9.3508543601778957e-06 -9.6282521611983299e-05 2.7857989570108498e-05 -8.6759409512068516e-05 5.3603177361234066e-05 0 0 0.00013836726131054186 0 0 0.00011181294179668923 -4.0157994369634778e-06 0 0 0.00020103639674113566 0
leaf_weight=3024 39 63 90 22 137 45 32 20 50 489 38 774 25 232 197 392 88 255 333 213 55 114 20 38 189 1851 30 20 84 31
leaf_count=3024 39 63 90 22 137 45 32 20 50 489 38 774 25 232 197 392 88 255 333 213 55 114 20 38 189 1851 30 20 84 31
internal_value=0 3.27764e-06 4.23669e-05 -8.43316e-06 -7.52267e-07 -7.00547e-05 -0.000108535 -0.000156149 -0.000194773 5.732e-05 -5.54323e-07 -4.33839e-06 3.49673e-06 -2.64286e-05 -3.68611e-05 -4.89568e-05 0 -4.27806e-05 4.74088e-06 3.10327e-05 6.27234e-05 7.70373e-05 0.000107867 6.87323e-05 8.95361e-05 -1.13382e-05 0.000102041 0.00012632 0.000158306 7.83892e-05
internal_weight=8990 6660 711 2330 2144 186 141 102 82 621 5949 5454 3859 1595 1363 1166 3700 343 3357 495 282 159 134 558 227 1988 156 134 114 520
internal_count=8990 6660 711 2330 2144 186 141 102 82 621 5949 5454 3859 1595 1363 1166 3700 343 3357 495 282 159 134 558 227 1988 156 134 114 520
is_linear=0
shrinkage=0.05


Tree=200
num_leaves=31
num_cat=0
split_feature=251 354 212 250 60 241 348 10 65 257 308 54 272 372 13 334 208 87 8 259 61 45 209 348 55 235 275 76 375 200
split_gain=9.14642e-05 0.000228298 0.000209453 0.00031786 0.000265315 0.000230303 0.000296957 0.000252693 0.000191719 0.000395563 0.000189808 0.000175915 0.000348519 0.000253866 0.000331073 0.000237093 0.000233107 0.000290234 0.000265156 0.000255272 0.000228598 0.000197397 0.000173677 0.000204872 0.000298038 0.000290455 0.000110278 0.000106102 7.80284e-05 7.13298e-05
threshold=1.6742480018749757 2.4640514093616255 -0.21469741086667468 1.451124047806696 1.5223472118377688 -0.069133547678929083 8.9406967164473727e-07 1.2110883990923564 3.6087021827697758 1.6929524908399853 0.91233759319261376 2.8336467742919926 1.4295392759458143 -0.24285590791062758 0.04104366526007646 1.8429255089236196 0.82295601886407677 0.74680308500925707 2.811136563618978 0.11501943285223405 4.3885654658079156 1.605346202850342 1.1887455951768702 -0.58556505044301355 6.7205073038736982 1.9950941056702689 1.0285255817401482 5.7935180664062509 0.14934714761921977 0.22534969215636408
decision_type=8 8 10 10 2 10 10 2 2 10 10 2 10 2 2 10 10 2 2 10 2 2 10 10 2 10 10 2 2 10
left_child=1 11 4 5 -3 -4 -7 -8 -2 10 -10 12 16 -14 15 -15 18 28 20 -20 -1 -19 23 -13 25 -25 27 -5 -18 -16
right_child=8 2 3 26 -6 6 7 -9 9 -11 -12 22 13 14 29 -17 17 21 19 -21 -22 -23 -24 24 -26 -27 -28 -29 -30 -31
leaf_value=0 0 0 0 0 -0.00015187843081051697 0 0.0001184814987992069 0 0 0 -0.00019594486762351175 0 0 0.00016750400508875853 -2.4674179558309239e-05 0 4.068586330197258e-05 -6.0961276364450111e-05 0 7.8851887175126475e-05 -0.00010692651458720103 0 0 -0.00012989529554020745 0 0 7.4351801384430856e-06 -0.0001431236849781982 0 3.507284664404079e-05
leaf_weight=5939 401 38 28 22 29 75 274 31 21 67 56 51 146 104 36 26 124 483 93 210 50 44 132 169 27 20 114 26 27 127
leaf_count=5939 401 38 28 22 29 75 274 31 21 67 56 51 146 104 36 26 124 483 93 210 50 44 132 169 27 20 114 26 27 127
internal_value=0 1.43784e-06 3.0369e-05 4.39907e-05 -1.08948e-05 6.81951e-05 8.06716e-05 0.000102669 -1.96839e-05 -6.92228e-05 -0.000147588 -2.82449e-07 8.07048e-07 4.44023e-05 7.15472e-05 0.00013377 -1.22201e-06 -2.94123e-05 1.02142e-06 4.69506e-05 -4.68156e-07 -4.96972e-05 -3.30366e-05 -5.70646e-05 -7.99686e-05 -0.000106058 0 -7.48369e-05 8.27897e-06 0
internal_weight=8990 8445 637 570 67 408 380 305 545 144 77 7808 7409 439 293 130 6970 678 6292 303 5989 527 399 267 216 189 162 48 151 163
internal_count=8990 8445 637 570 67 408 380 305 545 144 77 7808 7409 439 293 130 6970 678 6292 303 5989 527 399 267 216 189 162 48 151 163
is_linear=0
shrinkage=0.05


Tree=201
num_leaves=31
num_cat=0
split_feature=221 366 215 286 42 285 15 353 69 25 87 31 291 255 357 235 360 364 251 376 68 5 40 304 232 260 76 364 307 238
split_gain=9.15267e-05 0.000203154 0.000196807 0.000196782 0.000139108 0.00030934 0.000371341 0.000344888 0.000208126 0.000249205 0.000169041 0.000180337 0.000179947 0.000138352 0.00046687 0.000421376 0.000326881 0.000295141 0.00031026 0.00032811 0.000256811 0.000251827 0.000361541 0.000292319 0.000180855 0.000295985 0.000467701 0.0001855 0.000427056 0.000309698
threshold=2.4680787375009032 0.012273144992453602 1.7689070229448942 0.055181397746006604 0.014566439514358801 0.17254847846925245 0.41407813752690942 3.2532708643776611 7.6908381779988622 0.34457741181055707 2.696538289388021 1.3641695976257326 1.3226327498753869 0.66812759622223139 1.9610637437835445 0.48389533135332102 2.1544050799346772 0.69382867842792051 -0.2407297005318407 0.0035159602790558004 1.1552601257960005 2.7471410433451338 0.33427031834920251 0.18265689347739314 0.70589396897582612 0.82151421158050908 -0.11261275907357529 -0.14072369530012852 0.38717755767608281 -0.93096084180113181
decision_type=10 2 10 10 2 10 2 8 2 2 2 2 10 8 8 10 10 8 10 2 2 2 2 10 10 10 2 10 10 10
left_child=4 2 3 -2 13 6 -6 8 9 -8 11 12 -7 14 24 17 20 -15 -19 -20 -16 22 -17 -24 27 26 -26 29 -29 -1
right_child=1 -3 -4 -5 5 10 7 -9 -10 -11 -12 -13 -14 15 16 21 -18 18 19 -21 -22 -23 23 -25 25 -27 -28 28 -30 -31
leaf_value=1.2964605730204527e-05 0 0 0 -0.00018468343750320418 0 0 0.00012201108395030569 0 0 0 1.6549173178911411e-05 0 -0.00010744810505047179 0 0.00012206534015877326 0 0 0 -0.00011886279948494095 0 0 -1.9569787914162844e-05 0 0.00012367496165664919 0 1.7193783741867103e-06 -0.0001138113288102208 4.0374486975763537e-05 -5.4587033610313586e-06 -1.5887065757279547e-05
leaf_weight=1425 69 165 66 50 162 24 271 87 25 74 89 70 115 202 178 243 116 129 261 66 30 323 44 141 191 185 181 906 802 2300
leaf_count=1425 69 165 66 50 162 24 271 87 25 74 89 70 115 202 178 243 116 129 261 66 30 323 44 141 191 185 181 906 802 2300
internal_value=0 -2.48934e-05 -6.25773e-05 -0.00010108 1.17188e-06 1.97704e-05 4.21879e-05 6.6645e-05 8.84044e-05 9.94446e-05 -1.00204e-05 -4.52492e-05 -7.94921e-05 -3.89253e-07 2.092e-06 -1.5056e-05 6.07078e-05 -4.53781e-05 -6.77413e-05 -9.36479e-05 9.83197e-05 4.85681e-06 3.49707e-05 8.78151e-05 -2.44783e-07 -2.80115e-05 -5.62307e-05 1.68208e-06 1.5927e-05 -3.50755e-06
internal_weight=8990 350 185 119 8640 917 619 457 370 345 298 209 139 7723 6314 1409 324 658 456 327 208 751 428 185 5990 557 372 5433 1708 3725
internal_count=8990 350 185 119 8640 917 619 457 370 345 298 209 139 7723 6314 1409 324 658 456 327 208 751 428 185 5990 557 372 5433 1708 3725
is_linear=0
shrinkage=0.05


Tree=202
num_leaves=31
num_cat=0
split_feature=349 273 88 307 246 375 375 6 206 79 286 283 256 80 190 338 365 188 71 250 342 353 24 240 303 333 260 360 37 360
split_gain=9.05064e-05 0.000511463 0.000558039 0.000359883 0.000273826 0.000274206 0.000350049 0.000333803 0.000331757 0.000381595 0.000300612 0.000373952 0.000266003 0.000374389 0.000262832 0.000271001 0.000237375 0.000248779 0.000290177 0.000283191 0.000212613 0.000203901 0.000244275 0.000198186 0.000214405 0.000186688 0.000543642 0.00014504 0.000276391 0.000231493
threshold=3.7490243911743169 0.21221394633867272 0.39240262905756634 2.724845089651851 1.3227945677441439 0.090670458702799814 -0.085782701068738823 0.70064802964528416 1.5845914466499986 2.8593195279439292 0.025215808612604803 0.66962896287441254 0.79856794439373757 -0.93703830242156971 0.22830558433321943 1.6078796796550103 4.0118989099168001 0.44711272319972994 4.9151053428649911 0.26120006540919505 2.1736272970835371 2.3065923962823862 0.47951465845108038 0.082773541773355164 1.9796269364783614 1.8829271757923711 0.59969965279279214 -2.4742885996686086 -1.0457101265589392 -1.479453320975632
decision_type=10 10 2 10 10 2 2 2 10 2 10 10 10 2 10 10 10 10 2 10 8 10 2 10 10 10 10 8 2 10
left_child=20 2 -2 12 5 6 25 14 9 -9 -8 -12 13 -4 -7 -16 17 -6 19 -19 27 22 -22 -24 -25 26 -3 28 -1 -29
right_child=1 4 3 -5 16 7 10 8 -10 -11 11 -13 -14 -15 15 -17 -18 18 -20 -21 21 -23 23 24 -26 -27 -28 29 -30 -31
leaf_value=0 0 0 0 0 0 5.0354396188810301e-05 0 0.00016871092005094911 0 0 -0.00020195163986942005 0 0 -0.0002156870442938929 -0.00015706368446431168 0 1.4458445069677105e-05 0 0 -0.00010883869960697892 0 0 0 0.00017805246917135275 0 -5.7841478204996593e-06 0.00012686118742788008 2.5824787932676443e-05 -4.800860035257039e-05 -7.430898669049342e-08
leaf_weight=425 145 118 20 27 40 68 41 128 45 117 60 20 37 115 47 21 77 53 29 251 73 165 23 86 40 100 120 961 430 5108
leaf_count=425 145 118 20 27 40 68 41 128 45 117 60 20 37 115 47 21 77 53 29 251 73 165 23 86 40 100 120 961 430 5108
internal_value=0 -1.0357e-05 -6.51105e-05 -0.000119724 1.05551e-08 1.96787e-05 0 4.91245e-05 8.01322e-05 0.000104804 -7.94665e-05 -0.000137585 -0.000147684 -0.000180848 0 -8.43397e-05 -2.75573e-05 -4.96336e-05 -6.80182e-05 -8.63319e-05 2.51252e-06 3.86308e-05 6.99726e-05 0.00010672 0.000131893 1.80689e-05 4.90889e-05 0 -1.87409e-05 3.20321e-06
internal_weight=8990 1679 344 199 1335 885 459 426 290 245 121 80 172 135 136 68 450 373 333 304 7311 387 222 149 126 338 238 6924 855 6069
internal_count=8990 1679 344 199 1335 885 459 426 290 245 121 80 172 135 136 68 450 373 333 304 7311 387 222 149 126 338 238 6924 855 6069
is_linear=0
shrinkage=0.05


Tree=203
num_leaves=31
num_cat=0
split_feature=191 191 191 327 345 24 19 352 331 85 91 238 254 257 89 349 263 350 92 367 251 276 336 372 238 19 279 266 286 30
split_gain=9.24559e-05 0.000159856 0.000302719 0.000360589 0.00021088 0.000152803 0.00031981 0.000322073 0.000305002 0.0003856 0.000230651 0.000338348 0.000491019 0.000501429 0.000320898 0.000229744 0.000148014 0.000157809 0.000232669 0.000147229 0.000206532 0.000183738 0.000145307 0.000176711 0.000139706 0.000389989 0.000394608 0.000378325 0.000295178 0.000135875
threshold=2.2583293612168927 1.3250855979904064 1.6669922433764661 0.44226789474487305 -9.5367431629522759e-07 1.0055485566457116 -1.3719270229339597 0.45342182616392773 2.2956372152553546 0.75628972053527843 3.5470816294352225 0.50098788304399122 0.94848717917171077 1.8709697815542106 2.8079668680826826 0.71290218830108654 2.1868168746321515 1.5894571958607886e-07 0.98307349284489953 -0.2807156084025999 1.3254284957889717 0.4338188399616037 1.1725145093454421 -0.33031317876305127 -2.3220423156799246 -13.292779286702475 -2.5174203846885153 -0.99352776226820305 -0.10416528582572929 0.23984557390213013
decision_type=10 8 8 10 10 2 2 10 10 2 2 10 10 10 2 10 10 10 2 2 8 10 10 2 10 2 10 10 10 2
left_child=1 5 3 4 -3 10 29 8 9 -8 24 14 13 -13 15 -12 17 -2 -19 -4 21 -21 23 -6 27 26 -26 -1 -29 -7
right_child=16 2 19 -5 22 6 7 -9 -10 -11 11 12 -14 -15 -16 -17 -18 18 -20 20 -22 -23 -24 -25 25 -27 -28 28 -30 -31
leaf_value=0 0 0 -5.6723289731507285e-05 0 0 0 0 0 0 0.000113283540783314 -9.3283498893972203e-05 -0.00018191454196624302 0 0 0.0001289543202083598 0 0 0.00015674611278993042 0 0 0 9.2663762511788699e-05 0 -0.0001983271667680939 0 8.2152435872725809e-07 -0.00016591245344813773 0 0.00020571814270860958 -0.00010799241424643703
leaf_weight=126 37 51 65 139 25 42 154 338 111 271 70 118 146 20 46 59 32 64 37 62 101 132 39 86 20 6410 71 21 48 49
leaf_count=126 37 51 65 139 25 42 154 338 111 271 70 118 146 20 46 59 32 64 37 62 101 132 39 86 20 6410 71 21 48 49
internal_value=0 -5.29579e-07 -2.37864e-05 -5.82229e-05 -0.000101073 8.59828e-07 1.98635e-05 3.29217e-05 5.71761e-05 7.69183e-05 -1.00465e-06 -3.55827e-05 -7.08761e-05 -0.000138647 0 -1.66146e-05 3.66648e-05 6.58428e-05 9.9117e-05 0 2.31836e-05 5.89685e-05 -0.000131145 -0.000162808 6.19411e-07 0 -0.000103222 4.24659e-05 0.000137037 -5.05658e-05
internal_weight=8990 8820 700 340 201 8120 965 874 536 425 7155 459 284 138 175 129 170 138 101 360 295 194 150 111 6696 6501 91 195 69 91
internal_count=8990 8820 700 340 201 8120 965 874 536 425 7155 459 284 138 175 129 170 138 101 360 295 194 150 111 6696 6501 91 195 69 91
is_linear=0
shrinkage=0.05


Tree=204
num_leaves=31
num_cat=0
split_feature=375 350 254 373 318 296 47 337 313 3 321 198 360 58 252 377 273 65 32 366 238 340 203 51 266 255 33 214 339 326
split_gain=8.95727e-05 0.000221085 0.000586309 0.000535413 0.000598556 0.000383567 0.000321574 0.000205922 0.000389392 0.000398188 0.000335371 0.000330545 0.000259855 0.000247568 0.000278354 0.000438492 0.000271105 0.000343914 0.000247347 0.000242617 0.000189381 0.000178391 0.000318501 0.000359279 0.000326435 0.000289908 0.000300917 0.000289296 0.000337525 0.00031865
threshold=-0.037395754794959095 -10.111135323842365 -1.0109592310748021 0.18515587719635723 -2.099940986503142 0.034342034409443507 0.3711952567100526 -0.23074030839477352 -0.28611370835278588 0.94590159257253026 -0.66792553343574257 -0.685909454809006 -1.3559375548066057 -0.31055589516957588 0.20762350584442313 -0.93761349598680088 0.48472647530101204 2.6021406650543217 0.83432765801747655 0.19236713827131768 2.3271771321376917 -0.52574594815572107 -0.82197981510326146 -1.5280917485555012 -0.058384681539900445 -0.026774863401858397 -2.5105088551839194 -0.47391189463879629 1.1818066351749557 -0.12816556294759116
decision_type=2 8 10 2 10 10 2 10 10 2 10 10 10 2 10 2 10 2 2 2 10 10 10 2 10 10 2 10 10 10
left_child=21 2 -2 -4 -5 6 -6 10 9 12 -3 -12 -9 14 15 -10 17 -15 -14 -13 -18 22 -1 -24 25 26 -25 29 -29 -23
right_child=1 7 3 4 5 -7 -8 8 13 -11 11 19 18 16 -16 -17 20 -19 -20 -21 -22 27 23 24 -26 -27 -28 28 -30 -31
leaf_value=0 0 0 0 0 0 0 -0.0002014391312057233 0 0 0 0 9.0946380830038735e-05 -0.00015807201366113379 -7.929006280236842e-06 0 0.00020486226351952081 1.7505468425197773e-05 -0.00011736511968630075 0 0 -4.2370507006350683e-05 -5.7650937924921356e-05 0 0 0 0 0.0001523420285959984 2.6972496554225532e-05 -1.3523544740325463e-05 0
leaf_weight=392 652 874 182 53 50 28 165 64 21 167 153 323 134 880 43 57 1285 100 33 51 110 404 96 29 113 109 197 1225 707 293
leaf_count=392 652 874 182 53 50 28 165 64 21 167 153 323 134 880 43 57 1285 100 33 51 110 404 96 29 113 109 197 1225 707 293
internal_value=0 -3.91605e-06 -2.372e-05 -6.63005e-05 -0.000107788 -0.000142501 -0.000165553 1.30608e-07 -6.26981e-06 -5.22599e-05 1.69199e-05 4.84934e-05 -9.49326e-05 0 7.06399e-05 0.000129025 -2.48212e-06 -2.42083e-05 -0.000127873 7.43123e-05 9.19739e-06 6.28298e-06 2.50352e-05 5.04158e-05 7.13495e-05 9.61393e-05 0.000130016 0 9.5655e-06 -2.79982e-05
internal_weight=8990 5425 1130 478 296 243 215 4295 2894 398 1401 527 231 2496 121 78 2375 980 167 374 1395 3565 936 544 448 335 226 2629 1932 697
internal_count=8990 5425 1130 478 296 243 215 4295 2894 398 1401 527 231 2496 121 78 2375 980 167 374 1395 3565 936 544 448 335 226 2629 1932 697
is_linear=0
shrinkage=0.05


Tree=205
num_leaves=31
num_cat=0
split_feature=348 226 73 360 333 305 355 245 198 266 46 366 311 191 202 188 369 245 234 6 318 198 195 47 325 213 208 247 77 265
split_gain=8.79554e-05 0.00018883 0.000286567 0.000445426 0.000409799 0.000311868 0.000262272 0.000353585 0.000431208 0.000356159 0.000307463 0.000293539 0.000258337 0.00024326 0.000232365 0.000363782 0.000399779 0.000227395 0.000435925 0.000230107 0.000205735 0.000232885 0.00014757 0.000240848 0.000108608 0.000150294 0.000112011 0.000139214 8.4594e-05 8.53013e-05
threshold=-21.390256881713864 -1.70815394137723 -7.9688129425048819 -0.83491955860413969 -1.515532326661482 -1.8349396767098756 -2.3866397253533829 -2.0834333003539762 0.7898114084072767 -0.90442280315444223 0.018849010889728804 0.53943862142476362 -0.73100515024162116 -0.81195043669540345 -1.0147775343045435 -1.9592567929764988 0.68371738762610823 -1.0267300687908523 -0.63205238020179377 -1.5301359494527178 -2.099940986503142 -1.4793978684631799 -0.79404392281069469 0.13168797393639883 -0.84942424297332753 -1.3386324129155225 -1.5742847818713512 -1.936971616036371 -0.61971257130304969 -2.2871395609290932
decision_type=10 10 2 10 10 10 8 10 10 10 2 2 10 10 10 10 2 10 10 2 10 10 10 2 10 10 8 10 2 10
left_child=28 13 3 4 -3 -5 10 8 9 -8 11 12 -4 24 15 -15 -17 18 -9 -19 -6 -22 23 -7 25 -2 27 -26 29 -1
right_child=1 2 6 5 20 22 7 17 -10 -11 -12 -13 -14 14 -16 16 -18 19 -20 -21 21 -23 -24 -25 26 -27 -28 -29 -30 -31
leaf_value=0 0 0 -0.0001521901600258415 6.0004758534534843e-05 0 0 0 0 0 0.00025743203957533659 0 0 0 0 0 0 -0.00026435589358810187 -3.1229902710675309e-05 -8.0915050150250957e-05 4.8418811359456183e-06 0 0.00025633922820684569 0 -0.00020714533524531268 0 -0.00010285335311752949 0 0.00011484797372937405 0 8.8338246711742812e-05
leaf_weight=21 26 119 121 44 28 20 24 237 40 43 246 31 20 21 114 56 51 456 250 6452 26 60 27 37 45 53 108 54 78 82
leaf_count=21 26 119 121 44 28 20 24 237 40 43 246 31 20 21 114 56 51 456 250 6452 26 60 27 37 45 53 108 54 78 82
internal_value=0 -6.69396e-07 5.92901e-07 4.44838e-05 8.85585e-05 0 -7.76914e-07 7.2179e-07 9.10501e-05 0.000171166 -3.96273e-05 -9.10016e-05 -0.0001237 -2.99312e-05 -6.68295e-05 -0.00011391 -0.000154956 0 -3.35308e-05 1.73656e-06 0.000158117 0.00019775 -8.59227e-05 -0.000131661 0 -4.84917e-05 2.03209e-05 6.07345e-05 3.45309e-05 6.43874e-05
internal_weight=8990 8809 8281 361 233 128 7920 7502 107 67 418 172 141 528 242 128 107 7395 487 6908 114 86 84 57 286 79 207 99 181 103
internal_count=8990 8809 8281 361 233 128 7920 7502 107 67 418 172 141 528 242 128 107 7395 487 6908 114 86 84 57 286 79 207 99 181 103
is_linear=0
shrinkage=0.05


Tree=206
num_leaves=31
num_cat=0
split_feature=210 298 363 218 204 8 287 196 346 291 8 339 3 320 41 325 218 289 283 36 35 217 321 21 89 27 51 261 349 190
split_gain=0.000102657 0.00042686 0.000333632 0.000305942 0.000297964 0.000221394 0.000246485 0.00026302 0.00025671 0.000287788 0.000328281 0.000244857 0.000294656 0.000267802 0.000213616 0.000328118 0.000271059 0.000258698 0.000373695 0.000385676 0.000234103 0.00026168 0.000303944 0.000223446 0.000372754 0.000247625 0.000198043 0.000195089 0.000193874 0.000454341
threshold=-0.52327245578933057 0.037328020359078957 -1.2932601482111019 1.2216713843592926 -1.2224778617873608 -2.0939095020294185 -0.026086022146046047 -0.071425996209251594 -5.8756155172983799 -0.43380667269229883 -1.7680952548980711 -0.81892431238230146 -0.41434367497762031 0.040973392975177755 -1.554960250854492 -0.16603142023086542 -2.1029774840018907 -5.5802014966805773 -0.49837017307678849 -0.068814193209012289 0.13939032455285377 -1.6898881867345377 -1.825353804701539 0.96062970161437988 -2.2360281944274898 -0.40212357044219965 -0.59637262423833204 -0.67092415996053245 3.6347036957740788 0.53726673734809138
decision_type=8 10 10 10 10 2 10 10 10 10 2 8 2 10 2 10 10 10 10 2 2 8 10 2 2 2 2 10 10 10
left_child=1 14 -3 4 -4 -2 7 8 -7 10 -10 12 -8 27 15 -1 -17 18 -16 -20 21 -19 -23 24 -22 -25 -18 -14 -13 -30
right_child=5 2 3 -5 -6 6 11 -9 9 -11 -12 28 13 -15 17 16 26 20 19 -21 23 22 -24 25 -26 -27 -28 -29 29 -31
leaf_value=0 -3.6968055706891027e-05 0 0 0 0.00017596570078952763 0 0 0 0 0 0.0001454259355614738 6.3202000273134499e-06 0 0 0 0 0 0 0 -0.00021219655776643804 7.9180065975470988e-05 0 -0.00012314731410204249 1.9753201769362737e-06 0 -8.667784465585204e-05 0.00014473968369437814 -9.9706589791673762e-05 -5.3484681879336535e-05 2.7954031885127745e-08
leaf_weight=701 458 51 21 29 116 52 160 130 33 38 160 3466 36 61 93 23 31 66 23 59 249 43 127 724 98 82 115 259 518 968
leaf_count=701 458 51 21 29 116 52 160 130 33 38 160 3466 36 61 93 23 31 66 23 59 249 43 127 724 98 82 115 259 518 968
internal_value=0 8.33258e-06 7.5912e-05 0.000112043 0.00014418 -3.38351e-06 0 3.63689e-05 6.52132e-05 8.93685e-05 0.000115258 -3.57296e-06 -3.63504e-05 -6.31164e-05 2.50608e-07 2.19246e-05 8.55823e-05 -8.60981e-06 -6.59981e-05 -0.000143767 0 -4.66335e-05 -8.2852e-05 7.89163e-06 4.2598e-05 -8.50914e-07 0.000114523 -8.41183e-05 0 -1.52637e-05
internal_weight=8990 2651 217 166 137 6339 5881 413 283 231 193 5468 516 356 2434 870 169 1564 175 82 1389 236 170 1153 347 806 146 295 4952 1486
internal_count=8990 2651 217 166 137 6339 5881 413 283 231 193 5468 516 356 2434 870 169 1564 175 82 1389 236 170 1153 347 806 146 295 4952 1486
is_linear=0
shrinkage=0.05


Tree=207
num_leaves=31
num_cat=0
split_feature=210 271 53 34 190 260 221 376 28 87 62 57 199 236 227 192 195 247 47 276 222 275 39 39 347 251 229 69 36 81
split_gain=9.18924e-05 0.000393118 0.000366017 0.000526993 0.000344495 0.000313506 0.000447698 0.000478668 0.000504436 0.00027713 0.000315222 0.000319722 0.000309899 0.000250394 0.000294968 0.000443026 0.000391144 0.000530084 0.000334982 0.000267959 0.000230856 0.000261624 0.0002116 0.000405457 0.000338705 0.000333088 0.000369237 0.000318451 0.000315219 0.000259832
threshold=-0.52327245578933057 -0.27221724166937522 -0.72759389877319325 0.10679226120313007 0.008524870815034051 -0.51062834497878062 -1.0609386303384531 -0.0044688597243517994 0.081530198454856803 0.664248287677765 -0.94220987955729163 1.6376709938049319 -0.15884158286797492 -0.61474711322526032 -0.59286838111804097 -0.89407744466130679 -0.69683121625624944 -1.7292554113112384 0.78688442707061779 -1.8359654951560551 -0.4504900626999549 -1.6651404363499092 -1.1755867799123128 -0.98190188407897938 -2.6018592417240138 0.022602641246288805 0.33359262935261952 -0.16498541831970212 0.29959934949874883 -0.048962290088335587
decision_type=8 10 2 2 10 10 10 2 2 2 2 2 10 10 10 10 10 10 2 10 10 10 2 2 10 10 10 2 2 2
left_child=1 5 3 -3 -5 13 7 -7 -9 10 -4 -12 -11 14 16 -16 19 -18 -17 -1 21 -15 24 -24 -2 26 29 -27 -29 -26
right_child=22 2 9 4 -6 6 -8 8 -10 12 11 -13 -14 20 15 18 17 -19 -20 -21 -22 -23 23 -25 25 27 -28 28 -30 -31
leaf_value=3.4422493124418615e-05 1.4009559500702024e-06 0 0 0.00018487814802170327 0 0 0 -0.00024928880654367746 0 0 -0.00014385714617862062 0 0.00011929179515159383 0 0 -0.00019129535200455939 0 0.00014157463516346595 0 -2.1499078989925846e-05 0 9.956175410014953e-05 8.527902030395472e-05 -1.3451238984391427e-06 0 2.9768934403891484e-05 0 -0.00016176644509874262 0 -0.00013691297243252409
leaf_weight=291 406 153 50 124 25 31 242 69 28 70 89 25 85 40 93 72 28 117 29 703 93 194 138 5144 62 190 42 54 98 205
leaf_count=291 406 153 50 124 25 31 242 69 28 70 89 25 85 40 93 72 28 117 29 703 93 194 138 5144 62 190 42 54 98 205
internal_value=0 7.9e-06 4.29916e-05 8.26371e-05 0.000150574 -3.73576e-07 -4.40213e-05 -0.000119733 -0.00017674 0 -3.95399e-05 -9.56828e-05 5.30362e-05 6.34534e-06 0 -5.97695e-05 6.21643e-06 8.39197e-05 -0.000133468 -9.61822e-08 4.60226e-05 7.36538e-05 -3.18427e-06 0 -2.36903e-05 -4.70157e-05 -8.57336e-05 0 -6.4239e-05 -0.000109371
internal_weight=8990 2651 621 302 149 2030 370 128 97 319 164 114 155 1660 1333 194 1139 145 101 994 327 234 6339 5282 1057 651 309 342 152 267
internal_count=8990 2651 621 302 149 2030 370 128 97 319 164 114 155 1660 1333 194 1139 145 101 994 327 234 6339 5282 1057 651 309 342 152 267
is_linear=0
shrinkage=0.05


Tree=208
num_leaves=31
num_cat=0
split_feature=198 198 32 220 81 303 346 228 260 232 361 69 31 307 323 307 48 334 373 36 54 292 231 366 81 218 31 329 279 57
split_gain=8.72554e-05 0.000401741 0.000257965 0.000353062 0.000403447 0.000287799 0.000229168 0.000232484 0.000219965 0.000704999 0.000394793 0.000386423 0.00029222 0.000265949 0.000644124 0.000382731 0.000353394 0.000343926 0.000272817 0.000233781 0.000463092 0.000335091 0.000284814 0.000188175 0.000184826 0.000519012 0.000149633 0.000143993 0.000234761 0.000243347
threshold=0.73286929141142987 0.51549087541801641 0.54034445683161436 -0.18104609376337652 0.00066146778408430009 2.0306016075262403 5.4718287785847988 -0.5015570213476731 0.80783193202601311 0.80594479776596606 2.1062158777929034 -0.094451626141865988 1.1799997886021933 0.43968067560455448 1.2280149658521018 2.0618725301397647 9.8973407745361346 0.8675564447996158 3.9999637124757381 0.58343122402826963 0.27997404336929327 10.064890543619793 -0.41167687772920286 0.11433307663912282 1.4558033148447675 0.86445750653856468 1.4316319624582929 -0.20294534166653946 -0.5054161780574824 1.7163737614949548
decision_type=8 10 2 8 2 8 10 10 10 10 10 2 2 10 10 10 2 8 2 2 2 10 10 2 2 10 2 10 10 2
left_child=1 8 3 -2 5 -5 7 -3 9 13 11 -11 -13 14 17 16 -15 -1 -16 20 -10 22 -22 -17 -6 -26 -9 28 -4 -30
right_child=2 6 27 4 24 -7 -8 26 19 10 -12 12 -14 15 18 23 -18 -19 -20 -21 21 -23 -24 -25 25 -27 -28 -29 29 -31
leaf_value=-3.4251622974779521e-06 0 0 0 -0.0002586240916992278 0 0 0 7.0537189830928218e-05 0 0 0 -0.00022756097836696909 0 -5.6078088443832838e-05 0.0001091809365217771 7.8631245540422101e-05 4.6153294428300347e-05 6.8844995341386968e-05 0 0 0 0 0.00016796181833157904 0 0 -0.00022156742601303983 0 -2.0859553258138115e-06 0.00021000689217761932 0
leaf_weight=3761 206 81 23 50 209 44 83 521 80 53 58 88 22 697 199 99 42 172 23 388 32 61 132 42 26 37 26 1664 35 36
leaf_count=3761 206 81 23 50 209 44 83 521 80 53 58 88 22 697 199 99 42 172 23 388 32 61 132 42 26 37 26 1664 35 36
internal_value=0 3.0286e-06 -8.20976e-06 -3.74404e-05 -6.78345e-05 -0.000167228 3.86911e-05 5.10585e-05 -3.9375e-07 -4.69953e-06 -9.21766e-05 -0.000132549 -0.000186551 0 4.41563e-06 -2.57565e-05 -4.34975e-05 0 8.72648e-05 2.50451e-05 5.77975e-05 9.8341e-05 0.000135539 3.17552e-05 -1.5061e-05 -9.11094e-05 6.36812e-05 0 6.12257e-05 0.00011496
internal_weight=8990 6660 2330 572 366 94 711 628 5949 5256 221 163 110 5035 4155 880 739 3933 222 693 305 225 164 141 272 63 547 1758 94 71
internal_count=8990 6660 2330 572 366 94 711 628 5949 5256 221 163 110 5035 4155 880 739 3933 222 693 305 225 164 141 272 63 547 1758 94 71
is_linear=0
shrinkage=0.05


Tree=209
num_leaves=31
num_cat=0
split_feature=2 325 268 276 32 261 377 86 5 223 322 274 208 375 218 201 69 224 32 55 355 365 297 376 191 370 206 19 198 87
split_gain=8.76234e-05 0.000206346 0.000278275 0.000279861 0.000343186 0.000163058 0.000234802 0.000350802 0.000285698 0.000358686 0.000474645 0.00020433 0.000343744 0.000293214 0.000268035 0.000256943 0.000248242 0.000238773 0.000457364 0.000746036 0.000305051 0.000341437 0.000240157 0.000237496 0.000556863 0.000561645 0.000210854 0.000185605 0.000287141 0.000170082
threshold=2.8623056411743169 0.54563900828361511 -0.47764669771710161 1.8620945746411715 0.74214526017506921 1.035923425777612 -0.64598101972445832 1.9491229057312014 4.9069849650065107 2.0996928905904833 0.24963601430257157 0.31630005957007873 0.14858321173250877 -0.095591317414772572 0.39269274289583106 0.64081557931865141 -0.66849386692047108 0.57873990946626364 0.67112350463867199 -0.57154842217763258 0.010004492488597002 0.035004126921102004 -3.1789143878357962e-07 -0.00067108865552224989 -0.19704528917314593 1.2157641399148231 0.12373211943274316 1.6231114864349367 1.744003641323127 2.5708949565887456
decision_type=2 10 10 10 2 8 2 2 2 10 10 10 10 2 10 10 2 10 2 2 8 10 10 2 10 2 10 2 10 2
left_child=5 2 -2 4 -4 11 7 8 9 10 -7 12 17 -14 16 26 -13 20 19 -19 22 -22 -1 27 25 -25 -15 -16 -29 -18
right_child=1 -3 3 -5 -6 6 -8 -9 -10 -11 -12 14 13 15 23 -17 29 18 -20 -21 21 -23 -24 24 -26 -27 -28 28 -30 -31
leaf_value=5.2269629553098138e-06 0 -4.6493622360213551e-06 0.00014892141002424786 0 0 0 1.8854573352330509e-06 2.9310577280219235e-06 0 0 -0.00014376230768736511 0 0 -7.0175575482504576e-06 0 0 6.3645022539115693e-05 -0.00024010534876703403 6.4303242435582557e-06 0 9.0440815431187086e-05 0 -3.7161370757513272e-05 -0.00017685782865081191 0 0 -0.00010082967730590176 8.4108678508013719e-05 0 0
leaf_weight=2965 70 145 134 59 82 163 341 155 84 66 226 409 536 245 207 99 533 60 101 122 216 353 376 99 544 20 276 208 43 53
leaf_count=2965 70 145 134 59 82 163 341 155 84 66 226 409 536 245 207 99 533 60 101 122 216 353 376 99 544 20 276 208 43 53
internal_value=0 2.06001e-05 4.56991e-05 7.17542e-05 9.89545e-05 -1.14155e-06 -1.99968e-05 -3.79511e-05 -5.89806e-05 -7.54335e-05 -9.46572e-05 8.03122e-07 -3.6717e-06 -2.81565e-05 1.44774e-05 -5.1577e-05 3.34529e-05 1.88679e-06 -4.03307e-05 -9.37272e-05 6.22212e-06 4.00756e-05 0 0 -2.13921e-05 -0.000119318 -6.63195e-05 2.51731e-05 5.48087e-05 5.43959e-05
internal_weight=8990 490 345 275 216 8500 1035 694 539 455 389 7465 5349 1156 2116 620 995 4193 283 182 3910 569 3341 1121 663 119 521 458 251 586
internal_count=8990 490 345 275 216 8500 1035 694 539 455 389 7465 5349 1156 2116 620 995 4193 283 182 3910 569 3341 1121 663 119 521 458 251 586
is_linear=0
shrinkage=0.05


Tree=210
num_leaves=31
num_cat=0
split_feature=228 41 68 210 256 355 223 346 80 244 207 243 247 305 372 195 236 336 64 62 344 311 364 294 39 4 217 352 207 204
split_gain=8.43663e-05 0.000239924 0.000236855 0.000231336 0.000330265 0.000250839 0.000226087 0.000210259 0.000207868 0.000478251 0.000262789 0.000352205 0.000192408 0.000170853 0.00017016 0.000164491 0.000148978 0.000305682 0.000424168 0.000297991 0.000237119 0.000232904 0.000221192 0.000180488 0.000469109 0.000451287 0.000254837 0.000264572 0.000257759 0.000205197
threshold=-1.050339851357202 -1.4898579120635984 0.65277772148450219 -1.9980206120475035 -0.44066646969685647 -3.1626655849865886 -1.8084170446783905 -6.2136645317077628 -1.8449071248372393 -1.1929381065427489 -1.758520764508914 -0.37328610190249062 -0.089783017776119037 -2.7028028896651262 -0.74561620099625736 -1.3514998151002044 -1.4463184416492416 -0.39357358459961828 -5.7134946187337237 -0.52023637294769276 -3.5229309101899466 -2.767850513755302 -2.2912444876829827 -1.1579486926396685 -3.0786310831705728 -1.0718129873275755 0.080298939457690663 -1.3907750445740774e-07 -0.21499402851892227 -0.061810996902371143
decision_type=10 2 2 10 10 10 8 10 2 10 8 10 10 10 2 10 10 10 2 2 10 10 10 10 2 2 10 10 10 10
left_child=1 8 6 4 5 -2 -3 -8 9 -1 -10 15 14 -11 -9 -12 17 18 -5 -19 22 -20 -18 24 25 -22 27 -25 -28 -26
right_child=3 2 -4 16 -6 -7 7 12 10 13 11 -13 -14 -15 -16 -17 20 19 21 -21 23 -23 -24 26 29 -27 28 -29 -30 -31
leaf_value=7.0252991527914072e-06 0 0 0 0 0 0.00022982136556248822 0 0 0 0 0 0 0 -0.00017344082042353875 -0.00010180660124554762 0.00013566996687382524 0 0.00011533343958416696 0 -1.3638240142543497e-05 -0.00018349906221443377 -0.00016196101010000063 7.0084193398051021e-05 3.3642427825470411e-05 2.6997952794275127e-05 0 -3.8429094374111181e-05 0 0 -4.8071255837077212e-05
leaf_weight=114 20 163 202 122 67 39 65 24 135 24 93 47 48 57 322 130 52 55 21 71 80 104 243 1144 231 27 476 1228 3437 149
leaf_count=114 20 163 202 122 67 39 65 24 135 24 93 47 48 57 322 130 52 55 21 71 80 104 243 1144 231 27 476 1228 3437 149
internal_value=0 -1.11177e-05 -3.01477e-05 2.14747e-06 6.96894e-05 0.00015599 -4.6431e-05 -6.44391e-05 6.68551e-06 -2.27005e-05 3.31791e-05 6.39015e-05 -7.85561e-05 -0.000126146 -9.17428e-05 9.42887e-05 3.30656e-07 -2.95131e-05 -6.63559e-05 3.05467e-06 2.61373e-06 -0.000131048 4.6609e-05 0 -2.85174e-05 -0.000121033 2.96064e-06 1.63418e-05 -3.87325e-06 0
internal_weight=8990 1424 824 7566 126 59 622 459 600 195 405 270 394 81 346 223 7440 373 247 126 7067 125 295 6772 487 107 6285 2372 3913 380
internal_count=8990 1424 824 7566 126 59 622 459 600 195 405 270 394 81 346 223 7440 373 247 126 7067 125 295 6772 487 107 6285 2372 3913 380
is_linear=0
shrinkage=0.05


Tree=211
num_leaves=31
num_cat=0
split_feature=350 303 365 276 59 66 22 292 28 217 55 365 91 358 53 87 275 198 211 262 377 377 66 281 247 250 201 242 75 345
split_gain=8.80265e-05 0.000311042 0.000522125 0.000337572 0.000247074 0.000208047 0.000429056 0.000215215 0.000408257 0.000482427 0.000533332 0.000469065 0.000315858 0.000579283 0.000626587 0.000511579 0.000465382 0.000456942 0.000384249 0.000244046 0.000239783 0.000224104 0.000189242 0.000344548 0.000257965 0.000253097 0.000243024 0.000337722 0.000289197 0.000179696
threshold=14.941471099853517 0.22021567207424753 0.08812760318366962 0.99363982402679984 -1.4533639748891192 7.4640789031982431 -0.57483700911204005 2.6309134562810268 0.33641598622004193 1.0539839788166487 -1.0706215798854826 3.2600182948125718 -0.071179946263631139 0.026043834087196554 -1.7442409197489417 -0.18082622687021888 0.11061245626208221 -0.70648822646126797 0.039487883569610811 1.038354223455155 -1.3564260326584787 -0.95912203911507476 11.366523106892904 1.4177683252200526 0.95920541585989494 1.7313335759311539 2.0321258392414978 0.52273891023751851 0.11447152495384212 1.6927389502525332
decision_type=8 10 10 10 2 2 2 10 2 10 2 10 2 10 2 2 10 10 10 10 2 2 2 10 10 10 10 10 2 10
left_child=5 2 -2 4 -4 7 -7 12 9 10 -9 -12 20 14 15 -14 17 -15 -16 -18 -1 -11 23 -3 26 29 27 -24 -29 -25
right_child=1 22 3 -5 -6 6 -8 8 -10 21 11 -13 13 16 18 -17 19 -19 -20 -21 -22 -23 24 25 -26 -27 -28 28 -30 -31
leaf_value=-8.9471100447189382e-05 0 0 0 0 0.00020950635201142612 -0.00014998180586152005 -7.2920935895825536e-07 2.328547359833937e-05 1.0679664022628245e-05 -6.0623584527146106e-06 -7.9585237895882103e-05 2.9349156668453743e-05 0 0 -1.0073736789393155e-05 0.00026325532598904863 5.8893382254103208e-05 -0.00012555454720308864 8.4682959702056906e-05 -1.2614799580326029e-05 1.1906348666503618e-06 6.7481131636343522e-05 0 0 0 0 0 0 -0.00014743231300672774 0.00017847586840270813
leaf_weight=74 160 335 22 38 85 72 400 107 676 77 772 41 56 28 178 74 242 131 144 60 4430 137 48 22 306 22 23 21 141 68
leaf_count=74 160 335 22 38 85 72 400 107 676 77 772 41 56 28 178 74 242 131 144 60 4430 137 48 22 306 22 23 21 141 68
internal_value=0 1.21551e-05 5.63375e-05 0.000125179 0.000170614 -1.95119e-06 -3.41145e-05 0 -1.47742e-05 -3.43562e-05 -5.1894e-05 -6.79394e-05 5.13668e-06 3.19583e-05 7.25676e-05 0.000172169 0 -7.62204e-05 1.67919e-05 2.81362e-05 0 1.76752e-05 0 2.2477e-05 -2.14146e-05 9.84832e-05 -6.18649e-05 -8.44867e-05 -0.000120251 0.000138166
internal_weight=8990 1291 305 145 107 7699 472 7227 1810 1134 920 813 5417 913 452 130 461 159 322 302 4504 214 986 447 539 112 233 210 162 90
internal_count=8990 1291 305 145 107 7699 472 7227 1810 1134 920 813 5417 913 452 130 461 159 322 302 4504 214 986 447 539 112 233 210 162 90
is_linear=0
shrinkage=0.05


Tree=212
num_leaves=31
num_cat=0
split_feature=210 357 190 49 71 323 286 282 68 49 246 212 282 356 247 87 249 310 355 264 227 376 41 228 237 372 285 221 294 277
split_gain=8.46577e-05 0.000355915 0.000586592 0.000496593 0.00047534 0.000687022 0.000463078 0.000815595 0.000501908 0.000404025 0.000423838 0.000454978 0.000271073 0.000279715 0.000274405 0.000261299 0.000236234 0.000353399 0.000359481 0.000351471 0.000236121 0.000340943 0.000235582 0.000229899 0.000216121 0.000201052 0.000198135 0.000238855 0.000160272 0.000254587
threshold=-0.52327245578933057 -1.1366590015333389 -0.63972987722342778 -0.63344160715738917 -1.411158720652262 -0.71254020929336515 -0.082458359189331185 0.026644637187321952 0.85458525021870935 -8.7019557952880842 -0.55893387680274331 -1.5853029948278559 0.14259417851765951 -0.78510022699904614 -0.45317056587152144 0.664248287677765 -1.8129600259420826 -2.5194413830341333 -4.049023760992803 -2.1635453332550001 -0.98189909243321938 0.0014936016445055503 -1.4425151348114011 -1.1436723945180922 -0.19620973074682549 -0.005645124596856399 -0.025957436145593597 -0.50177129723042291 -1.3709278901418049 -0.87158817073818018
decision_type=8 10 10 2 2 10 10 10 2 2 10 10 10 10 10 2 10 10 10 10 10 2 2 8 10 2 10 10 10 8
left_child=1 2 16 9 20 6 -6 8 -8 -4 11 -11 13 24 -14 -15 17 -1 -19 -20 -3 -22 26 25 -7 -2 27 -18 29 -24
right_child=23 4 3 -5 5 12 7 -9 -10 10 -12 -13 14 15 -16 -17 22 18 19 -21 21 -23 28 -25 -26 -27 -28 -29 -30 -31
leaf_value=9.5416974797528936e-07 -8.5429368803824053e-05 0 0 0 0 8.7470691114969033e-05 0.00019158083423676957 0 0 0 0 -0.00026315241840891657 0 -9.9473507101821622e-05 0.00012737703483611169 0 9.1523326211336072e-05 0 -0.00028020435955849153 0 0 -0.00020669909353779792 -9.576639141440839e-05 -4.0103560108368715e-07 0 0 0 0 1.7702030179570608e-05 0
leaf_weight=154 155 109 36 160 113 84 225 44 20 23 25 85 25 131 81 124 258 36 36 72 77 36 100 6136 39 48 39 98 380 41
leaf_count=154 155 109 36 160 113 84 225 44 20 23 25 85 25 131 81 124 258 36 36 72 77 36 100 6136 39 48 39 98 380 41
internal_value=0 7.67313e-06 -5.19492e-06 -6.62519e-05 3.01042e-05 4.85995e-05 9.73466e-05 0.000131091 0.000169082 -0.000126032 -0.000166641 -0.000209746 0 -1.12502e-05 7.70465e-05 -5.02438e-05 7.23765e-06 -2.41344e-05 -8.56454e-05 -0.000134505 -2.11865e-05 -7.81074e-05 2.29033e-05 -2.9604e-06 2.89481e-05 -5.56647e-05 5.20281e-05 6.62902e-05 0 -4.46715e-05
internal_weight=8990 2651 1543 329 1108 886 402 289 245 169 133 108 484 378 106 255 1214 298 144 108 222 113 916 6339 123 203 395 356 521 141
internal_count=8990 2651 1543 329 1108 886 402 289 245 169 133 108 484 378 106 255 1214 298 144 108 222 113 916 6339 123 203 395 356 521 141
is_linear=0
shrinkage=0.05


Tree=213
num_leaves=31
num_cat=0
split_feature=375 320 340 365 324 69 226 27 250 223 346 319 333 76 17 77 329 60 355 334 246 344 30 333 248 90 367 57 47 213
split_gain=8.40796e-05 0.000169984 0.000315801 0.000327523 0.000270503 0.000284889 0.000360169 0.000238442 0.000245911 0.000415737 0.000173484 0.000166063 0.000256551 0.000267851 0.000275099 0.000246763 0.000178946 0.000153206 0.000395175 0.000652077 0.000591242 0.000494398 0.000414341 0.000361475 0.00030381 0.00031444 0.000272877 0.000309188 0.000272777 0.000267322
threshold=-0.21014192636942838 -0.98742607921381242 -0.082001288731892885 0.5261175693684077 -0.96654254198074352 1.815005699793498 -1.1395246953756952 -1.6887780825297039 -1.1759023092904031 -0.4889193372054717 -3.725472291310628 0.0039990451614652514 1.4336000164493581 5.3061849276224775 0.26195547978083294 0.49065611759821576 -0.21255563696225477 -1.7681512832641599 -2.2511434790672147 -1.5629083832020052 -1.5035329832257309 -0.18506685892740876 -1.8226432005564368 -1.6701959575282352 -1.4084006306184988 -0.77834856510162342 0.064274391311963663 1.4614036877950034 -0.031165520350138299 -0.21707557252937701
decision_type=2 10 10 10 10 2 10 2 10 10 10 10 10 2 2 2 10 2 8 10 8 10 2 10 10 2 2 2 2 8
left_child=1 7 3 4 -3 6 -6 -1 -9 10 -10 15 13 -13 -15 16 -4 26 19 -19 24 22 -21 -24 -20 -26 -2 28 -28 -22
right_child=17 2 11 -5 5 -7 -8 8 9 -11 -12 12 -14 14 -16 -17 -18 18 20 21 29 -23 23 -25 25 -27 27 -29 -30 -31
leaf_value=2.6820710848392782e-06 0 0 0 -2.941928465527051e-06 0 0 0.00012639675253560152 0 0 0 -0.00022078568410033317 3.6386749505922225e-06 -8.2775948828135574e-06 0 0.00013701663392008871 0 -0.00012840272541540264 0 0 -2.0923340806683428e-05 -2.1374461889137261e-05 0 0 -0.00036271895216019031 0 0.0001436074303279857 0 0 0.00014398586900073282 1.6237145785215095e-06
leaf_weight=415 272 68 28 53 56 38 277 53 29 83 56 417 386 32 114 172 79 317 41 98 1695 59 29 45 20 141 27 23 115 3752
leaf_count=415 272 68 28 53 56 38 277 53 29 83 56 417 386 32 114 172 79 317 41 98 1695 59 29 45 20 141 27 23 115 3752
internal_value=0 8.21469e-06 1.75573e-05 5.17866e-05 6.978e-05 8.70849e-05 0.000102894 -9.18976e-06 -5.40884e-05 -8.66323e-05 -0.000164433 0 1.359e-05 3.74609e-05 9.97709e-05 -2.93163e-05 -8.94416e-05 -2.77826e-06 -5.46493e-06 -4.62181e-05 -6.25691e-07 -0.000110092 -0.000153158 -0.000260538 8.21619e-05 0.000114818 2.38744e-05 7.51068e-05 0.000109516 -4.61521e-06
internal_weight=8990 2356 1720 492 439 371 333 636 221 168 85 1228 949 563 146 279 107 6634 6197 548 5649 231 172 74 202 161 437 165 142 5447
internal_count=8990 2356 1720 492 439 371 333 636 221 168 85 1228 949 563 146 279 107 6634 6197 548 5649 231 172 74 202 161 437 165 142 5447
is_linear=0
shrinkage=0.05


Tree=214
num_leaves=31
num_cat=0
split_feature=353 247 350 307 300 346 353 312 353 316 327 327 314 39 59 49 329 329 241 357 80 92 240 67 255 317 247 42 5 201
split_gain=8.53706e-05 0.000307466 0.000260927 0.00024786 0.000382644 0.000336331 0.000261492 0.000319891 0.000252698 0.000457236 0.000245365 0.00039377 0.000467869 0.000461109 0.000358854 0.000312903 0.000296584 0.000260297 0.000455074 0.00033284 0.000408755 0.000304149 0.00028517 0.000233897 0.000229837 0.000318443 0.000286554 0.000308769 0.000261972 0.000219837
threshold=-1.5398429919782701 -1.2822944477663172 -1.0000000180025095e-35 0.42591374955337519 -1.0519572695096333 -1.8886487285296119 -0.43443777304231251 -0.63415051558383639 -0.61324863892072823 -0.35368449973514687 -0.38720124804725237 -0.19814699888229356 -1.6234615257842266 0.3137967586517334 0.99767434597015392 -0.63344097137451183 -0.54704567293326056 0.11967339118321736 1.0620473855376116 -0.49750374996270347 0.00066132191568610006 0.00066138283970450012 1.8248201023978627 2.4389748573303227 -0.049865483406490947 -1.7875352865832912 0.049598853586374607 -0.98612936337788881 -4.9981228510538722 -0.61561686900360357
decision_type=10 10 10 10 10 10 10 10 10 10 10 10 10 2 2 2 10 10 10 10 2 2 10 2 10 10 10 2 2 10
left_child=1 -1 10 4 8 23 7 -7 9 -4 15 12 -12 14 -14 29 -17 19 21 20 -13 -19 -20 -6 25 -3 27 -27 -29 -2
right_child=2 24 3 -5 5 6 -8 -9 -10 -11 11 17 13 -15 -16 16 -18 18 22 -21 -22 -23 -24 -25 -26 26 -28 28 -30 -31
leaf_value=-1.1830699691436402e-05 1.404837224335564e-05 0 -0.00014156640659708625 -2.3336769947457074e-06 0.00011254849701413538 0 0 0.00014266623757742307 0 0 0 9.9535710958877682e-06 -0.00016140885804655659 0 0 0 0.0001062222662257016 0 0 3.091986566696991e-05 -6.3555664297045076e-05 -8.934305806610279e-05 0.00018034073848224917 0 0 0 0 0 0.0001530897399016789 -3.6576044527574705e-05
leaf_weight=668 327 368 93 2968 218 84 709 82 188 28 65 237 201 64 26 45 133 55 88 541 325 337 23 21 296 141 55 35 186 383
leaf_count=668 327 368 93 2968 218 84 709 82 188 28 65 237 201 64 26 45 133 55 88 541 325 337 23 21 296 141 55 35 186 383
internal_value=0 9.92901e-06 -2.37926e-06 4.41548e-06 2.20051e-05 3.73563e-05 1.57681e-05 7.24271e-05 -1.71571e-05 -7.72532e-05 -1.4602e-05 -2.48902e-05 -7.53097e-05 -0.000104671 -0.000138274 2.49942e-06 6.53385e-05 -1.05966e-05 -4.0644e-05 0 -2.36647e-05 -7.01662e-05 1.85794e-05 9.54412e-05 2.80001e-05 4.25613e-05 7.29271e-05 9.00255e-05 0.000129477 -6.22034e-06
internal_weight=8990 1749 7241 4391 1423 1114 875 166 309 121 2850 1962 356 291 227 888 178 1606 503 1103 562 392 111 239 1081 785 417 362 221 710
internal_count=8990 1749 7241 4391 1423 1114 875 166 309 121 2850 1962 356 291 227 888 178 1606 503 1103 562 392 111 239 1081 785 417 362 221 710
is_linear=0
shrinkage=0.05


Tree=215
num_leaves=31
num_cat=0
split_feature=243 275 253 216 229 347 285 235 359 228 362 255 273 28 228 364 292 207 219 267 376 251 335 250 19 302 70 332 199 193
split_gain=8.33296e-05 0.000274931 0.00040838 0.000321649 0.000370929 0.000329044 0.000327627 0.000216158 0.000322947 0.000282037 0.000275104 0.000321424 0.000287236 0.000243518 0.00020723 0.00030382 0.000294937 0.000287103 0.000237387 0.000252207 0.00022523 0.000287712 0.000545357 0.000280893 0.000285977 0.000180296 0.00023478 0.000179901 0.000366858 0.000323691
threshold=0.89705010202949009 0.19913610712803148 0.17229978254178768 -0.94952035943895763 1.1155146141590835 3.0341681639353442 0.18727975090344748 0.47376500069677291 0.82102930590487444 0.20822121720750372 1.554369134157876 1.209200716577862 0.73257069093946425 0.78953111171722423 0.77718333337743506 1.1371304203206529 11.075845877329511 1.0289192718737394 1.4522002613210663 0.25235148661808654 -0.0012841802807952998 1.6742480018749757 1.6820220686530949 1.7648978591974078 3.1673843065897627 -0.37827387677986024 0.00066139354991410018 0.72631948069177499 0.014646005723174552 -0.31571176775173942
decision_type=8 10 10 10 10 10 10 10 10 10 10 10 10 2 8 10 10 10 10 10 2 10 10 10 2 10 2 8 10 10
left_child=1 27 3 -3 5 6 -5 8 25 -10 -9 12 -12 -11 15 -2 17 18 19 -17 21 22 -16 24 -24 -4 -27 28 -1 -30
right_child=14 2 7 4 -6 -7 -8 10 9 13 11 -13 -14 -15 20 16 -18 -19 -20 -21 -22 -23 23 -25 -26 26 -28 -29 29 -31
leaf_value=0 0 -3.0398250476618804e-06 -4.9284260419403081e-05 0.00010224218246034879 0 0 0 0 0 -0.00010692109313288571 0 0 0.00016140216714355182 0 0 0 0 0 0 -0.00018816675472143175 -9.2027346099748126e-06 -5.5085166722788316e-06 0 0 0.00020512952192266402 -2.0522092221123334e-05 5.3774682208490861e-05 2.2393338730056354e-05 0 -6.2728657607337426e-05
leaf_weight=3532 614 108 87 486 95 155 47 335 62 207 81 114 96 36 139 20 82 38 38 116 736 73 35 29 95 52 278 515 189 500
leaf_count=3532 614 108 87 486 95 155 47 335 62 207 81 114 96 36 139 20 82 38 38 116 736 73 35 29 95 52 278 515 189 500
internal_value=0 2.70512e-06 1.75335e-05 4.37972e-05 5.66419e-05 7.0703e-05 8.94171e-05 0 -1.84699e-05 -5.87676e-05 2.16718e-05 5.80757e-05 0.000100405 -8.5058e-05 -8.8347e-06 -2.72049e-05 -6.97701e-05 -0.000101125 -0.000128767 -0.000159909 1.71795e-06 3.68528e-05 6.40012e-05 0.000127453 0.000158943 0 2.69177e-05 -3.24968e-06 -7.56334e-06 -4.10041e-05
internal_weight=8990 6975 2239 891 783 688 533 1348 722 305 626 291 177 243 2015 908 294 212 174 136 1107 371 298 159 130 417 330 4736 4221 689
internal_count=8990 6975 2239 891 783 688 533 1348 722 305 626 291 177 243 2015 908 294 212 174 136 1107 371 298 159 130 417 330 4736 4221 689
is_linear=0
shrinkage=0.05


Tree=216
num_leaves=31
num_cat=0
split_feature=375 306 257 200 325 236 337 236 302 60 83 282 321 346 248 66 76 12 363 370 336 349 331 279 361 216 237 275 3 267
split_gain=8.33634e-05 0.00020331 0.000432783 0.000320508 0.000351897 0.000510596 0.00028274 0.000209866 0.000187245 0.000445889 0.000283138 0.000151366 0.000141166 0.000137766 0.000173105 0.000353677 0.000351225 0.000400779 0.000333555 0.000429321 0.000337759 0.00023101 0.000602756 0.00027438 0.000230279 0.000206991 0.000291942 0.000300142 0.000251497 0.000348929
threshold=0.55598552999394912 -0.13300499345007924 0.48569701401221571 -0.61419669888172745 0.44406871000925691 1.0541400344083101 -1.5877972744905 1.0000000180025095e-35 -0.90914406686571014 -1.7681512832641599 0.064642677238831756 -1.0568890571594236 0.38588792030359598 8.2285084724426287 0.35167369536386278 -2.3853864669799791 7.5389782587687186 0.10648950142785882 0.14689757761309788 0.60712185721336975 -1.0698762397543453 14.945358574390413 1.3676664742353888 1.2444743138817145 1.1111055713255462 -0.60182309655193966 0.58794344296897461 0.044050850666364758 -0.24721176425615943 -2.6272079280391725
decision_type=2 10 10 10 10 10 10 10 10 2 2 10 10 8 8 2 2 2 8 2 10 10 10 10 10 10 10 10 2 10
left_child=13 7 3 -3 5 6 -5 8 9 -2 11 -11 -9 14 16 24 25 -18 19 -17 -21 23 -23 -20 -16 28 27 -27 29 -1
right_child=1 2 -4 4 -6 -7 -8 12 -10 10 -12 -13 -14 -15 15 18 17 -19 21 20 -22 22 -24 -25 -26 26 -28 -29 -30 -31
leaf_value=-0.00014971083164407696 0 0 0 0 0 0 -0.00021108981111326891 8.5592065593459378e-05 7.0738255259876608e-06 0 0 -0.00026570392103854741 0 4.723588989325814e-05 6.7883554416440275e-05 0 0.00017797321900654537 0 -8.7728286881258411e-06 0 -0.0001125170797827028 1.1084411929350036e-06 -0.00013631641999761249 3.7618646776617457e-05 0 4.4059465937646958e-06 -2.2533193182363484e-05 4.5406614881309557e-05 -2.9098273811577447e-05 1.5426862787305824e-05
leaf_weight=30 64 30 275 20 36 27 122 116 138 22 36 38 25 164 216 270 64 41 1519 39 269 65 114 402 119 1722 387 824 859 937
leaf_count=30 64 30 275 20 36 27 122 116 138 22 36 38 25 164 216 270 64 41 1519 39 269 65 114 402 119 1722 387 824 859 937
internal_value=0 -1.40236e-05 -3.68941e-05 -8.69222e-05 -0.000112104 -0.000142987 -0.000182519 1.16118e-06 -9.62638e-06 -5.52562e-05 -0.000129175 -0.00019611 5.93869e-05 1.64492e-06 6.03716e-08 -8.68113e-06 6.5033e-06 9.89183e-05 -1.60645e-05 -5.07534e-05 -9.1197e-05 -4.13404e-06 -5.85234e-05 0 3.54082e-05 3.41165e-06 1.23707e-05 1.96407e-05 -8.24057e-06 5.11862e-06
internal_weight=8990 949 510 235 205 169 142 439 298 160 96 60 141 8041 7877 3013 4864 105 2678 578 308 2100 179 1921 335 4759 2933 2546 1826 967
internal_count=8990 949 510 235 205 169 142 439 298 160 96 60 141 8041 7877 3013 4864 105 2678 578 308 2100 179 1921 335 4759 2933 2546 1826 967
is_linear=0
shrinkage=0.05


Tree=217
num_leaves=31
num_cat=0
split_feature=71 349 61 337 12 290 32 375 376 376 377 66 211 59 198 0 375 49 68 243 53 364 327 377 194 304 338 358 346 68
split_gain=8.0591e-05 0.000185065 0.000177264 0.000261735 0.000406477 0.00028435 0.000360052 0.000305495 0.000159571 0.000294354 0.000252896 0.000247077 0.000358162 0.000320847 0.000347254 0.00031454 0.000231701 0.000290177 0.000255517 0.000228491 0.000215476 0.00031446 0.000264138 0.000198784 0.000161969 0.000273807 0.000106802 8.73576e-05 7.90014e-05 6.29825e-05
threshold=-3.9281693299611402 -8.3205444018046055 -3.2145083745320631 -2.2241538344504534 -0.0055832276120781491 -0.35691964626312245 -0.48464218775431306 -0.5467367840023819 -0.0061744794883454492 -0.0014141598636351498 -0.35424595985069346 -4.577076117197671 -0.31339108420517042 -4.7196261088053371 0.46069362925023416 0.79765240351359068 -0.43144921598879821 -5.1999802589416495 0.77085876464843761 1.6290024789977755 3.4751203854878745 1.543224286584753 -0.42598070452610642 -0.90460828916900871 2.0341318338983077 3.3440616337239715 2.6665281282935305 -1.073028576092854 3.0561064283053088 -0.15234075983365372
decision_type=2 10 2 10 2 10 2 2 2 2 2 2 10 2 10 2 2 2 2 10 2 10 10 2 10 10 10 10 10 2
left_child=1 -1 3 -2 5 6 -5 -8 10 11 16 13 23 29 -15 -14 -4 -18 -19 20 22 -22 -11 -13 25 -21 -26 -6 -12 -10
right_child=2 -3 8 4 27 -7 7 -9 9 19 28 12 15 14 -16 -17 17 18 -20 24 21 -23 -24 -25 26 -27 -28 -29 -30 -31
leaf_value=0.00012851599717113256 0 0 0 0 6.0789213609285239e-05 0 0 -0.00015959689536398729 3.9467252539231165e-05 1.8446869868911774e-05 0 -7.8648965381787744e-05 4.3856276964869545e-05 0.00010464381639501846 0 0 0 -0.00010789121765075553 0 -6.274859011896364e-05 6.3524785593446371e-05 0 -9.7031846260153224e-06 0 9.1202485537761389e-05 0 0 0 9.7326672154568206e-05 -2.0294016473460856e-05
leaf_weight=40 166 68 80 25 59 33 44 176 65 1044 54 145 691 277 78 535 66 243 114 427 324 212 3435 218 32 119 23 33 28 136
leaf_count=40 166 68 80 25 59 33 44 176 65 1044 54 145 691 277 78 535 66 243 114 427 324 212 3435 218 32 119 23 33 28 136
internal_value=0 4.29748e-05 -4.54481e-07 -2.86552e-05 -5.43821e-05 -8.71196e-05 -0.000107294 -0.000130036 7.57874e-07 3.22988e-06 -2.34867e-05 1.92447e-05 5.49981e-06 4.95272e-05 7.81041e-05 2.10424e-05 -4.19729e-05 -5.88549e-05 -7.833e-05 -1.99684e-06 5.29015e-07 3.11958e-05 -2.02519e-06 -3.32148e-05 -3.13883e-05 -4.27309e-05 0 0 2.89216e-05 0
internal_weight=8990 108 8882 536 370 278 245 220 8346 7761 585 2145 1589 556 355 1226 503 423 357 5616 5015 536 4479 363 601 546 55 92 82 201
internal_count=8990 108 8882 536 370 278 245 220 8346 7761 585 2145 1589 556 355 1226 503 423 357 5616 5015 536 4479 363 601 546 55 92 82 201
is_linear=0
shrinkage=0.05


Tree=218
num_leaves=31
num_cat=0
split_feature=350 303 72 308 276 245 188 292 274 22 282 217 279 60 0 367 240 367 5 53 257 370 86 320 65 375 60 324 334 8
split_gain=8.05501e-05 0.000266872 0.000462639 0.000250151 0.000351532 0.000194011 0.000421401 0.000511712 0.00056341 0.000638425 0.000843592 0.000321144 0.000354587 0.000443898 0.000332089 0.000326446 0.000316638 0.000328109 0.0003116 0.000287714 0.000280107 0.000294272 0.000269078 0.000315849 0.000264069 0.000430239 0.00045153 0.000369455 0.000263271 0.000262197
threshold=14.941471099853517 0.22021567207424753 -0.39632661143938691 -0.27472716447691459 0.93450473399979239 0.29436080761395272 0.41142523870104242 2.6309134562810268 -0.59171413812377227 -0.87063157558441151 0.27279400825500494 -0.45963706035324942 -0.85100917993918623 0.57341243823369348 -0.36439009507497144 -0.18519621877334547 0.75285137698514315 -0.37209884393454434 -0.82337772846221913 1.1932201981544497 -0.99704848705282367 1.4633570806691707 0.52794661124547326 2.0337805314900383 6.385782877604167 -0.13071253469921967 1.4099748929341638 0.57892831166585312 -0.63848025338502579 1.4050554434458415
decision_type=8 10 2 10 10 8 10 10 10 2 10 10 10 2 2 2 10 2 2 2 10 2 2 10 2 2 2 10 10 2
left_child=5 2 -2 -4 -5 6 7 11 -9 10 -10 14 -13 -14 28 -16 17 -8 19 20 -7 -22 -19 -24 -20 -26 -27 -28 -1 -11
right_child=1 -3 3 4 -6 18 16 8 9 29 -12 12 13 -15 15 -17 -18 22 24 -21 21 -23 23 -25 25 26 27 -29 -30 -31
leaf_value=-1.0083678178310916e-05 0 0 0 0.0001983211186099926 0 0 0 1.7821088366595495e-05 -0.00022916726831518185 -4.6465736746338832e-05 0 -7.2622559201036727e-06 6.3513237447537693e-05 0 0 -0.00010122236991031611 0 0 0 0 -0.00012423737854832723 0 0.00015265851780077813 0 0 0 -0.00033453535159696113 0 3.0738837714390236e-05 5.4127240640980618e-05
leaf_weight=1519 141 986 33 89 42 36 83 144 118 264 37 440 690 489 55 168 139 144 2086 97 218 43 179 21 46 44 34 21 533 51
leaf_count=1519 141 986 33 89 42 36 83 144 118 264 37 440 690 489 55 168 139 144 2086 97 218 43 179 21 46 44 34 21 533 51
internal_value=0 1.16899e-05 5.25836e-05 0.000110404 0.000141518 -1.7999e-06 3.13319e-06 -8.98899e-07 -4.41858e-05 -7.38194e-05 -0.000162455 4.64348e-06 2.23781e-05 3.768e-05 -5.78008e-06 -6.37339e-05 4.40743e-05 6.65444e-05 -1.32398e-05 -5.54359e-05 -8.06071e-05 -0.000100376 8.87699e-05 0.000130049 -3.54463e-06 -6.88692e-05 -0.00013341 -0.000229124 0 -1.42993e-05
internal_weight=8990 1291 305 164 131 7699 5074 4508 614 470 155 3894 1619 1179 2275 223 566 427 2625 394 297 261 344 200 2231 145 99 55 2052 315
internal_count=8990 1291 305 164 131 7699 5074 4508 614 470 155 3894 1619 1179 2275 223 566 427 2625 394 297 261 344 200 2231 145 99 55 2052 315
is_linear=0
shrinkage=0.05


Tree=219
num_leaves=31
num_cat=0
split_feature=191 50 259 191 350 284 87 208 297 297 67 35 23 207 62 284 41 290 292 28 91 16 268 5 79 87 310 36 39 87
split_gain=7.88879e-05 0.000143221 0.000289514 0.000395988 0.000150747 0.000388781 0.000261508 0.000243205 0.000320798 0.000202007 0.000163381 0.000434269 0.000236155 0.000290251 0.000234537 0.000157415 0.000295354 0.000317231 0.000214099 0.000413851 0.000343008 0.000152754 0.000137767 0.000139997 0.000170884 0.000125225 0.000114321 0.000128161 8.85759e-05 0.000151079
threshold=2.2583293612168927 16.393929799397792 1.7326921136072626 0.2361419423495966 18.976573626200359 0.27427991231282545 1.1204649209976199 1.1866057606963785 -0.10165815552075698 0.45161265134811418 2.1503570079803471 0.23910242319107086 0.013358666251103003 0.31516201903813079 1.1396121581395469 0.99843229850133286 3.4318388303120937 1.1047785679499311 2.6309134562810268 0.33641598622004193 -0.57885632912317908 1.3984518051147463 2.3820822315109713 1.9663180510203044 7.8876333236694345 1.8777194817860927 0.68484321601659082 1.2048277854919436 2.9636564254760747 1.4108727773030598
decision_type=10 2 10 10 8 10 2 10 8 8 2 2 2 10 2 10 2 10 10 2 2 2 10 2 2 2 10 2 2 2
left_child=1 4 3 -3 10 7 -7 8 -6 -10 15 21 13 -13 -14 18 17 -17 20 -20 -1 -12 23 -2 26 -5 -25 -28 29 -8
right_child=22 2 -4 25 5 6 28 -9 9 -11 11 12 14 -15 -16 16 -18 -19 19 -21 -22 -23 -24 24 -26 -27 27 -29 -30 -31
leaf_value=-7.3773777533321023e-07 0 0 0 0 0 -9.4063908165597964e-05 0 0 0.00012098056288677615 0 -0.00019899563542894849 -2.2268588975456761e-06 0 6.5112932514849257e-05 -4.360097674076094e-05 0 0 0.000185502465171409 -4.1097907612001109e-05 1.311225408745628e-05 3.0936564252376265e-05 0 0 0 0 -0.00026854479371878146 0.00017456595837994873 0 0 9.1158173577979488e-05
leaf_weight=4166 22 21 71 20 43 76 23 125 220 45 46 272 268 197 596 20 29 56 826 428 999 22 25 20 20 33 63 20 146 72
leaf_count=4166 22 21 71 20 43 76 23 125 220 45 46 272 268 197 596 20 29 56 826 428 999 22 25 20 20 33 63 20 146 72
internal_value=0 -4.97275e-07 -4.98262e-05 -0.000120951 0 2.17252e-05 -7.85478e-06 5.49222e-05 7.88269e-05 0.000101227 -1.69743e-06 -1.74332e-05 -7.13405e-06 1.54079e-05 -2.51571e-05 9.15585e-07 6.16153e-05 0.000122254 0 -1.86091e-05 4.42106e-06 -0.000145598 3.38617e-05 6.0974e-05 8.50025e-05 -0.000197631 0.000113008 0.000138865 0 4.82545e-05
internal_weight=8990 8820 145 74 8675 750 317 433 308 265 7925 1401 1333 469 864 6524 105 76 6419 1254 5165 68 170 145 123 53 103 83 241 95
internal_count=8990 8820 145 74 8675 750 317 433 308 265 7925 1401 1333 469 864 6524 105 76 6419 1254 5165 68 170 145 123 53 103 83 241 95
is_linear=0
shrinkage=0.05


Tree=220
num_leaves=31
num_cat=0
split_feature=210 298 363 231 253 228 273 339 53 56 360 344 202 237 334 11 376 28 333 78 318 285 241 266 366 25 238 367 228 337
split_gain=8.0873e-05 0.000346452 0.000291472 0.00033602 0.000213448 0.000201016 0.000297363 0.000244895 0.000192641 0.00018406 0.000179588 0.000176772 0.000166205 0.000424128 0.000384478 0.0004326 0.00032438 0.000387217 0.00042048 0.000332897 0.00044118 0.000311765 0.000293429 0.000265099 0.00026491 0.000206139 0.000205352 0.000186486 0.00018253 0.0001673
threshold=-0.52327245578933057 0.037328020359078957 -1.2932601482111019 0.51267559792768636 -1.2347906146080978 -0.69560670119008849 -0.41820636219628254 -2.1931158353212337 -0.13824174801508582 0.77630694707234715 1.1325044385237217 -2.5960952440897622 -0.54777327504878304 -0.99917912403400477 -1.7044090342186144 -0.014855412145455648 0.0018865392961075003 0.28276869344214595 -1.3038581700696519 0.09694421291351317 -0.58383270287661371 0.0077939503826199011 -0.90959396649253177 -1.2298821980529879 -0.34197501258962504 0.34457641839981085 -0.93096084180113181 -0.59902493390979383 -1.8050621471922128 -2.8368806609132302
decision_type=8 10 10 10 10 8 10 10 2 2 10 10 10 10 10 2 2 2 10 2 10 10 10 10 2 2 10 2 10 10
left_child=1 12 -3 4 -4 6 7 -2 9 10 -9 -7 13 22 -15 -16 17 18 -14 -18 -21 -22 26 -24 -20 -17 28 -25 -1 -28
right_child=5 2 3 -5 -6 11 -8 8 -10 -11 -12 -13 16 14 15 25 19 -19 24 20 21 -23 23 27 -26 -27 29 -29 -30 -31
leaf_value=-1.5367126919033402e-05 0 0 0 0 0.00017212206190356724 3.7223914840064007e-05 0 -0.00013364116306815939 0 0 0 -2.2419870028217367e-06 0 0 -7.5309760814737281e-06 -0.00015878093016026258 1.4093990895182552e-05 -4.040520376596483e-06 0 0 -0.0002402156993616748 0 0 0 0.00011871660781202504 0 0 0.00011800116380054162 3.2528593623688065e-05 -0.0001013242803442417
leaf_weight=250 73 51 21 40 105 299 221 185 28 40 24 5469 100 265 276 141 130 91 26 38 47 22 71 22 270 25 29 142 401 88
leaf_count=250 73 51 21 40 105 299 221 185 28 40 24 5469 100 265 276 141 130 91 26 38 47 22 71 22 270 25 29 142 401 88
internal_value=0 7.40099e-06 6.82526e-05 0.000102351 0.00014304 -2.99783e-06 -3.13003e-05 -6.10046e-05 -8.3135e-05 -9.80901e-05 -0.000116888 0 0 -6.43093e-06 -3.78861e-05 -6.68572e-05 2.18211e-05 4.80936e-05 7.2695e-05 -1.10744e-05 -8.83227e-05 -0.000167489 1.07584e-05 6.01174e-05 0.000103051 -0.00013533 0 9.60025e-05 6.45661e-06 -6.44385e-05
internal_weight=8990 2651 217 166 126 6339 571 350 277 249 209 5768 2434 1710 707 442 724 487 396 237 107 69 1003 235 296 166 768 164 651 117
internal_count=8990 2651 217 166 126 6339 571 350 277 249 209 5768 2434 1710 707 442 724 487 396 237 107 69 1003 235 296 166 768 164 651 117
is_linear=0
shrinkage=0.05


Tree=221
num_leaves=31
num_cat=0
split_feature=375 195 207 75 291 4 350 213 263 263 61 219 215 55 66 351 275 278 78 368 336 372 19 361 326 222 206 6 245 61
split_gain=7.82995e-05 0.000189264 0.000423701 0.000534583 0.000283108 0.000316204 0.000309103 0.000255759 0.00023422 0.000508419 0.000279297 0.000272384 0.000378274 0.000288946 0.000229612 0.000331942 0.000320328 0.000174797 0.000169939 0.000456914 0.000269151 0.00020184 0.000321129 0.00016134 0.000154701 0.000247315 0.000508627 0.000216566 0.000222352 0.000212324
threshold=-0.037395754794959095 1.132155625776113 2.358420496683499 0.4607131878534953 1.9222750663757326 4.2329842249552412 9.9341074033532135e-08 0.86073698330968396 0.91787965364290625 0.76224250148962902 -1.1019883553187051 -0.092611325000393138 0.75659136763898183 -0.53312198321024573 -18.387950897216793 -1.3749848604202268 -1.634360432641601 0.53284951979384909 1.4884800513585408 1.1461162381475669 1.1725145093454421 -0.060922963030634894 6.212709069252015 0.18776637005531488 0.88749078909556067 -0.32517779234057775 -0.74072069109793515 -1.8983108202616374 0.13948359898206961 -1.2403665781021116
decision_type=2 10 10 2 10 2 10 10 10 10 2 10 10 2 2 8 10 10 2 2 10 2 2 10 10 8 10 2 10 2
left_child=24 2 8 -4 5 6 -3 -5 9 14 -11 23 13 -13 16 -16 -2 -8 19 20 -6 -20 -23 -10 25 -1 27 -27 -29 -28
right_child=1 4 3 7 18 -7 17 -9 11 10 -12 12 -14 -15 15 -17 -18 -19 21 -21 -22 22 -24 -25 -26 26 29 28 -30 -31
leaf_value=-1.3893412962572755e-07 0 0 0 -0.00033411038141874466 0 0 0 0 0 0 0.00011958734792794342 0 0 -0.00010714786102507292 -4.5674274206399147e-05 0 0.00012742162136141941 0.00020061905520347688 0 0 -0.00017567396848744532 0 0.00017518135057147276 8.1058024611468796e-05 -1.0736446188307274e-05 0 -1.2890854897933727e-05 0.00015124237535692414 0 2.5947493999444193e-05
leaf_weight=1297 24 79 58 29 20 114 24 23 63 64 133 53 224 264 496 3122 76 73 179 90 70 40 45 62 782 33 393 143 33 884
leaf_count=1297 24 79 58 29 20 114 24 23 63 64 133 53 224 264 496 3122 76 73 179 90 70 40 45 62 782 33 393 143 33 884
internal_value=0 -3.75297e-06 -8.20053e-06 -0.00010751 1.78576e-05 5.69799e-05 9.9184e-05 -0.00022378 -4.72217e-06 0 7.81975e-05 -3.21315e-05 -5.02074e-05 -8.53449e-05 -4.20717e-06 -7.52871e-06 6.59035e-05 0.000160622 0 -4.39712e-05 -0.000128619 1.70338e-05 8.26435e-05 6.1104e-06 5.78565e-06 1.2225e-05 2.63802e-05 0.000102013 0.000124222 1.00797e-05
internal_weight=8990 5425 4691 110 734 290 176 52 4581 3915 197 666 541 317 3718 3618 100 97 444 180 90 264 85 125 3565 2783 1486 209 176 1277
internal_count=8990 5425 4691 110 734 290 176 52 4581 3915 197 666 541 317 3718 3618 100 97 444 180 90 264 85 125 3565 2783 1486 209 176 1277
is_linear=0
shrinkage=0.05


Tree=222
num_leaves=31
num_cat=0
split_feature=207 218 238 53 377 42 40 276 317 342 249 12 248 375 371 264 267 39 75 300 75 91 268 356 54 235 308 280 227 89
split_gain=7.81132e-05 0.000327652 0.000279492 0.00044242 0.000362021 0.000439596 0.000327064 0.000315034 0.000307804 0.000361061 0.000231582 0.000389057 0.00029571 0.000237911 0.00027963 0.000210103 0.000247557 0.00029659 0.000300628 0.000203087 0.00019807 0.000184365 0.000176585 0.000322318 0.000483424 0.000315394 0.000238617 0.000257688 0.000251285 0.000234466
threshold=0.39829221968875606 1.839191369393133 0.53897217469534831 1.2360273202260337 -0.92232423241897099 -0.067738796894748834 -0.50929729143778479 0.26583033080674817 0.26237393407609211 -2.5568998157978062 0.63179056723901372 0.025876589119434305 -1.1548956895787088 -0.35072566291944229 1.1008770675073087 0.3894368377493248 0.82827842307837751 -1.4724889596303301 2.2097980976104745 -2.2061156431833897 2.0294336477915453 2.7125004132588706 0.2860619605590784 0.16414844443760104 0.92177104949951183 0.47376500069677291 1.4646794970987986 0.90406936889655143 1.2720228563120657 8.3086096445719431
decision_type=10 10 10 2 2 2 2 10 10 10 10 2 10 2 2 10 10 2 2 10 2 2 10 10 2 10 10 10 10 2
left_child=1 10 3 6 -5 -6 8 -8 9 -2 11 -1 -13 -14 -15 -12 17 -17 -19 -11 -9 -3 25 24 -24 -4 27 -25 -29 -27
right_child=2 21 22 4 5 -7 7 20 -10 19 15 12 13 14 -16 16 -18 18 -20 -21 -22 -23 23 26 -26 29 -28 28 -30 -31
leaf_value=1.5854380937000457e-06 0 0 0 0 0 0.00014085576072492105 0 -0.00015049382055269705 0 0 0 2.0352972072688102e-05 0 -6.4017259698442554e-05 0 0 0 0.00015237831037442058 0 0.00014302178073472631 0 -0.00023562940524956712 0 0 -0.00015766536142380021 0.00011668719543428609 -1.9712902062623918e-05 9.9272797920864711e-05 0 0
leaf_weight=4100 25 54 103 141 76 198 169 75 126 31 231 141 228 749 229 20 104 133 30 126 32 24 83 355 88 121 876 155 144 23
leaf_count=4100 25 54 103 141 76 198 169 75 126 31 231 141 228 749 229 20 104 133 30 126 32 24 83 355 88 121 876 155 144 23
internal_value=0 -3.28699e-06 6.6414e-06 2.86535e-05 6.81223e-05 0.000101635 0 -3.89157e-05 3.60102e-05 8.01233e-05 -1.10423e-06 -4.94049e-06 -2.85145e-05 -3.83746e-05 -4.92339e-05 2.95783e-05 5.83809e-05 9.3404e-05 0.000119751 0.000114835 -0.000106103 -0.000105977 -2.08141e-06 -1.0162e-05 -7.57376e-05 3.33138e-05 0 1.97868e-05 5.48641e-05 8.58771e-05
internal_weight=8990 6043 2947 999 415 274 584 276 308 182 5965 5447 1347 1206 978 518 287 183 163 157 107 78 1948 1701 171 247 1530 654 299 144
internal_count=8990 6043 2947 999 415 274 584 276 308 182 5965 5447 1347 1206 978 518 287 183 163 157 107 78 1948 1701 171 247 1530 654 299 144
is_linear=0
shrinkage=0.05


Tree=223
num_leaves=31
num_cat=0
split_feature=353 247 363 254 34 244 363 216 47 271 37 191 60 366 3 254 347 251 42 51 87 201 309 2 334 334 276 320 256 192
split_gain=7.68615e-05 0.000265022 0.000264692 0.000326606 0.000623327 0.000363849 0.000304082 0.000335905 0.000395409 0.0002567 0.000427292 0.000339639 0.000254661 0.000363337 0.000475144 0.00024822 0.000315551 0.000245768 0.000353781 0.000329458 0.000366901 0.000348553 0.000255534 0.000343474 0.000521988 0.000608518 0.000308736 0.000269466 0.000273312 0.000305692
threshold=-1.5398429919782701 -1.2822944477663172 -0.20378069323822554 -0.14672953743735853 0.3337216575940451 -0.099378833157465041 -1.711918467875478 0.18896449455288686 0.78688442707061779 -0.7366988963479103 -0.56366161505381263 -1.6727196998492455 -0.45987856388092035 0.39207840775837505 2.0473728974660239 -1.1677321770321545 2.2413466771443686 -0.27532455775558129 0.014566270634531902 0.75962722301483165 0.064455310503641713 -0.8311243663234299 -4.4515984846341804e-05 0.13745280106862381 1.4670519998746772 -0.3324667244293793 -0.86530054321546868 0.97774000722130461 0.09120896546694747 1.5021927761176659
decision_type=10 10 10 10 2 10 10 10 2 10 2 10 2 2 2 10 10 10 2 2 2 10 10 2 10 10 10 10 10 10
left_child=1 -1 3 5 -5 9 15 8 -8 -2 11 -11 -6 14 -14 -7 -17 18 -4 20 -20 -22 23 26 25 -25 -19 28 -24 -30
right_child=2 -3 17 4 12 6 7 -9 -10 10 -12 -13 13 -15 -16 16 -18 22 19 -21 21 -23 27 24 -26 -27 -28 -29 29 -31
leaf_value=-1.0479385338487221e-05 0 2.6183994302631437e-05 0 0 0 6.1201310990935992e-06 0 0 0.00014025515380384885 0 0 -8.669103285368707e-05 -0.00018351741810132194 0 0 -0.00011612988186627111 0 -0.0001076200621594724 0 0 0 0.00014078582538560818 0 0 2.2389212364747868e-06 -0.00016354583083768814 2.1140083475846231e-05 -6.1694220702590603e-06 5.418709871628716e-05 -2.2252426389464545e-05
leaf_weight=668 440 1081 459 172 31 142 174 285 142 56 324 432 169 58 70 108 35 55 127 198 23 211 403 61 43 160 299 1802 704 58
leaf_count=668 440 1081 459 172 31 142 174 285 142 56 324 432 169 58 70 108 35 55 127 198 23 211 403 61 43 160 299 1802 704 58
internal_value=0 9.32265e-06 -2.35433e-06 -1.5412e-05 -5.29831e-05 -4.28486e-06 1.71486e-05 4.01096e-05 7.56036e-05 -2.3446e-05 -4.04696e-05 -7.00964e-05 -9.50176e-05 -0.00011006 -0.000137298 -1.37303e-05 -6.83731e-05 4.04301e-06 2.59843e-05 5.30227e-05 8.14488e-05 0.000118958 -7.93363e-07 -3.10913e-05 -7.42546e-05 -0.000111746 0 3.83311e-06 2.35955e-05 4.18059e-05
internal_weight=8990 1749 7241 2638 500 2138 886 601 316 1252 812 488 328 297 239 285 143 4603 1018 559 361 234 3585 618 264 221 354 2967 1165 762
internal_count=8990 1749 7241 2638 500 2138 886 601 316 1252 812 488 328 297 239 285 143 4603 1018 559 361 234 3585 618 264 221 354 2967 1165 762
is_linear=0
shrinkage=0.05


Tree=224
num_leaves=31
num_cat=0
split_feature=367 248 14 71 91 12 197 225 43 19 238 32 64 292 69 58 77 2 239 253 79 279 362 64 326 64 208 219 85 370
split_gain=7.52879e-05 0.000165693 0.000537679 0.000260878 0.000265893 0.000187118 0.000117588 0.000117128 0.000220416 0.000216653 0.000465369 0.000383645 0.000334409 0.000253408 0.000368593 0.000184409 0.000234586 0.000228884 0.000212942 0.000290976 0.000210509 0.000203344 0.000194628 0.000181541 0.000358429 0.000281546 0.000177209 0.000173622 0.000160316 0.00014671
threshold=1.2360274192398208 -0.43563190920409428 0.0016421334197123502 1.0117020209630332 -4.3764707247416172 0.0069728096326191506 -2.3516140523606057 2.3804403588981171 -1.1619112888971961 -7.7721099853515616 -2.3884924107449792 0.28286005059878033 -5.7134946187337237 -14.985167821248371 -0.66849386692047108 0.1439723571141561 -0.27410270770390821 0.75924845536549901 -1.5869645809257957 -0.13446329786063713 0.74845524628957116 1.0016422777023626 1.0458026993622227 -3.6287984848022452 -0.20765749613443993 -4.3104284604390459 -2.4605084068256589 -0.74934438356150468 5.1025834083557138 0.46195209034009693
decision_type=2 10 2 2 2 2 10 10 2 2 10 2 2 10 2 2 2 2 10 10 2 10 10 2 10 2 10 10 2 2
left_child=7 6 3 4 -3 -6 -2 8 9 10 26 12 -12 14 27 17 -17 18 -10 -20 22 -22 -18 25 -25 -15 -1 -11 29 -9
right_child=1 2 -4 -5 5 -7 -8 28 15 13 11 -13 -14 23 -16 16 20 -19 19 -21 21 -23 -24 24 -26 -27 -28 -29 -30 -31
leaf_value=0 6.6347078249872517e-05 0 0 0 -0.00021514336162846431 0 0 0 0 0 0 0 -0.00017060706382768264 0 0 -1.55924138592906e-05 6.0176404524367414e-05 0 0.00015854512599314697 0 -4.4559251624204964e-06 3.3062789405570083e-05 0 -3.3583209336400753e-05 6.9719763464378926e-07 8.8570645880585642e-05 0.00017112271943643911 0.00023444247901422896 0 -7.4328705429086263e-05
leaf_weight=21 68 22 458 22 80 20 227 116 29 22 56 100 116 641 21 554 458 29 107 32 1045 466 163 940 2735 127 20 36 80 179
leaf_count=21 68 22 458 22 80 20 227 116 29 22 56 100 116 641 21 554 458 29 107 32 1045 466 163 940 2735 127 20 36 80 179
internal_value=0 -1.37744e-05 -3.10006e-05 -0.000115515 -0.000145222 -0.000179904 4.43388e-06 1.49169e-06 3.39411e-06 -2.25887e-06 -4.25288e-05 -7.63019e-05 -0.000121564 0 8.9148e-05 1.46085e-05 8.9712e-06 6.60596e-05 9.23076e-05 0.000118846 1.76996e-05 3.80761e-06 4.34449e-05 -1.04829e-06 -6.71129e-06 1.95378e-05 5.95126e-05 0.000163341 -2.43233e-05 -4.59365e-05
internal_weight=8990 897 602 144 122 100 295 8093 7718 4835 313 272 172 4522 79 2883 2686 197 168 139 2132 1511 621 4443 3675 768 41 58 375 295
internal_count=8990 897 602 144 122 100 295 8093 7718 4835 313 272 172 4522 79 2883 2686 197 168 139 2132 1511 621 4443 3675 768 41 58 375 295
is_linear=0
shrinkage=0.05


Tree=225
num_leaves=31
num_cat=0
split_feature=375 305 45 191 37 203 325 268 268 267 77 200 349 249 268 308 324 13 338 204 334 363 7 359 92 7 44 282 193 263
split_gain=7.41699e-05 0.000187421 0.000348374 0.000426606 0.000484022 0.00047838 0.000233545 0.000134297 0.000283095 0.000261986 0.000242118 0.000222479 0.000209437 0.00039839 0.000297351 0.000287734 0.000255783 0.000209999 0.000299513 0.000224652 0.000345939 0.000206899 0.000225522 0.000266002 0.000335962 0.000183051 0.000167106 0.000349294 0.000274648 0.000252028
threshold=0.55598552999394912 -1.419062157430421 0.00066145796639220016 0.23936882076472751 0.76755571365356456 -0.52068221723416708 0.17840455969174704 1.5237474277602361 1.9879489066164615 1.1024927038887562 0.77848136425018322 1.4481173311763034 4.6622330347696943 0.91089482039670544 -1.0148639054064204 -0.9931238011593263 0.98948303858439124 0.048396651943524653 0.6122805253015734 0.38617133925806407 1.6581909499877197 2.0399902982705638 3.541910489400228 0.34778359028270267 0.88522013028462743 5.3267089525858564 1.1204293171564739 0.39558434486389188 0.66294831515110053 -0.11124630263983144
decision_type=2 10 2 10 2 10 10 10 10 10 2 10 10 10 10 10 10 2 10 10 10 8 2 8 2 2 2 10 10 10
left_child=7 -2 3 4 5 -3 -7 12 9 10 -9 -12 21 14 -14 -16 -17 18 -15 -19 -21 26 23 -23 -25 -11 27 -1 29 -28
right_child=1 2 -4 -5 -6 6 -8 8 -10 25 11 -13 13 17 15 16 -18 19 -20 20 -22 22 -24 24 -26 -27 28 -29 -30 -31
leaf_value=0 2.1046801803436001e-05 0 0 0 0 -0.00025103750495851176 0 0 0 -4.8807675404708651e-06 0.00014599031694374737 0 0 0 0 -0.00011465139771490127 0 0 8.7668321432785026e-05 -0.00014997919625006688 0 0 0 0.00011766101242294402 0 0.00010242100061098609 0 5.7712592099593333e-05 0 -7.0209499510220287e-05
leaf_weight=4638 164 57 504 74 43 87 20 48 451 231 135 46 41 69 23 273 58 67 149 69 66 138 98 189 42 43 80 278 468 341
leaf_count=4638 164 57 504 74 43 87 20 48 451 231 135 46 41 69 23 273 58 67 149 69 66 138 98 189 42 43 80 278 468 341
internal_value=0 -1.3219e-05 -2.67481e-05 -7.13902e-05 -0.000109852 -0.000150344 -0.000214009 1.56034e-06 1.92952e-05 4.59653e-05 8.65942e-05 0.000113262 -1.21718e-07 -2.45619e-05 -6.1363e-05 -7.93772e-05 -9.4398e-05 0 4.26731e-05 -2.51506e-05 -7.14381e-05 2.25727e-06 3.42896e-05 5.49133e-05 8.77138e-05 0 0 3.28485e-06 -2.02537e-05 -4.99665e-05
internal_weight=8990 949 785 281 207 164 107 8041 954 503 229 181 7087 815 395 354 331 420 218 202 135 6272 467 369 231 274 5805 4916 889 421
internal_count=8990 949 785 281 207 164 107 8041 954 503 229 181 7087 815 395 354 331 420 218 202 135 6272 467 369 231 274 5805 4916 889 421
is_linear=0
shrinkage=0.05


Tree=226
num_leaves=31
num_cat=0
split_feature=198 198 359 32 220 81 198 228 260 232 317 69 88 307 323 307 207 334 373 250 242 290 376 366 81 218 13 287 329 356
split_gain=7.57398e-05 0.000337371 0.000243567 0.000207799 0.000301945 0.000352695 0.000225468 0.000181586 0.00017649 0.000581728 0.000348741 0.000465404 0.000289429 0.000222225 0.000539566 0.000323593 0.000316604 0.000273001 0.000251471 0.000209521 0.0002612 0.000229657 0.000170157 0.000164026 0.000137399 0.000442099 0.000130719 0.000124042 0.000114707 0.000178502
threshold=0.73286929141142987 0.51549087541801641 2.1818414709765648 0.54034445683161436 -0.18104609376337652 0.00066146778408430009 1.5661661537842388 -0.5015570213476731 0.80783193202601311 0.80594479776596606 2.3353600834543875 0.46771548191706341 1.6248403390248618 0.43968067560455448 1.2280149658521018 2.0618725301397647 0.48534972056785103 0.8675564447996158 3.9999637124757381 0.61368118380271441 -0.59742860557367627 4.1205956935882577 0.0052965082199417516 0.11433307663912282 1.4558033148447675 0.86445750653856468 0.10073696573575337 0.0015599264685684502 -0.20294534166653946 0.69432627596971963
decision_type=8 10 10 2 8 2 8 10 10 10 10 2 2 10 10 10 10 8 2 10 10 10 2 2 2 10 2 10 10 8
left_child=1 8 7 4 -2 6 27 -3 9 13 11 -11 -13 14 17 16 -15 -1 -16 20 -10 22 -22 -17 -7 -26 -9 -6 -5 -30
right_child=3 2 -4 28 5 24 -8 26 19 10 -12 12 -14 15 18 23 -18 -19 -20 -21 21 -23 -24 -25 25 -27 -28 -29 29 -31
leaf_value=-3.0291470753380628e-06 0 0 -3.6321437547666064e-06 5.4417662445771758e-05 -0.00026349780355565828 0 0 6.7422170762893483e-05 0 0 0 -0.00024614561180230551 0 -5.9167759107829843e-05 0.00010138248643460852 7.2365892095623802e-05 0 6.136125589514997e-05 0 0 0.00011315240861758457 0 0 0 0 -0.00020010727916617007 0 0 -3.0202133648551912e-05 4.6261946306447946e-06
leaf_weight=3761 206 81 90 94 45 209 29 502 72 85 38 71 27 565 199 99 174 172 23 344 197 51 29 42 26 37 38 20 470 1194
leaf_count=3761 206 81 90 94 45 209 29 502 72 85 38 71 27 565 199 99 174 172 23 344 197 51 29 42 26 37 38 20 470 1194
internal_value=0 2.76808e-06 3.54557e-05 -7.70463e-06 -3.39091e-05 -6.21186e-05 -0.000154891 4.91705e-05 -2.98673e-07 -4.24082e-06 -8.3697e-05 -0.000114981 -0.000191145 0 4.07025e-06 -2.35167e-05 -4.00717e-05 0 7.98962e-05 2.23825e-05 4.99507e-05 7.41615e-05 9.63319e-05 2.77816e-05 -1.16369e-05 -7.7638e-05 6.01735e-05 -0.000208175 0 -2.20773e-06
internal_weight=8990 6660 711 2330 572 366 94 621 5949 5256 221 183 98 5035 4155 880 739 3933 222 693 349 277 226 141 272 63 540 65 1758 1664
internal_count=8990 6660 711 2330 572 366 94 621 5949 5256 221 183 98 5035 4155 880 739 3933 222 693 349 277 226 141 272 63 540 65 1758 1664
is_linear=0
shrinkage=0.05


Tree=227
num_leaves=31
num_cat=0
split_feature=210 271 53 367 338 41 59 266 307 31 334 257 260 203 367 249 309 214 76 340 238 249 376 73 89 294 6 239 234 263
split_gain=7.79731e-05 0.00031661 0.000298021 0.000499874 0.000355596 0.000272869 0.000266429 0.000407801 0.000256818 0.000305209 0.000252933 0.000199587 0.000188526 0.000434703 0.000333875 0.000237507 0.000432053 0.000305467 0.000180917 0.000321016 0.000386046 0.000317845 0.000372546 0.0003673 0.000266575 0.000300495 0.00029064 0.000287021 0.000264935 0.000228804
threshold=-0.52327245578933057 -0.27221724166937522 -1.0000000180025095e-35 0.10002263467632407 -2.104821319012125 0.70590186119079601 -5.7269436518351222 -0.44650704035134015 -1.2433502918472275 -0.027753451218207648 -0.14589472252456068 -0.59132804168040309 -0.51062834497878062 -0.46203261397456541 0.022327984030649454 -0.077671161017425924 -1.5176190177000872 -0.48919937664939778 -0.7752544879913329 -0.17994713783264146 0.015884379850895154 0.060349676275763507 0.0027795467685418503 -3.4475491841634107 2.8079668680826826 0.40122238794962539 2.2223572731018071 -0.17524623099523862 0.93394895970458969 0.86457512149096172
decision_type=8 10 2 2 10 2 2 10 10 2 10 10 10 10 2 10 10 10 2 10 10 10 2 2 2 10 2 10 10 10
left_child=1 5 3 4 -3 10 -7 -8 -6 -10 12 -12 15 -14 -15 17 -17 -1 21 20 -20 22 23 -2 25 -21 27 -27 -25 -23
right_child=18 2 -4 -5 8 6 7 -9 9 -11 11 -13 13 14 -16 16 -18 -19 19 24 -22 29 -24 28 -26 26 -28 -29 -30 -31
leaf_value=1.0933105257850504e-05 0 0 0 0 0 0 0 -0.00018187577367893525 0 0.0002521043262606034 9.5346434918423099e-05 0 0 -0.00022018555737415409 0 0 0.00018350038830350766 -4.5513600143284606e-05 7.3463490167314301e-05 -5.0753588640397834e-07 0 5.3831095790467233e-05 0 -8.8196497120777385e-05 9.0595882172449378e-06 0 1.5929290752857089e-05 -7.0428868202030258e-05 0 -2.3174476852151026e-05
leaf_weight=1032 297 34 237 194 49 46 44 71 25 82 126 81 135 49 54 33 50 309 319 1661 323 218 330 478 1898 105 56 552 36 66
leaf_count=1032 297 34 237 194 49 46 44 71 25 82 126 81 135 49 54 33 50 309 319 1661 323 218 330 478 1898 105 56 552 36 66
internal_value=0 7.20641e-06 3.86789e-05 6.6022e-05 0.00012402 0 -6.43126e-05 -0.000107592 0.000156289 0.000203952 2.91166e-06 5.59109e-05 -6.84054e-07 -4.39066e-05 -0.000122445 3.03152e-06 8.54559e-05 0 -3.00533e-06 5.80446e-07 3.43364e-05 -1.88783e-05 -3.25232e-05 -5.13457e-05 -3.32273e-06 -1.53284e-05 -4.28383e-05 -5.54583e-05 -7.71076e-05 1.83341e-05
internal_weight=8990 2651 621 384 190 2030 161 115 156 107 1869 207 1662 238 103 1424 83 1341 6339 4914 642 1425 1141 811 4272 2374 713 657 514 284
internal_count=8990 2651 621 384 190 2030 161 115 156 107 1869 207 1662 238 103 1424 83 1341 6339 4914 642 1425 1141 811 4272 2374 713 657 514 284
is_linear=0
shrinkage=0.05


Tree=228
num_leaves=31
num_cat=0
split_feature=48 90 298 85 261 345 196 377 330 40 69 275 275 25 249 252 54 377 80 354 238 61 365 219 3 368 41 19 52 356
split_gain=7.33831e-05 0.000213214 0.000253065 0.00024668 0.000154068 0.00014265 0.000263806 0.000277783 0.000340462 0.00032335 0.000389421 0.000148354 0.000341491 0.000364892 0.000264852 0.000250984 0.000289727 0.000295265 0.00021708 0.00020231 0.000309275 0.00035235 0.000333362 0.000256128 0.000285019 0.000114234 0.000104119 9.97367e-05 0.000132518 9.57852e-05
threshold=14.048549652099611 1.9929141203562419 0.18559362987677253 4.7631581624348973 1.4194852791478294 2.7876774470011401 1.199205068930141 -0.84252793105888568 3.8498135010401406 -1.1549308300018308 2.7615297635396323 1.3617327794183367 0.87960331138835046 0.12981186310450235 -0.34052933859008461 1.1404956524349938 0.26660928130149841 -0.60403749902179438 1.8407088915506999 1.3857966343297774 0.34809012497039987 0.81885894139607751 0.86956840270152769 0.53700935571730535 0.26529716451962787 1.985307205698065 3.3679397900899266 3.1673843065897627 2.1930626233418784 1.8968640240184296
decision_type=2 2 10 2 10 10 10 2 10 2 2 8 10 2 10 8 2 2 2 8 10 2 10 10 2 2 2 2 2 10
left_child=5 2 -2 -4 -3 11 7 8 9 -7 -11 12 19 14 -14 16 -13 25 -16 20 21 -1 -22 24 -21 -18 27 -9 -29 -8
right_child=1 4 3 -5 -6 6 29 26 -10 10 -12 15 13 -15 18 -17 17 -19 -20 23 22 -23 -24 -25 -26 -27 -28 28 -30 -31
leaf_value=-1.0995726548880737e-06 0 0 0 0.0002184171154646151 -8.6837375055635877e-05 0 4.6685076993884919e-05 0 0 -0.00017856591365564942 0 0 0 0 0.00013630608987693277 0 -0.00018498269678525768 0 0 0 0 4.9388544962345882e-05 -6.519313920496976e-05 0 8.722401160271551e-05 0 -6.5268353842887525e-05 0.00012129401831540263 0 0
leaf_weight=4578 145 34 33 41 51 27 112 79 62 136 109 130 51 328 164 276 78 60 75 80 716 364 386 291 238 36 45 44 42 179
leaf_count=4578 145 34 33 41 51 27 112 79 62 136 109 130 51 328 164 276 78 60 75 80 716 364 386 291 238 36 45 44 42 179
internal_value=0 2.42263e-05 5.69799e-05 0.000134677 -1.3757e-06 -7.56939e-07 -2.06892e-05 -4.31297e-05 -7.14701e-05 -9.69534e-05 -0.00011719 7.26361e-07 3.27701e-06 3.88271e-05 7.97281e-05 -2.26249e-05 -5.51345e-05 -9.73138e-05 0.00010238 0 -2.79362e-06 1.60831e-06 -2.70695e-05 2.74394e-05 5.87763e-05 -0.000144635 0 2.03205e-05 6.07268e-05 4.08543e-06
internal_weight=8990 304 219 74 85 8686 835 544 334 272 245 7851 7271 618 290 580 304 174 239 6653 6044 4942 1102 609 318 114 210 165 86 291
internal_count=8990 304 219 74 85 8686 835 544 334 272 245 7851 7271 618 290 580 304 174 239 6653 6044 4942 1102 609 318 114 210 165 86 291
is_linear=0
shrinkage=0.05


Tree=229
num_leaves=31
num_cat=0
split_feature=229 362 212 66 277 242 58 14 66 217 91 277 244 36 275 341 312 75 18 358 360 236 334 11 292 6 318 91 339 67
split_gain=7.08593e-05 0.000180384 0.000221394 0.00021052 0.00025488 0.000176379 0.000221831 0.000351788 0.000220234 0.000304884 0.000191635 0.000195971 0.000443019 0.00019024 0.000441765 0.000448672 0.000181694 0.000356947 0.000258395 0.000235468 0.000221798 0.000220987 0.000183169 0.000204215 0.000157572 0.000286284 0.000521779 0.000215821 0.000372803 0.00029157
threshold=1.9767923207785922 2.0830459504002978 1.962156834729474 14.133228937784834 1.9739051195648918 2.0443141554720445 2.5289691289265956 0.017079271997014655 12.789889653523764 0.046933307860610902 0.38442375262578332 1.8714388186906428 1.6577200856698078 0.86794455846150731 0.076329373908703577 2.5581523974736537 -0.15513885801448363 0.00066132261417800001 2.2060013314088192 2.0681634753948921 -1.1779034557566852 0.25693157597310706 1.8009476115526264 0.029357836892207403 2.9046177864074711 -0.80098402500152577 1.3421208712075718 -0.099864522616068443 0.011167261720118801 1.9799952904383342
decision_type=8 8 10 2 10 10 2 2 2 10 2 10 10 2 10 10 10 2 2 10 10 10 10 2 10 2 10 2 10 2
left_child=5 2 3 4 -2 6 7 24 9 -7 -11 12 -12 14 -9 -16 17 -8 20 21 -19 -18 23 -21 27 -26 -27 29 -29 -1
right_child=1 -3 -4 -5 -6 8 16 13 -10 10 11 -13 -14 -15 15 -17 19 18 -20 22 -22 -23 -24 -25 25 26 -28 28 -30 -31
leaf_value=2.3920386874146196e-06 -0.00015047788937356724 0 0 0 0 0 0 0 0 0 0.00020311332496719838 0 0 0 0.00012682440013101463 0 5.2124365711061814e-05 0 0 0 -0.00017930734118755067 -4.5089538367201739e-06 0 -9.8987422150549346e-05 2.1889484987184131e-05 -6.2857450607499554e-05 1.2950284353820621e-05 6.079103940783761e-05 0 -4.3736991321396271e-05
leaf_weight=4073 103 254 64 31 23 44 49 141 93 23 93 28 44 364 227 43 205 33 30 28 93 521 162 161 190 569 223 408 301 369
leaf_count=4073 103 254 64 31 23 44 49 141 93 23 93 28 44 364 227 43 205 33 30 28 93 521 162 161 190 569 223 408 301 369
internal_value=0 -1.87266e-05 -5.28504e-05 -8.63377e-05 -0.000116019 1.11246e-06 0 3.21963e-06 3.7266e-05 6.5707e-05 9.68477e-05 0.000116567 0.000141197 3.50291e-05 5.89101e-05 9.68037e-05 -1.94088e-05 -6.62582e-05 -0.000107168 -5.84388e-06 -0.000139068 4.60142e-06 -4.16848e-05 -7.51519e-05 0 -1.9063e-05 -3.52013e-05 2.68141e-06 2.85045e-05 -3.15236e-07
internal_weight=8990 475 221 157 126 8515 8190 6908 325 232 188 165 137 775 411 270 1282 205 156 1077 126 726 351 189 6133 982 792 5151 709 4442
internal_count=8990 475 221 157 126 8515 8190 6908 325 232 188 165 137 775 411 270 1282 205 156 1077 126 726 351 189 6133 982 792 5151 709 4442
is_linear=0
shrinkage=0.05


Tree=230
num_leaves=31
num_cat=0
split_feature=53 194 4 334 191 17 73 54 199 10 363 48 195 215 188 338 252 257 338 255 59 297 245 61 275 199 67 280 87 237
split_gain=7.26475e-05 0.000163535 0.000337202 0.000269394 0.000354673 0.000229153 0.000159984 0.000310989 0.000355142 0.000190218 0.000181173 0.000159166 0.000150249 0.000249451 0.000127727 0.000147292 0.000269938 0.000101773 0.000239712 0.000203096 0.000415787 0.000281574 0.000261973 0.000332642 0.000221539 0.000196397 0.000338017 0.000169129 0.000305499 0.000355446
threshold=-6.2718078295389796 -1.4166131416598204 -1.9223068555196126 -0.57605955553688604 0.22449244010386452 -1.6407354672749834 -7.9688129425048819 -1.4074600537618001 -0.2978525818217051 -0.53848958015441883 0.73064881718314345 -14.292975107828775 -1.7288955544688849 -1.819664901175154 -1.9592567929764988 -3.1305366139072537 -1.0910440932700063 -1.2005750432259596 -2.6010337161653849 -1.5534714822481004 -1.1951897939046223 0.13063557942708334 -1.094720431153595 -0.1980406542619069 -0.27543440601509095 -1.0637603107611693 2.1257958412170415 -1.2898191167006605 -0.14479723076025638 -1.1771969110599743
decision_type=2 10 2 10 10 2 2 2 10 2 10 2 10 10 10 10 10 10 10 10 2 10 10 2 10 10 2 10 2 10
left_child=1 12 3 4 5 -3 7 -2 9 -9 11 -11 14 -14 -1 -16 -17 27 25 20 21 -20 23 -21 -22 -19 -27 -8 29 -29
right_child=6 2 -4 -5 -6 -7 17 8 -10 10 -12 -13 13 -15 15 16 -18 18 19 22 24 -23 -24 -25 -26 26 -28 28 -30 -31
leaf_value=0 0 -0.00021758928444720474 0 0 0 0 0 0 0 0 0 0.00015929036360425077 0 0.00011784962335806599 0 0 -0.00024118878211076388 0 0.00011382796126365631 -9.0063574013922137e-05 -0.00012056806715684417 0 0 0 0 0.00010655910579485998 0 0 0 -0.00012650126819757783
leaf_weight=41 234 75 67 42 36 43 145 21 34 24 24 134 22 69 23 26 24 110 170 189 38 20 6621 56 85 171 23 62 216 145
leaf_count=41 234 75 67 42 36 43 145 21 34 24 24 134 22 69 23 26 24 110 170 189 38 20 6621 56 85 171 23 62 216 145
internal_value=0 -1.90976e-05 -4.69342e-05 -8.51722e-05 -0.000116627 -0.000158921 1.13067e-06 2.95317e-05 7.07949e-05 0.000101106 0.000118376 0.000137858 0 6.07374e-05 -1.86184e-05 -7.00664e-05 -0.00012047 0 1.0108e-06 -1.42071e-07 3.83527e-05 8.88295e-05 -2.62568e-06 -5.35279e-05 0 4.46691e-05 7.52044e-05 -2.08425e-05 -3.97822e-05 -8.31931e-05
internal_weight=8990 468 263 196 154 118 8522 471 237 203 182 158 205 91 114 73 50 8051 7483 7179 313 190 6866 245 123 304 194 568 423 207
internal_count=8990 468 263 196 154 118 8522 471 237 203 182 158 205 91 114 73 50 8051 7483 7179 313 190 6866 245 123 304 194 568 423 207
is_linear=0
shrinkage=0.05


Tree=231
num_leaves=31
num_cat=0
split_feature=17 201 376 40 207 329 370 36 54 234 334 369 5 24 334 198 242 223 20 261 77 312 78 292 274 207 351 215 259 353
split_gain=7.11626e-05 0.000223371 0.000244283 0.000283416 0.000204466 0.0002192 0.000184093 0.000164024 0.000148565 0.000184899 0.00023295 0.00018903 0.000223512 0.000199441 0.000174534 0.000327996 0.000413878 0.000324556 0.000241992 0.000273444 0.000592545 0.000319472 0.000251578 0.000287694 0.000367131 0.000351817 0.000225692 0.000222607 0.000156963 0.000141464
threshold=2.0762717525164294 1.4832218580266272 -0.0020829582200075996 0.95894575119018566 -0.24364121576114586 1.040713965892792 0.29123352765359362 1.0573759476343791 2.0605446497599291 1.0699857384010338 -0.51884865055970908 13.918751921004292 -1.5870891412099202 0.36070348819096881 1.3478273631461597 0.74930625177865628 0.12631494277713476 1.0042101501899205 2.021695534388225 0.017821524471536954 0.77848136425018322 1.4150242671682005 1.7459069887797041 1.8392184972763066 0.30535539150731988 0.44116948399491301 1.5964868068695071 0.13928506670061214 1.0718768089041073 2.8031580489241916
decision_type=2 10 2 2 10 10 2 2 2 10 10 2 2 2 8 8 10 10 2 10 2 10 2 10 10 10 10 10 10 10
left_child=8 4 3 -3 -2 6 -6 -5 14 10 -10 12 -12 -14 18 16 -16 26 22 -20 21 -21 23 24 -1 -25 -18 -24 -22 -8
right_child=1 2 -4 7 5 -7 29 -9 9 -11 11 -13 13 -15 15 -17 17 -19 19 20 28 -23 27 25 -26 -27 -28 -29 -30 -31
leaf_value=0 -8.9206262164882552e-06 0 0 -0.00019884410717520976 0 0 7.5662895863857756e-05 0 0 0 0 0 0 -9.9131528415331223e-05 0 -1.7005734274055185e-07 0.00012182227445781641 0 0 -0.0001583358100374366 -3.8857645980906174e-05 0 0 -5.7219510152777121e-05 5.059338102643372e-05 0 0 0.00013700903118848168 3.5262635902535119e-05 0
leaf_weight=3876 94 45 270 45 89 123 441 32 79 221 32 43 61 302 178 502 244 60 266 144 165 33 31 467 386 466 38 63 115 79
leaf_count=3876 94 45 270 45 89 123 441 32 79 221 32 43 61 302 178 502 244 60 266 144 165 33 31 467 386 466 38 63 115 79
internal_value=0 1.12857e-05 -1.17246e-05 -7.37776e-05 2.82584e-05 3.9863e-05 5.3006e-05 -0.000133454 -1.71133e-06 -2.31093e-05 -4.06965e-05 -5.73078e-05 -6.95535e-05 -8.248e-05 0 1.95916e-05 4.82792e-05 8.10445e-05 -2.70592e-06 -2.9958e-05 -5.39934e-05 -0.000126052 7.45627e-08 -4.41321e-07 4.06621e-06 -2.63887e-05 0.000104122 8.16905e-05 0 6.46167e-05
internal_weight=8990 1218 392 122 826 732 609 77 7772 738 517 438 395 363 7034 1022 520 342 6012 723 457 177 5289 5195 4262 933 282 94 280 520
internal_count=8990 1218 392 122 826 732 609 77 7772 738 517 438 395 363 7034 1022 520 342 6012 723 457 177 5289 5195 4262 933 282 94 280 520
is_linear=0
shrinkage=0.05


Tree=232
num_leaves=31
num_cat=0
split_feature=375 353 51 16 19 5 319 217 72 29 368 370 203 367 368 7 41 222 367 238 279 342 375 194 351 327 29 291 315 326
split_gain=7.16949e-05 0.000166436 0.000360986 0.000233739 0.000269276 0.000220746 0.000219322 0.000275686 0.000257446 0.00020251 0.000179593 0.000170963 0.000157791 0.000152697 0.000237231 0.000252768 0.000355549 0.000146479 0.000156791 0.000131462 0.000212525 0.000268318 0.000294338 0.000160821 0.000160691 0.000397755 0.000304242 0.000157166 0.000364053 0.000334339
threshold=-0.27131992978401293 -0.47025220291429165 0.068096597989400209 0.17072021961212158 -11.607331593831377 -5.1757756868998195 0.0039990451614652514 0.29075404833289614 -4.3045469919840489 0.80908139546712254 0.25340358586168982 1.1255142318945721 -0.27090859256360006 1.417151968940656 2.7355296555078343 3.4304760297139487 -2.4800393581390376 -1.0128205598175395 7.6645021645023528 2.6132004699249403 2.2538544218884833 2.1736272970835371 0.21804577727220958 1.7534172637287122 2.1101057529449467 0.78348964452743541 0.81839489936828624 0.44711212317148846 0.87617044527451182 0.13048406442006433
decision_type=2 10 2 2 2 2 10 10 2 2 2 2 10 2 2 2 2 10 2 10 10 10 2 10 10 10 2 8 10 10
left_child=1 2 -1 4 -4 -6 7 8 -3 12 -7 -10 -8 19 15 16 -15 -18 -19 20 24 -22 -23 -24 27 26 -26 29 -29 -2
right_child=13 6 3 -5 5 10 9 -9 11 -11 -12 -13 -14 14 -16 -17 17 18 -20 -21 21 22 23 -25 25 -27 -28 28 -30 -31
leaf_value=0 0 0 0 0 0 0 0 0 -0.00011455225895733771 0 0.00012794711669708263 0 7.4643410834319089e-05 0 0 0 0 -0.0001429543667348246 0 -7.2634247079483741e-05 0 0 0.00021189299970463048 0 0 0 -0.00014465833867765819 3.6263951031450025e-05 -3.8514394176260143e-06 -5.1278763740114343e-05
leaf_weight=386 3643 55 20 70 27 28 48 114 168 641 227 51 180 66 180 28 24 161 37 62 92 60 52 21 39 151 103 924 986 346
leaf_count=386 3643 55 20 70 27 28 48 114 168 641 227 51 180 66 180 28 24 161 37 62 92 60 52 21 39 151 103 924 986 346
internal_value=0 8.35874e-06 2.71031e-05 6.26253e-05 8.22494e-05 9.81373e-05 0 -3.38847e-05 -6.43442e-05 1.08705e-05 0.000113197 -9.00944e-05 5.16698e-05 -2.34771e-06 -2.91029e-05 -5.66173e-05 -7.55676e-05 -0.000106815 -0.000120997 0 4.0096e-07 4.85473e-05 9.50037e-05 0.000162789 -5.4182e-07 -3.70566e-05 -9.91473e-05 4.24857e-07 1.29384e-05 -4.31359e-06
internal_weight=8990 2015 758 372 302 282 1257 388 274 869 255 219 228 6975 496 316 288 222 198 6479 6417 225 133 73 6192 293 142 5899 1910 3989
internal_count=8990 2015 758 372 302 282 1257 388 274 869 255 219 228 6975 496 316 288 222 198 6479 6417 225 133 73 6192 293 142 5899 1910 3989
is_linear=0
shrinkage=0.05


Tree=233
num_leaves=31
num_cat=0
split_feature=48 33 87 243 249 201 90 332 202 331 71 209 229 305 12 302 87 33 306 259 339 256 61 195 376 279 27 14 283 14
split_gain=6.88909e-05 0.000199785 0.000208933 0.000120589 0.000204023 0.000303196 0.000328485 0.000324814 0.000340814 0.000228448 0.000258256 0.000265232 0.000234192 0.000212864 0.000276796 0.000231298 0.000180541 0.000322155 0.000395654 0.000302948 0.000311978 0.0002807 0.00042638 0.000466363 0.000386401 0.000267521 0.000320246 0.000298013 0.000273186 0.000249254
threshold=14.048549652099611 -0.69748353958129872 1.0847134192784631 0.89705010202949009 0.64685803740655501 -0.26235168106749346 1.2849522829055788 -0.97208065307768676 1.4957964505105841 1.606328647077391 1.490226745605469 1.3838850397161131 1.6048544875255237 2.2331362030736743 0.16066607149938722 2.3908069691414444 0.51415163278579723 -1.1423687537511185 2.4979130335713733 -0.023606929685041144 1.1818066351749557 -0.3317423280766148 -0.34297678867975862 -0.63609679770906202 -0.0044688597243517994 -0.84718732185093881 -1.1231792370478308 -0.0064342161640523988 -0.35937496026357002 -0.0062227174639701488
decision_type=2 2 2 8 8 10 2 10 10 8 2 10 10 8 2 10 2 2 10 10 10 10 2 10 2 10 2 2 10 2
left_child=3 2 -2 16 5 -5 7 -7 -9 10 11 12 -6 14 15 -11 21 -18 19 -19 -21 25 23 -23 -25 26 -1 -28 29 -27
right_child=1 -3 -4 4 9 6 -8 8 -10 13 -12 -13 -14 -15 -16 -17 17 18 -20 20 -22 22 -24 24 -26 28 27 -29 -30 -31
leaf_value=3.5189761473584267e-06 0 0 0.00012929698037142924 2.354202954554691e-05 0.00010886861173701155 0 0 -0.00010871226463302377 0 -0.00012493722392633005 0 0 0 0 0 0 -5.0999414901436115e-06 0 -2.3503542473394942e-05 6.851043166346633e-05 0 0 1.9812599956886169e-06 0 -8.7033252264108886e-05 9.6648531420786418e-05 -7.9972477033985324e-05 0 3.0996593474673714e-07 0
leaf_weight=798 30 203 71 83 186 41 165 338 82 132 237 95 30 319 74 60 1315 545 244 754 329 295 681 106 519 210 251 72 649 76
leaf_count=798 30 203 71 83 186 41 165 338 82 132 237 95 30 319 74 60 1315 545 244 754 329 295 681 106 519 210 251 72 649 76
internal_value=0 2.34225e-05 8.11817e-05 -7.88012e-07 -1.25148e-05 -3.35585e-05 -4.91178e-05 -7.11116e-05 -8.65063e-05 0 2.38407e-05 5.54682e-05 8.65891e-05 -2.10635e-05 -5.45472e-05 -8.78852e-05 1.63773e-06 1.0872e-05 2.47621e-05 3.50681e-05 5.04761e-05 -5.04263e-06 -2.14531e-05 -4.42322e-05 -6.88836e-05 5.30478e-06 -7.91149e-06 -5.16189e-05 2.64963e-05 6.8422e-05
internal_weight=8990 304 101 8686 1842 709 626 461 420 1133 548 311 216 585 266 192 6844 3187 1872 1628 1083 3657 1601 920 625 2056 1121 323 935 286
internal_count=8990 304 101 8686 1842 709 626 461 420 1133 548 311 216 585 266 192 6844 3187 1872 1628 1083 3657 1601 920 625 2056 1121 323 935 286
is_linear=0
shrinkage=0.05


Tree=234
num_leaves=31
num_cat=0
split_feature=71 226 303 366 333 17 73 256 195 348 363 63 236 360 87 28 198 50 236 255 35 342 370 233 65 261 55 308 32 11
split_gain=6.93593e-05 0.000156803 0.000388044 0.000176296 0.000178978 0.000185744 0.000148916 0.000394415 0.000415023 0.000258481 0.000239462 0.000356665 0.000224876 0.000218811 0.000225327 0.00021259 0.000171773 0.000159309 0.00035463 0.000402248 0.000257546 0.000358815 0.000219348 0.000191573 0.000142022 0.000135969 0.000124622 0.000251279 0.0002495 0.000116836
threshold=-3.9281693299611402 -1.783250415448369 -1.548020499261326 -0.075328544697619695 -2.3724506636391838 -0.32216405868530268 -7.9688129425048819 -1.0831940683239616 -1.7288955544688849 -14.838327407836912 -1.8474811433406657 -0.59625148773193348 0.89962751438098709 -0.015528383334424248 -1.2541933854420979 0.4547161261240642 -1.9122129188917012 -6.115428924560546 -0.46789380391699464 -0.61018826087656752 0.21530324220657346 0.78258442878723133 0.71704579235959109 -0.76821316352510649 -4.561757405598958 -2.0835992861677637 -0.89921128749847401 -1.938606871011636 0.54034302632013975 -0.055685525139172846
decision_type=2 8 10 2 10 2 2 10 10 10 8 2 10 10 2 2 10 2 10 10 2 10 2 8 2 10 2 10 2 2
left_child=24 2 -2 -4 -5 -6 7 8 -3 -10 11 12 15 14 29 -8 -16 18 19 -12 21 -19 -20 -22 -1 -11 27 -13 -28 -9
right_child=1 6 3 4 5 -7 10 13 9 25 17 26 -14 -15 16 -17 -18 20 22 -21 23 -23 -24 -25 -26 -27 28 -29 -30 -31
leaf_value=0.00011063195622402941 0 0 0 0 -0.00019811238446518884 0 -8.9744889820646216e-05 0 0 0 0.00010295832533037183 0 0 -0.00011250609635827081 0 0 0.00011132554436555126 -5.9859032085872937e-05 -9.6075207335152306e-05 0 4.3700182272333618e-05 2.2329651834900694e-05 0 2.6579432675408206e-07 0 0.00019944502545204526 -6.3246100875836747e-05 9.7288923110513763e-05 4.212126717149127e-06 -8.564603853972725e-05
leaf_weight=43 264 28 39 23 69 61 316 60 21 21 219 38 53 41 21 49 82 401 60 105 281 91 106 5798 65 85 167 94 249 40
leaf_count=43 264 28 39 23 69 61 316 60 21 21 219 38 53 41 21 49 82 401 60 105 281 91 106 5798 65 85 167 94 249 40
internal_value=0 -3.24077e-07 -2.92198e-05 -8.4126e-05 -0.000108438 -0.000131441 6.46643e-07 3.06701e-05 9.36904e-05 0.000137386 -2.23212e-07 -2.40886e-05 -5.8936e-05 0 1.14871e-05 -7.42799e-05 7.55236e-05 2.33395e-06 2.98516e-05 6.37444e-05 0 -3.44955e-05 -6.19698e-06 3.09671e-06 3.99428e-05 0.000169415 0 4.45749e-05 -1.08608e-05 -4.52995e-06
internal_weight=8990 8882 456 192 153 130 8426 399 155 127 8027 966 418 244 203 365 103 7061 490 324 6571 492 166 6079 108 106 548 132 416 100
internal_count=8990 8882 456 192 153 130 8426 399 155 127 8027 966 418 244 203 365 103 7061 490 324 6571 492 166 6079 108 106 548 132 416 100
is_linear=0
shrinkage=0.05


Tree=235
num_leaves=31
num_cat=0
split_feature=375 219 88 11 277 244 32 220 237 219 238 3 12 68 254 320 268 294 23 282 369 215 309 257 55 91 244 248 89 243
split_gain=6.82299e-05 0.000181876 0.000393958 0.000506172 0.000381213 0.000342148 0.000336451 0.000363044 0.000304707 0.00024028 0.000432314 0.000317291 0.00030219 0.000305032 0.000298778 0.000315114 0.000177099 0.000239719 0.000170015 0.000238532 0.000169539 0.000211236 0.000212011 0.000152129 0.000268272 0.000230204 0.000140738 0.000251465 0.000235547 0.000267765
threshold=-0.037395754794959095 -0.16828791265745557 0.85621062914530455 -0.046282850205898243 1.0572809514826043 -0.23123882955204858 1.0130437612533572 -0.88847485054099595 0.24626026443767937 0.5276079876234312 0.60805156825952611 0.91923948129018163 0.018518523002664204 0.97407698631286632 0.13130940501861041 1.7362080622659717 -0.71602304981310583 1.9628299077351887 0.030635307232538853 2.2252400715405689e-06 1.2954708213856334 0.062680482635639911 -1.0260767983878087 0.7660781909242188 2.8231058120727544 3.5470816294352225 -0.34676493049233631 -0.4056801120964536 -0.24456011255582169 -0.78090667474364706
decision_type=2 8 2 2 10 10 2 10 10 10 10 2 2 2 10 10 10 10 2 8 2 10 10 10 2 2 10 10 2 10
left_child=-1 5 3 -3 6 26 7 -5 20 11 14 12 -4 -14 -11 -16 -10 -18 19 -13 -7 22 -22 24 -12 -25 28 -28 29 -2
right_child=1 2 9 4 -6 8 -8 -9 16 10 23 18 13 -15 15 -17 17 -19 -20 -21 21 -23 -24 25 -26 -27 27 -29 -30 -31
leaf_value=5.5874483262498182e-06 6.4179663248883059e-06 1.844838842319587e-05 0 0 0 -9.7744490347785018e-06 0 -9.440636953563342e-05 0 0 0 0 -0.00019002929007909785 0 0.00011817765829024575 0 0.00014675354324261984 0 -4.9984458589659032e-05 6.6538034428536132e-05 0 0 0.00015215080982846615 -3.6414841122442235e-06 -0.00015692981685187684 5.7261870770805646e-05 -0.00013760590267401402 0 4.0071107622082405e-05 -3.6429508199113698e-05
leaf_weight=3565 770 203 119 90 103 222 86 596 23 174 197 185 74 22 204 65 127 21 125 160 28 39 63 524 42 178 52 77 324 532
leaf_count=3565 770 203 119 90 103 222 86 596 23 174 197 185 74 22 204 65 127 21 125 160 28 39 63 524 42 178 52 77 324 532
internal_value=0 -3.30543e-06 -1.16864e-05 -3.62245e-05 -5.4623e-05 6.07791e-06 -6.79414e-05 -8.01286e-05 4.2244e-05 0 1.30619e-05 -2.30676e-05 -7.33657e-05 -0.000141099 5.44918e-05 8.75503e-05 9.95388e-05 0.000120151 0 1.80538e-05 1.89566e-07 5.56314e-05 0.000101077 -1.13309e-06 -3.91308e-05 4.68571e-06 -1.85275e-06 -5.26502e-05 0 -7.25111e-06
internal_weight=8990 5425 3147 1078 875 2278 772 686 523 2069 1384 685 215 96 443 269 171 148 470 345 352 130 91 941 239 702 1755 129 1626 1302
internal_count=8990 5425 3147 1078 875 2278 772 686 523 2069 1384 685 215 96 443 269 171 148 470 345 352 130 91 941 239 702 1755 129 1626 1302
is_linear=0
shrinkage=0.05


Tree=236
num_leaves=31
num_cat=0
split_feature=348 19 298 333 81 240 286 327 348 367 302 316 77 15 349 12 370 370 3 324 52 271 3 6 258 267 42 298 7 242
split_gain=6.58379e-05 0.000138838 0.000181909 0.000276027 0.000288272 0.000247606 0.000169683 0.000135447 0.000122959 0.000118836 0.000190046 0.000294627 0.000226701 0.000302189 0.000140206 0.000133085 0.000289284 0.000425423 0.000329743 0.000318875 0.00030236 0.000214675 0.000180388 0.000299291 0.000170989 0.000260202 0.00016526 0.000124456 9.36759e-05 0.000213365
threshold=-21.390256881713864 -9.237027168273924 -0.12112099863588803 -0.92206750648374569 0.00066127356452240005 -1.0696301218188584 -0.036719147814437698 -0.44378941257794691 -0.76247374216715502 1.2360274192398208 -0.36558327324471795 -1.6130631104549209 0.73458230495452892 -0.15605420867602024 -5.6361065705617266 0.031030199180046656 0.67381799465891123 0.4136798278789221 0.94590159257253026 -0.15136559804280603 0.75732139746348071 1.049232019482907 2.1701625188191733 -0.72562885284423817 -0.88864140014061821 -0.39618071749518663 0.014566336447993851 -0.067237320045630086 3.4304760297139487 0.17754603540007322
decision_type=10 2 10 10 2 10 10 10 10 2 10 10 2 2 10 2 2 2 2 10 2 10 2 2 10 10 2 10 2 10
left_child=-1 2 3 4 -2 6 -4 -6 -7 15 11 -11 13 -13 -12 22 17 -17 19 -18 -20 -19 24 -24 27 -26 -25 -3 29 -16
right_child=1 9 5 -5 7 8 -8 -9 -10 10 14 12 -14 -15 28 16 18 21 20 -21 -22 -23 23 26 25 -27 -28 -29 -30 -31
leaf_value=3.0019851349831539e-05 0 9.3416127800888722e-06 0.00015938844713330824 0 -0.0002171865647846509 0 0 0 -0.00011621100981821337 0 9.0680366624123468e-05 0 0 -0.00015588406924641496 0 0 1.1372230279373043e-05 -0.00010735186590725236 3.4309138637437081e-05 -4.6353637160354e-05 -9.8501496866457169e-06 0 -0.00011367199019886977 3.0753718224143836e-05 3.9768504421713196e-05 5.1716046924772788e-06 -2.4786244162201453e-05 -2.4048528492415253e-05 1.4472126591513369e-05 -5.5453757092426904e-05
leaf_weight=181 95 578 36 53 54 33 21 22 32 95 40 33 45 114 130 441 248 205 1047 509 385 145 66 234 1077 1966 312 451 92 250
leaf_count=181 95 578 36 53 54 33 21 22 32 95 40 33 45 114 130 441 248 205 1047 509 385 145 66 234 1077 1966 312 451 92 250
internal_value=0 -3.97082e-07 -3.16985e-05 -5.98426e-05 -9.34e-05 0 9.29099e-05 -0.00017054 -4.40138e-05 2.92201e-07 -1.72834e-05 -4.98629e-05 -8.68917e-05 -0.000117101 0 2.77712e-06 -4.43626e-06 -3.10645e-05 2.90285e-06 -2.0839e-05 1.89455e-05 -7.22387e-05 8.43376e-06 -1.31515e-05 1.2906e-05 1.90603e-05 0 -4.35239e-07 -6.63378e-06 -2.49005e-05
internal_weight=8990 8809 346 224 171 122 57 76 65 8463 799 287 192 147 512 7664 2980 791 2189 757 1432 350 4684 612 4072 3043 546 1029 472 380
internal_count=8990 8809 346 224 171 122 57 76 65 8463 799 287 192 147 512 7664 2980 791 2189 757 1432 350 4684 612 4072 3043 546 1029 472 380
is_linear=0
shrinkage=0.05


Tree=237
num_leaves=31
num_cat=0
split_feature=350 66 202 67 30 75 299 31 336 224 213 213 27 45 271 57 2 263 262 35 350 260 279 255 241 364 376 49 197 243
split_gain=6.63831e-05 0.000404044 0.000266866 0.000233705 0.000400508 0.000332473 0.000250901 0.000313787 0.000388354 0.000369968 0.000197421 0.000379545 0.000361371 0.000376203 0.000358279 0.000295235 0.000283922 0.000347825 0.000263804 0.000247772 0.00021966 0.000286117 0.000200522 0.000390768 0.000380126 0.000374227 0.00035708 0.00018481 0.000184704 0.000147857
threshold=0.94343010584513387 -2.6955753962198883 -0.27498230905769366 2.1503570079803471 1.2979291280110681 2.8736387093861899 7.9472859848550596e-08 0.99766647815704357 -0.89337038249209411 0.047817592208122463 -0.19744775920192273 -0.69031956616136958 0.77452174822489439 -0.048613945643107039 0.24423645662908863 0.51888775825500499 -0.96473284562428774 1.1512197181565431 0.76429685005734982 0.24920164545377096 7.4670236905415859 0.26101850423620115 0.995490825372634 0.91142534008714049 1.4095783005260787 0.6232752311450559 -0.00067108865552224989 1.0000000180025095e-35 0.52305245230791464 -0.75378522342979226
decision_type=8 2 10 2 2 2 10 2 10 10 8 10 2 2 10 2 2 8 10 2 10 10 10 10 10 10 2 2 10 10
left_child=3 2 -2 -1 6 27 7 8 -5 -10 11 15 13 -13 16 29 -12 19 -15 -18 -17 -22 25 24 -24 28 -27 -6 -16 -3
right_child=1 10 -4 4 5 -7 -8 -9 9 -11 14 12 -14 18 22 20 17 -19 -20 -21 21 -23 23 -25 -26 26 -28 -29 -30 -31
leaf_value=0 0.00015742568907821787 0 0 0 0 0 3.6623312765653164e-05 0 -0.00019743621031473795 0 0 0 0 -0.00011530551241373449 0 0 0 0 0 0.00010177940310297079 0.00012161296516290282 0 0.00011374669259327478 0 0 0 -6.4311303009941155e-05 -0.00018570702876488353 6.1566932829026344e-05 -0.00011544304005327083
leaf_weight=4955 72 41 94 53 21 30 167 54 79 49 60 42 92 281 319 105 41 40 33 317 120 69 172 576 45 317 463 85 152 46
leaf_count=4955 72 41 94 53 21 30 167 54 79 49 60 42 92 281 319 105 41 40 33 317 120 69 172 576 45 317 463 85 152 46
internal_value=0 5.60452e-06 8.21035e-05 -3.19608e-06 -3.44973e-05 -0.000109827 0 -4.1409e-05 -8.09795e-05 -0.000129807 2.88842e-07 -1.91317e-05 -5.24746e-05 -7.74725e-05 8.72238e-06 6.95814e-06 4.86907e-05 6.71646e-05 -9.89891e-05 8.62742e-05 4.17162e-05 7.49035e-05 0 1.9431e-05 7.66757e-05 -1.27022e-05 -3.62067e-05 -0.000152665 1.56085e-05 -5.30078e-05
internal_weight=8990 3497 166 5493 538 136 402 235 181 128 3331 829 448 356 2502 381 458 398 314 358 294 189 2044 793 217 1251 780 106 471 87
internal_count=8990 3497 166 5493 538 136 402 235 181 128 3331 829 448 356 2502 381 458 398 314 358 294 189 2044 793 217 1251 780 106 471 87
is_linear=0
shrinkage=0.05


Tree=238
num_leaves=31
num_cat=0
split_feature=53 372 372 22 70 13 25 373 278 369 322 354 297 85 296 210 194 243 266 36 360 194 359 193 246 272 322 311 241 363
split_gain=6.46952e-05 0.000151484 0.000428261 0.0003869 0.000331657 0.000127013 0.000200345 0.000280066 0.000434675 0.000555305 0.000381155 0.00028471 0.000305231 0.000192438 0.000507787 0.000372084 0.000387661 0.000239092 0.000293838 0.000457877 0.000269806 0.000245998 0.000187157 0.000179756 0.000388834 0.000266646 0.000169476 0.000259475 0.000209224 0.000169062
threshold=-6.2718078295389796 -0.12886562943211807 -0.35939013734455194 -1.2491734425226846 -2.0324233373006177 -0.0080916974693535978 0.075408756732940604 0.47329863742965023 0.21431751571465804 0.72981651466225561 -0.24387351671854654 -1.6395253282937048 0.017330725987752201 4.2106121381123867 0.043959679082035609 1.2336333935796688 0.29178446997630042 0.33599003665818661 -0.18364449531536811 0.7132898966471356 0.8134587284448459 1.3235117635040481 -1.6313601982413886 1.3451317403747529 0.6306677366875727 1.6174069751052431 -0.63446279366811098 -1.9515192715275711 -0.19957608068334601 -2.7004904415166293
decision_type=2 2 2 2 2 2 2 2 10 2 10 10 10 2 8 10 10 8 10 2 8 10 10 10 10 10 10 10 10 10
left_child=1 2 -1 4 -4 29 7 8 11 -10 -11 22 -13 17 15 16 -15 18 -8 -20 21 -19 -7 24 -16 -25 28 -28 -9 -2
right_child=5 -3 3 -5 -6 6 13 26 9 10 -12 12 -14 14 23 -17 -18 20 19 -21 -22 -23 -24 25 -26 -27 27 -29 -30 -31
leaf_value=0 4.5597225717891702e-05 0 0 0 -0.0002552390709486875 0 -1.0223492064683397e-06 -0.00011727939252435583 -4.5767445016970261e-06 0 -0.00013441923431897727 5.2423712590312992e-05 -1.6023314334611402e-05 0 0 0 0.00014211662836725197 -1.474822553381959e-05 8.2244959203145644e-05 0 0 -0.0001207060250912585 -0.00014398610851484912 9.3344778456185234e-05 -0.00011483316442628916 0 0.00012916621758459629 0 0 3.2051660271804133e-06
leaf_weight=95 342 258 27 36 52 21 782 60 400 40 253 303 196 48 46 78 184 550 319 343 1039 102 51 82 104 129 46 938 32 2034
leaf_count=95 342 258 27 36 52 21 782 60 400 40 253 303 196 48 46 78 184 550 319 343 1039 102 51 82 104 129 46 938 32 2034
internal_value=0 -1.78055e-05 -5.00886e-05 -0.00011782 -0.000180076 1.25085e-06 -1.86437e-06 -1.39265e-05 -3.02102e-05 -5.68542e-05 -0.000111138 0 1.55229e-05 4.23817e-06 2.86137e-05 7.65873e-05 0.000108833 0 1.39245e-05 3.91299e-05 -1.37071e-05 -3.90079e-05 -9.05762e-05 0 -5.16642e-05 1.51954e-05 5.56857e-07 1.10628e-05 -5.74127e-05 1.1413e-05
internal_weight=8990 468 210 115 79 8522 6146 2340 1264 693 293 571 499 3806 671 310 232 3135 1444 662 1691 652 72 361 150 211 1076 984 92 2376
internal_count=8990 468 210 115 79 8522 6146 2340 1264 693 293 571 499 3806 671 310 232 3135 1444 662 1691 652 72 361 150 211 1076 984 92 2376
is_linear=0
shrinkage=0.05


Tree=239
num_leaves=31
num_cat=0
split_feature=251 249 221 363 68 346 357 331 202 346 5 76 330 207 50 14 297 33 39 221 60 12 36 63 11 377 300 0 330 261
split_gain=6.43056e-05 0.000212256 0.000335593 0.000266468 0.000221562 0.000220442 0.000379949 0.00024574 0.000272727 0.000252441 0.000212417 0.000402015 0.000627327 0.000284687 0.000169877 0.000164362 0.000159869 0.000172473 0.000158122 0.00011813 0.000320702 0.000202685 0.000292848 0.000324272 0.000203928 0.000184258 0.000192988 0.000172742 0.000153617 0.00010921
threshold=1.6742480018749757 1.6198330904638378 1.9810998865590579 3.0284588147631455 1.0219954649607346 4.5518021583557138 0.5769991705700821 2.3858850051748766 2.0351213936241836 -0.68607596556345618 4.1722742716471366 4.6387631197770451 3.0197515090306601 1.3037385034817079 11.254313786824545 0.037641075750191953 -0.16608647505442295 -0.67728730042775454 4.0346508026123056 1.2098484446102262 1.7193605105082195 0.018518607442577602 0.32860305905342108 1.546702782313029 0.13775262236595151 -0.86984465613543249 -0.30323717991511018 1.0409923791885378 -0.53392910957336415 2.3995332829302267
decision_type=8 10 10 10 2 10 10 10 10 10 2 2 10 10 2 2 10 2 2 10 2 2 2 2 2 2 10 2 10 10
left_child=1 2 19 4 16 6 -3 8 9 -8 11 -7 13 -13 -2 18 -4 -18 -16 21 25 24 28 -24 27 -21 -27 -1 -23 -12
right_child=14 5 3 -5 -6 10 7 -9 -10 -11 29 12 -14 -15 15 -17 17 -19 -20 20 -22 22 23 -25 -26 26 -28 -29 -30 -31
leaf_value=0 0 0 0 0 0 0 0 0 0 0.00016376545715455004 6.5894830695158334e-05 0 0 -0.0003364086470131855 0 0 0 -0.00014608845478672784 -0.00021754774417811394 0 -7.887541941061176e-06 0 -4.0822352877412264e-05 0 8.6378782234237784e-05 0 0.00010204289678075706 4.5738988822066615e-05 4.1669389824121168e-05 0
leaf_weight=4248 442 124 22 40 84 47 38 72 41 148 105 24 37 32 35 39 29 135 29 195 262 231 1100 601 80 34 195 219 280 22
leaf_count=4248 442 124 22 40 84 47 38 72 41 148 105 24 37 32 35 39 29 135 29 195 262 231 1100 601 80 34 195 219 280 22
internal_value=0 1.30805e-06 -4.28494e-07 -5.18087e-05 -7.44851e-05 2.80679e-05 5.08674e-05 8.268e-05 0.000108206 0.000133984 0 -4.98184e-05 -0.000120541 -0.000228186 -1.63835e-05 -7.44203e-05 -0.000105017 -0.00012224 -0.000123768 1.04e-06 2.10137e-05 -2.47753e-07 -1.33252e-05 -2.45181e-05 5.01465e-06 5.06597e-05 8.22283e-05 2.43629e-06 1.41481e-05 3.79794e-05
internal_weight=8990 8445 7755 310 270 690 423 299 227 186 267 140 93 56 545 103 186 164 64 7445 686 6759 2212 1701 4547 424 229 4467 511 127
internal_count=8990 8445 7755 310 270 690 423 299 227 186 267 140 93 56 545 103 186 164 64 7445 686 6759 2212 1701 4547 424 229 4467 511 127
is_linear=0
shrinkage=0.05


Tree=240
num_leaves=31
num_cat=0
split_feature=341 296 235 285 351 30 56 72 364 86 291 217 276 263 207 228 51 47 206 61 376 375 67 359 238 27 369 326 39 285
split_gain=6.55054e-05 0.00034629 0.000388324 0.000264917 0.000267401 0.000255515 0.000274247 0.0003214 0.00023237 0.000281486 0.000347542 0.000433055 0.000326395 0.000217247 0.000241365 0.000194637 0.000187712 0.000234157 0.000128611 0.000118617 0.000457897 0.000247968 0.000232977 0.000230175 0.000243785 0.000246472 0.000187103 0.000167766 0.000322413 0.000417244
threshold=1.1205688714981081 0.045234163602193102 0.48389533135332102 0.52278415362040209 0.62019256750742613 3.326015949249268 0.26726268154258515 4.0577163696289071 2.2706726601603768 1.718165477116903 3.2841537793477382 0.41712465715420161 1.4968848287948091 3.5172465368088015 2.358420496683499 0.6452643324923647 3.0307703018188481 0.80037629604339611 1.2782969703885751 0.297510822614034 -0.0052665246713803991 -0.1958181473685344 2.644881884256999 0.50852085443366113 0.37566168970911701 -0.52530181407928456 9.780627221168336 0.97029050191243482 0.071014285087585463 0.20301239440838456
decision_type=8 10 8 8 10 2 2 2 10 2 10 10 10 10 10 10 2 2 10 2 2 2 2 10 10 2 2 10 2 10
left_child=5 2 -2 4 -4 19 -7 -8 15 10 -10 -12 -13 14 -6 -3 17 -17 -19 22 21 -21 27 24 25 -22 -24 -1 29 -29
right_child=1 8 3 -5 13 6 7 -9 9 -11 11 12 -14 -15 -16 16 -18 18 -20 20 23 -23 26 -25 -26 -27 -28 28 -30 -31
leaf_value=3.6918252488474383e-07 0 -9.4418196294689927e-06 0 0 0.0001417231811265397 0 -0.00019072642190420396 0 0 0 0 -0.00020272001648950199 0 0 0 0 0 0.0001612438839969843 0 0 0 -0.00010693895964673363 -9.2588838627929567e-05 0 0 9.8515605735362952e-05 0 -0.00014922768358176762 0 0
leaf_weight=5347 345 199 39 21 220 25 59 21 90 197 34 98 26 26 29 78 78 73 46 37 228 104 131 543 196 267 50 102 256 25
leaf_count=5347 345 199 39 21 220 25 59 21 90 197 34 98 26 26 29 78 78 73 46 37 228 104 131 543 196 267 50 102 256 25
internal_value=0 9.41718e-06 3.78179e-05 7.61558e-05 9.10824e-05 -1.7233e-06 -7.9289e-05 -0.000129647 -6.15919e-06 -3.54788e-05 -7.13768e-05 -0.000116148 -0.000160967 0.000109097 0.000123793 1.0822e-05 4.36589e-05 7.10024e-05 0.000115144 0 1.2563e-05 -6.35899e-05 -3.66755e-06 2.53204e-05 4.44691e-05 6.31771e-05 -6.01913e-05 -1.00847e-06 -3.32881e-05 -9.83956e-05
internal_weight=8990 1599 680 335 314 7391 105 80 919 445 248 158 124 275 249 474 275 197 119 7286 1375 141 5911 1234 691 495 181 5730 383 127
internal_count=8990 1599 680 335 314 7391 105 80 919 445 248 158 124 275 249 474 275 197 119 7286 1375 141 5911 1234 691 495 181 5730 383 127
is_linear=0
shrinkage=0.05


Tree=241
num_leaves=31
num_cat=0
split_feature=2 325 268 276 47 73 244 245 356 88 89 64 268 64 89 91 210 334 322 39 246 92 242 74 222 237 285 239 350 198
split_gain=6.48441e-05 0.000172829 0.000233138 0.000246878 0.000282119 0.000162068 0.000368564 0.000301929 0.000251674 0.000281281 0.000218203 0.000198445 0.000228068 0.000214893 0.000306442 0.000408071 0.000649954 0.000221505 0.000245485 0.000221114 0.000194138 0.00036593 0.000278124 0.000181887 0.000125964 0.000148367 0.000121596 9.97716e-05 0.000207211 0.00013942
threshold=2.8623056411743169 0.54563900828361511 -0.47764669771710161 1.8620945746411715 0.45695924758911138 5.8768021265665702 0.91098482879289744 1.6876214486897492 2.8708655382692863 0.45758956670761114 0.26215306917826336 6.0578816731770848 0.62190454482701585 3.5042967796325688 2.7406431833902998 1.3626035849253337 1.0362061900191246 1.4242495582347099 -0.29302008946736652 4.2076374689737959 0.31597612473360809 0.78703999519348156 0.97795316708983659 5.0915706952412938 0.11360941764085922 0.13633520536263682 0.27608673771222442 1.3788939943175538 15.566528002421064 1.4823765254783334
decision_type=2 10 10 10 2 2 10 10 10 2 2 2 10 2 2 2 10 10 10 2 8 2 10 2 10 10 10 10 10 10
left_child=5 2 -2 4 -4 11 7 8 9 -7 -11 13 -13 14 20 -16 -17 18 -15 -20 22 -22 -1 24 -14 -26 -6 28 -8 -30
right_child=1 -3 3 -5 26 6 27 -9 -10 10 -12 12 23 17 15 16 -18 -19 19 -21 21 -23 -24 -25 25 -27 -28 -29 29 -31
leaf_value=-9.1593807649544907e-08 0 -3.201264348921524e-06 0 0 0.00014606823661188973 0 0 0 0 0 -0.00013688525782141399 0 0 0 0 0.00011885372522618902 -5.6214711923312765e-08 0 -9.5318505009198032e-05 0 -4.0675433221336752e-06 -9.0934189160928763e-05 4.8608899692610112e-05 0 0 0.0001438204840750961 0 -2.0093815876208843e-05 9.4280443937878996e-05 0
leaf_weight=4350 70 145 62 59 131 39 191 58 44 23 211 184 54 39 475 241 73 146 247 22 1080 167 302 34 28 107 23 230 115 40
leaf_count=4350 70 145 62 59 131 39 191 58 44 23 211 184 54 39 475 241 73 146 247 22 1080 167 302 34 28 107 23 230 115 40
internal_value=0 1.79109e-05 4.12711e-05 6.52333e-05 9.09575e-05 -7.58122e-07 -2.05429e-05 -5.93842e-05 -8.09438e-05 -9.95558e-05 -0.000120691 1.07222e-06 3.52057e-05 -1.73334e-07 1.37547e-06 3.10499e-05 7.52993e-05 -3.39953e-05 -5.91665e-05 -7.93009e-05 -1.74639e-06 -1.97165e-05 1.99615e-06 6.9407e-05 8.9934e-05 0.000116841 0.000127196 0 2.12662e-05 6.5948e-05
internal_weight=8990 490 345 275 216 8500 951 375 317 273 234 7549 407 7142 6688 789 314 454 308 269 5899 1247 4652 223 189 135 154 576 346 155
internal_count=8990 490 345 275 216 8500 951 375 317 273 234 7549 407 7142 6688 789 314 454 308 269 5899 1247 4652 223 189 135 154 576 346 155
is_linear=0
shrinkage=0.05


Tree=242
num_leaves=31
num_cat=0
split_feature=237 371 364 333 259 64 66 236 371 371 44 71 24 224 190 203 207 204 88 18 262 363 273 18 232 322 203 82 190 11
split_gain=6.25905e-05 0.000254999 0.000212895 0.000227059 0.000180269 0.000193681 0.000259006 0.000170693 0.000295807 0.000255053 0.000202148 0.0002235 0.000195406 0.000162652 0.000110306 0.000332354 0.000310355 0.000297348 0.000514809 0.000431925 0.000285159 0.000397132 0.000346502 0.000268029 0.000248767 0.000239064 0.000234991 0.000284882 0.000346416 0.000199959
threshold=-1.5873824059024342 0.69713866373909128 -2.0502085830563739 -3.0131438365326013 -0.27736398800005752 -11.001656214396158 -11.126232782999672 -1.488015832644543 0.51123993201773887 1.959658020087711 -2.9293619791666661 0.8466594616572064 0.16897371411323547 -2.205442982260426 -0.51362374800091937 -0.7128261624795591 -0.15015551291833268 -0.7006060006327407 0.53250290950139367 0.44992868105570477 0.043515723531980403 -0.86903554282798579 1.0000000180025095e-35 -1.6598456700642898 0.34613588718001614 0.067088961601257366 -1.6674408519728308 -1.199081460634867 -0.71233766250718622 0.24945598840713479
decision_type=8 2 10 10 10 2 2 8 2 2 2 2 2 10 8 10 10 8 2 2 10 8 10 2 10 10 10 2 10 2
left_child=1 4 3 -3 5 -1 13 8 -2 10 -10 12 -12 -7 15 26 17 18 19 -16 21 -18 -23 -17 29 -25 -9 -28 -29 -19
right_child=7 2 -4 -5 -6 6 -8 14 9 -11 11 -13 -14 -15 16 23 20 24 -20 -21 -22 22 -24 25 -26 -27 27 28 -30 -31
leaf_value=0 0 0 0 0.00017434780619508079 5.8788630647659332e-05 0 0 2.1824370702897557e-05 0 0 0 0 -0.00018511399372243947 -0.00016752805498269587 -0.00016109825886169603 0 -3.2801609923770299e-06 -2.565973484582203e-06 0 0 -1.0779383487719637e-06 0 0.00010151059338256754 5.720343047935148e-05 -4.8857604725155513e-05 0 0 -8.003692714295497e-05 0 6.704880066225534e-05
leaf_weight=33 313 38 117 62 63 25 139 280 27 31 40 25 98 63 147 361 217 776 88 32 3647 204 253 697 287 152 232 326 107 110
leaf_count=33 313 38 117 62 63 25 139 280 27 31 40 25 98 63 147 361 217 776 88 32 3647 204 253 697 287 152 232 326 107 110
internal_value=0 1.66808e-05 6.02383e-05 0.000114835 0 -2.99039e-05 -5.6181e-05 -8.56208e-07 -2.84344e-05 -7.2786e-05 -9.75496e-05 -0.000119121 -0.000144238 -0.000124443 3.7288e-07 1.05333e-05 -2.56003e-06 -2.31384e-05 -7.36999e-05 -0.000123639 3.14111e-06 3.33844e-05 6.17294e-05 2.89379e-05 -7.36203e-06 4.45262e-05 -7.74248e-06 -2.77108e-05 -5.31381e-05 4.40832e-07
internal_weight=8990 540 217 100 323 260 227 8450 534 221 190 163 138 88 7916 2155 5761 1440 267 179 4321 674 457 1210 1173 849 945 665 433 886
internal_count=8990 540 217 100 323 260 227 8450 534 221 190 163 138 88 7916 2155 5761 1440 267 179 4321 674 457 1210 1173 849 945 665 433 886
is_linear=0
shrinkage=0.05


Tree=243
num_leaves=31
num_cat=0
split_feature=375 350 254 370 373 220 90 360 321 348 297 25 306 282 287 274 208 202 308 340 28 204 75 375 375 285 376 371 50 253
split_gain=6.90068e-05 0.000164473 0.000440634 0.000463263 0.000282971 0.000251301 0.000207256 0.00017802 0.000301049 0.000353673 0.00049468 0.000414067 0.000269586 0.000306472 0.000268418 0.000241321 0.000326172 0.000303786 0.000338521 0.000216988 0.000176576 0.000171285 0.000267188 0.000146298 0.000226261 0.000265173 0.000330511 0.000217965 0.000280913 0.000161085
threshold=-0.037395754794959095 -10.111135323842365 -1.0109592310748021 0.9674489299306045 0.07510584928307816 1.145665574155758 -0.40330056349436433 -1.1956989495824153 -0.66792553343574257 -4.2769946157932273 -1.0331471760882669e-06 0.40849590301513677 -0.14759527395999791 -0.10452763239542644 -0.0068484945222735492 -1.2281515509773508 -0.19326846222766889 -0.5578465464907002 -1.5209995592584686 -0.73176447550455714 0.061800122261047308 0.25480761677477587 0.00066137057729060008 0.19572436317901368 0.54723011516621833 -0.18566272904475517 0.0022253719991662505 0.80161733377558619 -6.115428924560546 -0.8670942203143156
decision_type=2 8 10 2 2 10 2 10 10 10 10 2 10 10 10 10 10 10 10 10 2 10 2 2 2 10 2 2 2 10
left_child=-1 2 23 4 -4 6 -6 15 9 19 11 -11 21 14 -14 -3 17 -17 -19 -9 -15 22 -10 27 25 -25 -27 28 29 -2
right_child=1 7 3 -5 5 -7 -8 8 12 10 -12 -13 13 20 -16 16 -18 18 -20 -21 -22 -23 -24 24 -26 26 -28 -29 -30 -31
leaf_value=5.6248023396108302e-06 -0.00017574738251067789 -4.2942205611506446e-06 0 0 0 0 -0.00016921889618016085 -2.9103463692083989e-05 0 -0.00013140218268992157 0 0 0 -1.6489666445177955e-05 -0.0001340405514121201 5.9801555556866961e-06 0 0 0.00019551177628957786 6.9308665982599805e-05 1.2063972021133055e-05 0 9.4593432604006796e-05 0 0 0.00013488239699750482 0 0 0 0
leaf_weight=3565 58 255 40 234 24 20 160 67 207 229 153 49 30 935 82 207 261 47 89 101 1286 103 194 87 178 125 51 89 43 21
leaf_count=3565 58 255 40 234 24 20 160 67 207 229 153 49 30 935 82 207 261 47 89 101 1286 103 194 87 178 125 51 89 43 21
internal_value=0 -3.31793e-06 -2.04131e-05 -5.73502e-05 -0.000105767 -0.000129789 -0.000148619 1.59957e-08 -3.87542e-06 -3.65361e-05 -6.24983e-05 -0.000102479 1.25919e-06 -4.02804e-06 -8.46904e-05 2.14003e-05 4.05239e-05 7.25814e-05 0.000137136 3.22806e-07 0 3.56482e-05 5.1621e-05 0 2.23892e-05 5.46842e-05 9.07317e-05 -2.61752e-05 -7.51491e-05 -0.000132649
internal_weight=8990 5425 1130 478 244 204 184 4295 3436 599 431 278 2837 2333 112 859 604 343 136 168 2221 504 401 652 441 263 176 211 122 79
internal_count=8990 5425 1130 478 244 204 184 4295 3436 599 431 278 2837 2333 112 859 604 343 136 168 2221 504 401 652 441 263 176 211 122 79
is_linear=0
shrinkage=0.05


Tree=244
num_leaves=31
num_cat=0
split_feature=210 298 361 369 292 228 372 202 237 334 11 39 216 89 329 305 49 300 327 58 235 234 323 349 359 233 39 39 347 30
split_gain=6.56707e-05 0.000291316 0.000259524 0.000203 0.000182504 0.000156766 0.00015824 0.000138948 0.000370296 0.000352749 0.000314786 0.000251838 0.000264022 0.000243047 0.000239373 0.000254665 0.000213222 0.000207485 0.000174544 0.000168891 0.000152994 0.000151376 0.000260359 0.000252486 0.000147709 0.000135528 0.000178539 0.000292077 0.000256802 0.000260028
threshold=-0.52327245578933057 0.037328020359078957 0.70168523313590725 2.5420504208328478 2.6309134562810268 -1.1436723945180922 -0.005645124596856399 -0.54777327504878304 -0.99917912403400477 -1.7044090342186144 -0.014855412145455648 -0.64624245961507143 0.22857287747755953 -0.24456033110618583 0.24042963981628418 -2.3033777413031551 -0.6771527131398517 -1.8382984201113379 -1.0927518195869011e-07 1.0099500417709353 -0.70230430494631724 -0.91141009589005095 -3.8672527472178135 -3.96847132841746 -2.6695329968621171 -0.79958633228055687 -1.1755867799123128 -0.98190188407897938 -2.6018592417240138 -1.7621904214223225
decision_type=8 10 10 2 10 8 2 10 10 10 2 2 10 2 10 10 2 10 10 2 10 10 10 10 10 8 2 2 10 2
left_child=1 7 3 4 -3 6 -2 8 13 -10 20 12 14 21 15 -9 17 -13 -12 -19 -11 22 -1 -23 -15 -7 28 -28 -27 -30
right_child=5 2 -4 -5 -6 25 -8 11 9 10 18 16 -14 24 -16 -17 -18 19 -20 -21 -22 23 -24 -25 -26 26 27 -29 29 -31
leaf_value=6.4807005728473365e-05 -7.3047657741987402e-05 0.00020595664905745652 0 0 0 3.242345684086599e-05 0 0 0 -4.9708443618947464e-05 -0.00015160730063728731 0 0 0 0 9.5321947903775035e-05 4.5488763269908402e-06 -0.00017893288281999116 0 0 5.465210094030922e-06 -7.4798995936715542e-05 0 0 9.1698100103266363e-05 0 7.63125502301479e-05 -1.2259807937303212e-06 0 -6.9000699618894552e-05
leaf_weight=182 155 58 64 63 32 282 48 78 265 162 129 20 54 22 26 309 167 46 37 24 114 160 402 109 128 244 124 4978 134 374
leaf_count=182 155 58 64 63 32 282 48 78 265 162 129 20 54 22 26 309 167 46 37 24 114 160 402 109 128 244 124 4978 134 374
internal_value=0 6.82896e-06 6.26427e-05 9.90066e-05 0.000149295 -2.52899e-06 -4.61201e-05 0 -5.82898e-06 -3.53498e-05 -6.31932e-05 1.99871e-05 4.42211e-05 9.99674e-06 6.17166e-05 7.49047e-05 -4.60144e-06 -7.70605e-05 -0.000123441 -0.000122606 -8.81622e-06 0 1.39651e-05 -3.13529e-05 6.86727e-05 -2.71269e-07 -2.70088e-06 0 -2.55e-05 -4.7181e-05
internal_weight=8990 2651 217 153 90 6339 203 2434 1710 707 442 724 467 1003 413 387 257 90 166 70 276 853 584 269 150 6136 5854 5102 752 508
internal_count=8990 2651 217 153 90 6339 203 2434 1710 707 442 724 467 1003 413 387 257 90 166 70 276 853 584 269 150 6136 5854 5102 752 508
is_linear=0
shrinkage=0.05


Tree=245
num_leaves=31
num_cat=0
split_feature=360 360 248 198 361 43 349 280 37 71 5 348 372 5 360 250 83 0 368 291 47 372 291 362 73 89 294 324 263 369
split_gain=6.47165e-05 0.00021331 0.000281125 0.000371023 0.000209215 0.000251908 0.000287215 0.000255588 0.000206319 0.000204122 0.000258728 0.000203682 0.000187188 0.000222378 0.000166155 0.000159679 0.00013302 0.000245372 0.000229571 0.000454261 0.000504158 0.000372542 0.000324034 0.000278773 0.000252225 0.000208747 0.000265536 0.000253493 0.000174395 0.000256545
threshold=-2.4742885996686086 -1.1779034557566852 -1.0465265570698594 -0.46886534211209879 -2.2451935641636123 -1.0218665202458699 -1.6905402342478435 -1.6211712978361528 -1.0457101265589392 2.0600442091623949 -3.7111460367838536 -8.8819168309370653 -0.23532723536817302 0.15317778786023459 -1.139868526292467 -1.4827008941516349 0.18070331215858457 0.9912341435750327 2.2393204535019726 -1.1175870893997962e-07 0.63939994573593151 -0.40243880610794552 3.0699934164683031 0.3362282910484708 -3.0887908935546871 2.6180936495463061 -0.19728565216064448 0.028125859797000902 0.64197523644371823 1.2954708213856334
decision_type=8 10 10 10 8 2 8 10 2 2 2 10 2 2 10 10 2 2 2 10 2 2 10 10 2 2 10 10 10 2
left_child=8 2 4 9 -2 6 7 -6 -1 10 -4 -12 -10 15 -3 -14 18 25 19 20 -16 24 -23 -21 -20 26 -18 -27 29 -19
right_child=1 14 3 -5 5 -7 -8 -9 12 -11 11 -13 13 -15 16 -17 17 28 21 23 -22 22 -24 -25 -26 27 -28 -29 -30 -31
leaf_value=2.6178168578825755e-06 2.3408360027413755e-05 -7.724855329421813e-05 0 0 0 0 0 -0.00016047839485997125 0 0 0 0.0001210796555455113 0 0 -8.7626269504793663e-07 -0.00010917014135024923 4.1278447246054434e-05 0 -7.0434680670533159e-05 2.3878413788206381e-05 -7.4211341972550346e-05 7.7327307086973729e-05 0 -1.2145912303709251e-05 3.7408745578973568e-06 0 -1.3647456887815111e-05 7.0916720488937876e-05 0 -0.00010463980213970691
leaf_weight=439 176 72 85 592 20 67 111 94 202 20 71 261 27 58 688 174 335 83 128 839 529 321 68 1481 422 115 518 378 512 104
leaf_count=439 176 72 85 592 20 67 111 94 202 20 71 261 27 58 688 174 335 83 128 839 529 321 68 1481 422 115 518 378 512 104
internal_value=0 1.67685e-06 1.90125e-05 3.46268e-05 -4.63763e-06 -3.86617e-05 -6.88285e-05 -0.000125056 -1.24288e-05 7.03208e-05 8.0035e-05 9.99638e-05 -3.75985e-05 -6.57411e-05 -1.50123e-06 -9.12848e-05 0 9.85527e-06 -5.46975e-06 -1.21063e-05 -3.68648e-05 1.42029e-05 5.34095e-05 0 -4.44221e-06 2.35976e-05 2.06501e-06 5.07058e-05 -9.45459e-06 -5.16163e-05
internal_weight=8990 8090 1497 1029 468 292 225 114 900 437 417 332 461 259 6593 201 6521 2045 4476 3537 1217 939 389 2320 550 1346 853 493 699 187
internal_count=8990 8090 1497 1029 468 292 225 114 900 437 417 332 461 259 6593 201 6521 2045 4476 3537 1217 939 389 2320 550 1346 853 493 699 187
is_linear=0
shrinkage=0.05


Tree=246
num_leaves=31
num_cat=0
split_feature=254 363 363 217 31 286 76 75 317 258 363 32 315 214 84 220 217 92 316 256 320 363 212 10 51 220 38 307 249 308
split_gain=6.37808e-05 0.00026371 0.000241008 0.000464492 0.000406592 0.000237787 0.00039985 0.000452097 0.000452178 0.000375717 0.000261527 0.000513583 0.000357882 0.000251995 0.000228057 0.000299636 0.000241793 0.000222382 0.000207773 0.000200608 0.000218931 0.000185553 0.000285419 0.000302486 0.000200825 0.000377398 0.000175494 0.00032483 0.000294988 0.000280293
threshold=-0.031236964358060299 0.088371717735022712 -0.15065441472015653 0.34359971407119411 1.3332340717315676 -0.052536123742659743 -4.5133697191874171 0.71053949991861998 -2.5811353021670942 0.52277858884329476 -1.4366105253990065 0.14593826234340668 -1.0129961628092838 -1.441871262256134 0.17092949151992798 -0.2735105705865592 0.057272522043844955 0.018901194135347955 -1.4988133650986666 -0.29011527184767666 1.5264926577384983 -2.7375504858467998 -2.0141807194412906 0.65077080329259251 0.75962555408477794 0.025219378948801354 1.6396944522857668 0.42591374955337519 0.40554053358690756 -0.9931238011593263
decision_type=8 10 8 10 2 10 2 2 10 10 8 2 10 10 2 10 10 2 10 10 10 10 10 2 2 10 2 10 10 8
left_child=1 5 3 14 19 10 7 8 -7 -10 21 12 13 -12 15 -2 18 -3 -17 -5 -21 22 -1 -24 -23 -26 -4 28 29 -28
right_child=2 17 26 4 -6 6 -8 -9 9 -11 11 -13 -14 -15 -16 16 -18 -19 -20 20 -22 24 23 -25 25 -27 27 -29 -30 -31
leaf_value=-3.8510757976615866e-06 0 0 -1.4547372026924488e-05 0 0 0 0 2.1584721000805096e-05 -0.00013375911596303833 0 0 0 0 0.00020324068421044163 5.6210103904352033e-05 0 0 7.604865204766246e-05 -0.00017709880018481388 -0.00019928862586143152 0 0 0.00011508927015575749 0 -0.0001178985910490056 0 0 0 0 8.9733540868212037e-05
leaf_weight=119 71 222 1364 23 49 71 1987 55 245 24 20 344 114 93 117 20 32 226 66 98 20 411 132 112 117 57 44 2136 303 298
leaf_count=119 71 222 1364 23 49 71 1987 55 245 24 20 344 114 93 117 20 32 226 66 98 20 411 132 112 117 57 44 2136 303 298
internal_value=0 4.60921e-06 -3.8011e-06 -3.6738e-05 -9.81364e-05 0 -9.41767e-06 -5.53606e-05 -8.25118e-05 -0.000113161 1.58824e-05 4.26124e-05 0.000101094 0.000168618 0 -3.2534e-05 -8.96529e-05 4.09568e-05 -0.000134334 -0.000142054 -0.000168391 0 2.78555e-05 6.37977e-05 -1.76437e-05 -6.26893e-05 0 7.34547e-06 3.86193e-05 7.04851e-05
internal_weight=8990 4349 4641 496 190 3901 2382 395 340 269 1519 571 227 113 306 189 118 448 86 141 118 948 363 244 585 174 4145 2781 645 342
internal_count=8990 4349 4641 496 190 3901 2382 395 340 269 1519 571 227 113 306 189 118 448 86 141 118 948 363 244 585 174 4145 2781 645 342
is_linear=0
shrinkage=0.05


Tree=247
num_leaves=31
num_cat=0
split_feature=210 357 190 323 71 323 199 214 254 274 356 285 249 273 277 372 290 311 235 302 32 227 79 372 8 209 225 347 29 86
split_gain=6.41634e-05 0.000273097 0.000475145 0.00041335 0.000358567 0.000549513 0.000454667 0.000486621 0.000341678 0.000340649 0.000291911 0.000292574 0.000181747 0.000315236 0.000369999 0.000199847 0.000255396 0.000233691 0.000179043 0.000361963 0.000322753 0.000163313 0.00021839 0.000163049 0.000145217 0.000156258 0.000218918 0.000189012 0.000144395 0.000140804
threshold=-0.52327245578933057 -1.1366590015333389 -0.63972987722342778 -1.0165027777353923 -1.411158720652262 -0.71254020929336515 0.11752779179034147 -0.51439052919824479 -1.6709077385562481 -1.2496388010417492 -0.29486210718567174 -0.034991643081108643 -1.8129600259420826 -2.2451525405496757 -1.8208350566643439 -0.16883063802413004 -1.6848261555035904 -1.0851855722535182 -0.94825513956818053 0.032309985020400563 0.52002282937367761 -0.98189909243321938 -1.7456439336140948 -0.63636308967006094 -2.0939095020294185 -1.8952352611427146 0.11207934417134792 2.8886478344599409 -0.61077481508255027 -1.272032817204793
decision_type=8 10 10 10 2 10 10 10 10 10 10 10 10 10 10 2 10 10 10 10 2 10 2 2 2 8 10 8 2 2
left_child=1 2 12 8 21 6 7 -6 -4 -9 11 -10 13 14 -1 -14 17 -17 20 -20 -7 -3 -23 -21 25 -2 27 28 -27 -30
right_child=24 4 3 -5 5 18 -8 9 10 -11 -12 -13 15 -15 -16 16 -18 -19 19 23 -22 22 -24 -25 -26 26 -28 -29 29 -31
leaf_value=-0.00020587370466098421 0 0 0 0 0 -0.00016193665150219708 0 0 -0.00019960674849947877 0.00018061746081330843 0 0 0 0 0 8.6977548757459413e-05 0 0 0 0 0 -0.00010468091663839265 0 0.00010919420171435653 0 0 0 0 0 -0.00010562745960232974
leaf_weight=43 49 109 29 139 132 40 52 28 113 190 21 27 331 204 51 280 251 54 212 26 79 92 21 127 5881 20 89 34 40 226
leaf_count=43 49 109 29 139 132 40 52 28 113 190 21 27 331 204 51 280 251 54 212 26 79 92 21 127 5881 20 89 34 40 226
internal_value=0 6.84695e-06 -4.06695e-06 -5.93043e-05 2.65569e-05 4.27967e-05 8.63289e-05 0.000108657 -0.000107353 0.00015662 -0.000137482 -0.000164145 6.78802e-06 -1.95266e-05 -9.78923e-05 2.0808e-05 3.91384e-05 6.77769e-05 0 2.35758e-05 -4.53254e-05 -1.57339e-05 -6.40005e-05 8.50649e-05 -2.38714e-06 -2.95186e-05 -4.39386e-05 -6.46309e-05 -7.9531e-05 -9.03171e-05
internal_weight=8990 2651 1543 329 1108 886 402 350 190 218 161 140 1214 298 94 916 585 334 484 365 119 222 113 153 6339 458 409 320 286 266
internal_count=8990 2651 1543 329 1108 886 402 350 190 218 161 140 1214 298 94 916 585 334 484 365 119 222 113 153 6339 458 409 320 286 266
is_linear=0
shrinkage=0.05


Tree=248
num_leaves=31
num_cat=0
split_feature=276 364 354 373 249 218 242 266 233 227 37 274 228 376 376 73 219 206 25 218 201 5 204 15 371 72 337 218 69 377
split_gain=6.43111e-05 0.000329608 0.000321213 0.000416221 0.000286052 0.000389589 0.000301249 0.000322933 0.000256251 0.000329336 0.00036392 0.000246567 0.000248384 0.000266501 0.000315996 0.000248235 0.000410847 0.000299951 0.000387148 0.000244015 0.000252083 0.000436154 0.000349023 0.000312638 0.000231505 0.000230438 0.000212356 0.000291487 0.000201652 0.000201494
threshold=-0.27071998132700997 -0.124966954811763 -0.72591529875432903 0.18515587719635723 -0.50748461697712799 -0.2023930800089119 0.88579151424624758 -1.0171389961995707 0.19937882821726657 -0.66701332420260406 0.43874422709147137 0.31630005957007873 0.24846124535944983 0.0035967622223745505 -0.0047453628603042987 -1.3657363255818684 -0.25441475130301089 -0.19140640408289314 0.055649171272913557 0.29805232554115735 0.65511576264592086 1.6769463221232102 0.016883673866035957 1.1813974877198541 -1.0499744899360033 2.3368887106577563 -1.5877972744905 0.65156261034784568 -1.0591031511624653 -0.92232423241897099
decision_type=8 10 10 2 10 10 10 10 10 10 2 10 8 2 2 2 10 8 2 10 10 2 10 2 2 2 10 10 2 2
left_child=1 2 -1 -4 -3 6 7 -6 9 -5 -11 12 13 14 -2 16 -14 18 25 28 29 22 -22 -24 -9 -17 -16 -28 -13 -21
right_child=11 4 3 8 5 -7 -8 24 -10 10 -12 19 15 -15 26 17 -18 -19 -20 20 21 -23 23 -25 -26 -27 27 -29 -30 -31
leaf_value=6.2028354382466799e-06 1.0155034469743493e-06 0 0 0 0 2.7829060776189943e-06 0 0 0 -0.00018866174554977325 0 0 0.00016040723278628525 2.0715690052836839e-06 0 -0.00020890818099165073 0 1.3988430216843448e-06 0 4.0297959778703057e-05 0 -4.2625520597606336e-07 -0.00014202422618166892 0 0.00019906747741293691 0 -7.0513515494798128e-05 0 4.0855677827627883e-05 0
leaf_weight=2226 157 261 238 114 22 282 21 20 46 116 53 305 63 243 131 53 85 484 44 422 43 1064 159 33 120 20 792 104 696 573
leaf_count=2226 157 261 238 114 22 282 21 20 46 116 53 305 63 243 131 53 85 484 44 422 43 1064 159 33 120 20 792 104 696 573
internal_value=0 5.58636e-06 -4.9096e-07 -3.55836e-05 3.58494e-05 5.95312e-05 0.000119623 0.000144255 -7.31005e-05 -9.20591e-05 -0.000138048 -3.05183e-06 -1.66499e-05 -2.92838e-05 -3.99414e-05 7.46346e-07 6.34628e-05 -6.38788e-06 -8.12719e-05 4.41111e-06 -2.67055e-06 -1.89161e-05 -8.13287e-05 -0.000112415 0.000172742 -0.000154341 -5.10701e-05 -5.98489e-05 2.56334e-05 1.35137e-05
internal_weight=8990 3519 2793 567 726 465 183 162 329 283 169 5471 2176 1427 1184 749 148 601 117 3295 2294 1299 235 192 140 73 1027 896 1001 995
internal_count=8990 3519 2793 567 726 465 183 162 329 283 169 5471 2176 1427 1184 749 148 601 117 3295 2294 1299 235 192 140 73 1027 896 1001 995
is_linear=0
shrinkage=0.05


Tree=249
num_leaves=31
num_cat=0
split_feature=375 307 356 191 28 253 13 371 325 36 207 48 248 76 36 207 246 4 231 57 371 238 72 86 227 6 55 241 237 251
split_gain=6.44863e-05 0.000167474 0.00034728 0.000290179 0.000317144 0.000132725 0.000229827 0.000172773 0.000172582 0.000177864 0.00013568 0.000247781 0.000109541 0.000343228 0.000372649 0.000266681 0.000305205 0.000271816 0.000307632 0.000246562 0.000403456 0.000583894 0.000219947 0.000310666 0.00037354 0.000283006 0.00021481 0.000195839 0.000288031 0.000359463
threshold=0.55598552999394912 -0.19924194533515133 0.23955653078458652 0.22865998055165701 0.033053504923979411 -1.2052595066528073 -0.038235956182082441 -1.593118379106268 -0.18785139918327329 0.98139019807179773 -0.81038124346598928 2.5385416348775234 0.35167369536386278 7.5389782587687186 0.72987194856007909 0.39829221968875606 0.18018314905685262 0.90455873807271325 0.25033629374592276 1.2825479904810591 -0.46053919929177523 0.48166077521871803 5.8642835617065439 1.4371996720631921 -0.43943189994691806 3.5723613897959399 2.756036758422852 -1.0226005383198935 -0.87303313438155483 -1.0092987549585026
decision_type=2 10 10 10 2 10 2 2 10 2 10 2 8 2 2 10 10 2 10 2 2 10 2 2 10 2 2 10 10 10
left_child=12 5 3 4 -3 6 -2 -8 -7 10 -10 -12 13 27 26 22 17 -17 -19 20 -18 -22 23 24 -14 -26 -15 -1 29 -29
right_child=1 2 -4 -5 -6 8 7 -9 9 -11 11 -13 15 14 -16 16 19 18 -20 -21 21 -23 -24 -25 25 -27 -28 28 -30 -31
leaf_value=-1.1391721108266635e-05 0 0 0 0 -0.0002061911770561799 0 0 -0.00013627681319968018 0 0 0.00017209229584797933 0 7.0526480413551973e-07 0.00022531469431852775 0 0 0 0 0.00014946285616693992 3.0338644404002197e-06 0 -0.0002008633154126817 1.4807625564255137e-05 1.1047285588908468e-05 -6.9350918335010228e-05 0 0 0 2.0494163398283168e-06 6.7381153046237587e-05
leaf_weight=1241 41 24 358 57 69 167 20 59 26 27 70 31 137 49 34 99 30 32 101 1569 27 76 140 147 749 29 26 205 2908 442
leaf_count=1241 41 24 358 57 69 167 20 59 26 27 70 31 137 49 34 99 30 32 101 1569 27 76 140 147 749 29 26 205 2908 442
internal_value=0 -1.18438e-05 -3.29386e-05 -9.7246e-05 -0.000151785 1.1226e-06 -2.75368e-05 -9.17339e-05 2.74131e-05 6.60734e-05 9.37636e-05 0.000120032 1.86873e-06 6.96721e-06 9.68807e-05 -4.51142e-06 4.92199e-06 5.90703e-05 0.000105783 0 -6.72505e-05 -0.000124987 -2.38482e-05 -3.36526e-05 -4.62982e-05 -6.10001e-05 0.00016137 3.87923e-06 1.06167e-05 4.13901e-05
internal_weight=8990 949 508 150 93 441 120 79 321 154 127 101 8041 4905 109 3136 1934 232 133 1702 133 103 1202 1062 915 778 75 4796 3555 647
internal_count=8990 949 508 150 93 441 120 79 321 154 127 101 8041 4905 109 3136 1934 232 133 1702 133 103 1202 1062 915 778 75 4796 3555 647
is_linear=0
shrinkage=0.05


Tree=250
num_leaves=31
num_cat=0
split_feature=375 1 50 323 327 54 42 341 285 337 335 224 250 87 240 272 1 361 48 24 362 297 241 305 209 317 322 7 319 326
split_gain=6.61958e-05 0.000139325 0.000225812 0.000226211 0.000294584 0.000313483 0.000393991 0.000261468 0.0002836 0.000287902 0.000234659 0.000205217 0.000178361 0.000176754 0.000286229 0.000230395 0.000137634 0.000208457 0.000181277 0.000137217 0.000285586 0.00022393 0.00025412 0.00019374 0.000169449 0.000288787 0.000366413 0.000254759 0.000274722 0.000224937
threshold=-0.037395754794959095 2.4144930839538579 16.393929799397792 2.5852789481480922 0.20546928544839224 0.23284030954043067 -1.0369359254837034 0.87464904785156261 0.17254847846925245 0.58204698352528561 1.21106304746326 0.47500219344948652 1.2528899112993226 0.9709000885486605 -0.82773741996465489 -0.36350093652960724 3.5777959699432063 2.3874665798133354 1.4704862236976626 -0.19439288415014713 -4.0052916737560631 -0.48997353514035535 -0.096102888259515684 -2.8337434696398716 0.097923010987715373 -1.0053136510027316 -0.4803101817766825 2.2852631409962978 0.0037688448895509007 -2.2641305128733316
decision_type=2 2 2 8 10 2 2 8 8 10 10 10 10 2 8 10 2 10 2 2 10 10 10 10 10 10 10 2 10 10
left_child=19 2 3 4 13 -6 -7 10 9 -9 -5 -4 16 14 -2 -15 17 18 -3 -1 21 -21 23 -23 25 -22 29 28 -26 -27
right_child=1 12 11 7 5 6 -8 8 -10 -11 -12 -13 -14 15 -16 -17 -18 -19 -20 20 24 22 -24 -25 27 26 -28 -29 -30 -31
leaf_value=-3.9712243437321586e-05 1.2312126592228237e-05 0 0 5.8589225485451123e-06 0 0 -7.3882271115146468e-05 0 0 0.00011793429672055966 -9.2778206088258125e-05 -0.00016012690261732625 0 -2.1506668503163992e-05 -1.9203624284499e-05 3.7349797153561203e-05 0 0 0.00017130084584276336 0 2.2221330622553294e-05 0 0 0.00021921990450808192 0 0 -4.347069672837984e-07 -5.4281514609976146e-08 5.7939490968974686e-05 -9.4508306002079128e-05
leaf_weight=122 975 31 25 102 322 120 510 39 168 174 68 46 100 114 1894 598 43 28 68 27 549 30 20 54 379 35 974 625 531 219
leaf_count=122 975 31 25 102 322 120 510 39 168 174 68 46 100 114 1894 598 43 28 68 27 549 30 20 54 379 35 974 625 531 219
internal_value=0 -2.91187e-06 -5.57647e-06 -3.31436e-06 -7.84917e-06 -3.26626e-05 -5.34398e-05 2.49148e-05 5.10379e-05 8.93618e-05 -4.2328e-06 -9.70007e-05 2.94339e-05 0 -6.75056e-06 2.0903e-05 6.32225e-05 8.97584e-05 0.000124867 5.78936e-06 8.85496e-06 8.37903e-05 0.000119246 0.000158604 4.37897e-06 -3.96517e-06 -1.97445e-05 1.72954e-05 3.47039e-05 -7.40842e-05
internal_weight=8990 5425 5155 5084 4533 952 630 551 381 213 170 71 270 3581 2869 712 170 127 99 3565 3443 131 104 84 3312 1777 1228 1535 910 254
internal_count=8990 5425 5155 5084 4533 952 630 551 381 213 170 71 270 3581 2869 712 170 127 99 3565 3443 131 104 84 3312 1777 1228 1535 910 254
is_linear=0
shrinkage=0.05


Tree=251
num_leaves=31
num_cat=0
split_feature=58 85 8 270 208 261 298 283 244 342 272 343 61 5 377 57 366 337 89 61 72 61 239 262 61 267 227 59 53 245
split_gain=6.20601e-05 0.000195857 0.000302034 0.000251947 0.000186279 0.000130854 0.00016694 0.000125264 0.000183357 0.000111615 0.000238417 0.000286635 0.000284782 0.000183244 0.000177846 0.000191635 0.000228663 0.000172301 0.000166554 0.000144706 0.000246722 0.000132326 0.000253287 0.00059699 0.000136741 0.000490897 0.00048535 0.000237082 0.000149592 0.000228088
threshold=3.6881326039632163 8.7342217763264998 4.5803082784016942 0.43211301297252841 2.3393415020507211 1.5894505019954341 0.15719018876552579 0.061001171668370512 1.9489241092419751 2.090300758679708 1.1517559308958958 3.9908725420633955 -0.5949802597363788 5.1566802660624189 -0.55729618438823181 2.7334678967793784 -0.045218267434523646 2.2057754540299124 0.38538010915120446 0.72310328483581554 0.32065014044443768 2.9393227100372319 0.28195066552635711 0.58987938859059352 0.81885894139607751 -0.29599276539843261 0.033593966510681909 -2.6784787178039546 3.3314819335937504 0.27202436943350033
decision_type=2 2 2 10 10 10 10 10 10 8 10 8 2 2 2 2 2 10 2 2 2 2 10 10 2 10 10 2 2 8
left_child=9 2 3 -2 7 6 -3 -5 -9 21 11 12 -11 14 15 16 -12 -15 -14 -13 -21 24 -23 -24 28 26 27 -26 29 -1
right_child=1 5 -4 4 -6 -7 -8 8 -10 10 13 19 18 17 -16 -17 -18 -19 -20 20 -22 22 23 -25 25 -27 -28 -29 -30 -31
leaf_value=8.0962381853373499e-07 0 0 0 0 0 0 0.00013638785379059713 -0.00020394916357752775 0 0 0 4.3806309270983701e-05 0 0.00010486146983568334 0 0 -0.00010903863291363355 0 0.00021486673246439377 -0.00012877595031437198 0 0 -0.00024143730461953603 0 0 0 0 0.00023479824143304409 2.6487225707042946e-05 -2.034719433570565e-05
leaf_weight=4533 28 37 94 21 27 63 40 78 20 24 53 185 21 62 88 91 143 78 59 38 102 113 42 85 26 722 49 61 415 1592
leaf_count=4533 28 37 94 21 27 63 40 78 20 24 53 185 21 62 88 91 143 78 59 38 102 113 42 85 26 722 49 61 415 1592
internal_value=0 -1.84014e-05 -4.83363e-05 -8.90783e-05 -0.000117332 3.20738e-06 6.52815e-05 -0.000144215 -0.000168649 1.40589e-06 1.77066e-05 4.55946e-05 0.000123982 0 -2.34357e-05 -4.76049e-05 -7.59008e-05 4.24191e-05 0.000169899 5.10039e-06 -1.03527e-05 0 -3.69832e-05 -8.69818e-05 5.71541e-07 1.97624e-05 0.000107143 0.000178518 -1.18191e-06 -3.87335e-06
internal_weight=8990 408 268 174 146 140 77 119 98 8582 944 429 104 515 375 287 196 140 80 325 140 7638 240 127 7398 858 136 87 6540 6125
internal_count=8990 408 268 174 146 140 77 119 98 8582 944 429 104 515 375 287 196 140 80 325 140 7638 240 127 7398 858 136 87 6540 6125
is_linear=0
shrinkage=0.05


Tree=252
num_leaves=31
num_cat=0
split_feature=58 14 36 192 275 32 307 342 215 204 188 271 275 58 17 190 210 236 284 79 342 193 274 267 307 345 360 193 364 243
split_gain=6.09866e-05 0.000188697 0.000346832 0.000245675 0.000353078 0.000283485 0.000200728 0.000510947 0.000383532 0.000559865 0.000498983 0.000285789 0.000394717 0.00028096 0.000302828 0.000267961 0.000210346 0.000208606 0.000264431 0.000205977 0.000218004 0.000205882 0.000397264 0.000335459 0.000287522 0.000199237 0.000197632 0.000188215 0.000351215 0.000255005
threshold=2.4222017923990888 0.013063102339704752 0.72412841518719995 0.84838839729317128 0.18972073207519755 0.66626950105031346 -0.22995004681241357 -0.17083630959192889 -0.78106120397824708 0.5155076506801296 0.34438023769551579 -0.22734178701179056 0.011234969026635103 1.7874558369318645 0.69102573394775402 -0.062053388235237837 -0.81182771676865906 -0.43922849061645092 0.19314733752980814 -1.8796015580495198 -1.8076493938763931 -0.22058292455994824 -0.40442658369817358 -0.13415237169201419 -0.37908871565055874 -2.7508032719294229 0.11093283840163831 0.53609691296334394 1.5095520578579342 -0.0098234912465564993
decision_type=2 2 2 10 10 2 10 10 10 10 10 10 10 2 2 10 10 10 10 2 10 10 10 10 10 8 10 10 10 10
left_child=1 6 3 4 -3 -6 11 8 -8 10 -10 21 19 14 -14 16 -9 18 -17 20 -13 24 -23 -24 25 -1 -18 28 29 -2
right_child=27 2 -4 -5 5 -7 7 15 9 -11 -12 12 13 -15 -16 17 26 -19 -20 -21 -22 22 23 -25 -26 -27 -28 -29 -30 -31
leaf_value=-2.3751085453686729e-05 0 0 0 0 0.00015635916635293323 0 0 -1.6999653411959774e-05 -0.0001560049125667634 0 0 0 0.00012383334714647826 0 0 -0.00013893899147577243 0 -2.5984830657590479e-06 0 -1.6848412477720127e-05 9.1117233328571974e-05 0 -0.00017676417009449864 0 8.329448093375905e-05 7.2926162952807463e-06 6.8827400017915232e-05 0 4.7298039275806787e-06 -8.0778893022102262e-05
leaf_weight=732 90 158 763 145 147 34 94 63 216 64 40 102 214 148 63 74 186 1018 39 426 113 139 75 26 104 1604 299 1309 186 319
leaf_count=732 90 158 763 145 147 34 94 63 216 64 40 102 214 148 63 74 186 1018 39 426 113 139 75 26 104 1604 299 1309 186 319
internal_value=4.62823e-08 2.71435e-06 2.04914e-05 5.35987e-05 7.68926e-05 0.000126273 -2.26174e-07 -1.34033e-05 -6.31881e-05 -9.03363e-05 -0.000125161 5.80173e-06 2.8018e-05 6.54983e-05 9.54786e-05 0 2.75229e-05 -1.50063e-05 -8.24767e-05 0 4.27977e-05 -1.17015e-06 -4.63015e-05 -0.000122126 1.22162e-06 -2.954e-07 4.36157e-05 -7.257e-06 -3.09708e-05 -5.94254e-05
internal_weight=8990 7086 1247 484 339 181 5839 2093 414 320 256 3746 1066 425 277 1679 548 1131 113 641 215 2680 240 101 2440 2336 485 1904 595 409
internal_count=8990 7086 1247 484 339 181 5839 2093 414 320 256 3746 1066 425 277 1679 548 1131 113 641 215 2680 240 101 2440 2336 485 1904 595 409
is_linear=0
shrinkage=0.05


Tree=253
num_leaves=31
num_cat=0
split_feature=58 241 341 325 360 360 191 69 30 191 37 317 191 204 325 275 280 268 208 207 244 188 23 362 9 328 366 263 348 72
split_gain=6.34049e-05 0.00027262 0.00041359 0.000223647 0.000125676 0.000219162 0.000205117 0.00033573 0.000250112 0.000177905 0.000426772 0.000328988 0.000449708 0.000276866 0.000233322 0.000173297 0.000215411 0.000195082 0.000167589 0.00031222 0.000385734 0.000364588 0.000219693 0.000287234 0.000156171 0.000203057 0.00020768 0.000228066 0.000240057 0.000152635
threshold=-2.419026136398315 -0.90959396649253177 -4.0525171359380083 -0.94404794772466005 -2.4742885996686086 -1.1779034557566852 -0.41281190570398474 -3.3824542363484702 0.57959135373433435 -0.28822617676863377 -0.87115017573038722 -0.32647080468691142 -2.0464343333648269 0.21210954387132067 -0.43901711950699479 -0.64892396598274116 -1.6211712978361528 0.6838704416258351 -0.30761411796186533 0.30543667085310372 0.87096389281373165 0.58157261156922291 -0.020061967273553197 0.31852663743098947 1.3217417399088545 -1.2011575897534688 -0.21074663041876102 0.43729123788171859 -19.338219642639157 0.32065014044443768
decision_type=2 10 10 10 8 10 8 2 2 10 2 10 10 10 10 10 10 10 10 10 10 10 2 10 2 10 2 10 10 2
left_child=1 -1 -3 -4 24 6 7 -6 -9 10 11 12 -7 14 -12 16 -8 -18 22 20 -20 -21 -11 -24 25 -2 -27 28 -28 -15
right_child=4 2 3 -5 5 9 15 8 -10 18 13 -13 -14 29 -16 -17 17 -19 19 21 -22 -23 23 -25 -26 26 27 -29 -30 -31
leaf_value=0 0 0 0 0.00022491601645968163 -1.6605768256776993e-05 0 3.559130287341936e-06 6.9207415212269775e-05 0 -4.6469436031016848e-06 -9.7432130101156324e-06 0 -9.3629321230217672e-05 -6.9997000708844104e-05 4.0682864843942854e-05 2.0320801248336172e-05 -7.6938151652681137e-05 0 -3.4117620994338321e-05 3.9234153607699711e-05 2.136905480252396e-05 -9.3009692460036113e-07 6.269432083693965e-05 0 0 0 0 0 -0.0001330389718196137 0
leaf_weight=121 122 27 20 48 82 47 59 521 40 185 163 413 393 143 571 492 212 23 1200 727 307 1596 435 188 435 58 36 27 163 136
leaf_count=121 122 27 20 48 82 47 59 521 40 185 163 413 393 143 571 492 212 23 1200 727 307 1596 435 188 435 58 36 27 163 136
internal_value=1.00137e-07 2.70912e-05 9.39915e-05 0.000165892 0 1.37515e-06 1.9459e-05 4.04824e-05 5.77394e-05 -1.82957e-06 -1.53064e-05 -4.19229e-05 -7.26338e-05 2.17265e-06 2.26738e-05 0 -2.79673e-05 -5.71481e-05 2.51475e-06 -6.10818e-07 -1.94958e-05 9.48845e-06 2.35158e-05 3.99026e-05 -1.88603e-05 -4.12085e-05 -6.4917e-05 -8.71297e-05 -0.000107167 -3.38365e-05
internal_weight=8990 216 95 68 8774 7933 1429 643 561 6504 1866 853 440 1013 734 786 294 235 4638 3830 1507 2323 808 623 841 406 284 226 199 279
internal_count=8990 216 95 68 8774 7933 1429 643 561 6504 1866 853 440 1013 734 786 294 235 4638 3830 1507 2323 808 623 841 406 284 226 199 279
is_linear=0
shrinkage=0.05


Tree=254
num_leaves=31
num_cat=0
split_feature=367 237 351 368 280 206 367 226 224 318 372 255 55 64 50 3 21 50 324 67 207 367 258 10 241 255 226 253 79 191
split_gain=6.13147e-05 0.000138674 0.000267975 0.000347903 0.000326041 0.00022227 0.000262979 0.000134997 0.000141746 0.000132056 0.000314193 0.000220461 0.000122057 0.000108869 0.000233883 0.000351508 0.00085271 0.000220095 0.000327918 0.000325945 0.000290117 0.000403378 0.000238829 0.000182605 0.000193031 0.000438151 0.000183654 0.00017813 0.0001756 0.000175039
threshold=0.77995279842944609 -1.2563089568346137 -0.88396652539571119 0.78076101904163897 -1.6546036949322982 -0.058248388727209797 2.8210144927536573 -1.783250415448369 -1.5733537766577486 2.0090974946184081 -0.079920884439927689 0.62769583963438136 0.98539765675862634 -1.7733583450317381 -8.2178535461425763 0.99999990065892552 0.46904216210047406 -6.115428924560546 -1.078092376391093 1.8588292598724367 -0.86912222888818802 -0.31628767749925096 -0.97302082902016063 0.2537713845570882 0.25771609224318315 0.25962477851704951 -0.90697776813639652 -0.9086590879517209 -3.3436900774637857 -0.28822617676863377
decision_type=2 10 10 2 10 10 2 10 10 10 2 10 2 2 2 2 2 2 10 2 10 2 10 2 10 10 10 10 2 10
left_child=13 7 3 -3 -5 6 -6 -2 -9 -4 11 -11 -10 17 15 16 27 18 -1 20 -20 -22 28 24 -24 -26 -25 -15 -19 -16
right_child=1 2 9 4 5 -7 -8 8 12 10 -12 -13 -14 14 29 -17 -18 22 19 -21 21 -23 23 26 25 -27 -28 -29 -30 -31
leaf_value=0 0 0 1.2396775999449984e-06 0 -0.00029988322645777422 0 0 0 0.00011881769039007321 0 0 -0.00018240528104746873 0 0 -1.3917342446038981e-05 0 0 -7.7504375506296083e-05 1.1875131859371767e-05 -3.1091465363994812e-07 0 0.00014801814552181617 2.1049152715384533e-06 0 -0.0002215634929552976 0 5.2074172969694919e-05 -0.00036652912258130322 0 6.4372457652620668e-06
leaf_weight=281 48 71 689 28 44 21 24 37 75 22 70 50 21 20 1416 53 64 146 271 48 42 191 486 90 32 31 396 30 250 3943
leaf_count=281 48 71 689 28 44 21 24 37 75 22 70 50 21 20 1416 53 64 146 271 48 42 191 486 90 32 31 396 30 250 3943
internal_value=3.55711e-08 -9.82043e-06 -1.97916e-05 -7.53489e-05 -0.000128636 -0.000175771 -0.000220414 1.86862e-05 5.48701e-05 -1.19895e-06 -4.82105e-05 -0.000124399 8.86418e-05 2.19577e-06 -7.6671e-07 -5.93134e-05 -0.000113376 1.16347e-05 3.2068e-05 5.51055e-05 7.03009e-05 0.000116771 0 1.23729e-05 0 -8.72564e-05 3.55686e-05 -0.000268001 -3.32765e-05 1.25834e-07
internal_weight=8990 1200 1019 188 117 89 68 181 133 831 142 72 96 7790 5526 167 114 2264 833 552 504 233 1431 1035 549 63 486 50 396 5359
internal_count=8990 1200 1019 188 117 89 68 181 133 831 142 72 96 7790 5526 167 114 2264 833 552 504 233 1431 1035 549 63 486 50 396 5359
is_linear=0
shrinkage=0.05


Tree=255
num_leaves=31
num_cat=0
split_feature=251 249 221 363 212 353 24 376 251 278 50 362 318 371 257 10 212 370 334 307 230 301 322 307 10 219 350 58 316 205
split_gain=5.97977e-05 0.000169585 0.000282114 0.00023696 0.000194145 0.000249832 0.000211807 0.000435746 0.000356551 0.000191846 0.000150852 0.000144662 0.000146275 0.000132911 0.000206334 0.000113106 0.000174947 0.000153349 0.000197971 0.000111551 0.000268958 0.000217439 0.000192902 0.000143402 0.000240965 0.00049608 0.000188295 0.000220665 0.000154758 0.000108305
threshold=1.6742480018749757 1.6198330904638378 1.9810998865590579 3.0284588147631455 0.6272693655443532 0.39995309948693186 0.63706223169962584 -0.00050220887510049985 0.5604608393133429 1.5885318803855735 11.254313786824545 3.4638131186844667 -0.71862511203451918 -0.27172039365866624 1.5701149494195563 0.44647880395253503 -0.58725369295316521 1.1001424260188519 1.9100106488069135 2.0618725301397647 0.45495839745480021 0.6378291348616284 -0.32681413491566963 1.0636345188477001 0.15699243048826853 -0.033814902242368744 18.976573626200359 0.1677380402882894 1.5024089644306169 -0.17859376220119078
decision_type=8 10 10 10 10 10 2 2 10 10 2 10 10 2 10 2 10 2 10 8 8 10 10 10 2 10 10 2 10 10
left_child=1 2 19 9 15 -6 -7 8 -8 11 -2 12 -4 -12 -15 -3 -17 18 -18 23 21 22 -21 26 25 -25 28 -28 -1 -26
right_child=10 4 3 -5 5 6 7 -9 -10 -11 13 -13 -14 14 -16 16 17 -19 -20 20 -22 -23 -24 24 29 -27 27 -29 -30 -31
leaf_value=-1.3199230311540999e-06 0 1.737084299667396e-05 0 0 0 0 0 9.9503652154664163e-07 0.00021005261396932602 0 0 0 -0.00012246484802679109 -0.00018858937550430231 0 0 -0.00020293999408931517 0 0 0 0 0 0.00011753487793602198 0 -4.2940933700884938e-05 -0.00016556611957405131 0 8.1865964846756015e-05 3.5223296646177279e-05 1.0366606673471937e-07
leaf_weight=5513 442 97 22 40 75 69 51 194 92 54 34 28 166 38 31 27 38 21 26 21 399 21 144 35 148 79 47 157 304 577
leaf_count=5513 442 97 22 40 75 69 51 194 92 54 34 28 166 38 31 27 38 21 26 21 399 21 144 35 148 79 47 157 304 577
internal_value=0 1.52631e-06 0 -4.72306e-05 2.53547e-05 4.3943e-05 6.18515e-05 7.86095e-05 0.00014889 -6.89518e-05 -1.54324e-05 -9.03427e-05 -0.000106299 -7.01218e-05 -0.000110205 0 -4.75507e-05 -9.00994e-05 -0.000129454 1.34837e-06 2.23555e-05 7.20025e-05 9.55841e-05 0 -1.97716e-05 -9.01892e-05 2.25024e-06 4.95559e-05 0 -1.79248e-06
internal_weight=8990 8445 7755 310 690 481 406 337 143 270 545 216 188 103 69 209 112 85 64 7445 585 186 165 6860 839 114 6021 204 5817 725
internal_count=8990 8445 7755 310 690 481 406 337 143 270 545 216 188 103 69 209 112 85 64 7445 585 186 165 6860 839 114 6021 204 5817 725
is_linear=0
shrinkage=0.05


Tree=256
num_leaves=31
num_cat=0
split_feature=375 377 368 371 305 69 243 366 334 64 212 203 246 65 51 361 24 297 342 25 15 55 54 311 327 311 276 15 43 220
split_gain=6.06777e-05 0.000153068 0.000205706 0.000215526 0.000254113 0.000135549 0.000165336 0.000112537 0.000348886 0.000333556 0.000267488 0.000245835 0.000583298 0.000167538 0.0001534 0.000185756 0.000143644 0.000193404 0.000339979 0.000451686 0.000347116 0.000253248 0.000242735 0.000218106 0.000199849 0.000260383 0.000207354 0.000190792 0.000232529 0.000173521
threshold=0.55598552999394912 -0.95421014377981517 5.4381647919214027 -2.2827271614278009 -1.4880078342797527 4.0692788461844129 -0.53741626464438097 -0.10670633333576979 -0.91197442471806056 -0.66495978832244862 0.75386808165374364 0.84133466558408687 0.51974097075327286 0.027203850448131502 -2.3778959910074868 -2.0474000529002816 -0.19439288415014713 -0.066899107148249828 -0.14736040433247891 -0.0049317131439844493 -0.36389891306559236 0.12337573369344072 0.44216686487197882 0.32488106197671779 -0.92812662323315931 -1.5427336542739447 -0.93039576784683242 0.051068112254142713 -0.73390654722849513 -0.2735105705865592
decision_type=2 2 2 2 10 2 10 2 10 2 10 10 10 2 2 10 2 10 10 2 2 2 2 10 10 10 10 2 2 10
left_child=7 2 3 -2 -5 6 -6 8 -1 10 14 -11 13 -13 -10 -16 -9 21 19 20 -19 24 -23 -24 25 -18 -26 28 -20 -21
right_child=1 -3 -4 4 5 -7 -8 16 9 11 -12 12 -14 -15 15 -17 17 18 27 29 -22 22 23 -25 26 -27 -28 -29 -30 -31
leaf_value=-1.730670296193132e-05 0 0 0 0 0 0 -0.00015047752022557485 -4.3672966588298331e-05 0 -8.3286257421748375e-06 0 0 0 0.00025803778991115723 0 0.00012961929511933496 2.3410876979635783e-05 0 8.0378033509465217e-05 2.4877841310278821e-05 -0.00010933923926252653 0 -0.00010728297071793407 0 0 -6.092097782167135e-05 5.5165848518609187e-05 -5.0399419564294467e-07 0 -2.9857021805885001e-05
leaf_weight=418 50 621 43 23 59 23 130 188 45 483 63 20 185 37 45 202 266 38 164 234 245 183 108 32 428 136 643 3510 44 324
leaf_count=418 50 621 43 23 59 23 130 188 45 483 63 20 185 37 45 202 266 38 164 234 245 183 108 32 428 136 643 3510 44 324
internal_value=0 -1.13689e-05 -3.92455e-05 -5.98023e-05 -8.14172e-05 -0.000101699 -0.000115727 1.89979e-06 1.43877e-05 3.12842e-05 7.27406e-05 4.08207e-06 4.9498e-05 0.000189543 9.33904e-05 0.000108913 -1.95292e-07 3.04805e-07 -4.34352e-06 -3.33088e-05 -8.53525e-05 1.48876e-05 -1.68825e-05 -7.06312e-05 2.5249e-05 0 3.66502e-05 8.64289e-07 4.79701e-05 0
internal_weight=8990 949 328 285 235 212 189 8041 1498 1080 355 725 242 57 292 247 6543 6355 4559 841 283 1796 323 140 1473 402 1071 3718 208 558
internal_count=8990 949 328 285 235 212 189 8041 1498 1080 355 725 242 57 292 247 6543 6355 4559 841 283 1796 323 140 1473 402 1071 3718 208 558
is_linear=0
shrinkage=0.05


Tree=257
num_leaves=31
num_cat=0
split_feature=349 273 46 251 361 12 337 246 375 241 91 228 375 306 283 87 296 215 196 341 30 21 56 312 24 370 370 377 202 337
split_gain=6.04636e-05 0.000377 0.000556468 0.000292604 0.000260802 0.000298318 0.000308493 0.000178292 0.00021177 0.000252996 0.000405428 0.000376923 0.000216703 0.000193629 0.000232281 0.00017243 0.000201587 0.000229826 0.000196251 0.000162594 0.0004267 0.000238866 0.000229141 0.000145748 0.000168295 0.000143198 0.000150801 0.000185381 0.000140976 0.000137059
threshold=3.7490243911743169 0.21221394633867272 0.035574095944563504 -1.1241708801820849 2.0175824255819736 -0.0020495519662896496 1.7569087493754183 1.3227945677441439 0.090670458702799814 1.3529721673472348 2.8135957717895512 0.63412102444325957 -0.085782701068738823 0.36972203158853284 0.66962896287441254 2.3848974704742436 0.22324683874224607 2.1496556002307035 1.6927018878836793 1.0952964127063753 1.7146741549173992 -0.43563942114512116 1.6751767794291181 0.25770708222710231 0.33999021848042815 1.1063318665260058 0.40133144693999839 -0.47639122955233076 -1.0000000180025095e-35 2.2057754540299124
decision_type=10 10 2 10 10 2 10 10 2 10 2 10 2 10 10 2 10 10 10 8 2 2 2 10 2 2 2 2 8 10
left_child=19 2 -2 -4 5 -5 -7 8 12 10 -10 -12 29 -14 -15 16 17 18 -9 -1 23 -22 -23 24 -21 26 -25 -28 -26 -3
right_child=1 7 3 4 -6 6 -8 15 9 -11 11 -13 13 14 -16 -17 -18 -19 -20 20 21 22 -24 25 28 -27 27 -29 -30 -31
leaf_value=0 0 3.9458734176451168e-05 0 0 0 -0.00022025325371089526 0 -0.00013037094610155649 0 0 0 0.0001473986445498955 0 -0.00015088674214510831 0 0 0 0 0 0 0 0.0002047505456331789 0 0 0.00020013420525242265 1.471472116898756e-05 -8.4468910377370418e-05 0 0 -7.4193236357637753e-06
leaf_weight=6667 116 253 21 38 29 110 30 129 141 85 45 155 32 68 21 221 27 50 23 49 21 64 20 79 28 150 165 20 48 85
leaf_count=6667 116 253 21 38 29 110 30 129 141 85 45 155 32 68 21 221 27 50 23 49 21 64 20 79 28 150 165 20 48 85
internal_value=0 -7.9888e-06 -5.52241e-05 -0.000103439 -0.000123761 -0.000146532 -0.000180607 4.40885e-07 1.68723e-05 4.28231e-05 6.43822e-05 0.000110142 0 -6.33268e-05 -0.000104324 -2.07622e-05 -5.2235e-05 -7.47441e-05 -0.000105833 2.45314e-06 2.64461e-05 0.00012015 0.000158561 0 5.30697e-05 -5.39209e-06 -3.57499e-05 -6.21311e-05 0.00010079 1.28826e-05
internal_weight=8990 1679 344 228 207 178 140 1335 885 426 341 200 459 121 89 450 229 202 152 7311 644 105 84 539 125 414 264 185 76 338
internal_count=8990 1679 344 228 207 178 140 1335 885 426 341 200 459 121 89 450 229 202 152 7311 644 105 84 539 125 414 264 185 76 338
is_linear=0
shrinkage=0.05


Tree=258
num_leaves=31
num_cat=0
split_feature=375 376 377 260 353 373 51 376 349 85 70 41 298 290 216 242 337 212 212 191 325 317 223 93 296 8 368 369 46 64
split_gain=6.01917e-05 0.00011301 0.000322796 0.000305976 0.000292802 0.000222877 0.000190331 0.000144592 0.000179852 0.000341136 0.000324518 0.000396401 0.000253326 0.000227337 0.000192852 0.000180594 0.000291423 0.000152681 0.000350203 0.000273259 0.000206848 0.000214117 0.000207975 0.000206621 0.000166297 0.000198176 0.000149556 0.000230884 0.000139461 0.000138472
threshold=-0.46366599580580997 -0.0061744794883454492 -0.43094885847626657 -1.051199039869237 1.1685299600190555 0.13642549069733687 -2.7556260426839185 -0.0035866280562905496 4.6622330347696943 3.7781617840131125 0.83644855022430431 -1.7114149729410806 0.16930602739254627 2.852927366892497 0.14941603394973427 0.16523810970568106 1.8631350426379065 0.031488068445140106 -0.88896146852803015 0.19706517722906847 0.6041116466124854 2.6978669021329815 -1.0568820431423511 0.24153069655100504 0.014639387217660753 -3.8591451644897461 9.8174347283062904 1.9736387509269713 0.4639344215393067 0.55029932657877623
decision_type=2 2 2 10 10 2 2 2 10 2 2 2 8 10 10 8 8 10 10 10 10 10 10 2 10 2 2 2 2 2
left_child=-1 2 3 -2 5 -5 -7 17 12 10 11 -10 26 14 -11 -14 -17 18 24 23 21 22 -19 -20 25 -3 27 -9 -15 -28
right_child=1 7 -4 4 -6 6 -8 8 9 13 -12 -13 15 28 -16 16 -18 20 19 -21 -22 -23 -24 -25 -26 -27 29 -29 -30 -31
leaf_value=1.15052174311839e-05 0 0 4.1585118201559593e-05 0 0 0 -0.00014266831825380087 0 0 0 0 -0.00012305749002727457 0 -4.6976311901008966e-05 8.9562012351001387e-05 9.0510596659828721e-05 0 0 0 0 0 0 0.00010330219446024921 -0.00012934738163649162 0 8.9452967751238802e-05 6.2036019959746191e-05 -2.6750970862101114e-05 0 0
leaf_weight=1085 80 42 83 71 119 24 171 3837 29 73 262 206 107 201 119 220 200 23 43 73 88 40 215 98 28 168 164 950 69 102
leaf_count=1085 80 42 83 71 119 24 171 3837 29 73 262 206 107 201 119 220 200 23 43 73 88 40 215 98 28 168 164 950 69 102
internal_value=1.41921e-08 -9.3063e-07 -2.29769e-05 -4.52578e-05 -6.6784e-05 -9.59455e-05 -0.000124143 3.2206e-08 -1.7547e-06 -2.20393e-05 -5.15053e-05 -9.51839e-05 8.35787e-07 0 4.96323e-05 3.43809e-05 5.05749e-05 2.04267e-05 0 -4.5415e-05 4.44412e-05 6.67792e-05 8.63529e-05 -8.92815e-05 4.26901e-05 6.35933e-05 -1.6739e-06 -4.63168e-06 -1.87671e-05 3.27468e-05
internal_weight=8990 7905 548 465 385 266 195 7357 6539 959 497 235 5580 462 192 527 420 818 452 214 366 278 238 141 238 210 5053 4787 270 266
internal_count=8990 7905 548 465 385 266 195 7357 6539 959 497 235 5580 462 192 527 420 818 452 214 366 278 238 141 238 210 5053 4787 270 266
is_linear=0
shrinkage=0.05


Tree=259
num_leaves=31
num_cat=0
split_feature=283 10 239 45 356 205 199 63 31 18 356 288 248 338 355 252 210 327 196 321 87 305 236 290 267 203 207 376 32 55
split_gain=5.94391e-05 0.000208227 0.000200223 0.000332428 0.000157341 0.000166462 0.000244452 0.000199041 0.000220858 0.000270465 0.000163139 0.000204595 0.000228348 0.000193351 0.000100129 0.000305382 0.000270952 0.000411233 0.00020846 0.000200003 0.000260492 0.000178496 0.000150705 0.00020711 0.000180152 0.000356196 0.000187172 0.000139752 0.000123475 0.000115526
threshold=-0.59801935156186414 -0.21448014924923572 -0.97923803952618771 0.00066152746633930005 -1.7825352967901911 -0.061986135731123597 -2.2070360202729105 2.6470499833424888 -0.24953646461168921 -0.49308381477991731 -2.4340377275524094 -0.22349236408869427 -1.6346282636428036 -2.3171624731404505 -2.3866397253533829 -0.89570920277077504 -1.6003826176462297 -0.28544246157010389 -0.68084128194008164 -2.3897161038527481 1.0000000180025095e-35 -2.3800179285384933 -1.4463184416492416 -2.9344872633616128 -0.80488545665501798 -0.69117823889756458 -0.18635282678166773 0.0038612010334608507 -0.07412867744763689 -0.28680435816446931
decision_type=10 2 10 2 8 10 8 2 2 2 10 10 10 10 8 10 8 10 10 10 2 10 8 10 8 10 10 2 2 2
left_child=4 2 -2 -4 10 6 -6 8 -8 -10 -1 12 -12 -14 15 28 17 18 -16 -17 21 -21 23 27 25 -24 -26 -18 -3 -25
right_child=1 14 3 -5 5 -7 7 -9 9 -11 11 -13 13 -15 16 19 22 -19 -20 20 -22 -23 24 29 26 -27 -28 -29 -30 -31
leaf_value=1.0827594134389217e-05 0 7.1667592607193721e-05 -0.00019850857898685883 0 0 0 0 0 0.0001555096844272294 0 0 0 0 -0.00017836822335918015 0.0001952306920725162 0 -0.00012678855124637046 0 0 0 0 -0.00020082778709721953 0 1.6964324742553e-05 -1.4735700902500515e-05 6.392942246066628e-05 4.4592061469359287e-06 0 0 -5.7235121274272495e-05
leaf_weight=253 50 60 47 24 39 98 62 23 136 73 27 22 23 61 59 92 76 158 21 33 85 64 328 160 1745 333 4480 25 259 74
leaf_count=253 50 60 47 24 39 98 62 23 136 73 27 22 23 61 59 92 76 158 21 33 85 64 328 160 1745 333 4480 25 259 74
internal_value=3.28843e-08 -6.82914e-07 -6.58037e-05 -0.000120064 1.33119e-05 3.53315e-05 5.35249e-05 7.29575e-05 8.72345e-05 0.000111834 0 -5.33037e-05 -8.94861e-05 -0.000131782 0 -1.94485e-05 1.86647e-06 5.43514e-05 0.000147024 -6.00313e-05 -9.03893e-05 -0.000148422 0 -3.26021e-05 1.729e-06 2.66883e-05 -1.18485e-07 -9.29754e-05 0 0
internal_weight=8990 8173 121 71 817 431 333 294 271 209 386 133 111 84 8052 593 7459 238 80 274 182 97 7221 335 6886 661 6225 101 319 234
internal_count=8990 8173 121 71 817 431 333 294 271 209 386 133 111 84 8052 593 7459 238 80 274 182 97 7221 335 6886 661 6225 101 319 234
is_linear=0
shrinkage=0.05


Tree=260
num_leaves=31
num_cat=0
split_feature=353 317 67 33 252 361 330 375 375 216 3 363 254 34 244 363 47 33 271 33 191 60 38 352 307 300 353 44 338 11
split_gain=5.72127e-05 0.000237708 0.00024698 0.000216572 0.000280933 0.000195435 0.00025936 0.000215137 0.000348634 0.000176093 0.000180701 0.000167145 0.000283147 0.000443498 0.000286207 0.000260647 0.000299457 0.00034888 0.000251445 0.000306273 0.000326276 0.00024094 0.000298229 0.000248602 0.000198783 0.0004378 0.000267184 0.000388516 0.000246173 0.000264362
threshold=-1.5398429919782701 -1.9812081512431552 1.8532368342081706 1.2162171204884851 -1.2714023280635753 -3.9354815186669048 -2.5353797276814771 -0.14929478738022653 0.3545612776426359 0.054941729215167108 1.8415861924489343 -0.1760870639394588 -0.17584711452502869 0.3337216575940451 -0.099378833157465041 -1.711918467875478 0.7412353356679281 2.464965740839641 -0.7366988963479103 -1.0381838877995808 -1.5346758044240125 -0.45987856388092035 1.6396933396657312 0.73128157854080189 0.42591374955337519 -1.5772654215494788 -0.61324863892072823 -0.31384106477101631 0.70776069472896619 0.10894358949735737
decision_type=10 8 2 2 10 10 10 2 2 10 2 10 10 2 10 10 2 2 10 2 10 2 2 10 10 10 10 2 10 2
left_child=1 5 3 4 -3 -1 7 -7 -9 10 -6 12 14 -14 18 -16 -17 -18 -2 20 -20 -15 -23 -24 25 26 27 -13 29 -26
right_child=11 2 -4 -5 9 6 -8 8 -10 -11 -12 24 13 21 15 16 17 -19 19 -21 -22 22 23 -25 28 -27 -28 -29 -30 -31
leaf_value=3.8162818768494971e-05 2.1553825167479841e-06 0 -5.3533694684981579e-06 0 9.9760138005357163e-05 0 0 -0.00019914429927657859 0 0 0 -0.00016182705234222132 0 0 -8.863665160702398e-06 0 0.00010806199529530035 0 0 0 -9.3192209772770685e-05 0 -0.00014523406974503036 0 -5.0781280100187809e-05 3.2352617941348161e-05 0 0 4.4483674861259365e-06 0
leaf_weight=116 441 224 198 102 344 45 500 61 37 102 20 73 196 34 284 325 217 55 60 438 304 97 197 20 485 1296 138 32 2199 350
leaf_count=116 441 224 198 102 344 45 500 61 37 102 20 73 196 34 284 325 217 55 60 438 304 97 197 20 485 1296 138 32 2199 350
internal_value=0 8.57203e-06 2.61488e-05 4.03364e-05 5.14983e-05 -7.76786e-06 -2.38334e-05 -8.41657e-05 -0.000125762 7.37119e-05 9.03586e-05 -1.41548e-06 -1.18394e-05 -4.4537e-05 -1.10926e-06 1.79857e-05 3.91314e-05 7.81766e-05 -1.86657e-05 -3.63472e-05 -7.08049e-05 -7.92813e-05 -9.42529e-05 -0.000127621 3.57288e-06 1.86827e-05 -3.36393e-05 -9.47254e-05 -2.44402e-06 -2.6581e-05
internal_weight=8990 1749 990 792 690 759 643 143 98 466 364 7241 2668 544 2124 881 597 272 1243 802 364 348 314 217 4573 1539 243 105 3034 835
internal_count=8990 1749 990 792 690 759 643 143 98 466 364 7241 2668 544 2124 881 597 272 1243 802 364 348 314 217 4573 1539 243 105 3034 835
is_linear=0
shrinkage=0.05


Tree=261
num_leaves=31
num_cat=0
split_feature=229 279 216 303 220 85 239 208 337 44 88 223 367 217 224 16 348 298 244 338 312 243 61 333 46 67 247 257 257 294
split_gain=5.74283e-05 0.000238851 0.000272093 0.000133186 0.000128489 0.00026508 0.000271726 0.000221996 0.000152845 0.000226674 0.000248217 0.000193093 0.000150459 0.00016119 0.000137077 0.000380833 0.000393923 0.000331805 0.000294116 0.000289635 0.000259785 0.000252254 0.000382815 0.000389824 0.000180899 0.000394708 0.000162772 0.000181682 0.000155281 0.000153755
threshold=1.9767923207785922 1.2444743138817145 1.8308595244421246 0.10788874052010922 1.0633911079360767 3.9775182406107583 1.969222658273069 2.2505958418864078 0.1618004598801808 1.016704599062602 0.12552925447622934 -0.365277889762679 -0.58648988834757909 0.3191804692377907 0.56508074729348634 1.3391846815745037 -2.7041819890340171 0.22556673487027476 1.6942798141408171 0.92273546419459151 1.8776096899052406 0.49338892654098215 -1.5764547189076741 1.0422244903432833 0.35731585820515949 1.7963525454203289 -0.54419305892403158 0.98229963044560675 -0.38388427488765792 0.55723607540130626
decision_type=8 8 10 10 10 2 10 10 10 2 2 10 2 10 10 2 10 10 10 8 10 10 2 10 2 2 10 10 10 10
left_child=4 2 3 -2 14 8 7 12 9 10 -6 -12 -7 -14 19 16 28 18 -18 21 26 -1 23 -23 -17 -26 -21 -28 -16 -24
right_child=1 -3 -4 -5 5 6 -8 -9 -10 -11 11 -13 13 -15 15 24 17 -19 -20 20 -22 22 29 -25 25 -27 27 -29 -30 -31
leaf_value=2.7952466845146207e-06 0 5.3356008442672684e-07 0 -0.00014455024842178815 0 0 0 0 -7.1459289352785926e-06 0 0 0.00014185267296383715 0 0.00014028709702246055 0 -1.204220358266318e-05 -9.1877369898846865e-05 0 0 0 0 -0.0001289789989104012 5.9313829482027162e-06 0 0.00013084801272415767 0 7.9653266716890928e-05 0 6.6874644904221615e-05 -4.2953120767136749e-05
leaf_weight=4511 22 246 124 83 54 20 51 22 741 89 20 100 27 153 32 232 447 72 65 33 154 152 463 25 84 244 355 79 90 200
leaf_count=4511 22 246 124 83 54 20 51 22 741 89 20 100 27 153 32 232 447 72 65 33 154 152 463 25 84 244 355 79 90 200
internal_value=0 -1.62917e-05 -5.61829e-05 -0.000115555 1.43235e-06 1.62432e-05 6.05012e-05 8.69455e-05 0 3.61733e-05 7.23351e-05 0.000112924 0.000105661 0.000120385 -4.90137e-07 -1.59416e-05 -4.18945e-05 -6.15022e-05 -7.70335e-05 1.94839e-06 3.45728e-05 -9.03956e-07 -2.67192e-05 -9.3725e-05 7.85222e-06 3.71625e-05 5.45872e-05 6.43715e-05 1.09891e-05 -1.27899e-06
internal_weight=8990 475 229 105 8515 1277 273 222 1004 263 174 120 200 180 7238 1266 706 584 512 5972 621 5351 840 177 560 328 467 434 122 663
internal_count=8990 475 229 105 8515 1277 273 222 1004 263 174 120 200 180 7238 1266 706 584 512 5972 621 5351 840 177 560 328 467 434 122 663
is_linear=0
shrinkage=0.05


Tree=262
num_leaves=31
num_cat=0
split_feature=375 219 219 309 358 249 47 49 60 77 238 198 192 75 66 364 52 200 351 375 257 50 373 321 279 359 302 297 371 191
split_gain=5.61044e-05 0.000151082 0.00032232 0.000308674 0.00035984 0.000542891 0.000294308 0.000281004 0.000240202 0.000221978 0.000326186 0.000295492 0.000221691 0.000214784 0.000245991 0.00034966 0.000232377 0.000228468 0.000199159 0.000197516 0.000189393 0.000320004 0.000166312 0.000180318 0.000143833 0.000138556 0.000296064 0.000334012 0.000378721 0.0002233
threshold=-0.037395754794959095 -0.16828791265745557 0.5276079876234312 -0.00010523731322824999 1.1895354935690867 -0.1511403920843912 0.18758045633633932 0.38866440455118817 -0.68628827730814612 0.19799049695332843 0.61874316932014217 -0.12809418509552492 0.35336423940467837 -0.027254899342854595 -0.81455771128336585 -2.3478926885736091 -0.84905890623728431 0.16793484123150024 -0.33594965934753412 0.71601182564244581 0.7660781909242188 6.6879355112711592 6.7940842710815437 -1.7857807472391125 1.0091564292139352 -1.120996885723156 -1.5080900162369073 -0.13415118058522538 -1.4217655270871281 0.19706517722906847
decision_type=2 8 8 10 10 10 2 2 2 2 8 10 10 2 2 10 2 10 10 2 8 2 2 10 10 10 10 10 2 10
left_child=-1 7 3 13 5 -5 -7 25 -9 11 18 -4 22 16 15 -15 -3 -16 -11 -20 21 -12 23 -10 -22 26 -2 -28 -29 -27
right_child=1 2 9 4 -6 6 -8 8 12 10 20 -13 -14 14 17 -17 -18 -19 19 -21 24 -23 -24 -25 -26 29 27 28 -30 -31
leaf_value=5.2962282237657133e-06 2.2323441055459542e-06 0 -0.00017708489141675499 0 0 0 -0.00011928044493098047 0 0 0 0 0 0 0 1.7831859638973343e-05 0.00011715001605757995 -0.00010220384791601705 -8.0752703836749017e-05 6.4456023455898771e-05 0 -6.2639461865322771e-06 -0.00010048108246255933 0 0.00014501071995272956 3.4596326904457279e-05 0 0 0 -0.00012425873181874363 4.8015036960795874e-05
leaf_weight=3565 524 76 37 159 288 32 345 72 21 78 137 91 92 41 174 119 93 79 463 63 454 127 21 133 291 670 222 47 177 299
leaf_count=3565 524 76 37 159 288 32 345 72 21 78 137 91 92 41 174 119 93 79 463 63 454 127 21 133 291 670 222 47 177 299
internal_value=0 -2.72415e-06 -1.04389e-05 -2.85453e-05 -4.82358e-05 -7.24891e-05 -0.000105211 5.73872e-06 4.78846e-05 1.31261e-06 9.08885e-06 -5.75788e-05 7.1828e-05 0 1.87619e-05 6.89165e-05 -4.81193e-05 0 3.92847e-05 5.21391e-05 -4.03393e-06 -4.27761e-05 0.000105049 0.000123439 2.98823e-06 0 -1.489e-05 -4.62111e-05 -8.93145e-05 1.16402e-05
internal_weight=8990 5425 3147 1406 824 536 377 2278 339 1741 1613 128 267 582 413 160 169 253 604 526 1009 264 175 154 745 1939 970 446 224 969
internal_count=8990 5425 3147 1406 824 536 377 2278 339 1741 1613 128 267 582 413 160 169 253 604 526 1009 264 175 154 745 1939 970 446 224 969
is_linear=0
shrinkage=0.05


Tree=263
num_leaves=31
num_cat=0
split_feature=362 228 366 253 334 372 203 263 317 281 254 334 338 370 206 6 328 335 260 207 251 2 45 233 64 293 303 1 375 292
split_gain=5.63778e-05 0.000185386 0.000342317 0.000179326 0.000310015 0.000269923 0.000224379 0.000247974 0.000217081 0.000190813 0.000143157 0.00018028 0.000158987 0.000243724 0.000153832 0.000267561 0.000291665 0.000359348 0.000232729 0.000351724 0.000216414 0.000314804 0.000418971 0.000205432 0.000201891 0.000252882 0.000177755 0.000175801 0.000144093 0.000128074
threshold=-4.5465237365455797 -1.8050621471922128 -1.0000000180025095e-35 -1.6215908056770723 -2.1386007716291719 -0.016527254171181796 -1.4890830105229353 0.34478875068117759 -1.9438812791591562 -2.4508072175113851 -1.1011298364110012 -0.62384702510585255 0.8763259233282864 0.80741404124407823 -0.42707318751232604 -0.41863016287485749 0.14479555686314902 -1.6207120945522755 -0.72404021820558262 -0.3404773283545644 -0.28836626543045757 -0.52381757895151759 0.00066138427549350019 -0.61030421344869945 -3.3090321222941079 -0.20836178461710606 0.36944909643110507 -1.2630860010782874 0.46552833884781442 4.1152163346608486
decision_type=10 10 2 10 10 2 10 10 10 10 10 10 10 2 10 2 10 10 10 10 10 2 2 10 2 10 10 2 2 10
left_child=1 -1 -3 4 8 6 -6 9 -2 -8 11 -5 13 -13 15 18 17 -17 27 -20 21 23 -23 -16 28 -26 -18 -12 -22 -15
right_child=3 2 -4 10 5 -7 7 -9 -10 -11 14 12 -14 29 20 16 26 -19 19 -21 24 22 -24 -25 25 -27 -28 -29 -30 -31
leaf_value=0 -1.7895720598685175e-06 0 0.00013095735073375236 0 0 0 0 0 8.323878061450212e-05 -0.00012393870804201364 0 0 0 0.00014207600768706893 3.3832450927306688e-05 0 5.9442106496484555e-05 -9.7913998898722265e-05 0 7.0783508309472194e-05 7.2111448309843148e-05 9.8844748197125516e-05 6.5233792548505359e-06 -3.1600344457560791e-05 -3.6302905942814187e-05 0 -3.561089916250903e-05 -5.3023012578948785e-05 0 0
leaf_weight=112 97 76 85 657 63 88 20 36 80 230 271 130 68 106 151 60 84 276 382 226 147 243 542 342 566 3403 116 273 39 21
leaf_count=112 97 76 85 657 63 88 20 36 80 230 271 130 68 106 151 60 84 276 382 226 147 243 542 342 566 3403 116 273 39 21
internal_value=0 2.26571e-05 6.12136e-05 -2.93436e-07 -2.67479e-05 -5.24355e-05 -7.33182e-05 -9.23035e-05 8.43399e-06 -0.000110567 1.0944e-06 1.92527e-05 5.00609e-05 6.8665e-05 -7.07764e-07 -1.4411e-05 -4.3608e-05 -7.213e-05 0 2.04182e-05 2.62964e-06 2.10211e-05 4.14794e-05 -1.41633e-06 -1.82427e-06 -5.35597e-06 0 -2.45639e-05 4.66328e-05 0.000119713
internal_weight=8990 273 161 8717 614 437 349 286 177 250 8103 982 325 257 7121 1688 536 336 1152 608 5433 1278 785 493 4155 3969 200 544 186 127
internal_count=8990 273 161 8717 614 437 349 286 177 250 8103 982 325 257 7121 1688 536 336 1152 608 5433 1278 785 493 4155 3969 200 544 186 127
is_linear=0
shrinkage=0.05


Tree=264
num_leaves=31
num_cat=0
split_feature=377 244 41 242 297 11 373 92 68 63 40 59 376 67 351 317 7 312 282 205 359 264 2 24 260 298 304 267 10 356
split_gain=5.6568e-05 0.000220243 0.000153625 0.000176045 0.000252522 0.000229546 0.000232766 0.000125595 0.000112135 0.000107674 8.52655e-05 0.000175015 0.000201082 0.000216199 0.000169322 0.000286401 0.0003761 0.000163061 0.000343012 0.000241117 0.000327076 0.000188626 0.00015457 0.000206186 0.00017007 0.000132529 0.000218948 0.000150899 0.000125033 9.8059e-05
threshold=-1.2421342440032628 -0.27095171193126771 -3.5168627103169752 -1.9891513990204546 -0.10165815552075698 -0.029654758671919447 0.17084521935528538 0.19866463541984558 0.61074445645014452 0.4830898443857829 -1.7153979937235513 -5.4574165344238272 -0.0017022437023960998 1.7001203695933025 -1.9099344809850054 -1.184905933056684 0.39872924486796063 -2.2242871558388551 -0.51015774408976233 -0.3069754015753941 -2.4689871899467342 -0.97414030163812104 -1.3203444878260293 0.33032188812891644 -0.09283273772283139 -0.041347458337743996 -0.42660994205105746 -0.96024435944218711 0.64545708894729625 -0.82030312885697698
decision_type=2 10 2 10 10 2 2 2 2 2 2 2 2 2 8 10 2 10 10 10 10 10 2 2 10 10 10 10 2 10
left_child=1 8 3 -2 5 6 -5 -8 9 -1 17 12 -12 29 15 -13 -17 21 19 20 -19 -4 23 -16 -24 27 -27 -20 -23 -14
right_child=2 -3 10 4 -6 -7 7 -9 -10 -11 11 14 13 -15 22 16 -18 18 25 -21 -22 28 24 -25 -26 26 -28 -29 -30 -31
leaf_value=-0.00013964372167892526 0 0 0 0 0 0 0.00018575366976821984 0 0 0 0 0 9.313064526607279e-05 0 0 -0.00014906653573464081 0 0 0 0 -0.0001236305327659076 9.4251103620297539e-05 -1.4700898489271065e-05 5.083260835325236e-05 4.2991565242672479e-06 -7.7963144972321283e-05 0 5.1056121447352196e-05 0 0
leaf_weight=63 35 130 272 20 95 24 85 23 31 32 196 54 203 115 176 93 23 81 165 122 185 92 1620 353 4076 122 267 197 20 20
leaf_count=63 35 130 272 20 95 24 85 23 31 32 196 54 203 115 176 93 23 81 165 122 185 92 1620 353 4076 122 267 197 20 20
internal_value=0 -2.25601e-05 1.12609e-06 3.7426e-05 5.81396e-05 9.8194e-05 0.000126208 0.000155751 -7.34853e-05 -0.000100539 0 2.26867e-06 2.97654e-05 5.37256e-05 0 -4.92452e-05 -9.85908e-05 -1.07953e-05 -2.19965e-05 -6.02469e-05 -8.6943e-05 9.40873e-06 1.31705e-06 2.73897e-05 -2.27021e-07 0 -2.23742e-05 1.94183e-05 6.71562e-05 8.24437e-05
internal_weight=8990 256 8734 282 247 152 128 108 126 95 8452 6929 534 338 6395 170 116 1523 1139 388 266 384 6225 529 5696 751 389 362 112 223
internal_count=8990 256 8734 282 247 152 128 108 126 95 8452 6929 534 338 6395 170 116 1523 1139 388 266 384 6225 529 5696 751 389 362 112 223
is_linear=0
shrinkage=0.05


Tree=265
num_leaves=31
num_cat=0
split_feature=249 344 221 74 362 69 273 357 376 222 12 370 371 356 66 249 231 255 311 322 281 42 336 333 63 84 207 346 247 249
split_gain=5.60147e-05 0.000294292 0.000220874 0.000259149 0.000193287 0.000172742 0.000166315 0.000169318 0.000147193 0.000265531 0.000220526 0.000526171 0.000273179 0.000213034 0.000200227 0.000176452 0.000450821 0.00028344 0.00016173 0.00019823 0.000235225 0.000181974 0.000307893 0.000159897 0.000136847 0.000185757 0.0001457 0.000194735 0.000133716 0.000176623
threshold=-0.92410745960253615 -3.1841007073720289 -1.5875436257018725 -4.9614399274190264 -0.23032514754396713 0.77786556879679369 -1.016755337852236 -1.9589615541163221 -0.0061744794883454492 1.0000000180025095e-35 0.50080104296406114 0.67381799465891123 0.83354412185422777 0.95629402156296439 1.5850000381469729 0.69083202594426141 -0.37745748045045785 0.019507820118111006 -1.426977147162505 -0.66858386993408214 0.26836005639524646 0.014566439514358801 2.9123182209201448 -1.4935181475239521 0.6773974895477296 0.00066112428127470017 -1.4559434886375087 2.4088894526163744 -1.2268187363273675 -1.0368096404197713
decision_type=10 10 10 2 10 2 10 10 2 10 2 2 2 10 2 10 10 10 10 10 10 2 10 10 2 2 10 10 10 10
left_child=4 2 -2 -4 28 6 -5 -8 9 13 18 12 -12 14 -3 16 -13 -17 19 -10 -21 23 -23 -20 25 -6 -27 -28 -1 -30
right_child=1 8 3 5 24 -7 7 -9 10 -11 11 15 -14 -15 -16 17 -18 -19 21 20 -22 22 -24 -25 -26 26 27 -29 29 -31
leaf_value=-1.6219443234973354e-05 0 -0.00013569360522429263 0 0 0 0 0.00012004643972446093 0 0 0 -0.00021017450151656014 1.2513047431936475e-06 0 0 0 9.9663770756969612e-05 -0.00010246978212714408 0 -3.5674602370357097e-05 7.2259432928532772e-05 0 4.351606999384415e-05 -1.4316962314399185e-05 5.3315973604563039e-07 0 0 -0.00018708813884287006 0 3.1524583361520181e-05 -1.5698501493992601e-05
leaf_weight=737 61 111 50 35 57 47 225 26 115 316 54 107 35 29 37 81 140 237 316 315 47 635 196 4135 40 23 64 20 548 151
leaf_count=737 61 111 50 35 57 47 225 26 115 316 54 107 35 29 37 81 140 237 316 315 47 635 196 4135 40 23 64 20 548 151
internal_value=0 2.25051e-06 4.17193e-05 5.88132e-05 -7.9174e-06 7.69622e-05 9.16826e-05 0.000105987 0 -2.65917e-05 1.73493e-06 -2.44618e-05 -0.000138406 -7.56118e-05 -0.000102141 0 -3.73209e-05 1.74584e-05 5.57844e-06 3.43101e-05 5.40338e-05 2.03658e-06 2.38593e-05 -9.14846e-07 -5.35843e-05 -7.52062e-05 -0.000114027 -0.000144531 0 1.41705e-05
internal_weight=8990 7350 444 383 1640 333 286 251 6906 493 6413 654 89 177 148 565 247 318 5759 477 362 5282 831 4451 204 164 107 84 1436 699
internal_count=8990 7350 444 383 1640 333 286 251 6906 493 6413 654 89 177 148 565 247 318 5759 477 362 5282 831 4451 204 164 107 84 1436 699
is_linear=0
shrinkage=0.05


Tree=266
num_leaves=31
num_cat=0
split_feature=367 213 257 248 246 34 367 245 7 52 329 219 224 296 54 286 349 244 245 234 228 254 292 70 199 250 69 215 223 219
split_gain=5.55846e-05 0.000138085 0.000241575 0.000261802 0.000345394 0.000260439 0.00021765 0.000105092 9.84911e-05 0.000240213 0.000207048 9.27202e-05 8.67647e-05 0.000138544 9.28175e-05 8.64891e-05 0.00028996 0.000464576 0.000813337 0.000247792 0.000229102 0.000317691 0.000253056 0.000184401 0.00018619 0.000177498 0.00028844 0.000458183 0.000274442 0.000451604
threshold=0.96210407239819273 -1.0842768441308854 -0.0083810702934289487 -0.43563190920409428 -0.21605683573233131 0.81109941005706798 6.9070199275362123 0.28026822972587223 3.3310027122497563 0.58082840840021788 0.15143160025278724 -0.16828791265745557 -1.46383236814896 0.0017943289130925501 -1.3699968655904133 -0.052536123742659743 -10.117604573567705 -0.099378833157465041 -1.9871154655882795 -0.83751760330802616 -0.6436160068617881 0.10991585284995366 -2.0559142033259072 0.73516416549682628 0.41215793548635665 -1.0525638842629383 0.46771548191706341 -0.78106120397824708 -0.25742859288785003 -0.96462071076967271
decision_type=2 10 10 10 10 2 2 10 2 2 10 10 10 10 2 10 10 10 10 10 8 10 10 2 8 10 2 10 10 10
left_child=15 12 3 -3 5 6 -5 11 9 -9 -11 -4 -2 14 -14 20 17 18 -17 -20 -1 22 23 24 -22 26 27 -18 29 -27
right_child=1 2 7 4 -6 -7 -8 8 -10 10 -12 -13 13 -15 -16 16 25 -19 19 -21 21 -23 -24 -25 -26 28 -28 -29 -30 -31
leaf_value=0 0 0 0 -0.00023787183863904356 0 0 0 0 0 0 -0.00011508141860195069 6.1193383869157552e-05 0 0 0.00013166714612498158 0 0 0 0 -0.00027244565691688418 0.00010251757112554128 0 0 0 0 -7.0233696215366667e-06 2.6050970882204211e-05 -9.6691990892460328e-05 -6.4967402955089041e-09 5.0574109824412023e-05
leaf_weight=917 80 170 32 66 80 33 23 84 103 29 108 114 31 48 48 49 329 63 20 61 301 217 179 51 24 383 123 226 4250 748
leaf_count=917 80 170 32 66 80 33 23 84 103 29 108 114 31 48 48 49 329 63 20 61 301 217 179 51 24 383 123 226 4250 748
internal_value=0 -1.05303e-05 -2.2412e-05 -5.25338e-05 -9.12129e-05 -0.000144371 -0.000189394 0 -1.44067e-05 -3.76549e-05 -8.16509e-05 3.65768e-05 1.36449e-05 4.4833e-05 8.72265e-05 1.68813e-06 -2.65801e-07 -6.11043e-05 -0.000120287 -0.000219734 1.18805e-05 3.24129e-05 5.37781e-05 7.71404e-05 9.11163e-05 8.47888e-07 -2.20894e-05 -4.17684e-05 4.66749e-06 2.665e-05
internal_weight=8990 1049 842 372 202 122 89 470 324 221 137 146 207 127 79 7941 6252 193 130 81 1689 772 555 376 325 6059 678 555 5381 1131
internal_count=8990 1049 842 372 202 122 89 470 324 221 137 146 207 127 79 7941 6252 193 130 81 1689 772 555 376 325 6059 678 555 5381 1131
is_linear=0
shrinkage=0.05


Tree=267
num_leaves=31
num_cat=0
split_feature=66 350 284 260 242 90 79 71 39 268 223 330 26 89 246 188 292 42 358 231 79 221 68 275 232 235 217 232 251 370
split_gain=5.34843e-05 0.000330406 0.000335109 0.000292692 0.000430248 0.000195071 0.000169308 0.000227391 0.000144964 0.000185566 0.000230445 0.000234602 0.000188912 0.00013722 0.000129333 0.000313456 0.000257699 0.000233564 0.000331059 0.000190885 0.00026618 0.000211951 0.000186632 0.000253032 0.000269175 0.000302251 0.000137001 0.000279967 0.000234145 0.00012449
threshold=11.706501642862957 18.976573626200359 0.25844530264536536 0.71537418027036037 0.31392850342548556 0.49262215693791706 2.8593195279439292 -0.056742231051127044 4.4997498194376631 2.0190256096692094 2.0435145403556629 2.5642107725143437 0.87613137563069665 7.8572804133097334 0.76607277130396534 0.40059841990096662 7.0321613152821865 0.014566274359822202 1.3431971958592628 0.50311910154443773 3.154199600219727 2.1613101862458586 0.57460773860414849 0.63403833378626728 1.4598755612219239 0.35099940324975193 -0.45963706035324942 -0.59552335607355378 -1.208225256936301 0.98309119900451891
decision_type=2 8 8 10 10 2 2 2 2 10 10 10 2 2 8 10 10 2 10 10 2 10 2 10 10 10 10 10 10 2
left_child=1 14 6 4 -2 -6 7 -3 9 10 11 12 -5 -10 15 16 26 -18 -19 -17 21 -21 23 -16 25 -25 27 -1 -28 -7
right_child=3 2 -4 8 5 29 -8 -9 13 -11 -12 -13 -14 -15 22 19 17 18 -20 20 -22 -23 -24 24 -26 -27 28 -29 -30 -31
leaf_value=1.6389365233656549e-06 0 0 0 0 0 -0.00021848340661985365 0 0.00016170344332857453 -6.8668129094044632e-05 0 0 0 0.00013932068098619179 0 0 0 0 -0.00012172514899280012 0 7.5515860340227646e-05 0 0 0 0 0 -0.00014283449441326209 -3.0187205138844934e-05 -3.1985057679689942e-05 1.640176857082733e-05 0
leaf_weight=1748 91 35 144 23 72 57 56 102 92 86 31 41 122 90 228 553 128 140 96 433 102 46 993 40 80 138 246 800 2157 20
leaf_count=1748 91 35 144 23 72 57 56 102 92 86 31 41 122 90 228 553 128 140 96 433 102 46 993 40 80 138 246 800 2157 20
internal_value=0 1.31517e-06 4.99241e-05 -1.28331e-05 -5.95396e-05 -0.000113678 9.32181e-05 0.000123799 0 2.99113e-05 5.8189e-05 8.39387e-05 0.000114362 -2.23828e-05 -1.21012e-07 2.28596e-06 -1.94301e-06 -4.27143e-05 -7.27104e-05 2.65142e-05 4.68319e-05 6.36328e-05 -1.39962e-05 -3.9445e-05 -7.33572e-05 -0.000107596 4.54372e-08 -6.95664e-06 9.55066e-06 -0.000176963
internal_weight=8990 8265 337 725 240 149 193 137 485 303 217 186 145 182 7928 6449 5315 364 236 1134 581 479 1479 486 258 178 4951 2548 2403 77
internal_count=8990 8265 337 725 240 149 193 137 485 303 217 186 145 182 7928 6449 5315 364 236 1134 581 479 1479 486 258 178 4951 2548 2403 77
is_linear=0
shrinkage=0.05


Tree=268
num_leaves=31
num_cat=0
split_feature=375 219 88 11 277 32 220 217 207 223 240 236 14 235 279 370 21 314 204 301 219 3 15 53 40 223 54 87 194 227
split_gain=5.3092e-05 0.000139829 0.000297976 0.000388902 0.000309982 0.000278066 0.000279016 0.000257212 0.000265684 0.000251918 0.000357916 0.000258832 0.00025381 0.000187629 0.000186017 0.000184931 0.000183484 0.000285167 0.000275757 0.000355006 0.00017284 0.00021703 0.000245096 0.000205651 0.000193612 0.000158789 0.000156696 0.000149369 0.000180579 0.000165526
threshold=-0.037395754794959095 -0.16828791265745557 0.85621062914530455 -0.046282850205898243 1.0572809514826043 1.0130437612533572 -0.88847485054099595 -0.74688487733262188 -0.3404773283545644 -1.0317094960793405 -1.3178072110766095 -0.27634375446851417 0.0059523275122046011 1.2549722823269807 -0.84361192855076517 1.4846413962417009 1.9035638968149822 1.3626638327676128 0.017973423325288101 0.22450772921244297 0.47802579423689123 0.77706150213877367 0.24197079737981159 4.4634890556335458 -0.28325349092483515 -0.18641551768361872 0.00066133188859865009 -1.3613073825836179 -0.71384482688397666 -1.2006855870549733
decision_type=2 8 2 2 10 2 10 10 10 10 10 10 2 10 10 2 2 8 10 10 10 2 2 2 2 10 2 2 10 10
left_child=-1 7 3 -3 5 6 -5 9 25 27 -11 12 -12 14 -10 -16 20 18 -18 -20 21 22 -4 24 -22 -9 -27 -2 29 -29
right_child=1 2 16 4 -6 -7 -8 8 13 10 11 -13 -14 -15 15 -17 17 -19 19 -21 23 -23 -24 -25 -26 26 -28 28 -30 -31
leaf_value=4.8243585041029909e-06 -2.7115078403086541e-05 1.3849031349818975e-05 0 0 0 0 -8.3821642692147828e-05 1.7184217682205344e-05 0 0 -0.00013052589570093859 0 0 0 8.7376168946431035e-05 0 0 0 -0.00012932099236899973 0 1.3864992598517998e-07 9.1476596893707221e-06 -9.308604345309107e-05 0 7.3828737801964989e-05 -7.8813465383060463e-05 0 0 0 8.3316933129500237e-05
leaf_weight=3565 178 203 27 90 103 86 596 439 41 128 170 76 20 70 349 84 73 541 152 64 343 288 131 151 299 106 86 183 188 160
leaf_count=3565 178 203 27 90 103 86 596 439 41 128 170 76 20 70 349 84 73 541 152 64 343 288 131 151 299 106 86 183 188 160
internal_value=0 -3.02838e-06 -1.04297e-05 -3.17571e-05 -4.80517e-05 -6.01722e-05 -7.13284e-05 5.00158e-06 2.26825e-05 -9.30121e-06 -4.27903e-05 -7.79383e-05 -0.000109118 4.82899e-05 6.05443e-05 7.13188e-05 0 -1.74885e-05 -5.78289e-05 -8.75444e-05 1.2857e-05 -3.27253e-06 -5.75289e-05 2.82323e-05 4.22516e-05 0 -3.73028e-05 2.26132e-06 2.15264e-05 4.50898e-05
internal_weight=8990 5425 3147 1078 875 772 686 2278 1175 1103 394 266 190 544 474 433 2069 830 289 216 1239 446 158 793 642 631 192 709 531 343
internal_count=8990 5425 3147 1078 875 772 686 2278 1175 1103 394 266 190 544 474 433 2069 830 289 216 1239 446 158 793 642 631 192 709 531 343
is_linear=0
shrinkage=0.05


Tree=269
num_leaves=31
num_cat=0
split_feature=198 198 359 214 19 279 329 311 356 43 373 13 231 214 368 13 41 355 255 66 216 364 337 220 303 281 43 215 237 200
split_gain=5.4422e-05 0.000251046 0.000202025 0.000167036 0.00026017 0.000157186 0.00052036 0.000204736 0.000255463 0.000180123 0.000273144 0.000151728 0.000186585 0.000145923 0.000181171 0.000135509 0.000150458 0.00013437 0.000128693 0.000263275 0.000296441 0.000308633 0.000316281 0.000235655 0.00024629 0.000233082 0.000224716 0.000223656 0.000182102 0.000201945
threshold=0.73286929141142987 0.51549087541801641 2.1818414709765648 -0.48919937664939778 -2.4460157553354893 -0.47622380181106511 -0.15862007935841863 0.69573914433360262 -1.9720026104747086 -0.79788970947265614 0.052254538744322461 0.064585566520690918 -1.120700589371161 -0.51852208823480639 0.15049482811271397 0.10073696573575337 -1.4417391618092854 -0.3398585697746252 0.16702750459955418 10.964619954427084 -0.60182309655193966 -0.14072369530012852 -0.72215898765382769 1.0633911079360767 0.55897391397954344 -0.31308398186792291 -0.80067435900370265 1.4419537037939258 -1.1771969110599743 -0.84969301106317785
decision_type=8 10 10 10 2 8 10 10 10 2 2 2 10 10 2 2 2 8 10 2 10 8 8 10 10 10 2 10 10 10
left_child=1 18 3 -3 -5 7 11 8 -2 10 -10 12 -7 -14 -15 16 -6 -8 19 20 28 25 -23 24 26 -22 27 -20 29 -1
right_child=5 2 -4 4 15 6 17 -9 9 -11 -12 -13 13 14 -16 -17 -18 -19 23 -21 21 22 -24 -25 -26 -27 -28 -29 -30 -31
leaf_value=0 0 0 -2.0760882439243719e-06 0 0 0 -6.0028909437305548e-05 0 0 0 -0.0002375621413702976 0 0 0 0.00020394472050907001 0 0.00010183963269008842 -2.887321005217021e-06 -5.2454582135142109e-05 -7.2704652106354877e-05 2.0704809537783251e-05 0 6.8935670415594706e-05 1.7820286651562579e-05 1.4250009878633752e-06 -1.9329695788661578e-05 0 0 -1.9818998579319252e-05 5.1346700617375834e-05
leaf_weight=464 39 128 90 34 137 22 137 45 30 23 49 20 23 24 67 37 285 1851 892 97 1034 84 512 376 427 469 234 42 1098 220
leaf_count=464 39 128 90 34 137 22 137 45 30 23 49 20 23 24 67 37 285 1851 892 97 1034 84 512 376 427 469 234 42 1098 220
internal_value=0 2.50057e-06 3.06782e-05 4.3475e-05 5.68118e-05 -6.36535e-06 -1.43952e-07 -5.11728e-05 -8.41505e-05 -0.000126655 -0.000162477 8.49842e-05 0.000105217 0.000131505 0.0001602 6.98809e-05 7.8192e-05 -9.34293e-06 -2.70985e-08 4.27282e-06 7.48687e-06 2.07885e-05 5.24978e-05 -1.12419e-05 -2.12282e-05 4.88543e-06 -3.37897e-05 -4.50464e-05 -5.37563e-06 1.05004e-05
internal_weight=8990 6660 711 621 493 2330 2144 186 141 102 79 156 136 114 91 459 422 1988 5949 3978 3881 2099 596 1971 1595 1503 1168 934 1782 684
internal_count=8990 6660 711 621 493 2330 2144 186 141 102 79 156 136 114 91 459 422 1988 5949 3978 3881 2099 596 1971 1595 1503 1168 934 1782 684
is_linear=0
shrinkage=0.05


Tree=270
num_leaves=31
num_cat=0
split_feature=301 282 76 222 30 280 307 301 67 352 194 80 276 370 201 213 285 53 350 351 316 351 233 306 337 5 30 251 216 324
split_gain=5.32283e-05 0.000469516 0.000400301 0.000374428 0.000321075 0.000360356 0.000240942 0.000157616 0.000249412 0.00022096 0.000201682 0.000212055 0.000311847 0.000275993 0.000172841 0.000201255 0.000194187 0.000174807 0.000219704 0.000152332 0.000141307 0.000128489 0.000112051 0.000186528 0.000148798 0.000110179 0.000106237 0.00022074 0.00024827 0.000247238
threshold=0.014356922047833251 -0.067196329434712529 6.8244190216064462 1.0015980440854133 0.48400261004765832 -0.060914151974546693 -0.46608789141986334 0.081658105055491065 1.0349118312199912 0.50940346717834484 2.1212929159758436 0.92555300394694029 -0.24658305532322491 0.60712185721336975 0.76657411316656054 1.4753115261789034 0.029778240248560902 2.0887515544891362 8.3641161918640154 -0.64029312133789051 0.79528054609739585 0.5680924256642661 -0.0099682610184774981 -1.5458397094053704 0.19695301809388702 3.3592292467753095 -1.6113175551096595 -0.5121314826239437 -0.54170028068605469 -0.19276408354441313
decision_type=10 10 2 10 2 10 10 10 2 10 10 2 10 2 10 10 10 2 10 10 10 10 10 10 10 2 2 10 10 8
left_child=2 4 26 6 22 -6 -4 10 9 19 11 12 -3 -14 17 16 -16 21 -19 -9 -8 -10 23 -2 -25 -17 -1 28 -28 -29
right_child=1 7 3 -5 5 -7 20 8 14 -11 -12 -13 13 -15 15 25 -18 18 -20 -21 -22 -23 -24 24 -26 -27 27 29 -30 -31
leaf_value=6.9330422688965488e-06 0 0 0 0 0 -0.00020763200611404657 0.00023801817179881185 0 1.7278827751007338e-05 0 6.9856580808857365e-05 0 0 -9.3080315184227076e-05 0 -1.2785081574421872e-06 -4.6829927195945478e-05 0 6.1080017389396948e-05 0.00014828209821575705 0 -2.5372002218481855e-05 0 -0.00012368902009941881 0 3.6732266451990476e-05 -1.3142063886284958e-05 0 3.8127534851519223e-05 -3.9760500405957602e-05
leaf_weight=3118 26 96 24 35 28 68 52 20 377 68 32 268 102 300 143 132 505 283 342 77 20 324 136 74 20 223 322 569 440 766
leaf_count=3118 26 96 24 35 28 68 52 20 377 68 32 268 102 300 143 132 505 283 342 77 20 324 136 74 20 223 322 569 440 766
internal_value=0 -4.49741e-06 3.33225e-06 8.99153e-05 -5.95233e-05 -0.000145518 0.000144117 0 7.52655e-06 6.79372e-05 -1.77958e-05 -2.79927e-05 -4.76395e-05 -6.89219e-05 1.09722e-06 -1.20183e-05 -3.09854e-05 1.47886e-05 3.41039e-05 0.000116347 0.000189837 0 -7.70729e-06 -4.95895e-05 -8.99675e-05 8.52176e-06 1.9686e-07 -7.43468e-06 9.90273e-06 -2.10757e-05
internal_weight=8990 3644 5346 131 352 96 96 3292 2494 165 798 766 498 402 2329 1003 648 1326 625 97 72 701 256 120 94 355 5215 2097 762 1335
internal_count=8990 3644 5346 131 352 96 96 3292 2494 165 798 766 498 402 2329 1003 648 1326 625 97 72 701 256 120 94 355 5215 2097 762 1335
is_linear=0
shrinkage=0.05


Tree=271
num_leaves=31
num_cat=0
split_feature=297 297 32 301 64 341 303 197 206 42 338 218 223 376 279 252 199 346 220 334 212 47 332 330 0 62 210 38 346 348
split_gain=5.53976e-05 0.000395329 0.000434808 0.000297225 0.000374069 0.000156683 0.000213431 0.000233729 0.000155392 0.00022768 0.000149561 0.000214809 0.000156626 0.000195796 0.000194746 0.000262307 0.000194177 0.000358734 0.000272015 0.000206838 0.000327412 0.000163655 0.000144039 0.000130959 0.000304522 0.00019677 0.000180577 0.000286845 0.000299858 0.000173024
threshold=0.15073396265506753 0.19523735841115317 0.76251894235610973 -0.035249873995780896 4.5513396263122567 1.1205688714981081 0.58287288550618233 0.58247215134330188 -0.37106037597810088 0.014565964539845802 1.536216043401976 0.67567347085235385 0.70017551844920545 0.0035159602790558004 0.099279838456062211 1.2659907925015144 0.15335125329674634 -2.3856933911641431 -0.19093597893850711 -0.63848025338502579 -0.96427953323140214 0.90244797865549731 5.0449772732114102 0.042801598707834856 0.39716043074925739 2.4945742289225263 1.0362061900191246 1.6396960417429607 4.5518021583557138 0.36336628595987958
decision_type=10 10 2 10 2 8 8 8 10 2 10 10 10 2 10 10 8 10 10 8 10 2 10 10 2 2 10 2 10 10
left_child=5 2 3 -2 -5 10 -7 8 -8 -10 12 -12 16 14 -14 -16 19 -18 -19 21 -21 -1 -13 29 25 -25 27 -26 -29 -3
right_child=1 23 -4 4 -6 6 7 -9 9 -11 11 22 13 -15 15 -17 17 18 -20 20 -22 -23 -24 24 26 -27 -28 28 -30 -31
leaf_value=-8.7876456132814967e-06 0 0 0 -0.00018537451010797914 0 0 0 0 0 0.00013990037468439049 0 -8.5674985755494803e-05 0 -1.2709203457692893e-06 9.2450125716572241e-05 0 2.7158456117044606e-05 0 -5.4050325552564737e-05 5.302897272469276e-05 1.3044344552074368e-07 3.0505778939363132e-05 0 -7.5201143128206919e-05 0 0 -7.3897062881501837e-06 0.00010284430749998804 0 8.8310832893110058e-05
leaf_weight=2305 23 118 156 112 24 230 26 141 44 128 364 168 154 81 241 39 198 171 625 500 1207 269 27 219 264 66 695 180 119 96
leaf_count=2305 23 118 156 112 24 230 26 141 44 128 364 168 154 81 241 39 198 171 625 500 1207 269 27 219 264 66 695 180 119 96
internal_value=0 -6.89798e-06 -5.87319e-05 -0.000116893 -0.000146399 2.40153e-06 2.75391e-05 5.33509e-05 8.84412e-05 0.000106117 0 -2.45426e-05 2.53248e-06 2.8849e-05 4.59875e-05 7.08222e-05 0 -1.99444e-05 -3.79435e-05 4.58526e-06 1.85562e-05 -2.73777e-06 -6.69229e-05 0 -2.6077e-06 -5.11918e-05 4.42797e-06 2.78945e-05 6.21487e-05 3.8473e-05
internal_weight=8990 2072 315 159 136 6918 569 339 198 172 6349 559 5790 515 434 280 5275 994 796 4281 1707 2574 195 1757 1543 285 1258 563 299 214
internal_count=8990 2072 315 159 136 6918 569 339 198 172 6349 559 5790 515 434 280 5275 994 796 4281 1707 2574 195 1757 1543 285 1258 563 299 214
is_linear=0
shrinkage=0.05


Tree=272
num_leaves=31
num_cat=0
split_feature=249 233 203 90 260 253 214 24 90 21 325 80 236 14 240 229 198 336 271 58 216 193 245 207 27 377 262 7 46 203
split_gain=5.43602e-05 0.000261391 0.000254556 0.000314817 0.000248418 0.00019196 0.000190246 0.000176843 0.000167976 0.000213249 0.000210945 0.000201151 0.000144739 0.00014972 0.000236628 0.000141181 0.000207096 0.000211829 0.000141612 0.000136346 0.000279304 0.00038123 0.000461616 0.000178302 0.00025339 0.000375052 0.000176238 0.000416917 0.000171477 0.000165092
threshold=-0.9525090963160775 -0.79958633228055687 -0.7128261624795591 -0.71308529376983631 0.13836624174801168 -0.82417193350102658 -0.47886667093952356 0.45654594898223883 -0.63314471642176307 1.9035602410634362 -1.4924523830413816 -2.4393202463785806 -1.4463184416492416 -0.011323550095160749 -0.32363076007371977 -1.0268637711609372 -1.1437236827863655 -2.6863764915793671 -0.96128014919209981 -0.42303466796874994 0.26071902873275576 -0.54942350900338222 -0.48365950851066747 -0.14067777487044447 -0.66887032985687245 -0.80463061046700202 0.043515723531980403 0.06911993026733397 0.018849137549598955 1.0000000180025095e-35
decision_type=10 10 10 2 10 10 10 2 2 2 10 2 10 2 10 10 10 10 10 2 10 10 10 10 2 2 10 2 2 10
left_child=5 2 15 -4 7 -1 8 -5 -7 10 -10 -12 13 -3 -15 16 17 -2 -17 20 21 -14 -23 24 28 -26 27 -25 -21 -22
right_child=1 12 3 4 -6 6 -8 -9 9 -11 11 -13 19 14 -16 18 -18 -19 -20 23 29 22 -24 26 25 -27 -28 -29 -30 -31
leaf_value=0 0 0 0 0 0 0 0 0.00015673761335585059 0 0 0 -0.00013659656292946319 0 -0.00013378045882273394 0 0 0 0.00017719990479643174 -7.8583103022756128e-05 -2.9244257190024394e-05 -9.5332771742179088e-05 0.00015051165208121634 0 0 -7.8885790346146941e-05 0 0 8.5898411052240907e-05 1.4022037696356083e-05 0
leaf_weight=1065 20 27 46 67 42 145 104 129 22 46 23 163 131 74 89 118 68 41 75 334 47 138 105 531 315 373 3629 209 727 87
leaf_count=1065 20 27 46 67 42 145 104 129 22 46 23 163 131 74 89 118 68 41 75 334 47 138 105 531 315 373 3629 209 727 87
internal_value=0 2.05997e-06 3.36174e-05 6.81986e-05 9.41017e-05 -8.15969e-06 -3.40794e-05 0.000117977 -5.15342e-05 -7.63146e-05 -9.83521e-05 -0.000116835 -1.26467e-08 -4.3536e-05 -6.71123e-05 0 4.34045e-05 0.000111599 -2.38386e-05 4.81428e-07 2.58086e-05 5.22513e-05 9.01218e-05 -8.04722e-07 -1.49275e-05 -3.85621e-05 3.70471e-06 2.60066e-05 0 -1.06924e-05
internal_weight=8990 7422 606 284 238 1568 503 196 399 254 208 186 6816 190 163 322 129 61 193 6626 508 374 243 6118 1749 688 4369 740 1061 134
internal_count=8990 7422 606 284 238 1568 503 196 399 254 208 186 6816 190 163 322 129 61 193 6626 508 374 243 6118 1749 688 4369 740 1061 134
is_linear=0
shrinkage=0.05


Tree=273
num_leaves=31
num_cat=0
split_feature=363 50 320 69 206 67 278 2 32 337 254 356 369 368 263 32 271 304 282 21 32 53 20 310 355 65 202 357 256 198
split_gain=5.37722e-05 0.000206708 0.00029737 0.000397031 0.000457508 0.000258351 0.000302809 0.000164605 0.000358595 0.000303144 0.000209422 0.000257153 0.000175613 0.000174981 0.000243251 0.000251316 0.00021356 0.000161259 0.00015555 0.000256163 0.000280403 0.000245139 0.00015356 0.00029699 0.000147245 0.000178371 0.00018478 0.000135151 0.000159471 0.000211531
threshold=-1.711918467875478 -6.456096013387044 -0.21697738609748138 -2.1722907225290933 -1.1369323817517556 1.9055841763814292 -1.0732362958876955 -0.30682458480199171 0.64987248182296764 -1.4541313654804315 -1.6709077385562481 -1.4958550522976053 1.7664467985650372 2.961641782388964 -1.0610831887727483 0.28286005059878033 -1.3186074053863412 -1.9802087561084274 -0.60383749008178722 1.4047407309214275 -0.089419846733411093 -1.2549791336059568 0.15962797403335574 0.24270034217120154 -0.95433248718548647 -3.5631682078043614 -1.4991680625818031 -2.8080505681998131 -0.37725534630169671 -1.5740147935961917
decision_type=8 2 10 2 10 2 10 2 2 10 10 10 2 2 10 2 10 8 10 2 2 2 2 10 10 2 10 8 10 10
left_child=7 2 3 24 -5 6 -6 12 9 -9 -11 -12 27 14 -14 16 -16 18 -3 20 -20 -22 23 -4 25 26 -2 -1 29 -29
right_child=1 17 22 4 5 -7 -8 8 -10 10 11 -13 13 -15 15 -17 -18 -19 19 -21 21 -23 -24 -25 -26 -27 -28 28 -30 -31
leaf_value=0 0 0 -0.00014963150755711876 0 0 0 0.00020363713488344285 0 0 0 0 -0.00018529882615283001 0 0 0 0 -0.00021760002590381607 1.5044645190913412e-06 0 0 -0.00020177963634535826 0 0 0 -6.5488939464229047e-05 0 0.00011893913722523224 0 0 7.0461589670826248e-05
leaf_weight=295 42 159 51 74 25 21 116 69 160 32 22 97 86 254 25 52 52 6321 23 94 67 55 47 32 53 83 74 75 143 291
leaf_count=295 42 159 51 74 25 21 116 69 160 32 22 97 86 254 25 52 52 6321 23 94 67 55 47 32 53 83 74 75 143 291
internal_value=0 2.11223e-06 2.98165e-05 5.11133e-05 9.80058e-05 0.000145072 0.000169575 -7.84335e-06 -3.6745e-05 -8.00299e-05 -0.000119771 -0.000150318 0 -2.35041e-05 -5.6908e-05 -0.000100531 -0.00015834 0 -3.12529e-05 -5.70323e-05 -9.88606e-05 -0.000131741 -1.16746e-05 -6.95206e-05 0 2.6553e-05 7.10634e-05 1.49567e-05 3.18905e-05 5.00324e-05
internal_weight=8990 7337 618 488 236 162 141 1653 380 220 151 119 1273 469 215 129 77 6719 398 239 145 122 130 83 252 199 116 804 509 366
internal_count=8990 7337 618 488 236 162 141 1653 380 220 151 119 1273 469 215 129 77 6719 398 239 145 122 130 83 252 199 116 804 509 366
is_linear=0
shrinkage=0.05


Tree=274
num_leaves=31
num_cat=0
split_feature=80 344 250 203 80 221 298 242 243 334 323 257 229 5 312 302 348 355 223 73 191 364 62 26 49 315 39 204 85 65
split_gain=5.47116e-05 0.000188187 0.000141643 0.00023384 0.000212857 0.000308907 0.000203372 0.000194831 0.000327447 0.000234133 0.000373783 0.000182111 0.000175404 0.000248312 0.000107321 0.000149393 0.000233216 0.000188019 0.000112004 0.000103143 0.000387916 0.000347179 0.000251846 0.000186386 0.000174639 0.000247041 0.000205635 0.000170498 0.000168483 0.000290769
threshold=-0.84403749306996645 -5.5259891351064034 -0.72293108526077943 -0.26161183954557193 -2.2846221923828121 -1.4472038927747874 -0.32553598750382634 -1.2327339712470895 -0.81013651231326245 -1.3706826520298405 -1.7551218569278715 -0.06028061069668169 -0.93594959306928094 -5.7728869120279942 0.097537071803547315 1.118037271527496 -2.3428398966789232 1.5326083165054689 -0.50471032269130711 0.068774153788884462 0.34649958122468233 -1.6300307912235368 -1.7661116917928059 0.087869981924692767 2.3392330805460615 -1.1258024569532585 1.2648865381876628 -0.45729583403751967 -6.5258617401123038 -6.1839689016342154
decision_type=2 8 10 10 2 10 10 10 10 10 10 10 10 2 10 10 10 10 10 2 10 10 2 2 2 10 2 8 2 2
left_child=2 -2 7 4 -4 -6 -7 9 12 -1 -11 -8 13 -9 18 16 -16 -18 -5 20 24 -22 -23 -24 28 -26 -27 -21 29 -3
right_child=1 19 3 14 5 6 11 8 -10 10 -12 -13 -14 -15 15 -17 17 -19 -20 27 21 22 23 -25 25 26 -28 -29 -30 -31
leaf_value=0 8.4251503414813555e-05 -9.904294644959825e-05 0 0 0 0 -0.00014040125562743582 0 0 -0.00014702450084625064 0 0 0 0.00016226102344763711 0 0 -0.0001654450838424911 0 6.1323240871365695e-05 -4.0625223820366935e-05 0 0 0 0.00011798207775145749 0 0.00011080078319199015 0 0 0 0
leaf_weight=225 70 119 143 62 57 30 168 20 232 76 38 30 79 85 22 24 55 23 124 286 64 43 21 226 63 126 36 4511 1860 72
leaf_count=225 70 119 143 62 57 30 168 20 232 76 38 30 79 85 22 24 55 23 124 286 64 43 21 226 63 126 36 4511 1860 72
internal_value=0 1.97175e-06 -8.49035e-06 -2.49904e-05 -4.94198e-05 -7.43898e-05 -0.0001015 1.01767e-06 2.95223e-05 -1.9215e-05 -7.89132e-05 -0.000120121 8.0103e-05 0.000124145 0 -2.56472e-05 -6.74284e-05 -0.000115294 3.16714e-05 5.21926e-07 9.01909e-06 5.78181e-05 8.40971e-05 0.000104168 0 4.30106e-05 7.98679e-05 -3.09452e-06 -3.13684e-06 -4.80597e-05
internal_weight=8990 7497 1493 738 428 285 228 755 416 339 114 198 184 105 310 124 100 78 186 7427 2630 354 290 247 2276 225 162 4797 2051 191
internal_count=8990 7497 1493 738 428 285 228 755 416 339 114 198 184 105 310 124 100 78 186 7427 2630 354 290 247 2276 225 162 4797 2051 191
is_linear=0
shrinkage=0.05


Tree=275
num_leaves=31
num_cat=0
split_feature=58 226 283 45 277 216 238 212 217 82 370 13 76 59 233 356 268 5 329 72 264 300 44 90 229 281 44 235 351 85
split_gain=5.21443e-05 0.000177356 0.000143399 0.000239623 0.000150427 9.50632e-05 0.000190636 0.000219072 0.000176496 0.000175903 0.000187388 0.000167595 0.000171526 0.000189754 0.000295854 0.000272118 0.000152341 0.000192783 0.000261241 0.000198043 0.000151265 0.000319556 0.000228981 0.00019197 0.000140568 0.000304437 0.000256645 0.000154703 0.000318717 0.000278234
threshold=3.6881326039632163 1.3173435250516712 0.069464325904846261 2.4854834079742436 1.6873877728210813 -0.60182309655193966 -0.8606276959126965 0.4694755382800237 -1.3695086685564857 -1.1990735928217573 1.2978241054420872 -0.018793346981207448 -2.8020329475402828 -2.3550383249918618 -0.21065505450961527 -3.3812717772711109 -0.63470973038174627 -0.16098848978678379 -1.0793168942133584 2.1122820377349858 -0.99673102502557631 -6.7551930749143441e-07 -2.2686402002970376 -0.71308529376983631 -0.66221965048976361 -0.14669749806375829 -1.1569425264994302 0.49541736637315043 1.487108111381531 3.7781617840131125
decision_type=2 10 10 2 10 10 10 10 10 2 2 2 2 2 10 10 10 2 10 2 10 10 2 2 10 10 2 10 10 2
left_child=5 2 -2 4 -4 6 20 8 -8 10 -10 16 13 14 15 -13 -7 18 -18 -20 -1 22 -22 -24 25 26 -14 28 -26 -29
right_child=1 -3 3 -5 -6 11 7 -9 9 -11 -12 12 24 -15 -16 -17 17 -19 19 -21 21 -23 23 -25 27 -27 -28 29 -30 -31
leaf_value=-4.4950022515275406e-06 0 0 -0.00018729226837090992 0 0 0 0 2.3725180906597395e-06 -7.1769905545953716e-05 0 0 0 0 0 0 -0.00012940060764061195 0 0 7.9533399809763325e-05 0 0 -2.5556471266026698e-05 0 0.00010034962587019552 0 0 0.00011812172983549281 0 -6.0481954832690757e-05 4.5309293422375775e-05
leaf_weight=782 54 244 54 33 23 383 174 241 479 77 79 34 35 277 64 134 29 141 406 45 81 77 38 216 2459 108 131 1364 241 487
leaf_count=782 54 244 54 33 23 383 174 241 479 77 79 34 35 277 64 134 29 141 406 45 81 77 38 216 2459 108 131 1364 241 487
internal_value=0 -1.71997e-05 -5.86315e-05 -9.15412e-05 -0.000140486 1.05942e-06 -6.94673e-06 -2.33394e-05 -3.7178e-05 -4.95544e-05 -5.98531e-05 4.68298e-06 1.90329e-07 -2.62622e-05 -5.96381e-05 -9.64925e-05 2.35693e-05 3.88749e-05 5.43964e-05 6.78011e-05 3.2824e-06 3.01749e-05 5.79095e-05 8.17029e-05 4.0176e-06 3.94461e-05 8.45568e-05 7.85114e-07 -5.61623e-06 1.28235e-05
internal_weight=8990 408 164 110 77 8582 2244 1050 809 635 558 6338 5334 509 232 168 1004 621 480 451 1194 412 335 254 4825 274 166 4551 2700 1851
internal_count=8990 408 164 110 77 8582 2244 1050 809 635 558 6338 5334 509 232 168 1004 621 480 451 1194 412 335 254 4825 274 166 4551 2700 1851
is_linear=0
shrinkage=0.05


Tree=276
num_leaves=31
num_cat=0
split_feature=309 332 346 346 211 257 238 310 352 306 319 352 211 301 369 293 292 260 280 46 366 7 91 53 299 360 67 275 39 307
split_gain=5.1218e-05 0.000168022 0.000202307 0.000373792 0.000154926 0.000203751 0.000152729 0.000192283 0.000176058 0.000334722 0.000148774 0.000177162 0.000178536 0.000118327 0.000108573 0.000104425 0.000104236 0.000219153 0.000334484 0.000415001 0.000424329 0.000266512 0.000213167 0.000371273 0.000541239 0.000320482 0.00026929 0.000251475 0.000340146 0.000214888
threshold=2.1379945210490829 2.439840345017799 3.8521350622177133 -6.9538752200948308e-08 -0.062378710807669546 1.9351213718081366 1.8024606219292101 4.207154328431483 0.42541791001955664 5.1531456738827766 1.8642709486576023 0.69033765792846691 -0.14305115542957197 0.42930150032043463 0.48607418030477162 4.3835911750793466 3.5307308038075771 0.44351483996487268 0.18842105556466207 0.41031748056411743 -0.077666959292495383 1.1845648288726809 -0.045762538909912047 -0.10714288552602123 -1.9868214928830949e-07 1.6933753875568631 1.9799952904383342 0.51352134663905058 0.62215375900268566 1.1856591427673713
decision_type=10 8 10 10 10 10 10 10 10 10 10 10 10 10 2 10 10 10 10 2 2 2 2 2 10 10 2 10 2 10
left_child=1 16 3 -3 -5 -6 7 10 9 -8 11 12 -2 -14 -9 -16 22 18 -18 20 -20 -19 26 24 -24 -26 -1 28 -25 -29
right_child=6 2 -4 4 5 -7 8 14 -10 -11 -12 -13 13 -15 15 -17 17 21 19 -21 -22 -23 23 27 25 -27 -28 29 -30 -31
leaf_value=2.0819187587062251e-06 0 0 0 0 0.00018613050695253364 0 -0.00015884657397183038 0 0 0 3.8114236603059452e-06 0 -9.5727482264063685e-05 0 0 0.00020396126247835354 0 5.8156518822178392e-05 0 0 -0.00015524618062855481 -7.9257506425257253e-06 -1.5948770028866964e-05 -6.6347391522434719e-05 0.00010507036879640114 0 -3.6206072738882976e-05 6.0971901683053841e-05 3.8021878551271984e-06 0
leaf_weight=4313 40 67 133 35 80 28 70 35 131 30 321 73 175 64 30 23 389 185 83 122 153 648 79 246 330 31 502 250 220 104
leaf_count=4313 40 67 133 35 80 28 70 35 131 30 321 73 175 64 30 23 389 185 83 122 153 648 79 246 330 31 502 250 220 104
internal_value=0 1.50167e-06 3.57331e-05 6.70255e-05 0.000114569 0.000144772 -1.05302e-05 0 -4.61326e-05 -9.64906e-05 -8.80958e-06 -3.45174e-05 -5.55876e-05 -7.39842e-05 6.97384e-05 0.000114808 0 -1.14726e-05 -3.17976e-05 -6.66675e-05 -0.000105525 7.53922e-07 2.94289e-06 2.14887e-05 5.85761e-05 8.87313e-05 -8.72162e-07 0 -2.25085e-05 3.32952e-05
internal_weight=8990 7998 343 210 143 108 992 761 231 100 673 352 279 239 88 53 7655 1580 747 358 236 833 6075 1260 440 361 4815 820 466 354
internal_count=8990 7998 343 210 143 108 992 761 231 100 673 352 279 239 88 53 7655 1580 747 358 236 833 6075 1260 440 361 4815 820 466 354
is_linear=0
shrinkage=0.05


Tree=277
num_leaves=31
num_cat=0
split_feature=333 317 337 204 324 215 50 377 361 226 291 361 314 218 219 32 370 254 363 253 324 257 362 225 355 46 61 15 344 245
split_gain=5.23384e-05 0.000228129 0.00027556 0.000197245 0.000175051 0.000225125 0.000392992 0.000292373 0.000340561 0.000287076 0.000179069 0.000346885 0.000345726 0.000452119 0.00030284 0.000168054 0.000411968 0.000221216 0.000271281 0.000154346 0.000153966 0.000163795 0.000144471 0.00024184 0.000189646 0.000138297 0.000342826 0.000259305 0.000170532 0.000172702
threshold=-1.3038581700696519 -0.58829433325541214 -0.754652548833601 -1.0000000180025095e-35 -0.19276408354441313 -0.72444800068151183 -0.72423561414082838 -0.99626902152257257 -1.9255224867048242 -1.1831248100848579 -0.95105493068695057 0.22052348318257622 0.28265927489053649 0.66114561095404156 -0.24337177774496976 0.27671027183532715 0.91102866661891835 1.2780483660288424 -0.99693639386775146 -1.6215908056770723 -1.5797506297628081 -1.4262430368750632 -0.21540179041032106 -0.42095672775551574 0.026766159132417904 0.050975481669108057 -1.7227414449055987 -0.25268612305323279 1.4103184938430788 0.29436080761395272
decision_type=8 10 10 10 10 8 2 2 10 10 10 10 10 10 10 2 2 10 10 8 10 10 10 10 10 2 2 2 10 10
left_child=1 -1 3 20 5 -2 7 -7 -9 -10 11 25 13 14 -13 16 17 18 -12 -17 -3 -22 23 -21 -24 26 -6 -28 29 -27
right_child=4 2 -4 -5 10 6 -8 8 9 -11 15 12 -14 -15 -16 19 -18 -19 -20 22 21 -23 24 -25 -26 28 27 -29 -30 -31
leaf_value=0 0 0 0 0 0 0 0 0 0 0.00012091448476809212 0 0 0 0 -0.0002710078003152465 -6.4400834917710049e-05 0 0 0.00010654455211343295 0 0 -0.0001420141803760037 -3.7760082338578553e-05 4.9349411843403129e-05 0 4.9800882744730751e-05 0 -0.00013125118574629647 -6.930151669173972e-05 0
leaf_weight=1549 450 33 138 59 101 66 321 51 28 295 49 22 69 22 55 93 311 20 238 287 34 131 352 385 3265 302 23 105 31 105
leaf_count=1549 450 33 138 59 101 66 321 51 28 295 49 22 69 22 55 93 311 20 238 287 34 131 352 385 3265 302 23 105 31 105
internal_value=0 -7.07406e-06 -4.11063e-05 -7.26375e-05 2.18237e-06 1.96815e-05 3.6822e-05 6.7655e-05 8.56655e-05 0.000105509 -5.92809e-07 -2.26363e-05 -8.7775e-05 -0.000147616 -0.000206563 2.08885e-06 2.67317e-05 6.92239e-05 8.39765e-05 -2.46102e-07 -9.66273e-05 -0.000116338 0 2.22677e-05 -2.77814e-06 0 -3.64999e-05 -9.52536e-05 9.61783e-06 2.79264e-05
internal_weight=8990 1944 395 257 7046 1211 761 440 374 323 5835 835 168 99 77 5000 618 307 287 4382 198 165 4289 672 3617 667 229 128 438 407
internal_count=8990 1944 395 257 7046 1211 761 440 374 323 5835 835 168 99 77 5000 618 307 287 4382 198 165 4289 672 3617 667 229 128 438 407
is_linear=0
shrinkage=0.05


Tree=278
num_leaves=31
num_cat=0
split_feature=251 354 367 244 255 32 23 62 252 358 321 377 366 47 238 275 32 19 220 279 279 222 279 200 65 257 308 370 348 208
split_gain=4.88724e-05 0.000150865 0.000235083 0.000153536 0.000158772 0.000143369 0.000168511 0.000206196 0.000233577 0.000137203 0.000177929 0.000200566 0.000169926 0.000154149 0.00013108 0.000280113 0.000338362 0.000275726 0.000322391 0.000167471 0.000125385 0.000319949 0.00022637 0.00012513 0.000106764 0.000257997 0.000136765 7.95555e-05 0.000125814 7.2312e-05
threshold=1.6742480018749757 2.4640514093616255 0.083350033400133264 1.322889229348063 2.4326129922007143 0.73551162083943689 0.090132767722631166 1.2349402507146203 1.3983826719056598 1.9853365956031441 2.1055834223048273 -0.82561173190101467 0.46798966102063405 0.49570125341415405 -2.3220423156799246 -1.3737414570339861 0.27671027183532715 -13.292779286702475 -1.8757442710743433 -2.4096764590201527 0.16639198213702708 0.21992090610459233 0.50705406682941823 -0.27556279396771038 3.6087021827697758 1.6929524908399853 0.91233759319261376 0.83338236681114763 4.9183778365453099 1.2979738373343566
decision_type=8 8 2 10 10 2 2 2 10 10 10 2 2 2 10 10 2 2 10 10 10 10 10 10 2 10 10 2 10 10
left_child=1 9 3 4 23 6 7 -4 -9 14 11 12 13 -11 15 -1 -17 18 -16 -20 21 -19 -22 -3 -2 26 -26 28 -7 -25
right_child=24 2 5 -5 -6 27 -8 8 -10 10 -12 -13 -14 -15 17 16 -18 20 19 -21 22 -23 -24 29 25 -27 -28 -29 -30 -31
leaf_value=0 0 0 0 0 0 0 0 -0.00019824108886158746 0 0 0 0 0 -0.00012739190467156189 0 0.00019366034612321235 0 1.780915193717696e-06 0 -0.00021293613318899984 3.4430127856453873e-05 -3.1943685672424542e-05 0 0.00014619941492519564 0 0 -0.00015615928836181176 0 0.0001008587201534087 0
leaf_weight=110 401 29 35 155 26 27 27 46 30 57 169 140 45 129 28 50 35 3956 22 42 712 811 1502 105 21 67 56 40 57 60
leaf_count=110 401 29 35 155 26 27 27 46 30 57 169 140 45 129 28 50 35 3956 22 42 712 811 1502 105 21 67 56 40 57 60
internal_value=0 9.70725e-07 2.45618e-05 5.09064e-05 7.84881e-05 0 -4.59038e-05 -8.00695e-05 -0.000127018 -3.13836e-07 -2.50421e-05 -4.59494e-05 -7.4566e-05 -9.58503e-05 8.3581e-07 4.12999e-05 0.000110179 0 -8.61931e-05 -0.000152474 8.53093e-07 -2.90828e-06 1.12098e-05 9.50292e-05 -1.44757e-05 -5.14289e-05 -0.000115365 2.33089e-05 5.62728e-05 0.000111855
internal_weight=8990 8445 637 375 220 262 138 111 76 7808 540 371 231 186 7268 195 85 7073 92 64 6981 4767 2214 194 545 144 77 124 84 165
internal_count=8990 8445 637 375 220 262 138 111 76 7808 540 371 231 186 7268 195 85 7073 92 64 6981 4767 2214 194 545 144 77 124 84 165
is_linear=0
shrinkage=0.05


Tree=279
num_leaves=31
num_cat=0
split_feature=375 350 254 373 318 296 7 337 335 336 370 9 292 253 338 339 206 320 339 251 255 311 80 278 375 326 17 228 371 375
split_gain=5.54525e-05 0.000140063 0.000339416 0.000393179 0.000321119 0.000221228 0.000287622 0.000142799 0.000328958 0.000253639 0.000296292 0.000283875 0.00025396 0.000231591 0.000360088 0.000320179 0.000234421 0.000217592 0.000165471 0.000158753 0.000186414 0.00013919 0.000221022 0.000213386 0.000126481 0.000192925 0.00020325 0.00033225 0.000168727 0.000200877
threshold=-0.037395754794959095 -10.111135323842365 -1.1011298364110012 0.18515587719635723 -2.099940986503142 0.034342034409443507 -2.2586654822031655 -0.23074030839477352 0.53472739433670313 -1.1568928113216888 1.2463467462914364 1.1959111690521242 -14.450974802176155 0.54224427303276135 -0.048461919529544546 -0.019069341386094847 -0.0086256303052204986 -1.4908343948191303 0.24980060017916483 -0.31939938036219384 -0.20370345001579818 -1.1225832586817905 0.19100941220919287 -0.76585032420964272 0.19572436317901368 -1.4851005872090657 -1.6407354672749834 -2.3464862970757827 0.80161733377558619 0.015056344768198551
decision_type=2 8 10 2 10 10 2 10 10 8 2 2 10 10 10 10 10 10 10 10 10 10 2 10 2 10 2 10 2 2
left_child=-1 2 24 -4 -5 6 -6 9 13 21 11 -11 -13 14 17 -15 -17 -9 -16 20 -10 -3 23 -23 28 26 27 -26 29 -2
right_child=1 7 3 4 5 -7 -8 8 19 10 -12 12 -14 15 18 16 -18 -19 -20 -21 -22 22 -24 -25 25 -27 -28 -29 -30 -31
leaf_value=4.9153091692915495e-06 0 5.0425947471242643e-06 0 0 0 0 -0.00015511141875620808 0 0 0 0 0 8.6720239875769892e-05 0 3.2304987048301723e-05 0 -0.00014100790366769489 -7.4124864557752833e-05 -1.6476627100114722e-05 0 7.4318479867833474e-05 0 0 -0.00011871888576435621 0 0 0 0.0001506949221519444 0 -0.00010854033430436224
leaf_weight=3565 24 448 200 63 54 31 179 54 46 148 174 20 398 97 395 27 138 265 168 1536 168 37 75 101 22 260 36 89 84 88
leaf_count=3565 24 448 200 63 54 31 179 54 46 148 174 20 398 97 395 27 138 265 168 1536 168 37 75 101 22 260 36 89 84 88
internal_value=0 -3.11075e-06 -1.88759e-05 -4.8721e-05 -8.26447e-05 -0.000107234 -0.000124101 0 -5.26483e-06 1.4055e-05 3.50373e-05 5.39761e-05 7.51141e-05 -2.7049e-05 -8.01613e-06 -7.20171e-05 -0.000114376 -5.34785e-05 8.86873e-06 6.11952e-06 4.6474e-05 -1.87361e-06 -3.98791e-05 -8.0344e-05 0 2.22922e-05 6.82209e-05 0.000103613 -2.40999e-05 -6.91296e-05
internal_weight=8990 5425 1130 527 327 264 233 4295 2894 1401 740 566 418 1144 882 262 165 319 563 1750 214 661 213 138 603 407 147 111 196 112
internal_count=8990 5425 1130 527 327 264 233 4295 2894 1401 740 566 418 1144 882 262 165 319 563 1750 214 661 213 138 603 407 147 111 196 112
is_linear=0
shrinkage=0.05


Tree=280
num_leaves=31
num_cat=0
split_feature=375 360 343 287 233 84 203 253 200 13 207 217 340 366 334 64 229 367 265 219 246 258 218 254 339 207 360 72 0 18
split_gain=5.31873e-05 0.000129678 0.000332952 0.000267203 0.000186936 0.000139009 0.000287123 0.000182311 0.000137317 0.000134175 0.000103074 0.000142104 0.000172235 0.000101476 0.000300591 0.000256316 0.000245737 0.00020617 0.000198774 0.000214576 0.000196737 0.000324334 0.000186925 0.000276735 0.000144267 0.000277634 0.000225232 0.000209176 0.000210504 0.000244962
threshold=0.54723011516621833 -0.36065450161672624 1.0233483314514162 -0.025088570080697446 1.1440011580397516 0.52159690856933583 1.0000000180025095e-35 -1.2052595066528073 -0.77000431628895061 1.0000000180025095e-35 -0.84206936629320894 0.64506717714117345 -1.4111118912696836 -0.090641529649540628 -0.91197442471806056 -0.36131280660629267 0.38984866865929507 -0.5144811206360248 -1.3210966671412052 0.30975884027227457 1.1105494757177545 0.63188827584778362 -0.070168744943987685 -0.77628692713095482 1.1818066351749557 0.41088721039185228 0.7577595483342584 5.2983950773874922 -0.24486174186070755 3.6110486984252934
decision_type=2 10 10 10 10 2 10 10 10 2 10 10 10 2 10 2 10 2 10 10 10 10 10 10 10 10 8 2 2 2
left_child=13 5 3 -3 8 7 -7 -2 -5 -10 -9 12 -12 14 -1 17 22 -16 -19 -20 21 -18 -17 -24 26 27 -15 28 -26 -30
right_child=1 2 -4 4 -6 6 -8 10 9 -11 11 -13 -14 24 15 16 20 18 19 -21 -22 -23 23 -25 25 -27 -28 -29 29 -31
leaf_value=-1.5356997630479193e-05 0 0 0 0 0 -0.00012416835287816603 0 0 0 -0.00020552421665989969 0 0 0.00012536006967512248 -2.4070283104763294e-06 0 0 0 0 0.00012601351750860226 0 0 0.00010696759030850627 0 -8.9608775828117516e-05 0 0 2.149962008783536e-05 0 -0.00010534121721538359 0
leaf_weight=440 82 51 338 26 24 53 80 52 39 73 31 20 111 3726 129 86 134 30 195 56 171 152 20 167 50 1075 1242 68 242 27
leaf_count=440 82 51 338 26 24 53 80 52 39 73 31 20 111 3726 129 86 134 30 195 56 171 152 20 167 50 1075 1242 68 242 27
internal_value=0 -1.09309e-05 -2.82978e-05 -7.73106e-05 -0.000109446 0 -2.75301e-05 2.88613e-05 -0.000132076 -0.000156692 5.72783e-05 7.69605e-05 9.62113e-05 1.40721e-06 1.29926e-05 2.83205e-05 2.8516e-06 6.14637e-05 8.57033e-05 0.000101003 3.0943e-05 5.69989e-05 -2.58591e-05 -5.89382e-05 -6.62153e-07 -1.50424e-05 2.56353e-06 -5.14557e-05 -6.9647e-05 -8.77931e-05
internal_weight=8990 980 551 213 162 429 133 296 138 112 214 162 142 8010 1580 1140 730 410 281 251 457 286 273 187 6430 1462 4968 387 319 269
internal_count=8990 980 551 213 162 429 133 296 138 112 214 162 142 8010 1580 1140 730 410 281 251 457 286 273 187 6430 1462 4968 387 319 269
is_linear=0
shrinkage=0.05


Tree=281
num_leaves=31
num_cat=0
split_feature=228 307 279 376 311 312 312 214 365 88 88 279 59 222 332 76 364 190 76 13 13 257 276 231 324 213 213 32 253 214
split_gain=5.26228e-05 0.000183276 0.000243924 0.000241807 0.00019757 0.000161681 0.000246747 0.000183465 0.000147597 0.000126806 0.000118829 0.000153987 0.00015157 0.000272596 0.000214192 0.000117656 0.000141559 0.000115032 0.000241062 0.000305435 0.000261126 0.000265501 0.000194036 0.000241258 0.000296466 0.000165547 0.000336836 0.000183614 0.000139464 0.000228107
threshold=-1.0691893264117522 -2.5503998733022351 -0.97068609945810846 -0.0014997529898410499 -0.47860372180562621 -2.2242871558388551 -2.6098601593727415 -0.52008917043957148 -4.5437578431349603 -1.2563414573669431 -1.5469810962677 -2.3392588312746718 -3.1971394220987954 -2.3504905774001901 -1.2151132189577931 -3.2811919848124185 -3.2724920178731733 -0.89549266350522549 -2.8020329475402828 -0.0026683288936812997 -0.019472332050402896 -0.16015356766817057 -0.27071998132700997 -0.3909888094428659 -0.17155987024307243 -0.19744775920192273 -0.69031956616136958 0.10149171948432915 -0.9086590879517209 -0.4586916416139406
decision_type=10 10 10 2 10 8 10 8 10 2 2 10 2 10 10 2 10 10 2 2 2 10 10 10 10 10 10 2 10 10
left_child=5 2 -2 -4 -5 6 10 8 -7 -8 11 -1 13 -12 -15 16 -10 28 19 20 -19 -22 23 -20 -25 26 -24 -27 29 -3
right_child=1 17 3 4 -6 7 9 -9 15 -11 12 -13 -14 14 -16 -17 -18 18 22 -21 21 -23 25 24 -26 27 -28 -29 -30 -31
leaf_value=0 0 8.554876304989008e-05 0 0.00013908241877348183 0 0 0 0 0 0.00010258592092703768 0 9.4803744767569373e-05 0 -9.4733464580419588e-05 0 0 -9.5774098810073874e-05 0 0 0 -0.00011843115022844697 0 3.4886381772531157e-06 0 7.2098744977316313e-05 4.9059568855174648e-05 -5.1935972956080215e-05 -1.0163045598734111e-06 0 0
leaf_weight=25 114 161 83 113 49 34 32 333 23 89 46 54 156 200 28 152 216 258 509 256 193 47 303 192 345 189 478 3816 473 23
leaf_count=25 114 161 83 113 49 34 32 333 23 89 46 54 156 200 28 152 216 258 509 256 193 47 303 192 345 189 478 3816 473 23
internal_value=0 1.67617e-06 3.65433e-05 6.66674e-05 0.000102223 -8.91e-06 3.53568e-06 -2.58486e-05 -4.76497e-05 7.15905e-05 -2.83202e-06 3.57808e-05 -2.15579e-05 -4.5953e-05 -7.43318e-05 -5.84068e-05 -8.25239e-05 0 -2.04272e-06 -2.88638e-05 -5.28612e-05 -9.22814e-05 5.68e-07 2.07313e-05 4.42725e-05 -2.79441e-06 -2.40343e-05 9.95842e-08 1.98954e-05 5.75037e-05
internal_weight=8990 7602 359 245 162 1388 630 758 425 121 509 79 430 274 228 391 239 7243 6586 754 498 240 5832 1046 537 4786 781 4005 657 184
internal_count=8990 7602 359 245 162 1388 630 758 425 121 509 79 430 274 228 391 239 7243 6586 754 498 240 5832 1046 537 4786 781 4005 657 184
is_linear=0
shrinkage=0.05


Tree=282
num_leaves=31
num_cat=0
split_feature=375 213 246 377 211 7 54 371 12 322 355 70 308 236 0 29 11 360 197 368 266 317 75 288 252 217 248 338 93 4
split_gain=5.23209e-05 0.000119502 0.000252311 0.0003112 0.000247126 0.000348509 0.000390563 0.000425986 0.000390442 0.00022041 0.000276934 0.000279802 0.000168573 0.00019108 0.000281407 0.000413933 0.000258543 0.000204676 0.00017914 0.000139729 0.000169183 0.000137309 0.000223153 0.000209177 0.0001367 0.000205997 0.000364755 0.000221036 0.000203686 0.000138012
threshold=-0.27131992978401293 -0.18912011292585848 0.37247384701683922 -0.90460828916900871 -0.031926836546811992 1.7492584387461345 0.33808426062266034 -1.0499744899360033 -0.005205887369811449 0.8420634617408117 -2.4314883343816893 -1.3461269537607825 0.21184199385812869 -0.15583468109159127 -1.4155330657958982 0.84975961844126391 0.035052792479594509 0.21820118901869548 -0.62195986728779251 2.7355296555078343 -0.67836820937783504 0.79298783554553587 0.54248483975728357 -0.30976448953151697 0.94651445228180919 1.9624910691265727 0.68778509253857767 0.28150387528694709 1.929936468601227 4.2329842249552412
decision_type=2 10 10 2 10 2 2 2 2 10 8 2 10 10 2 2 2 10 10 2 10 10 2 10 10 10 10 10 2 2
left_child=-1 4 3 21 12 6 -6 -8 -9 10 -5 -12 13 14 16 -16 -2 18 -15 20 -14 22 -3 -24 25 26 28 -28 -4 -26
right_child=1 2 24 9 5 -7 7 8 -10 -11 11 -13 19 17 15 -17 -18 -19 -20 -21 -22 -23 23 -25 29 -27 27 -29 -30 -31
leaf_value=7.2034417657252001e-06 -2.7063113675254917e-06 0 -1.2709282791399457e-05 0 0 0 0 0 -0.00020075061733495125 0 0 7.1382529068253199e-05 0 8.1296451481014509e-05 -6.15588903187953e-05 0 8.5334617133629199e-05 -1.3879487437275037e-05 0 0 9.084436007177017e-05 3.1154812067509944e-05 0 -9.8050442845257235e-05 2.2973548878960717e-05 3.0966031356352717e-05 0 -7.4744359242062179e-05 7.0585844160930397e-05 -1.1465690076059071e-05
leaf_weight=2015 715 557 620 50 166 114 67 25 119 112 49 642 29 165 576 427 88 86 125 38 131 228 32 125 570 103 100 415 82 419
leaf_count=2015 715 557 620 50 166 114 67 25 119 112 49 642 29 165 576 427 88 86 125 38 131 228 32 125 570 103 100 415 82 419
internal_value=0 -1.93956e-06 2.60279e-06 1.75188e-05 -1.01741e-05 -4.30718e-05 -6.87493e-05 -0.000114317 -0.000162896 3.94686e-05 5.03658e-05 6.10084e-05 -1.2849e-06 -7.28208e-06 -1.57003e-05 -3.38341e-05 7.25559e-07 1.98513e-05 4.7091e-05 3.95358e-05 6.4156e-05 0 -1.3064e-05 -6.57792e-05 -6.82775e-06 -1.82243e-05 -2.64978e-05 -5.85606e-05 0 3.32823e-06
internal_weight=8990 6975 4104 1795 2871 491 377 211 144 853 741 691 2380 2182 1806 1003 803 376 290 198 160 942 714 157 2309 1320 1217 515 702 989
internal_count=8990 6975 4104 1795 2871 491 377 211 144 853 741 691 2380 2182 1806 1003 803 376 290 198 160 942 714 157 2309 1320 1217 515 702 989
is_linear=0
shrinkage=0.05


Tree=283
num_leaves=31
num_cat=0
split_feature=363 347 49 39 348 254 347 200 46 220 253 247 43 237 39 224 91 53 344 249 347 364 354 231 231 237 356 310 254 14
split_gain=4.83729e-05 0.0001839 0.000299727 0.000429015 0.000319983 0.000229006 0.000202271 0.000174538 0.000234513 0.000308934 0.000428978 0.000374408 0.000215464 0.000169837 0.000389672 0.000418188 0.00027832 0.000375205 0.000256606 0.000260891 0.000254159 0.000239407 0.000297095 0.00043758 0.000249706 0.000335901 0.000217904 0.000147355 0.000118274 0.00019562
threshold=-1.711918467875478 -2.6018592417240138 -3.3035519917805982 0.24946765104929605 -7.4662280082702628 0.94848717917171077 -7.5017608006795236 -0.059006771640793293 0.24885499477386472 0.93743959302617752 -0.9326751777640474 -0.69886695370133056 -0.91161855061848951 -0.94029567434725247 -1.6498200098673499 -0.37717666874894967 -1.6260509490966795 1.6856775283813479 0.2532441218694052 -0.9525090963160775 -1.0073973337809241 -0.14072369530012852 0.36662421960695663 0.49031206005388034 0.45768962696398835 -0.27627859539040561 0.91848845171875093 -1.9574679083264341 -0.437435707182452 -0.0022543482482432495
decision_type=8 10 2 2 10 10 10 10 2 10 10 10 2 8 2 10 2 2 10 10 10 8 8 10 10 10 8 10 10 2
left_child=7 2 28 4 -4 6 -6 -1 9 10 -9 -12 -13 18 15 -15 -17 -18 19 -3 -21 24 23 -23 -16 -26 -24 -22 -2 -30
right_child=1 13 3 -5 5 -7 -8 8 -10 -11 11 12 -14 14 21 16 17 -19 -20 20 27 22 26 -25 25 -27 -28 -29 29 -31
leaf_value=0 8.6833065944676938e-06 0 0 0 0 0 0.00011463565669462693 0 0 0 0 -0.00030377011318323679 0 0 0 0 -0.00014233142560088187 0 -1.1774081563353286e-05 0 0 0 -2.0175388333809061e-05 7.3149468055122682e-05 0 -7.9376578188910507e-05 8.0851871535916013e-06 0.00014590800492550221 -6.1271371180012308e-05 0
leaf_weight=1368 243 164 154 371 29 25 317 42 126 26 23 48 20 288 632 83 186 45 115 71 20 419 1013 367 51 307 2025 122 206 84
leaf_count=1368 243 164 154 371 29 25 317 42 126 26 23 48 20 288 632 83 186 45 115 71 20 419 1013 367 51 307 2025 122 206 84
internal_value=0 1.82846e-06 1.82205e-05 3.68439e-05 6.60235e-05 9.12343e-05 0.000102855 -7.6365e-06 -4.32277e-05 -8.3866e-05 -0.000119206 -0.000180371 -0.000239304 -1.29032e-06 -4.63979e-06 -4.25631e-05 -8.24692e-05 -0.000110701 2.5414e-05 5.0017e-05 8.65313e-05 0 5.77664e-06 3.32742e-05 -2.18087e-05 -5.53018e-05 0 0.000125301 -3.70821e-06 -3.13263e-05
internal_weight=8990 7337 1429 896 525 371 346 1653 285 159 133 91 68 5908 5416 602 314 231 492 377 213 4814 3824 786 990 358 3038 142 533 290
internal_count=8990 7337 1429 896 525 371 346 1653 285 159 133 91 68 5908 5416 602 314 231 492 377 213 4814 3824 786 990 358 3038 142 533 290
is_linear=0
shrinkage=0.05


Tree=284
num_leaves=31
num_cat=0
split_feature=375 347 9 242 377 64 251 324 3 337 298 12 40 251 377 360 367 275 240 191 330 70 60 89 256 375 39 228 197 219
split_gain=4.81993e-05 0.000107023 0.000203792 0.000232491 0.000213185 0.000249204 0.000187756 0.000222304 0.000230259 0.000265677 0.000145603 0.000138993 0.000296904 0.000501052 0.000530355 0.000138369 0.000219841 0.000211716 0.000193359 0.000193337 0.000192055 0.000128536 0.000120718 0.000202698 0.000201425 0.000109094 9.85691e-05 8.69744e-05 0.000151228 0.000123509
threshold=-0.46366599580580997 4.3573433160781869 1.592845360438029 0.52273891023751851 -0.97567743924182948 6.618000030517579 0.92762222292608587 0.016500458121299705 2.7481522560119633 1.6108837987890159 0.23038105045755697 0.018518607442577602 0.088106989860534612 -0.31939938036219384 -0.86759209001761162 -2.4742885996686086 -0.13542290048853159 -0.062563749280087136 -1.3423734635813911 0.23936882076472751 -2.167321383953094 3.2010715802510585 -0.017482936382293649 -0.21336184938748673 0.032759135409578505 0.32548111254077322 0.54672096172968543 -0.34822532292853853 1.5390960456727076 0.7351197631712727
decision_type=2 10 2 10 2 2 10 10 2 10 10 2 2 10 2 8 2 10 10 10 10 2 2 2 10 2 2 10 10 10
left_child=27 6 3 -3 -5 10 11 26 9 21 -6 15 13 -13 -15 18 20 -18 25 -20 -17 -9 23 -14 -24 -2 -8 -1 29 -29
right_child=1 2 -4 4 5 -7 7 8 -10 -11 -12 12 22 14 -16 16 17 -19 19 -21 -22 -23 24 -25 -26 -27 -28 28 -30 -31
leaf_value=0 0 0 0 0 -0.0001821538656790277 0 1.3941645266776644e-05 0.00013899099467134447 0 0 0 0 0 -0.00011586723455293356 -1.8060070631333461e-06 3.9935822917451077e-05 2.2298986867211335e-06 3.6923848540050262e-05 -6.4070470040411909e-05 0 -2.4516801145747907e-05 0 -5.245989572587789e-05 0.00011455384067084519 6.8326111721751138e-06 6.7932507641831741e-05 -4.6763556116370028e-05 5.0045994427149078e-05 0 0
leaf_weight=404 207 194 709 41 87 38 254 133 91 80 31 537 52 271 320 92 1617 875 275 65 718 20 169 62 818 59 90 404 121 156
leaf_count=404 207 194 709 41 87 38 254 133 91 80 31 537 52 271 320 92 1617 875 275 65 718 20 169 62 818 59 90 404 121 156
internal_value=0 -1.26588e-06 -1.59336e-05 -4.49088e-05 -8.33713e-05 -0.000110411 3.70549e-07 2.60781e-05 5.58271e-05 8.24798e-05 -0.000146248 -1.61332e-06 -1.20972e-05 -3.06838e-05 -6.25778e-05 3.08711e-06 8.17377e-06 1.64191e-05 -1.63766e-05 -4.35809e-05 -1.10202e-05 0.000121227 2.40535e-06 5.19697e-05 0 0 0 9.96865e-06 2.18532e-05 3.54364e-05
internal_weight=8990 7905 1100 391 197 156 6805 668 324 233 118 6137 2229 1128 591 3908 3302 2492 606 340 810 153 1101 114 987 266 344 1085 681 560
internal_count=8990 7905 1100 391 197 156 6805 668 324 233 118 6137 2229 1128 591 3908 3302 2492 606 340 810 153 1101 114 987 266 344 1085 681 560
is_linear=0
shrinkage=0.05


Tree=285
num_leaves=31
num_cat=0
split_feature=61 325 342 18 89 371 217 30 250 41 285 326 4 202 349 77 345 250 51 363 376 34 87 372 89 211 5 196 3 72
split_gain=4.65204e-05 0.000150723 0.000259441 0.000190327 0.000160247 0.000251774 0.0002112 0.000198827 0.000207059 0.000190453 0.000172026 0.000135175 0.000221746 0.000297863 0.000257546 0.000254567 0.000214824 0.000253957 0.000212971 0.000199018 0.000229261 0.000293808 0.000197802 0.000195608 0.000180391 0.000209771 0.00019221 0.000187676 0.000178548 0.000205539
threshold=-0.64218195279439283 -1.3974020083745318 -2.4482838511466976 -3.6457462310791011 -8.1735677719116193 0.82451368107893075 -1.0830877308483788 -2.9665414492289224 -0.30873111159125355 -1.4002675215403235 -0.10303869222601234 0.17034522692362489 -1.5011363029479978 -0.071849914454795438 -10.117604573567705 -0.70542053381601955 1.6927389502525332 -1.1926992592955734 0.41127973794937139 1.520035588227834 0.0035967622223745505 1.0197681585947675 -0.45401479800542188 -0.54511138454755936 -0.16971300045649207 0.15443214668232808 0.4255415598551433 0.9417715686075675 -0.24721176425615943 -0.39632695913314814
decision_type=2 10 8 2 2 2 10 2 10 2 10 10 2 10 10 2 10 10 2 10 2 2 2 2 2 10 2 10 2 2
left_child=1 2 3 -1 5 6 -3 8 9 10 -6 12 15 14 -14 23 17 -16 19 20 21 22 -13 -2 25 -15 -26 -28 -17 -30
right_child=11 4 -4 -5 7 -7 -8 -9 -10 -11 -12 18 13 24 16 28 -18 -19 -20 -21 -22 -23 -24 -25 26 -27 27 -29 29 -31
leaf_value=0 0 -0.00013439429372558463 0 0.00012044107636725594 0 0 0 -6.8599985276691999e-06 0 0 0.00011712030581286832 0 0 0 0 0 0 0.0001002383097667861 4.6969599670660307e-06 0 0 0 -0.00010364160925875428 8.7163256451949742e-05 0 -8.5358365674147543e-05 6.3757186431900753e-05 0 -0.00011084110603333793 0
leaf_weight=24 36 94 124 95 72 105 71 4097 106 102 128 27 26 140 25 165 29 347 1669 205 65 44 261 89 182 93 308 78 116 67
leaf_count=24 36 94 124 95 72 105 71 4097 106 102 128 27 26 140 25 165 29 347 1669 205 65 44 261 89 182 93 308 78 116 67
internal_value=0 -3.12255e-06 3.23942e-05 8.7108e-05 -5.97774e-06 -4.48033e-05 -8.42402e-05 -2.53999e-06 2.85792e-05 5.30741e-05 8.14383e-05 4.11843e-06 1.52577e-05 2.75587e-05 6.25634e-05 -6.10871e-06 7.59813e-05 8.7558e-05 -2.02368e-06 -2.89581e-05 -5.02437e-05 -6.88793e-05 -8.95459e-05 3.87569e-05 2.65137e-06 -2.56954e-05 2.30833e-05 4.50396e-05 -3.65944e-05 -7.05959e-05
internal_weight=8990 5018 243 119 4775 270 165 4505 408 302 200 3972 1701 1228 427 473 401 372 2271 602 397 332 288 125 801 233 568 386 348 183
internal_count=8990 5018 243 119 4775 270 165 4505 408 302 200 3972 1701 1228 427 473 401 372 2271 602 397 332 288 125 801 233 568 386 348 183
is_linear=0
shrinkage=0.05


Tree=286
num_leaves=31
num_cat=0
split_feature=231 276 364 298 35 283 224 203 267 255 232 325 34 240 257 49 32 217 316 71 304 345 45 273 16 47 3 37 322 246
split_gain=4.77727e-05 0.000228138 0.000243311 0.000263212 0.000243982 0.00022354 0.000197026 0.000228054 0.000524331 0.000353308 0.000403349 0.000330995 0.000217843 0.000280418 0.000292422 0.000226432 0.000391114 0.000192751 0.00021051 0.000185323 0.000185053 0.00017085 0.000318128 0.000378809 0.000145814 0.000144023 0.000141581 0.000221546 0.000291782 0.000154422
threshold=-0.3857841341982578 -0.25678163439746576 -0.10749299588995899 0.096046473830938311 0.15494869649410248 -0.26053643723328901 -0.40563995733455804 -0.70142210799366989 -0.83562741016090991 -0.13835792490922683 -1.5928801377411383 -0.94404794772466005 0.85536225636800134 -1.3747409480027366 1.0000000180025095e-35 -0.32279833157857246 0.65939807891845759 -0.632219443875914 -1.6130631104549209 -3.9281693299611402 2.5683818160888392 -3.6301175355911259 0.00066126685123885011 -2.2451525405496757 -4.2312952677408839 0.3782321612040202 9.3925578426024043e-08 -1.6805818080902097 0.28563360373179125 0.22296606601039431
decision_type=10 10 10 10 2 10 8 10 10 10 10 10 2 10 10 2 2 10 10 2 10 10 2 10 2 2 2 2 10 10
left_child=6 2 -2 4 -4 -6 7 19 9 10 -9 -12 13 -8 15 16 -15 18 -10 -1 -7 22 23 -21 -23 -20 27 28 -3 -28
right_child=1 26 3 -5 5 20 12 8 17 -11 11 -13 -14 14 -16 -17 -18 -19 25 21 -22 24 -24 -25 -26 -27 29 -29 -30 -31
leaf_value=5.8383668657291293e-05 0 -0.00019711021103456739 0 0 0 0.00012543779656038948 8.116869928976238e-06 0 0 0 0 0.00015423760845704256 1.2379948339246913e-05 -0.00010784708982616292 0 0 0 2.1442528405795579e-05 0 -0.00026481481635245887 0 4.461150385091313e-05 0 -6.6306912845650947e-06 -1.2841760355913619e-05 -9.5156454493196938e-05 2.1233547853790062e-05 -5.6502937288931827e-06 0 -1.8899222894007569e-06
leaf_weight=70 667 41 20 76 23 223 168 47 63 39 51 191 205 346 298 149 160 256 39 35 20 120 126 114 761 138 874 810 27 2833
leaf_count=70 667 41 20 76 23 223 168 47 63 39 51 191 205 346 298 149 160 256 39 35 20 120 126 114 761 138 874 810 27 2833
internal_value=0 2.8593e-06 2.43994e-05 5.80673e-05 8.10401e-05 9.67125e-05 -4.66696e-06 3.01799e-06 2.50268e-05 7.46218e-05 9.68237e-05 0.000123935 -2.03177e-05 -3.07577e-05 -4.28569e-05 -6.1548e-05 -7.76011e-05 0 -3.89431e-05 -7.6971e-06 0.000111969 -1.60281e-05 -5.13053e-05 -0.000100949 0 -7.09062e-05 -8.84824e-07 -1.96594e-05 -0.000112858 2.21356e-06
internal_weight=8990 5614 1029 362 286 266 3376 2050 824 328 289 242 1326 1121 953 655 506 496 240 1226 243 1156 275 149 881 177 4585 878 68 3707
internal_count=8990 5614 1029 362 286 266 3376 2050 824 328 289 242 1326 1121 953 655 506 496 240 1226 243 1156 275 149 881 177 4585 878 68 3707
is_linear=0
shrinkage=0.05


Tree=287
num_leaves=31
num_cat=0
split_feature=362 234 249 9 3 366 249 233 203 240 69 274 83 2 73 5 237 341 319 353 44 229 246 59 23 77 208 233 370 79
split_gain=4.94438e-05 0.000212134 0.000259516 0.000223467 0.000277653 0.000325749 0.000113141 0.000168018 0.00036406 0.000218516 0.000209133 0.00019346 0.000161576 0.00017709 0.000281256 0.000197958 0.000295273 0.000195431 0.000152284 0.000188113 0.000203017 0.00014933 0.000401126 0.000236626 0.000170637 0.000190231 0.000130217 0.000237204 0.000199617 0.00018838
threshold=-4.208770731499901 -0.83751760330802616 -2.5268358028130047 0.74396777153015148 -1.7737486362457273 -0.42296623807412426 -1.1977440140564213 -0.75557634381014338 -0.69117823889756458 -0.055459964317264542 -3.8041451772054029 -1.8564068101597448 0.0006613232738648001 -1.0379294951756792 -5.7792882919311515 -2.1650017102559405 -0.19181096301334652 -0.076682408650715947 2.8263777707149278e-09 -1.6419005253075045 -1.3939051628112791 -0.90754659096359991 -0.92266711077529295 -4.0065271059672032 -0.014394552136460898 -0.43278483549753816 -1.3605059690064969 -0.58294511283882822 1.5095152702210728 0.74845182895660411
decision_type=10 8 10 2 2 2 10 10 10 10 2 10 2 2 2 2 10 10 10 10 2 10 10 2 2 2 10 10 2 2
left_child=1 2 -1 -4 -5 -6 26 8 21 10 -10 -12 18 15 17 -14 -17 -15 19 -9 -21 24 23 -23 25 -8 -2 28 29 -28
right_child=6 -3 3 4 5 -7 7 12 9 -11 11 -13 13 14 -16 16 -18 -19 -20 20 -22 22 -24 -25 -26 -27 27 -29 -30 -31
leaf_value=0 0 -5.1824600150459891e-06 0 0 0 0.00020615881975413029 8.3079704676672017e-05 0 0 0 0 9.9341651063622146e-05 0 -0.0001444298175672308 0 8.6926194579858235e-05 0 0 0 0 -8.9006197014392276e-05 0 0 -0.00025571639983813977 0 0 -0.00010099202419212122 0 0 0
leaf_weight=29 482 121 45 51 20 79 140 106 20 52 36 291 187 58 5753 219 158 25 110 28 224 33 152 29 102 23 213 134 33 37
leaf_count=29 482 121 45 51 20 79 140 106 20 52 36 291 187 58 5753 219 158 25 110 28 224 33 152 29 102 23 213 134 33 37
internal_value=0 1.85554e-05 5.36861e-05 8.14619e-05 0.000111119 0.000160332 -7.44402e-07 5.90057e-07 2.16049e-05 5.75109e-05 7.33272e-05 8.54636e-05 -1.36874e-06 0 -1.86258e-06 2.73668e-05 4.93225e-05 -9.33007e-05 -2.98399e-05 -4.71919e-05 -7.09151e-05 0 -3.79589e-05 -0.000145314 1.56383e-05 5.48911e-05 -1.78023e-05 -3.82576e-05 -6.52007e-05 -8.25072e-05
internal_weight=8990 345 224 195 150 99 8645 7746 878 399 347 327 6868 6400 5836 564 377 83 468 358 252 479 214 62 265 163 899 417 283 250
internal_count=8990 345 224 195 150 99 8645 7746 878 399 347 327 6868 6400 5836 564 377 83 468 358 252 479 214 62 265 163 899 417 283 250
is_linear=0
shrinkage=0.05


Tree=288
num_leaves=31
num_cat=0
split_feature=191 191 327 359 341 34 256 63 223 64 5 235 24 19 41 288 260 91 235 303 370 71 287 231 41 375 61 19 80 243
split_gain=4.68115e-05 0.000244153 0.000271948 0.00024425 0.000279918 0.000173557 0.00012227 0.00018875 0.000190381 0.000128006 0.000185344 0.000135131 0.000105589 0.000184654 0.000183685 0.000201362 0.000194492 0.000158623 0.000208736 0.000286467 0.000370346 0.000109731 0.000228854 0.000431629 0.000192697 0.000253533 0.000156513 0.000153977 0.00010046 9.62265e-05
threshold=1.8137400390892118 1.3250855979904064 0.42438538869222009 0.8561912503234298 -4.7683715809210264e-07 0.35864150524139404 0.25719334887840611 3.2431354522705083 1.8049812271386234 8.6028362909952829 1.8406576315561936 0.54595346509015508 1.0055485566457116 -1.3719270229339597 -0.17640785376230866 1.3879565447568896 0.48971680402598461 3.5470816294352225 0.81531305270785293 -0.46118357706667029 1.1554334023447022 0.95136463642120372 0.017722794863705704 0.48941099659572634 -0.15770049889882401 0.028065842708650902 0.81885894139607751 2.6449127197265629 0.00066139933187510012 1.6290024789977755
decision_type=10 10 10 10 10 2 10 2 10 2 2 10 2 2 2 10 10 2 10 10 2 2 10 10 2 2 2 2 2 10
left_child=1 12 3 4 -3 -6 -2 8 9 10 -8 -12 17 28 -15 16 -16 21 19 -19 -21 24 23 -23 26 -26 -1 -24 -14 -20
right_child=6 2 -4 -5 5 -7 7 -9 -10 -11 11 -13 13 14 15 -17 -18 18 29 20 -22 22 27 -25 25 -27 -28 -29 -30 -31
leaf_value=6.1449510607844747e-07 -5.043375157842566e-06 0 0 0 0 -0.00020117955782443606 0 0 0 0 0 0.00017607911161186883 0 0 0 0 7.4558535003358916e-05 0 4.1138628377889881e-05 -0.00012142112088813098 0 0 -2.9275777428355463e-05 7.6419278942432264e-05 0 -3.2196577649166992e-05 6.7631199025846575e-05 2.3191714702613378e-05 -6.9681687512298257e-05 -2.8449256925498243e-05
leaf_weight=3327 60 47 196 101 23 75 40 130 51 20 27 80 22 227 170 102 375 58 109 174 49 458 365 324 947 1047 97 151 69 69
leaf_count=3327 60 47 196 101 23 75 40 130 51 20 27 80 22 227 170 102 375 58 109 174 49 458 365 324 947 1047 97 151 69 69
internal_value=0 -8.9008e-07 -3.73081e-05 -7.25465e-05 -0.000114607 -0.000162976 1.64349e-05 3.45021e-05 6.37457e-05 9.02886e-05 0.000106939 0.000141539 4.73599e-07 1.63835e-05 2.6981e-05 4.1146e-05 5.41599e-05 -9.6955e-07 -2.96241e-05 -5.7356e-05 -8.57615e-05 2.44753e-07 1.38985e-05 3.22541e-05 -2.10366e-06 -1.50491e-05 3.9752e-06 -4.23235e-06 -3.04317e-05 0
internal_weight=8990 8582 442 246 145 98 408 348 218 167 147 107 8140 965 874 647 545 7175 459 281 223 6716 1298 782 5418 1994 3424 516 91 178
internal_count=8990 8582 442 246 145 98 408 348 218 167 147 107 8140 965 874 647 545 7175 459 281 223 6716 1298 782 5418 1994 3424 516 91 178
is_linear=0
shrinkage=0.05


Tree=289
num_leaves=31
num_cat=0
split_feature=367 370 370 40 372 366 47 23 202 254 73 260 10 297 232 285 25 201 15 301 327 238 363 6 333 234 65 55 200 367
split_gain=5.14553e-05 0.00011337 0.000270046 0.000222313 0.000207888 0.000179487 0.000202041 0.000224632 9.74179e-05 9.74191e-05 9.41253e-05 0.000314247 0.000208709 0.000225389 0.000244403 0.000278418 0.000194182 0.000277308 0.000333514 0.000407273 0.000390294 0.000150353 0.000188707 0.00025124 0.000328949 0.000201347 0.000216509 0.000180763 0.000171871 0.000237819
threshold=0.77995279842944609 0.4222231020710252 0.69831774589055085 -2.6153037548065181 -0.022105360902550549 -0.063618235891679129 0.42371217409769696 0.042436872919400508 0.59949646336671825 -1.2003434519935048 0.068774153788884462 -0.22613837943307852 -0.080351610978444329 0.15373460451761881 -0.83629299810908353 -0.12134461974104238 0.075408756732940604 -0.10074150627485148 0.73911718527476011 0.24403184652328494 -0.35450176397959382 -0.2899867508517982 -1.2732480684124858 -1.5544521013895669 -1.4935181475239521 -0.80901188042648475 -3.6935118039449049 -1.3103264967600503 -1.2241011852426242 0.097237688690917964
decision_type=2 2 2 2 2 2 2 2 10 10 2 10 2 10 10 10 2 8 2 10 10 10 10 2 10 10 2 2 10 2
left_child=10 -2 3 -3 8 -5 -7 -8 9 -4 11 21 -13 14 -14 -16 17 -12 19 20 -19 22 25 -24 -25 27 -27 -1 29 -23
right_child=1 2 4 5 -6 6 7 -9 -10 -11 16 12 13 -15 15 -17 -18 18 -20 -21 -22 28 23 24 -26 26 -28 -29 -30 -31
leaf_value=4.2414501977107455e-05 3.300236708095934e-06 0 0 0 3.4814300169097669e-05 0 -0.00018361545007870457 0 0 -6.1965845693774565e-05 1.0437088673750043e-05 -1.7096820772933453e-06 0 0 0 7.9332126580954586e-05 2.8860225377400471e-06 0 0 0 -0.00011006075967586403 -0.00014578006223711157 0 0 6.7519393539767209e-05 -9.2638305425231062e-05 0 -7.9573036805257794e-06 0 0
leaf_weight=255 382 45 53 23 222 28 93 61 101 192 323 113 105 151 113 540 3114 40 526 97 328 64 297 139 420 124 319 277 415 30
leaf_count=255 382 45 53 23 222 28 93 61 101 192 323 113 105 151 113 540 3114 40 526 97 328 64 297 139 420 124 319 277 415 30
internal_value=0 -9.71512e-06 -2.19046e-05 -6.53367e-05 0 -8.8968e-05 -0.000106673 -0.000129323 -2.69046e-05 -4.48976e-05 1.40458e-06 8.11817e-06 3.13914e-05 4.10059e-05 5.25326e-05 6.43343e-05 -2.56369e-06 -1.92829e-05 -3.40146e-05 -6.52547e-05 -9.0257e-05 0 4.54757e-06 2.32985e-05 4.42107e-05 -6.7878e-06 -3.43799e-05 6.79378e-06 -2.57672e-05 -9.03232e-05
internal_weight=8990 1200 818 250 568 205 182 154 346 245 7790 3362 1022 909 758 653 4428 1314 991 465 368 2340 1831 856 559 975 443 532 509 94
internal_count=8990 1200 818 250 568 205 182 154 346 245 7790 3362 1022 909 758 653 4428 1314 991 465 368 2340 1831 856 559 975 443 532 509 94
is_linear=0
shrinkage=0.05


Tree=290
num_leaves=31
num_cat=0
split_feature=249 264 16 264 266 331 333 227 345 202 221 276 333 24 55 11 351 360 281 314 291 332 47 356 348 359 47 47 87 357
split_gain=4.91319e-05 0.000216149 0.000225403 0.000324955 0.000360856 0.000269301 0.000367601 0.000153589 0.000256499 0.000220183 0.000238067 0.000217726 0.000198109 0.000192391 0.000346265 0.00027267 0.000171572 0.000165838 0.000162865 0.000160116 0.000145041 0.000330205 0.000289691 0.000369138 0.000374567 0.000256484 0.000318724 0.000232749 0.000203885 0.000165047
threshold=-0.037825112294029344 -0.23220732903880442 0.18638065457344058 -1.2132783666681395 -1.0171389961995707 0.38127560600149074 -0.92206750648374569 -0.64524869698950249 -1.1701713502407072 -0.42548492049703351 0.058016098900833805 -0.86530054321546868 0.28048153771017209 0.47951465845108038 1.1473210255304973 -0.097286154826482077 0.87668716907501232 1.0344395842737584 -0.094924274658565289 -3.2689033421070328 -0.95105493068695057 -0.0056017713351626487 0.82667565345764171 0.19706806393475326 -4.2769946157932273 1.1123892286700723 0.35528159141540533 1.0961566766103112 0.86564240852991758 0.24706909085092807
decision_type=10 10 2 10 10 10 10 8 10 10 10 8 8 2 2 2 10 10 10 10 10 10 2 10 10 10 2 2 2 10
left_child=7 2 3 -2 -5 6 -6 9 11 -1 17 -9 13 -10 15 -15 -14 19 -18 -11 22 25 -3 24 -24 26 -22 -28 -26 -23
right_child=1 20 -4 4 5 -7 -8 8 12 10 -12 -13 16 14 -16 -17 18 -19 -20 -21 21 29 23 -25 28 -27 27 -29 -30 -31
leaf_value=0 0 0 0 0 0 0 0.00020421239970433232 -2.2491443482998933e-05 0 0 0 2.8244014228485536e-05 9.858870820738989e-06 0 0 -0.00011089985902194087 0 0 -9.6783922668480001e-05 0.00010907922547503048 0 -3.0251644605167436e-05 0 0 -0.00024707913113151617 0 0.00010673097432575899 0 0 1.7182638902562247e-06
leaf_weight=1770 73 247 159 29 64 50 107 270 352 25 85 537 497 36 281 289 50 30 84 168 69 447 30 48 56 101 252 21 31 2732
leaf_count=1770 73 247 159 29 64 50 107 270 352 25 85 537 497 36 281 289 50 30 84 168 69 447 30 48 56 101 252 21 31 2732
internal_value=0 3.51185e-06 3.51625e-05 5.99075e-05 8.87958e-05 0.000114014 0.000143988 -3.87358e-06 -1.31051e-05 4.36475e-06 4.3762e-05 5.07362e-06 -2.54837e-05 -3.99256e-05 -5.75619e-05 -9.40216e-05 0 7.28868e-05 -5.32754e-05 9.10213e-05 0 2.92587e-06 -2.83663e-05 -7.99691e-05 -0.000129989 4.38475e-05 6.60648e-05 9.15693e-05 -0.000182943 -1.20507e-06
internal_weight=8990 4516 482 323 250 221 171 4474 2396 2078 308 807 1589 958 606 325 631 223 134 193 4034 3622 412 165 117 443 342 273 87 3179
internal_count=8990 4516 482 323 250 221 171 4474 2396 2078 308 807 1589 958 606 325 631 223 134 193 4034 3622 412 165 117 443 342 273 87 3179
is_linear=0
shrinkage=0.05


Tree=291
num_leaves=31
num_cat=0
split_feature=375 305 3 82 269 358 37 323 296 369 366 334 88 47 28 373 24 362 302 204 343 301 246 333 352 27 77 335 352 311
split_gain=4.53788e-05 0.000116446 0.00026529 0.000358726 0.000233706 0.00023467 0.000241919 0.000152791 0.000227716 0.000221934 0.0001029 0.000266904 0.000212031 0.000306446 0.000309612 0.00024773 0.000130089 0.00024741 0.000254567 0.000163561 0.000165539 0.000149751 0.000297675 0.000273901 0.000244323 0.000308786 0.000228764 9.85299e-05 0.000177274 0.000179374
threshold=0.54723011516621833 -1.4508294188775823 0.99999993046124791 -0.67324813206990552 -1.6890093790125407 1.7339448894677594 0.76755571365356456 0.39810331662495935 -0.065762609243392875 1.5976679584434916 -0.10670633333576979 -0.91197442471806056 1.3730167547861736 0.52094183365503965 -0.049651689827442093 0.0055190057558408513 -0.19439288415014713 -4.0052916737560631 -4.0297611784115661 -0.010291578639438198 -23.764719684918713 0.42930150032043463 0.84088072864849217 0.67382116575098527 0.078160365422566713 -0.022948235273361147 1.778512795766195 -0.96300882361022488 -0.61103673775990797 -2.5128239239353092
decision_type=2 10 2 2 10 10 2 10 10 2 2 10 2 2 2 2 2 8 10 10 10 8 10 10 10 2 2 10 10 10
left_child=10 -2 3 4 -3 6 -6 8 -4 -10 11 27 13 -13 -15 -16 -12 18 -18 20 -20 24 23 -23 25 -19 -26 28 -1 -30
right_child=1 2 7 -5 5 -7 -8 -9 9 -11 16 12 -14 14 15 -17 17 21 19 -21 -22 22 -24 -25 26 -27 -28 -29 29 -31
leaf_value=0 1.2943919873955939e-05 0 0 0 -0.00014071873832792339 0 0 -1.0860863943140783e-05 0.00016053375328500856 0 -4.2025330229908067e-05 0 0 0 0 0.00010516901245136352 0 -3.9565003823608649e-06 0 0 0.00013098992367228436 0 0 0.00010535934889467375 -3.2918533028331806e-05 3.3969341449474549e-05 0 0 0 -9.6897883137936401e-05
leaf_weight=85 166 27 20 98 187 33 61 293 57 38 188 350 302 44 50 320 30 3226 38 26 120 76 320 152 1210 628 513 167 36 129
leaf_count=85 166 27 20 98 187 33 61 293 57 38 188 350 302 44 50 320 30 3226 38 26 120 76 320 152 1210 628 513 167 36 129
internal_value=0 -1.0392e-05 -2.12937e-05 -5.04195e-05 -7.91297e-05 -9.45591e-05 -0.000111783 0 5.49388e-05 9.81797e-05 9.74173e-07 1.31859e-05 2.82518e-05 4.2513e-05 7.20071e-05 8.88418e-05 -1.03458e-06 0 5.30063e-05 8.20027e-05 0.000102062 -1.66471e-06 2.17573e-05 6.63327e-05 -4.86304e-06 9.26825e-07 -2.07148e-05 -1.33379e-05 -3.57993e-05 -6.80129e-05
internal_weight=8990 980 814 406 308 281 248 408 115 95 8010 1483 1066 764 414 370 6527 6339 214 184 158 6125 548 228 5577 3854 1723 417 250 165
internal_count=8990 980 814 406 308 281 248 408 115 95 8010 1483 1066 764 414 370 6527 6339 214 184 158 6125 548 228 5577 3854 1723 417 250 165
is_linear=0
shrinkage=0.05


Tree=292
num_leaves=31
num_cat=0
split_feature=198 198 371 198 349 33 359 214 312 31 266 79 375 220 255 66 75 70 373 246 260 281 287 216 54 301 62 248 24 30
split_gain=4.53799e-05 0.000205243 0.000171475 0.000197466 0.000365321 0.000182945 0.000171269 0.000169425 0.000187579 0.000141807 0.000140586 0.00015482 0.000136676 0.000118347 0.000224351 0.000209758 0.000196248 0.000169619 0.000191131 0.000174531 0.000166363 0.000216384 0.000444247 0.000245916 0.00020138 0.000261948 0.000159891 0.000156252 0.000112375 0.00022414
threshold=0.73286929141142987 0.50490095432054305 -0.48639955256347361 1.1720827308629185 -6.4633173147837306 -1.9535119533538814 2.1818414709765648 -0.48919937664939778 -1.0778155137937875 1.4316319624582929 -0.34373695991363501 1.9563182989756269 0.71601182564244581 1.0633911079360767 0.16702750459955418 10.13573741912842 0.86520862579345714 1.5473222732543945 0.1101611872094977 1.2365220362718561 0.66450165652171322 0.55078455722829389 -0.0094016588603456474 -0.60182309655193966 -0.22402162353197722 0.079106370608011775 -0.68434580167134595 0.75331814725238144 0.98432024319966638 0.38427493969599408
decision_type=8 10 2 8 10 2 10 10 10 2 10 2 2 10 10 2 2 2 2 10 10 10 10 10 2 10 2 10 2 2
left_child=1 13 12 4 -4 -6 7 -3 -9 -10 -7 -12 -2 14 20 16 27 18 -15 26 21 23 -23 -1 -22 -26 -20 -16 29 -5
right_child=2 6 3 28 5 10 -8 8 9 -11 11 -13 -14 17 15 -17 -18 -19 19 -21 24 22 -24 -25 25 -27 -28 -29 -30 -31
leaf_value=-9.8654440214960961e-06 2.2543429868722616e-05 0 6.3540091943331819e-05 0 0 0 -9.3447588185960586e-07 0 7.0464127669701574e-05 0 -0.00011485738499115864 -5.8735990996881755e-06 -2.8982550381725236e-05 0 -2.5269747084394085e-05 1.4409427538298906e-05 0 0 0 0 0 0 -0.00012142574076618156 1.6152824235283216e-05 0.00013207756670377945 0 0.00012924193716624746 -0.00011469918485979816 1.9231202211344741e-05 -5.5837590596290664e-05
leaf_weight=1702 657 135 29 538 24 52 94 49 445 24 222 167 91 88 780 197 487 211 37 38 72 41 111 1773 91 55 118 112 318 232
leaf_count=1702 657 135 29 538 24 52 94 49 445 24 222 167 91 88 780 197 487 211 37 38 72 41 111 1773 91 55 118 112 318 232
internal_value=0 1.8563e-06 -6.23214e-06 -1.68728e-05 -4.37113e-05 -6.11627e-05 2.67573e-05 3.83989e-05 5.17321e-05 6.28922e-05 -7.05782e-05 -8.09337e-05 9.58826e-06 -4.44308e-07 -3.38959e-06 -1.9644e-05 -2.8135e-05 2.18412e-05 4.84112e-05 7.67216e-05 1.9728e-06 0 -5.88887e-05 1.97076e-06 4.44474e-05 7.99693e-05 0.000100705 -4.21149e-05 -8.8889e-08 -1.4562e-05
internal_weight=8990 6660 2330 1582 494 465 747 653 518 469 441 389 748 5913 5421 1576 1379 492 281 193 3845 3627 152 3475 218 146 155 892 1088 770
internal_count=8990 6660 2330 1582 494 465 747 653 518 469 441 389 748 5913 5421 1576 1379 492 281 193 3845 3627 152 3475 218 146 155 892 1088 770
is_linear=0
shrinkage=0.05


Tree=293
num_leaves=31
num_cat=0
split_feature=66 350 284 72 90 61 333 245 85 79 71 335 67 375 337 68 255 86 317 290 281 61 73 269 370 91 31 308 47 75
split_gain=4.57499e-05 0.0002757 0.000275158 0.000218419 0.000197416 0.000288758 0.000155777 0.000220731 0.000142555 0.000141087 0.000185764 0.000117331 0.000116275 0.000243812 0.000340047 0.00018619 0.000218888 0.000180441 0.000155495 0.00030521 0.000237719 0.000236352 0.00019022 0.000155759 0.000126984 0.000176086 0.000176577 0.00011961 0.000137469 0.000170508
threshold=11.706501642862957 18.976573626200359 0.25844530264536536 4.1930243174235029 0.49262215693791706 -0.8953305880228678 1.5515241403862847 2.0130841946435361 0.20346098144849137 2.7957282066345219 -0.056742231051127044 2.1176397009690251 2.1503570079803471 -0.045088828753986746 0.93454369861485176 0.94624662399292003 1.0000000180025095e-35 1.0857596794764202 -0.1140749928817124 -1.5894571930852308e-07 0.58570235079155419 0.75006941954294859 -1.8287431399027507 -0.19069123912591776 0.53167845683827608 -0.099864522616068443 1.392714103062948 2.4654100663651346 0.96987426280975353 0.00066168755680950009
decision_type=2 8 8 2 2 2 10 10 2 2 2 10 2 2 10 2 10 2 10 10 10 2 2 10 2 2 2 10 2 2
left_child=1 12 9 4 -2 -6 7 8 -5 10 -3 -10 17 27 15 16 -15 18 21 20 -20 -1 -23 -21 -19 -26 -27 28 -14 -30
right_child=3 2 -4 6 5 -7 -8 -9 11 -11 -12 -13 13 14 -16 -17 -18 24 19 23 -22 22 -24 -25 25 26 -28 -29 29 -31
leaf_value=0 0 0 0 0 0 -0.00013763100203664484 -1.791597750888535e-06 0 0.00016904327411033584 0 0.0001481563626182581 0 0 0 0 0 -9.7657659339044385e-05 0 -2.2513097480208682e-05 3.3112821135890183e-05 -0.00017785582960059895 0.00011059175195112056 0 -7.8301405851306522e-06 0 8.0959664845856058e-05 0 -3.9601555324779572e-05 0 6.7783563334838207e-05
leaf_weight=3329 278 35 144 20 20 98 193 36 56 58 100 24 380 20 300 60 288 263 530 281 44 94 152 1324 197 254 69 107 40 196
leaf_count=3329 278 35 144 20 20 98 193 36 56 58 100 24 380 20 300 60 288 263 530 281 44 94 152 1324 197 254 69 107 40 196
internal_value=0 7.69162e-07 4.53145e-05 -1.22879e-05 -4.02844e-05 -9.80911e-05 6.21899e-06 5.43176e-05 9.75922e-05 8.45403e-05 0.000113253 0.000127873 -4.94231e-07 -1.4067e-05 -3.63917e-05 -6.86526e-05 -8.45093e-05 1.62922e-06 -6.01365e-07 -1.1857e-05 -4.31591e-05 4.86062e-06 5.2385e-05 0 2.44039e-05 3.88212e-05 6.15504e-05 0 1.45852e-05 4.48412e-05
internal_weight=8990 8265 337 725 396 118 329 136 100 193 135 80 7928 1391 668 368 308 6537 5754 2179 574 3575 246 1605 783 520 323 723 616 236
internal_count=8990 8265 337 725 396 118 329 136 100 193 135 80 7928 1391 668 368 308 6537 5754 2179 574 3575 246 1605 783 520 323 723 616 236
is_linear=0
shrinkage=0.05


Tree=294
num_leaves=31
num_cat=0
split_feature=54 234 191 318 296 299 47 254 220 303 80 361 24 8 220 256 57 317 359 191 366 224 188 21 319 64 297 330 319 254
split_gain=4.50732e-05 0.000165932 0.00018814 0.000183757 0.00018179 0.000186437 0.000182644 0.000183233 0.000177655 0.000161002 0.00012795 0.000162921 0.000168304 0.000146581 0.00017648 0.00022146 0.000141503 0.000129023 0.000119673 0.000104669 0.000130131 0.000140753 0.000157544 9.81288e-05 9.75886e-05 9.49387e-05 0.000186017 0.000220769 0.000374883 0.00028183
threshold=2.0605446497599291 1.0699857384010338 0.2361419423495966 0.41142113976759781 0.26066878748436756 1.9593396981557214 1.1771284441153209 -0.46700413450524297 1.6591671540755686 2.704936688252602 1.5112067063649499 0.22052348318257622 0.073668457567691761 1.6115506490071616 0.6806970425864477 0.58725581391061621 3.2926305135091147 -2.0656420445024497 -2.432524759005386 1.6282161475352617 -0.11577265755279949 0.83939224013985902 1.6479710519847963 2.4180059432983403 2.6258453865270885 6.4919195175170907 0.15073396265506753 0.042801598707834856 1.8016211965431959 0.83922740310399535
decision_type=2 10 10 10 10 10 2 10 10 10 2 10 2 2 10 10 2 10 10 10 2 10 10 2 10 2 10 10 10 10
left_child=10 3 8 -2 5 6 7 -5 9 24 25 12 -12 -13 -15 -16 -17 -14 -19 20 -4 -22 -23 -20 -3 26 -1 -28 29 -29
right_child=1 2 19 4 -6 -7 -8 -9 -10 -11 11 13 17 14 15 16 -18 18 23 -21 21 22 -24 -25 -26 -27 27 28 -30 -31
leaf_value=0 0 0.00014744737857574929 0 0 0 0 0 -0.00010757911953445323 0 0 0 -2.2231415747302505e-05 0 0 0 0.00010933662277052989 0 0 9.5586721595403496e-05 1.2990973638778961e-05 0 -0.0001268097494011938 0 0 0 2.5376436910466332e-05 8.1324387703219414e-08 -9.5125762574043918e-05 0 0
leaf_weight=5669 249 72 51 31 61 48 31 242 41 22 43 299 21 174 74 131 24 21 221 103 70 82 30 26 22 300 213 299 234 86
leaf_count=5669 249 72 51 31 61 48 31 242 41 22 43 299 21 174 74 131 24 21 221 103 70 82 30 26 22 300 213 299 234 86
internal_value=0 -9.48141e-06 4.81456e-06 -2.76787e-05 -4.8373e-05 -6.35302e-05 -7.87772e-05 -9.26403e-05 5.50964e-05 8.90679e-05 1.06236e-06 1.77288e-05 4.6959e-05 0 2.32887e-05 5.36664e-05 8.84525e-05 6.31549e-05 7.41896e-05 -3.81308e-06 -3.26939e-05 -5.61674e-05 -9.09052e-05 8.47504e-05 0.000118597 -7.36596e-07 -2.7111e-06 -2.48255e-05 -4.14708e-05 -7.21008e-05
internal_weight=8990 1155 493 662 413 352 304 273 157 116 7835 1034 332 702 403 229 155 289 268 336 233 182 112 247 94 6801 6501 832 619 385
internal_count=8990 1155 493 662 413 352 304 273 157 116 7835 1034 332 702 403 229 155 289 268 336 233 182 112 247 94 6801 6501 832 619 385
is_linear=0
shrinkage=0.05


Tree=295
num_leaves=31
num_cat=0
split_feature=231 276 364 255 27 304 243 224 34 240 257 201 89 249 10 229 222 265 331 92 220 343 50 3 320 88 3 221 233 263
split_gain=4.3482e-05 0.000199173 0.000211007 0.000240145 0.000269947 0.000226054 0.000179602 0.0001741 0.000198382 0.000258368 0.000260283 0.000221598 0.000271831 0.000198142 0.000309845 0.000324953 0.000291296 0.000152372 0.000268995 0.000254009 0.000211373 0.000163719 0.000179466 0.000222118 0.000174306 0.000245544 0.000129009 0.000189044 0.000266338 0.000219709
threshold=-0.3857841341982578 -0.25678163439746576 -0.10749299588995899 0.59302367162918246 -1.5454372564951577 2.5683818160888392 1.2304578054284565 -0.40563995733455804 0.85536225636800134 -1.3747409480027366 1.0000000180025095e-35 -1.2713028017144723 0.83293437957763683 -0.077671161017425924 0.76348876704772317 -0.27307127716841045 -1.4218431412412587 -0.61165636599027484 -1.0319949293391744 0.56342202425003063 -0.088424282946741692 -18.531858126322426 -6.115428924560546 -1.8593814373016355 -3.1541033036553414 0.081835210323333712 9.3925578426024043e-08 0.6394279667412005 0.55216950579453605 0.047312189193739057
decision_type=10 10 10 10 2 10 10 8 2 10 10 10 2 10 2 10 10 10 10 2 10 10 2 2 10 2 2 10 10 10
left_child=7 2 -2 4 -4 6 -6 13 9 -9 11 -11 -13 17 15 16 -15 21 19 20 -19 24 23 -23 -1 -26 27 28 29 -3
right_child=1 26 3 -5 5 -7 -8 8 -10 10 -12 12 -14 14 -16 -17 -18 18 -20 -21 -22 22 -24 -25 25 -27 -28 -29 -30 -31
leaf_value=0 0 0 0 0 0.00014065749323257176 0 0 6.993960166965809e-06 1.1045499943277769e-05 0 0 -8.9979758163794793e-05 0 0 0 0 0.00021317771564900649 -0.00011594492177048734 0 0 0 0 0 6.3794776601031915e-05 -0.00010834410678018649 0 1.9497755357362705e-06 0 0 -8.9790400411653642e-05
leaf_weight=96 667 177 62 88 169 21 22 168 205 123 298 431 101 22 90 40 62 162 243 35 31 176 653 317 103 20 3707 297 156 248
leaf_count=96 667 177 62 88 169 21 22 168 205 123 298 431 101 22 90 40 62 162 243 35 31 176 653 317 103 20 3707 297 156 248
internal_value=0 2.49141e-06 2.26655e-05 5.40079e-05 7.77408e-05 0.000104843 0.000123115 -4.67724e-06 -1.93677e-05 -2.93898e-05 -4.10498e-05 -5.86934e-05 -7.26801e-05 2.38655e-06 4.8657e-05 0.000101618 0.000157789 -2.85819e-07 -2.6991e-05 -6.67295e-05 -9.2458e-05 5.26751e-06 1.58125e-05 3.8614e-05 -2.70746e-05 -6.96034e-05 -9.46122e-07 -1.88658e-05 -3.67577e-05 -5.84233e-05
internal_weight=8990 5614 1029 362 274 212 191 3376 1326 1121 953 655 532 2050 214 124 84 1836 471 228 193 1365 1146 493 219 123 4585 878 581 425
internal_count=8990 5614 1029 362 274 212 191 3376 1326 1121 953 655 532 2050 214 124 84 1836 471 228 193 1365 1146 493 219 123 4585 878 581 425
is_linear=0
shrinkage=0.05


Tree=296
num_leaves=31
num_cat=0
split_feature=73 244 356 222 14 2 239 64 268 64 233 281 89 91 210 35 301 266 314 373 297 323 45 3 323 15 311 260 245 376
split_gain=4.63313e-05 0.000265967 0.00021315 0.000240762 0.000233161 0.000281397 0.000199005 0.0001475 0.000178295 0.000166819 0.000246591 0.00023617 0.000199939 0.000254132 0.000437881 0.000296803 0.000177534 0.000213248 0.000148004 0.000196325 0.000126929 0.000218693 0.000311941 0.000212745 0.0001896 0.000175047 0.000114267 0.000164911 0.000118118 0.000138305
threshold=5.8768021265665702 1.0498212924121213 2.8708655382692863 0.90370898160235724 0.018683930238087901 2.8065347671508794 0.59369773409369608 5.9076356887817392 0.62190454482701585 3.5042967796325688 1.1824956362662682 -0.31308398186792291 2.7406431833902998 1.3626035849253337 1.0362061900191246 1.2423947254816694 0.58740513523419702 1.1097041662623506 3.2145302163762604 1.2667185626063768 0.13794728120168062 1.2280149658521018 0.0006614022810632501 1.4564926624298098 0.13240563869476343 0.54980826377868663 2.1680415903365113 1.1314080911389834 0.4226762631654527 -0.0056923093854765487
decision_type=2 10 10 10 2 2 10 2 10 2 10 10 2 2 10 2 10 10 10 2 10 8 2 2 10 2 10 10 10 2
left_child=7 2 3 -2 -5 6 -6 9 -9 12 11 -11 20 -14 15 -15 17 -13 19 -10 21 24 -23 25 -1 -22 27 -3 -29 -30
right_child=1 26 -4 4 5 -7 -8 8 18 10 -12 16 13 14 -16 -17 -18 -19 -20 -21 23 22 -24 -25 -26 -27 -28 28 29 -31
leaf_value=1.2388605027404658e-06 0 0 0 0 0 0 -0.00020073829257760659 0 0.00010368537400339857 0 0 -0.00011143443008169795 0 0.00011835108438243492 0 0 0 0 0 0 -7.318413250025336e-05 8.0800873562426781e-05 0 1.8536611805031473e-07 -3.0254031658708775e-05 0 -8.8122818966463826e-06 0 0 8.0395462967170208e-05
leaf_weight=4454 206 148 85 58 26 22 91 199 157 47 140 208 496 213 76 40 25 40 31 63 240 203 214 228 516 224 280 21 33 206
leaf_count=4454 206 148 85 58 26 22 91 199 157 47 140 208 496 213 76 40 25 40 31 63 240 203 214 228 516 224 280 21 33 206
internal_value=0 -9.32231e-06 -3.92582e-05 -5.64636e-05 -9.78471e-05 -0.000133254 -0.000164622 1.32016e-06 2.91465e-05 0 -2.94946e-05 -5.63586e-05 1.55957e-06 2.4931e-05 5.90664e-05 9.41362e-05 -7.67129e-05 -9.09219e-05 5.74275e-05 7.37801e-05 -7.90103e-07 9.27552e-07 3.61854e-05 -2.13841e-05 -1.02535e-06 -4.27542e-05 4.64754e-06 2.61365e-05 5.1545e-05 6.42282e-05
internal_weight=8990 1176 488 403 197 139 117 7814 450 7364 460 320 6904 825 329 253 273 248 251 220 6079 5387 417 692 4970 464 688 408 260 239
internal_count=8990 1176 488 403 197 139 117 7814 450 7364 460 320 6904 825 329 253 273 248 251 220 6079 5387 417 692 4970 464 688 408 260 239
is_linear=0
shrinkage=0.05


Tree=297
num_leaves=31
num_cat=0
split_feature=248 278 372 369 46 242 370 220 321 227 257 52 62 364 305 245 247 232 249 65 363 225 248 36 326 292 15 338 87 228
split_gain=4.64793e-05 0.000167829 0.000171582 0.000345706 0.000286363 0.00026151 0.000260989 0.000149264 0.000148296 0.000277317 0.000204742 0.000191751 0.000230373 0.000185865 0.000179092 0.000195315 0.000170985 0.000235801 0.000152899 0.000150881 0.000137447 0.000121091 0.000220508 0.000136527 0.000288167 0.000242923 0.000302566 0.000273259 0.000192243 0.000163839
threshold=0.72736000980876814 2.4053263068523614 -0.046269534962164287 2.1211102695960924 0.50980015595753991 0.4088047931944172 1.1255142318945721 0.37262893346334752 0.09552045344493261 0.47235065619971922 0.2418371865930681 0.34073301156361896 -1.7290394306182859 -0.67610354659051886 0.65556929339106751 1.4778519923532312 -0.72630821227362596 0.58300165847576113 0.49539302570489946 0.52681342760721861 3.0850356899590552 0.079005189840180609 0.62698586157863656 0.22977394858996072 -0.47825793425242097 2.2927118937174487 0.79768013954162609 2.0983543143654027 1.1559198300043743 -0.36836309084594437
decision_type=8 10 2 2 2 10 2 8 10 10 10 2 2 10 10 10 10 10 10 2 10 10 10 2 10 10 2 10 2 10
left_child=7 2 3 4 5 -2 -7 21 13 10 11 -10 -13 -9 -11 18 -15 19 -16 -18 -3 22 -1 24 -23 29 27 -27 -26 -25
right_child=1 20 -4 -5 -6 6 -8 8 9 14 -12 12 -14 16 15 -17 17 -19 -20 -21 -22 23 -24 25 28 26 -28 -29 -30 -31
leaf_value=0 0 7.2497281332148774e-05 0 0 0 -0.00014136163014535257 0 0 0 0 0 0 -0.0001116595206955489 0 0 0 0.00011473045987049286 0 9.5964137879255381e-05 0 0 -4.1895198950974596e-05 0.00010928308852394488 -3.6189590798527032e-05 9.9579007058685332e-05 -0.00011025409226094998 0 0 0 6.8232235975371181e-06
leaf_weight=3437 100 108 1122 425 266 180 99 226 77 202 232 20 148 38 129 43 199 79 188 81 30 59 48 292 113 218 122 53 34 622
leaf_count=3437 100 108 1122 425 266 180 99 226 77 202 232 20 148 38 129 43 199 79 188 81 30 59 48 292 113 218 122 53 34 622
internal_value=0 -6.16462e-06 -1.13739e-05 -2.58043e-05 -4.94396e-05 -7.77674e-05 -0.000102748 2.03749e-06 1.53416e-05 0 -2.41963e-05 -5.68153e-05 -8.69386e-05 3.49689e-05 2.7138e-05 4.89177e-05 5.55779e-05 6.78686e-05 6.52479e-05 8.94979e-05 4.03228e-05 -1.38641e-06 2.57888e-06 -1.3824e-05 1.08371e-05 -2.15367e-05 -5.55185e-05 -8.52031e-05 6.60063e-05 -1.45088e-06
internal_weight=8990 2330 2192 1070 645 379 279 6660 1662 1039 477 245 168 623 562 360 397 359 317 280 138 4998 3485 1513 206 1307 393 271 147 914
internal_count=8990 2330 2192 1070 645 379 279 6660 1662 1039 477 245 168 623 562 360 397 359 317 280 138 4998 3485 1513 206 1307 393 271 147 914
is_linear=0
shrinkage=0.05


Tree=298
num_leaves=31
num_cat=0
split_feature=251 249 376 331 272 360 225 221 362 52 375 316 375 307 346 266 23 50 257 62 40 304 279 295 316 207 353 362 349 29
split_gain=4.35673e-05 0.000145247 0.000280886 0.000386504 0.000413124 0.000223943 0.000166333 0.000161019 0.000256292 0.000174581 0.000175619 0.000169635 0.0001508 0.00013008 0.000216973 0.000199839 0.000185923 0.000113815 0.000226726 0.000199107 0.000109868 0.000102702 9.92546e-05 0.000272172 0.000258967 0.000150825 0.00016058 0.000158116 8.58687e-05 7.67747e-05
threshold=1.6742480018749757 2.0134600086786487 -0.00050220887510049985 2.3858850051748766 0.55078976181244765 0.56073979065851187 1.6586547311714634 1.9810998865590579 1.6193623290343679 1.011700510978699 -0.52045899114767191 1.8379258107486158 -0.033833463351785893 2.0618725301397647 4.2463874618212394 0.66243646321431371 0.040383963535229356 7.2164624532063817 1.7265391542233257 3.6158092816670742 1.5668176809946697 2.3491293989158 0.97617872013146079 1.4185905455876837e-05 -0.77072823841879667 0.85633406134878254 -1.0837311581630442 0.3362282910484708 13.450812021891279 1.3817832469940188
decision_type=8 10 2 10 10 10 10 10 10 2 2 10 2 8 10 10 2 2 10 2 2 10 10 10 10 10 10 10 10 2
left_child=1 7 3 4 -3 -6 12 13 9 10 -9 -12 -4 22 15 16 -15 -2 19 29 -14 28 25 24 -24 27 -27 -1 -8 -19
right_child=17 2 6 -5 5 -7 21 8 -10 -11 11 -13 20 14 -16 -17 -18 18 -20 -21 -22 -23 23 -25 -26 26 -28 -29 -30 -31
leaf_value=3.1206844796270841e-06 0 0 0 0 0 0.00022756967676088375 0.00010123692221740749 0 0 0 -0.00015355053887992451 0 0 0.00011370789532937883 0 0 0 -0.00016014254164326989 0 0 -0.00015784801408092318 0 0 0 -9.7054617971796425e-05 0 4.8331063464463565e-05 -1.5952379083637781e-05 0 0
leaf_weight=4618 347 39 38 57 37 70 55 27 178 44 99 35 21 142 297 187 28 64 90 22 39 49 47 387 167 48 334 1381 21 22
leaf_count=4618 347 39 38 57 37 70 55 27 178 44 99 35 21 142 297 187 28 64 90 22 39 49 47 387 167 48 334 1381 21 22
internal_value=0 8.49306e-07 2.94354e-05 7.2631e-05 0.000118098 0.00016932 0 -4.6136e-08 -3.21605e-05 -7.11049e-05 -9.56347e-05 -0.000119422 -5.73404e-05 9.10243e-07 2.24764e-05 4.94403e-05 8.98255e-05 -1.37346e-05 -4.42199e-05 -9.39512e-05 -0.000107887 2.73076e-05 -3.94018e-07 -2.02368e-05 -6.57866e-05 6.91618e-07 3.1493e-05 -4.36765e-07 6.78217e-05 -0.00012986
internal_weight=8990 8445 426 203 146 107 223 8019 383 205 161 134 98 7636 654 357 170 545 198 108 60 125 6982 601 214 6381 382 5999 76 86
internal_count=8990 8445 426 203 146 107 223 8019 383 205 161 134 98 7636 654 357 170 545 198 108 60 125 6982 601 214 6381 382 5999 76 86
is_linear=0
shrinkage=0.05


Tree=299
num_leaves=31
num_cat=0
split_feature=255 264 42 229 282 339 319 39 223 295 311 359 61 336 60 15 289 341 245 45 6 239 340 43 307 220 20 360 93 256
split_gain=4.46545e-05 0.000118852 0.000250923 0.000217349 0.000179436 0.000119758 0.000192581 0.000351993 0.000235351 0.000252732 0.000134498 0.000188402 0.000298279 0.000155567 0.000141971 0.000132203 0.000191059 0.000212889 0.000139835 0.000121892 0.000123849 0.000117528 0.0001192 0.000128252 0.000136593 0.000117457 0.000113045 0.000120845 0.00011256 0.000116413
threshold=2.036126177864555 2.0607825409133 0.014566369975606551 2.3342847966423501 5.3246816000829264e-06 1.5910872525810753 2.0127125615227359 0.70434538523356138 -0.27052931946432374 2.8863848845163989 0.94134476728160454 1.5983519719540469 -0.42195429404576618 0.27716429238898993 1.6073042551676433 1.0579315821329753 1.6320796509583795 0.44565602143605548 0.27202436943350033 0.22063588102658588 -0.75636514027913393 1.0753202795583798 2.9131095012029018 -0.57238624493281043 5.0756172910393405 0.37262893346334752 2.0216974417368574 2.833764597863917 0.71703286965688073 0.46099271043910239
decision_type=8 10 2 10 10 10 10 2 10 10 8 10 2 8 2 2 10 10 10 2 2 10 10 2 10 10 2 10 2 10
left_child=1 5 -3 4 -4 10 7 8 -7 -10 15 12 13 -12 -14 16 18 -18 -1 20 -17 -2 23 24 28 -6 27 -8 -23 -30
right_child=21 2 3 -5 25 6 26 -9 9 -11 11 -13 14 -15 -16 19 17 -19 -20 -21 -22 22 -24 -25 -26 -27 -28 -29 29 -31
leaf_value=3.7628737384263217e-06 0 0 0 0 0 0 6.1314643195715292e-05 0 -0.00012401455271197787 0 0 -2.3014962063685185e-06 -1.8555295159857463e-05 8.3419976499675874e-05 3.5431285243304508e-05 0 -6.5141619546736984e-05 0 -1.8370326417212397e-05 0 5.9446756990964534e-05 0 0 0 0 0.00016427486121528174 -7.5303708319160006e-06 0 0 -0.00014407270439398037
leaf_weight=4214 218 128 21 38 20 39 154 475 185 34 95 344 272 283 208 27 249 257 859 67 254 58 27 37 20 82 165 46 21 93
leaf_count=4214 218 128 21 38 20 39 154 475 185 34 95 344 272 283 208 27 249 257 859 67 254 58 27 37 20 82 165 46 21 93
internal_value=0 8.05626e-07 3.23557e-05 7.59776e-05 0.000109401 0 -1.56543e-05 -3.19121e-05 -7.93854e-05 -0.000100545 2.06152e-06 1.74553e-05 3.12026e-05 6.4667e-05 0 -2.17008e-07 -2.9077e-06 -3.22022e-05 0 2.85439e-05 4.57494e-05 -1.49603e-05 -3.95173e-05 -5.51941e-05 -7.28164e-05 0.0001372 3.29973e-06 3.72214e-05 -8.88967e-05 -0.000119942
internal_weight=8990 8516 289 161 123 8227 1098 733 258 219 7129 1202 858 378 480 5927 5579 506 5073 348 281 474 256 229 192 102 365 200 172 114
internal_count=8990 8516 289 161 123 8227 1098 733 258 219 7129 1202 858 378 480 5927 5579 506 5073 348 281 474 256 229 192 102 365 200 172 114
is_linear=0
shrinkage=0.05


end of trees

feature_importances:
vol_level=151
M4=123
M4_z=121
P2_z=95
V13=90
E19_z=90
V13_z=90
E19=77
P11_z=77
econ_change=75
E2_z=74
P7_z_diff=74
P11=72
E3_z=72
P7=71
P8=69
P7_z=69
vol_regime=69
P8_diff=68
M9_z=67
M2_z=65
M10=64
P8_z=63
P2=61
S5=59
M11_z=59
P10_z=59
M2=58
ret_63=58
V7=55
I4_z_diff=55
P7_diff=55
D4_z=54
P5_z=54
V7_z=54
z_price_63=53
E14_z_diff=51
ret_21=51
P5=50
term_spread=50
I4=49
P4_z=49
I3_z_diff=49
P4_z_diff=49
M18=48
S1_z=48
dist_high_63=48
E12=47
I3_z=45
M18_z=45
P13_z=45
P6_diff=45
V3=44
P8_z_diff=44
RV_21=44
M12=43
P5_z_diff=43
RV_63=43
E5_z=42
P3_diff=42
E10_z=41
V3_z=41
E19_diff=41
E5_diff=41
P5_diff=41
D7=40
E9=40
M17=40
S2=40
I4_z=40
P12_z_diff=40
I1_z=39
P1_z=39
S5_z=39
E6_z=38
E10_z_diff=38
D4=37
I5=37
M11=37
S12_z=37
I7_z_diff=37
E10=36
M13=36
P13_diff=36
E6=35
S1=35
E13_z=35
P1_z_diff=35
P6_z_diff=35
dist_low_63=35
E13=34
M7=34
P6=34
S11=34
I5_z=34
M14_z=34
V4_z=34
E5_z_diff=34
M8=33
P9=33
P9_z=33
E15=32
S12=32
E15_z=32
M12_z=32
S7_z=32
P13_z_diff=32
D6=31
E14=31
V5=31
I7_z=31
M3_z=31
M8_z=31
I6_diff=31
I2=30
P10=30
E14_z=30
E7_z=30
I6_z=30
E17_diff=30
E5=29
I8=29
P12=29
S9=29
E9_z=29
P12_z=29
P1_diff=29
E20=28
E3=28
M1=28
S4=28
E8_z=28
I2_z=28
M10_z=28
P3_z_diff=28
I3=27
M17_z=27
M5_z=27
E6_diff=27
E9_diff=27
E12_z_diff=27
E18_z_diff=27
I8_z_diff=27
I9=26
M9=26
V9_z=26
E15_z_diff=26
I4_diff=26
I5_z_diff=26
P4_diff=26
D3=25
P3=25
V4=25
V8=25
E12_z=25
S4_z=25
E19_z_diff=25
I3_diff=25
D1=24
E11=24
S2_z=24
E13_diff=24
I6=23
I7=23
P1=23
I8_z=23
M16_z=23
M7_z=23
P6_z=23
E18_diff=23
P10_diff=23
E2=22
E4=22
P13=22
S7=22
E4_z=22
E8_z_diff=22
I6_z_diff=22
P11_z_diff=22
E8=21
M16=21
V6=21
E11_z=21
M1_z=21
P3_z=21
E12_diff=21
E13_z_diff=21
E17_z_diff=21
E9_z_diff=21
I1_diff=21
I5_diff=21
I9_diff=21
M3=20
M5=20
S10=20
V2=20
D3_z=20
D5_z=20
D8_z=20
E18_z=20
S6_z=20
S9_z=20
E1_diff=20
E20_diff=20
E20_z_diff=20
I8_diff=20
I2_z_diff=20
I9_z_diff=20
M6=19
D6_z=19
D7_z=19
M15_z=19
S10_z=19
V5_z=19
V8_z=19
E1_z_diff=19
P12_diff=19
P2_diff=19
P9_diff=19
D8=18
E17=18
M14=18
M15=18
S6=18
S8=18
E20_z=18
S8_z=18
I2_diff=18
I1_z_diff=18
P11_diff=18
P2_z_diff=18
D5=17
P4=17
E16_z=17
V2_z=17
V6_z=17
E11_z_diff=17
E18=16
E17_z=16
V12_z=16
E4_z_diff=16
E7_z_diff=16
I1=15
E2_diff=15
E4_diff=15
E6_z_diff=15
P10_z_diff=15
P9_z_diff=15
E1=14
E16=14
V9=14
E1_z=14
E11_diff=14
E16_z_diff=14
V12=13
D1_z=13
M6_z=13
S11_z=13
V11=12
S3_z=12
E10_diff=12
D9=11
V10=11
I9_z=11
V1_z=11
E15_diff=11
I7_diff=11
V11_z=10
E14_diff=10
E3_diff=10
E8_diff=10
V1=9
D9_z=9
V10_z=9
E16_diff=9
M13_z=8
E7_diff=8
D2=7
S3=7
E2_z_diff=6
E7=4
E3_z_diff=4
D2_z=3

parameters:
[boosting: gbdt]
[objective: regression]
[metric: rmse]
[tree_learner: serial]
[device_type: cpu]
[data_sample_strategy: bagging]
[data: ]
[valid: ]
[num_iterations: 300]
[learning_rate: 0.05]
[num_leaves: 31]
[num_threads: -1]
[seed: 42]
[deterministic: 0]
[force_col_wise: 0]
[force_row_wise: 0]
[histogram_pool_size: -1]
[max_depth: 7]
[min_data_in_leaf: 20]
[min_sum_hessian_in_leaf: 0.001]
[bagging_fraction: 0.8]
[pos_bagging_fraction: 1]
[neg_bagging_fraction: 1]
[bagging_freq: 0]
[bagging_seed: 400]
[bagging_by_query: 0]
[feature_fraction: 0.8]
[feature_fraction_bynode: 1]
[feature_fraction_seed: 30056]
[extra_trees: 0]
[extra_seed: 12879]
[early_stopping_round: 0]
[early_stopping_min_delta: 0]
[first_metric_only: 0]
[max_delta_step: 0]
[lambda_l1: 0.1]
[lambda_l2: 0.1]
[linear_lambda: 0]
[min_gain_to_split: 0]
[drop_rate: 0.1]
[max_drop: 50]
[skip_drop: 0.5]
[xgboost_dart_mode: 0]
[uniform_drop: 0]
[drop_seed: 17869]
[top_rate: 0.2]
[other_rate: 0.1]
[min_data_per_group: 100]
[max_cat_threshold: 32]
[cat_l2: 10]
[cat_smooth: 10]
[max_cat_to_onehot: 4]
[top_k: 20]
[monotone_constraints: ]
[monotone_constraints_method: basic]
[monotone_penalty: 0]
[feature_contri: ]
[forcedsplits_filename: ]
[refit_decay_rate: 0.9]
[cegb_tradeoff: 1]
[cegb_penalty_split: 0]
[cegb_penalty_feature_lazy: ]
[cegb_penalty_feature_coupled: ]
[path_smooth: 0]
[interaction_constraints: ]
[verbosity: -1]
[saved_feature_importance_type: 0]
[use_quantized_grad: 0]
[num_grad_quant_bins: 4]
[quant_train_renew_leaf: 0]
[stochastic_rounding: 1]
[linear_tree: 0]
[max_bin: 255]
[max_bin_by_feature: ]
[min_data_in_bin: 3]
[bin_construct_sample_cnt: 200000]
[data_random_seed: 175]
[is_enable_sparse: 1]
[enable_bundle: 1]
[use_missing: 1]
[zero_as_missing: 0]
[feature_pre_filter: 1]
[pre_partition: 0]
[two_round: 0]
[header: 0]
[label_column: ]
[weight_column: ]
[group_column: ]
[ignore_column: ]
[categorical_feature: ]
[forcedbins_filename: ]
[precise_float_parser: 0]
[parser_config_file: ]
[objective_seed: 16083]
[num_class: 1]
[is_unbalance: 0]
[scale_pos_weight: 1]
[sigmoid: 1]
[boost_from_average: 1]
[reg_sqrt: 0]
[alpha: 0.9]
[fair_c: 1]
[poisson_max_delta_step: 0.7]
[tweedie_variance_power: 1.5]
[lambdarank_truncation_level: 30]
[lambdarank_norm: 1]
[label_gain: ]
[lambdarank_position_bias_regularization: 0]
[eval_at: ]
[multi_error_top_k: 1]
[auc_mu_weights: ]
[num_machines: 1]
[local_listen_port: 12400]
[time_out: 120]
[machine_list_filename: ]
[machines: ]
[gpu_platform_id: -1]
[gpu_device_id: -1]
[gpu_use_dp: 0]
[num_gpu: 1]

end of parameters

pandas_categorical:[]
