tree
version=v4
num_class=1
num_tree_per_iteration=1
label_index=0
max_feature_idx=389
objective=regression
feature_names=D1 D2 D3 D4 D5 D6 D7 D8 D9 E1 E10 E11 E12 E13 E14 E15 E16 E17 E18 E19 E2 E20 E3 E4 E5 E6 E7 E8 E9 I1 I2 I3 I4 I5 I6 I7 I8 I9 M1 M10 M11 M12 M13 M14 M15 M16 M17 M18 M2 M3 M4 M5 M6 M7 M8 M9 P1 P10 P11 P12 P13 P2 P3 P4 P5 P6 P7 P8 P9 S1 S10 S11 S12 S2 S3 S4 S5 S6 S7 S8 S9 V1 V10 V11 V12 V13 V2 V3 V4 V5 V6 V7 V8 V9 D1_nan D2_nan D3_nan D4_nan D5_nan D6_nan D7_nan D8_nan D9_nan E1_nan E10_nan E11_nan E12_nan E13_nan E14_nan E15_nan E16_nan E17_nan E18_nan E19_nan E2_nan E20_nan E3_nan E4_nan E5_nan E6_nan E7_nan E8_nan E9_nan I1_nan I2_nan I3_nan I4_nan I5_nan I6_nan I7_nan I8_nan I9_nan M1_nan M10_nan M11_nan M12_nan M13_nan M14_nan M15_nan M16_nan M17_nan M18_nan M2_nan M3_nan M4_nan M5_nan M6_nan M7_nan M8_nan M9_nan P1_nan P10_nan P11_nan P12_nan P13_nan P2_nan P3_nan P4_nan P5_nan P6_nan P7_nan P8_nan P9_nan S1_nan S10_nan S11_nan S12_nan S2_nan S3_nan S4_nan S5_nan S6_nan S7_nan S8_nan S9_nan V1_nan V10_nan V11_nan V12_nan V13_nan V2_nan V3_nan V4_nan V5_nan V6_nan V7_nan V8_nan V9_nan D1_z D2_z D3_z D4_z D5_z D6_z D7_z D8_z D9_z E1_z E10_z E11_z E12_z E13_z E14_z E15_z E16_z E17_z E18_z E19_z E2_z E20_z E3_z E4_z E5_z E6_z E7_z E8_z E9_z I1_z I2_z I3_z I4_z I5_z I6_z I7_z I8_z I9_z M1_z M10_z M11_z M12_z M13_z M14_z M15_z M16_z M17_z M18_z M2_z M3_z M4_z M5_z M6_z M7_z M8_z M9_z P1_z P10_z P11_z P12_z P13_z P2_z P3_z P4_z P5_z P6_z P7_z P8_z P9_z S1_z S10_z S11_z S12_z S2_z S3_z S4_z S5_z S6_z S7_z S8_z S9_z V1_z V10_z V11_z V12_z V13_z V2_z V3_z V4_z V5_z V6_z V7_z V8_z V9_z E1_diff E10_diff E11_diff E12_diff E13_diff E14_diff E15_diff E16_diff E17_diff E18_diff E19_diff E2_diff E20_diff E3_diff E4_diff E5_diff E6_diff E7_diff E8_diff E9_diff E1_z_diff E10_z_diff E11_z_diff E12_z_diff E13_z_diff E14_z_diff E15_z_diff E16_z_diff E17_z_diff E18_z_diff E19_z_diff E2_z_diff E20_z_diff E3_z_diff E4_z_diff E5_z_diff E6_z_diff E7_z_diff E8_z_diff E9_z_diff I1_diff I2_diff I3_diff I4_diff I5_diff I6_diff I7_diff I8_diff I9_diff I1_z_diff I2_z_diff I3_z_diff I4_z_diff I5_z_diff I6_z_diff I7_z_diff I8_z_diff I9_z_diff P1_diff P10_diff P11_diff P12_diff P13_diff P2_diff P3_diff P4_diff P5_diff P6_diff P7_diff P8_diff P9_diff P1_z_diff P10_z_diff P11_z_diff P12_z_diff P13_z_diff P2_z_diff P3_z_diff P4_z_diff P5_z_diff P6_z_diff P7_z_diff P8_z_diff P9_z_diff ret_21 ret_63 RV_21 RV_63 vol_regime z_price_63 dist_high_63 dist_low_63 mom_short vol_level econ_change term_spread ret_21_nan ret_63_nan RV_21_nan RV_63_nan vol_regime_nan z_price_63_nan dist_high_63_nan dist_low_63_nan mom_short_nan vol_level_nan econ_change_nan term_spread_nan
feature_infos=[-3.4329261779785161:4.2816383211563034] [-3.4329261779785161:4.2816383211563034] [-4.121126651763916:5.1249414036671324] [-4.6313412984212237:6.5172952016194658] [-7.5123923445741339:8.798401514689127] [-9.4015363057454433:7.9751980304718026] [-3.9821968078613281:5.1438539053002996] [-6.6369037628173828:7.9310881296793623] [-6.7364622751871748:7.8751227060953779] [-0.8025671641031904:5.5655911763509112] [-1.4619301160176594:2.087155818939209] [-1.7101209958394368:2.562584400177002] [-1.4197969548404217:1.5529748598734541] [-0.53693628311157227:0.59064320723215735] [-0.31363360087076819:0.42321582138538327] [-2.1011555790901184:3.4397740761439] [-13.63602352142334:12.398348490397137] [-9.9324860572814959:9.6027558644612636] [-11.40985361735026:11.142930070559183] [-24.679835001627605:28.88877852757772] [-10.963700373967489:10.346021016438804] [-7.2185853322347002:6.893260320027669] [-13.659830729166668:13.499376932779947] [-0.82614347338676464:0.98170545697212219] [-2.036283234755198:3.0571953455607099] [-0.43905971447626729:1.3509783347447712] [-23.961801250775657:25.993914286295571] [-12.786334355672199:12.117102940877279] [-0.86115630467732751:1.8989772001902263] [-2.8997208277384439:4.1781713763872776] [-10.787743886311848:10.307247281074524] [-2.0190854072570801:3.1002473831176758] [-2.204819361368815:3.2134116490681968] [-9.2099018096923846:12.269496818383535] [-1.9985357920328777:2.6324977874755859] [-2.0115519066651664:3.0912331740061441] [-1.6859816312789917:2.4212406873703003] [-9.0339819590250645:12.86004638671875] [-11.460630973180134:12.218036651611328] [-20.724284966786701:12.530628522237141] [-13.134464343388876:13.029841105143229] [-8.6062164306640625:11.510696411132812] [-4.9995564023653669:4.0575392742951708] [-1.8076707919438679:-0.13874413569768271] [-4.9833316802978516:6.5751338005065918] [-4.313850462436676:5.5675289630889884] [-0.93263554573059082:1.4230850537618001] [-1.1692601839701335:2.0110638936360679] [-26.414310375849404:28.355507135391235] [-36.822887579600021:38.463662306467697] [-31.480842987696331:32.603056112925209] [-10.606989542643229:16.509287516276043] [-26.64013163248698:32.025118192036949] [-16.866153717041016:15.955718994140623] [-5.247039794921875:6.0024115244547529] [-16.178469340006512:24.659824530283611] [-4.3223514159520482:6.0079568227132158] [-4.0277038017908735:5.0227326552073164] [-7.1763043006261187:7.1850299835205078] [-29.322630484898887:38.334012349446617] [-5.1027882893880205:5.6939658125241603] [-11.204602559407553:14.694398085276289] [-5.5833651224772138:6.9637025197347002] [-5.9040857950846357:6.8171520233154297] [-23.307051777839661:27.282457987467449] [-40.432626803716026:40.412546833356217] [-30.15331796805064:28.188611348470051] [-5.5894503593444824:5.5601100921630868] [-2.8872286478678384:3.77204958597819] [-14.495635191599527:15.377584377924601] [-5.8755569458007812:6.4630616505940752] [-5.6041603088378906:6.4748350779215498] [-19.332825978597004:22.315841674804688] [-20.859321594238281:19.220728556315105] [-16.872662703196212:15.900414983431498] [-5.4392930269241333:6.4125296274820967] [-34.278828938802086:37.779823303222656] [-4.8619070053100586:5.2102575302124023] [-3.0520044962565103:4.1159461339314793] [-16.515470743179321:15.550050139427183] [-5.7487258911132812:6.9977536201477051] [-3.4699373245239258:4.3759241104125977] [-13.344524304072062:15.390985091527304] [-3.9931093851725259:4.8454680442810059] [-4.4417394598325091:5.594573974609375] [-23.543883085250851:25.336718241373699] [-4.3540911475817357:5.8631038665771484] [-4.7335834503173828:6.0776996612548828] [-4.1170773506164551:5.3653650283813477] [-18.649670918782551:21.829319636027016] [-3.5524012049039206:4.7739859620730085] [-18.131201783816017:20.708037614822388] [-2.0665375391642256:2.9946952660878492] [-15.679258743921917:17.127337058385216] none none none none none none none none none none none none none none none none none none none none none none none none none none none none none none none none none none none none none none none none none none none none none none none none none none none none none none none none none none none none none none none none none none none none none none none none none none none none none none none none none none none none none none none none none none none none none none [-2.5562365978359081:2.8654304248438929] [-2.5562356939236448:2.865436801358523] [-10.863131870218632:9.7655143268907825] [-8.8324520690394674:7.960432357079763] [-2.8053718855224559:2.8867270131597302] [-2.7701011581549668:2.6456813050308408] [-12.570033674081174:11.285567259256052] [-2.7466784951495882:2.9743483626959928] [-2.721896524888737:2.9204894796831522] [-15.80217012778802:11.696450688909868] [-11.733322139155836:15.807502102489982] [-14.451034576956433:15.803373699443984] [-15.80270164110661:14.183354294628751] [-15.797760495632652:14.815761787235662] [-15.797755029601024:14.815736244566493] [-14.450561179848204:15.79808888961718] [-12.902367500738055:15.811224181352776] [-4.8390691540872259:15.81141710710318] [-13.337593018892401:15.81075087633827] [-15.21661957182012:15.810427835639006] [-15.81089697561711:12.816713702486105] [-15.484606984029291:7.4626723059133138] [-15.810818682492233:12.495585573590381] [-14.97534865024595:15.802891896469797] [-15.338690157190699:13.605927322105254] [-11.733136635397438:15.799359022904044] [-15.811437089842808:15.055994547553093] [-14.519624219364784:15.811477966168431] [-15.743640381240992:15.655256138342493] [-14.650637755491656:15.810247642578092] [-15.372534448231267:15.811078115331812] [-11.733322139155836:15.807502102489982] [-14.174094292593358:15.809220663656252] [-15.05273845048819:15.807762317488956] [-14.1651975124387:15.811400353429812] [-14.203725172963839:15.811204398589563] [-14.548081121505808:15.81052493827614] [-15.289111309843609:15.791633318036526] [-15.810467369842424:13.413891568132357] [-15.789469132813499:15.809848702253417] [-15.63097901248387:15.806670367039118] [-11.633195480719737:15.811439193609624] [-15.811112536124:11.214991637263855] [-15.809559578807184:14.640902708819038] [-11.733722495570694:15.778627873016584] [-14.20573752389655:15.663280663138449] [-14.328489443895659:15.808514421637691] [-14.46324576545288:15.809421974852684] [-15.811491132433227:11.726454382037527] [-15.102530208797871:15.811385753868144] [-14.596242677565316:15.811476865416338] [-14.416880627315496:15.811369833041669] [-15.811495250090667:14.809097546938938] [-14.22278459544777:15.811442796407809] [-15.800878590794046:14.749003961841456] [-15.81139867536943:10.659262071403408] [-11.733421757499066:15.799336545494551] [-15.807929138112728:13.608083494094258] [-15.810928691049678:11.965902105705943] [-14.227349411573616:15.811500226122057] [-14.925003287798257:15.758241860767299] [-14.663705312228791:15.811127841038031] [-13.31307534877612:15.811422499808687] [-14.150206887514706:15.811488908341309] [-15.811489490647997:14.391472525646314] [-15.802498482229655:15.23801634189727] [-15.811486246508842:14.85431212016799] [-15.809160786772273:12.515110259514996] [-11.733197333270626:15.807502611011548] [-14.783607872789306:15.810754961603395] [-12.505553181988097:15.806034649847168] [-12.505553181988097:15.806034649847168] [-13.950458531394942:15.811308984870568] [-15.811475611848664:12.29978392938092] [-15.81140523118277:14.202566578721138] [-12.505553181988097:15.806034649847168] [-15.121002045988073:15.81126099275693] [-14.579373241339002:15.811435043539934] [-14.505900955945965:15.810837049911168] [-14.800691142883222:15.81146863616731] [-12.505553181988097:15.806034649847168] [-15.601062431085071:15.793370638121432] [-15.810977784999936:13.99502893021884] [-15.804840921262953:15.245069232245273] [-14.369836916891339:15.800000895416968] [-15.8113860880764:15.39343088076917] [-15.065735565397569:15.80443367478204] [-15.811348040601397:15.246914425546093] [-14.958679047255444:15.808506226722203] [-14.495095680832646:15.811409082408581] [-15.601057109197599:15.793370985676004] [-15.811317197837374:15.287640475419529] [-14.370085299442426:15.799996302167642] [-15.519272093009915:15.811274921434926] [-4.4607258637746181:4.7393273512522383] [-3.2580334345499682:3.2136950592199964] [-3.8746039271354689:3.8257168134053554] [-2.880503142873446:2.803248212983211] [-1.018285592397054:1.0394315055261052] [-0.72684823969999912:0.65129672984282139] [-5.4228767156600943:4.5555368860562648] [-20.845693270365395:21.332553227742508] [-16.789070606231689:15.804488341013588] [-20.034426093101501:20.573223153750103] [-53.568613529205322:48.8215836683909] [-18.335005442301441:17.321671168009438] [-11.850070873896282:11.637371301650999] [-26.725536982218426:26.686582724253331] [-1.7613035043080649:1.5655248065789531] [-4.7262170910835266:4.7927441398302708] [-0.98822048554817743:0.98822048554817743] [-46.733200073242188:47.986071268717453] [-23.094754219055176:22.898824055989586] [-2.1100852042436595:2.1463238745927811] [-23.925982868336099:26.038868904926002] [-23.401490317663104:22.384565214157931] [-30.254408276400419:27.226908177643921] [-25.505019461210779:29.986055935735365] [-27.4407089636941:30.61352228286832] [-21.781713315190814:30.613491274167515] [-27.901440966983664:29.204142332754927] [-28.71359168209084:27.263446611384182] [-12.526514857378054:18.422744229145689] [-26.488697408753879:25.803967097437287] [-31.027047407459129:30.158903858117711] [-25.699857000255008:26.985554852386951] [-14.865052784945892:14.681512922098293] [-23.63855090116844:26.158629743046092] [-30.778240546715743:27.734717709319419] [-23.945707405194817:22.26865828558822] [-23.403206473498702:22.387880226471701] [-28.483922626579297:30.867431637395903] [-30.331102185533211:27.386152543795568] [-31.398896519583484:29.957657651038147] [-5.936279932657877:6.6718491514523812] [-17.863211631774902:18.49344925085704] [-4.7929304440816249:4.8541693687438965] [-4.700598557790121:4.6172833442687988] [-18.983672022819519:19.113844831784565] [-4.1757877469062805:4.2740403612454729] [-4.1370668411254883:4.4395187695821132] [-3.2564317782719927:3.9213656187057495] [-20.256886859734848:20.384802798430123] [-30.024239592432053:27.400166185927155] [-31.183612563563081:28.72923239143736] [-23.401490317663104:22.384565214157931] [-29.983314956249608:20.865176932466333] [-30.860500767977147:28.115814886187355] [-29.97659786586852:25.303788413931667] [-30.014929571553409:27.142679985532872] [-30.358606059781948:26.246090675677024] [-31.080744627880133:28.279270357733125] [-9.3539002736409493:8.5910924275716134] [-7.0107603073120117:6.9297559658686314] [-11.579797148704529:10.74529194831848] [-57.637943188349411:57.634344736735031] [-9.3569345474243164:9.3043624758720398] [-23.048563480377201:22.93111292521159] [-11.355504353841145:11.489703496297199] [-11.062680562337238:10.812114715576172] [-46.260036309560135:47.079653422037765] [-80.845173637072236:78.156719446182251] [-53.488147377967842:56.349751472473145] [-9.0953295628229807:9.0506282250086461] [-5.1615246136983233:5.3499612808227539] [-23.403012064837799:22.387866523783991] [-26.365955060199667:26.322760466362624] [-22.636316186486265:26.153202478168883] [-30.03884963769567:25.1333256995675] [-30.683245148565561:27.222488916648359] [-30.474833153266822:27.907295967610612] [-28.180377018267261:23.178351434698136] [-29.961695795856016:24.93771014056377] [-25.55504169221464:30.202962016294311] [-28.134104012952939:31.040514824126923] [-27.984156855767324:30.665798366676832] [-22.739044510653816:27.457181288962342] [-23.402355981768583:22.385688093148303] [-1860.1205771213945:2479.4737970948795] [-3219.6848855330018:1732.1402209545577] [0:14522.800085809857] [0:8386.8974489684751] [0:1.7606789240119598] [-5.861205312582543:7.8074218513060298] [-2.484180179150941:0] [-248.48741789860409:3731.8979674747534] none [-2.5298775141071497:2.6474743351588241] [-0.4409346342547889:0.44113655655371192] [-32.06176849580514:27.285165416047128] [0:1] [0:1] [0:1] [0:1] [0:1] [0:1] [0:1] [0:1] none [0:1] [0:1] [0:1]
tree_sizes=3073 2879 2959 2966 2917 2879 2861 2881 2874 2927 2904 2883 2855 2957 2968 2883 2904 2826 2831 2778 2919 2888 2810 2783 2915 2908 2798 2879 2856 2906 2831 2814 2782 2819 2802 2832 2803 2940 2872 2807 2851 2834 2823 2808 2889 2710 2852 2854 2840 2834 2836 2780 2806 2871 2786 2769 2862 2844 2843 2769 2770 2778 2866 2788 2861 2768 2820 2756 2854 2846 2755 2767 2819 2781 2701 2721 2736 2744 2776 2673 2875 2736 2737 2798 2853 2861 2815 2808 2731 2827 2763 2759 2830 2783 2758 2747 2820 2802 2885 2833 2824 2741 2834 2840 2826 2838 2817 2808 2691 2677 2803 2765 2799 2704 2690 2763 2762 2527 2702 2749 2834 2791 2706 2755 2710 2661 2762 2734 2832 2686 2709 2654 2711 2657 2726 2774 2658 2704 2773 2847 2814 2787 2799 2734 2823 2844 2749 2657 2821 2713 2727 2761 2849 2731 2738 2898 2742 2758 2629 2698 2699 2731 2720 2545 2728 2679 2716 2796 2697 2727 2758 2709 2695 2730 2750 2728 2515 2677 2795 2715 2650 2814 2787 2849 2729 2860 2681 2824 2796 2700 2745 2671 2790 2720 2663 2687 2731 2689 2805 2728 2661 2793 2764 2765 2772 2776 2679 2677 2634 2614 2829 2743 2538 2715 2768 2710 2686 2730 2768 2726 2636 2750 2769 2764 2701 2724 2750 2747 2768 2746 2736 2726 2705 2768 2730 2738 2802 2692 2684 2695 2615 2773 2658 2683 2746 2720 2818 2727 2734 2742 2698 2671 2700 2688 2689 2783 2737 2679 2697 2727 2674 2728 2675 2672 2717 2694 2655 2753 2697 2655 2666 2748 2734 2659 2741 2696 2691 2701 2683 2680 2704 2710 2653 2670 2623 2718 2779 2736 2828 2585 2687 2753 2783 2666 2705 2596 2680 2729 2702 2691

Tree=0
num_leaves=31
num_cat=0
split_feature=66 85 246 273 245 254 264 279 48 50 50 236 246 266 50 207 249 208 61 251 352 50 326 362 43 87 273 50 279 298
split_gain=0.0191132 0.0158635 0.0122114 0.00742546 0.00416528 0.00401178 0.00309603 0.00302101 0.00296412 0.00262953 0.0024454 0.0020572 0.00203982 0.00194332 0.00187683 0.00174563 0.00174173 0.00193375 0.00165712 0.00202234 0.00154728 0.00148823 0.00135695 0.00170672 0.00135289 0.00131747 0.00121556 0.00118893 0.00129541 0.00115236
threshold=4.560325940450034 1.0000000180025095e-35 -0.21605683573233131 -0.24994140976653187 -1.8294829061671993 -1.314249020282569 0.72705789394199383 -0.97068609945810846 8.0053278605143241 7.013564745585124 4.610300699869792 0.83207237136311563 0.88068612899850296 -0.66318502059122519 -2.7264307339986167 -0.47691119541523735 -1.760154678722557 -1.6096440196280717 1.0136739810307824 -0.27532455775558129 -0.069518566131591727 1.165249824523926 0.013356844584147052 -0.6840508774471673 -1.161911388238271 0.39329608281453471 -1.0627788576579895 0.52823317050933849 0.17695242292411087 0.0057594651977220506
decision_type=2 2 10 10 10 8 10 10 2 2 2 10 10 8 2 10 10 10 2 10 10 2 10 10 2 2 10 2 10 8
left_child=1 5 4 10 -3 16 22 13 9 27 26 21 -13 -7 15 -9 -1 20 -11 -20 -18 -4 23 -6 29 -16 -2 -5 -29 -15
right_child=3 2 11 8 6 7 -8 14 -10 18 -12 12 -14 24 25 -17 17 -19 19 -21 -22 -23 -24 -25 -26 -27 -28 28 -30 -31
leaf_value=0.00046920290663712453 4.2635179436262738e-05 0.0013099688050684055 0.00057926371686503912 0.00053756569272601213 0.00051677705001645306 0.00043470326950704433 0.0010354741070748958 0.00046920290663712453 0.00050335678712645359 0.0003593895602531323 -0.00016291417514840972 0.0007012174732374686 0.00048198754069891453 7.8564388539299952e-05 0.00039064476366493315 0.00061004687718898892 0.00083548399492879098 0.0005406734169936193 0.00046920290663712453 9.3495931040131898e-05 0.00046920290663712453 0.00043200129846140701 0.00049038888289438447 0.00092421632979337387 0.00039980085308217756 0.00046920290663712453 0.00033225562245177735 0.00030046926785988319 0.00044740306858213024 0.00046920290663712453
leaf_weight=230 91 60 281 126 79 490 114 486 377 345 76 361 223 127 760 386 140 431 23 200 27 380 118 93 165 1752 214 287 525 23
leaf_count=230 91 60 281 126 79 490 114 486 377 345 76 361 223 127 760 386 140 431 23 200 27 380 118 93 165 1752 214 287 525 23
internal_value=0.000469203 0.000511501 0.000643095 0.000343546 0.00086517 0.000467668 0.000786546 0.000446813 0.00038784 0.000355602 0.000137834 0.000556289 0.000626081 0.000359708 0.000469014 0.00053067 0.00056713 0.000612583 0.000267083 0.000146803 0.000768092 0.000487049 0.000671295 0.000766268 0.000258965 0.000445619 0.000229345 0.00041455 0.000389298 0.000137507
internal_weight=8990 6726 1709 2264 464 5017 404 4189 1883 1506 381 1245 584 805 3384 872 828 598 568 223 167 661 290 172 315 2512 305 938 812 150
internal_count=8990 6726 1709 2264 464 5017 404 4189 1883 1506 381 1245 584 805 3384 872 828 598 568 223 167 661 290 172 315 2512 305 938 812 150
is_linear=0
shrinkage=1


Tree=1
num_leaves=31
num_cat=0
split_feature=66 85 246 273 238 245 207 273 264 238 48 238 238 5 56 65 273 254 42 85 309 57 57 264 249 50 375 345 238 326
split_gain=0.0173608 0.0144872 0.0111419 0.00675507 0.00428761 0.0036399 0.00358871 0.00326917 0.00269016 0.00259394 0.00254711 0.00245763 0.00201085 0.00195613 0.0018154 0.00169231 0.0016762 0.00174294 0.00156935 0.00184063 0.00149045 0.00139014 0.00130512 0.00147764 0.0015915 0.00125766 0.00148515 0.00120433 0.00128701 0.00120426
threshold=4.560325940450034 1.0000000180025095e-35 -0.21605683573233131 -0.17877255239707954 -0.2899867508517982 -1.8294829061671993 -0.54367572292233157 -0.53997371924776638 0.72705789394199383 0.49116015769412019 8.0053278605143241 1.362430164072572 0.57294710121259296 1.7580131689707441 2.2965208689371752 2.4080859820048022 -2.3037936825608711 -1.6709077385562481 0.014566392327348352 8.1712067921956386 -1.8932834439162198 0.37731530268987018 0.79127021630605088 -1.0601924640946339 -0.64830795989587298 0.52823317050933849 0.85694485483402316 -3.101587375005086 -2.4749641612110431 0.013356844584147052
decision_type=2 2 10 10 8 10 10 10 10 10 2 10 10 2 2 2 10 10 2 2 10 2 2 10 10 2 2 10 10 10
left_child=1 4 5 9 6 -3 16 21 29 -2 11 25 13 -4 15 -13 27 20 -14 -20 -18 -6 23 -8 -25 -5 -27 28 -1 -7
right_child=3 2 12 10 7 8 22 -9 -10 -11 -12 14 18 -15 -16 -17 17 -19 19 -21 -22 -23 -24 24 -26 26 -28 -29 -30 -31
leaf_value=0 -0.00019737887396223671 0.00079879757615341693 6.2717339714722203e-05 8.0662397459841929e-05 0 0.00028367887424137801 0 -2.6287620249925023e-05 0.00053798245173684487 -0.00052394277435023964 3.2446642032557971e-05 0 -8.5619203661085983e-05 0.00024803663194080229 0 -0.00034506770182631826 0.00031041204832063751 0 2.277562465633643e-06 0.00047950385444570244 0 -0.00024436327387326011 6.4932416865925034e-05 1.8169958659826115e-05 0.00036941745639453515 -0.00012604078358723241 0 0 -0.00033153637188469698 2.012757003879266e-05
leaf_weight=35 320 60 552 106 49 172 60 1776 114 122 377 77 250 265 54 224 88 1614 149 29 105 288 599 81 156 643 341 75 91 118
leaf_count=35 320 60 552 106 49 172 60 1776 114 122 377 77 250 265 54 224 88 1614 149 29 105 288 599 81 156 643 341 75 91 118
internal_value=0 4.03223e-05 0.000166082 -0.000119748 -1.52248e-06 0.000378345 3.68715e-05 -5.66546e-05 0.000303346 -0.000298924 -7.3523e-05 -0.000104631 8.29335e-05 0.000128969 -0.00022461 -0.000273076 0 1.49791e-05 0 0.000108328 0.000157051 -0.000201802 0.000120075 0.000214399 0.000270517 -6.09512e-05 -8.12938e-05 -0.000137192 -0.000232148 0.00019372
internal_weight=8990 6726 1709 2264 5017 464 2904 2113 404 442 1822 1445 1245 817 355 301 2008 1807 428 178 193 337 896 297 237 1090 984 201 126 290
internal_count=8990 6726 1709 2264 5017 464 2904 2113 404 442 1822 1445 1245 817 355 301 2008 1807 428 178 193 337 896 297 237 1090 984 201 126 290
is_linear=0
shrinkage=0.05


Tree=2
num_leaves=31
num_cat=0
split_feature=66 85 246 273 238 207 245 273 48 264 50 238 340 238 38 347 337 254 65 21 251 351 330 85 22 252 57 57 264 246
split_gain=0.0157584 0.0132045 0.0101146 0.00617319 0.00389284 0.0032925 0.00318542 0.00292671 0.00244483 0.0023496 0.00224868 0.00200128 0.00198805 0.00184193 0.00175629 0.00165469 0.00177641 0.00165078 0.00272296 0.00263331 0.00144612 0.00142806 0.00147053 0.00140884 0.00221178 0.00138048 0.00127283 0.00107692 0.00161224 0.00162513
threshold=4.560325940450034 1.0000000180025095e-35 -0.21605683573233131 -0.24994140976653187 -0.2899867508517982 -0.33277975398677884 -1.8294829061671993 -0.53997371924776638 8.0053278605143241 0.72705789394199383 7.013564745585124 0.49116015769412019 2.7682126561800642 0.33902923777874588 1.6396957238515222 1.334254324436188 0.86395936099416215 -1.6709077385562481 -7.391495704650878 -1.7568926016489661 -0.27532455775558129 -1.7404821713765457 0.015701472759246455 5.4264329274495458 3.2663798133532214 0.84116287465839823 0.37731530268987018 0.811602036158244 -1.0601924640946339 -0.60463052379705873
decision_type=2 2 10 10 8 10 10 10 2 10 2 10 10 10 2 10 10 10 2 2 10 10 10 2 2 10 2 2 10 10
left_child=1 4 6 11 5 17 -3 26 10 21 -5 -2 20 14 -4 16 -15 -1 19 -19 -12 -8 -23 -17 -25 -22 -6 28 -7 -30
right_child=3 2 13 8 7 27 9 -9 -10 -11 12 -13 -14 15 -16 23 -18 18 -20 -21 25 22 -24 24 -26 -27 -28 -29 29 -31
leaf_value=0.000122105006324645 -0.00020001833064670711 0.00075892412301579873 6.9184283800934542e-05 -4.7615287802725998e-05 0 0 0 -2.4973312436868704e-05 3.0824736235265578e-05 0.00051110690489337789 0 -0.00052443129950935266 0 -0.00018946857268323171 0.00028132890612292649 1.7672304591963305e-05 4.318938274297947e-05 -0.00056752778844737582 1.049055830494019e-05 -6.201292105073861e-05 -0.00035943927955581662 0.00034924691812596257 4.1843409803189557e-05 0.00048956507624861026 0 -0.00011511590842309941 -0.00023214934919349824 7.2105854083796757e-05 0.00050620575177715195 9.3910509202196237e-05
leaf_weight=276 277 60 415 938 49 37 38 1776 377 114 59 104 102 157 186 292 117 39 1823 181 224 139 113 49 29 183 288 381 77 90
leaf_count=276 277 60 415 938 49 37 38 1776 377 114 59 104 102 157 186 292 117 39 1823 181 224 139 113 49 29 183 288 381 77 90
internal_value=0 3.86e-05 0.000158662 -0.000113903 -1.30401e-06 3.52334e-05 0.000361061 -5.38847e-05 -7.32146e-05 0.000289426 -0.000102579 -0.000301806 -0.000184521 7.91913e-05 0.000143194 1.16866e-05 -7.19009e-05 6.21692e-06 -6.99698e-06 -0.000174561 -0.000228391 0.000184901 0.000231308 8.70991e-05 0.000282629 -0.000261921 -0.000191363 0.000141692 0.000247056 0.000314122
internal_weight=8990 6726 1709 2264 5017 2904 464 2113 1883 404 1506 381 568 1245 601 644 274 2319 2043 220 466 290 252 370 78 407 337 585 204 167
internal_count=8990 6726 1709 2264 5017 2904 464 2113 1883 404 1506 381 568 1245 601 644 274 2319 2043 220 466 290 252 370 78 407 337 585 204 167
is_linear=0
shrinkage=0.05


Tree=3
num_leaves=31
num_cat=0
split_feature=66 85 246 273 238 207 277 245 264 48 238 238 50 219 194 246 38 259 273 254 56 309 41 61 38 50 362 255 219 258
split_gain=0.0143296 0.0120396 0.00914623 0.00558086 0.00352988 0.00304965 0.00272189 0.00264993 0.00247051 0.00222963 0.0020967 0.00208262 0.00175612 0.00171633 0.00164899 0.0018552 0.00151115 0.00150953 0.00148892 0.00146244 0.00145379 0.00134054 0.00124783 0.00148238 0.0012104 0.00131462 0.00117378 0.00115891 0.00110115 0.00109117
threshold=4.560325940450034 1.0000000180025095e-35 -0.25783428869991298 -0.24994140976653187 -0.2899867508517982 -0.54367572292233157 -0.40976160051541638 -1.8294829061671993 0.66120772654726656 8.0053278605143241 1.362430164072572 0.34809012497039987 4.610300699869792 -0.16828791265745557 0.64751468592697436 0.571337829847541 1.6396957238515222 0.76749544188750918 -2.3037936825608711 -1.6709077385562481 2.2965208689371752 -1.8932834439162198 -0.26311250527699787 0.81885894139607751 1.6396966775258384 0.52823317050933849 -1.9872897973334192 -1.0928508382072599 -0.14833564794432283 -1.5705680813540033
decision_type=2 2 10 10 8 10 10 10 10 2 10 10 2 10 10 10 2 10 10 10 2 10 2 2 2 2 10 10 10 10
left_child=1 4 7 12 5 18 -6 -3 27 10 24 16 17 -12 -13 -16 -4 -2 29 21 -15 -20 23 -7 25 -5 -24 28 -9 -1
right_child=3 2 11 9 6 22 -8 8 -10 -11 13 14 -14 20 15 -17 -18 -19 19 -21 -22 -23 26 -25 -26 -27 -28 -29 -30 -31
leaf_value=0 -0.00025707907219614279 0.00072104105907577569 7.4693087826581102e-05 4.0908563818712369e-05 -0.00016816512254280399 0.00012678832323478401 -1.9901264530019456e-05 0.00015559632693580591 0.00051262718581409207 2.9283916517096619e-05 3.5872853711516266e-05 -6.5422501853780698e-05 -0.0005494860756312445 -0.00028952943453752349 0.00031848008357110745 6.9390326099564239e-06 0.00027053216503360671 0 0.00028881073962272306 0 0 0 -0.00014483121521260677 0.00056334877575914093 1.7838202095253253e-05 -0.00011484007381821729 7.6414267964584851e-05 0.00022189602314259249 -0.00029778077367398868 -0.00020518962548777555
leaf_weight=56 252 60 433 112 413 521 1700 29 106 377 29 318 76 281 73 250 196 53 88 1614 47 105 68 29 280 757 278 221 23 145
leaf_count=56 252 60 433 112 413 521 1700 29 106 377 29 318 76 281 73 250 196 53 88 1614 47 105 68 29 280 757 278 221 23 145
internal_value=0 3.6922e-05 0.000151566 -0.000108502 -1.13616e-06 3.36087e-05 -5.12532e-05 0.000351707 0.000279874 -6.96401e-05 -9.77241e-05 7.8424e-05 -0.000287381 -0.000209519 6.55974e-06 9.29011e-05 0.000143699 -0.000205523 0 1.37393e-05 -0.000246458 0.000143876 0.000110312 0.000158994 -5.86225e-05 -8.90111e-05 1.84565e-05 0.000171037 0 -0.000129667
internal_weight=8990 6726 1709 2264 5017 2904 2113 439 379 1883 1506 1270 381 357 641 323 629 305 2008 1807 328 193 896 550 1149 869 346 273 52 201
internal_count=8990 6726 1709 2264 5017 2904 2113 439 379 1883 1506 1270 381 357 641 323 629 305 2008 1807 328 193 896 550 1149 869 346 273 52 201
is_linear=0
shrinkage=0.05


Tree=4
num_leaves=31
num_cat=0
split_feature=66 91 85 238 91 55 254 238 349 212 258 10 273 266 219 208 210 66 273 64 266 46 68 208 256 350 345 40 238 66
split_gain=0.0130483 0.0118747 0.00867744 0.00496557 0.00402852 0.00388174 0.00377762 0.00361927 0.00323294 0.0026711 0.00223117 0.00182068 0.00178984 0.00172402 0.00176182 0.00171681 0.00160241 0.00157059 0.00148915 0.00145731 0.00143809 0.001416 0.00134855 0.00131852 0.00131236 0.00124865 0.00124601 0.00117311 0.0019681 0.00111498
threshold=-0.81455771128336585 0.11406707763671871 -1.114160895347595 0.52741400557960605 2.8135957717895512 -1.1075682044029238 -1.2980785010094669 0.53897217469534831 -16.625109036763504 -0.047314867641715844 0.6793463103033438 0.42316261927286786 -2.3037936825608711 1.336271188697215 -0.26534935970990231 -1.6096440196280717 -0.39669313972510678 15.583945592244467 1.3259287553951427 -1.1888544559478758 1.336271188697215 0.63812146584192919 0.13449747363726297 1.1866057606963785 -1.4589829162483141 0.94343010584513387 0.21391693751017232 1.6085654099782312 0.34809012497039987 -5.25058889389038
decision_type=2 2 2 8 2 2 10 10 10 10 10 2 10 10 8 10 10 2 10 2 10 2 2 10 10 10 10 2 10 2
left_child=1 6 7 4 -4 19 12 10 11 13 26 -8 -1 14 -5 -14 -12 18 -11 -3 -19 -16 -6 -20 -7 29 -2 28 -26 -10
right_child=2 5 3 9 22 24 8 -9 25 17 16 -13 15 -15 21 -17 -18 20 23 -21 -22 -23 -24 -25 27 -27 -28 -29 -30 -31
leaf_value=-4.1463137923142734e-05 -0.00020432086572375196 0.00073667370991936827 9.7109699079807736e-06 0 2.9216450427438647e-05 -1.5126155166089832e-05 0 -0.0004678688450733535 2.173647429117092e-05 -5.8685921374252371e-05 0.00032951189537204988 -0.00044590522339420913 0.00028147519991862489 0 -0.00036224771671786648 7.3081107945378832e-05 -4.6478789206528828e-05 -0.00029658765793190661 0.00014638808190166544 0.00013395902432037979 0 0 0.00036690532145036058 -4.0409771131694119e-06 0.00020880987354572457 0.00012428227170791057 0 0.00037051617681957216 0 -6.0497202755397894e-05
leaf_weight=92 580 64 2135 51 88 29 24 117 860 1184 36 65 214 67 202 362 80 117 187 40 113 40 116 410 449 186 92 135 137 718
leaf_count=92 580 64 2135 51 88 29 24 117 860 1184 36 65 214 67 202 362 80 117 187 40 113 40 116 410 449 186 92 135 137 718
internal_value=0 7.81759e-05 -4.6217e-05 -1.77928e-05 3.24508e-05 0.00023991 2.13971e-05 -0.000188606 -1.29316e-05 -6.94662e-05 -0.000140743 -0.000306902 0.000124095 -0.000199037 -0.000251747 0.00015922 2.7325e-05 -4.3776e-05 -2.4568e-05 0.000553242 -0.000170708 -0.000308092 0.000245819 3.47212e-05 0.000189728 0 -0.000177194 0.000204902 0.000158161 -1.25135e-05
internal_weight=8990 3375 5615 4710 2339 854 2521 905 1853 2371 788 89 668 360 293 576 116 2011 1781 104 230 242 204 597 750 1764 672 721 586 1578
internal_count=8990 3375 5615 4710 2339 854 2521 905 1853 2371 788 89 668 360 293 576 116 2011 1781 104 230 242 204 597 750 1764 672 721 586 1578
is_linear=0
shrinkage=0.05


Tree=5
num_leaves=31
num_cat=0
split_feature=66 85 245 273 238 91 273 254 349 85 50 257 238 0 322 10 50 314 273 21 295 25 348 194 85 281 341 19 266 246
split_gain=0.0120358 0.0102837 0.0072072 0.00497504 0.00329915 0.0039897 0.00309123 0.00241849 0.00272436 0.00214372 0.00212972 0.00205879 0.00159681 0.00168355 0.00155767 0.00155605 0.00154691 0.0015422 0.00153279 0.00152093 0.00143485 0.0014187 0.001367 0.0012044 0.00113679 0.00112442 0.00110096 0.00107245 0.00106562 0.000992938
threshold=4.560325940450034 1.8191064198811853 -0.37744589574233062 0.17234092361353373 0.25402908034127197 0.11406707763671871 0.035233758716074211 -1.314249020282569 -10.499143282572428 -5.632280031840005 7.013564745585124 0.55612524740514213 0.52741400557960605 0.44380732377370208 3.8941701252515068e-06 0.59466226895650232 0.52823317050933849 -2.1355058652869312 -0.40395841502318325 2.5093243519465136 0.87106890479723609 0.024033362666765801 14.257582664489748 0.71605127950253267 5.2725289662679051 -2.2362795422447923 -2.6629739105701433 5.9366690317789717 1.336271188697215 0.79943606310957926
decision_type=2 2 10 10 8 2 10 10 10 2 2 10 10 2 10 2 2 10 10 2 10 2 10 10 2 10 10 2 10 10
left_child=1 4 26 9 5 7 -6 15 17 -2 23 14 21 -14 -12 25 -11 -9 -10 20 27 -4 -16 -5 -13 -1 -3 -7 -26 -15
right_child=3 2 12 10 6 19 -8 8 18 16 11 24 13 29 22 -17 -18 -19 -20 -21 -22 -23 -24 -25 28 -27 -28 -29 -30 -31
leaf_value=0 -0.00051122154240168906 0 0 -3.8033583646580833e-05 -0.00019670282881755421 0.00027124808557120239 -1.1067993805093648e-05 0 -2.2944574430123703e-05 -2.9581872186684349e-05 0 -0.00011420660017571669 -0.00029101743406173135 0.00016906135408575938 -0.00039579618882223 0 -0.00021660555683029127 -0.00025411498028183265 4.8635094485450542e-05 -5.6422572914794994e-05 0 0.00021235554114449543 0 8.7817409814429289e-05 -7.7574936305723288e-05 0.00017720834396239499 0.00048848999263319455 0 0.00011157215518868167 -6.8086717672108251e-06
leaf_weight=55 67 23 74 365 315 318 1020 98 1653 227 24 299 40 115 120 332 509 164 1315 34 96 317 28 346 118 425 197 20 161 115
leaf_count=55 67 23 74 365 315 318 1020 98 1653 227 24 299 40 115 120 332 509 164 1315 34 96 317 28 346 118 425 197 20 161 115
internal_value=0 3.40619e-05 0.000193595 -9.92122e-05 9.15754e-06 3.03315e-05 -5.8626e-05 1.29818e-05 -4.95455e-06 -0.00020084 -3.9923e-05 -9.97721e-05 0.000101127 0 -0.000258527 9.04785e-05 -0.000165727 -0.000160374 7.08545e-06 0.00016946 0.000198683 0.000165813 -0.000322431 1.61827e-05 -4.38445e-05 0.000148156 0.000448533 0.000247575 1.36606e-05 5.94319e-05
internal_weight=8990 6726 881 2264 5845 4510 1335 4042 3230 803 1461 750 661 270 172 812 736 262 2968 468 434 391 148 711 578 480 220 338 279 230
internal_count=8990 6726 881 2264 5845 4510 1335 4042 3230 803 1461 750 661 270 172 812 736 262 2968 468 434 391 148 711 578 480 220 338 279 230
is_linear=0
shrinkage=0.05


Tree=6
num_leaves=31
num_cat=0
split_feature=254 85 85 245 236 50 48 238 76 50 281 238 249 22 63 363 66 220 240 42 27 360 208 42 87 257 238 24 253 86
split_gain=0.0109865 0.0104915 0.0071365 0.0039606 0.00334833 0.0029661 0.00321833 0.00235613 0.00219971 0.00178472 0.00164355 0.00151342 0.00163849 0.00159319 0.00148773 0.00138068 0.00140963 0.00127777 0.00124051 0.0010406 0.00101468 0.000980585 0.00115126 0.000979012 0.000959985 0.0010024 0.001056 0.000948322 0.000945578 0.000943141
threshold=-0.031236964358060299 1.5898565451304119 -2.6794764200846348 -0.35479546028290798 0.83207237136311563 6.140751540660859 1.4704883098602297 0.26293541188631114 2.7494112650553393 2.1245129903157558 -2.2362795422447923 -0.93096084180113181 -0.98708099070225785 -4.0319684346516924 -0.38464738925298042 -0.3585522404065597 5.7962039311726894 -1.190374576936198 0.62569545783403313 1.0000000180025095e-35 -0.86702911059061671 0.58044329803835393 0.40229178807848365 0.014566453173756553 0.31157400210698449 -0.06028061069668169 1.1935486261421995 1.0007139046986901 -2.0227501659085614 1.8471761544545491
decision_type=8 2 2 10 10 2 2 10 2 2 10 10 10 2 2 10 2 10 10 2 2 10 10 2 2 10 10 2 10 2
left_child=1 4 -2 28 7 8 14 10 15 -10 17 12 -12 -13 -7 -4 -17 -1 -18 -9 -16 29 -23 27 -5 -26 -27 -11 -3 -8
right_child=2 3 5 24 -6 6 21 19 9 23 11 13 -14 -15 20 16 18 -19 -20 -21 -22 22 -24 -25 25 26 -28 -29 -30 -31
leaf_value=0 -0.0002751291763907393 0 -0.00014805665844125435 0 0.00017982281923603741 0 -0.00021909610170995505 0 0.0001978884646941544 -9.4407045338938623e-05 1.9415779617500711e-05 0.00037562812540143254 0.00014759810113139707 -3.123802889505216e-06 0 4.6506640641317182e-06 -0.00013917550731363357 -0.00024156204351631871 0 -0.000250098521368847 -0.00033799021581662692 0.00024065411322075669 -3.2627203630687437e-05 0.00016197237092578762 0 0.00026713419815792381 0 6.4586851637383751e-05 0.00049963055837501152 0
leaf_weight=69 342 21 235 87 328 55 137 59 201 220 745 28 483 1862 33 1689 368 100 199 118 217 39 629 88 41 211 26 133 171 56
leaf_count=69 342 21 235 87 328 55 137 59 201 220 745 28 483 1862 33 1689 368 100 199 118 217 39 629 88 41 211 26 133 171 56
internal_value=0 5.74079e-05 -5.31952e-05 0.00026105 2.61707e-05 -3.43705e-05 -0.000102816 1.01735e-05 -7.29904e-06 7.30146e-05 2.1099e-05 3.06307e-05 7.3912e-05 0 -0.000246542 -3.00073e-05 -1.54883e-05 -0.000125105 -8.4286e-05 -0.000164383 -0.000298364 -4.60733e-05 -9.15461e-06 4.732e-06 0.0001435 0.00018885 0.000228912 -2.03412e-05 0.000458297 -0.00014789
internal_weight=8990 4349 4641 557 3792 4299 1166 3464 3133 642 3287 3118 1228 1890 305 2491 2256 169 567 177 250 861 668 441 365 278 237 353 192 193
internal_count=8990 4349 4641 557 3792 4299 1166 3464 3133 642 3287 3118 1228 1890 305 2491 2256 169 567 177 250 861 668 441 365 278 237 353 192 193
is_linear=0
shrinkage=0.05


Tree=7
num_leaves=31
num_cat=0
split_feature=66 91 246 273 254 65 65 5 238 273 82 238 246 273 10 212 238 345 249 238 86 26 236 349 246 360 301 203 247 269
split_gain=0.0100105 0.00810962 0.00679245 0.00431194 0.00298051 0.00256924 0.00248388 0.00211008 0.0020243 0.00193047 0.00255666 0.00183054 0.00180045 0.00195149 0.00161133 0.00155255 0.00142105 0.00192147 0.00151269 0.00139941 0.00136807 0.00131755 0.00128038 0.00156399 0.00114121 0.00149286 0.00106611 0.00105674 0.00102211 0.00123107
threshold=4.560325940450034 0.11406707763671871 -0.25783428869991298 0.17234092361353373 -1.314249020282569 -5.757280031840005 4.6684538523356123 1.7580131689707441 0.34809012497039987 -1.9978386018346257 -2.438799142837524 1.6910177801414592 -1.8313104064108023 -0.49444939979494867 0.59466226895650232 0.021857994344691354 -0.2899867508517982 -7.9472859682017106e-07 -0.64830795989587298 0.49116015769412019 1.718165477116903 1.0360844532648723 0.77307337179772428 5.8448499838511152 0.79943606310957926 0.44384813856972649 0.064763785650332709 0.21893221175122232 1.6959122020980961 0.62907741249017168
decision_type=2 2 10 10 8 2 2 2 10 10 2 10 10 10 2 10 8 10 10 10 2 2 10 10 10 10 10 10 10 10
left_child=1 4 12 6 14 9 -2 8 -4 10 -6 22 21 -14 -1 -15 18 27 -7 -9 28 -3 23 -5 25 -21 -24 -18 29 -13
right_child=3 2 7 11 5 16 -8 19 -10 -11 -12 20 13 15 -16 -17 17 -19 -20 24 -22 -23 26 -25 -26 -27 -28 -29 -30 -31
leaf_value=0.0001436385697211964 -0.00015105482793103292 5.7505771641341419e-05 6.7867703151279856e-05 0 0 -1.201995479836272e-05 -0.00053714153330501418 0.00023607184864994483 -0.00010920539451608687 -4.1625066423523795e-05 -0.00054600582060748313 0 -4.1340501026191991e-05 0.00012645693832990244 0 0.00038173999012723847 -0.00013663467219407135 0 7.524100772800581e-05 0 0 0.00096127832423435495 -7.2603054856151315e-05 -0.0001642368754579119 -1.2832473109458335e-05 0.00029296129452060859 9.8959926142240995e-05 0 0 -0.00040284224570064504
leaf_weight=491 745 21 420 453 31 1054 58 220 262 191 62 25 27 196 344 204 540 1312 828 43 158 25 84 205 183 83 388 189 53 95
leaf_count=491 745 21 420 453 31 1054 58 220 262 191 62 25 27 196 344 204 540 1312 828 43 158 25 84 205 183 83 388 189 53 95
internal_value=0 3.09613e-05 0.000125965 -9.05853e-05 0 -1.78947e-05 -0.000185231 5.79674e-05 0 -0.000163844 -0.000360834 -3.51347e-05 0.000289437 0.000237862 8.5495e-05 0.000269211 -6.05042e-06 -3.59479e-05 2.37165e-05 0.000132897 -0.000138812 0.000658166 -3.31605e-07 -4.96508e-05 4.32108e-05 0.000164204 5.78276e-05 -0.000101025 -0.000237939 -0.000320742
internal_weight=8990 6726 1684 2264 5042 4207 803 1211 682 284 93 1461 473 427 835 400 3923 2041 1882 529 331 46 1130 658 309 126 472 729 173 120
internal_count=8990 6726 1684 2264 5042 4207 803 1211 682 284 93 1461 473 427 835 400 3923 2041 1882 529 331 46 1130 658 309 126 472 729 173 120
is_linear=0
shrinkage=0.05


Tree=8
num_leaves=31
num_cat=0
split_feature=254 85 273 238 48 91 246 252 236 238 252 76 340 53 212 210 318 260 229 76 266 349 245 249 68 66 288 238 61 243
split_gain=0.0093321 0.00901539 0.00596576 0.00387506 0.00293845 0.00279678 0.00260779 0.00248038 0.00233053 0.00190554 0.00184204 0.00260315 0.00329599 0.0030333 0.00168065 0.0023997 0.00156521 0.00154517 0.00123416 0.00122643 0.00117012 0.00128207 0.00108699 0.0016844 0.00153689 0.0010722 0.00139326 0.00106404 0.00104822 0.00103425
threshold=-0.14672953743735853 1.5898565451304119 -0.40395841502318325 0.20515492954280837 1.4704902966817233 2.6401618321736655 -1.034936396649867 -0.047285674789348191 0.099020776110743114 0.015884379850895154 -0.93310820768241221 -9.9275662551323531 -0.93666724363962783 -3.2865320841471353 -0.047314867641715844 0.16454853185249277 -0.46886779958935426 0.44351483996487268 0.055900411607286003 -2.5720710754394527 1.336271188697215 0.36388538281122845 -1.3301977255562789 -1.760154678722557 -0.071606298287709494 8.8083057403564471 0.11316892504692076 0.26293541188631114 -0.32077065110206593 -0.085343070624881792
decision_type=8 2 10 10 2 2 10 10 10 8 10 2 10 2 10 10 10 10 10 2 10 10 10 10 2 2 8 10 2 10
left_child=1 4 9 5 10 28 7 -3 -5 16 22 12 -12 -14 20 18 19 -8 -16 -2 21 -10 23 -1 -25 26 -11 -6 -4 -13
right_child=2 6 3 8 27 -7 17 -9 14 25 11 29 13 -15 15 -17 -18 -19 -20 -21 -22 -23 -24 24 -26 -27 -28 -29 -30 -31
leaf_value=0 -0.00025011518556684978 0.00068349347090165358 -7.0825040176364724e-06 -0.00013263017539229228 0.00014666623210113518 0.00031140986408535742 5.5747472862686805e-05 0 0 -0.00026478405526159365 0 1.6357108923293463e-05 -0.00065526069591845303 0 0 -2.1842682976533251e-05 0 0.00029290599018404434 0.00027930029497252558 0 0 -0.00024781589863116674 5.0265814570648423e-06 0.00037881388450766387 6.042408012633832e-05 -0.00050159587133654119 0 0 9.4979822733908467e-05 -7.8998857162555295e-05
leaf_weight=218 180 68 575 689 587 104 204 20 85 159 100 1162 55 29 37 1985 177 198 105 108 65 191 664 94 146 75 57 122 364 367
leaf_count=218 180 68 575 689 587 104 204 20 85 159 100 1162 55 29 37 1985 177 198 105 108 65 191 664 94 146 75 57 122 364 367
internal_value=0 5.6693e-05 -4.57298e-05 -2.10947e-05 2.7313e-05 6.03267e-05 0.000258938 0.000539189 -4.95792e-05 -0.000175958 2.72388e-06 -2.80024e-05 -0.000206295 -0.000437195 -2.43633e-05 -5.36147e-06 -9.6013e-05 0.000185035 0.000189694 -0.000168713 -0.000128193 -0.000175777 5.4089e-05 0.000114288 0.000206057 -0.000286451 -0.000188413 0.000118569 2.71632e-05 -3.26459e-06
internal_weight=8990 4034 4956 4200 3544 1043 490 88 3157 756 2835 1713 184 84 2468 2127 465 402 142 288 341 276 1122 458 240 291 216 709 939 1529
internal_count=8990 4034 4956 4200 3544 1043 490 88 3157 756 2835 1713 184 84 2468 2127 465 402 142 288 341 276 1122 458 240 291 216 709 939 1529
is_linear=0
shrinkage=0.05


Tree=9
num_leaves=31
num_cat=0
split_feature=254 85 273 238 238 236 246 91 236 50 238 273 249 227 243 65 194 238 40 341 58 275 47 202 51 67 308 238 28 238
split_gain=0.00849724 0.00820072 0.00545989 0.0038918 0.00333242 0.00274928 0.00230093 0.00199105 0.00182586 0.00282086 0.00170117 0.0017325 0.00151177 0.00143658 0.00117422 0.00134336 0.00117083 0.00110048 0.002139 0.0010822 0.00111335 0.00111341 0.00107801 0.00106659 0.00113295 0.00105841 0.000961455 0.000879099 0.000851569 0.000828045
threshold=-0.14672953743735853 1.5898565451304119 -0.19628926576958303 0.20515492954280837 0.61874316932014217 0.83207237136311563 -1.034936396649867 2.6401618321736655 1.2298227627160097 7.7888151804606123 0.26293541188631114 -0.38190687624594089 -0.67504776969036129 -0.10013591880783913 -0.78090667474364706 -7.391495704650878 0.3929068219673959 1.743805764869119 3.6388940215110783 -0.99971808989842714 2.512364069620769 1.186348203031353 0.49570121367772424 -0.10567816886371108 0.75962746143341076 2.3107430140177416 2.0546774210445444 -1.2268830604735277 0.042101331055164302 -0.49541629929684899
decision_type=8 2 10 10 10 10 10 2 10 2 10 10 10 10 10 2 10 10 2 10 2 10 2 10 2 2 10 8 2 10
left_child=1 5 4 7 12 10 13 25 9 16 11 14 27 -3 15 -1 22 18 28 -8 21 -21 -5 -11 -25 -4 -6 -2 -10 -13
right_child=2 6 3 8 26 -7 19 -9 17 23 -12 29 -14 -15 -16 -17 -18 -19 -20 20 -22 -23 -24 24 -26 -27 -28 -29 -30 -31
leaf_value=-6.4106108405111289e-05 0 0.0006461165092962501 6.5540472096099585e-05 0 -0.00048439799679364558 0.00017156521676267044 0 0.0002937675321216774 -7.1735593935153775e-05 0 -0.00014846193466344263 0.00014224494731531007 -4.6028745912871292e-05 0 -4.4428084903228432e-05 5.6449300190225529e-05 0 -5.5166106515419904e-05 0.00040516114473059477 0.00029961753541157924 1.8781114878986446e-05 0 -0.00014140347011683683 -0.00033355214565736072 -0.00011256110987257189 -0.00012803274136009938 0 -0.00022116628022265871 7.2001223718707558e-05 2.3925278718445403e-05
leaf_weight=263 46 64 673 257 94 302 33 103 120 30 152 367 601 24 952 1046 1178 248 45 231 113 25 381 148 287 64 20 319 342 462
leaf_count=263 46 64 673 257 94 302 33 103 120 30 152 367 601 24 952 1046 1178 248 45 231 113 25 381 148 287 64 20 319 342 462
internal_value=0 5.41685e-05 -4.35648e-05 -1.44186e-05 -0.000143527 2.60738e-05 0.000247119 7.87952e-05 -4.18576e-05 -6.47433e-05 1.09738e-05 2.04392e-05 -0.000106243 0.000512812 -5.07204e-08 2.84052e-05 -3.31683e-05 2.06625e-05 6.76177e-05 0.00017641 0.000203058 0.000264837 -8.78538e-05 -0.000177272 -0.0001993 4.19324e-05 -0.000415267 -0.000191656 2.38394e-05 8.23471e-05
internal_weight=8990 4034 4956 3876 1080 3544 490 840 3036 2281 3242 3090 966 88 2261 1309 1816 755 507 402 369 256 638 465 435 737 114 365 462 829
internal_count=8990 4034 4956 3876 1080 3544 490 840 3036 2281 3242 3090 966 88 2261 1309 1816 755 507 402 369 256 638 465 435 737 114 365 462 829
is_linear=0
shrinkage=0.05


Tree=10
num_leaves=31
num_cat=0
split_feature=254 91 273 238 55 281 48 273 65 238 361 6 326 50 37 364 291 212 212 19 278 238 349 367 192 270 55 361 255 249
split_gain=0.00773525 0.00734544 0.00495511 0.00321294 0.00221774 0.00216784 0.00205716 0.00187684 0.00174436 0.00165358 0.0019299 0.00169717 0.00162196 0.00155114 0.00151818 0.00139732 0.00138965 0.00133361 0.0011885 0.00177811 0.00182078 0.00118654 0.00116046 0.00112925 0.00105435 0.00100386 0.0012753 0.00110096 0.000962091 0.000945162
threshold=-0.14672953743735853 0.11406707763671871 -0.40395841502318325 0.12968930655391411 -1.1075682044029238 0.46219548063789223 2.3817183176676431 0.058420668430651808 4.1738074421882638 1.362430164072572 0.40300945179332159 2.036739826202393 0.11280278364817277 8.393124898274742 -1.9232076803843177 0.60063457291789513 -0.43380667269229883 -0.33718759951299287 -0.99996433300074317 -9.6378434499104806 -1.2654871068002398 -1.2268830604735277 0.14663831392923993 -1.5522178466364311 -0.33019247791554479 -2.2436007524120893 -1.9349596500396726 -0.82520624767470718 0.3337582725254854 -0.20893333895853392
decision_type=8 2 10 10 2 10 2 10 2 10 10 2 10 2 2 10 8 10 10 2 10 10 10 2 10 10 2 10 8 10
left_child=1 6 8 5 12 -4 18 15 16 11 13 17 29 -11 -6 -5 21 -9 25 20 -20 -2 -17 -22 -8 -1 27 -27 -18 -3
right_child=2 4 3 7 14 -7 24 9 -10 10 -12 -13 -14 -15 -16 22 28 -19 19 -21 23 -23 -24 -25 -26 26 -28 -29 -30 -31
leaf_value=-0.0001100014961443438 0 0 2.2021736147540506e-05 -4.7859679415155277e-05 -5.3055749758327241e-05 0.00024855167008603615 0.0002046557077220525 -0.00013554921913383781 -0.00055526565867171037 0 -4.764653421665975e-05 0.00010252042453323151 0 -0.00041797883271218935 0.00016637798981324325 0 2.6888000268784321e-05 -1.4166206108178045e-06 0 -1.2211096294582804e-05 0 -0.00021544161404278496 -0.00031594309410058844 -0.00049535565507087835 2.1256326157300018e-05 0.0002080447022792574 1.7727808155823988e-05 0 -0.0001702157250038089 0.00069210581281566605
leaf_weight=90 51 22 731 286 52 140 202 225 35 28 674 327 28 75 668 28 172 1540 25 1377 23 417 146 53 246 199 952 44 81 53
leaf_count=90 51 22 731 286 52 140 202 225 35 28 674 327 28 75 668 28 172 1540 25 1377 23 417 146 53 246 199 952 44 81 53
internal_value=0 5.16267e-05 -4.16222e-05 -1.90512e-05 0.000185485 6.41972e-05 1.5756e-05 -4.23355e-05 -0.000160385 -2.51463e-05 -8.74891e-05 0 0.000429486 -0.000299411 0.000143581 -0.000138648 -0.000134207 -2.13551e-05 0 -3.09353e-05 -0.000236494 -0.000187139 -0.000259042 -0.000366222 0.000115135 3.48047e-05 4.99027e-05 0.000155327 -1.65036e-05 0.000554278
internal_weight=8990 4034 4956 4200 823 871 3211 3329 756 2869 777 2092 103 103 720 460 721 1765 2763 1478 101 468 174 76 448 1285 1195 243 253 75
internal_count=8990 4034 4956 4200 823 871 3211 3329 756 2869 777 2092 103 103 720 460 721 1765 2763 1478 101 468 174 76 448 1285 1195 243 253 75
is_linear=0
shrinkage=0.05


Tree=11
num_leaves=31
num_cat=0
split_feature=66 249 85 208 76 273 245 252 50 50 290 349 225 10 50 236 357 279 67 231 243 40 91 202 368 233 41 11 76 58
split_gain=0.00739764 0.00577076 0.00518798 0.00460567 0.00371124 0.00287817 0.002332 0.00228835 0.00213459 0.0020869 0.00196552 0.00191834 0.00214608 0.00201578 0.0018607 0.00175465 0.00155386 0.00151997 0.00123996 0.00139106 0.00122517 0.00121632 0.0012096 0.00118351 0.00116622 0.00115145 0.00127397 0.00114228 0.00109707 0.00157351
threshold=-5.25058889389038 -0.32628118759597541 -2.3203447659810377 0.14858321173250877 6.3971385955810556 0.058420668430651808 -2.0834333003539762 -0.9528289754768281 0.14698197444279987 2.1880784829457602 -1.3049411376317337 -10.97366091609001 -1.4681138355574916 0.20824375748634338 6.2712790171305342 1.2481469263282086 -0.41467889878673631 1.2444743138817145 -0.86302630106608058 -0.3909888094428659 1.5986323488682663 0.59479399522145593 -1.4833111763000486 -0.37187927685886418 396.5054930285292 -0.31326026263002421 -3.6350035667419429 0.83579639593760191 -9.133150736490883 -0.49739446242650337
decision_type=2 10 2 8 2 10 10 10 2 2 10 10 10 2 2 10 10 10 2 10 10 2 2 10 2 10 2 2 2 2
left_child=1 7 8 4 18 9 -3 22 10 -5 25 12 -9 -14 17 20 -6 -7 -4 -20 -16 -19 -1 -11 -17 26 -2 -21 -8 -30
right_child=2 6 3 5 16 14 28 11 -10 23 -12 -13 13 -15 15 24 -18 21 19 27 -22 -23 -24 -25 -26 -27 -28 -29 29 -31
leaf_value=5.498164767466895e-05 0 0.00060716591767951268 0.00036305148803382546 -5.4377173658506776e-05 0 -7.33863463437744e-06 0 0 -0.00031875507548028586 0 4.8153122277384728e-06 0 0 -0.00057035973082954607 -5.1630035058062056e-05 3.0457099970730831e-05 0.00038032587064058235 0 -1.6674854614466854e-05 7.6485316536848623e-05 -0.00022519594630087867 0.00020712462807153596 0.00031557693267851355 -0.00026976027156203677 -0.00024033208851372006 0 -0.00024220020236430612 -9.765673226077292e-05 0.00035852200962070615 0.00012630987943259734
leaf_weight=541 33 42 29 534 23 1609 38 82 166 26 229 537 39 50 364 397 113 140 1067 1067 235 161 64 273 44 81 275 79 133 519
leaf_count=541 33 42 29 534 23 1609 38 82 166 26 229 537 39 50 364 397 113 140 1067 1067 235 161 64 273 44 81 275 79 133 519
internal_value=0 8.37634e-05 -2.44301e-05 -8.15098e-06 4.53593e-05 -4.31096e-05 0.000196972 1.68316e-05 -0.000145964 -0.000126241 -9.14176e-05 -3.93695e-05 -0.000185591 -0.00035547 -1.79373e-05 -7.23452e-05 0.000302755 9.07254e-06 2.75027e-05 2.08301e-05 -0.000128096 0.000113378 9.08594e-05 -0.000237808 0 -0.000160906 -0.000205038 6.01107e-05 0.000164674 0.000181394
internal_weight=8990 2045 6945 6161 2378 3783 732 1313 784 833 618 708 171 89 2950 1040 136 1910 2242 2213 599 301 605 299 441 389 308 1146 690 652
internal_count=8990 2045 6945 6161 2378 3783 732 1313 784 833 618 708 171 89 2950 1040 136 1910 2242 2213 599 301 605 299 441 389 308 1146 690 652
is_linear=0
shrinkage=0.05


Tree=12
num_leaves=31
num_cat=0
split_feature=66 85 85 50 48 238 207 85 277 50 293 58 236 90 39 246 188 246 274 58 238 279 348 307 22 206 50 363 62 360
split_gain=0.00679599 0.00605455 0.00363012 0.00398111 0.00323063 0.0021645 0.00217986 0.00213039 0.00187668 0.00146581 0.00136006 0.00132746 0.00115187 0.00128526 0.00114999 0.0011613 0.00112933 0.00144773 0.00100233 0.00103392 0.000952383 0.00116882 0.00101822 0.000943002 0.000941157 0.000927599 0.00166907 0.000918659 0.000886569 0.000863033
threshold=4.560325940450034 10.437032381693525 1.0000000180025095e-35 1.2909412384033205 1.4704886277516687 -0.2899867508517982 -0.3404773283545644 -5.632280031840005 -0.40976160051541638 7.7888151804606123 -0.27645897865295394 2.512364069620769 -0.67453926043934243 0.00066132044109200002 -0.030939737955729098 -0.072353295259993192 0.52116143549676375 0.79943606310957926 -0.076894728084533182 -1.3258773485819497 1.386598049445418 1.2751313732025416 2.0773762663205466 0.20932252193332118 -0.99412361780802405 -1.5914888664293791 -6.456096013387044 1.4777768735598207 4.2566191355387373 0.30036391223468412
decision_type=2 2 2 2 2 8 10 2 10 2 10 2 10 2 2 10 10 10 10 2 10 10 10 10 2 10 2 10 2 10
left_child=1 2 5 11 7 6 12 -2 -7 14 -3 25 13 -1 15 -9 -5 29 19 -8 21 -6 -22 -11 -14 -4 -27 -23 -29 -18
right_child=4 10 3 16 20 8 18 9 -10 23 -12 -13 24 -15 -16 -17 17 -19 -20 -21 22 27 -24 -25 -26 26 -28 28 -30 -31
leaf_value=0 -0.00043708899931698124 0 0 -6.5933593451983593e-05 0 -0.00013757867111427037 0.0003876428161037853 -6.1256282405394509e-07 -1.3891353887606786e-05 0 0.00054046117378708997 0 0.00011563242175231072 -0.00010788154898301846 -2.0909533989578408e-05 -0.00022189130121502083 0 -1.8411694607138257e-05 0 0.00010113191800543562 -0.00029298405772570121 0 -2.1672098259028696e-05 -0.00029036191827930312 0 0.00037117736598907611 0.00014103742402770851 0.00031593513042670675 0 0.00019884107848665758
leaf_weight=1139 64 22 23 332 470 413 55 147 1700 47 70 79 336 340 602 218 60 222 132 412 49 43 345 173 490 143 579 80 26 179
leaf_count=1139 64 22 23 332 470 413 55 147 1700 47 70 79 336 340 602 218 60 222 132 412 49 43 345 173 490 143 579 80 26 179
internal_value=0 2.54035e-05 1.90243e-05 8.42246e-05 -7.47458e-05 -9.94706e-07 2.59839e-05 -0.000128677 -4.04384e-05 -0.000107801 0.000430589 0.000161236 1.67407e-06 -2.24443e-05 -7.34921e-05 -0.000146493 0 5.4699e-05 0.000111168 0.000145655 -3.20167e-06 3.00774e-05 -6.81669e-05 -0.000235787 5.09093e-05 0.000182229 0.000193588 0.000152821 0.000233378 0.0001435
internal_weight=8990 6726 6634 1617 2264 5017 2904 1251 2113 1187 92 824 2305 1479 967 365 793 461 599 467 1013 619 394 220 826 745 722 149 106 239
internal_count=8990 6726 6634 1617 2264 5017 2904 1251 2113 1187 92 824 2305 1479 967 365 793 461 599 467 1013 619 394 220 826 745 722 149 106 239
is_linear=0
shrinkage=0.05


Tree=13
num_leaves=31
num_cat=0
split_feature=254 91 273 246 50 279 273 254 349 10 244 304 316 267 58 264 343 320 350 272 56 255 238 233 246 290 68 353 238 367
split_gain=0.00611701 0.00599811 0.00416943 0.00228607 0.00228416 0.00266711 0.0024039 0.0019319 0.00248599 0.0018999 0.0016364 0.00146682 0.00141222 0.00132568 0.00137434 0.00148863 0.00174132 0.00132147 0.00129531 0.00122393 0.00121847 0.00119612 0.00112052 0.00148026 0.00104834 0.00137094 0.00133436 0.00102779 0.00107638 0.00158139
threshold=-0.031236964358060299 0.11406707763671871 -0.43955498428859802 -1.8313104064108023 6.140751540660859 1.2444743138817145 1.2977958293112983 -1.6709077385562481 -16.625109036763504 0.50771798690160119 0.89299837655809233 -2.4126618981839525 -0.24038836974231667 -1.6978756948956411 2.3876455624898276 0.72705789394199383 -2.8463140527407322 -0.16208900382667044 -18.28683217366536 -0.091806468907713837 0.12068208058675121 0.57115797404625324 0.015884379850895154 -0.34954834580294569 -0.45033784987743658 1.6920454502105717 0.13449747363726297 -0.083844487059575992 1.6910177801414592 0.74737377131523108
decision_type=8 2 10 10 2 10 10 10 10 2 10 10 10 10 2 10 10 10 10 10 2 10 10 10 10 10 2 10 10 2
left_child=1 7 22 19 5 24 10 18 9 -9 20 -11 -13 -5 15 17 -17 -15 -1 -3 -6 -7 23 -2 25 -4 -26 -8 29 -29
right_child=2 3 4 13 6 21 27 8 -10 11 -12 12 -14 14 -16 16 -18 -19 -20 -21 -22 -23 -24 -25 26 -27 -28 28 -30 -31
leaf_value=0.00017872611889633574 -0.00016570982396226899 1.1942116754357079e-05 1.7103838046899589e-05 -0.00017572285292382855 0 0.00033609870353638513 -0.00029583213597828576 0 6.8075489273510991e-06 0 -5.4049659424252396e-05 -0.00063947829233230123 0 0.00020872710894483628 3.9061537129089771e-06 0 0.00039859021387378597 1.8007689161380529e-05 0 0.00087231439196226593 -0.0002804096518406893 5.2367213191991847e-05 -0.00025985962115884624 1.0819418534261426e-05 -0.00010125785210262228 0.00047149731711085356 -1.9793463760143851e-06 0.00021744855889478396 -3.7696661850244206e-05 -1.2152966499943988e-05
leaf_weight=263 239 22 182 20 28 78 28 44 2899 30 344 44 20 221 209 43 145 267 101 21 247 188 239 141 441 23 1959 134 282 88
leaf_count=263 239 22 182 20 28 78 28 44 2899 30 344 44 20 221 209 43 145 267 101 21 247 188 239 141 441 23 1959 134 282 88
internal_value=0 4.26144e-05 -3.99161e-05 0.000154225 -1.98969e-05 2.28595e-06 -7.9568e-05 1.003e-05 -1.40154e-06 -0.000209938 -0.000146556 -0.000339349 -0.00047567 0.000129877 0.000142451 0.000177883 0.000315296 0.000114647 0.000119114 0.000549182 -0.000244036 0.000154452 -0.000161892 -8.70681e-05 -1.13379e-05 9.2668e-05 -2.23085e-05 0 1.47886e-05 0.000103958
internal_weight=8990 4349 4641 948 4022 2871 1151 3401 3037 138 619 94 64 905 885 676 188 488 364 43 275 266 619 380 2605 205 2400 532 504 222
internal_count=8990 4349 4641 948 4022 2871 1151 3401 3037 138 619 94 64 905 885 676 188 488 364 43 275 266 619 380 2605 205 2400 532 504 222
is_linear=0
shrinkage=0.05


Tree=14
num_leaves=31
num_cat=0
split_feature=66 85 91 238 245 50 281 212 10 233 309 20 41 350 76 219 244 193 238 279 87 50 361 65 306 76 210 225 208 292
split_gain=0.00582948 0.00422079 0.00382448 0.00358116 0.00332651 0.0030758 0.00269622 0.00200411 0.00190518 0.0015454 0.00235046 0.00174222 0.00146614 0.00145748 0.00138702 0.00135097 0.00139372 0.00131295 0.00131432 0.00169339 0.00122959 0.00119375 0.00115428 0.00110659 0.00176351 0.00118425 0.00110366 0.00101866 0.000997962 0.000983758
threshold=-5.25058889389038 -1.114160895347595 -1.4833111763000486 0.34809012497039987 -1.8294829061671993 0.32834148406982427 0.3601230800563523 -0.28758655841877773 0.62464406092961644 -0.36277880172236515 0.019118650546740151 -2.3474495410919185 -3.6350035667419429 -5.9033180872599278 -14.466805378595987 -0.20810409096988394 0.78548271030639782 0.48300680880850322 1.386598049445418 1.0091564292139352 -0.18082622687021888 -2.4069192409515376 0.56684990286410974 -3.0413591762383771 -1.98922060190538 -6.3931827545166007 0.13103494183489042 -1.6124769971451929 -0.8956621161876438 -2.1531977256139112
decision_type=2 2 2 8 10 2 10 10 2 10 10 2 2 10 2 8 8 10 10 10 2 2 10 2 10 2 10 10 10 10
left_child=2 5 8 6 20 9 21 15 28 10 12 -11 -2 -8 27 -5 -17 -9 19 -19 -4 -3 -20 24 -6 -26 -15 -10 -1 -23
right_child=1 3 4 7 23 -7 13 17 14 11 -12 -13 -14 26 -16 16 -18 18 22 -21 -22 29 -24 -25 25 -27 -28 -29 -30 -31
leaf_value=9.1600578127253322e-05 8.2667798358026769e-05 9.5968965252050422e-05 0.00010447883063352981 0 0.00031007992044218883 -0.00022542943350560335 0 -8.7589369190216556e-05 0 0.00042641977412448385 0.00013620566714766098 -2.793736698392565e-06 -0.00015844650034813816 0.00032595188676926641 -2.3516662276952802e-05 -0.00030870333642450741 -4.496350861115052e-05 -3.0708837662595049e-06 -0.00023707905479177012 0.00011559983665182584 0.00074549213045990476 -9.2848967286814248e-05 -2.3512953735673581e-05 0.00014482063071266223 -0.00041308189460273042 0 9.5991923784173908e-05 -0.00062213129969998547 -2.1423511600647056e-06 1.4765321244914374e-05
leaf_weight=570 42 384 37 62 32 364 66 558 22 24 74 483 587 144 218 154 153 1015 87 388 38 252 567 631 25 79 229 22 371 1312
leaf_count=570 42 384 37 62 32 364 66 558 22 24 74 483 587 144 218 154 153 1015 87 388 38 252 567 631 25 79 229 22 371 1312
internal_value=0 -2.17606e-05 7.42838e-05 0 0.000156628 -9.37695e-05 4.49851e-05 -3.71672e-05 1.24855e-05 -5.00155e-05 -9.8778e-05 7.74416e-06 -0.000134388 0.000158405 -0.000100745 -0.000148443 -0.000193602 -1.95481e-05 0 2.61899e-05 0.000496397 1.68513e-05 -5.95991e-05 0.000116826 0 -0.000112707 0.000198235 -0.000369074 4.93321e-05 0
internal_weight=8990 6945 2045 5371 842 1574 2387 2984 1203 1210 703 507 629 439 262 369 307 2615 2057 1403 75 1948 654 767 136 104 373 44 941 1564
internal_count=8990 6945 2045 5371 842 1574 2387 2984 1203 1210 703 507 629 439 262 369 307 2615 2057 1403 75 1948 654 767 136 104 373 44 941 1564
is_linear=0
shrinkage=0.05


Tree=15
num_leaves=31
num_cat=0
split_feature=66 76 236 254 245 325 65 50 12 371 64 66 372 38 78 261 279 208 279 308 291 50 232 350 242 247 283 355 213 50
split_gain=0.00548106 0.00437999 0.0033104 0.00311375 0.00246804 0.00232068 0.00220326 0.00220882 0.00214921 0.00196517 0.00278238 0.00193904 0.00153911 0.00153771 0.00153244 0.00146934 0.00143886 0.00138065 0.00136225 0.00135057 0.0013105 0.0012617 0.00116245 0.00113029 0.00121875 0.00100152 0.000973628 0.000919587 0.000887097 0.000881979
threshold=5.3021256128946961 5.3061849276224775 -1.5928917497570676 -1.6709077385562481 -0.35479546028290798 -0.10276168584823614 -7.391495704650878 -6.456096013387044 0.53687880436579394 -0.30657801443615113 -2.3627565701802564 15.583945592244467 -1.1992314960586785 1.6396965185801189 2.0283898512522383 -0.61250635327367509 -0.97068609945810846 0.21454789548852823 -0.43955050777668053 -1.9063661767184874 0.65461043516794859 6.2712790171305342 -0.77866341029006803 -0.83557875951131177 -1.6543975812895526 -0.20581935610347407 0.022357605397701204 1.4420885254491631 -0.85523901913924105 4.4978480339050302
decision_type=2 2 10 8 10 10 2 2 2 2 2 2 2 2 2 10 10 10 10 10 10 2 10 10 10 10 10 10 10 2
left_child=1 3 27 23 5 -3 9 18 16 10 28 13 -12 17 29 -11 -9 25 22 -20 -10 26 -8 24 -1 -4 -6 -2 -5 -13
right_child=2 4 11 6 21 -7 7 8 20 15 12 14 -14 -15 -16 -17 -18 -19 19 -21 -22 -23 -24 -25 -26 -27 -28 -29 -30 -31
leaf_value=0 -0.00041226652317048296 0 -8.5406710721749562e-05 -0.00018225163649124559 0 0.00055679750192958713 8.0124075421888767e-05 -7.7723825872945296e-05 -0.0002393249929083905 -0.00011988657204639889 0 0 -0.00065576178592683125 2.6219224140378706e-05 0 0.00031384655732050063 1.2561555447104722e-05 -0.00010523327382623126 0 0.00027704889614622467 0 -8.2955886586348673e-06 -8.8677739999710954e-05 -5.1336139272691808e-06 0.00022017851684949684 0.00010167066811065237 0.000209993946404389 0 1.4701170683424363e-05 -0.00029412739158580175
leaf_weight=107 92 30 107 81 61 72 446 488 152 23 20 30 47 642 78 36 4259 741 26 152 90 118 108 54 294 170 197 23 73 173
leaf_count=107 92 30 107 81 61 72 446 488 152 23 20 30 47 642 78 36 4259 741 26 152 90 118 108 54 294 170 197 23 73 173
internal_value=0 2.12946e-05 -7.16597e-05 9.65647e-06 0.00016799 0.000402624 0 6.79745e-06 -4.15143e-06 -0.000136825 -0.000212054 -5.31314e-05 -0.000494475 -2.89175e-05 -0.000178326 6.0245e-05 2.22534e-06 -6.85996e-05 8.82404e-05 0.000215854 -0.000149838 9.09552e-05 3.81832e-05 0.000135748 0.000167182 1.13574e-05 0.000155707 -0.000340627 -5.64955e-05 -0.000250751
internal_weight=8990 6934 2056 6456 478 102 6001 5721 4989 280 221 1941 67 1660 281 59 4747 1018 732 178 242 376 554 455 401 277 258 115 154 203
internal_count=8990 6934 2056 6456 478 102 6001 5721 4989 280 221 1941 67 1660 281 59 4747 1018 732 178 242 376 554 455 401 277 258 115 154 203
is_linear=0
shrinkage=0.05


Tree=16
num_leaves=31
num_cat=0
split_feature=238 91 273 236 58 351 290 273 236 50 245 243 21 335 238 91 327 41 281 258 301 238 19 249 58 236 244 341 370 41
split_gain=0.00491326 0.00725837 0.00481365 0.00268598 0.00215916 0.00183368 0.00159803 0.00155925 0.00151592 0.00181789 0.0016228 0.00149568 0.00136218 0.00133619 0.00120622 0.00126892 0.00136474 0.00108998 0.0013181 0.00121614 0.00136366 0.00106707 0.00144722 0.00123217 0.00100891 0.000933759 0.00105293 0.00113476 0.000918362 0.00100978
threshold=0.12968930655391411 0.11406707763671871 0.058420668430651808 0.37641606044072923 -2.6294901470343262 1.2552540699640915 1.1351355314254767 -0.75258428727407545 0.89962751438098709 7.967361132303874 -0.37744589574233062 1.5986323488682663 2.5093243519465136 1.6012895999627039 1.743805764869119 7.3946339289347334 0.38061477740605676 -0.17640785376230866 -2.2362795422447923 -1.9151482029667513 -0.23639961083730057 -0.93096084180113181 -9.6378434499104806 -0.92410745960253615 2.2694257895151781 -0.9832362323381173 -0.55907972208619139 -0.47362136840820307 0.5707780711839362 2.3172342777252202
decision_type=8 2 10 10 2 10 8 10 10 2 10 10 2 10 10 2 10 2 10 10 10 10 2 10 2 10 10 10 2 2
left_child=1 3 5 17 -3 6 -2 -6 9 -4 -10 -11 24 -7 15 -12 -17 18 19 -1 -21 23 -23 -20 -9 26 -19 -28 -16 -30
right_child=2 4 8 -5 7 13 -8 12 10 11 14 -13 -14 -15 28 16 -18 25 21 20 -22 22 -24 -25 -26 -27 27 -29 29 -31
leaf_value=2.1139627362542113e-05 -0.00015408963982466173 0.00062763971202464783 -1.541039801857555e-05 0.00013242602727832315 -0.00019502230168120998 -0.00045319445860851366 0 0.00021119577230719613 0.00034732611385694342 -2.5245315218002138e-05 2.2096862747249089e-05 -0.00028969623202980242 0 0 3.1085394032876177e-05 0 0.00038731256958231502 0 1.7810904772656516e-05 -0.00040788108783355761 0 -0.0003060671778427332 0 0.00015107996138403072 4.3623043050402929e-06 -1.9104591348897356e-05 -0.00041533299112025111 0 0 -0.00024806679376078764
leaf_weight=36 551 31 1549 377 20 84 214 578 40 174 891 130 98 21 92 22 54 112 764 54 63 39 1383 280 122 866 59 58 130 98
leaf_count=36 551 31 1549 377 20 84 214 578 40 174 891 130 98 21 92 22 54 112 764 54 63 39 1383 280 122 866 59 58 130 98
internal_value=0 3.34227e-05 -4.08687e-05 4.54987e-06 0.000166644 -0.000145571 -0.000108999 0.000142987 -1.06477e-05 -4.09891e-05 2.79527e-05 -0.000154833 0.000157747 -0.000364093 1.41157e-05 4.50938e-05 0.000248616 -7.08756e-06 8.82977e-06 -0.000129489 -0.000218513 1.9444e-05 -5.60859e-06 5.83534e-05 0.000182295 -4.97214e-05 -0.000143621 -0.000250668 -6.38611e-05 -0.00012409
internal_weight=8990 4940 4050 4091 849 870 765 818 3180 1853 1327 304 798 105 1287 967 76 3714 2619 153 117 2466 1422 1044 700 1095 229 117 320 228
internal_count=8990 4940 4050 4091 849 870 765 818 3180 1853 1327 304 798 105 1287 967 76 3714 2619 153 117 2466 1422 1044 700 1095 229 117 320 228
is_linear=0
shrinkage=0.05


Tree=17
num_leaves=31
num_cat=0
split_feature=48 238 85 245 85 48 351 208 238 207 238 207 196 66 38 333 91 292 64 263 356 291 55 24 356 211 332 243 310 206
split_gain=0.00475005 0.00504679 0.00492973 0.00337989 0.00318546 0.00295564 0.00198698 0.00180646 0.00159242 0.00153034 0.00161448 0.00196817 0.00141169 0.00159763 0.00139447 0.00153077 0.00127049 0.00108266 0.00108229 0.00107747 0.000993549 0.000925438 0.00116514 0.00124072 0.000914627 0.000889994 0.000889786 0.000873394 0.00142787 0.00116125
threshold=8.1256036758422869 0.13779102116034395 2.7139628728230796 -0.26502746506185015 -1.0209278662999468 -16.362373987833653 0.93804126977920588 0.17072799897511623 0.51454562488722611 -0.13075702681391924 -0.93096084180113181 -1.4327267728879218 0.4021587318126239 -16.794967651367184 1.6396976113319399 3.3428261225469069 -1.0675389766693113 5.5710943539937352 -6.8725484212239571 -0.40076324848763167 1.4335792877380216 -0.91535845398902882 0.65334790945053112 0.8277982076009115 0.13347007005050707 -0.23185576227584462 -1.5369033151288884 0.32248387993653266 -0.25319979439908818 0.014802835889374951
decision_type=2 8 2 10 2 2 10 10 10 10 10 10 10 2 2 10 2 10 2 10 10 10 2 2 10 10 10 8 10 10
left_child=1 2 5 12 27 18 21 20 -5 10 16 -12 13 -2 15 19 -7 -11 -1 -8 26 22 -6 -24 -10 -19 -4 28 29 -3
right_child=3 4 7 8 6 9 14 -9 24 17 11 -13 -14 -15 -16 -17 -18 25 -20 -21 -22 -23 23 -25 -26 -27 -28 -29 -30 -31
leaf_value=0 0.00055463077287324031 -0.00031171994568375327 0 0.00014360795939205803 0 2.3064895890926716e-05 0 0 -0.00018962458395928105 9.4055076388539069e-05 -0.00022958073009861585 -1.3426866152679941e-05 0.00059549321283922053 0 0 4.3775181614261255e-06 0.00021213888895469927 8.0473713119978934e-05 -0.0003292356354356507 -0.00020789972679444149 0 0 -0.00049502433503946779 0 2.5865450443177245e-05 -0.00012975200182332013 0.0004476157701080689 -0.00030463677688239929 0 0
leaf_weight=73 20 88 20 331 135 1150 43 49 54 852 118 1894 49 81 274 73 110 68 85 452 23 1824 35 52 510 111 115 167 109 25
leaf_count=73 20 88 20 331 135 1150 43 49 54 852 118 1894 49 81 274 73 110 68 85 452 23 1824 35 52 510 111 115 167 109 25
internal_value=0 -1.33044e-05 1.92746e-05 0.000100085 -6.12371e-05 7.04848e-06 -4.0941e-05 0.000258482 5.64003e-05 1.59297e-05 0 -2.85996e-05 0.000327216 0.000147145 -0.000106411 -0.000151398 4.35548e-05 6.90613e-05 -0.000203057 -0.000184466 0.000340713 -1.15501e-05 -0.000107916 -0.000251275 0 -2.1972e-05 0.000392726 -0.00019902 -9.69553e-05 -0.000223656
internal_weight=8990 7945 4668 1045 3277 4461 2888 207 895 4303 3272 2012 150 101 842 568 1260 1031 158 495 158 2046 222 87 564 179 135 389 222 113
internal_count=8990 7945 4668 1045 3277 4461 2888 207 895 4303 3272 2012 150 101 842 568 1260 1031 158 495 158 2046 222 87 564 179 135 389 222 113
is_linear=0
shrinkage=0.05


Tree=18
num_leaves=31
num_cat=0
split_feature=66 249 85 210 226 205 202 193 290 361 349 373 50 10 50 243 50 236 255 253 92 22 270 210 68 292 15 191 50 247
split_gain=0.00431571 0.00395334 0.00342845 0.00309709 0.00304997 0.00202778 0.00175558 0.00164912 0.00163716 0.00148862 0.00161096 0.00147872 0.00129766 0.00128318 0.00123461 0.00118943 0.00115762 0.0012061 0.00110054 0.00109918 0.00107829 0.00104656 0.00113468 0.0013124 0.00167808 0.00100828 0.00140885 0.000966709 0.000939664 0.00146778
threshold=-5.25058889389038 -0.32628118759597541 -2.3203447659810377 0.21551009298434712 0.56094429165189674 -1.1632958668217912 0.27795814338051972 0.53609691296334394 -1.3049411376317337 -0.99612670216006827 -10.97366091609001 -2.0592645706873305 3.8972071011861171 0.17025082310040793 -6.2785193125406904 -0.32736242187190234 7.4015747706095381 1.2481469263282086 -0.5943554305759603 -0.35623558988809356 0.36936207612355559 -1.4805380503336587 -2.2436007524120893 -2.05352616031761 0.62829552094141639 17.872829953829452 1.1813974877198541 2.0459294495057168 -1.9121565818786617 -0.31731746218966589
decision_type=2 10 2 8 10 10 10 10 10 10 10 2 2 2 2 10 2 10 10 10 2 2 10 10 2 10 2 10 2 10
left_child=1 9 8 4 28 15 -6 12 14 21 13 -8 -5 -11 -2 -3 -9 27 20 -7 -10 22 -1 24 -24 26 -14 -18 29 -4
right_child=2 5 3 7 6 19 11 16 18 10 -12 -13 25 -15 -16 -17 17 -19 -20 -21 -22 -23 23 -25 -26 -27 -28 -29 -30 -31
leaf_value=-6.9013915926443033e-05 -2.6951423885592452e-05 0.0004461433677463377 0 -4.4573582849524702e-05 0 0 0 1.6008323860112837e-05 0.00018184454128956408 0 0 0.00038735634218122855 -0.00024613651234143739 -0.00033851813309827052 -0.00024165200352591193 0 -0.00014876397616965666 0 -0.00011350752245987664 0.00015733883506007478 -4.9349921016672669e-05 0 0.00036646172723022141 4.9516747861517924e-05 0 0 0 2.2839319978958348e-05 -3.3787145091602141e-06 0.00015804167537071778
leaf_weight=46 159 94 452 1025 90 207 37 1501 97 29 372 123 262 77 306 20 363 378 167 411 55 389 106 270 24 24 54 45 1545 262
leaf_count=46 159 94 452 1025 90 207 37 1501 97 29 372 123 262 77 306 20 363 378 167 411 55 389 106 270 24 24 54 45 1545 262
internal_value=0 6.3753e-05 -1.88856e-05 -5.4983e-06 3.62957e-05 0.000157306 0.000203771 -3.55809e-05 -0.000117698 7.78095e-06 -5.78477e-05 0.000303773 -7.95036e-05 -0.000230299 -0.00017901 0.000371609 -7.17706e-06 -5.78104e-05 -1.26267e-05 0.000109632 6.53381e-05 5.13401e-05 0.00010392 0.000136316 0.000277983 -0.000170062 -0.000197715 -0.000117584 1.554e-05 6.3474e-05
internal_weight=8990 2045 6945 6161 2509 732 250 3652 784 1313 478 160 1365 106 465 114 2287 786 319 618 152 835 446 400 130 340 316 408 2259 714
internal_count=8990 2045 6945 6161 2509 732 250 3652 784 1313 478 160 1365 106 465 114 2287 786 319 618 152 835 446 400 130 340 316 408 2259 714
is_linear=0
shrinkage=0.05


Tree=19
num_leaves=31
num_cat=0
split_feature=48 66 58 48 246 91 283 312 348 38 89 238 93 78 342 28 68 372 290 39 66 356 333 18 264 363 369 343 301 282
split_gain=0.00420428 0.00435786 0.0034405 0.00272304 0.00299333 0.00497422 0.00225165 0.00207939 0.001809 0.00175556 0.00145834 0.0013452 0.00131576 0.0012927 0.00194461 0.00121189 0.00115341 0.00113468 0.00113089 0.00111347 0.00109799 0.000969544 0.00104764 0.00101201 0.000955305 0.000838455 0.000822617 0.000861387 0.000755667 0.000685625
threshold=8.1256036758422869 11.366523106892904 -0.34209686517715449 -17.046490987141926 -0.24559579166779658 0.14770155151685077 0.11944234371185307 1.50383094730531 -10.35885840654373 1.6396966775258384 8.0787315368652362 0.52741400557960605 2.9973852237065639 0.84432188669840513 -1.7826775908470149 0.75209176540374767 0.19384902715682983 -0.18930217051845147 0.032769481341044106 -0.77502775192260731 -15.758469263712561 0.13347007005050707 1.2275620067879018 2.7155602375666303 0.32470702396008183 0.36058706935213486 52.390851795434564 24.012216250101726 -0.1632588803768156 1.4161205291748049
decision_type=2 2 2 2 8 2 10 10 10 2 2 10 2 2 10 2 2 2 10 2 2 10 10 2 10 10 2 10 10 10
left_child=1 3 19 8 5 13 7 -7 -1 12 15 25 16 20 -15 26 -6 24 -8 -2 -5 -13 23 -23 -11 -4 -3 29 -10 -28
right_child=2 10 11 4 9 6 18 -9 28 17 -12 21 -14 14 -16 -17 -18 -19 -20 -21 -22 22 -24 -25 -26 -27 27 -29 -30 -31
leaf_value=0 0.00060728207843490734 0 7.2494908061604115e-05 0.00014414743583283866 -7.8320955667560409e-05 0.00030603861241594458 -0.00029946820164819163 0 -0.00049368628651909059 0 0 -0.00018619753418927889 -0.00029484785953209149 -0.00039009943504614124 0 0 -1.1928807184405009e-05 -5.2436985867334454e-07 8.8184374301630239e-05 0 1.1768030511559233e-05 0 0 0.00032285832242297344 0.00017193112120040448 0.00028797167715731978 -0.00029600195834849296 0 0 0
leaf_weight=57 45 81 319 182 1065 296 25 31 54 53 111 53 55 47 118 78 2323 305 74 23 2397 80 376 55 228 94 282 33 20 30
leaf_count=57 45 81 319 182 1065 296 25 31 54 53 111 53 55 47 118 78 2323 305 74 23 2397 80 376 55 228 94 282 33 20 30
internal_value=0 -1.24436e-05 9.42335e-05 -1.02778e-06 2.39845e-06 3.93735e-05 0.000199183 0.00026247 -0.00022731 -2.54527e-05 -0.000140355 6.42446e-05 -3.98994e-05 1.2735e-05 -0.000118184 -0.000176832 -3.42763e-05 5.08893e-05 0 0.000450955 2.30539e-05 4.50662e-06 3.41015e-05 0.000154226 0.000124462 0.000133699 -0.00021001 -0.000245795 -0.000390446 -0.000271483
internal_weight=8990 7945 1045 7330 7199 3170 426 327 131 4029 615 977 3443 2744 165 504 3388 586 99 68 2579 564 511 135 281 413 426 345 74 312
internal_count=8990 7945 1045 7330 7199 3170 426 327 131 4029 615 977 3443 2744 165 504 3388 586 99 68 2579 564 511 135 281 413 426 345 74 312
is_linear=0
shrinkage=0.05


Tree=20
num_leaves=31
num_cat=0
split_feature=254 236 273 20 208 273 65 228 58 236 246 50 195 200 46 351 259 246 253 286 252 76 340 61 363 85 50 76 370 281
split_gain=0.00375086 0.00355594 0.00349034 0.00315322 0.00176815 0.00309542 0.00160675 0.00131264 0.00122527 0.0014288 0.00113006 0.00109517 0.00141307 0.0010406 0.00103052 0.00116154 0.00143341 0.00101497 0.000914816 0.000957848 0.000913075 0.00156872 0.00162686 0.00146535 0.000895754 0.000893204 0.000884615 0.000882242 0.000982891 0.000849499
threshold=0.65920379067254131 1.0361016049376148 0.14664836164196024 -2.3474495410919185 -0.22784166956466018 -0.38190687624594089 4.6684538523356123 -1.0691893264117522 0.1439723571141561 -0.9668818391893399 0.97200352667545153 6.2712790171305342 0.5414433739302591 -0.36821473942570154 0.44146289428075153 1.5592689514160167 2.2973952432661964 1.1703544048648742 0.8266749090292248 0.19957617033893843 -0.93310820768241221 -10.28853404521942 -0.93666724363962783 0.93903323014577245 -0.67954482372117297 8.7342217763264998 -12.680576324462889 3.7648369471232104 0.24484081226260687 -2.2362795422447923
decision_type=8 10 10 2 10 10 2 10 2 10 10 2 10 10 2 10 10 10 10 10 10 2 10 2 10 2 2 2 2 10
left_child=1 4 6 13 5 20 -2 -6 9 -7 25 27 -13 -3 15 -4 18 -16 -17 -20 26 22 -22 -23 -11 -5 29 -9 -29 -1
right_child=2 3 14 10 7 8 -8 11 -10 24 -12 12 -14 -15 17 16 -18 -19 19 -21 21 23 -24 -25 -26 -27 -28 28 -30 -31
leaf_value=0 -0.00012033862101053501 0 -2.1561737471953916e-07 9.4473102358909477e-05 -0.00019563822653707272 0 -0.00046325457097147818 -1.5878595336379379e-05 5.8523824701762652e-05 0.00012568819370496929 0 -0.00030294029490337491 0 0.00080052296931584516 0.00011091874571541552 0 4.2041327851941104e-05 -6.8684971823494177e-06 -0.00029358484118791896 0 0 -1.6719975770767989e-05 -0.00031521663902004532 0.00032475287288012466 0.00041723108204252935 0.00040806741381138622 6.2934696976771957e-06 -9.7887662447000053e-05 0.00014302147337355128 0.00020028612531659899
leaf_weight=35 594 20 575 468 112 40 51 2270 677 153 237 74 81 25 249 69 51 448 155 29 103 1000 92 32 85 38 874 29 189 135
leaf_count=35 594 20 575 468 112 40 51 2270 677 153 237 74 81 25 249 69 51 448 155 29 103 1000 92 32 85 38 874 29 189 135
internal_value=0 1.83865e-05 -5.64938e-05 0.000118488 4.3603e-06 3.01826e-05 -0.000155271 -2.40619e-05 0.000105733 0.000202658 8.57501e-05 -1.48923e-05 -0.000145149 0.000546781 -1.28881e-05 -5.10352e-05 -0.000130684 2.80477e-05 -0.00018526 -0.000244147 0 -3.07974e-05 -0.000161427 -1.25674e-06 0.000250942 0.000127979 3.27346e-05 -4.76234e-06 8.80185e-05 0.000139195
internal_weight=8990 6769 2221 788 5981 3226 645 2755 955 278 743 2643 155 45 1576 879 304 697 253 184 2271 1227 195 1032 238 506 1044 2488 218 170
internal_count=8990 6769 2221 788 5981 3226 645 2755 955 278 743 2643 155 45 1576 879 304 697 253 184 2271 1227 195 1032 238 506 1044 2488 218 170
is_linear=0
shrinkage=0.05


Tree=21
num_leaves=31
num_cat=0
split_feature=238 85 273 61 6 208 40 65 254 85 350 78 246 291 249 210 71 66 88 314 352 9 27 41 192 219 191 351 249 325
split_gain=0.00354613 0.00515419 0.00400078 0.00243623 0.00170814 0.00197141 0.001899 0.00139355 0.00132512 0.00179811 0.00140779 0.00130466 0.00127731 0.00104371 0.000982146 0.00185439 0.00119511 0.000959024 0.00097627 0.00135657 0.000943501 0.000925781 0.000920407 0.000887446 0.00086596 0.000858261 0.000960351 0.000833337 0.000806793 0.00121212
threshold=0.27378685519905926 2.7139628728230796 0.013096051614924302 0.297510822614034 0.70064802964528416 0.36213108208234829 1.4892862637837732 1.4156347910563152 -0.35505171127207541 -2.3203447659810377 1.1437865098317468 1.0031044483184817 -1.0546977619097169 -0.78607380390167225 -1.760154678722557 -2.05352616031761 -3.9281693299611402 12.988010406494142 1.9871101379394531 1.9642191367632207 0.0010442237059275501 1.1695385773976648 -0.41073328256607045 -3.6350035667419429 -0.24770938810937929 -0.23127094216743102 1.0111299167812511 0.83634066581726074 -0.024122741156023798 -0.94404794772466005
decision_type=8 2 10 2 2 10 2 2 10 2 10 2 10 10 10 10 2 2 2 10 10 2 2 2 8 10 10 10 10 10
left_child=1 3 7 8 25 6 -6 24 10 13 14 20 -3 23 16 -16 -1 -7 19 -19 28 -14 -13 -10 -2 -4 -27 -26 -5 -30
right_child=2 12 4 11 5 17 -8 -9 9 -11 -12 22 21 -15 15 -17 -18 18 -20 -21 -22 -23 -24 -25 27 26 -28 -29 29 -31
leaf_value=0.00019198648414089437 -0.00022798935168773083 0.00043740764789392228 1.6027695725844093e-05 2.8017714530662944e-06 0 7.4445959516435147e-06 0.00031260069878378372 -0.00033502062422556176 0 -2.3246521460349971e-06 0.00023273036855732217 0 0 0 0.00019937028508728132 1.0321028523131475e-05 -9.3774721601646573e-05 -1.8479305433595157e-07 0 -0.00030050349744497094 0 0.00018095201214388416 0.00036579305340496784 -0.00020512127804038095 0 -0.00013533441793164887 0 -0.00018714487992004461 0 0.0002555604604423018
leaf_weight=31 127 70 108 168 116 1616 99 118 29 1236 77 27 62 141 146 2060 363 126 163 91 268 239 76 278 265 504 135 78 28 145
leaf_count=31 127 70 108 168 116 1616 99 118 29 1236 77 27 62 141 146 2060 363 126 163 91 268 239 76 278 265 504 135 78 28 145
internal_value=0 2.52248e-05 -3.90277e-05 1.1022e-05 -1.34872e-05 6.5346e-06 0.000151492 -0.000158986 -1.8607e-06 -3.76283e-05 1.87722e-05 9.69395e-05 0.000205903 -0.000123848 1.0504e-05 2.51078e-05 -5.85608e-05 -6.58142e-06 -7.93696e-05 -0.000149236 5.83233e-05 0.000135332 0.000276487 -0.000175719 -0.000104092 -7.94341e-05 -0.000103392 -4.35916e-05 0.000113971 0.000192978
internal_weight=8990 5444 3546 5073 2958 2211 215 588 4361 1684 2677 712 371 448 2600 2206 394 1996 380 217 609 301 103 307 470 747 639 343 341 173
internal_count=8990 5444 3546 5073 2958 2211 215 588 4361 1684 2677 712 371 448 2600 2206 394 1996 380 217 609 301 103 307 470 747 639 343 341 173
is_linear=0
shrinkage=0.05


Tree=22
num_leaves=31
num_cat=0
split_feature=48 50 91 58 76 48 257 58 50 273 29 43 49 265 188 22 19 220 73 91 257 64 273 53 216 87 210 78 251 39
split_gain=0.00344854 0.00368525 0.00361416 0.0028464 0.00214353 0.00201873 0.00201219 0.00183793 0.00124149 0.00197716 0.0012723 0.00110946 0.00123418 0.00130415 0.00110162 0.0010959 0.00115508 0.0021902 0.00113599 0.00107744 0.000992701 0.000875412 0.000872388 0.00110178 0.00105106 0.000921843 0.000853404 0.000858032 0.000844531 0.000832041
threshold=8.1256036758422869 1.357673009236654 0.077429453531901019 -0.34209686517715449 -1.1073537891109781 -16.362373987833653 -0.39329176357077922 2.0738732020060229 7.013564745585124 1.3259287553951427 0.9585233132044475 -0.95653053124745679 -5.2930285135904942 -2.0517288976182151 0.40059841990096662 -7.6831452051798488 -13.292779286702475 -1.843743950799382 -7.9688129425048819 4.8553826014200849 0.7275636761507206 -1.5501469771067298 -0.6424586174611725 -1.7815606594085691 0.027042476818781653 0.47436332702636724 1.328591398534517 1.8035723368326824 0.72127373628060176 0.58259634176890063
decision_type=2 2 2 2 2 2 10 2 2 10 2 2 2 10 10 2 2 10 2 2 10 2 10 2 10 2 10 2 10 2
left_child=1 2 5 6 -3 11 -2 22 14 10 -10 12 13 -1 21 -7 17 -17 -18 -16 -12 -6 -4 24 -24 -25 27 -11 -21 -9
right_child=3 4 7 -5 8 15 -8 29 9 26 20 -13 -14 -15 19 16 18 -19 -20 28 -22 -23 23 25 -26 -27 -28 -29 -30 -31
leaf_value=0 0.00070655833156195577 -0.00019372440432165465 0 5.7534008930358164e-05 3.5806562109066767e-05 0.00035242378067465419 0 -0.00012986703142333007 0 0 -0.00036469769839802689 0 0 -0.00048668718555986345 0 4.3538910571364917e-06 7.8098218717812887e-05 -0.00038171936434203509 -4.4002377524757932e-06 0 -0.00011186027608344379 -9.8307042645676899e-05 0.00039681923488003819 1.6192990993030035e-06 0 0.00018727627652364318 -7.774833406322515e-05 0.000241375444263947 0.00039830105293997661 7.4474849085874627e-05
leaf_weight=24 33 292 23 977 98 22 35 89 106 87 112 29 45 60 867 40 460 57 3929 28 200 492 106 183 26 211 167 56 32 104
leaf_count=24 33 292 23 977 98 22 35 89 106 87 112 29 45 60 867 40 460 57 3929 28 200 492 106 183 26 211 167 56 32 104
internal_value=0 -1.12699e-05 1.12775e-05 8.53448e-05 -6.13025e-05 -3.99248e-06 0.000410827 0.000114027 -4.18439e-05 -9.66987e-05 -0.000167648 -0.000179888 -0.000247211 -0.00036125 -1.2219e-05 1.06719e-06 0 -0.00017118 3.10861e-06 1.76107e-05 -0.000218731 -6.75551e-05 0.000161059 0.000176691 0.000326468 0.000113754 0 8.86037e-05 0.000222717 0
internal_weight=8990 7945 5408 1045 2537 4666 68 742 2245 728 418 158 129 84 1517 4508 4486 97 4389 927 312 590 549 526 132 394 310 143 60 193
internal_count=8990 7945 5408 1045 2537 4666 68 742 2245 728 418 158 129 84 1517 4508 4486 97 4389 927 312 590 549 526 132 394 310 143 60 193
is_linear=0
shrinkage=0.05


Tree=23
num_leaves=31
num_cat=0
split_feature=48 66 58 48 208 85 6 257 348 89 50 40 61 238 12 207 28 39 356 333 18 283 77 363 356 220 301 219 334 67
split_gain=0.00314026 0.0033895 0.00261053 0.00215253 0.00233536 0.00407765 0.00187074 0.00174482 0.001538 0.00123438 0.00122643 0.00118746 0.00110003 0.00107072 0.00105946 0.00107802 0.00105764 0.00103982 0.000864602 0.0009181 0.000889161 0.000853828 0.000786036 0.000755261 0.000711291 0.000763957 0.000679908 0.000637471 0.000841411 0.000585923
threshold=8.1256036758422869 11.366523106892904 -0.34209686517715449 -17.046490987141926 0.14858321173250877 2.8328849474589037 0.65081804990768444 -0.39329176357077922 -10.35885840654373 8.0787315368652362 3.9825491905212407 2.1708785692850756 -2.1243020693461099 0.52741400557960605 0.88278023401896166 -1.2021501975837146 0.75209176540374767 2.2390111287434902 0.13347007005050707 1.2275620067879018 2.7155602375666303 -0.0042641758918762996 0.55540631214777647 0.36058706935213486 3.7013648475878873 1.3574995210443204 -0.1632588803768156 1.1872674890637611 1.6236844971406474 2.644881884256999
decision_type=2 2 2 2 8 2 2 10 10 2 2 2 2 10 2 10 2 2 10 10 2 10 2 10 10 10 10 10 10 2
left_child=1 3 7 8 5 14 10 -2 -1 16 22 12 -7 23 15 -5 24 -12 -15 20 -20 -16 -6 -4 25 -3 -10 28 -21 -8
right_child=2 9 13 4 6 11 29 -9 26 -11 17 -13 -14 18 21 -17 -18 -19 19 27 -22 -23 -24 -25 -26 -27 -28 -29 -30 -31
leaf_value=0 0.00067133715095682911 -0.00024813644475899513 5.8042291617119332e-05 -2.4354600164388165e-05 -8.2004607480795359e-05 0 2.0826697968724033e-05 0 -0.00044854010142538316 0 -0.00025872212151736049 0 0.00032963680911457451 -0.00018034811840507092 -0.00020475605694363124 3.4709182303251551e-05 0 0 0 -0.00024693282720041022 0.00029981077330511495 0 0 0.0002609714210879253 0 -8.5981318340758348e-06 0 3.2984895183327647e-05 0 -6.6749473231997365e-05
leaf_weight=57 33 305 319 936 678 27 1230 35 54 111 159 45 167 53 95 3025 78 65 80 56 55 81 476 94 33 88 20 254 66 215
leaf_count=57 33 305 319 936 678 27 1230 35 54 111 159 45 167 53 95 3025 78 65 80 56 55 81 476 94 33 88 20 254 66 215
internal_value=0 -1.06551e-05 8.154e-05 -5.07837e-07 2.46353e-06 2.59759e-05 -3.22122e-05 0.000393708 -0.000201813 -0.000123449 -7.41595e-05 0.000228083 0.000281739 5.46576e-05 1.30861e-05 1.94896e-05 -0.000157216 -0.000189531 5.80106e-07 2.91601e-05 0.000142148 -0.000102565 -4.74181e-05 0.000116385 -0.000188273 -0.000207235 -0.000352062 0 -0.000103865 4.33265e-06
internal_weight=8990 7945 1045 7330 7199 4376 2823 68 131 615 1378 239 194 977 4137 3961 504 224 564 511 135 176 1154 413 426 393 74 376 122 1445
internal_count=8990 7945 1045 7330 7199 4376 2823 68 131 615 1378 239 194 977 4137 3961 504 224 564 511 135 176 1154 413 426 393 74 376 122 1445
is_linear=0
shrinkage=0.05


Tree=24
num_leaves=31
num_cat=0
split_feature=48 238 85 20 264 48 208 61 61 238 238 207 297 64 220 50 279 208 226 243 207 61 64 246 252 217 220 37 256 237
split_gain=0.00289849 0.00318999 0.00301005 0.0023937 0.0019914 0.00184634 0.00166874 0.00152698 0.00130692 0.00114732 0.00104335 0.00152019 0.00119666 0.00103718 0.0012666 0.00106271 0.000993061 0.00139111 0.00126308 0.00109734 0.000971522 0.000963452 0.000964938 0.000946178 0.000909609 0.000908179 0.000874971 0.000789718 0.000776365 0.000760019
threshold=8.1256036758422869 0.20515492954280837 2.7139628728230796 -1.5931478341420491 -0.16202048056405896 -16.362373987833653 0.17072799897511623 0.34192727009455365 1.8389964997768404 0.51454562488722611 -0.93096084180113181 -1.4010088243209271 0.012653787930806451 3.0661675135294604 -0.23845694617072491 5.763298352559409 1.2751313732025416 1.4198600062569036 0.83787867720766529 0.2741099473420075 -0.78321247746251765 -2.1243020693461099 2.0206939379374189 -0.11109130650118888 -0.97509366250244478 0.94140195430120455 -0.55669352732296329 -1.5602826277414954 0.032759135409578505 -0.79690182820178868
decision_type=2 8 2 2 10 2 10 2 2 10 10 10 10 2 10 2 10 10 10 10 10 2 2 10 10 10 10 2 10 10
left_child=1 2 5 26 27 24 21 10 16 -5 12 -12 -7 14 -10 -16 19 18 -18 -6 -9 -4 -23 -22 -1 -11 -2 -3 -21 -26
right_child=3 4 6 9 8 7 -8 20 13 25 11 -13 -14 -15 15 -17 17 -19 -20 28 23 22 -24 -25 29 -27 -28 -29 -30 -31
leaf_value=-1.120760564824005e-05 0 -0.00036703488758580566 0 0.00011676464663324838 2.1975502118817322e-05 5.2049863154250524e-05 0 -4.5130823343755258e-05 0 -6.2862829436718319e-05 -0.0001894555493721554 -6.9457435474925394e-06 -0.00011972062696954217 0 -9.5658468864512314e-06 -0.00032330943724634669 0 -4.0414564400232831e-05 0.00023783525176773192 -0.00015559430866768196 0.00020301639257574888 0.0003889050020535464 0 2.6363837862157904e-05 -0.00047263022768091555 6.3097745724092079e-05 0.00048433271136449023 -0.0001054135174709664 -3.6135442735737929e-05 0
leaf_weight=99 21 62 25 401 531 1265 64 59 37 259 125 2482 95 131 78 134 99 156 131 204 216 115 22 237 37 313 51 308 1211 22
leaf_count=99 21 62 25 401 531 1265 64 59 37 259 125 2482 95 131 78 134 99 156 131 204 216 115 22 237 37 313 51 308 1211 22
internal_value=0 -1.02251e-05 1.42005e-05 7.83498e-05 -5.0387e-05 4.40741e-06 0.000192928 1.13812e-05 -3.31946e-05 5.1693e-05 0 -1.76215e-05 3.63671e-05 -0.000121469 -0.000181448 -0.000231508 -1.66616e-05 5.17812e-05 0.000136034 -3.28088e-05 9.26684e-05 0.000278663 0.000330729 0.000121657 -0.000161542 0 0.000368667 -0.00016285 -5.69009e-05 -0.00032875
internal_weight=8990 7945 4863 1045 3082 4637 226 4479 2712 973 3967 2607 1360 380 249 212 2332 386 230 1946 512 162 137 453 158 572 72 370 1415 59
internal_count=8990 7945 4863 1045 3082 4637 226 4479 2712 973 3967 2607 1360 380 249 212 2332 386 230 1946 512 162 137 453 158 572 72 370 1415 59
is_linear=0
shrinkage=0.05


Tree=25
num_leaves=31
num_cat=0
split_feature=66 249 85 246 36 210 226 65 252 313 12 209 290 246 10 227 321 35 50 41 353 353 50 343 55 259 319 67 279 34
split_gain=0.00265557 0.00273646 0.00242408 0.00183447 0.00193537 0.00182731 0.002163 0.00171774 0.00165765 0.00158783 0.00129063 0.00131689 0.0012603 0.00186646 0.00125118 0.00119842 0.00108653 0.00141743 0.00105947 0.00102158 0.00105799 0.00105488 0.00098826 0.00106491 0.000944913 0.000888851 0.00101986 0.000879692 0.00104772 0.000866133
threshold=-5.25058889389038 -0.32628118759597541 -1.114160895347595 -1.7879919710277907 0.32294163107872015 0.21551009298434712 0.70292908582762115 3.7351090113321943 -0.9528289754768281 1.1493215854032273 0.50080104296406114 1.5626056059735811 -1.4140032132466633 -0.3314956541111253 0.30351050694783527 0.058256940988023607 -2.4428371942015752 -0.023366242647170948 -14.580469290415442 -3.5168627103169752 -0.43443777304231251 -1.6001802270193048 -1.6226615905761717 -4.0145807266235343 -0.44045627117156977 -0.23229597055285398 -0.0089566635461370472 2.5734202067057295 1.0389347643587805 0.77750937143961596
decision_type=2 10 2 10 2 8 10 2 10 10 2 10 10 10 2 10 10 2 2 2 10 10 2 10 2 10 10 2 10 2
left_child=1 8 7 4 -3 6 22 12 -1 -8 15 24 19 25 -10 -7 -16 -18 -5 -2 21 -21 23 -4 -12 -14 -27 28 -17 -29
right_child=2 3 5 18 -6 10 9 -9 14 -11 11 -13 13 -15 16 27 17 -19 -20 20 -22 -23 -24 -25 -26 26 -28 29 -30 -31
leaf_value=6.7096151223111218e-05 5.8390136979519844e-05 0.00070674797868900676 0 -0.00015309311462690883 0 -8.2235802575408897e-05 5.5329013461311464e-05 -0.00035080409107663611 7.3868573367903823e-06 0.00049557154987450822 0 1.4801419117436074e-05 0 -7.6202220113210197e-05 2.8591644525400483e-05 0 -0.00033329710120036257 -5.1141686554665187e-05 0.00011320023306017763 -5.2704332553112905e-05 0 -0.00022571392625622867 0 0.00015892102645409403 -0.00021989281059539616 0.00032370643675117726 0 -0.0001136732594067621 9.2908118251868311e-05 0
leaf_weight=605 49 30 233 24 21 481 99 59 364 46 32 69 181 453 51 1588 92 201 657 263 129 288 1316 237 208 65 87 274 400 388
leaf_count=605 49 30 233 24 21 481 99 59 364 46 32 69 181 453 51 1588 92 201 657 263 129 288 1316 237 208 65 87 274 400 388
internal_value=0 5.00169e-05 -1.48071e-05 0.000127743 0.000446695 2.63186e-07 4.00876e-05 -6.94051e-05 2.87047e-06 0.000229696 -2.06388e-05 -0.00011962 -5.51238e-05 -4.32147e-06 -4.49522e-05 -9.26994e-06 -0.000114851 -0.000156879 9.64533e-05 -0.000103032 -0.000122023 -0.000152231 2.18824e-05 8.41123e-05 -0.00017908 7.84453e-05 0.000167589 2.08994e-06 2.04856e-05 -4.55956e-05
internal_weight=8990 2045 6945 732 51 5371 1931 1574 1313 145 3440 309 1515 786 708 3131 344 293 681 729 680 551 1786 470 240 333 152 2650 1988 662
internal_count=8990 2045 6945 732 51 5371 1931 1574 1313 145 3440 309 1515 786 708 3131 344 293 681 729 680 551 1786 470 240 333 152 2650 1988 662
is_linear=0
shrinkage=0.05


Tree=26
num_leaves=31
num_cat=0
split_feature=48 50 48 58 273 19 238 279 273 349 257 67 348 238 276 238 302 37 296 258 356 333 36 238 328 210 78 353 216 29
split_gain=0.00253924 0.00285019 0.00227326 0.00215626 0.0021428 0.0017685 0.0018218 0.00161225 0.00159849 0.00153076 0.00144878 0.00112343 0.00112129 0.000892635 0.000844835 0.000817006 0.000884865 0.000811113 0.000934867 0.000856032 0.000771997 0.000838303 0.000767576 0.000699476 0.000691606 0.000653113 0.00077211 0.000598251 0.000784639 0.000596529
threshold=8.1256036758422869 7.013564745585124 -16.362373987833653 -0.34209686517715449 1.3259287553951427 6.3749748865763349 -0.2899867508517982 -0.37996353417986095 -0.38190687624594089 1.7384688100544058e-08 -0.39329176357077922 1.0516840219497683 1.4422618548075363 0.12968930655391411 0.030656701997348452 0.52741400557960605 0.56056484453696631 0.63526914517084776 -0.29992555330196963 -1.8530827447797129 0.13347007005050707 1.2275620067879018 0.9583575328191124 -2.3220423156799246 -0.14362204074859605 1.328591398534517 1.8035723368326824 3.4901118817815986 1.9305072453009335 0.75307345390319835
decision_type=2 2 2 2 10 2 8 10 10 10 10 2 10 10 10 10 10 2 10 10 10 10 2 10 8 10 2 10 10 2
left_child=1 2 17 10 11 6 8 24 23 -7 -2 -3 -10 -9 -13 16 -5 18 -1 -20 -17 22 -22 -4 -8 26 -6 28 -16 -11
right_child=3 4 5 15 25 9 7 13 12 29 -12 14 -14 -15 27 20 -18 -19 19 -21 21 -23 -24 -25 -26 -27 -28 -29 -30 -31
leaf_value=0 0.00061077512611650508 -0.00045087068134547079 0.00010751796639908626 6.9368550655694149e-06 0 0 -0.00013887254549913643 3.9727692124053024e-05 0.00011134643930566812 0 0 0 -1.7128527880000399e-05 -2.2885603832538521e-05 -0.00022459229061609512 -0.00017052709472871789 0.00018251761967965624 0 0 -0.00036748424537260901 0.00020863098960432759 0 0 -2.2721664840015649e-06 -2.5796536716713294e-05 -6.8014846318428562e-05 0.00022301009003074642 0 0 0.000261143063439193
leaf_weight=23 33 47 152 217 90 82 391 755 740 30 35 54 138 2099 238 53 196 41 24 89 101 376 34 2056 413 167 56 60 55 145
leaf_count=23 33 47 152 217 90 82 391 755 740 30 35 54 138 2099 238 53 196 41 24 89 101 376 34 2056 413 167 56 60 55 145
internal_value=0 -9.54932e-06 0 7.33547e-05 -0.00010116 4.71597e-06 0 -2.4059e-05 2.81014e-05 0.000133425 0.000357957 -0.00017054 8.54596e-05 -4.56914e-06 -0.000125783 4.83944e-05 0.000102391 -0.000176666 -0.000235611 -0.000295746 0 2.74769e-05 0.000135532 3.02599e-06 -8.7016e-05 0 7.67126e-05 -0.000155636 -0.000185159 0.000219077
internal_weight=8990 7945 7178 1045 767 7001 6744 3658 3086 257 68 454 878 2854 407 977 413 177 136 113 564 511 135 2208 804 313 146 353 293 175
internal_count=8990 7945 7178 1045 767 7001 6744 3658 3086 257 68 454 878 2854 407 977 413 177 136 113 564 511 135 2208 804 313 146 353 293 175
is_linear=0
shrinkage=0.05


Tree=27
num_leaves=31
num_cat=0
split_feature=238 236 273 48 6 208 67 252 91 246 87 199 22 67 19 238 38 73 249 57 349 352 255 333 28 226 19 363 347 233
split_gain=0.00234298 0.0035666 0.00279723 0.00220868 0.00141369 0.00164618 0.00137701 0.00126997 0.0012576 0.00178965 0.00131606 0.00137664 0.00125294 0.00101631 0.000970107 0.00220619 0.000950371 0.000942142 0.000905448 0.000821725 0.000796468 0.000712956 0.000681239 0.00109285 0.00119819 0.000779021 0.000754233 0.000681196 0.000616691 0.000829975
threshold=0.52741400557960605 1.0361016049376148 0.013096051614924302 -17.046490987141926 0.70064802964528416 0.073036394547949954 1.141654968261719 -0.97509366250244478 0.14770155151685077 -0.22537556161971725 -0.18082622687021888 0.2421739587848076 -7.6831452051798488 -0.72749658425648989 -13.292779286702475 -2.3884924107449792 1.6396957238515222 -7.9688129425048819 1.9060660262309779 0.30203129847844451 4.6622330347696943 0.072868347167968653 1.8223427331327826 2.2729875318294304 0.23115783929824862 1.7768328952294852 3.7780421574910488 -1.9923156730866036 1.0000000180025095e-35 1.0295784449826919
decision_type=8 10 10 2 2 10 2 10 2 10 2 10 2 2 2 10 2 2 10 2 10 10 10 10 2 10 2 10 10 10
left_child=1 3 20 7 6 21 -4 -1 12 10 19 -12 -5 -3 15 -14 27 -16 -15 -10 -2 -6 25 24 -24 -7 -27 -11 -8 -30
right_child=2 13 4 8 5 22 28 -9 9 16 11 -13 14 18 17 -17 -18 -19 -20 -21 -22 -23 23 -25 -26 26 -28 -29 29 -31
leaf_value=0 -0.00011171717159574255 0.00055532825592382728 -0.00046652954028674089 0.00035834609389815217 0 -2.7547155733009844e-06 7.4230035301491538e-07 -0.00036899063298989133 -0.00022429071534409018 -0.00023466999564913856 0.00026851346945998375 0 0.00016553208068613475 7.3424003730748492e-05 6.655912102544334e-05 -0.00030586767640225618 9.8845915931328388e-05 -7.4598016217085574e-06 0.00033319281601773223 7.9209652197236491e-05 -0.00038537905298466086 0.00038030620489916606 0 0 -0.00025016437915330688 0 0.00019836131411423211 0 -0.00015382107767136254 0
leaf_weight=79 261 22 28 24 23 1192 120 60 29 36 208 69 21 380 482 79 216 3946 58 94 61 40 122 230 119 69 99 505 221 97
leaf_count=79 261 22 28 24 23 1192 120 60 29 36 208 69 21 380 482 79 216 3946 58 94 61 40 122 230 119 69 99 505 221 97
internal_value=0 1.66775e-05 -3.91119e-05 5.2434e-06 -1.78747e-05 0 -9.59184e-05 -0.000189743 1.08699e-05 5.74465e-05 0.000143789 0.00020427 0 0.00015114 -2.88209e-06 -0.000156857 5.20605e-06 0 0.000119304 0 -0.000179187 0.000252323 -7.31803e-06 -6.0528e-05 -0.00013598 7.43671e-06 0.00010945 -2.29516e-05 -6.07124e-05 -9.96141e-05
internal_weight=8990 6308 2682 5848 2360 1894 466 139 5709 1157 400 277 4552 460 4528 100 757 4428 438 123 322 63 1831 471 241 1360 168 541 438 318
internal_count=8990 6308 2682 5848 2360 1894 466 139 5709 1157 400 277 4552 460 4528 100 757 4428 438 123 322 63 1831 471 241 1360 168 541 438 318
is_linear=0
shrinkage=0.05


Tree=28
num_leaves=31
num_cat=0
split_feature=66 236 20 72 208 91 73 10 10 37 227 56 224 242 362 59 243 238 302 207 369 47 32 27 339 200 357 31 12 6
split_gain=0.00225439 0.00219946 0.0023213 0.00183453 0.00160256 0.0019251 0.00189522 0.00132046 0.00142673 0.00189601 0.00131143 0.00130519 0.00123613 0.00116133 0.00105116 0.00103492 0.00101435 0.000937002 0.000888865 0.000797214 0.000793722 0.000751675 0.000732193 0.000702703 0.000690723 0.000677163 0.000667612 0.000650415 0.000623939 0.000883636
threshold=11.366523106892904 1.0361016049376148 -2.3474495410919185 4.1930243174235029 0.14858321173250877 -1.3485927581787107 -7.9688129425048819 0.62464406092961644 0.71952613194783532 -0.88718883196512854 0.058256940988023607 0.56372177600860607 0.36592148667534469 -1.4112549146387876 -0.73029735312599509 -5.0757083892822257 -0.75378522342979226 0.51454562488722611 -0.39403424895376682 -0.59530029833389464 68.325586986088652 0.48527308305104572 0.88965928554534923 5.816105206807455 2.0588988258528138 -0.36821473942570154 1.435892397865139 0.96081320444742846 0.53687880436579394 1.2689008712768559
decision_type=2 10 2 2 8 2 2 2 2 2 10 2 10 10 8 2 10 10 10 10 2 2 2 2 10 10 10 2 2 2
left_child=1 4 25 11 5 7 13 12 9 -9 22 20 16 -7 27 -10 -1 26 -14 -16 -2 -22 -6 -19 -5 -3 -4 -8 -12 -30
right_child=3 2 17 24 10 6 14 8 15 -11 28 -13 18 -15 19 -17 -18 23 -20 -21 21 -23 -24 -25 -26 -27 -28 -29 29 -31
leaf_value=5.6788926226482799e-05 0 0 4.5851701235219243e-05 6.9843106332045452e-05 -0.00012716823663917279 0 8.7310984482917177e-06 -0.00042749082471298409 2.1688803746366554e-05 0 0 -7.1808468487577089e-05 -0.00026904132153771201 0.00047452102024691601 -6.5983524299840138e-06 -0.00012121313424262877 -2.301933493506861e-05 0 0 8.3167509251302516e-05 0 -0.0004395146945332264 0 0.00020994613947213526 -7.1974118548506121e-05 0.00064161291088077777 0.00022163564514502505 -0.00014699742062143951 -0.0002342904634701402 0
leaf_weight=822 22 20 278 186 498 22 893 65 255 58 1670 306 67 43 191 193 665 726 42 1107 24 79 230 42 158 25 131 72 71 29
leaf_count=822 22 20 278 186 498 22 893 65 255 58 1670 306 67 43 191 193 665 726 42 1107 24 79 230 42 158 25 131 72 71 29
internal_value=0 7.72591e-06 6.9768e-05 -8.14778e-05 -2.40156e-06 1.46652e-05 4.68431e-05 -1.75966e-05 -8.32697e-05 -0.00024112 -3.51131e-05 -0.000150249 2.77026e-06 0.000323231 3.66811e-05 -2.87289e-05 1.77365e-05 5.14176e-05 -0.000155402 6.61072e-05 -0.000302091 -0.000360526 -9.24619e-05 1.13473e-05 0 0.00043769 0.000114417 0 -8.69699e-06 -0.000130078
internal_weight=8990 8215 1222 775 6993 4495 2328 2167 571 123 2498 431 1596 65 2263 448 1487 1177 109 1298 125 103 728 768 344 45 409 965 1770 100
internal_count=8990 8215 1222 775 6993 4495 2328 2167 571 123 2498 431 1596 65 2263 448 1487 1177 109 1298 125 103 728 768 344 45 409 965 1770 100
is_linear=0
shrinkage=0.05


Tree=29
num_leaves=31
num_cat=0
split_feature=254 236 66 85 252 336 246 193 264 343 313 40 346 266 46 52 66 219 50 346 356 24 210 68 79 11 191 275 243 60
split_gain=0.00211197 0.00241324 0.00177847 0.0020047 0.00150663 0.00228812 0.00135109 0.00155523 0.00142075 0.00133465 0.00141174 0.00160526 0.0011921 0.00108269 0.000976018 0.000961357 0.000876341 0.00192132 0.000852122 0.000914872 0.000823519 0.000816158 0.000792532 0.000771819 0.000634577 0.000515337 0.000488244 0.000485703 0.000799115 0.00036669
threshold=-1.6709077385562481 -1.488015832644543 15.583945592244467 8.7342217763264998 -0.97509366250244478 -0.30429699301270374 0.30494735630442948 0.53609691296334394 0.24142486643033792 0.88141431411107385 2.4276820773435541 -0.079237808783849048 -1.4374360243479409 1.336271188697215 0.15695543587207791 -3.190531730651855 -17.492905298868809 -0.69301694737259056 7.7888151804606123 7.1804583867390965 0.45770719338278848 0.72267023722330737 -0.3755646632185789 0.10042276481787361 0.74845325946807872 0.14549718300501507 1.9210389576888167 -1.634360432641601 -1.5087680196858042 -1.8814808527628577
decision_type=8 10 2 2 10 10 10 10 10 10 10 2 10 10 2 2 2 10 2 10 10 2 10 2 2 2 10 10 10 2
left_child=16 4 3 6 29 15 8 23 14 24 11 -11 -7 18 -3 -6 17 27 -4 -20 -14 -18 -10 -8 -5 -12 -9 -1 -29 -2
right_child=1 2 13 9 5 12 7 26 22 10 25 -13 20 -15 -16 -17 21 -19 19 -21 -22 -23 -24 -25 -26 -27 -28 28 -30 -31
leaf_value=-6.5835857096632053e-05 1.7595089357635437e-05 -1.2183875237633759e-05 0 -0.00023689031307980746 0 0.00024882214500604742 -0.00017221171813871638 -3.819569274495128e-06 0.00017987100382896548 0 0.00011146667760480109 0.00041091502361865979 -0.00028969623905297797 0 4.2589461274716904e-05 -0.00036391807120630693 -1.0921048080703702e-06 0.0004265534822729543 -0.00036139664004308596 0 0 0.00015598671187046752 3.9440414940725363e-05 -4.3962308582345762e-05 4.6710431671692083e-05 -0.00014592773171173996 7.8315244285215521e-05 0.00030491021377374939 0 -6.2312132217515699e-05
leaf_weight=34 138 2264 53 27 20 31 188 1728 196 30 64 96 37 114 1219 135 208 64 86 22 29 97 514 983 30 23 196 33 32 299
leaf_count=34 138 2264 53 27 20 31 188 1728 196 30 64 96 37 114 1219 135 208 64 86 22 29 97 514 983 30 23 196 33 32 299
internal_value=0 -5.68751e-06 1.5783e-06 6.75218e-06 -9.55341e-05 -0.000196846 1.10166e-06 -2.32158e-05 2.02438e-05 0.000140706 0.00020187 0.000311216 0 -0.000122394 5.55118e-06 -0.000316011 0.000103395 0.000205274 -0.00020587 -0.00028787 -0.000126322 3.25108e-05 8.52683e-05 -6.88347e-05 -2.40692e-07 0 1.95261e-06 1.14848e-05 0.000128773 -2.5641e-05
internal_weight=8990 8522 7833 7558 689 252 7288 3095 4193 270 213 126 97 275 3483 155 468 163 161 108 66 305 710 1171 57 87 1924 99 65 437
internal_count=8990 8522 7833 7558 689 252 7288 3095 4193 270 213 126 97 275 3483 155 468 163 161 108 66 305 710 1171 57 87 1924 99 65 437
is_linear=0
shrinkage=0.05


Tree=30
num_leaves=31
num_cat=0
split_feature=238 48 273 19 48 4 50 19 212 316 207 252 359 67 317 209 252 351 22 227 202 219 347 360 33 362 351 335 216 363
split_gain=0.0019987 0.00301641 0.00239811 0.00190052 0.00166363 0.0015146 0.0013952 0.00140631 0.00125033 0.00131849 0.00121651 0.00161843 0.0013227 0.00111268 0.00101186 0.00194668 0.000994131 0.000892637 0.00171315 0.000861451 0.00086603 0.000830834 0.000818286 0.000802771 0.000768144 0.00077651 0.000753106 0.0015254 0.00075264 0.000674661
threshold=0.52741400557960605 1.4704879919687908 0.013096051614924302 2.2099774678548179 -17.046490987141926 -0.97481211026509584 -6.456096013387044 -10.558696111043293 -0.27475099480450754 1.7145815482029891 -0.37472523247035538 0.048051633239357953 -2.6695329968621171 0.24532248576482138 -0.83114008586315613 0.25707515721868196 -0.97509366250244478 -0.19275029500325497 -1.3678662776947019 -0.69641279212224649 -0.29269487890127488 -0.68018917801871992 -2.6018592417240138 3.3869696775802054 1.4763163725535076 -1.4690734851595233 0.63526086012522376 1.6012895999627039 1.7910116098143793 -1.4366105253990065
decision_type=8 2 10 2 2 2 2 2 10 10 10 10 10 2 10 10 10 10 2 10 10 10 10 10 2 10 10 10 10 10
left_child=1 4 26 5 16 13 10 -8 9 14 19 12 -12 21 -4 -16 -1 22 -19 29 -21 -3 -9 -10 25 -5 -2 -28 -25 -6
right_child=2 3 8 24 6 -7 7 17 23 -11 11 -13 -14 -15 15 -17 -18 18 -20 20 -22 -23 -24 28 -26 -27 27 -29 -30 -31
leaf_value=0 -7.671066703832551e-05 0 0 0 1.1902323419599394e-06 0 -0.00030568997961061961 0 3.9046569497629908e-06 0 0 -6.945994909275381e-05 0.00027734240529736731 4.7719807168922272e-05 0 -0.00046378544726250804 -0.0003345874397786483 0.00017788298914190266 0 -0.00012317183800542877 0.00010059118049650773 0.0004760670589288845 -7.6299460863679246e-05 -0.00020620221357872995 1.8786054329076332e-05 0.00021882410774794458 -0.00040266189406439892 0 0 0.00012473112010790707
leaf_weight=79 214 22 50 28 423 870 42 676 1982 62 24 32 166 199 28 67 60 142 1845 172 34 41 749 91 151 342 82 26 80 211
leaf_count=79 214 22 50 28 423 870 42 676 1982 62 24 32 166 199 28 67 60 142 1845 172 34 41 749 91 151 342 82 26 80 211
internal_value=0 1.53544e-05 -3.61733e-05 7.35577e-05 -4.24072e-06 3.14953e-05 0 -1.43923e-05 -1.63358e-05 -0.000134391 5.10922e-05 0.00015848 0.000223188 0.000136863 -0.000220216 -0.000317163 -0.000174648 -9.33238e-06 1.03658e-05 1.6744e-05 -6.19491e-05 0.00033868 -4.03066e-05 -2.65747e-06 0.00015533 0.000197525 -0.000165993 -0.000296416 -0.000107897 5.0204e-05
internal_weight=8990 6308 2682 1653 4655 1132 4516 3454 2360 207 1062 222 190 262 145 95 139 3412 1987 840 206 63 1425 2153 521 370 322 108 171 634
internal_count=8990 6308 2682 1653 4655 1132 4516 3454 2360 207 1062 222 190 262 145 95 139 3412 1987 840 206 63 1425 2153 521 370 322 108 171 634
is_linear=0
shrinkage=0.05


Tree=31
num_leaves=31
num_cat=0
split_feature=48 50 210 48 50 19 264 252 321 201 11 367 353 19 290 252 360 219 207 76 15 329 303 205 247 252 79 316 27 346
split_gain=0.00189597 0.00289008 0.00248103 0.00150522 0.00152984 0.00173754 0.00161222 0.0014398 0.00119499 0.0010896 0.00148674 0.00108395 0.00123378 0.0010407 0.00200812 0.00105555 0.00102234 0.00095389 0.00115624 0.000932554 0.000858538 0.000692246 0.000814008 0.000673203 0.000920682 0.000619942 0.00101577 0.00121372 0.000599541 0.000681662
threshold=1.4704886277516687 6.6879355112711592 0.28010453946518482 -14.292975107828775 -6.456096013387044 -9.6378434499104806 -0.99673102502557631 -0.97509366250244478 -0.046097396468860644 -0.505390745048787 -0.074391558766364982 -0.6017599830992908 1.8738366872354546 6.9392976760864267 1.1047785679499311 -0.085204277964198979 -0.98262621655476912 0.10844459740171612 -0.36507863258020495 -2.8973809878031411 -0.088219712177912343 0.19638802607854197 -0.61166900598393992 1.064318639977776 0.72020645833201102 0.33638774999026111 -0.34153938293457026 0.062407864914485557 -0.29297251502672822 5.8564127286275243
decision_type=2 2 8 2 2 2 10 10 10 10 2 2 10 2 10 10 10 10 10 2 2 10 10 10 10 10 2 10 2 10
left_child=1 3 13 7 6 -6 9 -1 -9 -5 -11 -3 16 15 -15 21 -13 18 -8 -7 -19 22 -2 -4 -25 26 27 -17 -18 -30
right_child=2 11 23 4 5 19 17 8 -10 10 -12 12 -14 14 -16 25 28 20 -20 -21 -22 -23 -24 24 -26 -27 -28 -29 29 -31
leaf_value=0 3.8587461293443624e-05 0 -2.1756131625362167e-05 4.0104917954567794e-05 -0.00029433077326523096 -5.7861314730807328e-05 7.0342645523152495e-05 -0.00033324762053468663 0 1.9393576342484709e-05 -0.00025333040450990118 0 0 0 0.00043503905151111972 0 0 -0.00031236530100898954 0.00030752921475652833 1.7257652244637788e-06 6.4072333793623051e-05 0 0.00025691853548596668 0.00011663207820654588 0 7.9307720901283254e-05 2.9024167897728884e-05 -0.00036146916834510034 -0.00045532824714213495 0
leaf_weight=192 145 124 1202 438 55 772 237 95 31 48 89 33 80 23 65 53 33 20 119 3509 45 39 163 251 590 234 145 43 97 20
leaf_count=192 145 124 1202 438 55 772 237 95 31 48 89 33 80 23 65 53 33 20 119 3509 45 39 163 251 590 234 145 43 97 20
internal_value=0 -1.60953e-05 3.27942e-05 -6.11407e-06 0 -1.26465e-05 5.60658e-05 -0.000111776 -0.000245075 0 -0.000121363 -0.000148861 -0.000207131 0.000101513 0.000287864 7.54487e-05 -0.000280168 0.000130411 0.000163732 -7.85285e-06 0 0.000144187 0.000170407 0 3.63934e-05 1.46897e-05 -2.732e-05 -0.000164394 -0.000335826 -0.000396688
internal_weight=8990 6037 2953 5650 5332 4336 996 318 126 575 137 387 263 910 88 822 183 421 356 4281 65 347 308 2043 841 475 241 96 150 117
internal_count=8990 6037 2953 5650 5332 4336 996 318 126 575 137 387 263 910 88 822 183 421 356 4281 65 347 308 2043 841 475 241 96 150 117
is_linear=0
shrinkage=0.05


Tree=32
num_leaves=31
num_cat=0
split_feature=66 85 67 91 72 253 56 294 210 6 272 252 12 254 19 10 250 351 80 337 200 190 213 330 91 251 92 46 290 216
split_gain=0.00182862 0.00224521 0.00165842 0.00174615 0.0015871 0.00127118 0.00113505 0.00114801 0.00111181 0.0020784 0.00175099 0.00154332 0.00141183 0.00105576 0.0016007 0.00121408 0.000982234 0.000908285 0.00102916 0.000869588 0.000698992 0.000648363 0.000653761 0.000631937 0.000716744 0.000626424 0.000594217 0.00058469 0.000534095 0.000427473
threshold=11.366523106892904 10.437032381693525 2.5053176085154218 -0.071179946263631139 4.1930243174235029 1.5031675221010385 1.3140528996785485 1.762590845425924 -0.32696681350392726 1.1185557047526045 -0.16875739590540256 0.2786813564625869 0.63790142536163341 -1.6709077385562481 -9.6378434499104806 0.42316261927286786 1.4093551820177384 -1.3749848604202268 -1.9825223286946614 1.8957601269135431 -0.040822907671322343 1.4985809647230306 -0.69031956616136958 3.6003853082656874 4.1872008641560878 -0.30764755477266492 1.0673456986745202 0.51458346843719494 -1.5177501042683919 0.90963011031449337
decision_type=2 2 2 2 2 10 2 10 10 2 10 10 2 8 2 2 10 10 2 10 8 10 10 10 2 10 2 2 10 10
left_child=1 2 3 13 6 16 7 28 10 12 25 -12 -10 17 15 -15 -3 18 -1 21 -16 22 -4 24 -6 -5 -11 -24 -2 -26
right_child=4 5 19 8 23 -7 -8 -9 9 26 11 -13 -14 14 20 -17 -18 -19 -20 -21 -22 -23 27 -25 29 -27 -28 -29 -30 -31
leaf_value=0 -0.00031044878496523756 0.0004389047405909185 0 9.3276095892840048e-05 0 0 0 -0.00043045308630946036 3.803220155136868e-06 0.00013643564148865364 0.00027515364813861302 0 -0.00017864728569349817 0 8.2603831015648237e-06 -0.00025697624355720561 0 0 0.00028239029222948593 2.3776283324237327e-06 -3.1616178018877908e-05 0 -0.00018631618466148921 -0.00015281308253821711 0 -8.9932939745917889e-05 0 0 -4.0258224835540742e-05 0.00021757423322478237
leaf_weight=72 39 60 55 98 191 69 154 60 971 413 196 55 114 106 3151 115 21 200 87 142 1618 49 299 52 33 88 171 65 178 68
leaf_count=72 39 60 55 98 191 69 154 60 971 413 196 55 114 106 3151 115 21 200 87 142 1618 49 299 52 33 88 171 65 178 68
internal_value=0 6.88311e-06 2.68762e-06 9.77014e-06 -7.34565e-05 0.000198998 -0.000137497 -0.000199129 4.85558e-05 2.60669e-05 0.000122981 0.000209191 -1.07735e-05 -4.56636e-06 -1.14027e-05 -0.0001437 0.000335377 7.65105e-05 0.000165785 -7.56621e-05 -4.22068e-06 -0.000110018 -0.000131858 0 3.52626e-05 0 0.000103062 -0.000156531 -0.000111969 0.000146001
internal_weight=8990 8215 8065 7455 775 150 431 277 2106 1669 437 251 1085 5349 4990 221 81 359 159 610 4769 468 419 344 292 186 584 364 217 101
internal_count=8990 8215 8065 7455 775 150 431 277 2106 1669 437 251 1085 5349 4990 221 81 359 159 610 4769 468 419 344 292 186 584 364 217 101
is_linear=0
shrinkage=0.05


Tree=33
num_leaves=31
num_cat=0
split_feature=66 85 67 85 67 72 205 50 194 67 6 56 48 22 327 333 377 360 46 52 350 44 360 253 43 324 54 85 48 56
split_gain=0.00170844 0.00204888 0.00147213 0.0016074 0.00147549 0.00145428 0.00144564 0.00122476 0.001442 0.00115218 0.00110023 0.00107781 0.00100949 0.00129584 0.00089263 0.000919163 0.000864594 0.00085403 0.000747736 0.000816123 0.000736887 0.00117141 0.000650013 0.000635368 0.000629137 0.000561877 0.000545489 0.000543512 0.000503485 0.000502973
threshold=11.366523106892904 10.437032381693525 2.5053176085154218 -0.31113270918528235 2.1503570079803471 4.1930243174235029 0.64026735943144819 0.47211488087972003 0.62578494456245537 1.6850331624348962 1.9962810675303146 0.56372177600860607 -16.362373987833653 -7.6831452051798488 0.5227109193801881 0.82574074870401715 1.4582800730665504 -0.58602304722706167 -0.030810507635275448 0.58082737525304162 1.5648868878682458 -0.69489196936289466 -1.0000221327765686 2.2944258846417935 -0.95653053124745679 0.91777874032656348 0.6245548129081725 1.6491574446360271 3.7179040908813481 0.11232007046540576
decision_type=2 2 2 2 2 2 10 2 10 2 2 2 2 2 10 10 2 10 2 2 10 2 10 10 2 10 2 2 2 2
left_child=1 2 3 4 12 11 22 20 9 -9 -8 17 24 -14 15 23 25 -2 -6 -20 21 -5 -3 -4 -1 28 -19 -10 -7 -22
right_child=5 6 14 7 18 16 10 8 27 -11 -12 -13 13 -15 -16 -17 -18 26 19 -21 29 -23 -24 -25 -26 -27 -28 -29 -30 -31
leaf_value=-0.00017955161681820642 0 0 -0.00022299213492037043 0.00020744318931050071 0 0 -0.00014005154970598687 -0.00011195297240408189 7.9327264012382998e-06 7.2116500438591219e-06 0.00024611762495612799 -5.9370533296142153e-05 0.00036391427604095692 1.5322586089995672e-06 0 0 -0.0001125935812793566 -2.5675640030662594e-05 -0.00032618659086811654 -3.8340500569143308e-05 0 9.230229703625666e-06 0.00043229110344165174 0 0 0 -0.00047450138471975806 0.00012278942244636168 0.00023864818923370634 0.00021730084125736027
leaf_weight=124 31 20 185 105 31 65 41 275 316 534 32 306 25 4795 258 134 106 38 71 116 47 497 57 33 29 112 56 303 61 187
leaf_count=124 31 20 185 105 31 65 41 275 316 534 32 306 25 4795 258 134 106 38 71 116 47 497 57 33 29 112 56 303 61 187
internal_value=0 6.66592e-06 2.62965e-06 9.33606e-06 -5.14054e-06 -7.0989e-05 0.000190225 4.47358e-05 1.24491e-05 -2.71246e-05 0 -0.000132266 0 4.45667e-06 -7.11242e-05 -0.000122895 0 -0.000270555 -0.000132446 -0.000174469 9.38977e-05 5.21352e-05 0.000342524 -0.000186865 -0.000125932 5.85568e-05 -0.000346416 7.2242e-05 0.000132717 0.000179911
internal_weight=8990 8215 8065 7455 5191 775 150 2264 1428 809 73 431 4973 4820 610 352 344 125 218 187 836 602 77 218 153 238 94 619 126 234
internal_count=8990 8215 8065 7455 5191 775 150 2264 1428 809 73 431 4973 4820 610 352 344 125 218 187 836 602 77 218 153 238 94 619 126 234
is_linear=0
shrinkage=0.05


Tree=34
num_leaves=31
num_cat=0
split_feature=48 50 20 67 48 50 19 264 252 239 371 246 301 86 246 266 209 333 245 76 58 362 280 211 277 67 245 198 306 367
split_gain=0.00159766 0.0025333 0.00233058 0.00127114 0.00125248 0.00132362 0.00149865 0.00142129 0.00127366 0.00121384 0.00122161 0.00102552 0.000986373 0.000970899 0.000949353 0.00101365 0.00154133 0.000911013 0.000874373 0.000849357 0.000833139 0.00080588 0.000864353 0.000752988 0.000748426 0.00073929 0.000692231 0.000682694 0.000677899 0.000626673
threshold=1.4704886277516687 6.6879355112711592 -2.2877038319905592 1.0349118312199912 -14.292975107828775 -6.456096013387044 -9.6378434499104806 -0.99673102502557631 -0.97509366250244478 0.48017422599440551 -1.0036797038179646 -0.28433048608242995 -0.17433927953243242 0.099143639206886264 0.79943606310957926 1.4191339183776781 0.32864272593446425 -0.067466643595086792 -2.1719737099133951 -2.8973809878031411 -0.081737498442331885 -1.4690734851595233 0.46702340567405876 0.21915966435612136 1.2253629883131147 -0.86302630106608058 0.30541497234038278 -0.23712529992044237 -1.8547618520198179 -2.3174692421407257
decision_type=2 2 2 2 2 2 2 10 10 10 2 10 10 2 8 10 10 10 10 2 2 10 10 10 10 2 8 10 10 2
left_child=1 4 9 -3 8 7 27 13 -1 10 -2 17 -10 28 15 21 -17 -9 -15 25 -12 -4 -23 -5 29 -8 -21 -7 -6 -25
right_child=2 3 14 23 5 6 19 11 12 -11 20 -13 -14 18 -16 16 -18 -19 -20 26 -22 22 -24 24 -26 -27 -28 -29 -30 -31
leaf_value=0 0 -0.00048481755826667222 -6.0141194053690982e-05 0 0.00010007147635119475 -0.00041928486801382143 0.00013031474435265848 0.00018960353098201204 -0.00034503225452910255 0 0.00047736583485774494 -1.9725614634172827e-05 0 0 -8.4177137656455185e-06 0 0.00031294536863726152 0 -0.00022356790958065573 1.9637176803947037e-05 0 9.1288546894453644e-05 0 0 0 -6.9798895304725212e-05 -2.6608268378913819e-05 0 -6.6651645161446052e-06 -0.0002287963786042214
leaf_weight=192 25 32 172 93 224 33 33 309 75 22 69 48 51 42 1375 54 87 64 81 2289 25 555 569 28 73 739 1220 22 228 161
leaf_count=192 25 32 172 93 224 33 33 309 75 22 69 48 51 42 1375 54 87 64 81 2289 25 555 569 28 73 739 1220 22 228 161
internal_value=0 -1.47087e-05 3.01704e-05 -0.00013901 -5.30733e-06 0 -1.14944e-05 5.24105e-05 -0.000101704 0.000231699 0.000298464 0.000122211 -0.000226593 0 1.82794e-05 4.73026e-05 0.000182059 0.000153878 -0.000123174 -6.95808e-06 0.000381054 2.8771e-05 4.6829e-05 -9.363e-05 -0.000138056 -5.47532e-05 2.13351e-06 -0.000273189 3.51818e-05 -0.000190556
internal_weight=8990 6037 2953 387 5650 5332 4336 996 318 141 119 421 126 575 2812 1437 141 373 123 4281 94 1296 1124 355 262 772 3509 55 452 189
internal_count=8990 6037 2953 387 5650 5332 4336 996 318 141 119 421 126 575 2812 1437 141 373 123 4281 94 1296 1124 355 262 772 3509 55 452 189
is_linear=0
shrinkage=0.05


Tree=35
num_leaves=31
num_cat=0
split_feature=254 236 66 85 208 363 66 207 20 87 266 12 28 369 55 207 91 50 346 321 252 290 285 284 364 58 249 296 198 360
split_gain=0.00151112 0.00177705 0.00134862 0.00143634 0.00126154 0.00110051 0.00184443 0.00168861 0.00107192 0.00101084 0.000894388 0.000814048 0.000777622 0.00100142 0.000752003 0.000989001 0.000741013 0.00072366 0.000780063 0.000634711 0.000918957 0.000605057 0.000578138 0.000686187 0.000523888 0.000481605 0.000446829 0.000536901 0.000523883 0.00045122
threshold=-1.6709077385562481 -1.488015832644543 15.583945592244467 8.7342217763264998 -1.3873041667695514 -0.65645312259326372 4.4719778696695967 0.57124019098150569 2.2665139834086108 1.2064538796742759 1.336271188697215 0.88278023401896166 0.07531291199848042 144.14431596426846 -0.94232773780822743 -0.33277975398677884 0.72451571623484312 7.7888151804606123 7.1804583867390965 -0.027047825529921948 -1.0501144886837341 2.672804375489553 -0.047033884872992739 -0.32295305530230184 -2.5425307861523927 3.6881326039632163 -1.8574454824150595 -0.060830124886706242 -0.41691727563684033 -2.566145210584811
decision_type=8 10 2 2 8 10 2 10 2 2 10 2 2 2 2 10 2 2 10 10 10 8 10 10 10 2 10 10 10 10
left_child=14 4 3 8 26 -5 7 -7 9 11 17 -3 13 -10 15 22 -11 -4 -19 20 -6 -8 23 -1 -25 -14 27 -2 29 -28
right_child=1 2 10 5 19 6 21 -9 12 16 -12 -13 25 -15 -16 -17 -18 18 -20 -21 -22 -23 -24 24 -26 -27 28 -29 -30 -31
leaf_value=0 -0.00019538073579469209 4.9705010854563582e-06 0 -2.6947073221805899e-05 -6.5381327800048908e-05 0 0.00018005939816698727 0.00054627076673187933 -0.00019407309097294224 8.326194068450747e-06 0 -8.6623258560232998e-05 5.8181650018189776e-06 -6.1749820520494607e-06 0 0.00034214513826583332 9.7514415005034585e-05 -0.00032548679494715513 0 0 -0.00028719235672743342 0 -1.7344745137692595e-05 0.00031984952178650672 0 -8.3265222230098374e-05 0 0 -2.6270122405942825e-06 0.00021714760449514461
leaf_weight=78 49 4592 53 45 201 24 51 51 171 676 114 256 668 226 192 61 523 86 22 92 131 99 54 51 32 176 42 75 35 64
leaf_count=78 49 4592 53 45 201 24 51 51 171 676 114 256 668 226 192 61 523 86 22 92 131 99 54 51 32 176 42 75 35 64
internal_value=0 -4.89609e-06 1.24962e-06 5.83677e-06 -8.20103e-05 0.000119263 0.000170716 0.000383191 9.47022e-07 1.02991e-05 -0.000106603 0 -4.05914e-05 -9.97282e-05 8.73733e-05 0.000140542 5.14045e-05 -0.000182443 -0.000257567 -0.000135517 -0.000168019 3.09833e-05 5.99652e-05 0.000116927 0.000217136 -6.84266e-06 0 -6.54787e-05 6.43893e-05 0.000133624
internal_weight=8990 8522 7833 7558 689 270 225 75 7288 6047 275 4848 1241 397 468 276 1199 161 108 424 332 150 215 161 83 844 265 124 141 106
internal_count=8990 8522 7833 7558 689 270 225 75 7288 6047 275 4848 1241 397 468 276 1199 161 108 424 332 150 215 161 83 844 265 124 141 106
is_linear=0
shrinkage=0.05


Tree=36
num_leaves=31
num_cat=0
split_feature=238 76 6 207 222 254 210 332 366 273 255 249 64 56 362 267 67 233 65 308 43 254 22 75 86 42 290 41 370 6
split_gain=0.00154058 0.00244154 0.00208856 0.00140879 0.00109047 0.00106616 0.000986254 0.00132611 0.000981642 0.00087172 0.000820522 0.00116852 0.00115806 0.00195175 0.00111669 0.0012776 0.00081075 0.000801792 0.000781637 0.00182592 0.00174899 0.00145767 0.00111372 0.000717604 0.000701987 0.000700994 0.00068756 0.000681301 0.000657956 0.00065547
threshold=0.28528545321695781 3.3147819836934418 0.70064802964528416 -0.13075702681391924 1.2258024706776067 -0.35505171127207541 0.30210263803987941 1.1255254146134284 1.0956824266157097 0.07697926222219377 -1.7097798893821039 -0.53008493748205543 -0.71506953239440907 1.0000000180025095e-35 -1.4690734851595233 -0.31007870371151675 1.3066676855087287 1.0474548479658405 -7.391495704650878 -1.5810766969315024 -1.1619108915328973 -1.9453002570912556 -4.0319684346516924 0.79383218288421642 -0.32692094643910713 0.014566261942187901 -1.3049411376317337 -3.6350035667419429 1.4896508996762301 0.99293271700541175
decision_type=8 2 2 10 10 10 10 10 2 10 10 10 2 2 8 10 2 10 2 10 2 10 2 2 2 2 10 2 2 2
left_child=1 3 17 5 8 18 7 -4 25 -8 12 16 13 -5 -13 -16 24 -2 19 21 -21 -1 -20 26 -12 -3 27 -7 29 -9
right_child=2 4 6 10 -6 23 9 28 -10 -11 11 14 -14 -15 15 -17 -18 -19 22 20 -22 -23 -24 -25 -26 -27 -28 -29 -30 -31
leaf_value=0.00031465789473681587 -0.0001007308869752383 1.8006433799903493e-05 0 0 0 0 -0.00012415732028426776 0 0 0 0 -7.0454248605308919e-05 0 0.00058679600550773999 0.00021110125033285958 4.243693209411806e-05 0 0 0.00023420503915189323 -0.00030815320746414013 0 -1.7133911336256446e-05 1.1784208734969709e-05 1.663229266747881e-05 -0.00030358539137694489 0.00026670229389808345 -1.7686671356923467e-05 -0.00013481027995816114 0 0.00041293222981622488
leaf_weight=38 946 87 116 33 56 30 153 30 59 1976 23 119 43 34 163 872 128 217 62 105 47 116 2020 222 51 201 540 431 20 52
leaf_count=38 946 87 116 33 56 30 153 30 59 1976 23 119 43 34 163 872 128 217 62 105 47 116 2020 222 51 201 540 431 20 52
internal_value=0 1.64201e-05 -2.60059e-05 5.98149e-06 0.000135488 -9.66088e-06 0 0.000102354 0.000170801 -9.21369e-06 4.79197e-05 3.27084e-05 0.00018982 0.000319795 5.46302e-05 7.38478e-05 -6.77533e-05 -8.08099e-05 8.01632e-06 -6.2743e-05 -0.000192011 3.24414e-05 2.082e-05 -4.82628e-05 -0.000199683 0.000208963 -6.76498e-05 -0.000115315 0.0002342 0.000297063
internal_weight=8990 5480 3510 5077 403 3611 2347 218 347 2129 1466 1356 110 67 1154 1035 202 1163 2388 306 152 154 2082 1223 74 288 1001 461 102 82
internal_count=8990 5480 3510 5077 403 3611 2347 218 347 2129 1466 1356 110 67 1154 1035 202 1163 2388 306 152 154 2082 1223 74 288 1001 461 102 82
is_linear=0
shrinkage=0.05


Tree=37
num_leaves=31
num_cat=0
split_feature=238 264 273 369 67 312 249 67 361 351 208 370 238 345 349 42 210 249 364 212 372 288 201 364 351 253 11 273 370 216
split_gain=0.00145014 0.00244859 0.00195005 0.00101756 0.000929724 0.00159739 0.00102819 0.00188037 0.00153754 0.00185355 0.00152363 0.0014419 0.00102667 0.000941708 0.000889475 0.000844357 0.000834315 0.00110786 0.000778349 0.000746386 0.00140556 0.000850964 0.000783166 0.000745453 0.000623965 0.000603129 0.00058441 0.000553664 0.000714227 0.000636542
threshold=0.59623312723561817 0.71555673511210971 0.21221394633867272 192.32333754357123 2.1503570079803471 -1.9743457156876001 -0.67504776969036129 -1.6134720643361409 -0.97665334970144657 -2.1151575048764548 -2.0819175291100254 0.66765042504295657 -0.57166131780329554 -3.3772371610005689 4.6622330347696943 0.014566365008552802 -0.57075308927373924 -2.1924939481858723 -2.0502085830563739 -0.27475099480450754 -0.32614643673556465 0.62713207801183091 0.65511576264592086 -1.0900719093598215 0.66494798660278376 2.5481943404126892 0.055721906324227612 1.3259287553951427 1.3016357657308382 0.98315944225402252
decision_type=8 10 10 2 2 10 10 2 10 10 10 2 10 10 10 2 10 10 8 10 2 10 10 10 10 10 2 10 2 10
left_child=1 4 14 15 6 -6 8 11 16 10 -10 -8 13 -9 -2 -3 17 -1 -14 20 21 -4 -21 -5 -16 27 -11 29 -29 -24
right_child=2 3 19 23 5 -7 7 12 9 26 -12 -13 18 -15 24 -17 -18 -19 -20 22 -22 -23 25 -25 -26 -27 -28 28 -30 -31
leaf_value=-6.8055306714830317e-05 -7.5089390170618401e-05 0 -0.00033648518047797423 0 -0.00047391089730914406 -3.0537209953198221e-05 0.00067862219924908786 -9.6526778288680076e-05 0 -1.0741337234207051e-05 -0.00042006717743516171 0 -0.00013552144916691129 8.8911009605143452e-05 0 0.00012842806689032136 -4.913727565990983e-05 6.0514442299611023e-05 1.0511953421475998e-05 4.0145026595242206e-05 0 0 -9.7616269867029556e-05 0.00025562395181614203 -0.00039785900799070524 -0.00016950872738674515 -0.00021509428005986252 6.7411221539399288e-05 -6.6872870240087978e-05 0
leaf_weight=173 336 235 68 23 24 537 20 50 31 537 68 20 93 744 24 191 378 893 2297 718 74 27 301 160 58 75 46 342 109 338
leaf_count=173 336 235 68 23 24 537 20 50 31 537 68 20 93 744 24 191 378 893 2297 718 74 27 301 160 58 75 46 342 109 338
internal_value=0 1.23165e-05 -3.26691e-05 0.000107928 1.6183e-06 -5.84972e-05 8.85754e-06 2.72657e-05 -1.67059e-05 -7.94674e-05 -0.000287787 0.000375425 2.13098e-05 7.09264e-05 -0.00013221 4.94292e-05 9.47737e-06 3.49546e-05 2.73209e-06 -9.95021e-06 -0.000110617 -0.000242295 0 0.000216696 -0.00030499 -2.62137e-05 -3.54742e-05 -1.17526e-05 2.38651e-05 -4.47145e-05
internal_weight=8990 6520 2470 609 5911 561 5350 3224 2126 682 99 40 3184 794 418 426 1444 1066 2390 2052 169 95 1883 183 82 1165 583 1090 451 639
internal_count=8990 6520 2470 609 5911 561 5350 3224 2126 682 99 40 3184 794 418 426 1444 1066 2390 2052 169 95 1883 183 82 1165 583 1090 451 639
is_linear=0
shrinkage=0.05


Tree=38
num_leaves=31
num_cat=0
split_feature=66 85 260 205 67 249 67 252 355 28 201 19 242 375 53 231 255 276 337 218 86 333 213 2 366 47 18 91 66 364
split_gain=0.0013092 0.00155199 0.0012934 0.00125537 0.00125375 0.00137561 0.00211904 0.0014478 0.00109637 0.00098916 0.00106265 0.00102387 0.000971567 0.000963771 0.00083624 0.00151042 0.00075471 0.000721955 0.000703465 0.000699202 0.000720908 0.000653727 0.000552418 0.000610587 0.000491302 0.000451318 0.000422045 0.000410781 0.000751729 0.000421902
threshold=11.366523106892904 10.437032381693525 0.69930102730276533 0.64026735943144819 2.5053176085154218 -0.66179394218327314 -1.6134720643361409 -0.93310820768241221 -0.32119279157769609 0.39653732379277551 -0.46798432173247739 -0.71944411595662427 0.3010049535947294 1.2136592730547993 -2.949776172637939 -0.37127936598114403 -1.5534714822481004 1.2108897615680554 1.8957601269135431 2.2441719017827855 1.9491229057312014 -0.92206750648374569 -0.69031956616136958 2.621182282765707 -0.063886995631022334 0.321801761786143 -0.22533520062764481 7.3946339289347334 17.630600611368816 2.2706726601603768
decision_type=2 2 10 10 2 10 2 8 10 2 10 2 10 2 2 10 8 10 10 10 2 10 10 2 2 2 2 2 2 10
left_child=1 4 12 -3 5 7 -7 8 21 10 -8 -11 -2 24 15 -9 -16 25 22 27 -21 -1 -6 26 -5 -14 -24 29 -29 -4
right_child=2 3 19 13 18 6 9 14 -10 11 -12 -13 17 -15 16 -17 -18 -19 -20 20 -22 -23 23 -25 -26 -27 -28 28 -30 -31
leaf_value=4.4066367648453357e-06 0 0.00030654193137323528 3.1169868753736632e-05 0 0 0.0004290532548292864 5.7835235233502888e-05 -0.00018718375898428785 -0.00018644694356067851 -2.6565763290698265e-07 -7.1714500560391041e-06 8.3850990957951485e-05 0 0.00021517863580668655 4.9643620226048619e-05 2.6099841778207274e-05 -5.7192009410676547e-05 0 1.3934852138642048e-06 -0.00024969779828772093 0 0.00011329912464492531 0 0 -0.00032362147042237045 -0.00032898218675028929 -0.00016821990672372187 0.0002487498261963875 0 -8.2791208357668034e-05
leaf_weight=844 101 77 210 20 60 33 773 281 58 392 3029 978 23 33 178 64 626 30 142 56 49 199 68 44 20 107 296 48 27 124
leaf_count=844 101 77 210 20 60 33 773 281 58 392 3029 978 23 33 178 64 626 30 142 56 49 199 68 44 20 107 296 48 27 124
internal_value=0 5.62295e-06 -6.23503e-05 0.000165404 2.02924e-06 8.26759e-06 2.28817e-05 -2.33171e-05 1.40268e-05 1.93151e-05 4.73143e-06 5.61349e-05 -0.000154459 0 -6.34503e-05 -0.000133133 -2.7318e-05 -0.000232551 -6.60051e-05 -5.83221e-06 -0.000127013 2.99851e-05 -9.71325e-05 -0.000119189 -0.000147872 -0.00028359 -0.000141828 1.30793e-05 0.000120857 0
internal_weight=8990 8215 775 150 8065 7455 5205 2250 1101 5172 3802 1370 261 73 1149 345 804 160 610 514 105 1043 468 408 40 130 364 409 75 334
internal_count=8990 8215 775 150 8065 7455 5205 2250 1101 5172 3802 1370 261 73 1149 345 804 160 610 514 105 1043 468 408 40 130 364 409 75 334
is_linear=0
shrinkage=0.05


Tree=39
num_leaves=31
num_cat=0
split_feature=238 61 273 27 245 344 239 70 364 335 288 273 238 19 220 228 41 41 316 349 367 48 33 198 243 59 351 333 232 15
split_gain=0.00129972 0.00249206 0.00166287 0.00139501 0.00131094 0.00187623 0.00137751 0.00126742 0.00101298 0.00167111 0.00107186 0.000932927 0.00101208 0.0020235 0.00151029 0.00107731 0.000998999 0.000899498 0.000781045 0.00107456 0.00156402 0.000762102 0.00138954 0.000743907 0.000720078 0.000764678 0.000729271 0.000762166 0.000847634 0.000670149
threshold=0.12968930655391411 0.297510822614034 0.058420668430651808 -0.62076934178670229 -0.23072169005462975 -1.4688881238301592 -1.5869645809257957 -1.0821761687596638 0.96423674210738008 1.6820220686530949 -0.12130654354890173 -0.38190687624594089 -2.3220423156799246 -13.292779286702475 -1.8757442710743433 -1.8050621471922128 -1.4417407512664793 -0.91672499974568677 -1.8045011215149613 -3.035817344983418 -0.48046180152810214 14.048549652099611 -0.69748353958129872 0.74930625177865628 2.2807777388856696 -0.77124385039011623 1.20128599802653 2.2301130058561438 0.74795565950336174 0.7684541940689088
decision_type=8 2 10 2 10 10 10 2 10 10 8 10 10 2 10 8 2 2 10 10 2 2 2 10 10 2 10 10 10 2
left_child=1 11 8 -3 5 -5 -7 -8 10 17 -2 12 15 14 -14 -1 -15 -10 -13 20 -20 24 -23 -18 25 29 -26 28 -28 -4
right_child=2 3 21 4 -6 6 7 -9 9 -11 -12 18 13 16 -16 -17 23 -19 19 -21 -22 22 -24 -25 26 -27 27 -29 -30 -31
leaf_value=0 -0.00012883156862520623 3.3752705550932309e-06 -0.00016585247032005446 0 5.5361411036366843e-05 0 0 0.00049238524762832282 0 0 0 0.0001235632507827607 0 2.2404229575240163e-05 -0.00041630717536520975 0.00027122037731816708 -2.8714465734292925e-05 -0.00034335749576089607 0 3.48096810078555e-05 -0.0003067843441536054 0.00026825263458093204 0 -0.00019838194060545187 0 6.1691266991788861e-06 0 0 -0.00032226214544417583 0
leaf_weight=115 242 306 127 43 237 21 20 103 20 54 439 221 23 928 57 58 1405 115 113 1149 58 70 154 83 161 2391 34 69 77 97
leaf_count=115 242 306 127 43 237 21 20 103 20 54 439 221 23 928 57 58 1405 115 113 1149 58 70 154 83 161 2391 34 69 77 97
internal_value=0 1.70296e-05 -2.11788e-05 0.000102418 0.000162089 0.000270528 0.000357177 0.000421087 -8.26891e-05 -0.000194356 -4.43328e-05 1.03383e-06 -1.56005e-05 -2.53116e-05 -0.000276422 9.55568e-05 -1.49161e-05 -0.000289476 3.3088e-05 1.41444e-05 -9.5428e-05 -2.77611e-06 8.3714e-05 -4.15511e-05 -1.10242e-05 -1.71649e-07 -7.95653e-05 -0.000148705 -0.000230211 -9.01378e-05
internal_weight=8990 4940 4050 730 424 187 144 123 870 189 681 4210 2669 2496 80 173 2416 135 1541 1320 171 3180 224 1488 2956 2615 341 180 111 224
internal_count=8990 4940 4050 730 424 187 144 123 870 189 681 4210 2669 2496 80 173 2416 135 1541 1320 171 3180 224 1488 2956 2615 341 180 111 224
is_linear=0
shrinkage=0.05


Tree=40
num_leaves=31
num_cat=0
split_feature=254 292 304 238 264 212 233 370 91 228 278 50 235 255 266 367 288 370 50 273 255 42 37 281 207 12 273 201 209 50
split_gain=0.00123153 0.00169279 0.00125844 0.00120899 0.00172093 0.00122594 0.00124076 0.00118646 0.00107243 0.00107198 0.000969912 0.00138737 0.000930465 0.000772444 0.00106431 0.000764953 0.00074019 0.000687362 0.00102864 0.000854442 0.000913675 0.000797568 0.000672427 0.000711395 0.00067051 0.000656529 0.000882715 0.000936427 0.000906028 0.000648687
threshold=-1.6709077385562481 -8.1244190533955862 -2.4126618981839525 0.52741400557960605 0.71555673511210971 -0.27475099480450754 0.86160423266202402 0.22910641726290012 1.0000000180025095e-35 0.5838239699408958 -1.0264942086770992 -13.1949405670166 0.37422337263300892 -0.93486251840103185 -0.71156662758511657 -0.303345911082811 0.61571703354517682 1.4964413936264729 10.868524551391603 1.6531186895495462 2.036126177864555 0.014566490116218652 3.1802183787028002 0.39985057467651258 -2.1712357535682361 0.034224654237429257 -0.49444939979494867 -0.22145952813147443 -0.8353303436896542 -2.4069192409515376
decision_type=8 8 10 8 10 10 8 2 2 10 10 2 10 10 10 2 10 2 2 10 10 2 2 10 10 2 10 10 10 2
left_child=13 2 24 4 25 6 8 -4 -5 -6 -9 -12 -13 14 -1 -16 -10 19 -19 20 -7 -20 23 -11 -2 29 28 -28 -27 -3
right_child=1 3 7 5 9 17 -8 10 16 22 11 12 -14 -15 15 -17 -18 18 21 -21 -22 -23 -24 -25 -26 26 27 -29 -30 -31
leaf_value=3.8883828473468038e-05 -0.00011940895300072822 4.9401585090976411e-05 1.4038722725151974e-06 0 1.0276769838911505e-05 0 0 0 -0.00037012819158278366 0 -0.00051320452155861104 -0.00016179930882094092 0 0 0.00039950291199639001 0 0 -1.1008132272692841e-05 -0.00035391858879817606 6.8633636224027175e-05 -0.00014866174483726353 0 0 0.00025833031283880106 5.7038628795512253e-05 0 9.1294605098395066e-05 -2.9481783283579617e-05 -0.0001917634986878483 2.2462377049893716e-07
leaf_weight=199 60 1193 146 84 240 1399 98 134 87 34 35 358 117 189 57 23 34 300 51 399 115 24 33 178 258 63 206 717 138 2021
leaf_count=199 60 1193 146 84 240 1399 98 134 87 34 35 358 117 189 57 23 34 300 51 399 115 24 33 178 258 63 206 717 138 2021
internal_value=0 -4.45006e-06 -6.23542e-05 3.52987e-06 1.89081e-05 -2.31657e-05 -0.000119091 -9.70003e-05 -0.000189956 0.000109074 -0.000127069 -0.000158561 -0.000121803 7.88465e-05 0.000131703 0.000299832 -0.000288534 -8.2724e-06 -7.0636e-05 1.34205e-06 -1.30931e-05 -0.000242237 0.000185411 0.000218293 8.00123e-06 7.67243e-06 -2.32286e-05 0 -0.000118278 2.00352e-05
internal_weight=8990 8522 1108 7414 4823 2591 303 790 205 485 644 510 475 468 279 80 121 2288 375 1913 1514 75 245 212 318 4338 1124 923 201 3214
internal_count=8990 8522 1108 7414 4823 2591 303 790 205 485 644 510 475 468 279 80 121 2288 375 1913 1514 75 245 212 318 4338 1124 923 201 3214
is_linear=0
shrinkage=0.05


Tree=41
num_leaves=31
num_cat=0
split_feature=48 243 69 351 84 85 246 76 243 47 207 224 253 255 14 363 354 194 327 12 78 328 222 261 344 234 283 59 372 58
split_gain=0.00115804 0.00156463 0.00121937 0.00102859 0.00137221 0.00101403 0.00170617 0.00163278 0.00149632 0.00146104 0.00113354 0.00107735 0.00113293 0.000965952 0.000962056 0.000932226 0.00111514 0.0011061 0.000925479 0.000889489 0.000862611 0.000856569 0.000816687 0.000871272 0.000855028 0.000814332 0.000788291 0.000771676 0.000736332 0.000715268
threshold=8.1256036758422869 1.6290024789977755 -1.1287797292073567 1.3275595506032307 0.00066151209951680013 -2.7257293065388999 -0.25783428869991298 2.255202611287435 -0.75378522342979226 1.0035564899444582 0.2944930198714712 -0.025123374207566 -1.8764602052938384 0.37726409570445246 -0.0035537850732603993 -0.38185167869955722 0.85819333923066476 -0.49162540988494247 0.97966844340165471 0.50080104296406114 0.14557642241319022 0.42017537355422979 -0.36664071027807221 -0.34445946775028297 -5.3321843544642125 0.70830522955141595 0.0093613198647896027 -3.9375462532043461 -1.0093928570904211 2.5289691289265956
decision_type=2 8 2 10 2 2 10 2 10 2 10 10 10 10 2 10 10 10 10 2 2 10 10 10 10 10 10 2 2 2
left_child=1 5 28 -3 -5 8 7 15 11 21 29 14 -13 26 20 17 -17 -7 -6 -15 -1 -9 23 24 -10 -4 -12 -14 -2 -8
right_child=2 3 25 4 18 6 10 9 22 -11 13 12 27 19 -16 16 -18 -19 -20 -21 -22 -23 -24 -25 -26 -27 -28 -29 -30 -31
leaf_value=2.3478902774806324e-05 0 -2.6321424018397136e-05 -1.4276665066488897e-05 0 -0.00034478864446293685 3.6342549732527151e-05 -1.7592186333082461e-05 0.00036144912028116162 0 0 0 0 0 1.1526319986719309e-05 0.00018693569825431301 0.00012000064340940376 -7.2289082599258459e-05 -6.4724739857343778e-05 0 -0.00012306088540997451 -0.00012785549168373996 0 0 0 -0.00021460089638233946 7.0828769870025674e-05 0.00012930681193308621 -0.00058276002577801729 0.00036847539529533466 -0.00010151087385366783
leaf_weight=647 28 459 426 48 103 967 1759 96 38 31 153 22 23 1110 77 457 56 363 45 137 110 24 207 65 263 542 301 21 49 363
leaf_count=647 28 459 426 48 103 967 1759 96 38 31 153 22 23 1110 77 457 56 363 45 137 110 24 207 65 263 542 301 21 49 363
internal_value=0 -6.61107e-06 4.9375e-05 -8.06289e-05 -0.000182233 0 9.42438e-06 4.73419e-05 -3.7016e-05 0.000211531 -9.04551e-06 0 -0.000190717 1.95304e-05 1.86177e-05 3.11661e-05 8.92553e-05 4.99611e-06 -0.000259105 0 0 0.000294462 -0.000100246 -0.000145973 -0.00018205 2.8213e-05 8.21391e-05 -0.000344591 0.00025018 -3.4308e-05
internal_weight=8990 7945 1045 655 196 7290 5817 1994 1473 151 3823 900 66 1701 834 1843 513 1330 148 1247 757 120 573 366 301 968 454 44 77 2122
internal_count=8990 7945 1045 655 196 7290 5817 1994 1473 151 3823 900 66 1701 834 1843 513 1330 148 1247 757 120 573 366 301 968 454 44 77 2122
is_linear=0
shrinkage=0.05


Tree=42
num_leaves=31
num_cat=0
split_feature=238 91 61 67 35 24 21 65 237 243 249 358 214 68 9 351 208 12 6 365 258 33 365 236 243 238 222 46 214 292
split_gain=0.0011074 0.00200023 0.00184422 0.00146163 0.00158482 0.00164468 0.000899882 0.000904359 0.00130286 0.000864068 0.00204723 0.00172158 0.00138528 0.0012002 0.00120363 0.000862179 0.000854375 0.00125671 0.00143562 0.00116437 0.00100191 0.00084641 0.000816336 0.00074336 0.00125316 0.000816818 0.00073035 0.0006296 0.00062652 0.000620273
threshold=-0.051672461018708794 -1.1160396138827002 0.34192727009455365 0.24532248576482138 0.67138898372650158 0.97056992848714219 -1.7568926016489661 -7.391495704650878 -1.8781682717077255 -1.3406101429066355 -1.5280590842379291 -2.0250956171796339 -0.92208122446636753 0.23978796601295468 1.060407320658366 -1.7404821713765457 -0.28315880813526523 0.53687880436579394 1.5121281941731772 2.5009868904833059 0.29763555052246804 2.0443678696950278 -0.38622918260748873 1.2298227627160097 2.1611814110071457 1.8024606219292101 0.19179043384846164 0.39596180121103924 1.281222721997868 4.951998472213746
decision_type=8 2 2 2 2 2 2 2 10 10 10 10 10 2 2 10 10 2 2 10 10 2 10 10 10 10 10 2 10 8
left_child=2 29 6 4 5 -4 7 8 -1 10 -8 12 -11 14 -12 -3 20 23 19 -19 -17 26 -14 24 -18 -25 -22 -13 -20 -2
right_child=1 15 3 -5 -6 -7 9 -9 -10 11 13 27 22 -15 -16 16 17 18 28 -21 21 -23 -24 25 -26 -27 -28 -29 -30 -31
leaf_value=0 -0.00013024804769012343 -0.000263582050076445 0.00056914120870275213 4.4230807715667118e-05 0 0 -8.8129229766951721e-06 -8.6310785257236001e-06 -0.0003648521014757785 0 4.5104352175822136e-05 5.3581988927534983e-07 -0.00021694784851428455 1.6861691273216137e-06 0.00033836376710828743 0 0 -0.00021913088581581192 0.00015289556011724762 0 0 0 0 7.7997718483289159e-05 -0.0001226849502153181 -2.442707562689625e-05 0.00036930477163951036 6.9565035663455088e-05 -4.4085146538296914e-05 0
leaf_weight=20 461 32 52 413 54 21 407 278 54 206 116 1706 194 161 119 129 2487 206 57 37 38 21 32 572 228 201 61 464 119 44
leaf_count=20 461 32 52 413 54 21 407 278 54 206 116 1706 194 161 119 129 2487 206 57 37 38 21 32 572 228 201 61 464 119 44
internal_value=0 -1.69704e-05 1.81587e-05 0.000105018 0.000263167 0.000417874 4.34091e-06 -6.95731e-05 -0.000230721 1.34522e-05 5.87967e-05 0 -9.16755e-05 0.000140892 0.000214954 -4.38399e-06 -1.1789e-06 -8.08206e-06 -9.00252e-05 -0.000169516 8.70246e-05 0.000191216 -0.000177141 3.30308e-07 -1.05182e-05 4.48974e-05 0.00025625 1.76026e-05 0 -0.00011143
internal_weight=8990 4693 4297 540 127 73 3757 352 74 3405 803 2602 432 396 235 4188 4156 3907 419 243 249 120 226 3488 2715 773 99 2170 176 505
internal_count=8990 4693 4297 540 127 73 3757 352 74 3405 803 2602 432 396 235 4188 4156 3907 419 243 249 120 226 3488 2715 773 99 2170 176 505
is_linear=0
shrinkage=0.05


Tree=43
num_leaves=31
num_cat=0
split_feature=238 76 273 307 255 274 254 19 253 220 42 330 42 351 351 201 6 201 368 333 246 28 33 307 51 303 62 252 55 368
split_gain=0.00106964 0.00185979 0.00150227 0.000933841 0.000932942 0.000958874 0.000952315 0.00116123 0.00109766 0.000902198 0.000924271 0.00129079 0.000763856 0.000784562 0.000751093 0.000740972 0.000682358 0.000921142 0.000910047 0.000803414 0.00112432 0.00132967 0.000702913 0.000860054 0.000654128 0.000646462 0.000663149 0.000585611 0.0011845 0.00056735
threshold=0.59623312723561817 5.3061849276224775 0.21221394633867272 2.0618725301397647 0.66812759622223139 0.31630005957007873 -1.6709077385562481 -13.292779286702475 -1.7049295884173332 -0.28516375025717983 -0.70672214031219494 0.29483675956726058 0.014566508277008903 0.87668716907501232 -0.54474147160847974 -0.66051565570077286 0.70064802964528416 0.65511576264592086 964.84858706192188 0.17219523763941966 0.86741871788282332 0.052178138168528405 -0.074467072884241689 2.4279512210873535 0.96071346600850427 0.073138130466419662 0.64087339242299424 0.39246996759418168 1.3275943994522097 15.593574366533277
decision_type=8 2 10 8 10 10 10 2 10 10 2 10 2 10 10 10 2 10 2 10 10 2 2 10 2 10 2 10 2 2
left_child=1 3 12 4 6 15 -1 8 -8 -3 -11 -12 13 -2 -9 -6 22 19 27 -18 21 -21 23 -4 -17 -13 -27 28 -19 -15
right_child=2 9 16 -5 5 -7 7 14 -10 10 11 25 -14 29 -16 24 17 18 -20 20 -22 -23 -24 -25 -26 26 -28 -29 -30 -31
leaf_value=7.7700650541466228e-05 -7.354211709985162e-05 0 -0.00020366459132244161 9.7832127115313306e-05 0 0 0 -2.2980602973152582e-05 -0.00047349869857998605 0 0.00038428088006743465 -3.415713302879776e-05 0 0 1.7517851395736503e-05 -0.00023845480914443497 -6.8919918571852122e-05 0 -0.00029142466050970176 0 6.8875115310281597e-06 0.00025735591047979157 0 0 0 0 0.00020644750110579489 0 -0.00027877099103169683 -0.00035541252158934132
leaf_weight=417 279 58 138 250 25 245 53 1759 25 71 82 28 45 20 3156 142 75 63 32 67 344 144 187 34 74 36 99 910 58 74
leaf_count=417 279 58 138 250 25 245 53 1759 25 71 82 28 45 20 3156 142 75 63 32 67 344 144 187 34 74 36 99 910 58 74
internal_value=0 1.05293e-05 -2.81059e-05 3.10261e-06 -6.76505e-08 -6.71972e-05 5.03978e-06 -2.86896e-08 -0.00019214 0.000119174 0.000154738 0.000200767 -0.000115528 -0.000141685 2.00666e-06 -0.00013801 -7.85644e-06 2.62759e-06 -2.25575e-05 5.30545e-05 7.85544e-05 0.000171651 -7.12085e-05 -0.000144191 -0.000172691 7.76121e-05 0.000137812 -9.33583e-06 -0.000113276 -0.000290512
internal_weight=8990 6520 2470 6146 5896 486 5410 4993 78 374 316 245 418 373 4915 241 2052 1693 1063 630 555 211 359 172 216 163 135 1031 121 94
internal_count=8990 6520 2470 6146 5896 486 5410 4993 78 374 316 245 418 373 4915 241 2052 1693 1063 630 555 211 359 172 216 163 135 1031 121 94
is_linear=0
shrinkage=0.05


Tree=44
num_leaves=31
num_cat=0
split_feature=273 50 210 377 91 244 48 67 62 252 275 19 296 76 13 366 245 6 50 334 198 42 234 2 217 198 188 244 232 206
split_gain=0.00102224 0.00164094 0.00150766 0.00133901 0.00111518 0.00100485 0.000942526 0.00130253 0.00143312 0.000877686 0.000842631 0.000841772 0.000806755 0.000700014 0.00128402 0.00124426 0.0010685 0.000972924 0.000928111 0.000691865 0.000648828 0.000610646 0.000569137 0.000482545 0.000476039 0.000538338 0.000589008 0.000535638 0.000430266 0.000538261
threshold=1.6025379188128555 7.2164624532063817 1.328591398534517 -0.084995051934056723 2.3071272373199472 0.89299837655809233 -14.292975107828775 -1.4005594849586485 -0.72338187694549549 -0.97509366250244478 -0.97043163584500458 -2.3144007523854571 0.043959679082035609 -2.8973809878031411 -0.043040767312049789 -1.1190376365406951 0.27202436943350033 0.57100903987884533 -4.1412887573242179 -0.25094783393365122 -0.95848897749438466 -0.67398945490519191 -0.38176251869201855 2.4915355046590171 1.9624910691265727 0.22650626314023789 1.6737613276765106 1.4779245153072365 1.3448606305579298 0.93763247236489056
decision_type=10 2 10 2 2 10 2 2 2 10 10 2 10 2 2 2 8 2 2 10 10 2 10 2 10 10 10 10 10 10
left_child=1 6 3 -2 -5 20 9 8 10 -1 -8 -10 -6 14 22 -16 18 -18 -15 -11 -3 -22 -9 -23 25 27 -27 -7 29 -4
right_child=2 5 28 4 12 24 7 13 11 19 -12 -13 -14 16 15 -17 17 -19 -20 -21 21 23 -24 -25 -26 26 -28 -29 -30 -31
leaf_value=0 9.7190163276461215e-07 0 0 0 0.00038133330173658209 0.00017207763648701058 0 5.0501532135175852e-05 -0.00027385113172957932 -0.00026172659392316092 0.00048895727832657429 0.00014913573942786611 4.8626906219988527e-05 8.6129359635143092e-05 3.0203322595765685e-06 -0.00010458481012188184 -5.2677302875150033e-05 1.0382641882044878e-05 1.4164066708885059e-05 0 0 -0.0002288959476228079 -5.8786576167280745e-05 0 7.5343039905276037e-05 -0.00015451511825881868 0 -3.7816018330807262e-05 4.6511902747198413e-06 -0.00023858858260026206
leaf_weight=192 227 23 68 80 96 43 39 524 22 89 38 20 72 637 311 652 965 1432 2450 36 35 213 119 27 81 150 51 47 207 44
leaf_count=192 227 23 68 80 96 43 39 524 22 89 38 20 72 637 311 652 965 1432 2450 36 35 213 119 27 81 150 51 47 207 44
internal_value=0 -5.39411e-06 5.40177e-05 0.00011231 0.000194027 -8.04579e-05 6.25047e-07 4.9928e-06 0.000169445 -8.29058e-05 0.000301366 0 0.000268603 1.52505e-06 -2.66445e-05 -6.46456e-05 1.06866e-05 -1.29197e-05 3.0636e-05 -0.000186982 -0.000151144 -0.000175074 2.24947e-05 -0.000203659 -1.03701e-05 -5.14223e-05 -0.000102459 7.05229e-06 -1.71208e-05 -0.000101931
internal_weight=8990 8196 794 475 248 670 7526 7209 119 317 77 42 168 7090 1606 963 5484 2397 3087 125 298 275 643 240 372 291 201 90 319 112
internal_count=8990 8196 794 475 248 670 7526 7209 119 317 77 42 168 7090 1606 963 5484 2397 3087 125 298 275 643 240 372 291 201 90 319 112
is_linear=0
shrinkage=0.05


Tree=45
num_leaves=31
num_cat=0
split_feature=48 20 50 239 371 367 365 48 50 363 255 76 46 64 85 275 375 27 331 289 368 29 210 349 56 191 39 348 68 40
split_gain=0.00095245 0.00146472 0.0014425 0.00103424 0.000974263 0.000859151 0.00098997 0.000836352 0.000982728 0.00129082 0.00117297 0.00111969 0.000952387 0.000882718 0.00165651 0.000806369 0.00066517 0.000841235 0.000657255 0.000648417 0.000637371 0.000796071 0.000610324 0.00114984 0.000858577 0.000727697 0.00060035 0.000595225 0.000722196 0.000581431
threshold=1.4704886277516687 -2.2877038319905592 6.6879355112711592 0.48017422599440551 -1.0036797038179646 -0.6017599830992908 1.3677660642043172 -17.046490987141926 -6.115428924560546 -1.2732480684124858 0.18394675094232799 -2.8973809878031411 0.15338892241319022 -1.7733583450317381 -3.8938827514648433 -0.95537339027369683 0.92271894151456546 -0.27551558613777155 -0.4222092606061984 -8.2914349933465292 60.96040218125578 0.13260289033253989 0.7697952953676076 -9.2369291782379133 1.3043009837468467 -0.28822617676863377 -0.98190188407897938 1.851686477661133 0.99459687868754065 -1.7153979937235513
decision_type=2 2 2 10 2 2 10 2 2 10 10 2 2 2 2 10 2 2 10 10 2 2 8 10 2 10 2 10 2 2
left_child=2 3 7 4 -2 -4 16 20 9 13 15 12 18 19 -15 -11 17 -7 -10 -9 -1 -22 23 -3 27 -26 -6 28 -25 -23
right_child=1 22 5 -5 26 6 -8 8 11 10 -12 -13 -14 14 -16 -17 -18 -19 -20 -21 21 29 -24 24 25 -27 -28 -29 -30 -31
leaf_value=0 0 -0.00016765875231903717 0 0 0.00039823742005165217 0 0 0.00013959207585043215 -0.00014579713655052173 1.2816988490935143e-05 -0.00015726688020858425 0 0 -0.00034434810387572005 0 0.0001960735159614406 0 -0.00037516531436125724 0 0 0 -0.00047425698802020904 -6.1550690057420431e-06 9.5298873712954777e-05 0 0.00020529291536492642 0 0 -2.9587409231895709e-05 0
leaf_weight=51 25 54 124 22 71 38 103 104 349 164 22 3537 306 50 93 246 32 90 181 456 34 32 1455 462 20 150 23 589 82 25
leaf_count=51 25 54 124 22 71 38 103 104 349 164 22 3537 306 50 93 246 32 90 181 456 34 32 1455 462 20 150 23 589 82 25
internal_value=0 2.32972e-05 -1.13543e-05 0.000183551 0.000248242 -0.000105306 -0.000156459 -4.0323e-06 -3.10998e-08 4.04736e-05 0.000108497 -1.1688e-05 -6.37376e-05 0 -0.000112134 0.000134984 -0.000235981 -0.000287366 -0.000104399 2.69712e-05 -0.000123938 -0.000203595 1.34774e-05 3.8211e-05 5.05921e-05 0.000162772 0.000322304 2.93346e-05 6.72826e-05 -0.000317784
internal_weight=8990 2953 6037 141 119 387 263 5650 5508 1135 432 4373 836 703 143 410 160 128 530 560 142 91 2812 1357 1303 170 94 1133 544 57
internal_count=8990 2953 6037 141 119 387 263 5650 5508 1135 432 4373 836 703 143 410 160 128 530 560 142 91 2812 1357 1303 170 94 1133 544 57
is_linear=0
shrinkage=0.05


Tree=46
num_leaves=31
num_cat=0
split_feature=273 50 210 377 244 91 346 243 249 245 64 258 212 71 273 370 227 12 219 228 345 299 246 353 216 377 297 253 81 66
split_gain=0.000940635 0.00141835 0.00136623 0.00119904 0.000986189 0.000834845 0.00117236 0.000811566 0.000806799 0.0020727 0.00157116 0.00110433 0.00100478 0.000881054 0.00102059 0.00105813 0.00119793 0.000697818 0.00102056 0.00134283 0.000813801 0.00101329 0.000832111 0.000678596 0.000773896 0.000598574 0.000482715 0.000476691 0.000473067 0.000468682
threshold=1.6025379188128555 7.7888151804606123 1.2336333935796688 -0.39171431535630835 0.89299837655809233 2.7125004132588706 6.2352401415507002 1.5543933722842189 -1.5804914792231102 -1.9871154655882795 -1.5501469771067298 -1.7985102143863811 -1.9078731849044044 -3.9281693299611402 -2.2451525405496757 0.09252671487310267 -1.1528984577247763 0.53687880436579394 0.10844459740171612 0.65832286704050602 -3.6301175355911259 -2.0448635518550868 -0.25783428869991298 0.52452038989602368 1.7104714446084073 1.812054892958971 -0.29441298296054202 0.71905128410925101 0.00066148722544305007 -7.6234308878580714
decision_type=10 2 10 2 10 2 10 10 10 10 2 10 10 2 8 2 10 2 10 10 10 10 10 10 10 2 10 10 2 2
left_child=1 8 3 29 23 -5 7 -7 13 10 11 -10 -13 -1 15 -15 -17 20 26 -20 21 -11 -22 27 25 -25 -19 -3 -29 -2
right_child=2 4 -4 5 -6 6 -8 -9 9 17 -12 12 -14 14 -16 16 -18 18 19 -21 22 -23 -24 24 -26 -27 -28 28 -30 -31
leaf_value=0.00013461968468653985 0.00019632208467559111 1.7103016882421861e-05 -1.0757390506770272e-05 4.8873849563667789e-06 -5.3303726034896736e-06 0.00041973356696381275 0 2.4668239353911503e-05 0 8.826814500949122e-06 0 0 0.00036591200351696529 0 -2.1939913770397992e-05 -0.0003609402220233187 0 0.00017661965018033485 -0.00018888665412820842 0 3.7383002011801009e-05 -0.00013972048192587317 -1.9544247332819067e-06 -0.00033486133482667386 0 0 -1.4154016656264542e-06 0 -0.00032714290823049981 -2.9711423836093291e-05
leaf_weight=41 27 69 343 103 329 88 39 50 24 130 93 45 109 29 466 86 45 39 210 89 1893 211 3924 101 26 22 170 23 22 144
leaf_count=41 27 69 343 103 329 88 39 50 24 130 93 45 109 29 466 86 45 39 210 89 1893 211 3924 101 26 22 170 23 22 144
internal_value=0 -5.15623e-06 5.18355e-05 0.000110515 -7.97287e-05 0.000174275 0.000244555 0.000312921 0 5.69693e-06 0.000141224 0.000228939 0.000280164 -5.1827e-05 -7.20438e-05 -0.000186636 -0.000250432 0 -5.61296e-05 -0.000117635 4.83165e-06 -6.84451e-05 9.98786e-06 -0.000153756 -0.000230262 -0.00028273 7.96302e-06 -9.82525e-06 -0.000161926 0
internal_weight=8990 8196 794 451 592 280 177 138 7604 6937 271 178 154 667 626 160 131 6666 508 299 6158 341 5817 263 149 123 209 114 45 171
internal_count=8990 8196 794 451 592 280 177 138 7604 6937 271 178 154 667 626 160 131 6666 508 299 6158 341 5817 263 149 123 209 114 45 171
is_linear=0
shrinkage=0.05


Tree=47
num_leaves=31
num_cat=0
split_feature=273 50 210 377 91 244 48 58 352 360 62 345 12 25 367 207 41 373 351 296 340 372 216 303 27 208 336 305 217 202
split_gain=0.000860404 0.00129584 0.00126789 0.00116895 0.000913476 0.000876564 0.000755471 0.0011725 0.00108499 0.00136862 0.00107703 0.00125188 0.00104513 0.00155488 0.00126601 0.000909295 0.000721461 0.000710963 0.00088112 0.000669346 0.000674483 0.000625667 0.000646014 0.00067691 0.000675102 0.000575616 0.000509449 0.000504565 0.000450667 0.000474523
threshold=1.6025379188128555 7.7888151804606123 1.328591398534517 -0.084995051934056723 2.3071272373199472 0.89299837655809233 -14.292975107828775 -0.72876596450805653 -0.057983726263046195 -0.48762114813510754 -3.5205038388570142 -3.2822359402974444 0.53687880436579394 -0.029460257540146449 -0.57074720118958788 -1.758520764508914 0.54286100467046106 -0.37122440184820565 -1.9099344809850054 0.043959679082035609 0.14702967802683503 -0.88237246589408702 1.7104714446084073 -0.3183828760207153 -0.31845752398173005 0.14858321173250877 -2.1340931006846167 -1.6483676537461316 1.9624910691265727 0.33489957370246509
decision_type=10 2 10 2 2 10 2 2 10 10 2 10 2 2 2 10 2 2 10 10 10 2 10 10 2 10 10 10 10 10
left_child=1 6 3 -2 -5 21 17 8 10 16 26 -12 15 -14 -15 -9 -10 18 27 20 -6 -3 23 -23 -25 -17 -8 -1 29 -7
right_child=2 5 -4 4 19 28 7 12 9 -11 11 -13 13 14 -16 25 -18 -19 -20 -21 -22 22 -24 24 -26 -27 -28 -29 -30 -31
leaf_value=0 0 0 -1.4530840306322094e-05 0 0 7.1377481186273584e-05 3.7583124383108616e-06 -7.8036455998321754e-05 -0.00032749488154669334 4.5249119478408822e-05 0 0.00017890045213333916 -0.00030634103287112023 8.1232908345338681e-05 -9.8413033335366525e-05 2.3124864675142546e-05 0 0 -2.4239208725924637e-06 3.9140250508469398e-05 0.0004328511186197902 0 0 0 -0.00029279028349905032 -7.8382774532670791e-06 -0.0001792616053816348 -0.00044718071015052864 8.0267829421622024e-05 -8.6472370783620192e-05
leaf_weight=38 227 32 319 80 24 26 56 323 48 108 193 354 67 136 256 3012 20 130 114 72 72 26 35 28 142 2673 41 35 76 227
leaf_count=38 227 32 319 80 24 26 56 323 48 108 193 354 67 136 256 3012 20 130 114 72 72 26 35 28 142 2673 41 35 76 227
internal_value=0 -4.93839e-06 4.95684e-05 0.000103134 0.000179298 -7.62165e-05 0 3.89688e-06 6.04949e-05 -2.96675e-05 9.28991e-05 0.000122451 -2.5073e-06 -7.55898e-05 -2.33302e-05 2.24502e-06 -0.000221966 -7.48807e-05 -0.000137851 0.000247047 0.000350746 -0.000146185 -0.000176345 -0.000211857 -0.00024838 7.6871e-06 -2.22123e-05 -0.000280647 -5.06394e-06 -5.04738e-05
internal_weight=8990 8196 794 475 248 592 7604 7287 820 176 644 547 6467 459 392 6008 68 317 187 168 96 263 231 196 170 5685 97 73 329 253
internal_count=8990 8196 794 475 248 592 7604 7287 820 176 644 547 6467 459 392 6008 68 317 187 168 96 263 231 196 170 5685 97 73 329 253
is_linear=0
shrinkage=0.05


Tree=48
num_leaves=31
num_cat=0
split_feature=254 19 84 259 64 66 260 40 235 246 37 202 242 12 58 283 368 243 266 40 51 216 208 350 297 330 359 238 37 249
split_gain=0.000864019 0.00132379 0.00106331 0.00099285 0.000863596 0.000786253 0.0011422 0.0010465 0.00163386 0.00122125 0.00119858 0.00148891 0.000838578 0.000758879 0.00158624 0.0010402 0.000717015 0.000679629 0.00121867 0.000671939 0.000667049 0.000620401 0.000599559 0.000587843 0.000553818 0.000568352 0.000553435 0.000447893 0.000436905 0.000438066
threshold=-1.6709077385562481 -9.6378434499104806 0.00066130177583540015 0.45749382140761302 -1.8849603335062659 11.366523106892904 0.69930102730276533 3.0067663192749028 0.48389533135332102 0.72824707930770327 -1.3346046606699622 0.6226823599029444 0.3010049535947294 0.53687880436579394 -0.61177150408426906 -0.0042641758918762996 16.887074860099236 -1.4440761563904265 -0.71156662758511657 0.063706308603286715 1.5297218163808191 1.8121095592147272 0.14858321173250877 14.443545659383142 0.44038952887058264 0.96803571780522668 2.8576036880754181 1.3104631918985949 -1.2427221735318501 -1.489597502344125
decision_type=8 2 2 10 2 2 10 2 10 10 2 10 10 2 2 10 2 10 10 2 2 10 8 10 10 10 10 10 2 10
left_child=17 2 -2 4 -4 7 12 13 10 -10 -9 -12 -7 19 16 -16 -15 18 28 22 -21 -14 -3 -11 27 -26 -27 -8 -1 -30
right_child=1 5 3 -5 -6 6 24 8 9 23 11 -13 21 14 15 -17 -18 -19 -20 20 -22 -23 -24 -25 25 26 -28 -29 29 -31
leaf_value=-1.0310638154559454e-05 -8.7524420815480861e-06 9.0442524964159893e-06 -2.6696027963424812e-05 0 -0.00060606594721521049 0 0.00010291165022944503 0.00011937071448276411 0.00035390884089823245 -1.4055219659252042e-06 -0.00048343548694036118 0 -0.0002567018074618467 0 -0.0001955736556549612 -2.0673163834460589e-05 0.00020716824193613622 0 0.00038411347551721496 5.1505438768563856e-05 -6.4051251912134441e-06 0 -2.7255116706758494e-05 0.0002106493565628081 0 -0.00020518963783066531 0 0 0 0.00023171198936873451
leaf_weight=63 163 3018 36 20 29 92 139 33 78 66 27 25 126 20 180 313 70 277 45 1319 574 33 1753 34 58 91 34 191 40 43
leaf_count=63 163 3018 36 20 29 92 139 33 78 66 27 25 126 20 180 313 70 277 45 1319 574 33 1753 34 58 91 34 191 40 43
internal_value=0 -3.72518e-06 -0.000117541 -0.00026715 -0.000362523 0 -4.86234e-05 4.60297e-06 0.00010269 0.000195006 -3.1877e-05 -0.000223875 -0.000136258 3.52005e-07 -5.35554e-05 -9.4698e-05 0.000116176 6.60444e-05 0.000139912 5.81911e-06 3.13051e-05 -0.000206105 -3.24548e-06 2.08815e-05 0 -7.50421e-05 -0.00014 3.27221e-05 3.02101e-05 0.000121111
internal_weight=8990 8522 248 85 65 8274 764 7510 263 178 85 52 251 7247 583 493 90 468 191 6664 1893 159 4771 100 513 183 125 330 146 83
internal_count=8990 8522 248 85 65 8274 764 7510 263 178 85 52 251 7247 583 493 90 468 191 6664 1893 159 4771 100 513 183 125 330 146 83
is_linear=0
shrinkage=0.05


Tree=49
num_leaves=31
num_cat=0
split_feature=48 61 20 50 85 249 224 340 63 47 33 334 252 350 333 231 371 6 73 88 91 15 251 50 377 205 208 350 226 319
split_gain=0.000812229 0.00127569 0.0012089 0.000917958 0.00172125 0.00135011 0.00111236 0.00167149 0.000859919 0.000793027 0.00091745 0.000787693 0.00112742 0.00123202 0.000776388 0.000755576 0.000996262 0.000749729 0.000553487 0.000560128 0.0008166 0.000580841 0.000525238 0.000618344 0.000662541 0.000614762 0.000733941 0.000730922 0.000615155 0.000702766
threshold=1.4704886277516687 3.8039410312970481 -2.2877038319905592 -6.115428924560546 -3.7415264447530108 -0.20893333895853392 -0.23919532093871296 -1.1610710422197976 1.7783666451772058 0.69574697812398278 0.031147480010986304 -0.26864718960282402 -1.520823618179262 -9.3015855153401663 -0.067466643595086792 0.51267559792768636 -0.84308311351152332 -1.9514048894246419 5.9570881525675468 1.0790394147237146 2.9628707567850756 0.52017186085383116 1.6742480018749757 11.254313786824545 -0.27593482226182597 1.064318639977776 0.45417007806484444 -6.9455656210581447 1.3173435250516712 1.5332244390407215
decision_type=2 2 2 2 2 10 10 10 2 2 2 10 10 10 10 10 2 2 2 2 2 2 10 2 2 10 8 10 8 8
left_child=1 3 15 5 9 11 7 -7 -3 10 -5 12 -1 -14 17 16 -2 -13 19 21 -21 -6 25 -24 -25 26 27 -4 -28 -30
right_child=2 8 22 4 18 6 -8 -9 -10 -11 -12 14 13 -15 -16 -17 -18 -19 -20 20 -22 -23 23 24 -26 -27 28 -29 29 -31
leaf_value=6.0620086479803616e-05 0 0 0 -0.00030576599600290612 -3.2861960279587329e-05 0 0 0.00037522160436793863 -0.00043532227071627137 -2.8240559877323337e-05 0 0 -0.00010739906250556051 3.2084373887359407e-05 0 0 0.0003285890173232069 0.00030087948790191921 -9.466227840111684e-05 8.6586173126715507e-07 0.00016851628550874838 5.1849425458455758e-06 0 0 -0.00023920701493894116 6.2634824667053013e-05 -5.1893412029086623e-05 8.915477742094543e-05 0.00018305341026175959 0
leaf_weight=311 36 38 480 103 1771 39 73 81 30 187 39 24 402 188 37 28 77 63 184 461 105 1901 250 23 66 681 685 392 60 175
leaf_count=311 36 38 480 103 1771 39 73 81 30 187 39 24 402 188 37 28 77 63 184 461 105 1901 250 23 66 681 685 392 60 175
internal_value=0 -1.06702e-05 2.13273e-05 -7.3477e-06 -1.79439e-05 2.98778e-05 0.000151952 0.000245517 -0.000228457 -0.000129418 -0.00022736 2.00211e-06 -9.20118e-06 -5.44824e-05 0.000123639 0.000167208 0.000227116 0.000209916 -8.51671e-06 -3.59463e-06 4.08237e-05 -1.18038e-05 1.22288e-05 -4.13581e-05 -0.000154465 2.15977e-05 3.20997e-06 3.84503e-05 -2.47581e-05 3.30595e-05
internal_weight=8990 6037 2953 5969 4751 1218 193 120 68 329 142 1025 901 590 124 141 113 87 4422 4238 566 3672 2812 339 89 2473 1792 872 920 235
internal_count=8990 6037 2953 5969 4751 1218 193 120 68 329 142 1025 901 590 124 141 113 87 4422 4238 566 3672 2812 339 89 2473 1792 872 920 235
is_linear=0
shrinkage=0.05


Tree=50
num_leaves=31
num_cat=0
split_feature=66 370 367 76 211 50 249 292 245 253 366 85 212 292 362 255 325 26 57 12 255 208 66 334 370 236 330 338 243 333
split_gain=0.000780612 0.00114323 0.00133273 0.000905869 0.00131222 0.00113112 0.00111428 0.000998611 0.000983186 0.00114395 0.000753995 0.0013989 0.000699774 0.000697502 0.000753214 0.000668472 0.000657607 0.000692131 0.000641605 0.000726095 0.000864739 0.000664129 0.000636574 0.000650574 0.000917153 0.000576256 0.000555557 0.000809027 0.00053197 0.000520698
threshold=-16.794967651367184 0.91083888781484779 0.13101265921416846 -2.8973809878031411 -0.69029369082669201 -2.0387187004089351 -0.06503594615703219 -8.5752678712209036 -2.2580912710697372 -1.9206608167290866 -1.6019678521078782 -8.2486890157063772 -1.8845454646991662 -15.763919512430823 -2.0288077762269396 -0.93486251840103185 -0.63433873653411854 -0.18296642104784641 -0.48828049500783272 0.50080104296406114 0.16702750459955418 -0.28315880813526523 5.3021256128946961 -0.76368429692811679 0.89561662938464226 1.2298227627160097 0.24788951873779297 -1.5235862132312106 -1.4749700612774244 -0.86133078260999685
decision_type=2 2 2 2 10 2 10 8 10 10 2 2 10 10 10 10 10 2 2 2 10 10 2 10 2 10 10 10 10 10
left_child=1 -1 15 4 6 13 22 26 9 -6 -10 -12 -13 -5 29 -3 -16 -18 21 25 -21 -9 23 28 -25 -20 27 -7 -2 -15
right_child=3 2 -4 5 8 7 -8 18 10 -11 11 12 -14 14 16 -17 17 -19 19 20 -22 -23 -24 24 -26 -27 -28 -29 -30 -31
leaf_value=0 2.6371736039611949e-05 0.00045521157259080015 0 -9.1013165912649034e-05 0 0 0.00023464584059013191 0.00040194858670633153 0 0.00034341810552946316 -0.00044990710211288937 0 -0.00011299572218670543 2.3161858637403207e-05 0 0 0 0.000111711365722974 -3.5750364712027686e-06 7.5203292959570565e-06 -0.00011239499939347967 0 -0.00017639892885513736 0.00017308836332940522 0 4.2163172866988352e-05 0 -0.00025505641032347559 -6.0008532054163916e-05 -0.00012357095243799952
leaf_weight=126 223 47 21 60 35 48 50 20 153 27 38 91 544 178 135 22 137 756 4067 155 312 38 52 121 109 805 42 92 407 79
leaf_count=126 223 47 21 60 35 48 50 20 153 27 38 91 544 178 135 22 137 756 4067 155 312 38 52 121 109 805 42 92 407 79
internal_value=0 9.37387e-05 0.000229774 -2.45015e-06 -3.39119e-05 5.23426e-06 1.60851e-06 -3.86787e-06 -7.80181e-05 7.35789e-05 -9.54571e-05 -0.000118253 -9.04654e-05 4.67041e-05 5.70318e-05 0.000342139 7.67833e-05 9.28852e-05 0 -1.78055e-06 -6.1897e-05 0.000165277 -5.71013e-06 0 7.61761e-05 2.95674e-06 -0.000119029 -0.000168312 -2.14981e-05 -2.52561e-06
internal_weight=8990 216 90 8774 1850 6924 962 5579 888 62 826 673 635 1345 1285 69 1028 893 5397 5339 467 58 912 860 230 4872 182 140 630 257
internal_count=8990 216 90 8774 1850 6924 962 5579 888 62 826 673 635 1345 1285 69 1028 893 5397 5339 467 58 912 860 230 4872 182 140 630 257
is_linear=0
shrinkage=0.05


Tree=51
num_leaves=31
num_cat=0
split_feature=207 245 15 208 351 218 208 77 76 222 76 282 225 207 221 15 24 45 276 37 313 256 202 193 36 5 64 313 312 13
split_gain=0.000746696 0.00250512 0.00134913 0.0012805 0.000933071 0.00164665 0.00108727 0.00131136 0.0010326 0.00120012 0.000922445 0.000870044 0.000820308 0.000859841 0.00081989 0.000740923 0.000690011 0.000701781 0.000796765 0.000680318 0.00067276 0.000622503 0.000511431 0.000641606 0.000511305 0.000473036 0.000462401 0.000414882 0.00058541 0.000541569
threshold=-1.4010088243209271 -2.0834333003539762 0.125239575902621 -1.2749491852752739 -1.7404821713765457 0.22009890931689949 0.14858321173250877 0.34075653553009039 6.8244190216064462 1.1590119822888745 -10.28853404521942 -0.53934967517852817 2.082224529398331 -0.13075702681391924 0.57744957660379381 0.70678981145222985 0.081556575993696825 0.59643771251042699 -1.5699297973569684 -0.020322387417157448 -1.4659328638609141 0.16448481489872199 -0.32221226376176298 0.53609691296334394 0.91173211733500181 -1.6430650552113848 0.22862087686856589 -2.3933241067253088 -2.1377108026418372 -0.038235956182082441
decision_type=10 10 2 10 10 10 10 2 2 10 2 10 10 10 10 2 2 2 10 2 10 10 10 10 2 2 2 10 10 2
left_child=3 2 -2 27 5 10 8 15 12 14 11 -3 13 -6 -10 21 -5 18 -18 -7 -4 -8 25 -24 -14 -9 -22 -1 29 -29
right_child=1 4 20 16 6 19 7 22 9 -11 -12 -13 24 -15 -16 -17 17 -19 -20 -21 26 -23 23 -25 -26 -27 -28 28 -30 -31
leaf_value=-2.684297148299666e-05 0.00029712806839733659 0 -8.8091314079850717e-05 0 1.5907723584234051e-06 -0.00047288777666866912 -0.00018048975476925145 0 0 -7.4635187094324321e-06 2.2635934980318198e-06 -0.00037445371021450501 -0.00022691091091435532 5.9543090477963957e-05 0.00033277874733928886 0 0 0 -0.00027497803658190059 0 0.00032612649054625329 0 -3.7967920765743291e-05 7.3753280603777929e-06 0 0.000139641556270635 0 0.00031326103959911149 0 0
leaf_weight=433 111 43 49 86 2074 35 224 48 57 31 318 33 52 1070 80 175 38 31 137 20 23 92 1109 2295 22 120 25 36 69 54
leaf_count=433 111 43 49 86 2074 35 224 48 57 31 318 33 52 1070 80 175 38 31 137 20 23 92 1109 2295 22 120 25 36 69 54
internal_value=0 4.61787e-06 0.000175857 -4.37714e-05 0 -6.98839e-05 4.32561e-06 -1.22914e-05 2.57415e-05 0.000150789 -2.02462e-05 -0.000180014 1.7655e-05 2.29053e-05 0.000223046 -8.9021e-05 -0.000129454 -0.000179224 -0.000218695 -0.000334044 0 -0.000134803 -3.42386e-07 -5.92906e-06 -0.000137664 8.30462e-05 0.000164455 0 6.7511e-05 0.000155857
internal_weight=8990 8106 208 884 7898 449 7449 4063 3386 168 394 76 3218 3144 137 491 292 206 175 55 97 316 3572 3404 74 168 48 592 159 90
internal_count=8990 8106 208 884 7898 449 7449 4063 3386 168 394 76 3218 3144 137 491 292 206 175 55 97 316 3572 3404 74 168 48 592 159 90
is_linear=0
shrinkage=0.05


Tree=52
num_leaves=31
num_cat=0
split_feature=273 210 377 254 39 15 364 17 199 247 19 333 367 246 90 23 238 228 364 11 22 85 296 242 323 38 66 341 208 192
split_gain=0.000734845 0.00108473 0.00107155 0.00101217 0.000821505 0.00119205 0.00107768 0.000998567 0.000768877 0.00117409 0.000763027 0.000714618 0.000664136 0.000736894 0.00112332 0.00069552 0.000952733 0.00116374 0.000812141 0.00077136 0.000694766 0.000627202 0.00126062 0.000597951 0.000611999 0.000450025 0.000443612 0.000829822 0.000435391 0.000411789
threshold=1.6025379188128555 1.328591398534517 -0.084995051934056723 0.7735072017402348 0.54671924312909448 0.52017186085383116 2.7799223665832566 1.3084009091059368 0.49009767642150387 1.4437359669744205 -4.2194933891296378 2.0947832713715289 -2.6488380389935355 -0.20250427278581271 -0.44367369016011549 0.029985046635071403 0.25402908034127197 -0.055870609352558442 -0.18773649478326232 0.34593613942464191 -1.2491734425226846 4.2106121381123867 0.043959679082035609 -0.76950388035938955 0.17978127797444668 -1.1483222246170042 -8.4025262196858694 -0.9836026777823762 0.47677666154752868 0.54942596445121605
decision_type=10 10 2 8 2 2 10 2 10 10 2 10 2 10 2 2 10 10 8 2 2 2 10 10 10 2 2 10 10 10
left_child=3 2 26 12 5 7 -6 10 -8 11 -5 -10 13 14 -1 16 18 25 19 -14 -20 -4 -23 -16 -25 -18 -2 -28 -7 -17
right_child=1 -3 21 4 6 28 8 -9 9 -11 -12 -13 15 -15 23 29 17 -19 20 -21 -22 22 -24 24 -26 -27 27 -29 -30 -31
leaf_value=0 0.0001970473116438163 -1.2498569595922947e-05 3.7849983633897054e-05 0 2.9179703406231522e-06 7.2274725913207128e-05 0 0 -0.00051357591595020864 0 -0.0002851674189964053 0 -2.061993824054152e-06 0 0 0 0 -1.7232875547403821e-05 0.00012106661603855031 -0.00010629271893539347 1.3671332810544696e-05 0.00040009738396052031 0 0.00032853200981454878 0 -0.00018835034123351142 -0.00031491565281940154 0 -7.8623692446648397e-05 8.8266689870521777e-05
leaf_weight=109 28 319 127 55 949 91 45 50 36 72 146 22 2773 275 74 415 44 917 222 200 988 72 49 87 32 182 21 178 99 313
leaf_count=109 28 319 127 55 949 91 45 50 36 72 146 22 2773 275 74 415 44 917 222 200 988 72 49 87 32 182 21 178 99 313
internal_value=0 4.57665e-05 9.54145e-05 -4.60511e-06 -4.10295e-05 -0.000100968 -1.30578e-05 -0.000172559 -0.000128199 -0.000192079 -0.000222697 -0.000364878 3.23797e-06 5.46819e-05 0.000108674 -8.40028e-07 -7.90923e-06 -4.85833e-05 2.01053e-06 -1.07589e-05 3.75155e-05 0.000168021 0.000263215 0.000181713 0.000257074 -0.00015361 0 -9.501e-06 0 4.40046e-05
internal_weight=8990 794 475 8196 1565 441 1124 251 175 130 201 58 6631 577 302 6054 5326 1143 4183 2973 1210 248 121 193 119 226 227 199 190 728
internal_count=8990 794 475 8196 1565 441 1124 251 175 130 201 58 6631 577 302 6054 5326 1143 4183 2973 1210 248 121 193 119 226 227 199 190 728
is_linear=0
shrinkage=0.05


Tree=53
num_leaves=31
num_cat=0
split_feature=67 76 188 305 0 50 238 57 238 249 361 199 67 370 208 249 279 87 291 314 246 0 269 18 262 335 83 200 323 10
split_gain=0.000692064 0.00105729 0.0011038 0.000992573 0.000979122 0.00144213 0.00123727 0.00117816 0.000850107 0.000828752 0.00142148 0.00106417 0.00134978 0.00263264 0.000896318 0.00103319 0.000774477 0.000740706 0.00101232 0.0007388 0.00066762 0.00114077 0.00125935 0.000884107 0.000710984 0.000642121 0.000633886 0.000618834 0.000596112 0.00106161
threshold=2.5053176085154218 3.0166778564453129 0.56364054317458412 0.60234765928246403 0.50338880221048998 4.1532640457153329 0.12968930655391411 0.83195924758911144 0.70211718183015936 -0.67504776969036129 -0.97665334970144657 0.15335125329674634 -1.0765222708384192 0.66765042504295657 -1.3031235919503927 -1.7110111335346561 1.0389347643587805 0.664248287677765 0.13705301284790053 0.29759353745669731 1.0325223046392205 2.3255701859792079 1.6251876546443007 0.64390907684961973 0.73645655986184555 0.99831529340012881 0.0006614673184230001 -0.57016057213439286 -1.5849955479303992 0.47384468714396161
decision_type=2 2 10 10 2 2 8 2 10 10 8 10 2 2 10 10 8 2 10 10 10 2 10 2 10 10 2 10 8 2
left_child=4 3 26 -2 5 9 27 8 -7 10 14 12 13 -11 15 -1 -8 18 -13 -19 24 22 23 -22 -4 -26 -3 -6 29 -12
right_child=1 2 20 -5 6 7 16 -9 -10 11 28 17 -14 -15 -16 -17 -18 19 -20 -21 21 -23 -24 -25 25 -27 -28 -29 -30 -31
leaf_value=0 -0.00020450371763122951 0 -9.662067944830489e-05 0 0 0 -2.5912641379732035e-06 -3.3467377624868993e-05 -0.00046297179009493079 0.00049065801657582073 -2.3252191719122979e-05 -0.00015980953212620986 2.500136825577324e-05 0 -2.9300252444666429e-05 0.00011935351712847494 6.9347762087719792e-05 8.6495084907558216e-05 0 -4.0786998675895763e-05 0 1.8825072304419352e-05 0 -0.00026878938586544877 0 0.00016977031653008521 0.00022757638682951531 0.00014388643767520131 -3.3034596317316316e-05 -0.0002874893205987454
leaf_weight=313 159 62 45 172 103 26 1439 227 40 47 140 199 2288 32 823 289 459 195 183 239 47 138 104 143 36 108 71 330 432 101
leaf_count=313 159 62 45 172 103 26 1439 227 40 47 140 199 2288 32 823 289 459 195 183 239 47 138 104 143 36 108 71 330 432 101
internal_value=0 -3.75401e-05 0 -0.000112257 5.04215e-06 -5.57973e-06 3.25858e-05 -0.000113546 -0.000312858 0 -2.39788e-05 1.64897e-05 3.44745e-05 0.000245246 9.03242e-07 5.0497e-05 1.21745e-05 -2.95507e-05 -8.1757e-05 4.89062e-06 -3.26445e-05 -7.09803e-05 -0.000130127 -0.000206781 2.85303e-05 0.000102378 0.000125538 0.000110488 -8.40842e-05 -0.000154802
internal_weight=8990 1085 754 331 7905 5574 2331 293 66 5281 2098 3183 2367 79 1425 602 1898 816 382 434 621 432 294 190 189 144 133 433 673 241
internal_count=8990 1085 754 331 7905 5574 2331 293 66 5281 2098 3183 2367 79 1425 602 1898 816 382 434 621 432 294 190 189 144 133 433 673 241
is_linear=0
shrinkage=0.05


Tree=54
num_leaves=31
num_cat=0
split_feature=238 85 25 91 58 252 239 238 55 17 201 292 38 329 338 231 318 47 37 294 208 343 206 309 199 366 65 224 348 75
split_gain=0.000665562 0.00111539 0.00105568 0.000645663 0.00107738 0.00100982 0.00166481 0.000979315 0.000633301 0.000717292 0.00113171 0.000539808 0.000551662 0.000537486 0.000502548 0.000632689 0.000525896 0.000489685 0.000729144 0.000753211 0.000565254 0.00122083 0.000478298 0.000448294 0.0005075 0.000601334 0.000745353 0.000633581 0.000406871 0.000467138
threshold=1.6068396110280514 13.23849147061507 0.03932307163874306 -1.3485927581787107 -1.7704634666442869 -0.085204277964198979 -0.4262186331730789 -0.051672461018708794 0.9084977308909099 0.14821374416351318 -0.057859527581600442 4.951998472213746 -3.3161894480387368 0.21826829512914017 -2.279772499964047 -0.3909888094428659 -2.5327765599147045 0.69574697812398278 -1.2888082663218177 -1.4114523927370703 -1.3873041667695514 -18.531858126322426 -1.3530139923752631 2.1379945210490829 1.5325470607304297 2.0162084224037753 4.8923750271399831 0.67461699333770964 4.51279640197754 0.17069489757219949
decision_type=8 2 2 2 2 10 10 10 2 2 10 10 2 10 10 10 10 2 2 10 10 10 10 8 8 2 2 10 10 2
left_child=1 3 -2 7 5 6 -5 17 14 10 -10 12 -9 -3 16 -16 -6 18 19 -1 21 -19 -14 28 25 26 -25 -28 29 -4
right_child=2 13 23 4 8 -7 -8 11 9 -11 -12 -13 22 -15 15 -17 -18 20 -20 -21 -22 -23 -24 24 -26 -27 27 -29 -30 -31
leaf_value=-3.6542543112740176e-06 -0.00036569342474549268 0 0 0 0 0 0.00049440886493205577 0 1.4650017065449547e-05 5.9589097961339974e-07 -0.0001240231556719818 0 0 0.00029636229130172265 -1.9864124371220647e-05 3.0952199908949581e-05 0.00017082459082187033 -1.355293851677995e-05 0 -0.00014934490187389337 0 0.00019110196650797202 -0.00016082463055117784 0 0 0 0 -0.00041084802533886768 7.782283792566241e-05 -0.00015504786483194337
leaf_weight=305 28 27 133 40 64 32 40 49 171 2093 314 31 32 48 742 2090 119 71 970 197 487 137 281 48 150 29 22 46 138 56
leaf_count=305 28 27 133 40 64 32 40 49 171 2093 314 31 32 48 742 2090 119 71 970 197 487 137 281 48 150 29 22 46 138 56
internal_value=0 3.52958e-06 -4.89861e-05 1.17698e-06 1.11004e-05 0.000166709 0.000265353 -1.8984e-05 7.08742e-06 -9.77534e-06 -6.483e-05 -9.22611e-05 -0.000113876 0.000195861 2.31642e-05 1.58723e-05 0.000108631 -3.38378e-06 -2.1717e-05 -7.08042e-05 2.82501e-05 9.72439e-05 -0.000139291 -2.66354e-05 -7.27557e-05 -0.000139676 -0.000193213 -0.000301673 0 -3.09202e-05
internal_weight=8990 8340 650 8265 5705 112 80 2560 5593 2578 485 393 362 75 3015 2832 183 2167 1472 502 695 208 313 622 295 145 116 68 327 189
internal_count=8990 8340 650 8265 5705 112 80 2560 5593 2578 485 393 362 75 3015 2832 183 2167 1472 502 695 208 313 622 295 145 116 68 327 189
is_linear=0
shrinkage=0.05


Tree=55
num_leaves=31
num_cat=0
split_feature=207 245 32 208 235 236 66 85 67 356 2 322 321 40 348 78 71 85 370 249 227 59 64 206 30 281 317 254 292 304
split_gain=0.000677899 0.00215624 0.00127493 0.00110751 0.000982309 0.000873568 0.000694772 0.000953314 0.00109499 0.000994131 0.000881605 0.000820367 0.000616803 0.000582056 0.000557754 0.000525642 0.00049969 0.000869228 0.00120757 0.00118997 0.000470297 0.000457176 0.000682433 0.000491319 0.000382201 0.000368403 0.000294511 0.000266665 0.000239546 0.000197048
threshold=-1.4010088243209271 -2.0834333003539762 0.27671027183532715 -0.62573400890255759 -1.6421112985395132 -1.9972527086462464 19.174695968627933 9.7308291594187448 2.5053176085154218 0.076526683599201062 2.8623056411743169 1.3054435253143313 0.30393045331340773 0.043707470099131208 -9.8927167256673147 1.5282502969106042 -3.9281693299611402 -9.3085473378499319 0.042568228761622161 -1.760154678722557 -1.6346365765731001 -3.3405179182688394 -0.36131280660629267 -1.301483986073994 -2.6908127466837559 1.5157410405423779 -2.3557414476180036 -1.7080631431409785 -9.3685957590738891 -4.2778074341979595
decision_type=10 10 2 10 10 10 2 2 2 10 2 10 10 2 10 2 2 2 2 10 10 2 2 10 2 10 10 10 10 10
left_child=3 2 4 16 -2 12 7 8 13 -9 -10 -11 14 -7 -3 25 27 18 -18 20 -20 23 -23 -4 -5 -8 -26 -1 -28 -19
right_child=1 5 21 24 -6 6 15 9 10 11 -12 -13 -14 -15 -16 -17 17 29 19 -21 -22 22 -24 -25 26 -27 28 -29 -30 -31
leaf_value=0.00027302355450214305 0 0 -0.0002557482180041979 0 0.00041116394977713696 -8.3164093235168146e-07 0 -3.1665280190395864e-05 -7.5434429373510633e-05 0.00021424878299563873 4.6788326834834763e-05 0 0 3.0018042677372862e-05 -0.00025843462642739958 0 2.2439004862634682e-05 -6.358294357696987e-05 -0.00060164220596756451 0 0 0.00033918028270233519 0 0 0 -0.00035204940363319317 -0.00036473273850117708 0 -1.6499983465960842e-05 1.2015353006621367e-05
leaf_weight=20 23 23 20 31 66 4463 23 43 738 153 131 34 22 2120 76 41 20 105 27 42 20 24 40 35 26 31 49 30 45 469
leaf_count=20 23 23 20 31 66 4463 23 43 738 153 131 34 22 2120 76 41 20 105 27 42 20 24 40 35 26 31 49 30 45 469
internal_value=0 4.31307e-06 0.000163182 -4.17894e-05 0.000312817 0 2.20205e-06 4.49556e-06 7.22662e-07 0.000104954 -5.12533e-05 0.000163093 -0.000133126 8.34403e-06 -0.000192917 -0.000130492 -8.99565e-06 -2.6423e-05 -0.000155851 -0.000252013 -0.000428143 9.12081e-06 0.000128986 -3.95958e-05 -0.000167778 -0.000232859 -0.000208258 0.000128839 -0.000251355 0
internal_weight=8990 8106 208 884 89 7898 7777 7682 7452 230 869 187 121 6583 99 95 733 683 109 89 47 119 64 55 151 54 120 50 94 574
internal_count=8990 8106 208 884 89 7898 7777 7682 7452 230 869 187 121 6583 99 95 733 683 109 89 47 119 64 55 151 54 120 50 94 574
is_linear=0
shrinkage=0.05


Tree=56
num_leaves=31
num_cat=0
split_feature=48 33 208 364 373 76 13 366 201 46 203 319 249 30 369 87 369 43 202 255 17 79 191 243 51 84 6 50 32 267
split_gain=0.000625575 0.00101093 0.000773988 0.00136454 0.00113317 0.00107289 0.000985392 0.000825766 0.000790246 0.0014384 0.00100581 0.000865819 0.000790679 0.000998381 0.000786918 0.000755296 0.000699404 0.000788952 0.000699184 0.000663067 0.000635458 0.000624531 0.000619751 0.000602511 0.00081341 0.000646596 0.000638978 0.000925776 0.00058496 0.000577628
threshold=14.048549652099611 -0.69748353958129872 -0.39832267544838945 -0.15912379310553243 -1.5285041531792261 -1.1073537891109781 -0.0049762508521476994 -2.9831911202427003e-07 -0.52251606084722946 0.071620161334673513 0.25446225778270631 -1.7131330083746639 -0.25062610236222499 -1.0884820222854612 21.529229809051085 1.0847134192784631 106.24645019158186 -1.1619112888971961 0.58809056239919599 -1.4542311037893769 -1.2774839798609414 -2.0573785305023189 0.08513930402591946 1.6290024789977755 0.75962546467781078 0.83158679803212487 0.57100903987884533 4.610300699869792 0.27087807655334478 -1.5910931231623404
decision_type=2 2 8 10 2 2 2 2 10 2 10 10 10 2 2 2 2 2 10 10 2 2 10 8 2 2 2 2 2 10
left_child=2 15 3 8 20 16 -7 22 12 10 11 -10 -1 14 -14 -2 -4 18 -18 29 -5 -9 -6 26 25 -25 27 -8 -28 -11
right_child=1 -3 5 4 7 6 23 21 9 19 -12 -13 13 -15 -16 -17 17 -19 -20 -21 -22 -23 -24 24 -26 -27 28 -29 -30 -31
leaf_value=6.9236168110515667e-06 0 0 0 0 1.2740097083290459e-06 6.189636741015859e-05 -8.8187932773390599e-06 -0.00026390969338898197 0 0 6.3012133460954391e-05 -0.00017884382839746308 0 0 0.00031181936274900381 0.00028840065491271148 -0.00017446167613174941 -9.3160302201502994e-06 0 -4.5309752489253203e-06 0.00040496324052019609 0 0.00017314713814197159 -0.00022694576173921908 -1.640364544954402e-05 0 0.00011274885690103323 -0.00013831388675568485 5.0826255914416968e-06 0.00018394234985208606
leaf_weight=1398 30 203 417 41 189 502 1330 26 134 29 44 284 20 73 74 71 303 270 42 337 48 87 139 108 581 43 151 173 1747 96
leaf_count=1398 30 203 417 41 189 502 1330 26 134 29 44 284 20 73 74 71 303 270 42 337 48 87 139 108 581 43 151 173 1747 96
internal_value=0 7.01897e-05 -2.75147e-06 1.69603e-05 8.98532e-05 -1.4135e-05 -2.72782e-06 4.29373e-05 0 -3.51801e-05 -9.95878e-05 -0.000128673 2.30552e-05 0.000128089 0.000235922 0.000199542 -6.05181e-05 -9.48051e-05 -0.000147199 1.84152e-05 0.000265898 -4.76219e-05 8.93803e-05 -1.17882e-05 -5.32251e-05 -0.000161707 -1.39831e-06 -2.70588e-05 1.6288e-05 0.0001202
internal_weight=8990 304 8686 3019 530 5667 4635 441 2489 924 462 418 1565 167 94 101 1032 615 345 462 89 113 328 4133 732 151 3401 1503 1898 125
internal_count=8990 304 8686 3019 530 5667 4635 441 2489 924 462 418 1565 167 94 101 1032 615 345 462 89 113 328 4133 732 151 3401 1503 1898 125
is_linear=0
shrinkage=0.05


Tree=57
num_leaves=31
num_cat=0
split_feature=273 50 194 309 357 217 198 40 304 217 236 243 58 352 69 14 14 41 345 3 36 76 78 255 23 14 340 23 358 261
split_gain=0.000629694 0.000924365 0.000900596 0.00081492 0.000710099 0.000648927 0.000790664 0.000646516 0.000910589 0.00117594 0.000599801 0.00136023 0.00105827 0.00112664 0.00106427 0.00107581 0.00097517 0.00127602 0.000658378 0.000782101 0.000757938 0.000584731 0.000666503 0.000619633 0.000694768 0.000597016 0.000567496 0.000561365 0.000560057 0.000535862
threshold=1.6025379188128555 7.2164624532063817 1.902795229486226 4.1162017232123711 0.77541285424469841 1.7369238403999014 -0.26433770935768314 3.0067663192749028 0.58864048432671179 1.7024174570106727 -1.4171626051538035 -0.75378522342979226 -0.72876596450805653 -0.053746019800504037 -0.61725761493047071 -0.005016122323771249 -0.015147851159175199 -0.30106111367543537 -2.8253761927286782 -2.4417010148366285 0.3512794971466065 -2.8973809878031411 -0.022328806420167244 0.44563351743104523 0.020092516516645707 0.014120420441031402 0.33203473935524619 -0.077932814757029192 -3.1371614635797131 1.66586164442394
decision_type=10 2 10 10 10 10 10 2 10 10 10 10 2 10 2 2 2 2 8 2 2 2 2 10 2 2 10 2 10 10
left_child=1 10 4 -4 -2 6 -3 -6 -9 29 11 18 13 16 15 -15 -12 -18 19 20 -1 22 -14 25 -25 -23 -13 -24 -20 -10
right_child=2 5 3 -5 7 -7 -8 8 9 -11 12 26 21 14 -16 -17 17 -19 28 -21 -22 23 27 24 -26 -27 -28 -29 -30 -31
leaf_value=-0.00026039969184124247 0 2.4829516627416891e-06 0 -0.00036984666881084314 4.1941880745024828e-05 3.3335759974100823e-06 -0.00011804175033770906 0 0.00047282764843213773 0 0 -0.00015904576609286625 0 0 5.2213601525344349e-05 -0.00036654704428442264 0.0002736407049643398 1.2728184881904542e-05 -7.3908319860032494e-06 0 0 9.1926767369919327e-06 2.6470335205400427e-05 -4.1056606549394486e-05 1.6439181267089764e-05 7.4448361040822282e-05 0 -0.00010870705543920882 0.00010361559990191535 0
leaf_weight=67 243 86 58 20 334 149 435 20 55 38 213 241 586 33 81 39 149 133 86 188 26 2601 28 1140 823 469 39 366 218 26
leaf_count=67 243 86 58 20 334 149 435 20 55 38 213 241 586 33 81 39 149 133 86 188 26 2601 28 1140 823 469 39 366 218 26
internal_value=0 -4.34759e-06 4.22768e-05 -9.54877e-05 6.42781e-05 -6.06613e-05 -8.85553e-05 0.000100031 0.000203537 0.000259803 2.10625e-09 -3.84573e-05 5.74759e-06 6.64962e-05 -2.84878e-05 -0.000188572 0.000105954 0.000168359 0 -4.98957e-05 -0.000168874 0 -3.60863e-05 6.07126e-06 -1.44045e-05 2.07924e-05 -0.000129261 -8.64091e-05 5.57784e-05 0.000367932
internal_weight=8990 8196 794 78 716 670 521 473 139 119 7526 865 6661 648 153 72 495 282 585 281 93 6013 980 5033 1963 3070 280 394 304 81
internal_count=8990 8196 794 78 716 670 521 473 139 119 7526 865 6661 648 153 72 495 282 585 281 93 6013 980 5033 1963 3070 280 394 304 81
is_linear=0
shrinkage=0.05


Tree=58
num_leaves=31
num_cat=0
split_feature=207 245 238 15 217 351 218 241 2 295 58 234 321 76 13 212 58 263 201 19 257 369 313 279 239 238 265 64 49 292
split_gain=0.000614375 0.0019122 0.00126434 0.00117353 0.000936348 0.000840483 0.00143904 0.000850815 0.000942149 0.00085051 0.00131811 0.00081152 0.000809964 0.000727276 0.000916712 0.00069367 0.000651938 0.000648678 0.000607211 0.000606151 0.000589275 0.000568093 0.000540165 0.000491941 0.000490139 0.000360922 0.000438351 0.00034646 0.00034387 0.000326654
threshold=-1.4010088243209271 -2.0834333003539762 -0.83183764879322408 0.125239575902621 -1.4238787786966307 -1.7404821713765457 0.22009890931689949 -0.94333777055562973 -1.1870032151540117 -2.1741464932759595 -0.2492167154947916 0.45376800504173131 -1.218656092806397 -1.0309910774230955 -0.0042292637129623988 -1.9416977158053994 -1.2684655189514158 0.28612464962943851 -0.71378360199081958 0.76705948511759448 0.19325741577198904 99.788842631480847 -1.4659328638609141 -0.41536192295521507 -0.19848301773116056 -0.16551068884467537 -0.95101576449989145 0.22862087686856589 -0.6771527131398517 -9.1630301475524885
decision_type=10 10 10 2 10 10 10 10 2 10 2 10 10 2 2 10 2 10 10 2 10 2 10 10 10 10 10 2 2 10
left_child=2 3 -1 15 -4 6 7 8 -3 10 12 29 -7 18 24 -2 -16 28 23 -8 -19 -20 -5 -11 -15 26 -9 -24 -12 -6
right_child=1 5 4 22 11 9 19 25 -10 13 17 -13 -14 14 16 -17 -18 20 21 -21 -22 -23 27 -25 -26 -27 -28 -29 -30 -31
leaf_value=-2.6834427930874351e-06 0 -7.79785804407939e-06 0 -8.8507730648720113e-05 -0.00037799522809946862 0 -5.4332621250836825e-06 0 -0.00033530203311149119 -1.1167019164104196e-05 -3.2860431723493916e-05 0 0.00048425592369043605 0 0.00018957973028058982 0.00033779585148714761 -1.3772514887588718e-06 0.00023943188799327607 0 -0.00057327965963013925 0 -8.4884418590898877e-05 0.00028161038347274001 0.00010178570711670043 0.00010624068303964791 -5.4144284597943033e-05 0.00012959803037846152 0 5.4574648425888283e-05 0
leaf_weight=710 27 141 34 49 68 45 34 55 39 355 291 36 31 254 45 84 4708 59 389 21 20 613 23 116 340 33 126 25 183 36
leaf_count=710 27 141 34 49 68 45 34 55 39 355 291 36 31 254 45 84 4708 59 389 21 20 613 23 116 340 33 126 25 183 36
internal_value=0 4.27054e-06 -3.96242e-05 0.000153891 -0.000161552 0 -6.60862e-05 -1.87715e-05 -0.000106666 4.33233e-06 6.00171e-05 -0.000221679 0.00026311 -7.10863e-08 7.75543e-06 0.000266019 0 2.30232e-05 -3.18742e-05 -0.000313638 0.00015559 -5.46909e-05 0 6.05373e-06 6.63242e-05 3.18204e-05 7.51238e-05 0.000141699 0 -0.000292617
internal_weight=8990 8106 884 208 174 7898 449 394 180 7449 629 140 76 6820 5347 111 4753 553 1473 55 79 1002 97 471 594 214 181 48 474 104
internal_count=8990 8106 884 208 174 7898 449 394 180 7449 629 140 76 6820 5347 111 4753 553 1473 55 79 1002 97 471 594 214 181 48 474 104
is_linear=0
shrinkage=0.05


Tree=59
num_leaves=31
num_cat=0
split_feature=207 58 56 208 243 345 208 15 48 288 367 20 357 292 50 33 235 228 50 227 7 71 40 368 61 304 361 11 40 252
split_gain=0.00056449 0.00103176 0.00160074 0.000955714 0.000746414 0.00124901 0.00101484 0.000928269 0.000986663 0.000888356 0.000790279 0.000855023 0.000749171 0.000718864 0.000768121 0.000686457 0.000567773 0.000547411 0.00069502 0.000380761 0.000371546 0.000340107 0.000573347 0.00127006 0.000340015 0.000244825 0.000415153 0.000545599 0.000227486 0.000258558
threshold=-1.4010088243209271 -2.6294901470343262 0.1931465566158295 -1.2749491852752739 -1.4749700612774244 -2.6746439139048248 -0.97055315696200972 0.1068570514520009 -8.2504657109578421 0.096332743763923562 -1.1452666621729493 0.34455949068069464 -2.104319982412131 -13.113120714823403 -6.456096013387044 1.9658661683400471 -1.3427937909109617 -1.050339851357202 -1.8326789538065589 -0.68010419406225786 -4.0296084086100246 -3.9281693299611402 -5.5623655319213858 60.96040218125578 -1.425889412562052 -3.0642818385793644 -0.86325358263319896 -0.13111930092175797 -1.1270956595738728 -1.8101810493149981
decision_type=10 2 2 10 10 10 10 2 2 10 2 2 10 10 2 2 10 10 2 10 2 2 2 2 2 10 10 2 2 8
left_child=3 2 -2 21 6 9 7 8 -3 10 -6 -12 16 14 -5 -10 -7 19 -19 -14 -18 -1 23 -23 -8 28 27 -27 29 -24
right_child=1 4 -4 13 5 12 24 -9 15 -11 11 -13 17 -15 -16 -17 20 18 -20 -21 -22 22 25 -25 -26 26 -28 -29 -30 -31
leaf_value=0.00014706174222440613 0 0 0.00032846576489173345 0 0 -1.5239353810830907e-07 0 0 0.00030926155871019976 8.4743433291083864e-05 -0.00019923320924572312 0 0 -2.0589439126295462e-05 -0.00034033438069421191 0 0 3.7334859394724091e-05 -4.8022421299053497e-06 -0.00012647444551472115 0.00011881658511867637 0 0 -0.00038175053753171297 -0.00013128437319971762 0 -1.6305686270874564e-05 0.00013540966743156573 0 -0.00011177429249968599
leaf_weight=36 56 40 62 43 158 83 50 103 113 43 229 79 156 186 63 20 28 1183 5202 143 304 21 47 32 54 58 96 148 35 119
leaf_count=36 56 40 62 43 158 83 50 103 113 43 229 79 156 186 63 20 28 1183 5202 143 304 21 47 32 54 58 96 148 35 119
internal_value=0 4.01025e-06 0.000151149 -3.80628e-05 1.2089e-06 -1.56745e-06 6.99347e-05 0.000124995 0.000195773 -7.76451e-05 -0.000103372 -0.00015026 3.18404e-06 -0.000112092 -0.000225358 0.000261491 6.84481e-05 -1.21033e-07 2.22222e-06 -6.6861e-05 0.000100649 0 -1.11815e-05 -0.000168235 -2.81358e-05 0 3.35083e-05 8.09793e-05 -3.68355e-05 -7.11808e-05
internal_weight=8990 8106 118 884 7988 7608 380 276 173 509 466 308 7099 292 106 133 415 6684 6385 299 332 592 556 53 104 503 302 206 201 166
internal_count=8990 8106 118 884 7988 7608 380 276 173 509 466 308 7099 292 106 133 415 6684 6385 299 332 592 556 53 104 503 302 206 201 166
is_linear=0
shrinkage=0.05


Tree=60
num_leaves=31
num_cat=0
split_feature=236 50 340 251 255 326 89 367 46 273 31 264 71 67 14 279 71 350 316 340 93 277 19 258 29 257 50 334 200 365
split_gain=0.000561608 0.00123439 0.000854523 0.000702385 0.000616532 0.0011126 0.000804711 0.000783679 0.00082307 0.000771515 0.000937587 0.000847899 0.000760903 0.000712435 0.000802662 0.000778713 0.000686204 0.000585411 0.00059082 0.000564076 0.000539433 0.000549119 0.00072114 0.00089511 0.000519989 0.000508258 0.000530653 0.000474374 0.000649293 0.000529145
threshold=1.2298227627160097 16.393929799397792 0.61634215712547313 1.6742480018749757 0.41493390075328157 -0.19863017400105801 0.90086984634399425 -2.6488380389935355 0.12722691179563592 -2.3037936825608711 0.82987713813781749 -1.1041422786104083 -0.69348192214965809 -0.61075119177500392 0.013063102339704752 -0.81199116478471955 2.1497762203216557 8.5698256492614764 -0.19224554208207517 -0.16171489159266142 6.183880428473155 0.39012212515754358 0.92578367392222094 0.10713023229513642 1.300262173016866 1.6515824655886753 0.3081974635521571 0.20772813734761303 0.61598678300118725 1.2496443082049804
decision_type=10 2 10 10 8 8 2 2 2 10 2 10 2 2 2 10 2 10 10 10 2 10 2 10 2 10 2 10 10 10
left_child=1 4 -3 20 7 6 17 12 9 11 -11 -9 -1 15 -15 -10 -14 18 -6 -7 21 22 -2 -24 25 26 -5 28 -23 -29
right_child=3 2 -4 24 5 19 -8 8 13 10 -12 -13 16 14 -16 -17 -18 -19 -20 -21 -22 27 23 -25 -26 -27 -28 29 -30 -31
leaf_value=0 0 -0.00037056421312099192 0 0 -0.00030273421717031714 6.7703781829279498e-05 0 -0.00021277946805420891 0 1.3103660145658573e-06 -8.0009734596033077e-05 0 0.00015112630784172218 0 8.9324228689242145e-05 0.00025896395405083656 0 0 0 -1.8943098539995951e-05 0.00022385774306576663 0 0 0.00030797655690522393 2.3749311513420371e-05 0 -0.00028502256168294685 0.00010630951781645286 -0.00026063668217115335 0
leaf_weight=191 74 39 32 34 97 190 104 103 61 2181 401 35 254 1680 298 68 27 34 32 2043 58 44 35 69 94 60 50 164 34 404
leaf_count=191 74 39 32 34 97 190 104 103 61 2181 401 35 254 1680 298 68 27 34 32 2043 58 44 35 69 94 60 50 164 34 404
internal_value=0 -4.93244e-06 -0.000213234 3.29019e-05 -2.39231e-06 -2.3319e-05 -0.000121557 6.53735e-06 0 -1.76437e-05 -9.38533e-06 -0.000135835 6.80416e-05 2.39724e-05 1.37103e-05 0.000142463 0.000120593 -0.000191135 -0.000239771 -9.32881e-06 5.57606e-05 3.78356e-05 0.000118797 0.000203625 -3.07981e-05 -0.000101095 -0.000180611 7.77366e-06 -9.42135e-05 3.05943e-05
internal_weight=8990 7870 71 1120 7799 2500 267 5299 4827 2720 2582 138 472 2107 1978 129 281 163 129 2233 882 824 178 104 238 144 84 646 78 568
internal_count=8990 7870 71 1120 7799 2500 267 5299 4827 2720 2582 138 472 2107 1978 129 281 163 129 2233 882 824 178 104 238 144 84 646 78 568
is_linear=0
shrinkage=0.05


Tree=61
num_leaves=31
num_cat=0
split_feature=273 210 293 62 67 77 369 228 211 308 256 238 367 278 312 292 23 198 50 318 82 249 361 349 332 344 210 376 238 50
split_gain=0.000549562 0.000850247 0.000927911 0.000842934 0.000821727 0.00079999 0.0013131 0.000775271 0.000772301 0.000702092 0.000872033 0.000620949 0.00104549 0.00124759 0.000881578 0.00104311 0.000876406 0.000769054 0.000950697 0.000612847 0.000877109 0.000595335 0.00112131 0.00109453 0.000949421 0.000705519 0.0006034 0.000537398 0.000544147 0.000536684
threshold=1.6025379188128555 1.2336333935796688 0.48090406258900975 3.8406052589416508 2.3849778970082611 0.35215944051742559 118.05983605018062 0.59701074101723084 0.14691068638329305 0.12685027119893591 2.1841978789724208 -2.3220423156799246 -0.0038077373266467 -1.5508337373557537 -3.8293211891882861 -15.763919512430823 -0.014394552136460898 -0.1746405816412395 -15.139360427856444 0.37457629105343254 -1.1990785201390584 -0.67504776969036129 -0.97665334970144657 -10.97366091609001 -0.94931965044091282 -1.846537431081136 -0.8666867585151008 0.10325884067206371 0.65626359780547172 -2.9497033754984532
decision_type=10 10 10 2 2 2 2 10 10 10 10 8 2 10 8 10 2 10 2 10 2 10 8 8 10 10 10 2 10 2
left_child=4 2 -2 7 11 6 8 -4 -6 -9 -11 12 13 -1 15 16 -13 18 -15 -7 27 22 26 -24 25 -23 -16 28 -21 -26
right_child=1 -3 3 -5 5 19 -8 9 -10 10 -12 14 -14 17 21 -17 -18 -19 -20 20 -22 24 23 -25 29 -27 -28 -29 -30 -31
leaf_value=0 0 -7.209961187552154e-06 0 0 -0.00062301741616631106 3.1510726270926152e-05 0 0 0 0.00031552934146090886 0 -9.5162323523200354e-06 -5.0160679356956008e-06 0.00057448334917306718 3.8573675842815365e-05 0 -0.00040258778355011708 0 0 0 0 0 -0.00024349592428089806 -3.7513971371223832e-05 4.7346212895201052e-05 0.0001017072175481797 -3.1297132066889761e-05 0 -0.00021889366679591282 -5.6818169282076416e-06
leaf_weight=52 143 343 85 44 23 241 73 20 26 137 22 67 77 35 672 102 43 20 24 55 295 386 94 581 547 461 534 76 138 3574
leaf_count=52 143 343 85 44 23 241 73 20 26 137 22 67 77 35 672 102 43 20 24 55 295 386 94 581 547 461 534 76 138 3574
internal_value=0 3.95339e-05 8.61618e-05 0.000135642 -4.02503e-06 -4.84961e-05 -0.000175315 0.000171591 -0.000378536 0.000232893 0.000268495 9.59015e-07 8.64134e-05 0.000178256 -8.51348e-07 -0.000101678 -0.000208811 0.000303472 0.000394706 -2.30466e-05 -5.52243e-05 1.54101e-06 -2.15314e-05 -7.3637e-05 1.12835e-05 5.95698e-05 3.49023e-06 -0.000120588 -0.000164992 1.44556e-07
internal_weight=8990 794 451 308 8196 927 122 264 49 179 159 7269 208 131 7061 212 110 79 59 805 564 6849 1881 675 4968 847 1206 269 193 4121
internal_count=8990 794 451 308 8196 927 122 264 49 179 159 7269 208 131 7061 212 110 79 59 805 564 6849 1881 675 4968 847 1206 269 193 4121
is_linear=0
shrinkage=0.05


Tree=62
num_leaves=31
num_cat=0
split_feature=238 25 273 293 40 48 208 47 261 225 12 69 279 367 211 223 85 343 43 13 368 29 230 228 266 251 59 85 207 243
split_gain=0.000526035 0.000842949 0.000814763 0.000894636 0.000901338 0.00052001 0.000646926 0.00101516 0.00111294 0.00127344 0.000989092 0.000913238 0.000894319 0.000765676 0.000719587 0.000687108 0.0014932 0.000682395 0.000580782 0.000539839 0.000539765 0.000601056 0.000510636 0.000396235 0.00100926 0.000688396 0.000772887 0.000511171 0.000431424 0.000432099
threshold=1.6068396110280514 0.03932307163874306 2.1771997877334583 0.48090406258900975 1.6085654099782312 -17.046490987141926 -0.39832267544838945 0.69574697812398278 -0.50748786112386923 1.3496934109401437 0.53687880436579394 2.3044773737589521 -0.39123468473131601 -0.90274860124937328 -0.9631403891195689 0.047537434573453503 -3.7415264447530108 4.370977898438773 -1.1619113485018409 -0.012996638814608249 60.96040218125578 0.13260289033253989 -0.65640958995577947 2.3028020950681789 1.3736356288333715 0.57084055752019336 8.4332313537597674 11.177998224894209 1.47004223163464 1.0001815800805656
decision_type=8 2 10 10 2 2 10 2 10 10 2 2 10 2 10 10 2 10 2 2 2 2 10 10 10 10 2 2 10 10
left_child=2 -2 5 -4 -5 20 7 15 14 -10 12 13 18 -12 -9 17 -17 -7 -8 -14 -1 -22 -23 27 25 -25 -27 28 29 -3
right_child=1 23 3 4 -6 6 10 8 9 -11 11 -13 19 -15 -16 16 -18 -19 -20 -21 21 22 -24 24 -26 26 -28 -29 -30 -31
leaf_value=0 -0.0003279710485967824 0 -1.0271786593557872e-05 1.439751422136496e-05 0.0002882679332330351 2.2195039875923171e-05 -8.611380134085395e-05 7.6189561382461566e-05 0.00017669327476988464 -1.9609698856399218e-05 0 6.948459382952154e-05 7.147590817281568e-05 -0.00015320855947241886 -3.3800456717492704e-05 -0.00037338515240611199 -3.2041482393856911e-06 -0.00012731825109194104 0 2.2576005361626888e-06 0 -0.00041013308858556599 0 0 0 -0.00052565532475297525 0 0.00017325448983016787 1.3992746145300548e-05 -0.0001567195491901143
leaf_weight=51 28 78 68 122 79 1618 449 262 312 54 69 45 331 289 287 37 229 73 566 3308 34 32 25 20 116 27 24 40 228 89
leaf_count=51 28 78 68 122 79 1618 449 262 312 54 69 45 331 289 287 37 229 73 566 3308 34 32 25 20 116 27 24 40 228 89
internal_value=0 -4.36095e-05 3.07257e-06 8.86675e-05 0.000146991 0 1.91743e-06 2.13678e-05 6.48566e-05 0.000134076 -8.14042e-06 -8.34399e-05 -5.441e-07 -0.000116639 9.58873e-06 0 -7.36064e-05 1.27768e-05 -4.30168e-05 9.92939e-06 -9.45702e-05 -0.000169596 -0.000268711 -2.27207e-05 -8.37309e-05 -0.000232242 -0.000329736 0 -1.37079e-05 -8.14346e-05
internal_weight=8990 650 8340 269 201 8071 7929 2872 915 366 5057 403 4654 358 549 1957 266 1691 1015 3639 142 91 57 622 187 71 51 435 395 167
internal_count=8990 650 8340 269 201 8071 7929 2872 915 366 5057 403 4654 358 549 1957 266 1691 1015 3639 142 91 57 622 187 71 51 435 395 167
is_linear=0
shrinkage=0.05


Tree=63
num_leaves=31
num_cat=0
split_feature=236 58 243 365 224 368 355 19 340 19 377 89 12 25 367 67 27 54 329 75 327 226 273 243 73 281 210 231 20 231
split_gain=0.000512016 0.00124056 0.00106368 0.000899281 0.000870285 0.00122907 0.000684653 0.000862443 0.000651893 0.000647133 0.000621672 0.000578993 0.000518526 0.00072723 0.0010076 0.000779072 0.000642226 0.000510861 0.000482451 0.00047209 0.000459253 0.000451793 0.00110025 0.000911117 0.000682867 0.000502549 0.000438888 0.00107607 0.00106665 0.00068159
threshold=-1.4171626051538035 -1.3258773485819497 -0.78090667474364706 -0.09806205652221274 -1.46383236814896 229.40757016107406 1.338215928873556 -1.8515945275624588 -0.043576200803120892 -9.6378434499104806 -0.098119116423418792 -7.4048522313435861 0.50080104296406114 -0.027993412067492746 -0.62999119112400015 0.65310974915822351 2.6313153902689623 0.94104691346486413 0.25469784686962754 0.028184180652412152 -0.083747516075769982 -1.7535146531802284 -2.2451525405496757 -1.9271317941023784 -7.9688129425048819 -1.4395667249879562 0.11132238264946277 -0.38145874731212365 -1.4754801591237383 0.50509336787476011
decision_type=10 2 10 10 10 2 10 2 10 2 2 2 2 2 2 2 2 2 10 2 10 10 8 10 2 10 10 10 2 10
left_child=2 3 21 4 -2 10 7 20 -5 11 17 -3 26 15 18 -14 -16 -6 -15 -13 -4 22 23 -1 25 -23 27 -11 -28 -30
right_child=1 9 6 8 5 -7 -8 -9 -10 12 -12 19 13 14 16 -17 -18 -19 -20 -21 -22 24 -24 -25 -26 -27 28 -29 29 -31
leaf_value=-0.00033917739305339308 0 0 -0.00010523911870857438 -0.00020480246527775591 0.00029538464162541577 0 0 -0.00030777058755180936 4.9016987319199243e-05 -3.6178532364161531e-06 0 -0.00023907612410720253 0 0.00015052928292771679 -0.00010509164789109281 -0.00029317404772017655 0 0 0 0 1.469245350202368e-05 0.00023123941574081398 0 0 0 0 -0.00026455165901625663 5.3392606891152086e-05 -2.6316946340780011e-05 1.657309391572283e-05
leaf_weight=48 53 25 156 36 155 37 33 75 48 1700 20 74 26 104 277 55 195 20 59 27 42 67 203 23 191 46 39 1383 1598 2175
leaf_count=48 53 25 156 36 155 37 33 75 48 1700 20 74 26 104 277 55 195 20 59 27 42 67 203 23 191 46 39 1383 1598 2175
internal_value=0 3.57337e-06 -3.64797e-05 9.31826e-05 0.0001383 0.000181297 -0.000111942 -0.000142522 -4.23923e-07 -5.527e-08 0.000234203 -0.000112912 1.15759e-06 -3.84487e-05 -1.18023e-05 -0.000185419 -5.55117e-05 0.000264561 8.40674e-05 -0.000173836 -5.45647e-05 0 -4.29262e-05 -0.000213987 4.53134e-05 0.00014358 5.99609e-06 2.03356e-05 -4.28975e-06 -2.67413e-07
internal_weight=8990 8106 884 369 285 232 306 273 84 7737 195 126 7611 716 635 81 472 175 163 101 198 578 274 71 304 113 6895 3083 3812 3773
internal_count=8990 8106 884 369 285 232 306 273 84 7737 195 126 7611 716 635 81 472 175 163 101 198 578 274 71 304 113 6895 3083 3812 3773
is_linear=0
shrinkage=0.05


Tree=64
num_leaves=31
num_cat=0
split_feature=249 211 76 210 69 89 246 367 53 57 263 258 3 210 59 79 252 369 19 292 238 78 247 39 362 91 53 81 72 263
split_gain=0.000482818 0.000963938 0.00108322 0.00084976 0.000841399 0.001144 0.000825375 0.00115635 0.000810923 0.00110388 0.000749822 0.000745034 0.000958641 0.000660106 0.000851656 0.000590892 0.000557004 0.000510345 0.000488373 0.000619315 0.000659014 0.000633986 0.00048308 0.000524423 0.000445538 0.000427839 0.000423055 0.000415475 0.000403867 0.000389998
threshold=-1.1977440140564213 -0.8748649441406301 -2.8973809878031411 -0.8849696496558771 0.14970454573631284 -4.4388235410054522 -0.24559579166779658 -1.8153928778504762 -1.0000000180025095e-35 0.51888775825500499 -0.74286508890527359 0.53381386097496275 0.23368930816650393 -1.4657296103720079 -1.6024607022603352 -0.28553425272305799 0.08317985240540951 20.530047543281771 -1.3278124729792273 -5.68940762678782 0.34809012497039987 1.0543384552001955 -1.2016191079017973 -4.9757377306620265 -0.6840508774471673 -1.4833111763000486 -0.31928277015686024 0.00066141174950940017 -7.3976542154947902 -1.2175162410970037
decision_type=10 10 2 10 2 2 10 2 2 2 10 10 2 10 2 2 10 2 2 10 10 2 10 2 10 2 2 2 2 10
left_child=3 13 4 22 5 -3 7 10 9 -9 -4 12 -7 14 17 -10 -12 -2 27 21 -21 -20 29 -24 28 -15 -5 -8 -25 -1
right_child=1 2 6 26 -6 11 18 8 15 -11 16 -13 -14 25 -16 -17 -18 -19 19 20 -22 -23 23 24 -26 -27 -28 -29 -30 -31
leaf_value=0 0 3.1034649009115631e-06 0 -0.00013798155473334649 2.7883581510624349e-05 -5.1668786265630715e-05 0 0.00018156307178203822 -0.00011750758206650673 1.3744133721036617e-06 0.00030536932126426318 0 -0.000245357071881832 0 0 1.9344344408294524e-07 0 0.00025873829437753515 -0.00025878819218786261 3.4387957128786771e-05 -7.0896127595339222e-06 0 -1.2509226618640159e-05 0 0 6.8075004439320291e-05 0 -7.2420939610211781e-05 0.00018927324008059308 -7.8443220735206244e-05
leaf_weight=305 25 179 27 224 157 230 253 152 117 333 85 103 184 476 24 422 28 105 45 1385 2755 23 88 41 37 344 35 438 112 258
leaf_count=305 25 179 27 224 157 230 253 152 117 333 85 103 184 476 24 422 28 105 45 1385 2755 23 88 41 37 344 35 438 112 258
internal_value=0 3.92982e-06 -1.93725e-06 -3.14078e-05 -5.51882e-05 -8.11113e-05 4.73072e-06 4.29256e-05 1.89387e-05 6.81789e-05 0.000182546 -0.000119933 -0.000149865 5.07185e-05 0.000153501 -1.60981e-05 0.000240525 0.000210415 -3.32447e-06 1.95127e-06 5.57913e-06 -0.000145184 -8.52342e-07 4.62599e-05 9.97735e-05 2.53023e-05 -0.000111288 -4.26827e-05 0.000140128 -3.29991e-05
internal_weight=8990 7890 6916 1100 853 696 6063 1164 1024 485 140 517 414 974 154 539 113 130 4899 4208 4140 68 841 278 190 820 259 691 153 563
internal_count=8990 7890 6916 1100 853 696 6063 1164 1024 485 140 517 414 974 154 539 113 130 4899 4208 4140 68 841 278 190 820 259 691 153 563
is_linear=0
shrinkage=0.05


Tree=65
num_leaves=31
num_cat=0
split_feature=255 264 333 10 42 0 373 376 12 236 49 376 4 238 250 74 76 50 13 351 199 207 75 244 37 222 19 63 239 365
split_gain=0.000492684 0.00085365 0.000794422 0.000818309 0.000623673 0.000727689 0.00055546 0.000660372 0.000760171 0.000557157 0.000837008 0.000918406 0.00159416 0.000613411 0.00060479 0.000728746 0.000489744 0.00106911 0.00070558 0.000458996 0.000446074 0.000430453 0.000373226 0.000577773 0.000368053 0.000357441 0.000232442 0.000352962 0.000208231 0.000194307
threshold=2.036126177864555 1.9807280035812982 2.3062443693087515 0.85812311371167527 0.014566365008552802 1.1155365705490115 35.634647973287564 -0.034348617482909648 0.56783586740493786 1.0361016049376148 8.1849978764851912 -0.043899737056257396 -1.228858947753906 0.50098788304399122 0.59857384881678999 0.34650642673174542 -2.8973809878031411 0.14698197444279987 -0.0030442805339892499 0.34703763326009129 1.5325470607304297 -0.50731549802049136 0.99681897958119714 0.91098482879289744 -0.70786209901173902 0.32144616427087497 6.3749748865763349 4.2417120933532724 0.78433958404309589 1.0000000180025095e-35
decision_type=8 10 8 2 2 2 2 2 2 10 2 2 2 10 10 2 2 2 2 10 10 10 2 10 2 10 2 2 10 10
left_child=1 6 3 28 -3 19 9 -8 -9 10 16 12 -12 -13 15 21 17 -1 -18 -6 25 -11 23 -16 -24 -5 -4 -28 29 -2
right_child=2 4 26 20 5 -7 7 8 -10 14 11 13 -14 -15 22 -17 18 -19 -20 -21 -22 -23 24 -25 -26 -27 27 -29 -30 -31
leaf_value=-5.051270420615987e-06 0 0 -1.7513152880494115e-05 0 0 1.3525298688836058e-05 0 0 -0.00035091629551948307 0 0 5.7866622249028743e-05 -0.00043666439924559125 -9.2621027202823659e-05 -0.00012188726275619239 0 3.837121123866909e-05 -0.00012744186183593267 -2.5213467374489985e-06 0.00041894590155232368 0 0.00015071817709635759 0.00013988375530237448 0 0 -0.00027559234499471066 0.00015153849568955104 0 -5.7147660759709629e-05 0.00020515659966057777
leaf_weight=1668 21 139 122 41 37 120 24 20 40 31 20 88 44 152 119 130 1406 217 3497 38 33 251 78 217 180 95 62 31 49 20
leaf_count=1668 21 139 122 41 37 120 24 20 40 31 20 88 44 152 119 130 1406 217 3497 38 33 251 78 217 180 95 62 31 49 20
internal_value=0 2.40779e-06 -4.99386e-05 -0.000110582 8.08371e-05 0.000138499 -1.8365e-07 -0.000128406 -0.000224816 5.30531e-07 -3.77682e-06 -8.49335e-05 -0.000262694 -1.66164e-05 3.58631e-05 8.25166e-05 0 -2.17992e-05 8.18591e-06 0.000271595 -0.000175598 0.000128082 0 -3.10951e-05 4.85388e-05 -0.000215651 0 7.64165e-05 0 9.36194e-05
internal_weight=8990 8516 474 259 334 195 8182 84 60 8098 7092 304 64 240 1006 412 6788 1885 4903 75 169 282 594 336 258 136 215 93 90 41
internal_count=8990 8516 474 259 334 195 8182 84 60 8098 7092 304 64 240 1006 412 6788 1885 4903 75 169 282 594 336 258 136 215 93 90 41
is_linear=0
shrinkage=0.05


Tree=66
num_leaves=31
num_cat=0
split_feature=236 61 58 264 210 236 367 12 297 3 38 40 326 232 273 231 227 246 193 236 231 76 89 310 365 376 72 291 27 75
split_gain=0.000463764 0.00105701 0.000796542 0.000708896 0.000883845 0.000672244 0.000735839 0.000657384 0.000696826 0.00087687 0.00064554 0.00063678 0.0017715 0.00061776 0.000685304 0.000541252 0.000791969 0.00067615 0.000527311 0.000509198 0.000499901 0.000524415 0.000483709 0.000466103 0.000459227 0.000626904 0.000520811 0.000458164 0.000526167 0.000407683
threshold=1.2298227627160097 5.25823481877645 3.6881326039632163 0.71555673511210971 -0.3755646632185789 0.37641606044072923 0.23446410026332073 0.047485694910089103 -0.32039456566174801 0.99999990065892552 1.6396969358126323 3.0067663192749028 0.88749078909556067 1.9757097900104321 1.2977958293112983 -0.3857841341982578 -0.72235432580086323 0.26619564842750704 -1.2516265596695262 0.94733456655609971 0.51313872250849646 6.6350506146748867 3.4850718180338545 3.1488808882264405 -0.62931669954423264 0.056282282935956857 -0.39632564783096302 3.2841537793477382 1.6603426138559978 0.00066147158698485011
decision_type=10 2 2 10 10 10 2 2 10 2 2 2 10 10 10 10 8 10 10 10 10 2 2 10 10 2 2 10 2 2
left_child=1 2 3 7 20 -3 -7 15 18 -10 -6 24 -13 14 -14 16 -1 -17 -9 -12 21 -5 -4 -15 -2 26 29 28 -27 -26
right_child=11 5 22 4 10 6 -8 8 9 -11 19 12 13 23 -16 17 -18 -19 -20 -21 -22 -23 -24 -25 25 27 -28 -29 -30 -31
leaf_value=1.1632537746676321e-05 0.00013255480110134613 0 -0.00021752819949234735 0 0 -0.00040173573085092618 0 -1.1483943858349625e-05 -9.0577439436509638e-05 -4.5759221922937177e-06 0.00013442777465934647 0.00033525352560950295 -1.2823971692039672e-05 0 0.00017336774597683194 4.4202118555705117e-05 -4.0871494028978007e-05 -8.2941984601922842e-06 0.00013708008648189023 0 0 0.00046185743961867705 0 -0.00032099474054808722 0 0 0 0 0.00020449056450479666 -0.00014664866862840501
leaf_weight=1423 67 54 68 33 721 39 30 28 636 809 179 62 27 20 78 1364 1279 870 97 87 29 28 96 20 43 155 208 214 73 153
leaf_count=1423 67 54 68 33 721 39 30 28 636 809 179 62 27 20 78 1364 1279 870 97 87 29 28 96 20 43 155 208 214 73 153
internal_value=0 -4.64022e-06 -1.67623e-06 2.50095e-08 3.8219e-05 -0.000150553 -0.000254363 -5.52959e-06 -3.39666e-05 -4.58921e-05 1.88204e-05 2.97289e-05 0.000110985 0 7.79495e-05 2.50296e-06 -1.13706e-05 2.15207e-05 6.38511e-05 8.58997e-05 0.000195206 0.000276849 -0.000110759 -0.000150295 5.82021e-06 0 -4.90269e-05 3.67151e-05 8.73739e-05 -0.00010767
internal_weight=8990 7870 7747 7583 1077 123 69 6506 1570 1445 987 1120 207 145 105 4936 2702 2234 125 266 90 61 164 40 913 846 404 442 228 196
internal_count=8990 7870 7747 7583 1077 123 69 6506 1570 1445 987 1120 207 145 105 4936 2702 2234 125 266 90 61 164 40 913 846 404 442 228 196
is_linear=0
shrinkage=0.05


Tree=67
num_leaves=31
num_cat=0
split_feature=238 19 290 84 80 273 23 235 50 269 372 244 353 321 194 294 22 228 21 282 2 93 19 200 316 250 64 39 85 1
split_gain=0.000460728 0.00182083 0.000933969 0.000904077 0.000522317 0.000486386 0.000783344 0.000781875 0.000672914 0.000651976 0.000602727 0.000573498 0.00070961 0.000729327 0.000530487 0.000501643 0.000917724 0.00105874 0.000857782 0.000657469 0.0004909 0.000460905 0.000454737 0.000393532 0.000330767 0.000544633 0.000524209 0.000308911 0.000499728 0.000485553
threshold=-2.3220423156799246 -13.292779286702475 -5.4000074863433829 0.00066127259439470009 -1.9825223286946614 1.6025379188128555 0.036511191477378156 0.52208261519763943 7.7888151804606123 1.7505063040338642 -0.75256883988869083 0.89299837655809233 0.52452038989602368 2.505958844979379 1.902795229486226 -1.2427925666173298 -3.3309316635131831 -0.012038087532812549 1.370222647984823 -0.63819980621337902 3.1620038350423187 0.71703188618024194 6.729236602783204 0.60284835522806557 1.3497624965282895 1.096199108524633 8.8642347057660427 1.7289821306864421 4.7631581624348973 1.7643888791402185
decision_type=8 2 10 2 2 10 2 10 2 10 2 10 10 10 10 8 2 10 2 10 2 2 2 10 10 8 2 2 2 2
left_child=2 3 4 -2 -1 8 7 23 15 10 -9 12 -10 -14 24 18 17 -17 19 -3 -16 -20 -18 -7 25 -8 -26 29 -29 -13
right_child=1 5 -4 -5 -6 6 14 9 11 -11 -12 27 13 -15 20 16 22 -19 21 -21 -22 -23 -24 -25 26 -27 -28 28 -30 -31
leaf_value=0 0 2.7314549006118141e-05 0 -0.00037746097473330843 0.00045354118579756712 3.6475634805208324e-05 -0.00020721720592916735 0 0 0 0.00021786504358736053 0 -0.0002443365275946405 0 -0.00030415349979048058 2.5365653729559061e-06 0 0.00049286437578393379 -0.00021500224796825747 -5.090349337781088e-05 0 0 7.863239946633241e-05 -0.00014389281673309821 0.00011146180922264123 0 -4.0049856734799026e-05 -0.00011107440349631985 2.760077032351742e-06 0.00022629524813134428
leaf_weight=24 45 456 169 48 23 162 39 59 114 56 171 68 114 35 28 77 5904 21 91 543 23 20 192 37 142 34 34 133 97 31
leaf_count=24 45 456 169 48 23 162 39 59 114 56 171 68 114 35 28 77 5904 21 91 543 23 20 192 37 142 34 34 133 97 31
internal_value=0 -2.15834e-06 7.17e-05 -0.000222111 0.000270482 0 3.77283e-05 7.90305e-05 -3.53078e-06 0.000131994 0.000169547 -5.48404e-05 -0.000110534 -0.000182913 -1.23866e-05 0 6.16942e-06 0.000158971 -3.02878e-05 -1.01967e-05 -0.000163873 -0.000165931 2.89021e-06 0 0 -6.58866e-05 5.37934e-05 0 -4.13559e-05 6.18202e-05
internal_weight=8990 8774 216 93 47 8681 785 485 7896 286 230 592 263 149 300 7304 6194 98 1110 999 51 111 6096 199 249 73 176 329 230 99
internal_count=8990 8774 216 93 47 8681 785 485 7896 286 230 592 263 149 300 7304 6194 98 1110 999 51 111 6096 199 249 73 176 329 230 99
is_linear=0
shrinkage=0.05


Tree=68
num_leaves=31
num_cat=0
split_feature=255 188 58 93 50 61 261 207 363 359 292 21 311 207 262 351 85 40 305 23 191 366 231 216 8 35 47 238 366 214
split_gain=0.000462527 0.000734338 0.00104725 0.00101461 0.000780583 0.000885473 0.00102145 0.00102464 0.000580216 0.000540882 0.000530843 0.00051532 0.00054139 0.000513186 0.000508566 0.000789898 0.000506267 0.000839173 0.00056038 0.000488357 0.000642804 0.000552028 0.000771455 0.000585973 0.000420025 0.000529496 0.000638108 0.00050116 0.00040634 0.000373798
threshold=2.036126177864555 0.40059841990096662 -1.1702525615692136 5.3579270044962577 1.357673009236654 0.81885894139607751 -0.35423080727977124 -0.76934985562522329 1.6783654005186424 1.6308741522619787 1.5892040729522707 -1.9005371729532874 0.11607680189192497 -0.13075702681391924 0.70672708646550919 0.4123469988505048 0.75628972053527843 0.063706308603286715 3.1711133134453688 0.038172139475742904 1.7201051010520481 0.92671317581034673 0.50849968785568345 2.2341963060151366 1.6115506490071616 1.1165966590245568 0.92267930507659923 0.59623312723561817 0.40705557677007004 -0.42559895672031461
decision_type=8 10 2 2 2 2 10 10 10 8 10 2 10 10 10 10 2 2 10 2 10 2 10 10 2 2 2 10 2 10
left_child=1 3 -3 4 5 11 7 -7 14 16 -8 12 -1 -13 15 -6 -4 -18 -19 -2 21 22 -21 -24 25 26 -11 28 -26 -10
right_child=19 2 9 -5 8 6 10 -9 29 24 -12 13 -14 -15 -16 -17 17 18 -20 20 -22 -23 23 -25 27 -27 -28 -29 -30 -31
leaf_value=-8.8047144074419406e-05 0 0.0002692550018799962 1.5711707123512025e-06 -0.00028993993227093007 -3.1540037880616863e-05 0 7.6057903457610028e-05 0.00028066615649150384 0.0001104622009477416 -8.8577168608381333e-07 -5.6906205732815936e-05 -8.1547580337686527e-06 6.0669674836454192e-05 3.1408091240781818e-05 0 -0.0001709977435106663 0 0.00011983486449166333 0 0 0 0 -0.0004300171042735157 0 0.00015275980148038567 0 -0.00031220093091191851 -9.2995357179964465e-06 0 -1.2598902882901219e-05
leaf_weight=327 296 46 805 32 432 21 167 93 75 92 113 2960 34 1109 98 215 276 484 72 30 37 42 47 22 95 51 41 660 59 159
leaf_count=327 296 46 805 32 432 21 167 93 75 92 113 2960 34 1109 98 215 276 484 72 30 37 42 47 22 95 51 41 660 59 159
internal_value=0 2.3834e-06 2.44722e-05 -6.90908e-06 -4.48176e-06 2.81344e-06 7.51279e-05 0.000204511 -4.5532e-05 1.82914e-05 4.54546e-06 -2.49104e-06 -6.01811e-05 1.39977e-06 -6.82749e-05 -8.56283e-05 3.65692e-05 6.44183e-05 9.99093e-05 -4.83419e-05 -0.00011435 -0.000167015 -0.000231607 -0.000323792 -6.68038e-06 -7.68421e-05 -0.000134583 3.04501e-06 8.83684e-05 5.5157e-06
internal_weight=8990 8516 2681 5835 5803 4824 394 114 979 2635 280 4430 361 4069 745 647 1637 832 556 474 178 141 99 69 998 184 133 814 154 234
internal_count=8990 8516 2681 5835 5803 4824 394 114 979 2635 280 4430 361 4069 745 647 1637 832 556 474 178 141 99 69 998 184 133 814 154 234
is_linear=0
shrinkage=0.05


Tree=69
num_leaves=31
num_cat=0
split_feature=348 207 245 32 351 93 324 235 208 227 208 76 222 225 207 375 46 313 40 73 312 12 236 19 52 257 59 367 64 13
split_gain=0.000446197 0.000740845 0.00128027 0.00101045 0.000957399 0.00110548 0.00185212 0.000757073 0.000751049 0.000973877 0.000725577 0.000700572 0.000991037 0.000691834 0.000633425 0.000602803 0.00057788 0.000524951 0.00057292 0.000547329 0.000529714 0.000513537 0.000487272 0.000481463 0.000440931 0.000337801 0.000333351 0.000514183 0.00047454 0.000284148
threshold=-21.390256881713864 -1.4010088243209271 -2.0834333003539762 0.27671027183532715 -1.7404821713765457 0.71703088283538829 -0.28573528925577785 -1.6421112985395132 0.14858321173250877 0.13118212359329948 -1.2749491852752739 6.8244190216064462 1.1590119822888745 2.082224529398331 0.2944930198714712 -0.81035536352417437 0.56878407796223973 -2.3933241067253088 -5.5623655319213858 -10.281471570332846 -2.1377108026418372 -0.044698891540368345 -1.0253237119259571 -9.6378434499104806 0.58082669973373424 -0.83386878676357978 -3.3405179182688394 -0.26921700877724847 -0.36131280660629267 -0.038235956182082441
decision_type=10 10 10 2 10 2 10 10 10 10 10 2 10 10 10 2 2 10 2 2 10 2 10 2 2 10 2 2 2 2
left_child=-1 10 3 7 5 22 -7 -3 11 14 17 13 -13 -6 -10 -9 -11 18 19 -2 21 -19 24 -12 -4 -24 27 -5 -28 -23
right_child=1 2 4 26 8 6 -8 15 9 16 23 12 -14 -15 -16 -17 -18 20 -20 -21 -22 29 25 -25 -26 -27 28 -29 -30 -31
leaf_value=7.7304054261889135e-05 -0.00040053320072519662 0 -0.0001475361764332083 -0.00023299026144801626 1.9119388663649731e-05 0 -0.00046067915593806712 0 -8.5962443111692007e-05 -1.070898091322431e-05 -0.00025379536354571541 0.00019264637320139398 -1.4104968321680342e-05 -0.00012868547308737572 0 0.00051825597964717449 3.7001935070571774e-05 0 -7.7904457072490589e-06 0 0 0.00037837809222127268 -4.8104183745729216e-05 -4.2193464171772762e-05 0 6.8818396620779775e-05 0.00027586730951597893 0 0 0
leaf_weight=181 22 22 113 27 3091 30 45 28 605 2317 70 137 31 74 259 34 862 29 348 20 69 27 75 190 20 143 24 24 40 33
leaf_count=181 22 22 113 27 3091 30 45 28 605 2317 70 137 31 74 259 34 862 29 348 20 69 27 75 190 20 143 24 24 40 33
internal_value=0 -1.94294e-06 2.06982e-06 0.000127431 -4.88403e-07 -7.38788e-05 -0.000256501 0.000261688 3.07333e-06 -1.06028e-05 -4.78609e-05 2.11627e-05 0.000124766 1.40799e-05 -5.78103e-05 0.000351025 6.56031e-07 -5.22603e-06 -4.43106e-05 -0.000227405 5.95901e-05 0.000145478 -2.0554e-05 -0.000118462 -0.000101065 5.66386e-06 0 -6.02752e-05 0.000100523 0.000229647
internal_weight=8990 8809 8001 199 7802 426 75 84 7376 4043 808 3333 168 3165 864 62 3179 548 390 42 158 89 351 260 133 218 115 51 64 60
internal_count=8990 8809 8001 199 7802 426 75 84 7376 4043 808 3333 168 3165 864 62 3179 548 390 42 158 89 351 260 133 218 115 51 64 60
is_linear=0
shrinkage=0.05


Tree=70
num_leaves=31
num_cat=0
split_feature=367 35 93 249 245 15 212 239 351 19 357 10 260 19 12 238 326 264 18 9 48 200 253 370 51 72 21 260 62 2
split_gain=0.000430262 0.000753057 0.000560223 0.000538709 0.000936421 0.000679238 0.000774705 0.000762886 0.000640331 0.00109755 0.000714574 0.000600864 0.000584532 0.000564277 0.000748646 0.000656889 0.000491833 0.000970157 0.000689972 0.000548034 0.000490774 0.000463256 0.000377552 0.000373152 0.000365211 0.000363602 0.000428619 0.000317408 0.000316388 0.000304068
threshold=-3.1766072103010097 1.2053363323211672 0.47353865702946984 -1.760154678722557 -2.0834333003539762 0.40062250693639118 -1.9078731849044044 -0.68587207694450758 -1.7847354412078855 3.3306150436401372 -2.3192171012011595 0.36038763759036857 -0.2625276241421341 -1.5278796354929605 -0.019534874086578644 0.57294710121259296 -6.627355694770813 -1.9905062821781725 -1.632696708043416 1.3002515633900962 -5.1687553723653155 2.2912989525632668 -1.1723749308277567 0.39671973040082475 4.0755815505981463 8.2459115982055682 1.4816032250722251 -1.3104493709090113 -2.523567994435628 0.39896740516026813
decision_type=2 2 2 10 10 2 10 10 10 2 10 2 10 2 2 10 10 8 2 2 2 10 10 2 2 2 2 10 2 2
left_child=1 2 29 16 5 6 -5 -8 9 11 20 -6 -13 14 -12 -15 -2 18 19 27 -10 28 -22 -3 25 26 -25 -18 -4 -1
right_child=3 23 21 4 8 -7 7 -9 10 -11 13 12 -14 15 -16 -17 17 -19 -20 -21 22 -23 -24 24 -26 -27 -28 -29 -30 -31
leaf_value=2.8780787585604758e-05 4.954984213439743e-05 7.1402028096791063e-07 0 0 0 0 3.4982482450724524e-05 0.0004383704972864498 0 -0.00043684327516978449 7.8422930559032414e-06 -0.00018192359505739589 0 1.9663747419306206e-05 -5.5422481562088395e-05 -1.6867812223549007e-05 -0.00045837779433163426 -1.2779471300342383e-05 0 0 0 0 0.00013065938869923215 0 0 0 -0.00029899042126924156 0 0.00013581048511046763 -0.00012567546687488378
leaf_weight=153 42 43 45 48 284 88 65 40 124 21 613 102 38 2890 1074 2054 42 309 32 23 117 22 225 25 21 22 46 22 320 40
leaf_count=153 42 43 45 48 284 88 65 40 124 21 613 102 38 2890 1074 2054 42 309 32 23 117 22 225 25 21 22 46 22 320 40
internal_value=0 3.62099e-05 6.63581e-05 -3.6375e-06 0 9.64651e-05 0.000160454 0.000236499 -3.59533e-06 -6.17705e-05 0 -3.13055e-05 -0.000116999 -4.15303e-06 -2.94714e-05 3.47526e-06 -5.56521e-05 -7.76643e-05 -0.000204013 -0.000276978 5.98945e-05 0.000101079 9.2055e-05 -4.33102e-05 -0.000103723 -0.000151632 -0.000207102 -0.000354426 0.000118341 0
internal_weight=8990 737 580 8253 7783 241 153 105 7542 445 7097 424 140 6631 1687 4944 470 428 119 87 466 387 342 157 114 93 71 64 365 193
internal_count=8990 737 580 8253 7783 241 153 105 7542 445 7097 424 140 6631 1687 4944 470 428 119 87 466 387 342 157 114 93 71 64 365 193
is_linear=0
shrinkage=0.05


Tree=71
num_leaves=31
num_cat=0
split_feature=238 19 220 290 336 273 210 293 62 364 370 40 236 272 289 335 365 231 262 256 259 363 64 222 363 214 311 348 253 236
split_gain=0.000432121 0.00153455 0.00100355 0.000831675 0.000674171 0.000438442 0.000704847 0.000789332 0.00074521 0.000614165 0.000854193 0.000596226 0.000400943 0.000792478 0.00110428 0.000504422 0.000637112 0.000580374 0.000396052 0.000257807 0.000334959 0.000257021 0.000411599 0.000322032 0.000256157 0.000274888 0.000227561 0.000220278 0.000211108 0.000244027
threshold=-2.3220423156799246 -13.292779286702475 -1.8757442710743433 -5.4000074863433829 -1.4297420990946168 1.6025379188128555 1.2336333935796688 0.48090406258900975 3.8406052589416508 3.70736772008022 0.60934774143895132 1.6085654099782312 -1.4171626051538035 -0.97443332346035805 -0.75314672787984183 1.4753497259223449 1.1279862737647715 0.53008144432213278 -2.0322160275590795 0.30283560412983929 0.23981470648841222 -1.2932601482111019 0.22862085700035098 -0.97616362217968222 -0.15065441472015653 1.4385840418776963 -1.1060638094647326 -5.9604644789268413e-08 2.5481943404126892 1.0361016049376148
decision_type=8 2 10 10 10 10 10 10 2 10 2 2 10 10 10 10 10 10 10 10 10 10 2 10 10 10 8 10 10 10
left_child=3 2 -2 18 -4 9 7 19 11 12 -11 -9 13 26 -15 17 -17 -14 -1 27 -21 23 -23 -5 25 -8 -3 -7 29 -26
right_child=1 5 4 21 -6 6 24 8 -10 10 -12 -13 15 14 -16 16 -18 -19 -20 20 -22 22 -24 -25 28 -27 -28 -29 -30 -31
leaf_value=0 0 2.6064558147407409e-05 -0.00044306945977698551 0 0 0.00012405544409058012 0 5.4267452532673444e-05 0 -0.00027963302995744082 0 0.0002730054522134616 3.9184669338937742e-07 -0.00018108839837713611 0 -7.6464318967617867e-05 0 4.22917083901056e-05 0.00038952713425127733 -0.00026247029539023349 0 0.00021300762640531214 0 -0.0001806163502500755 0 -0.00025177514278473356 -5.4819805563201992e-05 0 -7.2530752353066103e-05 7.1656007160882435e-05
leaf_weight=20 28 337 41 82 24 42 20 160 44 48 127 102 4775 174 119 415 717 1071 27 20 42 35 25 27 82 21 113 32 57 163
leaf_count=20 28 337 41 82 24 42 20 160 44 48 127 102 4775 174 119 415 717 1071 27 20 42 35 25 27 82 21 113 32 57 163
internal_value=0 -2.07285e-06 -0.00020399 6.94595e-05 -0.000313126 0 3.57267e-05 7.89304e-05 0.000124277 -3.45043e-06 -9.63551e-05 0.000158573 -6.95908e-07 -3.60805e-05 -0.000100299 2.3557e-06 -2.71455e-05 8.92386e-06 0.000257449 0 -9.3879e-05 0 9.68359e-05 -2.69064e-05 -5.38058e-06 -0.00012579 0 3.62204e-05 0 3.04585e-05
internal_weight=8990 8774 93 216 65 8681 785 442 306 7896 175 262 7721 743 293 6978 1132 5846 47 136 62 169 60 109 343 41 450 74 302 245
internal_count=8990 8774 93 216 65 8681 785 442 306 7896 175 262 7721 743 293 6978 1132 5846 47 136 62 169 60 109 343 41 450 74 302 245
is_linear=0
shrinkage=0.05


Tree=72
num_leaves=31
num_cat=0
split_feature=67 76 188 305 0 58 50 57 238 279 226 256 10 303 210 71 65 370 307 199 249 361 275 67 293 361 218 57 55 370
split_gain=0.000411432 0.000756237 0.000917435 0.000817957 0.000705818 0.0009825 0.000918397 0.000888087 0.000667031 0.000557896 0.000658867 0.000963636 0.000646259 0.000547061 0.000729271 0.000563724 0.000621414 0.000506798 0.000497113 0.000631811 0.000914029 0.000981672 0.000826238 0.000755122 0.000664688 0.000466887 0.000431239 0.000424913 0.000661314 0.000391543
threshold=2.5053176085154218 3.0166778564453129 0.56364054317458412 0.54994188368508745 0.50338880221048998 -1.1159851948420203 4.1532640457153329 0.83195924758911144 0.70211718183015936 1.0389347643587805 1.2563068796093939 1.7317749851517885 1.1717537244160972 2.2944390495861562 1.2336333935796688 4.9151053428649911 3.1348991394042973 0.34904177410314757 2.1016773471016541 0.15335125329674634 -0.67504776969036129 -0.97665334970144657 -0.048305431812501042 -1.0765222708384192 -1.8727381726106003 0.55199321740067153 0.48318626423002398 1.7867818673451741 1.1473218997319543 0.2885438397883669
decision_type=2 2 10 10 2 2 2 2 10 8 10 10 2 10 10 2 2 2 10 8 10 10 10 2 10 10 10 2 2 2
left_child=4 3 25 17 6 -6 18 8 -8 26 -11 12 -12 14 -4 16 -16 -2 19 20 21 -1 24 -22 -21 -3 -7 28 -28 -5
right_child=1 2 13 29 5 9 7 -9 -10 10 11 -13 -14 -15 15 -17 -18 -19 -20 22 23 -23 -24 -25 -26 -27 27 -29 -30 -31
leaf_value=0 0 0 0 -0.00013602989930088123 0.00026006697542720243 2.9967475861360834e-05 0 -1.941703658511846e-05 -0.0003950406906424042 2.8842198071682876e-07 0.0002502337871121298 0 0 1.6654504740515104e-05 0 0 -0.00022688091230663629 -0.00022136764245537558 8.9367437297233174e-05 0 0.00018600013314104774 -7.2487615995323623e-05 0 1.7851043514149551e-05 -0.0001434589605784855 0.00019871925565098392 0 2.290308761778512e-06 -0.00012430303890342579 2.2982868380670277e-05
leaf_weight=1394 24 57 170 49 48 883 26 227 40 311 127 73 30 241 62 21 127 125 149 53 78 620 489 2240 258 76 168 496 195 133
leaf_count=1394 24 57 170 49 48 883 26 227 40 311 127 73 30 241 62 21 127 125 149 53 78 620 489 2240 258 76 168 496 195 133
internal_value=0 -2.92422e-05 0 -9.22628e-05 3.56923e-06 2.70488e-05 -5.35305e-06 -9.15338e-05 -0.000263524 1.99485e-05 6.50084e-05 0.000130753 0.000200936 -2.70859e-05 -6.7978e-05 -0.000130529 -0.000162427 -0.000180605 0 -3.18283e-06 3.29426e-06 -1.9981e-05 -4.45015e-05 2.56739e-05 -0.000108318 0.00011751 3.08151e-06 -1.87359e-05 -6.12289e-05 0
internal_weight=8990 1085 754 331 7905 2331 5574 293 66 2283 541 230 157 621 380 210 189 149 5281 5132 4332 2014 800 2318 311 133 1742 859 363 182
internal_count=8990 1085 754 331 7905 2331 5574 293 66 2283 541 230 157 621 380 210 189 149 5281 5132 4332 2014 800 2318 311 133 1742 859 363 182
is_linear=0
shrinkage=0.05


Tree=73
num_leaves=31
num_cat=0
split_feature=208 364 258 207 373 16 276 39 0 2 46 62 9 12 6 365 324 24 68 190 227 265 363 358 203 61 209 243 364 50
split_gain=0.000395303 0.00112287 0.000967167 0.000810951 0.000671468 0.000884449 0.000703034 0.00105994 0.000610054 0.00111134 0.0011612 0.000854808 0.000577321 0.00054408 0.000978907 0.000869919 0.000754509 0.000866196 0.000687927 0.000532535 0.0005325 0.000643581 0.000652961 0.00051507 0.000504464 0.000502487 0.000494958 0.000639597 0.000536472 0.000483115
threshold=-0.39832267544838945 -0.15912379310553243 0.76606824620838532 -0.38402017076804035 -1.3038277454569853 0.047177920738855954 -0.46875549902162145 -1.4724889596303301 0.28047313292821247 -0.91736714045206702 0.018849112714330304 0.91571418444315589 1.4536407788594565 0.50080104296406114 1.4516108830769858 2.0906425857949396 -0.095781972010930333 0.99383123715718591 0.21251587073008218 1.0000000180025095e-35 -0.69641279212224649 -0.42477335053648563 -2.1033229148511836 -1.9587988780340966 -0.46203261397456541 -1.767656087875366 -0.25746263165706473 0.72945277866130775 -0.61733118118472863 -6.115428924560546
decision_type=8 10 10 10 2 2 10 2 2 2 2 2 2 2 2 10 10 2 2 10 10 10 10 10 10 2 10 10 10 2
left_child=1 8 4 -2 5 -3 29 24 9 20 11 12 -11 25 15 16 -15 -18 -16 -4 23 22 -22 -1 -8 -5 27 28 -27 -6
right_child=3 2 19 13 6 -7 7 -9 -10 10 -12 -13 -14 14 18 -17 17 -19 -20 -21 21 -23 -24 -25 -26 26 -28 -29 -30 -31
leaf_value=0 -4.8289947779000327e-05 0.00023821354478152331 0.00041409144722297426 -4.4177487750827161e-05 0.00018500406961839222 0 0 0 9.3275268834893952e-05 -0.00030158341042420202 0 0 -2.9035417371312948e-05 0 0.00018773797182793548 0 -0.00027290689122241293 0 -1.1346945075660696e-05 0 0 5.568233825936276e-05 -0.00011609614317400937 6.7565870453190803e-05 -0.00040839953447353655 0 2.4565266679413877e-06 0 0.00011490048997558319 0
leaf_weight=710 1022 80 38 409 59 21 20 88 165 99 402 55 83 47 49 50 132 41 153 44 97 105 244 550 29 105 3295 280 362 156
leaf_count=710 1022 80 38 409 59 21 20 88 165 99 402 55 83 47 49 50 132 41 153 44 97 105 244 550 29 105 3295 280 362 156
internal_value=0 1.44085e-05 8.01717e-05 -7.73914e-06 3.80366e-05 0.000151948 0 -8.29166e-05 0 -6.1508e-06 -6.37842e-05 -0.000152349 -0.000204831 0 -5.03155e-05 -0.000115641 -0.000162147 -0.000210541 1.22747e-05 0.000251711 1.25082e-05 -2.89766e-05 -6.97117e-05 3.11616e-05 -0.000270492 6.08864e-06 1.24129e-05 4.96314e-05 8.58086e-05 6.15543e-05
internal_weight=8990 3045 535 5945 453 101 352 137 2510 2345 639 237 182 4923 472 270 220 173 202 82 1706 446 341 1260 49 4451 4042 747 467 215
internal_count=8990 3045 535 5945 453 101 352 137 2510 2345 639 237 182 4923 472 270 220 173 202 82 1706 446 341 1260 49 4451 4042 747 467 215
is_linear=0
shrinkage=0.05


Tree=74
num_leaves=31
num_cat=0
split_feature=348 207 58 237 80 236 308 208 243 309 294 323 351 66 19 297 242 72 202 220 72 25 68 338 62 228 9 217 275 72
split_gain=0.000392857 0.000616092 0.000792308 0.00118582 0.000842798 0.000816066 0.000959778 0.000647975 0.000594105 0.000747713 0.000711266 0.00065134 0.000588892 0.00057821 0.000393704 0.000316887 0.00071059 0.00038037 0.00036416 0.000449266 0.000335531 0.000264802 0.000217034 0.00018304 0.000216094 0.000164702 0.000153655 0.000144883 0.000142208 0.000120505
threshold=-21.390256881713864 -1.4010088243209271 -2.6294901470343262 -1.2057722308962207 -1.3663733005523679 -2.1263368441916159 -0.31925393355409687 -1.2749491852752739 -1.4749700612774244 -0.73723224323829972 -1.2848941683769224 -2.5113410949707027 -0.30079623063405353 -1.1534803708394368 -9.6378434499104806 -0.59524436295032535 -1.2327339712470895 -2.1120245456695552 -0.98928426557907112 -0.32352662089513368 -11.371068954467772 -0.13650352259476972 -0.011231978734334248 -0.50068040390267743 -3.2107435862223306 -1.8050621471922128 1.4698503812154138 -1.3388933790148509 -2.0533238870719468 -2.6541361808776851
decision_type=10 10 2 10 2 10 10 10 10 10 10 10 10 2 2 10 10 2 10 10 2 2 2 10 2 10 2 10 10 2
left_child=22 7 3 -3 -5 6 -4 15 9 13 12 -12 -10 -7 -9 16 25 20 -19 -20 -17 -22 28 24 -16 -2 -11 -26 -1 -6
right_child=1 2 5 4 29 8 -8 14 10 26 11 -13 -14 -15 23 17 -18 18 19 -21 21 -23 -24 -25 27 -27 -28 -29 -30 -31
leaf_value=0 -0.00029990985630652688 0 -0.00032787472317692061 0 0 0.00017186573344848253 0 -0.00023476475775721799 -8.1808181672033916e-05 -8.0481259299495914e-05 6.5637885719338837e-05 0 6.9075088658037621e-06 0 0 0 0 0 -0.00024819869619647047 0 0 0.0001603066211156156 0 0 0 0 4.3009521654004441e-06 -0.00014932281627382356 0.00017721927567686911 0.00044023734285175958
leaf_weight=20 33 36 41 21 20 163 36 70 474 59 395 6430 153 63 28 23 38 256 34 20 31 93 102 52 37 20 72 73 59 38
leaf_count=20 33 36 41 21 20 163 36 70 474 59 395 6430 153 63 28 23 38 256 34 20 31 93 102 52 37 20 72 73 59 38
internal_value=0 -1.65456e-06 1.95359e-06 0.000132191 0.000250811 0 -0.000161819 -4.35665e-05 1.65089e-06 6.4872e-05 -7.07702e-07 3.28989e-06 -5.2189e-05 0.000122124 -0.000110034 -2.89416e-06 -9.30623e-05 4.13846e-06 -1.47082e-05 -0.000134418 7.78567e-05 0.000118086 7.27327e-05 -3.76793e-05 -7.25799e-05 -0.000219804 0 -0.000107305 0.000137736 0.000349153
internal_weight=8990 8809 8001 115 79 7886 77 808 7809 357 7452 6825 627 226 260 548 91 457 310 54 147 124 181 190 138 53 131 110 79 58
internal_count=8990 8809 8001 115 79 7886 77 808 7809 357 7452 6825 627 226 260 548 91 457 310 54 147 124 181 190 138 53 131 110 79 58
is_linear=0
shrinkage=0.05


Tree=75
num_leaves=31
num_cat=0
split_feature=238 207 85 195 19 67 35 76 257 13 20 62 251 14 36 298 350 238 19 220 367 278 243 228 198 85 205 14 221 283
split_gain=0.000384416 0.000709748 0.000647676 0.000615276 0.0008795 0.000743557 0.00125563 0.000976229 0.000771971 0.000639433 0.0006378 0.000611044 0.000749496 0.000487359 0.000602803 0.00044343 0.000463995 0.000442993 0.00106892 0.000990925 0.00079595 0.000941074 0.000433647 0.000503508 0.000695465 0.000432431 0.000419179 0.000400068 0.000399465 0.000385348
threshold=1.6068396110280514 1.3984593645294845 9.7308291594187448 1.132155625776113 6.0762103398640965 2.1503570079803471 0.21530324220657346 16.695603708426162 -0.21883184711532647 0.059772960686435055 2.0181274414062504 3.4113416671752934 1.6742480018749757 0.017079271997014655 0.87263850371042906 0.050516718377669606 9.9341074033532135e-08 -2.3220423156799246 -13.292779286702475 -1.8757442710743433 -0.0038077373266467 -1.5508337373557537 2.3473012065569088 2.3028020950681789 1.071287561959495 3.133447647094727 1.1675328508988498 0.017972167581319805 2.0858274846172189 0.12808139125506071
decision_type=8 8 2 10 2 2 2 2 10 2 2 2 10 2 2 10 10 10 2 10 2 10 8 10 10 2 10 2 10 10
left_child=3 2 -2 5 15 7 8 17 -7 13 -11 12 25 -8 -15 16 -5 20 19 -19 21 -1 29 -24 -25 -6 -18 -12 -20 -3
right_child=1 22 -4 4 11 6 9 -9 -10 10 27 -13 -14 14 -16 -17 26 18 28 -21 -22 -23 23 24 -26 -27 -28 -29 -30 -31
leaf_value=0 -0.00015654563570282188 -7.1835061424207045e-07 0 0 0 -0.00041049454706994638 -2.0196452570888623e-05 0.00033921078650799171 0 0 0 0 0 0.00013307519816761678 0 -1.682130836875022e-05 0.00019436798256431513 0 5.9378755076284185e-06 -0.00028626581747520711 0 0.00025908239467941773 0 -0.00032238064325250778 0 0.00037070253779718454 0 -0.00015429888477157196 -8.070750575747122e-05 8.667832664803677e-05
leaf_weight=52 175 121 24 98 20 37 599 22 22 118 30 110 28 140 77 408 85 26 5824 62 76 82 71 36 51 60 35 198 131 172
leaf_count=52 175 121 24 98 20 37 599 22 22 118 30 110 28 140 77 408 85 26 5824 62 76 82 71 36 51 60 35 198 131 172
internal_value=0 -3.71566e-05 -0.000115844 2.75944e-06 4.34249e-05 -1.15272e-06 -3.73745e-05 5.09905e-06 -0.000270415 -2.12172e-05 -7.82967e-05 0.000131589 0.000221511 0 6.69816e-05 4.72035e-06 6.79514e-05 3.11853e-06 0 -0.000172175 7.45699e-05 0.000153463 0 -6.90779e-05 -0.000152031 0.000299352 0.000134327 -0.00012764 3.19088e-06 3.35392e-05
internal_weight=8990 650 199 8340 844 7496 1221 6275 59 1162 346 218 108 816 217 626 218 6253 6043 88 210 134 451 158 87 80 120 228 5955 293
internal_count=8990 650 199 8340 844 7496 1221 6275 59 1162 346 218 108 816 217 626 218 6253 6043 88 210 134 451 158 87 80 120 228 5955 293
is_linear=0
shrinkage=0.05


Tree=76
num_leaves=31
num_cat=0
split_feature=46 246 298 224 91 244 89 218 327 252 80 32 64 24 284 297 58 201 365 241 76 223 280 31 19 62 85 251 10 64
split_gain=0.000382169 0.000704198 0.00104923 0.000875898 0.00102884 0.000758676 0.000963139 0.000657878 0.000764243 0.000830086 0.000687942 0.000618749 0.000613626 0.000603067 0.000648563 0.000594297 0.00067303 0.000593672 0.000593201 0.000566101 0.000563596 0.000526343 0.000480807 0.000476928 0.000468156 0.000801138 0.000678166 0.000888136 0.000438161 0.000381114
threshold=0.51458346843719494 -0.25783428869991298 0.037328020359078957 0.36592148667534469 -1.3960011800130208 -0.12280598068929009 -1.2225447495778399 1.2216713843592926 -0.36614067355791724 0.25438195255347168 1.4683876037597658 0.52547287940979015 -5.7134946187337237 1.0071802536646526 0.067602202296256964 0.048669934272766203 1.2935295104980471 -0.25352953604668116 1.4414694967675297 -0.90959396649253177 -1.1073537891109781 -0.19583722847420443 -0.63479117990246503 0.44003156820933026 2.7828709284464521 2.7620900472005214 0.79559429486592614 1.6742480018749757 0.10176156212886171 -1.6290527979532878
decision_type=2 8 10 10 2 10 2 10 10 10 2 2 2 2 10 10 2 10 10 10 2 10 10 2 2 2 2 10 2 2
left_child=1 2 3 5 12 15 11 8 -4 10 -10 -7 -5 14 20 19 -17 -16 22 -1 21 28 -19 -14 -2 26 -26 -28 -3 -22
right_child=24 13 7 4 -6 6 -8 -9 9 -11 -12 -13 23 -15 17 16 -18 18 -20 -21 29 -23 -24 -25 25 -27 27 -29 -30 -31
leaf_value=-1.7665308378320812e-05 0 0 0 0 0 0.00017902856905867672 0 0 0.00025784162559278539 0 0 0 0 1.0997608510966452e-05 2.2333922296546777e-05 -0.00022701359381324784 0 0 -1.0401138826146824e-05 3.2107062251348786e-05 5.8710849691098303e-05 0 -0.00013052028680159727 -0.0004679070683910155 0 0 0.00022725012609710641 0 -0.00013771703744073466 -7.9076467121569462e-06
leaf_weight=1208 1102 146 52 20 134 190 202 51 156 33 24 52 24 973 78 61 30 27 323 1026 253 219 487 33 115 283 152 31 220 1285
leaf_count=1208 1102 146 52 20 134 190 202 51 156 33 24 52 24 973 78 61 30 27 323 1026 253 219 487 33 115 283 152 31 220 1285
internal_value=0 -5.09345e-06 1.10787e-05 1.95021e-07 -9.60698e-05 9.33933e-06 6.93882e-05 9.78658e-05 0.000132757 0.000175758 0.000219257 0.000137032 -0.000242138 -1.96293e-05 -3.10841e-05 0 -0.000126865 -6.7769e-05 -8.21404e-05 2.95582e-06 -1.29157e-05 -5.48946e-05 -0.000117485 -0.000325627 2.13313e-05 5.77237e-05 0.000114952 0.000175422 -9.17077e-05 0
internal_weight=8990 7307 3296 2980 211 2769 444 316 265 213 180 242 77 4011 3038 2325 91 915 837 2234 2123 585 514 57 1683 581 298 183 366 1538
internal_count=8990 7307 3296 2980 211 2769 444 316 265 213 180 242 77 4011 3038 2325 91 915 837 2234 2123 585 514 57 1683 581 298 183 366 1538
is_linear=0
shrinkage=0.05


Tree=77
num_leaves=31
num_cat=0
split_feature=367 35 71 197 264 281 57 49 59 344 85 82 3 13 354 25 368 67 357 197 333 64 284 245 42 200 264 90 209 90
split_gain=0.000371276 0.000654445 0.00052227 0.000775526 0.000684192 0.000441323 0.000633766 0.000850128 0.000682925 0.00045986 0.00069747 0.000974409 0.000706141 0.000631437 0.000806776 0.000611209 0.000438165 0.000411726 0.000670675 0.000486056 0.000442227 0.000384439 0.000367032 0.000351628 0.000302845 0.000283711 0.000279686 0.000220758 0.000195769 0.000155706
threshold=-3.1766072103010097 1.2053363323211672 -0.43566489219665522 -0.26102231745721438 -0.99673102502557631 -2.2362795422447923 -1.5906128088633216 -7.6829792658487941 -3.2640218734741206 -5.5259891351064034 -2.4023482004801426 -1.5949316024780271 -3.0212295850117994 -0.0037552798166870494 -1.9622130333206371 0.077380036314328507 55.518484204863114 1.3459787368774416 -1.01430845141776 -2.2377368773840844 -2.1104129852406381 0.81654612223307299 0.34979075534890097 -1.2966503911866043 0.014566383635004301 1.9741691998315847 0.68547507834160104 -1.4272305965423582 -0.029874642169295296 0.00066131419346970009
decision_type=2 2 2 10 10 8 2 2 2 10 2 2 2 2 10 2 2 2 10 10 10 2 10 10 2 10 10 2 10 2
left_child=1 2 -1 4 -4 17 7 -7 -9 27 11 23 -13 14 -12 -15 -3 18 19 -2 -21 -6 26 -11 -5 28 -18 -8 -26 -29
right_child=5 16 3 24 21 6 9 8 -10 10 13 12 -14 15 -16 -17 22 -19 -20 20 -22 -23 -24 -25 25 -27 -28 29 -30 -31
leaf_value=0 0 1.1756751019193694e-05 0 -1.1476773717346173e-06 0.00030118800319760508 0 0 0 0.0003405657163927223 9.2937733909154852e-05 -4.5585216906703365e-05 1.829836733949021e-05 -9.1742705512728496e-05 -3.248394955706497e-05 4.4961940487265586e-05 3.2823382819916712e-06 0 0 0 0 -0.00036705935216956292 0 0 0 0 0 -0.00024740151586736078 0.00015363327085882113 0.00017646926744935951 0
leaf_weight=169 20 53 42 149 89 39 59 23 46 115 248 94 716 1712 1368 3313 31 41 55 28 46 23 25 228 20 23 48 82 65 20
leaf_count=169 20 53 42 149 89 39 59 23 46 115 248 94 716 1712 1368 3313 31 41 55 28 46 23 25 228 20 23 48 82 65 20
internal_value=0 3.37854e-05 6.2116e-05 9.28472e-05 0.000187387 -3.24354e-06 -8.38846e-07 0.000118356 0.000229503 -3.08707e-06 -5.41811e-06 -4.13589e-05 -7.27997e-05 6.95191e-08 2.79703e-05 -7.90851e-06 -3.90218e-05 -7.8935e-05 -0.000121851 -0.000203332 -0.000262491 0.000252049 -0.000112916 1.83157e-05 1.66983e-05 8.7551e-05 -0.000168464 7.86549e-05 0.00013443 0.000123155
internal_weight=8990 737 580 411 154 8253 8063 108 69 7955 7794 1153 810 6641 1616 5025 157 190 149 94 74 112 104 343 257 108 79 161 85 102
internal_count=8990 737 580 411 154 8253 8063 108 69 7955 7794 1153 810 6641 1616 5025 157 190 149 94 74 112 104 343 257 108 79 161 85 102
is_linear=0
shrinkage=0.05


Tree=78
num_leaves=31
num_cat=0
split_feature=348 368 48 85 234 353 351 350 66 39 280 87 87 230 10 85 73 50 18 246 211 9 300 285 296 200 223 260 199 79
split_gain=0.000361964 0.000538604 0.000462813 0.000716931 0.000745844 0.000624455 0.000501975 0.000843344 0.000908573 0.000940249 0.000821995 0.000874105 0.000891496 0.000517296 0.000449401 0.000994096 0.000496974 0.00026145 0.000234293 0.000208415 0.000198225 0.000255267 0.000196768 0.000192114 8.85097e-05 6.13112e-05 0.000111869 8.0004e-05 3.79376e-05 6.06047e-06
threshold=-21.390256881713864 10464.458619296356 14.048549652099611 5.2725289662679051 0.62304791595400544 3.1192026360652858 0.93804126977920588 1.5648868878682458 -2.8085026741027832 -1.1755867799123128 0.35422418992706323 2.0178402264912925 0.77793979644775402 1.2355515008030182 0.59722237785657251 -5.4948044021924325 -7.9688129425048819 4.7737684249877939 0.50947954257329309 -0.16090216473730803 -0.79575281895431471 0.56457535425821959 0.31734871864318842 -0.40039885664979552 0.18580822631095842 0.70455517417189684 1.3899839357809445 1.0000000180025095e-35 1.0407613719810467 3.682323614756267
decision_type=10 2 2 2 10 10 10 10 2 2 10 2 2 10 2 2 2 2 2 10 10 2 10 10 10 10 10 10 10 2
left_child=20 2 6 25 -5 24 7 14 19 -10 13 12 -12 17 16 -16 -2 -8 -13 -9 21 -1 -15 -23 -6 27 28 -4 -27 -29
right_child=1 -3 3 4 5 -7 10 8 9 -11 11 18 -14 22 15 -17 -18 -19 -20 -21 -22 23 -24 -25 -26 26 -28 29 -30 -31
leaf_value=0 5.6877387851000419e-05 -0.00020331470564019101 0 0 0.00038456294510781224 0 3.363593781068953e-05 0.00024399379446979875 -4.2970743001475527e-05 3.8567192601142004e-05 0 0.00010224704083825111 -0.00013039817186900446 0.00027317729786045027 -0.00015998856392020544 -1.4449624634370468e-05 -4.400713950442762e-06 -7.8987330933739011e-05 -9.4165203714611627e-06 0 0 0 0 0.00021095571845707487 0 0 0 0.00010339046039589965 -0.00010639139420717307 0
leaf_weight=34 367 33 20 31 44 21 169 65 410 1530 233 53 439 28 142 1593 2959 74 345 39 66 25 33 56 20 26 47 28 39 21
leaf_count=34 367 33 20 31 44 21 169 65 410 1530 233 53 439 28 142 1593 2959 74 345 39 66 25 33 56 20 26 47 28 39 21
internal_value=0 -1.5926e-06 -2.62039e-07 6.0363e-05 0.000157359 0.000235994 -2.97597e-06 1.71426e-06 2.93902e-05 1.87564e-05 -3.08664e-05 -5.34075e-05 -8.82771e-05 3.2022e-05 -8.47573e-06 -2.92514e-05 8.59125e-07 0 0 0.000179511 6.98095e-05 0.000109423 0.000162079 0.000157676 0.000313518 0 -2.46405e-05 3.51174e-05 -7.30858e-05 7.62174e-05
internal_weight=8990 8809 8776 297 116 85 8479 7105 2044 1940 1374 1070 672 304 5061 1735 3326 243 398 104 181 115 61 81 64 181 112 69 65 49
internal_count=8990 8809 8776 297 116 85 8479 7105 2044 1940 1374 1070 672 304 5061 1735 3326 243 398 104 181 115 61 81 64 181 112 69 65 49
is_linear=0
shrinkage=0.05


Tree=79
num_leaves=31
num_cat=0
split_feature=210 345 47 64 294 353 360 228 191 64 58 352 63 76 23 47 238 249 21 204 224 89 12 25 367 331 214 261 66 200
split_gain=0.000341451 0.000890736 0.000886881 0.000950429 0.00102074 0.00105168 0.000893744 0.000755394 0.000779395 0.00100196 0.000673628 0.000687186 0.00115227 0.000929873 0.000963171 0.000813271 0.000818313 0.000643074 0.000560661 0.000587838 0.000495659 0.000536482 0.000492064 0.000985198 0.000933519 0.000681926 0.000631865 0.000499064 0.000489367 0.000439237
threshold=-2.05352616031761 -2.8253761927286782 0.68565080563227354 -5.467499415079752 -4.6781348784764605 -2.3861690745494402 0.31991078070591844 -1.8050621471922128 -0.10143712263538525 -0.96278325716654456 -0.72876596450805653 -0.057983726263046195 0.35504589478174847 1.143772919972738 -0.0027652941644191495 0.54127711057662975 -0.15614820143147132 -0.75830169771540945 -0.71521969636281335 -1.0525901171488126 -0.73592472483571358 -6.5200392405192042 0.50080104296406114 -0.029460257540146449 -0.62999119112400015 1.2907758827442242 -0.47534375264648471 -0.47301529618454102 -2.2798927625020338 -0.87105304529488492
decision_type=8 8 2 2 10 10 10 10 10 2 2 10 2 2 2 2 10 10 2 10 10 2 2 2 2 10 10 10 2 10
left_child=7 2 3 -2 -5 -6 -7 18 9 -9 11 15 13 14 -13 -3 17 -17 29 20 21 -20 -12 27 26 -26 -25 -24 -14 -1
right_child=1 10 -4 4 5 6 -8 8 -10 -11 22 12 28 -15 -16 16 -18 -19 19 -21 -22 -23 23 24 25 -27 -28 -29 -30 -31
leaf_value=0 0 0 0 0 0 -0.0003178213701854084 0 0.00025477390644615508 0 0 2.2407681774032248e-06 0 0.00025903228878928992 0 -0.00037690052439897059 0 0 0.00031620691544639423 -0.0002934341955773555 4.2529914905310634e-06 0 0 -0.00032295467130977586 0.00022531666845555277 -0.00011064989806458872 0 0 0 0 0.00030665759757050805
leaf_weight=30 132 181 393 22 44 141 23 110 73 34 6549 29 34 26 46 35 51 91 54 72 28 47 46 51 256 212 104 22 34 20
leaf_count=30 132 181 393 22 44 141 23 110 73 34 6549 29 34 26 46 35 51 91 54 72 28 47 46 51 256 212 104 22 34 20
internal_value=0 -2.39641e-06 -5.45127e-05 -0.000110996 -0.000172377 -0.00021241 -0.000270624 4.14614e-05 0.000111379 0.000179475 2.02651e-06 5.68609e-05 -2.09346e-07 -0.000134027 -0.000234812 9.77569e-05 0.00017551 0.000243896 0 -5.50558e-05 -0.000126866 -0.000181133 -1.27502e-06 -4.18265e-05 -1.33762e-05 -5.52851e-05 8.08786e-05 -0.000228657 0.000125032 0.000125738
internal_weight=8990 8522 755 362 230 208 164 468 217 144 7767 527 169 101 75 358 177 126 251 201 129 101 7240 691 623 468 155 68 68 50
internal_count=8990 8522 755 362 230 208 164 468 217 144 7767 527 169 101 75 358 177 126 251 201 129 101 7240 691 623 468 155 68 68 50
is_linear=0
shrinkage=0.05


Tree=80
num_leaves=31
num_cat=0
split_feature=46 246 364 254 191 263 212 317 79 201 366 50 193 268 262 2 58 6 210 263 65 219 264 75 290 352 223 205 25 85
split_gain=0.000343434 0.000615937 0.00106402 0.000808755 0.000750727 0.000823056 0.00070778 0.000675348 0.00103647 0.00104964 0.000859907 0.00072924 0.00115949 0.000848667 0.000792434 0.000585929 0.000680019 0.000484577 0.000519313 0.000575559 0.00049483 0.000796294 0.000600123 0.00045399 0.000452445 0.000623515 0.00055618 0.000431201 0.000632332 0.000459354
threshold=0.51458346843719494 -0.25783428869991298 -0.15912379310553243 0.91057308755543953 0.21280367841470632 -0.60095290002851509 -1.1441831837911531 -0.058435587625549991 -0.48145421346028638 -0.46798432173247739 -1.2801951161555831 -6.2785193125406904 -0.52860926787692664 -1.0520550581733557 -0.99320132460327903 2.8623056411743169 3.6312255859375004 1.1185557047526045 0.41914962648371501 0.14713092370920103 1.0781590938568117 0.079570925150002664 -0.089626292762697332 0.30608228842417401 1.4451284805933635 0.14902520179748532 0.18876666580118082 0.28670583797150589 0.059178809324900307 -2.6794764200846348
decision_type=2 8 10 10 10 10 10 10 2 10 2 2 8 10 10 2 2 2 10 10 2 10 10 2 10 10 10 10 2 2
left_child=1 2 7 4 24 -6 -7 11 9 -9 -11 12 14 -14 -1 16 17 20 19 -19 22 -22 -3 -18 26 -26 -4 29 -29 -13
right_child=-2 15 3 -5 5 6 -8 8 -10 10 -12 27 13 -15 -16 -17 23 18 -20 -21 21 -23 -24 -25 25 -27 -28 28 -30 -31
leaf_value=3.9466713410758167e-05 2.0377076618465046e-05 -4.7364450944143933e-05 3.0259118804164446e-05 -0.00011201800482434321 0 0 0.00026277536355179411 0 0 0 -0.00034602315374186965 -5.5728106656733141e-05 0 0.00021518440009405342 -7.2162470915643575e-05 5.1125137658752381e-05 0 0 -2.621923827906429e-06 0.00015069429454380131 0 -0.00011223063936602986 4.789937515330211e-06 -0.00019120873419491407 0.00023907156859572813 0 -0.0001552081743791107 -0.0002803870856048774 0 9.9311073585094423e-06
leaf_weight=667 1683 834 253 34 47 28 145 54 146 21 75 349 31 140 193 240 51 55 725 124 247 407 1223 105 52 21 48 38 55 899
leaf_count=667 1683 834 253 34 47 28 145 54 146 21 75 349 31 140 193 240 51 55 725 124 247 407 1223 105 52 21 48 38 55 899
internal_value=0 -4.67528e-06 1.03913e-05 6.92175e-05 8.80244e-05 0.000167731 0.00021831 -1.58345e-06 -7.41226e-05 -0.000167634 -0.000266829 5.36356e-06 3.85259e-05 0.000159733 8.59629e-06 -1.83026e-05 -2.40483e-05 -1.80161e-05 9.75102e-06 8.77557e-05 -2.91196e-05 -6.92523e-05 -1.39265e-05 -0.000131701 2.77407e-05 0.000139326 0 -1.64053e-05 -0.00012326 -4.42723e-06
internal_weight=8990 7307 3296 628 594 220 173 2668 296 150 96 2372 1031 171 860 4011 3771 3615 904 179 2711 654 2057 156 374 73 301 1341 93 1248
internal_count=8990 7307 3296 628 594 220 173 2668 296 150 96 2372 1031 171 860 4011 3771 3615 904 179 2711 654 2057 156 374 73 301 1341 93 1248
is_linear=0
shrinkage=0.05


Tree=81
num_leaves=31
num_cat=0
split_feature=255 249 207 297 49 333 10 78 317 329 57 207 12 65 85 61 191 29 24 222 25 248 210 350 21 268 363 228 248 222
split_gain=0.000324111 0.000648315 0.00061305 0.00136293 0.00138081 0.000574679 0.000708872 0.000561449 0.000508743 0.000631741 0.000678761 0.000481084 0.000454713 0.00070263 0.000782819 0.000584846 0.000578767 0.000733733 0.000434689 0.000649944 0.000409949 0.000391485 0.000390918 0.000577958 0.000367931 0.000460882 0.000356599 0.000336069 0.000330284 0.000366781
threshold=2.036126177864555 1.9060660262309779 2.2404082743989613 0.21550409495830528 0.81538407007853209 2.3062443693087515 0.85812311371167527 1.5039881865183513 0.42827645916944218 1.0752179423968 3.21147632598877 1.3984593645294845 0.018518607442577602 5.6293612668911619 10.437032381693525 -0.64218195279439283 0.21944075404787702 1.2881259520848596 1.1174671451250717 0.34127489614306411 0.24360041817029338 -0.26611337550683184 0.059818403632865058 2.5433269143104562 1.573091824849447 0.86257688193446824 -0.97468100006616176 1.8792891818108994 0.72736000980876814 1.2771203172691148
decision_type=8 10 10 10 2 8 2 2 10 10 2 10 2 2 2 2 10 2 2 10 2 10 10 10 2 10 10 10 10 10
left_child=1 2 11 4 -4 6 28 22 -9 10 -10 12 13 15 -15 -1 17 -14 19 -8 26 -18 23 -3 25 -24 -13 -28 -2 -30
right_child=5 7 3 -5 -6 -7 18 8 9 -11 -12 20 16 14 -16 -17 21 -19 -20 -21 -22 -23 24 -25 -26 -27 27 -29 29 -31
leaf_value=0 0.0001476227852841005 0 0 7.0411347892906696e-06 -0.0005369666906208107 0 0 0 0.00031836158930421374 0 0 0 -5.4423596967529375e-05 -0.00020441278254024892 0 4.1430033124842192e-05 6.5611783296173955e-05 5.2988485038078381e-05 0 -0.00027096536640405225 0 -6.101917940439596e-06 0 0.0003271623054725788 2.8682196404369284e-06 -0.00020825776501270409 0.00016895512583711746 0 -0.00018615936014037987 0
leaf_weight=3422 32 68 24 26 29 215 47 21 75 29 20 36 1283 81 20 1190 216 135 31 91 139 1322 29 22 119 49 138 23 30 28
leaf_count=3422 32 68 24 26 29 215 47 21 75 29 20 36 1283 81 20 1190 216 135 31 91 139 1322 29 22 119 49 138 23 30 28
internal_value=0 2.21997e-06 -3.57568e-07 -0.000139189 -0.000304964 -4.02562e-05 -9.2251e-05 6.20137e-05 0.000145305 0.000186909 0.00024939 3.89653e-07 -1.54426e-06 7.36622e-06 -0.000119 1.12202e-05 -1.74422e-05 -4.06686e-05 -0.000153361 -0.00019149 5.93938e-05 7.22554e-07 2.48112e-06 0.000101081 -1.7225e-05 -0.000111865 0.000105902 0.000138763 0 -4.66009e-05
internal_weight=8990 8516 8084 79 53 474 259 432 145 124 95 8005 7669 4713 101 4612 2956 1418 169 138 336 1538 287 90 197 78 197 161 90 58
internal_count=8990 8516 8084 79 53 474 259 432 145 124 95 8005 7669 4713 101 4612 2956 1418 169 138 336 1538 287 90 197 78 197 161 90 58
is_linear=0
shrinkage=0.05


Tree=82
num_leaves=31
num_cat=0
split_feature=238 19 220 67 313 42 273 194 238 276 63 208 193 202 40 304 215 57 207 260 351 31 312 18 249 367 338 207 320 329
split_gain=0.000317599 0.00108228 0.000780948 0.000701943 0.000555047 0.000532503 0.000347888 0.000629494 0.000495698 0.000498965 0.000559271 0.000509937 0.000772533 0.000605353 0.000487535 0.00094476 0.00077701 0.000477703 0.000454065 0.000385446 0.000380706 0.000362462 0.000357807 0.000337381 0.000302148 0.000204886 0.00013281 0.000142334 0.00014133 0.000105915
threshold=-2.3220423156799246 -13.292779286702475 -1.8757442710743433 -0.98753156264623032 -2.9925263247878289 0.014566129228721051 1.6025379188128555 1.902795229486226 1.3315272582581994 1.2730083875069849 3.2431354522705083 0.13185536897427533 0.53609691296334394 0.27795814338051972 3.0067663192749028 0.57187385371160959 2.201767024047935 2.9653151830037441 1.47004223163464 0.17697469353958117 0.68070324261983239 0.88301980495452892 0.55993256899274024 0.77668066819508874 0.3494626587496622 0.81927744128828506 1.3826961953282546 2.2404082743989613 0.074608766531601353 -0.47394702831904095
decision_type=8 2 10 2 10 2 10 8 10 10 2 8 10 10 2 10 10 2 10 10 10 2 10 2 10 2 10 10 10 10
left_child=3 2 -2 4 -1 -4 8 14 9 11 22 13 -13 -3 23 -16 -17 -9 19 20 -10 -21 -11 24 -8 -25 28 -28 -20 -5
right_child=1 6 5 29 -6 -7 7 17 18 10 -12 12 -14 -15 15 16 -18 -19 26 21 -22 -23 -24 25 -26 -27 27 -29 -30 -31
leaf_value=0 0 0 0 5.4292101431176224e-05 0.00038031381580676211 -0.00036904315954278057 0 0 0 0 0 -4.4856517292459484e-05 6.6547576271925593e-06 6.5451643169763427e-05 0 0.00027249272183498403 0 -0.00021095883318243225 0 0 -0.0003582951466643126 -8.7683590591030068e-05 0.00013022049917751747 0 0.00010073044303708704 -7.9084621780158791e-05 0 -7.3510166142956346e-05 0.00013765646054918462 -2.3567029251011084e-05
leaf_weight=23 28 3839 21 72 27 44 93 40 30 102 145 1478 1152 406 42 98 45 38 20 108 31 164 206 176 167 86 108 73 34 94
leaf_count=23 28 3839 21 72 27 44 93 40 30 102 145 1478 1152 406 42 98 45 38 20 108 31 164 206 176 167 86 108 73 34 94
internal_value=0 -1.38245e-06 -0.000171004 5.99718e-05 0.000224813 -0.000267974 0 3.21491e-05 -2.71647e-06 9.54791e-08 5.15104e-05 -2.56574e-06 -2.03929e-05 7.30154e-06 5.16159e-05 0.000126878 0.000193204 -8.01193e-05 -4.77895e-05 -8.54572e-05 -0.000223083 -3.61463e-05 9.18701e-05 1.53468e-05 6.01207e-05 -1.00147e-05 0 -1.47086e-05 7.35734e-05 0
internal_weight=8990 8774 93 216 50 65 8681 785 7896 7328 453 6875 2630 4245 707 185 143 78 568 333 61 272 308 522 260 262 235 181 54 166
internal_count=8990 8774 93 216 50 65 8681 785 7896 7328 453 6875 2630 4245 707 185 143 78 568 333 61 272 308 522 260 262 235 181 54 166
is_linear=0
shrinkage=0.05


Tree=83
num_leaves=31
num_cat=0
split_feature=348 207 243 376 64 25 16 345 289 290 244 208 364 40 273 73 65 67 356 292 207 82 228 52 315 292 215 3 292 41
split_gain=0.000318897 0.000503271 0.000560281 0.00100248 0.000824896 0.00105953 0.000616955 0.000586822 0.000802271 0.00130594 0.000754224 0.000529862 0.000456884 0.000848952 0.000729877 0.000764182 0.000524017 0.000499147 0.000431579 0.000407584 0.000333561 0.000376375 0.000302778 0.000286713 0.000283414 0.000671434 0.000516364 0.000733266 0.00048414 0.000188776
threshold=-21.390256881713864 -1.4010088243209271 -1.4749700612774244 0.026602470894568454 -0.86978483200073231 -0.092835277318954385 -0.56822808583577467 -2.6746439139048248 -0.87886834144592274 -3.7813088099161782 -0.038400808761178643 -1.2749491852752739 0.6232752311450559 0.063706308603286715 0.34413821259128258 -1.0951637427012122 -3.3348375956217446 0.55316672722498572 0.149465198354959 -13.113120714823403 0.041804728561027057 -1.1990805069605506 0.24846124535944983 0.58082590500513731 -2.3998907988299396 -21.756464401880894 -2.2250098242261358 -0.96097683906555165 -21.756464401880894 -1.3423237005869544
decision_type=10 10 10 2 2 2 2 10 10 10 10 10 10 2 10 2 2 2 10 10 10 2 10 2 10 10 10 2 10 2
left_child=29 11 3 4 5 -3 -7 8 9 -4 -11 24 13 16 15 -14 -9 -15 -16 23 21 -10 -5 -13 25 26 -2 -28 -26 -1
right_child=1 2 7 22 -6 6 -8 12 20 10 -12 19 14 17 18 -17 -18 -19 -20 -21 -22 -23 -24 -25 28 -27 27 -29 -30 -31
leaf_value=0.00012008866982959359 0 0 0 -0.00017505588734718713 0 0.00024116545198209894 0 -5.9431273109113064e-05 0 -0.00023045095992301216 0 0 1.3289582452005183e-05 0.00015951073558059066 -6.1129719473650027e-05 -8.3789000710698597e-05 7.6132132484590707e-06 3.3032535193934097e-05 1.0676593217574635e-05 -1.4342705121604452e-05 0 0.00031228362129100758 0 -0.00024666101458354907 0.0002402253105069628 0 0 -0.00044706873849954923 0 0
leaf_weight=87 29 77 220 40 79 167 24 328 39 156 68 26 189 122 228 580 2608 993 2013 164 26 21 23 70 26 293 41 26 133 94
leaf_count=87 29 77 220 40 79 167 24 328 39 156 68 26 189 122 228 580 2608 993 2013 164 26 21 23 70 26 293 41 26 133 94
internal_value=0 -1.21896e-06 1.98876e-06 5.90691e-05 9.99166e-05 0.000143587 0.000206846 -4.36296e-07 -5.16995e-05 -8.4082e-05 -0.000169053 -3.91662e-05 2.7041e-06 1.42276e-05 -1.11437e-05 -5.34299e-05 0 5.13684e-05 1.13755e-06 -9.92671e-05 5.73164e-05 0.000136314 -8.6479e-05 -0.000192151 -1.5159e-06 -3.26173e-05 -0.000147562 -0.000224553 4.3121e-05 6.58023e-05
internal_weight=8990 8809 8001 410 347 268 191 7591 530 444 224 808 7061 4051 3010 769 2936 1115 2241 260 86 60 63 96 548 389 96 67 159 181
internal_count=8990 8809 8001 410 347 268 191 7591 530 444 224 808 7061 4051 3010 769 2936 1115 2241 260 86 60 63 96 548 389 96 67 159 181
is_linear=0
shrinkage=0.05


Tree=84
num_leaves=31
num_cat=0
split_feature=367 247 90 250 21 249 214 326 264 216 69 366 362 41 221 34 15 78 364 19 207 285 301 369 50 260 322 304 193 367
split_gain=0.000306665 0.000532716 0.000572759 0.000420985 0.000466039 0.000393816 0.000705139 0.000414739 0.000708633 0.000525195 0.000524574 0.000509546 0.000399723 0.000887865 0.000691499 0.000647339 0.000618046 0.000869776 0.000564975 0.000723502 0.000537691 0.000654007 0.000516532 0.000495828 0.000427511 0.000319508 0.00045185 0.000409605 0.000501132 0.00027705
threshold=-3.1766072103010097 -0.39404640775340083 -0.88540903727213538 -1.5023930821633056 1.4816032250722251 -1.760154678722557 -1.4221352151439197 -6.627355694770813 -1.9905062821781725 -2.1101989241741332 -4.684353192647297 -0.36459720788503258 -0.82093713792948286 -1.4425151348114011 -0.597362916926373 -0.33180662989616383 0.65101657311121641 0.65620533625284849 0.48920997358284096 -3.275947093963623 0.8718209579914773 0.027135793585330154 -0.3885197912653286 367.26668644422506 -1.4260447820027666 0.51598698705271118 0.71626693010330211 1.8111616214852353 0.77450805347703144 -2.3174692421407257
decision_type=2 10 2 10 2 8 8 10 10 10 2 2 8 2 10 2 2 2 10 2 10 10 10 2 2 10 10 10 10 2
left_child=1 2 -1 -4 -5 7 29 -2 9 -9 -11 -12 13 14 15 -8 17 -15 19 22 21 -20 -14 -22 -21 -3 27 28 -27 -7
right_child=5 25 3 4 -6 6 12 8 -10 10 11 -13 18 16 -16 -17 -18 -19 20 24 23 -23 -24 -25 -26 26 -28 -29 -30 -31
leaf_value=0 4.5966668538250692e-05 -4.050111408573001e-05 0 0.00024590292176866155 0 0 0 0 -8.3917174530592357e-06 0 -0.00043654255725749936 0 5.415514614234684e-05 -3.693842332121252e-05 -2.7541154726429964e-05 0.0001421002825253497 2.0698015712908526e-07 -0.0001775065522741975 0 6.6116433652913087e-05 3.113233308308142e-05 -5.739907687703675e-05 -6.4951404701710805e-05 -4.5257220705245431e-05 1.3104455667177883e-05 0 -1.1448804436075444e-05 0 0.00022252982470960764 8.4813438398169982e-05
leaf_weight=61 41 228 25 94 34 23 81 32 290 21 40 26 77 923 155 184 365 166 737 729 936 977 368 237 1515 62 100 56 77 330
leaf_count=61 41 228 25 94 34 23 81 32 290 21 40 26 77 923 155 184 365 166 737 729 936 977 368 237 1515 62 100 56 77 330
internal_value=0 3.10101e-05 9.76273e-05 0.000150603 0.000187946 -2.64748e-06 0 -4.81238e-05 -6.97867e-05 -0.000177291 -0.000240945 -0.000310384 -3.29646e-06 -2.35783e-05 3.40823e-05 8.89838e-05 -4.36738e-05 -6.2971e-05 2.62356e-06 1.98307e-05 -1.16718e-05 -3.04008e-05 -3.3101e-05 1.14334e-05 3.25565e-05 0 3.79324e-05 8.88768e-05 0.000135797 6.9016e-05
internal_weight=8990 737 214 153 128 8253 7803 450 409 119 87 66 7450 1874 420 265 1454 1089 5576 2689 2887 1714 445 1173 2244 523 295 195 139 353
internal_count=8990 737 214 153 128 8253 7803 450 409 119 87 66 7450 1874 420 265 1454 1089 5576 2689 2887 1714 445 1173 2244 523 295 195 139 353
is_linear=0
shrinkage=0.05


Tree=85
num_leaves=31
num_cat=0
split_feature=46 246 364 197 247 203 326 268 201 46 279 191 61 252 24 50 368 217 364 58 279 312 10 196 250 91 246 274 3 74
split_gain=0.000314133 0.000523382 0.000931711 0.000675164 0.000740859 0.000964905 0.000820536 0.000624683 0.000601077 0.000865476 0.000722766 0.000977119 0.000546929 0.000575483 0.000527949 0.000527427 0.000729537 0.000630863 0.00077508 0.000486913 0.000448919 0.000440468 0.000816467 0.000552943 0.0004071 0.000922391 0.00069991 0.000481223 0.000405783 0.000430948
threshold=0.51458346843719494 -0.25783428869991298 -0.15912379310553243 -1.1463919001901821 -0.72630821227362596 0.3041725898686431 0.59654490152994843 0.24388987971597112 -0.52251606084722946 0.018849156176050454 0.15654307595841738 -0.17664443510246972 1.0517475605010989 -0.34875767025285326 1.0071802536646526 4.4978480339050302 59.211498930089739 0.97036701183704288 0.60063457291789513 0.60989077885945653 -0.77744931581558985 1.3433403745486678 0.44647880395253503 -0.099316771069551793 0.89343915001148055 0.77096847693125425 1.1275993705621201 0.16025728394452732 0.99999993046124791 0.25477302074432379
decision_type=2 8 10 10 10 10 10 10 10 2 10 10 2 10 2 2 2 10 10 2 10 10 2 10 10 2 10 10 2 2
left_child=1 2 8 7 -5 6 -6 -4 12 10 11 -10 13 20 15 28 -17 18 -18 -15 -1 23 -23 -11 25 -2 27 -27 29 -3
right_child=24 14 3 4 5 -7 -8 -9 9 21 -12 -13 -14 19 -16 16 17 -19 -20 -21 -22 22 -24 -25 -26 26 -28 -29 -30 -31
leaf_value=1.7355562481554437e-06 1.6730872314312877e-06 0 1.5714308628013715e-05 0 0.00022475555122029365 0 0 -0.00021559927729310134 -2.9620407180078186e-05 -5.534499602810094e-06 1.9326916133815586e-05 -0.00024525379032979897 0.0002457599627280202 -0.00015683941924291462 1.1573188350278136e-05 0 0 0 -0.0002141911070348806 0 7.5185626866040799e-05 -0.0003897001461209312 0 9.6953609250219832e-05 -8.0200489661706122e-06 0 0 0.00019074255849269137 0 -5.528971484819313e-05
leaf_weight=1121 778 305 102 115 210 91 77 33 212 465 45 122 27 86 973 208 58 87 183 82 312 20 21 155 572 40 104 189 1314 883
leaf_count=1121 778 305 102 115 210 91 77 33 212 465 45 122 27 86 973 208 58 87 183 82 312 20 21 155 572 40 104 189 1314 883
internal_value=0 -4.42293e-06 9.38327e-06 6.44826e-05 9.33552e-05 0.000127532 0.00017269 -3.93712e-06 -1.71408e-06 -3.30162e-05 -9.32639e-05 -0.0001234 1.52121e-05 8.18604e-06 -1.70145e-05 -2.78164e-05 -7.55695e-05 -0.000122024 -0.00016372 -7.31975e-05 2.12205e-05 0 -0.000156866 1.20358e-05 1.95364e-05 3.82233e-05 0.00010858 0.000157414 -1.55853e-05 -3.69512e-05
internal_weight=8990 7307 3296 628 493 378 287 135 2668 1040 379 334 1628 1601 4011 3038 536 328 241 168 1433 661 41 620 1683 1111 333 229 2502 1188
internal_count=8990 7307 3296 628 493 378 287 135 2668 1040 379 334 1628 1601 4011 3038 536 328 241 168 1433 661 41 620 1683 1111 333 229 2502 1188
is_linear=0
shrinkage=0.05


Tree=86
num_leaves=31
num_cat=0
split_feature=249 233 292 201 234 235 228 20 226 329 308 210 9 277 275 366 376 226 231 46 238 223 35 38 19 377 53 231 9 90
split_gain=0.000295274 0.0007601 0.000723511 0.000785025 0.000876975 0.000825825 0.000952378 0.000674944 0.00131832 0.000957105 0.000609546 0.00060147 0.000541715 0.000499166 0.000512141 0.000465644 0.000440779 0.000432371 0.000413142 0.00039903 0.000514265 0.000470487 0.000569718 0.000452101 0.000451949 0.000391313 0.000384893 0.000382816 0.000408508 0.000380605
threshold=-1.1977440140564213 -0.75557634381014338 -7.6101378599802638 -0.69225202545029374 0.41277464911717249 0.40167891145690376 -0.3810349874870142 -2.3474495410919185 -0.27720892460574481 0.23597992459932962 -0.35520145820550175 -0.97687826373424691 1.0110517342885339 -1.1483798138088845 -0.95537339027369683 -2.0215668276066552 -0.020082627535161397 -1.1185006600024201 0.51267559792768636 0.51458346843719494 0.31534228485659993 -1.1707000866576156 0.21530324220657346 -2.8993966976801553 -1.1918069918950398 3.1033466255486979 -0.38458506266276032 -0.25006638629395056 2.337129314740499 -0.65805176893870032
decision_type=10 10 10 10 10 10 10 2 10 10 10 10 2 10 10 2 2 10 10 2 10 10 2 2 2 2 2 10 2 2
left_child=11 12 3 -3 5 6 -5 8 10 -10 16 -1 -2 15 -15 -14 -4 -16 -6 21 24 23 -23 -9 -21 -22 27 28 -13 -19
right_child=1 2 7 4 18 -7 -8 19 9 -11 -12 26 13 14 17 -17 -18 29 -20 20 25 22 -24 -25 -26 -27 -28 -29 -30 -31
leaf_value=0 0 3.2358450868080403e-05 0 -3.4067850278941254e-05 0.00011063911216057546 0 -0.00029265264611386452 -2.2313666591323672e-05 0.0004301256285208113 0 -0.0002065049483997813 -0.00017391300365178302 0 -1.2074162903938072e-05 0 0.00019807631194174622 0.00020120934705827325 0 -7.1225667805537631e-05 0 7.944454870283484e-06 -9.8980390036616629e-05 -7.4643391885036713e-06 8.206976092257254e-05 9.4081756444654009e-05 -0.00014421439474143367 0 0 0 0.00015244405427983679
leaf_weight=807 364 115 26 126 66 100 118 68 40 41 31 168 22 172 62 136 32 22 44 161 968 193 4152 271 357 44 38 62 25 159
leaf_count=807 364 115 26 126 66 100 118 68 40 41 31 168 22 172 62 136 32 22 44 161 968 193 4152 271 357 44 38 62 25 159
internal_value=0 3.52597e-06 -1.47973e-06 -5.59436e-05 -8.93238e-05 -0.000130003 -0.000179673 2.59219e-06 0.000100856 0.000248945 0 -2.41215e-05 4.60025e-05 7.63114e-05 3.14146e-05 0.000162516 5.83223e-05 8.27568e-05 0 0 2.207e-05 -7.33892e-06 -1.26823e-05 4.63862e-05 6.26099e-05 0 -8.55226e-05 -0.000110343 -0.000145056 0.000123134
internal_weight=8990 7890 6953 569 454 344 244 6384 170 81 89 1100 937 573 415 158 58 243 110 6214 1530 4684 4345 339 518 1012 293 255 193 181
internal_count=8990 7890 6953 569 454 344 244 6384 170 81 89 1100 937 573 415 158 58 243 110 6214 1530 4684 4345 339 518 1012 293 255 193 181
is_linear=0
shrinkage=0.05


Tree=87
num_leaves=31
num_cat=0
split_feature=238 252 335 90 25 195 19 4 250 243 189 246 34 205 307 11 194 245 221 203 75 224 191 238 247 327 350 332 335 353
split_gain=0.000281234 0.000590863 0.000655072 0.000576546 0.000544101 0.000517393 0.000767407 0.000646949 0.00068131 0.000551005 0.000694766 0.000610195 0.000820717 0.000641078 0.000578876 0.000687969 0.000847513 0.000561811 0.000552457 0.00055732 0.000519665 0.000509876 0.000484531 0.000453972 0.000388379 0.000379534 0.000379367 0.000447706 0.00034467 0.000395866
threshold=1.6068396110280514 0.2786813564625869 2.8480510069225429 0.90030010541280125 0.34201665719350177 1.132155625776113 4.228713035583497 5.7741149266560887 1.1655500302758133 0.59177234400760759 0.40059841990096673 -0.24559579166779658 0.20837799708048502 1.2796066630661291 2.0618725301397647 0.69478925069173181 -0.44106612410403689 1.0000000180025095e-35 -0.031547290740682098 0.97991311921914226 0.0062890037855443002 0.80603690531252381 -1.1334326747797345 -2.3220423156799246 0.075047761404690466 0.92943814893563592 2.5433269143104562 -0.99268368082630465 4.3390919072429766 2.3065923962823862
decision_type=8 8 10 2 2 10 2 2 10 10 10 10 2 10 8 2 10 10 10 10 2 10 10 10 10 10 10 10 10 10
left_child=5 2 3 4 -2 9 -7 8 -8 10 14 12 26 18 15 23 -17 22 21 -20 -14 -13 -12 -1 -19 -15 27 -11 -3 -30
right_child=1 28 -4 -5 -6 6 7 -9 -10 11 17 13 20 25 -16 16 -18 24 19 -21 -22 -23 -24 -25 -26 -27 -28 -29 29 -31
leaf_value=7.5266090060442184e-05 -0.00035162952477761362 1.1140853003759192e-05 0 0 0 0 0.00021667064651407732 0 4.2727635724263248e-06 0 0 -0.00014846497566052959 0 0 0.00010700004079844317 0 -0.00017639592644034692 -6.0036445685702278e-05 0 -9.4896742217837938e-05 0.00025382823373432166 0 0.0001467974306533941 -3.4226129752098857e-06 3.7095149178766301e-05 0.00014118608190343064 5.9231847845388883e-05 -0.00024884720136741695 0 -0.00016370358538654969
leaf_weight=191 53 428 37 22 21 521 140 59 124 25 46 259 22 199 119 83 126 106 696 233 59 69 207 4469 478 53 24 32 22 67
leaf_count=191 53 428 37 22 21 521 140 59 124 25 46 259 22 199 119 83 126 106 696 233 59 69 207 4469 478 53 24 32 22 67
internal_value=0 -3.15962e-05 -0.000126389 -0.000197904 -0.000265039 2.54641e-06 3.98472e-05 0.000100429 0.00013588 -9.8687e-07 5.57193e-06 -2.68414e-05 5.33542e-05 -3.87671e-05 -5.20393e-07 -4.17726e-06 -9.29069e-05 4.78471e-05 -5.46979e-05 -2.75631e-05 0.000175875 -0.000116281 0.000113345 0 1.08977e-05 2.0854e-05 -7.57988e-06 -0.000123331 0 -9.52603e-05
internal_weight=8990 650 133 96 74 8340 844 323 264 7496 5825 1671 162 1509 4988 4869 209 837 1257 929 81 328 253 4660 584 252 81 57 517 89
internal_count=8990 650 133 96 74 8340 844 323 264 7496 5825 1671 162 1509 4988 4869 209 837 1257 929 81 328 253 4660 584 252 81 57 517 89
is_linear=0
shrinkage=0.05


Tree=88
num_leaves=31
num_cat=0
split_feature=348 207 245 32 351 218 10 241 59 235 295 58 31 263 245 298 238 217 234 246 375 248 260 375 309 316 225 40 312 198
split_gain=0.000276706 0.000455294 0.000805011 0.000792807 0.000694086 0.000932925 0.000900908 0.00075815 0.000741106 0.000588968 0.000575514 0.000643713 0.000669561 0.000599109 0.000507092 0.000425311 0.000417077 0.000509594 0.00058234 0.000399084 0.00039131 0.000270424 0.00025123 0.00040888 0.000426275 0.000683551 0.000405135 0.00031511 0.000303394 0.000216739
threshold=-21.390256881713864 -1.4010088243209271 -2.0834333003539762 0.27671027183532715 -1.7404821713765457 0.16903891962805381 0.82663929462432861 -0.94333777055562973 -4.0065271059672032 -1.6421112985395132 -1.7587973475456236 -0.2492167154947916 0.84489115079243993 0.3205164638907434 -1.1464157922889215 0.047239606579144701 -0.83183764879322408 -1.4238787786966307 0.45376800504173131 -0.25783428869991298 -0.81035536352417437 -0.76449728848962584 -1.7438589313571782 -1.3155263600628777 -1.4274738746543512 -3.0118426380453642 -2.2660414059834855 -3.1204048295815783 -2.0115436697872826 0.36325615329188549
decision_type=10 10 10 2 10 10 2 10 2 10 10 2 2 10 10 10 10 10 10 10 2 10 8 2 8 10 10 2 10 10
left_child=-1 16 3 9 5 7 -7 8 -4 -3 11 12 -6 -13 15 -12 22 -18 29 -16 -11 -9 27 26 25 -25 -24 -2 -28 -19
right_child=1 2 4 -5 10 6 -8 21 -10 20 14 13 -14 -15 19 -17 17 18 -20 -21 -22 -23 23 24 -26 -27 28 -29 -30 -31
leaf_value=6.1291271775602491e-05 -0.00015825725355992794 0 0 0 0.00023173014033668144 -0.00042434396830597711 0 0.00010225649763176588 -0.00020830146208621368 0 -0.00011463110523298238 0 0 0.00012788256590545813 2.6974181538420835e-05 0 0 -0.00026394593946112214 0 -4.7947165253611525e-06 0.00043570803195173936 0 0 0 0 -0.00021353917554004683 0.00014643816370677078 0 0 0
leaf_weight=181 59 22 80 115 85 34 25 81 85 28 178 606 26 104 1211 34 31 77 36 5132 34 121 55 57 166 66 119 99 21 22
leaf_count=181 59 22 80 115 85 34 25 81 85 28 178 606 26 104 1211 34 31 77 36 5132 34 121 55 57 166 66 119 99 21 22
internal_value=0 -1.13966e-06 1.88259e-06 0.000101245 -1.21866e-08 -6.26413e-05 -0.000256491 -1.77958e-05 -0.00010556 0.000218711 2.92788e-06 4.26166e-05 0.000161448 1.69774e-05 -1.28086e-06 -7.75937e-05 -3.72505e-05 -0.000112432 -0.000158024 4.82645e-07 0.000297475 2.9169e-05 -1.00095e-05 0 -2.87842e-05 -0.00010297 6.33376e-05 -6.61781e-05 0.000113207 -0.000220757
internal_weight=8990 8809 8001 199 7802 426 59 367 165 84 7376 821 111 710 6555 212 808 166 135 6343 62 202 642 484 289 123 195 158 140 99
internal_count=8990 8809 8001 199 7802 426 59 367 165 84 7376 821 111 710 6555 212 808 166 135 6343 62 202 642 484 289 123 195 158 140 99
is_linear=0
shrinkage=0.05


Tree=89
num_leaves=31
num_cat=0
split_feature=71 349 85 370 71 334 86 339 364 39 357 364 292 71 279 229 208 3 367 314 301 22 87 340 279 258 47 322 68 12
split_gain=0.000272525 0.000522884 0.000510686 0.00103366 0.000993745 0.00172433 0.000330657 0.000521223 0.000519993 0.000665965 0.000808312 0.000604172 0.000779533 0.000722119 0.000518092 0.000760685 0.000577273 0.000457642 0.000448849 0.000445025 0.000404049 0.000387582 0.000474672 0.000385206 0.000368111 0.000311314 0.000291789 0.000281713 0.00033965 0.000224605
threshold=-3.9281693299611402 -8.3205444018046055 -9.3085473378499319 0.14928274352083298 0.00066113883319000009 -1.5963474531906965 -0.38800311088562006 -0.81892431238230146 0.48920997358284096 -1.4724889596303301 0.17353880412059697 -0.15912379310553243 3.5307308038075771 0.047827753490612503 -0.84718732185093881 0.030162648043836653 -1.3031235919503927 -0.27784876028696687 -2.1839452604304945 -3.1944527967763157 -0.80219608545303334 -1.9905560016632078 0.27338594198226934 -1.965924799442291 1.0091564292139352 -1.1751008242960734 0.82667565345764171 -0.65273368358612072 0.61074445645014452 -0.23210100131109354
decision_type=2 8 2 2 2 10 2 8 10 2 10 10 10 2 8 10 10 2 2 10 10 2 2 10 10 10 2 10 2 2
left_child=1 -1 3 -2 5 -5 14 17 11 10 -10 12 -9 -13 16 19 29 21 -19 -16 -21 25 -23 -20 -11 -8 -17 28 -18 -4
right_child=2 -3 6 4 -6 -7 7 8 9 24 -12 13 -14 -15 15 26 27 18 23 20 -22 22 -24 -25 -26 -27 -28 -29 -30 -31
leaf_value=0.00022234964892680427 5.8748090206472345e-05 0 0 0 0 -0.00048773538380916191 0 1.237143960045527e-05 0 -1.6928448446812109e-05 -0.00019454952216392706 0 -9.591555775003796e-05 7.7394365592444066e-05 0 0 -0.0001209057662209303 2.1426828638580226e-05 4.1173960167082234e-06 0 0.0001195091307002435 -6.1869886008295458e-05 1.9479017148818143e-05 -7.5939748520852796e-05 1.8747954634952755e-05 0.00018292390620141912 -0.00013758956123388139 0 0 7.3098699170377624e-05
leaf_weight=40 49 68 41 41 73 44 21 1126 45 1945 104 552 193 735 43 54 157 84 46 28 417 295 337 780 1086 50 45 203 52 236
leaf_count=40 49 68 41 41 73 44 21 1126 45 1945 104 552 193 735 43 54 157 84 46 28 417 295 337 780 1086 50 45 203 52 236
internal_value=0 7.90384e-05 -8.22168e-07 -7.8644e-05 -0.000152889 -0.000269481 4.59315e-07 -2.99986e-06 3.24104e-06 -9.27081e-06 -0.000113459 2.04271e-05 0 4.49265e-05 2.44345e-05 5.91934e-05 0 -2.8485e-05 -5.1916e-05 8.86341e-05 0.000105426 0 -1.0586e-05 -6.54289e-05 -2.49592e-06 0.000112391 -3.54174e-05 -4.24645e-05 -8.31987e-05 5.02635e-05
internal_weight=8990 108 8882 207 158 85 8675 7399 5786 3180 149 2606 1319 1287 1276 587 689 1613 910 488 445 703 632 826 3031 71 99 412 209 277
internal_count=8990 108 8882 207 158 85 8675 7399 5786 3180 149 2606 1319 1287 1276 587 689 1613 910 488 445 703 632 826 3031 71 99 412 209 277
is_linear=0
shrinkage=0.05


Tree=90
num_leaves=31
num_cat=0
split_feature=228 243 13 217 39 39 210 286 307 46 8 357 251 32 41 80 244 207 368 360 72 25 214 5 73 56 365 359 68 321
split_gain=0.000276714 0.000762357 0.000663044 0.000451956 0.000428226 0.000947316 0.000888619 0.000776457 0.000748399 0.000859486 0.000703621 0.000516633 0.000498382 0.000657178 0.000405924 0.000614261 0.000772729 0.00063416 0.000536038 0.000399649 0.000393683 0.00038985 0.000418768 0.000383468 0.000522895 0.000474075 0.000343473 0.000335624 0.000366253 0.000332355
threshold=-1.050339851357202 -0.52541132825134906 -0.046113469327489491 0.29075404833289614 -1.1755867799123128 -0.98190188407897938 0.031948751538866262 0.008094226941466302 -0.22995004681241357 0.10595941916108111 -0.6597779790560403 -1.5751443526017945 0.36996930373270659 -0.039233667155106837 -1.4898579120635984 -1.8449071248372393 -1.1929381065427489 -1.758520764508914 61.679079270877047 3.3869696775802054 -4.0349287986755362 -0.030778701106707194 -0.50374982070580288 4.0930520693461103 5.8768021265665702 1.4065198103586836 0.53882968427455469 -2.1580880649024912 0.7030005455017091 0.76134451088644006
decision_type=10 10 2 10 2 2 10 10 10 2 2 10 10 2 2 2 10 10 2 10 2 2 10 2 2 2 10 10 2 10
left_child=1 14 3 -2 6 20 7 8 10 -10 -4 -8 13 -9 15 16 -1 -17 -18 23 -6 -13 -23 24 -7 -25 27 -3 -29 -22
right_child=2 26 4 -5 5 19 11 12 9 -11 -12 21 -14 -15 -16 17 18 -19 -20 -21 29 22 -24 25 -26 -27 -28 28 -30 -31
leaf_value=2.467774013155933e-05 7.0046474013574092e-05 0 -2.9288307565493508e-05 -1.7776850448855338e-05 0 6.2399493000442556e-06 0 0 -0.00026766532404344013 0 9.9599730447118054e-05 0 0 0.00018829319224908172 -2.8776002609861204e-05 0 0 0.00012834867237670477 -0.00029906246348235862 -5.8995057362016701e-05 0.00020517438429693002 0 -0.00018967186936792965 0 -4.4414770547338235e-05 8.9651834203156232e-05 0 -0.00018001228417193561 0 0
leaf_weight=105 587 55 546 86 24 3930 42 24 63 58 130 63 52 122 622 124 36 213 37 253 103 31 179 379 585 282 34 157 41 27
leaf_count=105 587 55 546 86 24 3930 42 24 63 58 130 63 52 122 622 124 36 213 37 253 103 31 179 379 585 282 34 157 41 27
internal_value=0 -2.00321e-05 3.98777e-06 5.13946e-05 0 5.38738e-06 -2.63339e-05 0 -2.50722e-05 -0.000139956 0 -9.96673e-05 8.52609e-05 0.000135591 0 3.11457e-05 -2.48805e-05 7.55692e-05 -0.000164499 9.85865e-07 0.000128007 -0.000127242 -0.000160263 4.88476e-06 0 4.0459e-05 -9.28919e-05 -0.000114807 -0.000145175 0.000164236
internal_weight=8990 1424 7566 673 6893 5583 1310 995 797 121 676 315 198 146 1137 515 178 337 73 5429 154 273 210 5176 4515 661 287 253 198 130
internal_count=8990 1424 7566 673 6893 5583 1310 995 797 121 676 315 198 146 1137 515 178 337 73 5429 154 273 210 5176 4515 661 287 253 198 130
is_linear=0
shrinkage=0.05


Tree=91
num_leaves=31
num_cat=0
split_feature=249 243 211 292 235 335 201 348 252 247 245 277 290 317 266 57 247 86 222 53 330 216 218 28 255 40 333 66 243 234
split_gain=0.000265747 0.000845226 0.000763087 0.000789393 0.000722798 0.000877651 0.000933292 0.000502083 0.00046696 0.000546914 0.000737001 0.000638226 0.000545214 0.000529265 0.000483758 0.000461973 0.000687019 0.00111657 0.000562536 0.000456271 0.000455523 0.000424632 0.000419594 0.000409584 0.000629453 0.000586585 0.000580929 0.000400269 0.000393556 0.000440976
threshold=-0.67504776969036129 -0.53741626464438097 -0.9631403891195689 -8.7990301450093575 0.37422337263300892 -0.47884908710358048 0.059190166761478306 -6.5922235647837315 -0.43957277485220708 -1.2822944477663172 -1.3820529750951065 -1.8664117043670718 -1.9241972366968787 -1.184905933056684 -1.2971382319414142 -0.29280344645182321 0.035806903608041306 -0.072041779756545937 -0.60083107065955288 -1.7442409197489417 -0.6367999712626139 -1.8274252648459623 0.23356944646917335 0.37702397505442303 1.7125166321951748 1.2600635687510173 2.1298125819034297 4.3062847455342625 0.4115663593900451 -0.50054861105019144
decision_type=10 10 10 10 10 10 10 10 10 10 10 10 10 10 10 2 10 2 10 2 10 10 10 2 10 2 10 2 10 10
left_child=1 8 7 4 5 19 -7 -2 9 -1 11 -11 13 -10 -13 16 17 -5 -19 -4 -21 -9 27 -17 25 -25 -26 -23 29 -6
right_child=2 -3 3 15 28 6 -8 21 12 10 -12 14 -14 -15 -16 23 -18 18 -20 20 -22 22 -24 24 26 -27 -28 -29 -30 -31
leaf_value=-1.1504857679510647e-05 0 -6.3515443993991777e-05 1.0937127575976541e-05 0 0 -0.00036339829758973033 0 0 0 0 0 0 0 -0.00025549092560663543 0.00023207270191251612 -7.2693380340382585e-06 0 0 0.00031000786513175709 -0.00020111877072821716 0 0.00019190711716947679 0 1.1795519435344182e-05 -0.00012643636593887044 8.7900226614083451e-05 0 0 -3.5986951682092179e-05 0.0002583998301794731
leaf_weight=669 155 644 100 67 24 61 26 39 50 58 473 73 115 54 116 3775 85 27 75 58 24 175 49 1248 124 410 107 20 59 30
leaf_count=669 155 644 100 67 24 61 26 39 50 58 473 73 115 54 116 3775 85 27 75 58 24 175 49 1248 124 410 107 20 59 30
internal_value=0 -1.47487e-05 5.08868e-06 0 -6.89582e-05 -0.000116047 -0.000256613 6.89405e-05 1.67572e-06 1.53359e-05 4.7217e-05 0.000118125 -6.21101e-05 -0.000145646 0.000163313 5.14255e-06 7.15867e-05 0.000133632 0.000238571 -2.12927e-05 -0.000121464 0.000108576 0.000134243 1.27892e-06 2.10081e-05 3.36348e-05 -4.79597e-05 0.000167105 0 0.000129506
internal_weight=8990 2252 6738 6300 382 269 87 438 1608 1389 720 247 219 104 189 5918 254 169 102 182 82 283 244 5664 1889 1658 231 195 113 54
internal_count=8990 2252 6738 6300 382 269 87 438 1608 1389 720 247 219 104 189 5918 254 169 102 182 82 283 244 5664 1889 1658 231 195 113 54
is_linear=0
shrinkage=0.05


Tree=92
num_leaves=31
num_cat=0
split_feature=249 245 64 207 359 351 218 295 58 76 14 249 263 86 49 24 214 257 234 41 358 10 16 61 220 294 35 259 342 283
split_gain=0.000259174 0.000756683 0.000924446 0.000556814 0.000928624 0.000503989 0.00109647 0.000671722 0.000911449 0.000523057 0.000704758 0.000522914 0.000705798 0.000552115 0.000387345 0.000381818 0.000628141 0.000651821 0.000361972 0.000400374 0.000332421 0.000332371 0.000329456 0.000313525 0.000307481 0.000387251 0.000426881 0.000326845 0.000423189 0.000383897
threshold=-1.5804914792231102 -1.8294829061671993 -1.5501469771067298 -0.99244251945543416 -2.5696853591143602 -1.7404821713765457 0.22009890931689949 -2.1741464932759595 -0.2492167154947916 -1.0309910774230955 -0.0045578858504692491 0.1386941128063621 0.86457512149096172 -0.38800311088562006 5.8125012715657558 0.5973920226097108 -0.50374982070580288 -0.49459682135853872 -0.24076489144532667 -2.1688954830169673 -2.3640208881364413 0.82663929462432861 -1.9205175240834553 -1.767656087875366 -2.163082245413865 -5.2066887617111197 0.6497140328089398 -1.9749254957952951 -1.8391234477361043 -1.3896804451942442
decision_type=10 10 2 10 10 10 10 10 2 2 2 10 10 2 2 2 10 10 10 2 10 2 2 2 10 10 2 10 10 10
left_child=24 2 3 -2 -5 6 15 8 20 11 14 13 -13 -9 -11 -3 -17 -18 19 -10 -7 -8 -4 -12 -1 -26 27 -27 29 -29
right_child=1 5 22 4 -6 7 21 9 18 10 23 12 -14 -15 -16 16 17 -19 -20 -21 -22 -23 -24 -25 25 26 -28 28 -30 -31
leaf_value=8.2020645775017988e-06 1.4696711766369671e-05 1.4346526250980614e-05 -0.00018119599131692898 0 0.00030195993258969072 0 -0.00041075157889113099 0 7.5044699017778199e-05 9.1438830316410789e-05 -4.7248252885726356e-05 8.3937268523756907e-05 -8.8897492527110079e-05 -6.6432536230904532e-05 0 0 -0.00028522290178796062 0 8.2219124193303163e-05 -3.6027846337170436e-05 0.00030490146187941883 0 0 3.4552627489969346e-06 4.2129006595863222e-05 0 0 0 0 -0.0002053560454089706
leaf_weight=159 124 224 25 20 87 20 28 416 111 343 326 204 62 840 27 77 51 37 171 289 49 20 95 4676 35 29 212 28 59 146
leaf_count=159 124 224 25 20 87 20 28 416 111 343 326 204 62 840 27 77 51 37 171 289 49 20 95 4676 35 29 212 28 59 146
internal_value=0 2.51398e-06 7.4416e-05 0.00013569 0.000229077 -2.58232e-08 -5.27795e-05 2.3711e-06 5.16349e-05 -1.4777e-06 5.07612e-06 -2.78936e-05 2.48443e-05 -4.30443e-05 7.16562e-05 -1.11951e-05 -7.61421e-05 -0.00016938 2.09937e-05 0 0.000232445 -0.000285113 -1.91962e-06 0 -2.98512e-05 -5.15586e-05 -6.90302e-05 -0.000112655 -0.000133325 -0.000172847
internal_weight=8990 8322 351 231 107 7971 437 7534 640 6894 5372 1522 266 1256 370 389 165 88 571 400 69 48 120 5002 668 509 474 262 233 174
internal_count=8990 8322 351 231 107 7971 437 7534 640 6894 5372 1522 266 1256 370 389 165 88 571 400 69 48 120 5002 668 509 474 262 233 174
is_linear=0
shrinkage=0.05


Tree=93
num_leaves=31
num_cat=0
split_feature=348 226 73 360 305 324 368 236 350 226 321 303 350 246 19 67 30 39 49 191 370 202 320 219 311 373 193 198 308 318
split_gain=0.000248653 0.000417773 0.000615176 0.000928251 0.000732539 0.000654118 0.000629286 0.000486853 0.000419939 0.000635112 0.000663414 0.000394224 0.00038002 0.00133785 0.000840163 0.0007542 0.000663316 0.000581804 0.000411082 0.000338355 0.000398548 0.00033011 0.000378911 0.000304299 0.000297258 0.000296849 0.000364788 0.000290906 0.000273775 0.00022845
threshold=-21.390256881713864 -1.70815394137723 -7.9688129425048819 -0.83491955860413969 -1.8349396767098756 -1.0437093079090116 31.209965913699524 -1.2945612766804486 18.976573626200359 -0.99585824402416401 0.85719358033528148 -1.548020499261326 0.94343010584513387 -0.70378729924808547 -0.57158782084782911 2.1503570079803471 1.2587597568829858 -1.1755867799123128 -0.6334418853123982 -2.0464343333648269 0.10922410236078466 -1.6887722542510377 -3.4746509532495931 -0.24337177774496976 -1.1675195145705595 -1.8720186694526253 -1.8323109385848919 -1.4793978684631799 -2.312377008128836 -1.6471298791185323
decision_type=10 10 2 10 10 10 2 10 10 10 10 10 10 10 2 2 2 2 2 10 2 10 10 10 10 2 10 10 10 10
left_child=-1 11 3 5 -5 -3 -7 8 9 -4 -11 21 15 14 -14 18 -17 -15 -9 -13 -21 22 -2 -10 -6 -22 -27 -8 -24 -23
right_child=1 2 7 4 24 6 27 12 23 10 -12 19 13 17 -16 16 -18 -19 -20 20 25 29 28 -25 -26 26 -28 -29 -30 -31
leaf_value=5.8155664135914071e-05 0 0 0 0.0001011935947172538 -0.00024333061747784388 0 0 -2.13934424058998e-05 0.0001674588923375669 -0.00017161385671518982 0 0 5.0904558139805409e-06 -5.6497037799732553e-05 0.00033143818826467889 -1.4347254525563742e-05 -0.00016311666784532864 1.5312516764057017e-05 1.2789091831635338e-05 0 0 9.132225757418475e-05 -0.00018874317909994449 0 0 0 -0.00021447604138137186 0.00031974560794894468 0 0
leaf_weight=181 71 88 223 44 36 30 39 1383 28 186 27 21 87 298 55 378 139 2659 2413 28 20 102 61 44 48 23 120 76 28 54
leaf_count=181 71 88 223 44 36 30 39 1383 28 186 27 21 87 298 55 378 139 2659 2413 28 20 102 61 44 48 23 120 76 28 54
internal_value=0 -1.01854e-06 1.1464e-06 6.52716e-05 -1.06648e-05 0.000128424 0.000194334 -1.14596e-06 -4.88396e-05 -7.15821e-05 -0.000133929 -4.44344e-05 1.44888e-06 1.53533e-05 0.000166824 -7.38266e-06 -6.40383e-05 6.3832e-06 0 -9.7789e-05 -0.000122637 0 -5.83401e-05 1.94392e-05 -0.000128761 -0.000154048 -0.000179537 0.000247542 -0.000129411 4.23799e-05
internal_weight=8990 8809 8281 361 128 233 145 7920 508 436 213 528 7412 3099 142 4313 517 2957 3796 212 191 316 160 72 84 163 143 115 89 156
internal_count=8990 8809 8281 361 128 233 145 7920 508 436 213 528 7412 3099 142 4313 517 2957 3796 212 191 316 160 72 84 163 143 115 89 156
is_linear=0
shrinkage=0.05


Tree=94
num_leaves=31
num_cat=0
split_feature=238 307 212 368 189 252 336 207 207 202 337 331 2 46 48 338 41 244 370 50 237 361 193 269 32 32 310 251 301 62
split_gain=0.000258655 0.000945035 0.000593935 0.000839577 0.000558628 0.000768647 0.000764314 0.000694263 0.000606789 0.000593424 0.000704153 0.000526256 0.00051128 0.000776116 0.000489833 0.000477841 0.00052389 0.000466872 0.000405868 0.000610796 0.000592004 0.000404064 0.000380656 0.000362079 0.000352807 0.000385126 0.000640242 0.000375398 0.000758796 0.000477676
threshold=0.58450738114537404 2.0618725301397647 -0.27475099480450754 58.297070665430986 0.40059841990096673 0.37967892791221985 0.98619064712588711 1.0000000180025095e-35 -0.13075702681391924 -0.071849914454795438 -0.88932086049282566 1.3972765068846009 -0.95112538337707508 0.018849112714330304 0.35597475369771325 2.238836336285392 -0.76354809602101625 -0.23822260677388798 1.4964413936264729 10.868524551391603 1.370308846131667 -1.1197878451139338 0.18769899734398274 0.90369723227288412 0.37186568975448614 0.46699965000152616 1.7771208757828776 -0.5121314826239437 0.11135651543736445 2.6170149644215903
decision_type=8 8 8 2 10 10 10 10 10 10 10 10 2 2 2 10 2 10 2 2 10 10 10 10 2 2 10 10 10 2
left_child=1 4 3 -2 6 14 8 -8 12 10 -10 23 17 -14 -6 16 -9 -1 24 -20 -21 -16 -11 -5 27 26 -26 -4 29 -29
right_child=2 -3 18 11 5 -7 7 15 9 22 -12 -13 13 -15 21 -17 -18 -19 19 20 -22 -23 -24 -25 25 -27 -28 28 -30 -31
leaf_value=-4.1351545186837023e-06 0 8.9947796204848551e-05 0 -0.00027571274772016942 0 0 0 0 0 -4.0523875337416962e-05 9.9547375369721919e-05 0 -9.9984734227505262e-05 -7.2579561794851188e-06 0 0 -0.00021420224236625362 6.4444746765540377e-05 0 0 -0.0003283380173056354 0.00014923317661334523 3.2750016916983469e-05 0 0 3.9262179832509957e-06 -0.00021665087362202897 0.00029967786922398872 0 0
leaf_weight=1793 141 316 22 82 137 504 169 61 250 354 439 29 356 1022 48 34 137 277 283 43 37 243 345 21 70 1563 54 55 85 20
leaf_count=1793 141 316 22 82 137 504 169 61 250 354 439 29 356 1022 48 34 137 277 283 43 37 243 345 21 70 1563 54 55 85 20
internal_value=0 5.49234e-06 -1.34178e-05 -8.38749e-05 3.54331e-07 3.67318e-05 -5.16541e-06 -7.14999e-05 0 2.8245e-05 6.13182e-05 -0.000174451 -1.08988e-05 -3.48472e-05 8.61764e-05 -0.000127721 -0.000158565 2.62929e-06 -2.55661e-06 -5.22846e-05 -0.000177357 0.000122997 0 -0.000227495 4.42882e-06 0 -8.69725e-05 7.10276e-05 0.000107704 0.000223582
internal_weight=8990 6485 2505 273 6169 932 5237 401 4836 1388 689 132 3448 1378 428 232 198 2070 2232 363 80 291 699 103 1869 1687 124 182 160 75
internal_count=8990 6485 2505 273 6169 932 5237 401 4836 1388 689 132 3448 1378 428 232 198 2070 2232 363 80 291 699 103 1869 1687 124 182 160 75
is_linear=0
shrinkage=0.05


Tree=95
num_leaves=31
num_cat=0
split_feature=48 33 40 351 38 219 333 321 341 208 292 364 275 364 49 20 50 279 316 199 82 66 303 61 68 212 80 255 244 276
split_gain=0.000254089 0.000607581 0.000620364 0.00047374 0.000644013 0.000811531 0.000696569 0.000630956 0.000525383 0.000472195 0.0004522 0.000439495 0.000706179 0.000498203 0.00160248 0.000501154 0.000497492 0.000630697 0.000489479 0.000398727 0.000650985 0.000381443 0.000451523 0.000334744 0.000322129 0.000324822 0.000314209 0.000506998 0.000230934 0.000345691
threshold=14.048549652099611 -0.65811665852864565 3.0067663192749028 1.7310802340507505 1.6396977504094445 -0.17960383890857021 3.8812445661403929 3.2402410165659679 1.2755637963612874 1.0476536578097173 3.7392906347910571 0.6232752311450559 0.044050850666364758 -0.18773649478326232 5.9702072143554696 -0.90508437156677235 1.7219850222269695 0.92520018854974639 1.7526980281712481 -0.16750446447005737 -1.199079950650533 11.062536875406904 0.54191519085624595 0.81885894139607751 0.12037059664726256 -0.024656873197371247 1.3680845896402996 2.095067678050595 1.7284344008824262 0.6041828111008446
decision_type=2 2 2 10 2 10 10 10 8 10 10 10 10 8 2 2 2 10 10 8 2 2 8 2 2 10 2 8 10 10
left_child=3 2 -2 8 5 -5 7 10 11 24 -7 12 19 14 -14 -15 -13 18 -18 23 -21 22 -10 -1 -6 -26 27 -24 29 -11
right_child=1 -3 -4 4 9 6 -8 -9 21 28 -12 16 13 15 -16 -17 17 -19 -20 20 -22 -23 26 -25 25 -27 -28 -29 -30 -31
leaf_value=-1.621027508105703e-06 0 0 0.00034429707234632525 4.0493856710136846e-05 0 0 0 0 0 0 -0.0002260585578734612 0 2.0150159638983116e-05 0.00019367916306617969 -0.00027098170244144263 3.7171023763608134e-05 -0.0001218203465865479 0 0 -6.9562776376623359e-05 6.4085976602577508e-06 0 0.00019107693153370462 8.0468776882969647e-05 0 0.00021994438466006787 1.1562262815427187e-05 0 0 -0.00013726684090714297
leaf_weight=2866 76 197 31 46 24 57 39 37 158 20 180 855 806 80 50 832 343 321 157 579 342 195 148 128 20 54 165 29 69 86
leaf_count=2866 76 197 31 46 24 57 39 37 158 20 180 855 806 80 50 832 343 321 157 579 342 195 148 128 20 54 165 29 69 86
internal_value=0 4.50345e-05 0.000141213 -1.45849e-06 -4.34069e-05 -8.83181e-05 -0.000123225 -0.000153942 1.21291e-06 0 -0.000184524 -2.0682e-06 3.81503e-06 3.06038e-05 0 5.64014e-05 -2.49993e-05 -5.28246e-05 -8.79454e-05 -7.00605e-06 -3.5926e-05 4.31434e-05 6.70371e-05 2.21109e-07 0.000100951 0.000156076 9.93437e-05 0.000152889 -3.21288e-05 -8.4528e-05
internal_weight=8990 304 107 8686 632 359 313 274 8054 273 237 7359 5683 1768 856 912 1676 821 500 3915 921 695 500 2994 98 74 342 177 175 106
internal_count=8990 304 107 8686 632 359 313 274 8054 273 237 7359 5683 1768 856 912 1676 821 500 3915 921 695 500 2994 98 74 342 177 175 106
is_linear=0
shrinkage=0.05


Tree=96
num_leaves=31
num_cat=0
split_feature=344 207 363 329 331 210 258 58 39 23 29 261 376 254 61 67 368 306 5 217 254 248 199 271 90 220 12 366 254 266
split_gain=0.000247244 0.000566789 0.000437437 0.000915754 0.000863341 0.000690573 0.00110545 0.000635962 0.000624805 0.0006522 0.000613382 0.000587719 0.000542844 0.000507982 0.000652833 0.000941089 0.000897258 0.00050532 0.00051938 0.000499499 0.000475653 0.000449363 0.000453557 0.000446521 0.000442485 0.000729587 0.000443753 0.000440227 0.000816854 0.000389957
threshold=-4.1551870505015049 -0.41794308521301571 -0.1760870639394588 0.28059097131093352 1.4944577512937549 -0.52327245578933057 0.76606824620838532 0.49159493048985797 -1.1755867799123128 0.016326492031415254 1.0693854093551638 0.019202350592689654 -0.10290524940118788 -0.031236964358060299 0.85423660278320324 0.82832630475362157 95.746142720437192 0.19828869885064812 1.6769463221232102 -1.9830267890584981 0.35376966339271565 0.42879479949248916 -0.057693814718904939 0.24423645662908863 0.24733388423919672 -0.38356869844823399 -0.020376209790507898 -2.9831911202427003e-07 -0.046217480118292346 -0.16967138887519656
decision_type=10 10 8 10 10 8 10 2 2 2 2 10 2 10 2 2 2 10 2 10 10 8 10 10 2 10 2 2 10 10
left_child=1 -1 3 13 7 6 12 -5 9 29 11 -11 -4 14 19 16 -16 21 23 -2 -20 22 -10 -19 25 -15 -27 28 -14 -7
right_child=2 -3 5 4 -6 8 -8 -9 17 10 -12 -13 27 24 15 -17 -18 18 20 -21 -22 -23 -24 -25 -26 26 -28 -29 -30 -31
leaf_value=0 -6.7167944419918886e-05 0.00012863344283678172 -7.7758575582643664e-05 -0.00036426332460791117 0 -6.5435817305216059e-05 0.00026525773724407403 -6.7338705781713385e-05 5.1697314871542373e-06 0 0 -0.00040810692609078835 0.00018152009980600288 0 0.00029323754947827073 0 0 4.9135498585582886e-06 7.895853864306533e-05 0 0 0 0.00011605202064013158 -5.2581582110099323e-05 0 0 -0.00020585656812804784 0 0 4.1778330082099747e-05
leaf_weight=456 302 121 74 46 129 180 64 148 300 33 24 36 130 55 71 171 33 350 239 2351 1614 318 273 764 167 26 128 124 141 122
leaf_count=456 302 121 74 46 129 180 64 148 300 33 24 36 130 55 71 171 33 350 239 2351 1614 318 273 764 167 26 128 124 141 122
internal_value=0 3.18878e-05 -1.92868e-06 -1.54856e-05 -9.70026e-05 7.30064e-06 6.09671e-05 -0.000163655 0 -5.92844e-05 -0.0001798 -0.000256414 2.23802e-05 -6.0005e-06 0 7.42807e-05 0.000192826 6.70363e-06 -1.62425e-06 -6.56039e-06 1.27559e-05 4.00433e-05 6.6734e-05 -3.00308e-05 -6.07698e-05 -0.000109237 -0.000167415 5.38103e-05 9.09924e-05 -5.57384e-06
internal_weight=8990 577 8413 3627 323 4786 533 194 4253 395 93 69 469 3304 2928 275 104 3858 2967 2653 1853 891 573 1114 376 209 154 395 271 302
internal_count=8990 577 8413 3627 323 4786 533 194 4253 395 93 69 469 3304 2928 275 104 3858 2967 2653 1853 891 573 1114 376 209 154 395 271 302
is_linear=0
shrinkage=0.05


Tree=97
num_leaves=31
num_cat=0
split_feature=71 249 349 265 45 199 290 25 273 5 28 246 40 54 255 333 245 199 347 211 251 64 263 218 282 61 197 315 249 39
split_gain=0.000244266 0.000473002 0.000450726 0.000448005 0.000419293 0.000471725 0.000548989 0.000391141 0.00043323 0.00119684 0.000301623 0.000518547 0.00112033 0.000451454 0.000410371 0.000678111 0.000387326 0.000848713 0.000378905 0.000438747 0.000369595 0.00034919 0.000310982 0.00023613 0.000197497 0.000271634 0.000194693 0.000188393 0.000180052 0.000150519
threshold=-3.9281693299611402 -1.2952346107709274 -8.3205444018046055 -1.6136911309788593 0.00066152125752215018 -0.39712316858743352 -1.1214220325152078 -0.044189105431238739 -1.9978386018346257 -4.8036146163940421 0.37702397505442303 0.84088072864849217 1.2600635687510173 2.8893888791402182 1.7125166321951748 2.1298125819034297 -2.0834333003539762 -0.37428974206976701 -7.0980084737141924 -0.76152029616101424 -1.9575795693209441 -0.96278325716654456 0.52572258731956656 -1.1613217320706704 -0.097151716550191294 -2.0206800301869703 -0.50064177264674481 -2.7535803937728383 -1.1176605007460223 0.54264400402704893
decision_type=2 10 10 10 2 10 10 2 10 2 2 10 2 2 8 10 10 10 10 10 10 2 10 10 10 2 8 10 10 2
left_child=2 4 -1 23 5 7 -7 8 9 -2 16 12 22 -14 29 -16 17 -5 20 -20 -18 -19 -12 28 25 -9 -6 -10 -3 -13
right_child=1 3 -4 10 26 6 -8 24 27 -11 11 14 13 -15 15 -17 18 21 19 -21 -22 -23 -24 -25 -26 -27 -28 -29 -30 -31
leaf_value=0.00020795633053854372 -0.00029276664670777026 0 0 0 0 -0.00030837565051524616 0 0.00016563926720617841 2.3648065514156354e-05 0 0 -4.4282000885510368e-05 0.00018872273368453749 0 -0.00015480013212809042 0 0 0.00030149707748127505 2.8528189239766173e-05 -1.1956157912072299e-05 -0.00012012410421020876 0 5.7344574052802999e-05 0 -1.291121801555152e-05 0 0.00012342297783145381 -6.7481159862372621e-05 0.00020061819277626222 1.9910124721857588e-05
leaf_weight=40 66 23 68 78 170 43 31 41 84 42 968 90 153 32 118 98 31 41 741 4421 148 24 309 147 271 22 33 93 55 509
leaf_count=40 66 23 68 78 170 43 31 41 84 42 968 90 153 32 118 98 31 41 741 4421 148 24 309 147 271 22 33 93 55 509
internal_value=0 -6.11648e-07 7.49556e-05 2.67583e-06 -3.54896e-05 -5.58171e-05 -0.000191807 -3.14552e-05 -7.46889e-05 -0.000157263 1.1738e-08 1.59188e-05 3.47185e-05 0.000152845 -1.16711e-05 -7.24645e-05 -5.68146e-06 7.1972e-05 -8.698e-06 -5.17563e-06 -8.2299e-05 0.000209712 1.36797e-05 7.23162e-05 0 8.43122e-05 9.27946e-06 0 0.000150438 1.9136e-06
internal_weight=8990 8882 108 7986 896 693 74 619 285 108 7761 2277 1462 185 815 216 5484 143 5341 5162 179 65 1277 225 334 63 203 177 78 599
internal_count=8990 8882 108 7986 896 693 74 619 285 108 7761 2277 1462 185 815 216 5484 143 5341 5162 179 65 1277 225 334 63 203 177 78 599
is_linear=0
shrinkage=0.05


Tree=98
num_leaves=31
num_cat=0
split_feature=220 251 12 363 210 86 201 297 73 261 247 220 307 303 285 29 238 273 10 351 362 7 66 245 270 230 265 47 369 310
split_gain=0.000239411 0.000517048 0.000450387 0.000606574 0.00082958 0.000793892 0.000672804 0.000703775 0.000986109 0.00064381 0.00054973 0.000511684 0.000509915 0.00087299 0.00054024 0.000423441 0.000402994 0.000470169 0.000393653 0.000551023 0.000900524 0.000732898 0.000643359 0.000449847 0.000698643 0.000516123 0.000461845 0.000451876 0.000421855 0.000480467
threshold=1.012731803256439 1.6742480018749757 0.018518607442577602 -1.164231501762911 -0.49687121687843078 1.42122753461202 -0.67408099424562129 -0.33951102693875623 -4.0084093411763506 -0.48360631086029821 -0.71011187421786215 0.26842089627885873 0.33509873296416687 0.062162291960696156 0.25464181726177543 0.95129736264546716 -0.051672461018708794 0.31728977698723576 0.59466226895650232 -0.88396652539571119 -4.208770731499901 0.61587675412495935 -12.336072921752928 -1.3301977255562789 -2.2436007524120893 -2.4094638736161103 -0.32834972009832247 0.13168797393639883 145.42808460993589 0.66638162068208107
decision_type=10 10 2 8 8 2 10 10 2 10 10 10 10 8 10 2 10 10 2 8 10 2 2 10 10 10 10 2 2 10
left_child=2 16 18 6 9 12 -4 -8 10 -5 -9 15 13 -6 -14 -11 -2 -18 23 20 -20 22 -22 24 25 -1 -25 -26 -21 -30
right_child=1 -3 3 4 5 -7 7 8 -10 11 -12 -13 14 -15 -16 -17 17 -19 19 28 21 -23 -24 26 27 -27 -28 -29 29 -31
leaf_value=0 0.00010822682597164654 -3.4850624958872766e-05 0 0 -5.6317175381864315e-05 2.5005215784510979e-05 0 0 -7.0758586909458631e-05 0.00030910656221224482 -0.00051274993703095669 0 -8.9336732303406797e-05 7.7611080074445419e-05 0 0 -2.8610658020802145e-05 3.7467982311629491e-05 2.721936672378556e-05 -8.6992689315007523e-06 0 0 -0.00019596521987728886 -9.7532863679285426e-06 0 -0.00022696677386065657 4.1988884358941192e-05 0.00013467994385581758 7.477687459215158e-05 -1.483207902182671e-05
leaf_weight=28 180 298 123 170 308 522 34 20 217 55 33 28 646 200 198 38 302 900 111 1695 64 38 185 1073 100 27 640 264 376 117
leaf_count=28 180 298 123 170 308 522 34 20 217 55 33 28 646 200 198 38 302 900 111 1695 64 38 185 1073 100 27 640 264 376 117
internal_value=0 1.73706e-05 -3.53944e-06 -2.06761e-05 -7.32702e-06 -2.15816e-05 -7.66351e-05 -0.000117386 -0.000148419 6.72699e-05 -0.000371491 0.000155463 -4.32669e-05 0 -6.71483e-05 0.00021255 3.22504e-05 1.67055e-05 4.81569e-06 -6.87713e-06 -6.13553e-05 -0.000113026 -0.00014859 2.13432e-05 6.94226e-05 -4.3803e-05 6.66093e-06 0.000100271 7.4979e-07 4.3372e-05
internal_weight=8990 1680 7310 2592 2165 1874 427 304 270 291 53 121 1352 508 844 93 1382 1202 4718 2586 398 287 249 2132 419 55 1713 364 2188 493
internal_count=8990 1680 7310 2592 2165 1874 427 304 270 291 53 121 1352 508 844 93 1382 1202 4718 2586 398 287 249 2132 419 55 1713 364 2188 493
is_linear=0
shrinkage=0.05


Tree=99
num_leaves=31
num_cat=0
split_feature=58 14 36 198 336 304 33 307 342 28 91 296 238 363 368 330 79 244 49 38 190 236 88 216 236 70 302 57 363 298
split_gain=0.000230529 0.000468085 0.00087374 0.000553763 0.000651991 0.000475525 0.000574316 0.000460401 0.000854573 0.000925439 0.000685025 0.000600112 0.000729162 0.000657193 0.000558935 0.000557 0.000530978 0.000491048 0.000481304 0.000429673 0.00038981 0.000653463 0.000671941 0.000466207 0.000385619 0.000374788 0.000676683 0.000362114 0.000352304 0.000337501
threshold=2.6454539299011235 0.013063102339704752 0.75891057650248228 -0.16158953967561257 2.7738429492787193 1.777606123182643 2.6513670285542807 -0.22995004681241357 -0.29650847117106116 0.023831116656462304 -1.0675389766693113 -0.016252408425013097 -1.0134025364522075 -2.0627481650268051 15.593574366533277 -0.25046046574910469 0.74845349788665783 -0.68476401686827926 -0.63344134887059511 1.6396976113319399 -0.062053388235237837 -0.43922849061645092 0.24647123614946997 -0.28497106030662206 0.015480626010032203 0.30817704399426787 -0.82798958029453107 2.9145591060320539 3.1632588006944862 0.17825465401013693
decision_type=2 2 2 10 10 10 2 10 10 2 2 10 10 10 2 10 2 10 2 2 10 10 2 10 10 2 10 2 10 10
left_child=1 7 3 -3 5 6 -5 10 9 -9 24 12 15 -13 -11 -12 -15 -16 -14 28 23 22 -22 -10 25 -1 -27 -21 -2 -29
right_child=19 2 -4 4 -6 -7 -8 8 20 14 11 13 18 16 17 -17 -18 -19 -20 27 21 -23 -24 -25 -26 26 -28 29 -30 -31
leaf_value=0 -5.3158417715311337e-05 0 0 0.00021489996625434949 0 0 0 0 -1.7088078498888453e-05 0 0.00019290792461872444 0 -7.2735164826247636e-05 0.00017495723427113756 0 0 0 -0.00023496874026144037 2.4484859061103074e-05 5.9154057064664581e-05 0 -4.8987178872476694e-06 -0.00020203640012368733 6.1777099751363313e-05 4.5868906615038348e-05 -0.00010376212945648278 0 -8.4323855532402692e-05 1.3745818076156252e-05 5.8286526741453092e-06
leaf_weight=2124 825 226 850 197 38 97 39 169 216 22 83 49 230 210 31 20 108 144 185 258 30 1099 95 394 340 268 196 126 117 204
leaf_count=2124 825 226 850 197 38 97 39 169 216 22 83 49 230 210 31 20 108 144 185 258 30 1099 95 394 340 268 196 126 117 204
internal_value=0 4.00867e-06 2.97309e-05 7.6161e-05 0.000114296 0.000139453 0.0001802 -1.35013e-06 -2.02553e-05 -9.07832e-05 8.2466e-06 4.70881e-05 1.99674e-06 9.7094e-05 -0.000164458 0.000128407 0.000126666 -0.000196022 -1.73554e-05 -1.72716e-05 -3.45013e-06 -2.20419e-05 -0.000132672 2.56575e-05 -1.78703e-06 -9.9813e-06 -5.07393e-05 9.90317e-06 -3.95408e-05 -1.34614e-05
internal_weight=8990 7460 1447 597 371 333 236 6013 2200 366 3813 885 518 367 197 103 318 175 415 1530 1834 1224 125 610 2928 2588 464 588 942 330
internal_count=8990 7460 1447 597 371 333 236 6013 2200 366 3813 885 518 367 197 103 318 175 415 1530 1834 1224 125 610 2928 2588 464 588 942 330
is_linear=0
shrinkage=0.05


Tree=100
num_leaves=31
num_cat=0
split_feature=85 239 61 25 332 62 30 51 236 67 313 210 4 304 311 256 19 363 89 302 294 75 24 330 40 217 194 255 43 251
split_gain=0.000224809 0.000612656 0.000564144 0.000556719 0.00077564 0.00100212 0.000623428 0.000583923 0.000496385 0.00039899 0.000478023 0.000776983 0.000868496 0.000685792 0.000481837 0.000478918 0.000477931 0.000833482 0.000603742 0.000505448 0.000458107 0.000369574 0.000352103 0.000351495 0.000518872 0.000495905 0.000341476 0.000534815 0.000336631 0.000327239
threshold=9.7308291594187448 0.48017422599440551 5.25823481877645 0.073731387654940264 3.4594940340494911 4.0611844062805185 -0.16016598542531327 0.75962762037913023 1.2681802997438216 2.5053176085154218 1.1241386602329044 1.2336333935796688 5.1042337417602548 2.2305902214250866 1.0228708089272025 0.23360055005823518 6.3749748865763349 -1.0666828480344506 2.6180936495463061 -0.17687067986608304 2.1836504936218266 1.1778879165649416 0.69261662165323901 0.99546104669570912 0.063706308603286715 0.069447802699302105 0.66869410559590758 0.28853779239555372 -1.1619112292925513 0.24244988532696912
decision_type=2 10 2 2 10 2 2 2 10 2 10 10 2 10 10 10 2 10 2 10 10 2 2 10 2 10 10 10 2 10
left_child=2 22 9 7 5 6 -5 -3 -4 16 -11 13 14 15 -13 -12 23 19 21 -18 -20 -19 -2 24 28 -26 29 -28 -1 -25
right_child=1 3 8 4 -6 -7 -8 -9 -10 10 11 12 -14 -15 -16 -17 17 18 20 -21 -22 -23 -24 26 25 -27 27 -29 -30 -31
leaf_value=-1.171941049138392e-05 0 -0.00029304790421776295 -0.00018947175046455435 0 -6.7535303390527866e-05 0 0.00035404013746627655 0 0 -8.5964722923682565e-05 0 0 1.4169041147933974e-05 -6.5222535880095952e-06 -0.00017220562350845508 0.00018697384947229592 -0.00025443996449121576 6.4055402329670633e-05 0.0002766130185784021 0 0 -0.00011117809087051077 0.00026538578494400919 -9.6796876862542875e-05 7.0828404297137483e-05 3.8724031235475788e-06 0.00013166674303678735 -2.2520780355282106e-05 1.5244858264557311e-05 0
leaf_weight=3377 29 29 74 25 44 40 49 21 26 280 60 54 126 97 149 108 23 177 75 45 33 22 42 255 532 959 70 240 1691 238
leaf_count=3377 29 29 74 25 44 40 49 21 26 280 60 54 126 97 149 108 23 177 75 45 33 22 42 255 532 959 70 240 1691 238
internal_value=0 4.45202e-05 -1.00703e-06 0 4.72241e-05 0.000135359 0.000249042 -0.000144024 -0.00011907 0 -3.16366e-05 0 -5.7047e-05 5.73344e-05 -0.000125854 0.00012393 3.98084e-06 5.92248e-05 0.000101559 -5.83507e-05 0.000206306 1.95237e-05 0.000171238 4.86946e-07 4.97092e-06 3.11192e-05 -2.99089e-05 0 -1.73577e-06 -5.64641e-05
internal_weight=8990 279 8711 208 158 114 74 50 100 8611 874 594 329 265 203 168 7737 375 307 68 108 199 71 7362 6559 1491 803 310 5068 493
internal_count=8990 279 8711 208 158 114 74 50 100 8611 874 594 329 265 203 168 7737 375 307 68 108 199 71 7362 6559 1491 803 310 5068 493
is_linear=0
shrinkage=0.05


Tree=101
num_leaves=31
num_cat=0
split_feature=210 275 216 250 294 264 353 216 258 252 323 47 246 326 31 334 68 269 292 9 277 268 58 28 246 376 241 302 27 350
split_gain=0.000226067 0.000824512 0.000781233 0.000726832 0.000582779 0.000662009 0.000731565 0.000702293 0.000744529 0.000921918 0.000539608 0.000680913 0.00104241 0.000513423 0.000494913 0.000985104 0.000428693 0.000465901 0.000402264 0.000673679 0.000542864 0.000492866 0.000421231 0.000383669 0.000431319 0.000361338 0.000407585 0.000480249 0.000542242 0.00034989
threshold=-2.05352616031761 -1.634360432641601 -0.028905883942054397 -1.5564768911404547 -1.2427925666173298 -0.99673102502557631 -1.893990322731417 -0.38577831857520667 -1.5705680813540033 -1.2714023280635753 -2.5113410949707027 0.58783672253290831 -1.3021615955517138 -0.26560556888580328 0.52772506078084314 -1.9575956740447964 0.57460773860414849 -1.6066158039180081 -8.7990301450093575 1.6860892772674563 -0.93151233513304421 1.1477958628701896 -1.9578353563944497 0.37702397505442303 0.84088072864849217 -0.12136145560263155 -0.89007695089085526 -0.5970394027580872 -2.3718279202779127 -7.6184403101603184
decision_type=8 10 10 10 8 10 10 10 10 10 10 2 10 10 2 10 2 10 10 2 10 10 2 2 10 2 10 10 2 10
left_child=1 14 3 -3 5 6 -2 8 -8 -10 11 -6 -13 -14 15 -1 17 -5 19 20 -12 -22 29 -24 -25 -7 27 28 -27 -20
right_child=4 2 -4 16 10 25 7 -9 9 -11 18 12 13 -15 -16 -17 -18 -19 22 -21 21 -23 23 24 -26 26 -28 -29 -30 -31
leaf_value=0 0 0 -3.625782018599028e-05 0 0 7.3360804254502855e-05 0 0 0 -0.00032717004191760497 0 0.00037614463218892591 0 0.00015066306676894388 7.4982130228601828e-06 -0.00031259549106411693 0 0.00027441430283164323 0 0 -0.00021191736585623647 0 -8.0033694564638654e-06 3.5453986767559279e-05 -6.4755271833320667e-06 0 0 0 -0.0002190664407002491 0.00023234267716066732
leaf_weight=47 162 58 35 23 278 109 30 37 23 101 44 37 169 77 110 39 44 112 20 176 117 23 4319 1374 801 39 441 28 81 36
leaf_count=47 162 58 35 23 278 109 30 37 23 101 44 37 169 77 110 39 44 112 20 176 117 23 4319 1374 801 39 441 28 81 36
internal_value=0 3.41699e-05 9.54878e-05 0.000136039 -1.4783e-06 -3.67115e-05 -9.32592e-05 -0.000160127 -0.000207823 -0.000261973 2.80939e-06 5.00818e-05 0.000104805 4.35411e-05 -2.54325e-05 -0.000125585 0.000186133 0.000232082 -3.05586e-07 -5.2309e-05 -0.000120417 -0.000169533 1.79002e-06 0 1.7714e-05 -9.42072e-07 -2.31902e-05 -9.49704e-05 -0.000145324 0.000138368
internal_weight=8990 468 272 237 8522 1051 353 191 154 124 7471 561 283 246 196 86 179 135 6910 360 184 140 6550 6494 2175 698 589 148 120 56
internal_count=8990 468 272 237 8522 1051 353 191 154 124 7471 561 283 246 196 86 179 135 6910 360 184 140 6550 6494 2175 698 589 148 120 56
is_linear=0
shrinkage=0.05


Tree=102
num_leaves=31
num_cat=0
split_feature=344 249 363 292 92 302 76 294 210 258 39 23 29 67 299 243 307 300 260 373 276 376 62 42 19 297 366 66 275 207
split_gain=0.000219916 0.00051848 0.000393272 0.00118703 0.000883648 0.00102155 0.000612067 0.00069443 0.000572161 0.000941838 0.000580952 0.000595635 0.000558554 0.000553184 0.000557447 0.000550316 0.000510766 0.00057413 0.000495466 0.00048605 0.000675385 0.000461908 0.000419007 0.00054702 0.000417271 0.000401401 0.000399093 0.000760357 0.000394705 0.000378905
threshold=-4.1551870505015049 -0.82692871967180259 -0.1760870639394588 7.2147332827250175 0.045205406844615902 0.48953538915142775 3.3147819836934418 0.73971656958262122 -0.52327245578933057 0.76606824620838532 -1.1755867799123128 0.016326492031415254 1.0693854093551638 2.1503570079803471 7.9472859848550596e-08 -0.40937084216563524 0.42591374955337519 -2.0585609488189216 -0.27354033131566785 1.4590417741538177 1.1926650798091971 -0.10290524940118788 1.8113124370574953 0.014566261942187901 -2.5576024055480953 0.048669934272766203 0.014368176070876903 -0.46901122728983552 0.011234969026635103 -0.3404773283545644
decision_type=10 8 8 10 2 10 2 10 8 10 2 2 2 2 10 10 10 10 10 2 10 2 2 2 2 10 2 2 10 10
left_child=1 -1 3 6 -5 -6 13 22 9 21 11 -10 18 25 15 -15 17 -12 -13 24 -21 -4 23 -8 -18 28 27 -23 -2 -19
right_child=2 -3 8 4 5 -7 7 -9 10 -11 16 12 -14 14 -16 -17 19 29 -20 20 -22 26 -24 -25 -26 -27 -28 -29 -30 -31
leaf_value=0 -7.1972261849418248e-06 9.3837735293423414e-05 -7.135942496915346e-05 0 -0.00034673596467041769 0 0 -1.0424836027297619e-05 -4.6133194769455881e-06 0.00024499900780104044 -6.8077171907363838e-05 0 0 0 0 -0.00019538145089365564 -0.00010346873753618862 0 -0.00033822361538171842 -0.00013357719676139866 0 0.00020026781863856288 0 0.00025252853820358756 8.00023191950502e-06 -6.1478873201788162e-05 0 0 4.2766685523017336e-05 6.7686346295194752e-05
leaf_weight=370 2099 207 74 148 70 73 34 70 302 64 80 22 24 34 78 119 84 224 47 163 112 96 61 83 2442 278 100 199 480 753
leaf_count=370 2099 207 74 148 70 73 34 70 302 64 80 22 24 34 78 119 84 224 47 163 112 96 61 83 2442 278 100 199 480 753
internal_value=0 3.02311e-05 -1.63049e-06 -1.45203e-05 -0.000112203 -0.000202603 -4.49753e-06 6.82545e-05 7.09328e-06 5.59901e-05 0 -5.67023e-05 -0.000171959 -1.19614e-05 -8.76913e-05 -0.00014391 6.86967e-06 3.68944e-05 -0.000245048 -2.67651e-06 -6.66406e-05 1.94924e-05 0.000127258 0.000183239 2.31014e-06 -4.0855e-06 4.91816e-05 8.13602e-05 1.64627e-07 5.06131e-05
internal_weight=8990 577 8413 3627 291 143 3336 248 4786 533 4253 395 93 3088 231 153 3858 1057 69 2801 275 469 178 117 2526 2857 395 295 2579 977
internal_count=8990 577 8413 3627 291 143 3336 248 4786 533 4253 395 93 3088 231 153 3858 1057 69 2801 275 469 178 117 2526 2857 395 295 2579 977
is_linear=0
shrinkage=0.05


Tree=103
num_leaves=31
num_cat=0
split_feature=368 66 370 367 363 337 254 47 214 245 8 354 207 190 315 249 41 10 231 361 339 207 61 41 68 27 355 366 75 232
split_gain=0.000220737 0.000398719 0.000645857 0.000607438 0.000584648 0.00109759 0.000698921 0.000824285 0.000565548 0.000446818 0.000851886 0.000459294 0.00105449 0.00135672 0.000403355 0.000613723 0.000574978 0.000314829 0.000393184 0.000417988 0.000388006 0.000503774 0.000381725 0.000401963 0.000379589 0.00062903 0.000370921 0.000380093 0.000715515 0.000363559
threshold=56.139556870007539 -18.387950897216793 0.62744281142869573 -1.3948888373449413 -1.711918467875478 -1.076667285492624 -1.3983245541513598 0.3711952567100526 0.50887752993394597 -2.1719737099133951 -1.7680952548980711 -2.1496817430407025 -1.0316337371581368 -0.74721620051280946 -0.97087148158324565 -0.29409090984833269 -0.28225644429524738 0.12326026459534961 0.50010234711264845 -0.22821463343106821 1.4777470939187565 0.71344188924108243 0.81885894139607751 1.7746347586313884 0.65277781089146936 0.73614629109700525 1.4162115443760437 -0.60338414299292376 0.00066142583576340021 0.70589396897582612
decision_type=2 2 2 2 10 10 10 2 10 10 2 10 10 10 10 10 2 2 10 10 10 10 2 2 2 2 10 2 2 10
left_child=17 2 -2 -4 5 -3 -7 -8 -9 10 -6 12 -11 -14 16 -16 -13 22 19 -19 21 24 -1 -24 25 -20 27 -21 -29 -26
right_child=1 4 3 -5 9 6 7 8 -10 11 -12 14 13 -15 15 -17 -18 18 20 26 -22 -23 23 -25 29 -27 -28 28 -30 -31
leaf_value=1.7478206737961058e-05 0 0 0.00038534072765249085 0 0 0 0 -0.00027958979732552977 0 0 0.00034805840515563717 9.078215654664148e-05 0 -0.00044254268242034943 -5.1943829892499719e-05 1.4442252090574593e-06 -1.8164272080593606e-06 3.3955927841825248e-06 0 0 -4.0945137458191255e-06 9.5512728977825454e-05 0.0002530282763621713 0 8.9357192508124098e-05 -0.00014936723253665291 3.8850676402879156e-06 -6.0533553245438355e-06 -0.00014569933274901359 0
leaf_weight=703 35 414 26 34 47 132 48 127 20 50 26 271 30 37 645 2344 194 1302 180 202 562 316 44 31 210 80 184 289 234 173
leaf_count=703 35 414 26 34 47 132 48 127 20 50 26 271 30 37 645 2344 194 1302 180 202 562 316 44 31 210 80 184 289 234 173
internal_value=0 -7.59405e-06 8.83476e-05 0.000198032 -1.08148e-05 -5.15528e-05 -0.000120043 -0.000181977 -0.000240688 -1.15752e-06 0.000118827 -5.01369e-06 -0.000102812 -0.000240281 -2.50451e-07 -8.40506e-06 4.14072e-05 8.06665e-06 6.44713e-07 -1.13858e-05 2.14195e-05 4.15835e-05 3.72385e-05 0.000155611 7.29463e-06 -2.87174e-05 -3.80558e-05 -5.55947e-05 -7.81079e-05 4.4794e-05
internal_weight=8990 4480 95 60 4385 741 327 195 147 3644 73 3571 117 67 3454 2989 465 4510 3732 2211 1521 959 778 75 643 260 909 725 523 383
internal_count=8990 4480 95 60 4385 741 327 195 147 3644 73 3571 117 67 3454 2989 465 4510 3732 2211 1521 959 778 75 643 260 909 725 523 383
is_linear=0
shrinkage=0.05


Tree=104
num_leaves=31
num_cat=0
split_feature=228 13 361 217 238 314 373 76 272 76 366 46 193 258 276 246 344 213 213 211 366 364 58 275 69 222 210 202 20 34
split_gain=0.000221838 0.000563857 0.000506286 0.000390417 0.000380349 0.000417561 0.00043163 0.000382895 0.000463768 0.000354325 0.00053751 0.000951708 0.0011059 0.000849979 0.000515907 0.000511732 0.000504585 0.000434251 0.000811075 0.00061183 0.000480682 0.000440587 0.000415484 0.000483676 0.000655161 0.000385647 0.000333229 0.000471297 0.000336356 0.000318453
threshold=-1.050339851357202 -0.046113469327489491 -0.94233287598303195 0.29075404833289614 -2.3884924107449792 0.28265927489053649 -1.6829711592492596 -7.3189105987548819 -0.89617547942622655 -2.8020329475402828 -1.472768936034403 0.10328503837808942 -1.0631680609811098 0.66964450834830858 -0.27071998132700997 -0.68691614309199411 -2.5960952440897622 -0.19744775920192273 -0.69031956616136958 -0.077277814301522738 -2.5607702844763955 1.0096911535956969 -0.37597076098124177 -0.95537339027369683 -0.30636077125867195 0.4507977936004689 -0.53663883981344662 -0.7848069410523667 -2.2877038319905592 -0.38200519482294709
decision_type=10 2 10 10 10 10 2 2 10 2 2 2 10 10 10 10 10 10 10 10 2 10 2 10 2 10 10 10 2 2
left_child=2 3 26 29 -4 6 -6 -8 -9 10 15 12 -12 -14 22 16 -3 18 -16 -20 25 -22 23 -11 -25 -19 27 -1 -29 -2
right_child=1 9 4 -5 5 -7 7 8 -10 14 11 -13 13 -15 17 -17 -18 20 19 -21 21 -23 -24 24 -26 -27 -28 28 -30 -31
leaf_value=0 0 0 3.1715725032602523e-06 -1.3753255099354528e-05 0 0 -0.00024719229464666766 0 -0.00011882501315672095 0 1.2855801181386987e-05 0 -0.00019206708232382975 0 1.4138162209440461e-05 -6.5162739579988781e-06 0.0002174994537900679 0 0 -0.00012773036628759872 1.3848722165221974e-05 -2.0736194597048788e-05 1.771153953475306e-05 0.00027462979865154207 0 8.7005548788989497e-05 -6.7667403212392892e-05 0.00022748514391579211 0 8.05503723871307e-05
leaf_weight=710 83 27 38 86 47 58 84 73 125 32 76 332 249 60 310 73 58 156 215 280 1852 1757 1030 65 31 290 147 42 100 504
leaf_count=710 83 27 38 86 47 58 84 73 125 32 76 332 249 60 310 73 58 156 215 280 1852 1757 1030 65 31 290 147 42 100 504
internal_value=0 3.72972e-06 -1.77631e-05 4.74407e-05 -6.35176e-05 -8.29816e-05 -0.000106167 -0.000130286 -5.53506e-05 0 -3.02327e-05 -5.19168e-05 -0.000105818 -0.000151177 3.77922e-06 3.65142e-05 0.000132188 -2.41903e-06 -3.65335e-05 -7.83627e-05 3.12111e-06 -1.60327e-06 3.4108e-05 0.000126899 0.000184522 5.25505e-05 0 1.36824e-05 9.7027e-05 6.49234e-05
internal_weight=8990 7566 1424 673 425 387 329 282 198 6893 875 717 385 309 6018 158 85 4860 805 495 4055 3609 1158 128 96 446 999 852 142 587
internal_count=8990 7566 1424 673 425 387 329 282 198 6893 875 717 385 309 6018 158 85 4860 805 495 4055 3609 1158 128 96 446 999 852 142 587
is_linear=0
shrinkage=0.05


Tree=105
num_leaves=31
num_cat=0
split_feature=48 37 263 351 248 78 270 234 46 230 40 40 61 235 50 238 27 189 65 85 47 203 5 243 61 334 308 41 370 345
split_gain=0.000218487 0.00054261 0.000464927 0.000382545 0.000548574 0.000756343 0.000646241 0.000687255 0.000553497 0.000454073 0.00035772 0.000552074 0.000486265 0.000712818 0.000446676 0.000916747 0.000685166 0.000611881 0.000508615 0.000489474 0.000446548 0.000563389 0.000713332 0.000425325 0.000599034 0.000561982 0.000536472 0.000439518 0.000323457 0.000321521
threshold=14.048549652099611 -0.69477073351542173 0.3205164638907434 2.1101057529449467 0.60308516710253213 2.0641040007273359 0.4247586699251108 -0.048442021412132892 0.68340710798899351 1.069135884870809 0.063706308603286715 -0.37578070163726801 5.25823481877645 0.59385896353309608 -1.7000842889149981 -1.345308602206345 -0.51453854640324903 0.30178077522125019 0.57228710254033421 1.0106039047241218 0.68042123317718517 0.08979085894635587 2.2326008478800459 0.47967055298973876 -1.5764568249384558 0.50637232538483479 -0.44544822363814018 -1.4898579120635984 0.085126308040625556 1.174124876658122
decision_type=2 2 10 10 8 2 10 10 2 10 2 2 2 10 2 10 2 10 2 2 2 10 2 8 2 10 8 2 2 10
left_child=3 2 -2 10 9 6 -6 -8 -9 29 11 23 14 -14 15 -12 -17 18 -16 -19 -13 -22 -23 26 25 -25 27 -1 -28 -5
right_child=1 -3 -4 4 5 -7 7 8 -10 -11 12 20 13 -15 17 16 -18 19 -20 -21 21 22 -24 24 -26 -27 28 -29 -30 -31
leaf_value=2.1817729745543966e-05 0 0 0.0002003680736384246 3.1714360773943694e-05 0 0 0 -0.00026726786682476476 0 0.00014735465107389457 -8.5415079532598465e-05 -3.958584440921942e-06 -0.00032721572269350932 0 0 5.285428214228792e-07 0.00019466931497798886 0 -7.8792929199710692e-05 6.2952318612307141e-05 0 -0.00022338902122516518 0 -0.00017779586968246974 -3.8541532216254507e-06 0 0.00012813942245774493 -2.1006434318679672e-05 2.1315981922117134e-05 -0.00010569175031525696
leaf_weight=866 23 205 76 28 27 99 30 125 28 51 39 446 23 52 417 144 154 679 264 667 88 117 54 117 873 76 105 1666 1379 72
leaf_count=866 23 205 76 28 27 99 30 125 28 51 39 446 23 52 417 144 154 679 264 667 88 117 54 117 873 76 105 1666 1379 72
internal_value=0 4.19977e-05 0.000138206 -1.0646e-06 -4.56931e-05 -8.67811e-05 -0.000141702 -0.000178505 -0.000222103 5.29862e-06 8.23738e-07 -5.29467e-06 1.73904e-05 -9.59413e-05 2.31048e-05 7.93087e-05 0.000117661 1.12906e-05 -2.3247e-05 3.24795e-05 -4.67709e-05 -0.000101166 -0.000154047 0 -2.76001e-05 -0.00010906 7.90863e-06 -4.38469e-06 3.22514e-05 -1.72747e-05
internal_weight=8990 304 99 8686 460 309 210 183 153 151 8226 5787 2439 75 2364 337 298 2027 681 1346 705 259 171 5082 1066 193 4016 2532 1484 100
internal_count=8990 304 99 8686 460 309 210 183 153 151 8226 5787 2439 75 2364 337 298 2027 681 1346 705 259 171 5082 1066 193 4016 2532 1484 100
is_linear=0
shrinkage=0.05


Tree=106
num_leaves=31
num_cat=0
split_feature=251 220 50 42 86 224 255 247 255 209 28 76 217 245 227 356 0 54 273 246 286 71 42 329 9 357 328 205 201 60
split_gain=0.000216827 0.000503979 0.000491204 0.000446443 0.000428698 0.000806997 0.000737327 0.000705041 0.00059177 0.0007189 0.000474628 0.000428654 0.000868156 0.000596929 0.000636588 0.000539968 0.000484291 0.000421912 0.000338414 0.000485473 0.000631559 0.000532429 0.000379634 0.00035675 0.000314559 0.000281781 0.000278721 0.000267443 0.000328888 0.000276908
threshold=1.6742480018749757 1.012731803256439 11.254313786824545 0.014566485459605802 1.42122753461202 0.57873990946626364 -0.71771952511910164 -0.83238523542615728 0.46106709393166961 1.4482007412834028 0.26917842713495083 7.320733070373536 0.43495342887078736 0.31839544127738501 0.42832165916019915 1.6486641240210012 0.88116753101348888 1.9306745529174807 0.31728977698723576 1.1703544048648742 0.053354679606854506 0.00066146374835315011 -1.16847288608551 0.20091718435287478 2.4025084177653002 2.3162048103126245 0.94441207249959336 0.97764157965588949 0.59215582713981652 2.6480908393859868
decision_type=8 10 2 2 2 10 10 10 10 10 2 2 10 10 10 10 2 2 10 10 10 2 2 10 2 10 10 10 10 2
left_child=1 4 -2 26 5 11 7 -7 10 -10 -8 13 15 16 -15 -13 -1 24 23 20 21 -20 -23 -3 -6 -21 -4 28 -19 -30
right_child=2 18 3 -5 17 6 8 -9 9 -11 -12 12 -14 14 -16 -17 -18 27 19 25 -22 22 -24 -25 -26 -27 -28 -29 29 -31
leaf_value=5.9231109426541383e-09 0 2.834753643053849e-05 -0.00031736757459359919 0 9.1886939831060572e-05 0 -3.312899989287016e-05 -0.0003057640977895289 -0.00011115736136144181 1.675858632693955e-05 7.5133272423783944e-05 0.00024479933628190128 0 -7.0806936011471414e-05 0 0 8.6241572185195359e-05 0 7.3218941526796229e-06 -3.6022336408346785e-05 2.3443514387399178e-06 0 0.00023859341642443606 -6.6241949522760391e-05 0 4.2126952349725959e-05 0 4.4349243123112007e-05 -0.0001980293088709289 0
leaf_weight=4247 442 241 35 44 314 21 200 56 318 75 172 76 67 603 417 25 175 69 121 198 261 24 126 159 64 252 24 91 51 22
leaf_count=4247 442 241 35 44 314 21 200 56 318 75 172 76 67 603 417 25 175 69 121 198 261 24 126 159 64 252 24 91 51 22
internal_value=0 2.37502e-06 -3.01172e-05 -0.000129254 -2.37848e-06 -6.82868e-06 -5.24697e-05 -0.000212522 -2.97991e-05 -7.40285e-05 3.49724e-06 0 7.86605e-05 -2.40668e-06 -3.74703e-05 0.000178201 4.55124e-06 3.64259e-05 3.02849e-05 4.63917e-05 7.90774e-05 0.000134507 0.000203719 0 7.02437e-05 0 -0.000219156 0 -5.86877e-05 -0.000133952
internal_weight=8990 8445 545 103 7063 6452 842 77 765 393 372 5610 168 5442 1020 101 4422 611 1382 982 532 271 150 400 378 450 59 233 142 73
internal_count=8990 8445 545 103 7063 6452 842 77 765 393 372 5610 168 5442 1020 101 4422 611 1382 982 532 271 150 400 378 450 59 233 142 73
is_linear=0
shrinkage=0.05


Tree=107
num_leaves=31
num_cat=0
split_feature=221 344 54 334 246 244 253 80 37 60 311 33 225 205 320 59 53 343 51 356 368 263 200 314 325 229 249 210 287 204
split_gain=0.000210117 0.000340997 0.000584663 0.000330201 0.000570809 0.000815347 0.00064177 0.000550128 0.000585549 0.000483906 0.00065099 0.000532162 0.00047729 0.000420147 0.000370087 0.000502395 0.000527733 0.000467893 0.000841043 0.000456714 0.00051965 0.000796638 0.000362913 0.000450689 0.000883061 0.000602753 0.000433381 0.000521222 0.000502996 0.0003482
threshold=2.4680787375009032 1.5497503081957502 0.6245548129081725 1.0297562143967889 0.31597612473360809 0.89299837655809233 1.4348886611473761 0.73955599466959654 -1.3192940155665076 1.2159785032272341 0.40699225336024653 3.259940306345622 1.3218706308420187 1.1675328508988498 0.97774000722130461 -0.15561139583587644 4.6512471437454233 7.2191421190897636 -0.25946741302808113 0.72975508905395914 84.404271720258564 0.4218408560871722 -0.059006771640793293 -0.0066334807940969494 -0.10830166935920708 0.030162648043836653 -1.1977440140564213 -1.6003826176462297 -0.013169844013949198 1.9337567671191087
decision_type=10 10 2 8 10 10 10 2 2 2 10 2 10 10 8 2 2 10 2 8 2 10 10 10 10 10 10 10 8 10
left_child=3 2 -2 4 9 7 -7 8 -6 22 -11 -12 -10 -9 15 -5 17 18 -17 20 -16 -22 26 24 -24 -25 27 -1 -28 -8
right_child=1 -3 -4 14 5 6 29 13 12 10 11 -13 -14 -15 19 16 -18 -19 -20 -21 21 -23 23 25 -26 -27 28 -29 -30 -31
leaf_value=1.1957606571606034e-05 0 0 -0.00023900855753255219 0 0 5.2893105204734908e-05 -0.00011648936085656425 -3.1555982965766629e-05 -0.00012701226598622127 0 0.00017827691400054755 0 0 8.648017720936735e-05 0 0 0 0 0.00019962870844690423 1.6131121277366464e-05 0 -0.00025149021762046884 -5.0173863671704571e-05 -0.00013879034602951851 7.7225827753276411e-05 0 3.9957135811161955e-05 -5.5864185410955394e-05 -1.4945672454424518e-06 0
leaf_weight=462 133 168 49 270 94 420 106 494 450 220 135 20 77 78 113 29 75 131 190 1218 27 65 327 172 232 237 1415 494 1069 20
leaf_count=462 133 168 49 270 94 420 106 494 450 220 135 20 77 78 113 29 75 131 190 1218 27 65 327 172 232 237 1415 494 1069 20
internal_value=0 -3.74376e-05 -8.58841e-05 2.00121e-06 -2.91258e-06 -2.7925e-05 1.60189e-05 -5.22272e-05 -8.60965e-05 5.13645e-06 5.96792e-05 0.000138227 -0.000107293 -6.70811e-06 1.94924e-05 4.98615e-05 8.37843e-05 0.00011087 0.000158052 1.14405e-06 -6.34872e-05 -0.000151926 0 -2.65325e-05 0 -6.64834e-05 8.10111e-06 -1.7861e-05 2.01061e-05 -6.71885e-05
internal_weight=8990 350 182 8640 6522 1739 546 1193 621 4783 375 155 527 572 2118 695 425 350 219 1423 205 92 4408 968 559 409 3440 956 2484 126
internal_count=8990 350 182 8640 6522 1739 546 1193 621 4783 375 155 527 572 2118 695 425 350 219 1423 205 92 4408 968 559 409 3440 956 2484 126
is_linear=0
shrinkage=0.05


Tree=108
num_leaves=31
num_cat=0
split_feature=273 194 309 334 294 339 39 341 307 73 72 30 19 311 238 266 19 366 208 257 329 85 334 356 3 307 347 9 33 268
split_gain=0.000214517 0.000467251 0.000484328 0.000476403 0.000590947 0.000410389 0.00042696 0.000618088 0.000462323 0.000538901 0.000379873 0.000524335 0.000504814 0.000531519 0.000382812 0.000748267 0.000641924 0.000598845 0.000377359 0.000768191 0.00038204 0.000521355 0.000365051 0.000364921 0.000359476 0.000350361 0.000343777 0.000408952 0.000329957 0.000279178
threshold=1.6025379188128555 1.902795229486226 4.1162017232123711 0.84743841140721043 -0.038858890533447293 1.1818066351749557 0.54264400402704893 1.1594795982042949 1.9145916835857586 -3.0117303530375161 3.7074710528055834 4.6073836460709581 0.63144171237945568 1.6627270941892474 -2.3220423156799246 -0.99352776226820305 -13.292779286702475 -0.47376376492975752 1.3587179853714992 -0.21883184711532647 1.040713965892792 3.9775182406107583 1.0297562143967889 -0.25758812219922583 1.0057223637898765 0.70348254551024014 2.0827397306760154 2.3226644992828374 3.0134034156799321 -1.1405700330732675
decision_type=10 10 10 10 10 10 2 10 10 2 2 2 2 10 8 10 2 2 10 10 10 2 8 10 2 10 10 2 2 10
left_child=5 3 -3 4 24 10 7 8 9 -7 11 14 -12 23 15 -1 17 -16 19 -5 21 -21 -18 -14 -2 28 27 -6 -8 -17
right_child=1 2 -4 18 26 6 25 -9 -10 -11 12 -13 13 -15 16 29 22 -19 -20 20 -22 -23 -24 -25 -26 -27 -28 -29 -30 -31
leaf_value=0 0.00018477677936275911 0 -0.00028115868741740235 0 -0.00021258527394249117 0 0.0001034334838050988 0 0 -0.00021616693958565708 0 -0.00019911800390193829 0 0 -0.00022782343457312135 0 -3.9665714673926703e-06 0 8.4193927026617108e-07 0 0 0.00029220013854676065 3.8222816003682858e-05 0.00013111725738160253 0 -2.0579097001530798e-05 0 0 0 0.00029953770331524508
leaf_weight=129 53 58 20 49 54 29 121 125 21 129 316 33 58 88 60 27 4974 29 212 56 31 89 571 262 21 1161 96 55 24 39
leaf_count=129 53 58 20 49 54 29 121 125 21 129 316 33 58 88 60 27 4974 29 212 56 31 89 571 262 21 1161 96 55 24 39
internal_value=0 2.51973e-05 -6.95779e-05 4.25125e-05 0 -1.97942e-06 -2.49643e-05 -8.07789e-05 -0.000140382 -0.000172149 2.88053e-06 -5.07591e-07 3.72145e-05 7.44966e-05 0 6.93955e-05 -1.76138e-06 -0.000134935 7.54037e-05 0.000123413 0.000174283 0.000208438 0 0.000105956 0.000111078 -8.13884e-06 -5.23971e-05 -0.000114188 5.69556e-05 0.000206191
internal_weight=8990 794 78 716 279 8196 1610 304 179 158 6586 5862 724 408 5829 195 5634 89 437 225 176 145 5545 320 74 1306 205 109 145 66
internal_count=8990 794 78 716 279 8196 1610 304 179 158 6586 5862 724 408 5829 195 5634 89 437 225 176 145 5545 320 74 1306 205 109 145 66
is_linear=0
shrinkage=0.05


Tree=109
num_leaves=31
num_cat=0
split_feature=367 35 71 362 315 81 368 12 264 225 226 207 195 75 367 329 264 249 291 307 73 207 363 10 273 372 373 233 371 314
split_gain=0.00020399 0.000485053 0.000435469 0.000469637 0.000456362 0.000402204 0.000340736 0.000308724 0.000364019 0.000297003 0.000422572 0.000639718 0.000729489 0.0014225 0.000441674 0.000424921 0.000376517 0.000350454 0.000357604 0.000339747 0.000321146 0.000490605 0.000577619 0.000456612 0.000349168 0.00050975 0.000316853 0.000270579 0.000232275 0.000307321
threshold=-3.1766072103010097 1.2053363323211672 -0.43566489219665522 -0.011462605959296948 1.2873597700823831 0.00066124640094730009 55.518484204863114 0.055922978247205206 0.68547507834160104 2.3804403588981171 1.732799336179111 2.358420496683499 0.77917987476925565 0.47930278380711877 2.2672265361789461e-06 1.2039018571376803 0.70165963750843685 1.6198330904638378 5.223815520604453 -0.22995004681241357 5.8768021265665702 0.30543667085310372 -1.0947040132049373 0.12805849313735959 0.89073671188381442 -0.32614643673556465 -3.2539689704191401 2.602002963431191 1.6552195969191599 3.0424253340951464
decision_type=2 2 2 10 10 2 2 2 10 10 10 10 10 2 2 10 10 10 10 10 2 10 10 2 10 2 2 10 2 10
left_child=1 2 -1 5 -5 -4 -3 8 -8 10 11 20 13 -13 -12 16 -16 18 19 -11 21 23 -23 -2 25 -22 -21 -18 29 -6
right_child=9 6 3 4 28 -7 7 -9 -10 17 14 12 -14 -15 15 -17 27 -19 -20 26 24 22 -24 -25 -26 -27 -28 -29 -30 -31
leaf_value=0 1.7091692064306862e-05 0 0 -1.7319613437467701e-05 0.00017743437270070043 0.00019356096320659772 0 0 -0.00028738173092729511 0 0 0 0 -0.00050879427375971273 0 0 0.00019918301912621788 0 0 0 -0.00013274784323033881 -3.4419387770115893e-05 3.8660649245658977e-05 -1.5042833268703503e-05 0 0 -0.00022996097943589662 0 0 0
leaf_weight=169 1492 53 20 144 80 125 24 47 33 21 91 26 32 27 34 40 121 215 21 22 165 257 1536 3608 269 174 79 23 21 21
leaf_count=169 1492 53 20 144 80 125 24 47 33 21 91 26 32 27 34 40 121 215 21 22 165 257 1536 3608 269 174 79 23 21 21
internal_value=0 2.55494e-05 5.07455e-05 7.92584e-05 1.68012e-05 0.000159286 -3.56778e-05 -0.000100518 -0.00017871 -1.86862e-06 0 -2.18306e-06 -0.000138629 -0.000255234 5.74526e-05 9.86954e-05 0.000133765 -4.64105e-05 -0.000107297 -0.000144273 0 2.43198e-06 2.53959e-05 -4.66139e-06 -3.54012e-05 -6.9438e-05 -0.000183138 0.000169255 9.80061e-05 0.000131697
internal_weight=8990 737 580 411 266 145 157 104 57 8253 7895 7586 85 53 309 218 178 358 143 122 7501 6893 1793 5100 608 339 101 144 122 101
internal_count=8990 737 580 411 266 145 157 104 57 8253 7895 7586 85 53 309 218 178 358 143 122 7501 6893 1793 5100 608 339 101 144 122 101
is_linear=0
shrinkage=0.05


Tree=110
num_leaves=31
num_cat=0
split_feature=58 236 85 85 67 66 316 351 324 258 373 80 327 255 285 299 61 301 211 350 246 314 297 25 38 350 289 191 286 303
split_gain=0.000205933 0.000513576 0.000370665 0.00032675 0.000841171 0.000528013 0.000426482 0.000764012 0.000870791 0.000450797 0.000400922 0.000390308 0.00038152 0.000380836 0.000540072 0.000534986 0.000369752 0.000455862 0.000365067 0.000323824 0.000578203 0.000707909 0.000418321 0.000547283 0.000320818 0.000308639 0.000304623 0.000301814 0.000299812 0.000344469
threshold=3.6881326039632163 1.2836940056777977 8.7342217763264998 -0.31113270918528235 1.9799952904383342 7.4640789031982431 -1.6643466265968352 -1.7404821713765457 -0.24627423286437977 -0.9406534947057531 19.160876505699424 0.10351734360059102 0.53300509353478764 0.39931515313071081 -0.045232358078161845 1.9868214951035415e-07 -1.767656087875366 0.024953921635945505 0.70805479669432747 0.94343010584513387 -0.68691614309199411 -1.1125195077785055 0.048669934272766203 0.45810467377305014 1.6396921674410503 14.695815563201906 2.0812430580457058 0.20272723392119082 0.0072931069880723511 -0.075299257972591641
decision_type=2 10 2 2 2 2 10 10 10 10 2 2 10 10 10 10 2 10 10 8 8 10 10 2 2 10 10 8 10 10
left_child=3 2 -2 4 5 19 9 8 -8 -5 16 -10 13 28 -15 -16 26 -18 -12 22 21 -21 -1 -24 -11 -7 -9 -22 29 -6
right_child=1 -3 -4 6 12 25 7 10 11 24 18 -13 -14 14 15 -17 17 -19 -20 20 27 -23 23 -25 -26 -27 -28 -29 -30 -31
leaf_value=5.2882854022200897e-06 -0.00013178262320026783 4.4472801679046342e-07 0 0 0 -0.00016596518784220944 0 0 0 0 -0.00014789554509093424 -0.00045989114991062615 0 0 -0.0002129970081968748 0 6.2586032788598998e-05 1.051107420185535e-05 0 0 -2.1949532362832233e-05 0.0001927308255026292 -0.00010523099391446716 0 0.00021454992381674562 0 -0.00011017071505349973 5.4072085449665573e-05 3.1192531329680519e-05 -0.00019653117355840721
leaf_weight=3523 155 201 52 24 141 71 33 204 23 49 66 22 108 56 149 31 707 1893 46 60 291 112 209 160 75 116 79 210 83 41
leaf_count=3523 155 201 52 24 141 71 33 204 23 49 66 22 108 56 149 31 707 1893 46 60 291 112 209 160 75 116 79 210 83 41
internal_value=0 -3.44028e-05 -9.2367e-05 1.92574e-06 -4.95065e-06 1.11549e-06 1.49228e-05 9.11944e-06 -0.000139571 0.000101572 1.46658e-05 -0.000286363 -6.04858e-05 -7.96897e-05 -0.000131403 -0.000173587 1.96512e-05 2.65963e-05 -6.89635e-05 5.52066e-06 3.75425e-05 0.000117948 0 -5.06601e-05 0.000146265 -7.96442e-05 -2.64812e-05 0 -1.47425e-05 -6.3154e-05
internal_weight=8990 408 207 8582 5361 4752 3221 3073 78 148 2995 45 609 501 236 180 2883 2600 112 4565 673 172 3892 369 124 187 283 501 265 182
internal_count=8990 408 207 8582 5361 4752 3221 3073 78 148 2995 45 609 501 236 180 2883 2600 112 4565 673 172 3892 369 124 187 283 501 265 182
is_linear=0
shrinkage=0.05


Tree=111
num_leaves=31
num_cat=0
split_feature=251 226 11 254 50 370 90 61 319 67 35 257 36 79 367 229 319 12 228 238 47 89 47 246 369 365 224 359 234 86
split_gain=0.000202963 0.00044527 0.000547662 0.000467095 0.000420962 0.000400772 0.00036662 0.000582442 0.000302739 0.000484402 0.00084975 0.000530759 0.000420033 0.000369207 0.000366943 0.000356496 0.00034966 0.000323793 0.000490271 0.000504963 0.000470642 0.00117437 0.000509117 0.00042588 0.000258964 0.0002038 8.92184e-05 0.000178411 0.000165274 0.000227995
threshold=1.6742480018749757 1.6486548209160248 0.15455944339434302 2.0009568688408139 11.254313786824545 1.1706085690297026 1.9929141203562419 -1.0716775655746458 1.9392783077301732 2.1503570079803471 0.21530324220657346 -0.21883184711532647 0.46734285354614263 0.74845524628957116 2.000752790918737 1.5446166487086705 2.0127125615227359 0.018518419936299303 -1.0912937780244827 -1.0134025364522075 1.0002226829528811 1.6044228076934817 0.76802066961924254 -0.50349635209236765 161.24745170953426 2.7106751071873632 1.3700767367090332 2.1455422459453577 1.2702677119959671 1.4038387139638269
decision_type=8 10 2 10 2 2 2 2 8 2 2 10 2 2 2 10 8 2 10 10 2 2 2 10 2 10 10 10 10 2
left_child=1 8 3 6 -2 -6 7 -3 9 17 11 -11 24 15 -14 16 -10 18 23 -20 22 -22 -19 -1 -12 -18 28 -28 -15 -30
right_child=4 2 -4 -5 5 -7 -8 -9 13 10 12 -13 14 26 -16 -17 25 20 19 -21 21 -23 -24 -25 -26 -27 27 -29 29 -31
leaf_value=0 0 0 0 0 0 -0.00027606286596664397 0 0.0002785983628617384 0 -0.00033708910153842025 -1.1127163444266642e-06 0 -5.6245241551268477e-05 2.2219286298283197e-06 1.4924644189434726e-05 0 0.00018131802685340494 -1.64039043279255e-05 7.6148268722682185e-05 1.1867595198160161e-05 -0.00019456103702825212 0 3.799266963994662e-05 -8.7820601865725996e-05 6.4445929992775305e-05 0 0.0001129687349939363 0 -0.00011612980786216527 0
leaf_weight=930 442 27 227 25 70 33 39 78 20 38 221 23 703 160 110 40 118 1807 442 2064 116 120 549 161 180 21 51 41 74 60
leaf_count=930 442 27 227 25 70 33 39 78 20 38 221 23 703 160 110 40 118 1807 442 2064 116 120 549 161 180 21 51 41 74 60
internal_value=0 2.15359e-06 5.39372e-05 0.000122112 -2.93086e-05 -0.000121446 0.000160006 0.000209339 0 -3.10738e-06 -3.14378e-05 -0.000221672 -1.77433e-05 3.42104e-05 -4.04659e-05 8.98627e-05 0.000125329 1.92152e-06 1.2297e-05 2.52029e-05 -1.05479e-05 -7.86084e-05 -1.60508e-06 -1.27645e-05 1.58581e-05 0.000155724 0 4.7306e-05 -7.58927e-06 -5.65827e-05
internal_weight=8990 8445 396 169 545 103 144 105 8049 7464 1275 61 1214 585 813 199 159 6189 3597 2506 2592 236 2356 1091 401 139 386 92 294 134
internal_count=8990 8445 396 169 545 103 144 105 8049 7464 1275 61 1214 585 813 199 159 6189 3597 2506 2592 236 2356 1091 401 139 386 92 294 134
is_linear=0
shrinkage=0.05


Tree=112
num_leaves=31
num_cat=0
split_feature=71 249 210 68 85 368 349 351 324 313 254 58 30 365 344 12 213 48 279 218 272 355 324 191 223 188 365 307 238 337
split_gain=0.000193058 0.000406019 0.000550573 0.000578782 0.000443878 0.001743 0.000381546 0.000342588 0.000590419 0.000635196 0.000931298 0.000381907 0.000791647 0.000825041 0.000375948 0.000329795 0.000688552 0.000351107 0.000248776 0.000518388 0.000351456 0.000247173 0.000229613 0.000164363 0.000175086 0.000199465 0.000163539 0.000104169 0.000144724 4.44877e-05
threshold=-3.9281693299611402 -1.760154678722557 -2.05352616031761 -0.039002664387226042 -9.3085473378499319 60.96040218125578 -8.3205444018046055 -1.3749848604202268 -0.29453083624442417 -1.2564654737483651 -1.4328530543582152 -0.61177150408426906 -1.2422528266906736 1.3122778577031571 0.2836246093114218 0.50080104296406114 -0.47959567041172846 0.43635863562424981 -0.84718732185093881 -0.53917767317182175 -0.9591690469834131 -0.9735376795890095 -1.078092376391093 -0.54347722243538921 -0.18030607792561096 -1.8102746172035082 -0.32233641772257621 -3.0574574082915293 -1.5404012333970585 -2.9938416886422923
decision_type=2 8 8 2 2 2 10 8 10 10 10 2 2 10 10 2 10 2 10 10 10 10 10 10 10 10 10 10 10 10
left_child=6 4 3 22 5 -2 -1 8 18 10 -10 12 14 -14 -9 17 -17 -13 20 -20 -4 -11 -3 27 25 -25 -27 29 -29 -6
right_child=1 2 7 -5 23 -7 -8 11 9 21 -12 15 13 -15 -16 16 -18 -19 19 -21 -22 -23 -24 24 -26 26 -28 28 -30 -31
leaf_value=0.00018906699240374891 0 0 0 0 0 -0.00042193834157144643 0 2.8528161640425022e-05 0 9.2675252720316465e-05 -0.00023514635407817969 -1.4271290155783521e-05 0.00019399665649181419 0 -0.00010146685296284367 -0.00018341432359941031 -6.6436772532768239e-06 1.1220032960931174e-05 0.00010955020343666024 -5.909987432145031e-06 -0.00010213222231661766 -6.3846552825418945e-05 0.00023830852048593388 0 0 -0.00012555395882050949 0 0.00010725608640322427 0 -4.2664756413461344e-05
leaf_weight=40 41 27 120 114 42 36 68 230 25 40 112 1819 134 39 73 73 574 4517 129 139 119 67 60 24 31 114 20 54 48 61
leaf_count=40 41 27 120 114 42 36 68 230 25 40 112 1819 134 39 73 73 574 4517 129 139 119 67 60 24 31 114 20 54 48 61
internal_value=0 -5.88965e-07 1.3672e-06 8.32026e-05 -4.61281e-05 -0.000163833 6.66055e-05 -2.83002e-08 -3.27612e-05 -9.66925e-05 -0.000168015 2.59744e-06 4.59467e-05 0.0001313 0 0 -3.43405e-05 3.1125e-06 0 3.10364e-05 -3.9001e-05 0 0.000180543 -1.0402e-05 -4.89674e-05 -7.5077e-05 -0.000101803 7.81632e-07 5.05163e-05 0
internal_weight=8990 8882 8411 201 471 77 108 8210 751 244 137 7459 476 173 303 6983 647 6336 507 268 239 107 87 394 189 158 134 205 102 103
internal_count=8990 8882 8411 201 471 77 108 8210 751 244 137 7459 476 173 303 6983 647 6336 507 268 239 107 87 394 189 158 134 205 102 103
is_linear=0
shrinkage=0.05


Tree=113
num_leaves=31
num_cat=0
split_feature=251 220 12 27 49 329 50 85 356 222 252 224 58 46 231 188 238 19 39 61 376 291 256 208 283 347 11 373 66 255
split_gain=0.000194612 0.000416171 0.000434863 0.000792318 0.000791014 0.000468594 0.000387645 0.000362531 0.000672705 0.000562376 0.000502524 0.000578017 0.000438288 0.000449219 0.000398798 0.000355902 0.000315822 0.000369694 0.000518106 0.000412824 0.00029683 0.000282174 0.000415679 0.000261178 0.000241876 0.000254454 0.000233541 0.000181335 0.000228627 0.000157479
threshold=1.6742480018749757 1.012731803256439 0.88278023401896166 2.6313153902689623 -1.1935118436813352 0.67341234534978878 11.254313786824545 10.437032381693525 0.13347007005050707 1.7413039143132576 0.64771140549387229 -0.34160032963094206 3.6881326039632163 0.58396861950556445 -0.3857841341982578 1.6177134842110144 -0.051672461018708794 3.7780421574910488 1.7289821306864421 -0.4696029822031656 0.10884286429247651 0.71598492066065467 1.8309008600664585 -0.24923821256455053 0.27961706121762586 -5.046525637308755 0.10310960312684377 -1.5868929375682217 12.418909271558128 -1.359373403197665
decision_type=8 10 2 2 2 10 2 2 10 10 10 10 2 2 10 10 10 2 2 2 2 10 10 10 10 10 2 2 2 10
left_child=1 2 7 4 -4 -6 -2 9 -9 12 11 -11 14 -14 -1 -8 24 26 19 -19 -21 -10 -23 -5 25 -3 -18 -28 -29 -27
right_child=6 16 3 23 5 -7 15 8 21 10 -12 -13 13 -15 -16 -17 17 18 -20 20 -22 22 -24 -25 -26 29 27 28 -30 -31
leaf_value=-9.1063691975983057e-06 0 0 0 0.00018040295128492794 -0.00031981923748508904 0 -0.00020659576326048317 -7.3919584841979451e-06 0 0 0 -0.00021383049466541134 -0.0001949199526547291 0 1.5552788395265148e-05 0 2.4818586813353604e-05 0 5.2545802191010161e-07 0.0002689434323125646 0 0.00027259391509701792 0 0 0 0 0 -8.3236865987452673e-05 0 0.00017522035316488107
leaf_weight=3078 442 23 81 20 61 21 54 35 25 20 99 90 57 42 3275 49 317 25 300 58 28 58 22 79 28 23 246 204 24 106
leaf_count=3078 442 23 81 20 61 21 54 35 25 20 99 90 57 42 3275 49 317 25 300 58 28 58 22 79 28 23 246 204 24 106
internal_value=0 2.07354e-06 -2.18811e-06 -6.5398e-05 -0.000137877 -0.000248702 -2.87391e-05 0 7.98278e-05 -1.42588e-06 -8.23592e-05 -0.000155862 4.22095e-07 -0.000102757 2.81856e-06 -0.000117331 2.74698e-05 1.32013e-05 5.24999e-05 0.00014784 0.000200474 0.000156454 0.000202298 3.50123e-06 9.49292e-05 0.000121021 -9.01756e-07 -2.86508e-05 -6.07751e-05 0.000148939
internal_weight=8990 8445 7063 262 163 82 545 6801 140 6661 209 110 6452 99 6353 103 1382 1202 411 111 86 105 80 99 180 152 791 474 228 129
internal_count=8990 8445 7063 262 163 82 545 6801 140 6661 209 110 6452 99 6353 103 1382 1202 411 111 86 105 80 99 180 152 791 474 228 129
is_linear=0
shrinkage=0.05


Tree=114
num_leaves=31
num_cat=0
split_feature=348 226 73 347 324 256 369 284 318 350 210 321 267 300 67 39 238 354 208 247 317 309 230 85 71 324 201 28 252 243
split_gain=0.000191792 0.000318297 0.000458187 0.000673894 0.000538305 0.000462395 0.000448265 0.0004027 0.000366392 0.00031289 0.0008967 0.000776215 0.000558213 0.000851544 0.000456065 0.000353289 0.00029989 0.000205348 0.000294601 0.000430695 0.000244528 0.000332423 0.000192782 0.000236237 0.000292946 0.00017592 0.000131359 0.000131967 0.000124177 7.08283e-05
threshold=-21.390256881713864 -1.70815394137723 -7.9688129425048819 -0.027301172415415496 -1.0437093079090116 -1.2952605399176889 87.349999995117216 -1.304141799608866 -1.7466954100174792 1.9203689098358154 -0.52327245578933057 -0.69153360192407831 -1.8634888505828784 -2.5793437957763667 2.1503570079803471 -1.1755867799123128 -0.9854685276910331 -3.1233744440992228 -1.6096440196280717 -1.7787083854076771 -4.2170222596139988 -1.7854650013605085 -1.3231796474714093 -1.4389252662658689 -2.701783180236816 -0.66576445102691639 -0.75044633965817098 0.20400902846207206 -0.73028452152264489 -0.79561707860533903
decision_type=10 10 2 10 10 10 2 10 10 10 10 10 10 10 2 2 10 10 10 10 10 10 10 2 2 10 10 2 10 10
left_child=26 8 3 4 -3 -5 -6 16 17 12 11 -11 13 -9 -14 -12 -4 20 19 -19 -2 -22 23 24 -10 -7 27 -1 -26 -8
right_child=1 2 7 5 6 25 29 9 22 10 15 -13 14 -15 -16 -17 -18 18 -20 -21 21 -23 -24 -25 28 -27 -28 -29 -30 -31
leaf_value=0.00012272046643603668 0 0 0 0 0 0 0.00023473851897984094 0 0 0 -4.6810627730049358e-05 0.00016042210194870132 2.4506600910292682e-07 -0.00025387489963448389 -4.7079520924284504e-05 1.0064615985020331e-05 -0.00019350944609913161 0 0 0.00023270386749391526 -0.00020207616173155258 0 0 0 -0.00025887224764519108 -0.00025664605416618003 0 0 0 0
leaf_weight=75 55 103 21 21 73 20 97 45 40 69 291 180 4025 58 554 2630 47 29 103 37 43 31 51 52 57 26 72 34 30 21
leaf_count=75 55 103 21 21 73 20 97 45 40 69 291 180 4025 58 554 2630 47 29 103 37 43 31 51 52 57 26 72 34 30 21
internal_value=0 -8.76376e-07 9.38601e-07 5.63236e-05 9.5938e-05 -4.28748e-05 0.000145627 -9.55267e-07 -3.88046e-05 0 1.2224e-05 0.000104002 -8.1176e-06 -0.00012519 -4.38958e-06 2.68542e-06 -0.000122023 0 3.40249e-05 0.00011876 -4.95997e-05 -0.000111965 -8.62365e-05 -0.000110659 -0.000147993 -0.000166587 5.10905e-05 8.56908e-05 -0.000200919 0.000209296
internal_weight=8990 8809 8281 361 294 67 191 7920 528 7852 3170 249 4682 103 4579 2921 68 298 169 66 129 74 230 179 127 46 181 109 87 118
internal_count=8990 8809 8281 361 294 67 191 7920 528 7852 3170 249 4682 103 4579 2921 68 298 169 66 129 74 230 179 127 46 181 109 87 118
is_linear=0
shrinkage=0.05


Tree=115
num_leaves=31
num_cat=0
split_feature=50 250 85 218 350 243 61 39 215 252 71 359 87 21 324 208 286 16 292 342 218 322 364 281 23 255 29 73 377 295
split_gain=0.000192565 0.000618043 0.000467352 0.00040193 0.000365256 0.000198483 0.000739299 0.000633965 0.000610496 0.000389393 0.000373183 0.000459982 0.000514731 0.000330466 0.000370322 0.000817873 0.000355634 0.000326431 0.000308185 0.000271934 0.000597644 0.000358839 0.000356581 0.000324159 0.000265585 0.000248434 0.00023966 0.000183669 0.000165387 0.000199885
threshold=16.393929799397792 0.78562521155922271 13.23849147061507 1.8001901722903881 -4.5503020286560059 0.49338892654098215 -1.5764568249384558 1.0186938444773357 -0.45887480525253416 0.29052839703489736 0.95136463642120372 0.9706783476061388 0.92813618977864587 2.4180059432983403 -0.057165667414665187 -0.13280837091859418 0.072197620446483271 4.121723810831706 2.9046177864074711 1.6689300537109377e-06 0.18336916986551119 -0.073998490969339928 0.57373033132342688 -0.11134774969440149 0.005490964278578701 0.16702750459955418 0.57494086027145397 2.7369333902994799 -0.41672566357129076 1.3623417615890503
decision_type=2 10 2 10 10 8 2 2 8 10 2 10 2 2 10 10 10 2 10 8 10 10 10 10 2 10 2 2 2 10
left_child=2 3 5 -2 -4 10 7 8 -7 -10 13 12 24 16 -15 -16 18 -14 -1 20 -8 -22 26 -24 -12 -18 -21 -9 -13 -30
right_child=1 -3 4 -5 -6 6 19 27 9 -11 11 28 17 14 15 -17 25 -19 -20 22 21 -23 23 -25 -26 -27 -28 -29 29 -31
leaf_value=3.6885662561921885e-06 0 0 0 -0.00030203818658710067 0.00018819876760522603 0 0 3.8550629527802061e-05 -0.00032556784929598914 0 -2.2962333268806372e-05 2.8944964535554246e-05 0.00013710846631449051 0 -0.00026888035917008879 0 0.00010232399541022905 0 -3.7162296632259718e-05 0 0 -0.00016237118201116693 -9.7411065544660282e-05 0 5.8034372982065142e-05 0 5.6181010590008508e-05 -6.8421052870293539e-05 -8.6652702691810023e-05 0
leaf_weight=3937 22 110 21 33 59 21 215 66 59 39 163 130 231 63 52 98 147 29 519 52 59 115 89 1562 173 157 473 77 107 112
leaf_count=3937 22 110 21 33 59 21 215 66 59 39 163 130 231 63 52 98 147 29 519 52 59 115 89 1562 173 157 473 77 107 112
internal_value=0 -5.3337e-05 1.15292e-06 -0.000191223 0.000121379 0 -1.08466e-05 -9.11924e-05 -0.000177787 -0.000232234 5.25784e-06 3.40626e-05 6.13897e-05 0 -6.11239e-05 -0.000107108 2.51031e-06 0.00011647 0 -6.8721e-07 -4.06619e-05 -0.000110802 4.16286e-06 -4.60841e-06 3.86966e-06 5.49755e-05 4.1264e-05 0 0 -3.72778e-05
internal_weight=8990 165 8825 55 80 8745 2827 262 119 98 5918 945 596 4973 213 150 4760 260 4456 2565 389 174 2176 1651 336 304 525 143 349 219
internal_count=8990 165 8825 55 80 8745 2827 262 119 98 5918 945 596 4973 213 150 4760 260 4456 2565 389 174 2176 1651 336 304 525 143 349 219
is_linear=0
shrinkage=0.05


Tree=116
num_leaves=31
num_cat=0
split_feature=208 77 369 350 291 301 46 282 276 267 236 352 6 66 20 294 216 248 257 353 217 264 354 9 310 258 216 222 247 272
split_gain=0.000192394 0.000635026 0.000559528 0.000527261 0.000615644 0.000537217 0.000576409 0.000808807 0.000540869 0.000512689 0.000470746 0.000500605 0.000462822 0.000445235 0.00073802 0.000761175 0.000751334 0.000426557 0.000547682 0.000546088 0.000690204 0.00049808 0.000409435 0.000408015 0.000394275 0.000460838 0.000391144 0.000377575 0.000360679 0.000356442
threshold=0.14858321173250877 0.34075653553009039 162.20966922654796 1.5648868878682458 -3.9777381420135494 0.023063444222013004 0.2614193856716156 0.21763110160827606 -0.47944275712711498 -0.29599276539843261 0.015480626010032203 -0.10607012112935373 -2.0089886983235679 6.0790182749430342 -1.9657400449117022 0.25997277100880939 -0.71435987553051539 0.19817083375342212 0.48569701401221571 1.2866607454554497 0.15090351609655975 1.9807280035812982 -0.48159526402734837 1.5519516468048098 1.3802668466978132 0.74283683923526966 0.0078800784787789509 -0.60083107065955288 -0.41285181966015588 -0.55714155886191052
decision_type=8 2 2 10 10 10 2 10 10 10 10 10 2 2 2 10 10 8 8 10 10 10 10 2 10 10 10 10 10 10
left_child=3 2 22 5 28 10 7 8 -7 -10 -1 12 -12 14 16 27 -6 -3 19 20 -19 -22 -2 -15 25 -25 29 -16 -5 -24
right_child=1 17 -4 4 13 6 -8 -9 9 -11 11 -13 -14 23 15 -17 -18 18 -20 -21 21 -23 26 24 -26 -27 -28 -29 -30 -31
leaf_value=-2.53239786054003e-06 0 3.4390243170703477e-05 0 -0.00014114561872732094 0 0 0 0 -0.0003854996511058753 -3.0020238134212721e-05 0 0 0.00010462766053466731 -5.8754299098559532e-05 0 -5.5441203897839114e-06 0.00033009337875675908 0 2.8649822024533355e-06 0 -0.00013788555771500699 0 0 0 0 0.00028900354732980526 -2.5293234384046266e-05 0.00013943774891942801 0 -0.00024554779757144881
leaf_weight=2715 79 710 170 61 24 52 205 74 49 60 47 307 334 138 127 231 59 155 2063 345 311 37 26 63 22 32 149 206 39 100
leaf_count=2715 79 710 170 61 24 52 205 74 49 60 47 307 334 138 127 231 59 155 2063 345 311 37 26 63 22 32 149 206 39 100
internal_value=0 -7.79479e-06 -5.92424e-05 6.87692e-06 3.92907e-05 -2.74207e-07 -5.33788e-05 -0.000107066 -0.000171114 -0.000235859 5.12421e-06 4.26012e-05 8.09988e-05 5.54188e-05 7.74702e-05 4.54918e-05 0.000234285 0 -8.82201e-06 -4.31464e-05 -7.64973e-05 -0.000115821 -9.56294e-05 0 6.81152e-05 0.000126798 -0.000124466 9.58966e-05 -5.6145e-05 -0.000201979
internal_weight=8990 4145 524 4845 1002 3843 440 235 161 109 3403 688 381 902 647 564 83 3621 2911 848 503 348 354 255 117 95 275 333 100 126
internal_count=8990 4145 524 4845 1002 3843 440 235 161 109 3403 688 381 902 647 564 83 3621 2911 848 503 348 354 255 117 95 275 333 100 126
is_linear=0
shrinkage=0.05


Tree=117
num_leaves=29
num_cat=0
split_feature=191 50 259 191 85 350 263 193 229 220 337 255 60 344 19 279 216 325 62 258 2 197 308 63 276 233 343 322
split_gain=0.000188427 0.000456426 0.000623994 0.000586487 0.000364043 0.000321598 0.000247042 0.000259279 0.000240345 0.000354553 0.000435501 0.000370252 0.000693112 0.000579562 0.000338233 0.000316889 0.000396863 0.000214936 0.000207654 0.000203982 0.000157267 3.42149e-05 5.79236e-05 2.90382e-05 2.78418e-05 1.42471e-05 4.63813e-06 1.53791e-05
threshold=2.2583293612168927 16.393929799397792 1.7326921136072626 0.2361419423495966 13.23849147061507 -4.5503020286560059 2.1868168746321515 1.1597886584506307 1.9767923207785922 1.012731803256439 0.14569527561658363 0.68554442026558937 1.7445456186930339 2.6498314539591479 6.3749748865763349 1.2444743138817145 1.8308595244421246 0.62303409973780333 -1.0499823888142903 0.95108623269590298 0.257533609867096 1.7082787222154883 1.2199808477469862 3.6715447107950854 2.2061347911954936 2.0237109541228864 14.367071469624841 1.0214732686678571
decision_type=10 2 10 10 2 10 10 10 10 10 10 8 2 10 2 10 10 10 2 10 2 10 10 2 10 10 10 10
left_child=1 4 3 -3 8 -6 7 -2 9 11 18 13 -13 -1 -12 16 20 25 -11 -7 -10 22 -17 -23 -18 -9 -4 -28
right_child=6 2 26 -5 5 19 -8 17 15 10 14 12 -14 -15 -16 21 24 -19 -20 -21 -22 23 -24 -25 -26 -27 27 -29
leaf_value=-1.5931213881507457e-06 0 0 2.1077607117947429e-05 -0.00028039629283061222 0 0 0 0.00023667734126309216 0 0 -3.81452403977664e-06 0 -8.9512806578839844e-05 7.1852053581993811e-05 7.7513881422459463e-05 0 1.0338581083435183e-06 0 9.6574839269918713e-05 0.00025912777725058491 -0.00019223785892005091 7.0187262610483012e-05 -4.645542486380538e-05 0 -3.7255688656516857e-05 0 0 -4.1709967673460787e-05
leaf_weight=5625 51 21 26 53 20 23 32 41 23 58 812 725 339 279 140 31 62 26 260 33 75 32 67 21 50 20 23 22
leaf_count=5625 51 21 26 53 20 23 32 41 23 58 812 725 339 279 140 31 62 26 260 33 75 32 67 21 50 20 23 22
internal_value=0 -9.26027e-07 -8.89726e-05 -0.00019119 0 0.00010927 5.22005e-05 8.84786e-05 -4.15525e-07 7.42799e-07 2.55018e-05 -3.05257e-06 -3.04135e-05 1.0319e-06 2.90087e-06 -4.06879e-05 -8.13389e-05 0.000140905 7.74219e-05 0.000174722 -0.000155831 0 0 4.01356e-05 0 0.000192607 0 0
internal_weight=8990 8820 145 74 8675 76 170 138 8599 8238 1270 6968 1064 5904 952 361 210 87 318 56 98 151 98 53 112 61 71 45
internal_count=8990 8820 145 74 8675 76 170 138 8599 8238 1270 6968 1064 5904 952 361 210 87 318 56 98 151 98 53 112 61 71 45
is_linear=0
shrinkage=0.05


Tree=118
num_leaves=31
num_cat=0
split_feature=368 236 41 354 222 220 35 367 279 191 345 64 212 56 324 47 19 286 334 14 242 336 208 3 14 259 229 317 251 63
split_gain=0.00018527 0.000638891 0.000400347 0.000539174 0.000656273 0.00084461 0.000533816 0.000485426 0.000467352 0.00047952 0.000475147 0.000471602 0.000699343 0.00041687 0.000612441 0.000396925 0.000347183 0.000391182 0.000413238 0.000561308 0.000356425 0.000343871 0.000325668 0.000600202 0.000611427 0.000541642 0.000414151 0.000319119 0.000323045 0.000292153
threshold=56.139556870007539 -2.340368179261834 -1.3423237005869544 -2.1496817430407025 -0.9243111850627711 -0.20329720016459621 0.41677381594975799 -1.2678833244043359 -1.0599520940928426 -0.49128526849173887 -0.55714233716328931 -1.1888544559478758 -0.22888620875707272 0.39237674077351892 -1.636869649092356 -0.15716089804967226 2.1250165303548183 -0.029947316274046797 -0.39377323465381836 -0.0073659463475147487 -0.53239007035762154 -0.62878373509610574 0.86144090264231232 0.028091659148534103 0.060522044853617653 0.17957478289353143 1.7380300292341697 -0.98066686708755413 -1.1746097046816411 2.5375779469807944
decision_type=2 10 2 10 10 10 2 2 10 10 10 2 10 2 10 2 2 10 10 2 8 10 10 2 2 10 10 8 10 2
left_child=16 -2 7 4 -4 -6 -7 13 9 -5 -11 21 -13 14 -3 -16 17 18 20 -20 -1 -10 23 -18 25 -25 -27 28 -22 -9
right_child=1 2 3 8 5 6 -8 29 11 10 -12 12 -14 -15 15 -17 22 -19 19 -21 27 -23 -24 24 -26 26 -28 -29 -30 -31
leaf_value=-1.3492857575720811e-05 -0.0002168340089232113 0 0 0 0 0 -0.00039533995851650502 4.7412765807579734e-06 6.625284315221832e-05 -0.00021955103043941955 0 -6.6570816987718547e-05 0 0 0 0.00015828558489077425 0 -1.0359400953305439e-05 0.00017956242572667752 0 0 0 0 0 0 0.00018257545231932309 0 0 0.00014216583307036977 -0.00013390833430225609
leaf_weight=549 37 59 93 116 68 32 44 504 384 76 34 474 1805 41 29 211 121 2543 97 120 34 433 423 76 36 220 29 143 119 40
leaf_count=549 37 59 93 116 68 32 44 504 384 76 34 474 1805 41 29 211 121 2543 97 120 34 433 423 76 36 220 29 143 119 40
internal_value=0 -7.11958e-06 -4.24296e-06 -1.26667e-05 -8.72709e-05 -0.000154652 -0.000270251 2.40134e-05 -5.83675e-06 -7.52867e-05 -0.000150094 0 -1.244e-05 7.11847e-05 9.61574e-05 0.000133773 7.23506e-06 0 2.57646e-05 8.92027e-05 3.5483e-06 3.18004e-05 3.49257e-05 6.30783e-05 9.73012e-05 0.00012336 0.000159049 5.20351e-05 0.000102214 0
internal_weight=8990 4480 4443 3559 237 144 76 884 3322 226 110 3096 2279 340 299 240 4510 3605 1062 217 845 817 905 482 361 325 249 296 153 544
internal_count=8990 4480 4443 3559 237 144 76 884 3322 226 110 3096 2279 340 299 240 4510 3605 1062 217 845 817 905 482 361 325 249 296 153 544
is_linear=0
shrinkage=0.05


Tree=119
num_leaves=31
num_cat=0
split_feature=53 58 281 31 252 31 194 291 195 215 49 361 341 361 215 243 236 30 12 350 346 321 346 332 211 269 366 67 53 61
split_gain=0.000176748 0.000444731 0.00045163 0.000703913 0.000541239 0.000643722 0.000330215 0.000654457 0.000371337 0.000405055 0.000366458 0.000304074 0.000277428 0.000267302 0.00024881 0.000248766 0.000551163 0.000578957 0.00070994 0.000397389 0.000837628 0.00055256 0.000422605 0.000421981 0.000410393 0.000383917 0.000362396 0.000337975 0.000478383 0.000450537
threshold=-6.2718078295389796 -1.2684655189514158 -0.83744037118138615 0.87105898062388121 -0.047285674789348191 0.0098129299779732507 -1.4166131416598204 -0.75601843992869056 -1.7288955544688849 -1.819664901175154 -8.7019557952880842 -1.5341146173719953 -2.1980122327804561 -1.7166460863728616 -1.0123356979097482 1.6290024789977755 0.84238612381317446 0.26356351375579834 0.035228020201126656 15.877547899882002 3.9999193350474043 -0.61468477831682367 8.2285084724426287 2.5044471792300858 1.2971125678055759 0.38156493219103943 1.9089976361785836 2.5053176085154218 3.8989809354146323 2.1268595059712729
decision_type=2 2 10 2 10 2 10 10 10 10 2 10 8 10 10 8 8 2 2 10 10 10 10 10 10 10 2 2 2 2
left_child=6 2 -2 4 5 -4 8 10 13 -10 -8 -7 -12 -1 -14 19 17 -17 25 27 21 -21 23 -22 -23 -19 -18 28 29 -3
right_child=1 15 3 -5 -6 11 7 -9 9 -11 12 -13 14 -15 -16 16 26 18 -20 20 22 24 -24 -25 -26 -27 -28 -29 -30 -31
leaf_value=0 0 0 0 0 0 0 -0.00028611733492942486 2.2908108818862194e-05 0 0.00016050934759554943 0 0.0004190084081493707 0 -0.00015825670366994952 -0.00014125772591335866 0 -1.0577199477862414e-05 0 -8.7727257653454032e-06 0 0 0.0001361861407930633 8.4572824683978919e-05 -0.00012409665391433712 0 -0.0002940200537859621 9.9075071279617689e-05 -4.3604670531330152e-05 5.6185169378285796e-05 -7.9420176690605718e-05
leaf_weight=81 236 5311 49 85 34 22 42 55 22 69 33 44 51 33 82 147 456 20 137 48 218 296 71 105 80 71 87 450 373 182
leaf_count=81 236 5311 49 85 34 22 42 55 22 69 33 44 51 33 82 147 456 20 137 48 218 296 71 105 80 71 87 450 373 182
internal_value=0 1.59701e-06 4.90519e-05 9.82586e-05 0.0001642 0.000216059 -2.99588e-05 -6.88084e-05 0 9.17929e-05 -0.000117087 0.000325013 -4.40709e-05 -3.75335e-05 -8.73767e-05 -5.52583e-07 -2.55011e-05 -7.25612e-05 -0.00012249 1.95723e-06 3.50639e-05 8.52792e-05 -6.29567e-06 -4.17649e-05 0.000108966 -0.000238607 0 -1.53935e-06 8.3595e-07 -2.01324e-06
internal_weight=8990 8522 470 234 149 115 468 263 205 91 208 66 166 114 133 8052 918 375 228 7134 818 424 394 323 376 91 543 6316 5866 5493
internal_count=8990 8522 470 234 149 115 468 263 205 91 208 66 166 114 133 8052 918 375 228 7134 818 424 394 323 376 91 543 6316 5866 5493
is_linear=0
shrinkage=0.05


Tree=120
num_leaves=31
num_cat=0
split_feature=238 292 11 312 292 43 23 46 20 10 85 314 258 31 261 324 208 61 250 323 250 69 49 50 235 202 25 257 339 25
split_gain=0.000173681 0.000597926 0.000711822 0.000435937 0.00059435 0.000548319 0.000537777 0.000227038 0.000570314 0.000393406 0.0006967 0.000853099 0.00110616 0.000361134 0.000651326 0.001072 0.000455169 0.000371973 0.00033292 0.00050574 0.000463334 0.000260967 0.00025051 0.000537818 0.000435154 0.000342036 0.000289603 0.000410828 0.000237417 0.000121411
threshold=-2.3220423156799246 -17.901171366373692 -0.14166970551013938 -3.8293211891882861 -15.763919512430823 -1.1619112888971961 -0.014394552136460898 0.1823476028318203 -2.9439064661661782 0.59722237785657251 -6.3547579447428379 -2.9370287047224806 0.22753649511402776 0.68667693932851159 -0.48360631086029821 -0.14665798346201578 -0.41385354188344042 -1.5764538248380024 -0.33778154111024628 -1.1248188614845278 -0.74943994756662013 -0.16498541831970212 -3.6222308476765943 1.4990111192067466 0.51040001626600973 0.27795814338051972 0.038370502491792004 -0.73590997518548595 -1.6261537792073031 0.11668432255585987
decision_type=8 10 2 8 10 2 2 2 2 2 2 10 10 2 10 8 10 2 8 10 10 2 2 2 10 10 2 10 10 2
left_child=1 2 -1 4 5 6 -2 9 -9 13 11 -11 -13 17 15 -15 -16 28 20 -20 -12 -19 26 25 -25 -24 27 -10 -5 -28
right_child=3 -3 -4 7 -6 -7 -8 8 22 10 18 12 -14 14 16 -17 -18 21 19 -21 -22 -23 23 24 -26 -27 29 -29 -30 -31
leaf_value=0 0 0 0.0002743927786866954 3.3984593351350541e-05 0 0 -0.0004002533330767785 0.00021451608312019065 0 0 0 -0.00034842242682042414 0 0 9.7518025095346127e-05 -0.00020268830558549364 -1.7818545035280114e-05 6.685774339198618e-05 8.2741012353564135e-05 -1.3942335176990361e-05 -0.00010920082575699888 0 1.4853107089857557e-05 -3.0167135390986492e-05 1.5984456584471835e-05 7.8033553220565864e-05 7.112025698743556e-05 -9.1048597829610292e-05 -1.0586714448683567e-05 0
leaf_weight=21 43 146 49 399 102 40 33 35 159 29 294 62 20 121 106 117 406 446 163 760 192 188 1160 928 1035 397 70 239 1183 47
leaf_count=21 43 146 49 399 102 40 33 35 159 29 294 62 20 121 106 117 406 446 163 760 192 188 1160 928 1035 397 70 239 1183 47
internal_value=0 4.42134e-05 0.000165379 -1.15796e-06 -7.10694e-05 -0.000149287 -0.000228066 3.97555e-08 9.14997e-06 -7.11111e-06 -2.80856e-05 -0.000154171 -0.000241126 1.95268e-06 -2.58812e-05 -9.45992e-05 0 1.363e-05 -1.45942e-05 0 -4.8266e-05 4.59979e-05 6.1242e-06 1.18649e-05 -3.28695e-06 3.41778e-05 -2.3401e-05 -4.89794e-05 0 2.08783e-05
internal_weight=8990 216 70 8774 218 116 76 8556 4070 4486 1520 111 82 2966 750 238 512 2216 1409 923 486 634 4035 3520 1963 1557 515 398 1582 117
internal_count=8990 216 70 8774 218 116 76 8556 4070 4486 1520 111 82 2966 750 238 512 2216 1409 923 486 634 4035 3520 1963 1557 515 398 1582 117
is_linear=0
shrinkage=0.05


Tree=121
num_leaves=31
num_cat=0
split_feature=251 226 11 254 317 50 370 40 90 58 231 224 249 58 27 200 47 333 246 91 343 314 276 3 32 37 234 333 71 59
split_gain=0.000178393 0.000372017 0.00046706 0.000406486 0.000338421 0.000326386 0.000315377 0.000303256 0.000345665 0.000300891 0.000379778 0.000471141 0.000509028 0.000650397 0.000437098 0.000367396 0.000547716 0.000359708 0.000416981 0.000494129 0.000407122 0.000526121 0.000336668 0.000568795 0.00064213 0.000567075 0.000396295 0.000336833 0.000325678 0.000305702
threshold=1.6742480018749757 1.6486548209160248 0.15455944339434302 2.0009568688408139 3.862885259095687 11.254313786824545 1.1706085690297026 -0.079237808783849048 1.9929141203562419 2.4222017923990888 -0.3857841341982578 -0.40563995733455804 -0.17100286779928384 0.38277018070220953 -0.66887064774831118 -0.84969301106317785 0.69574697812398278 0.40302963932267849 1.3020131035932083 3.4449628194173179 7.0568275451660165 2.0871074911105256 -0.25678163439746576 3.7110493641042331e-08 0.03889816006024676 -1.809404730796814 -0.21363247516207731 -2.3224151051229263 2.3398834069569912 5.377792040506999
decision_type=8 10 2 10 10 2 2 2 2 2 10 10 10 2 2 10 2 10 10 2 10 10 10 2 2 2 10 10 2 2
left_child=1 9 3 4 7 -2 -7 -3 -9 10 11 12 14 -14 -1 -13 -17 20 19 -19 -11 -22 26 25 -25 -24 -12 -28 -21 -20
right_child=5 2 -4 -5 -6 6 -8 8 -10 17 22 15 13 -15 -16 16 -18 18 29 28 21 -23 23 24 -26 -27 27 -29 -30 -31
leaf_value=9.9276363326315796e-06 0 0 0 0 0 0 -0.00024734669536622268 0.00030294735688987114 0 -1.614894050995397e-05 2.2535332739138257e-06 0 0.0001629249473399664 0 -4.7407464236072878e-05 -8.3648409706381014e-05 0 -2.6451856049739578e-06 -0.00011466548210142805 0.00011598414379535661 -0.00022338036447457494 0 -0.00019079601083479009 0.00015097824393266342 9.8135399603063856e-06 -9.7098944195000351e-06 0 9.7468454059217616e-05 0 0
leaf_weight=1312 442 36 227 25 26 70 33 61 21 344 506 340 111 125 430 514 341 465 123 166 76 23 58 94 1853 559 37 367 51 154
leaf_count=1312 442 36 227 25 26 70 33 61 21 344 506 340 111 125 430 514 341 465 123 166 76 23 58 94 1853 559 37 367 51 154
internal_value=0 1.73153e-06 4.91113e-05 0.000112048 0.000147598 -2.77798e-05 -0.000109519 0.000183698 0.000240367 0 3.83126e-06 -7.64172e-06 5.21234e-06 7.48599e-05 -1.35692e-06 -3.31005e-05 -5.10433e-05 -2.16081e-05 0 1.66092e-05 -5.92195e-05 -0.000158257 1.57493e-05 4.24261e-06 1.92042e-05 -3.48632e-05 4.26724e-05 8.09099e-05 8.08817e-05 -5.55243e-05
internal_weight=8990 8445 396 169 144 545 103 118 82 8049 6647 3173 1978 236 1742 1195 855 1402 959 682 443 99 3474 2564 1947 617 910 404 217 277
internal_count=8990 8445 396 169 144 545 103 118 82 8049 6647 3173 1978 236 1742 1195 855 1402 959 682 443 99 3474 2564 1947 617 910 404 217 277
is_linear=0
shrinkage=0.05


Tree=122
num_leaves=31
num_cat=0
split_feature=251 354 212 60 250 210 241 348 30 373 17 50 85 210 280 78 12 64 370 356 218 349 221 311 27 360 188 369 57 334
split_gain=0.000168082 0.000365515 0.000381511 0.000610455 0.000403509 0.00036492 0.000568572 0.00042413 0.000302521 0.000656063 0.00040886 0.000300222 0.000283739 0.000638691 0.000487055 0.0005841 0.000406956 0.000575759 0.000450508 0.000400587 0.000390252 0.000385864 0.000461063 0.000343391 0.000337657 0.000314839 0.000283166 0.000283583 0.000243801 0.000193533
threshold=1.6742480018749757 2.4640514093616255 -0.21469741086667468 1.5223472118377688 1.451124047806696 1.3493434296233933 -0.069133547678929083 8.9406967164473727e-07 3.326015949249268 -2.3035524880575395 -0.38794889052708942 11.254313786824545 2.7139628728230796 0.23913072640792085 1.048112529692599 0.5085620085398358 0.88278023401896166 0.81654612223307299 1.446082584574329 0.29293499479385082 0.29805232554115735 3.8781361579895024 0.6394279667412005 1.0738110108043308 1.2624875307083132 -2.4742885996686086 1.6177134842110144 124.7065535256648 2.3717961311340336 0.94955264472557344
decision_type=8 8 10 2 10 10 10 10 2 2 2 2 2 10 10 2 2 2 2 10 10 10 10 10 2 10 10 2 2 10
left_child=1 8 3 -3 5 6 -4 -8 12 -10 -11 -2 16 14 15 -14 21 24 -19 23 -21 25 -23 -15 -18 -1 27 -13 -12 -7
right_child=11 2 4 -5 -6 29 7 -9 9 10 28 26 13 19 -16 -17 17 18 -20 20 -22 22 -24 -25 -26 -27 -28 -29 -30 -31
leaf_value=-2.4521219541318259e-05 0 0 0 -0.00023623137529603369 0 -4.2365654812711573e-05 0 0.00020932931713542086 0 0 -0.00030586803642592103 0 0 -0.00012852312271900457 0 0.00016110741065564993 -6.8287818567264053e-05 -0.00026928559614869651 0 0.00010506608036637369 0 -8.6372374074579288e-05 0 0 9.1486223501631032e-05 8.3426518068641816e-06 0 -0.00030217013627666073 0 5.0895101415693802e-05
leaf_weight=804 442 38 24 29 162 44 40 141 69 42 43 26 108 104 45 190 91 50 22 101 309 276 249 39 50 5189 49 28 27 159
leaf_count=804 442 38 24 29 162 44 40 141 69 42 43 26 108 104 45 190 91 50 22 101 309 276 249 39 50 5189 49 28 27 159
internal_value=0 1.61081e-06 3.82364e-05 -3.81765e-05 5.59938e-05 8.27755e-05 0.000134332 0.000168183 -7.37307e-07 -6.4799e-05 -0.000146337 -2.70311e-05 1.28244e-07 2.71296e-05 8.10933e-05 0.000107951 -2.72358e-06 -7.0771e-05 -0.00018646 0 1.8503e-05 0 -4.15629e-05 -7.75708e-05 0 3.09912e-06 -0.000105561 -0.000185259 -0.000220967 6.05163e-06
internal_weight=8990 8445 637 67 570 408 205 181 7808 181 112 545 7627 896 343 298 6731 213 72 553 410 6518 525 143 141 5993 103 54 70 203
internal_count=8990 8445 637 67 570 408 205 181 7808 181 112 545 7627 896 343 298 6731 213 72 553 410 6518 525 143 141 5993 103 54 70 203
is_linear=0
shrinkage=0.05


Tree=123
num_leaves=31
num_cat=0
split_feature=221 276 238 260 64 61 244 344 33 201 331 220 273 286 222 255 39 37 275 32 200 198 12 192 252 330 263 358 361 67
split_gain=0.000167234 0.000285608 0.000430648 0.000460152 0.000479182 0.000428007 0.000281517 0.000264465 0.000497299 0.000267045 0.000392491 0.000259828 0.000451448 0.000504414 0.000417237 0.000393414 0.000493827 0.000664743 0.000344063 0.000561696 0.00045311 0.000337067 0.000258332 0.000255584 0.000245258 0.000227618 0.000228571 0.000278311 0.000195124 0.000183797
threshold=2.4680787375009032 1.4508346334598639 1.6068396110280514 0.41889957073459733 1.690213203430176 -0.11869410673777259 1.6942798141408171 1.5497503081957502 2.1231161753336587 1.3709392457288729 2.1582378637226762 1.0511975433856497 0.31728977698723576 0.053354679606854506 1.1910724577846845 0.44563351743104523 1.0855102936426801 -1.3192937771479285 0.19913610712803148 0.56400803724924731 -0.059006771640793293 0.35084004364846599 0.30869579315185552 1.7328195720003687 0.20762350584442313 1.1285695234934494 0.51127580802302253 0.30135890820894112 0.55199321740067153 1.9464068412780766
decision_type=8 10 10 10 2 2 10 8 2 10 8 10 10 10 10 10 2 2 10 2 10 10 2 10 10 10 10 10 10 2
left_child=1 2 11 4 5 -4 25 8 -2 10 -9 15 21 14 -14 18 17 -17 20 -20 -1 29 -23 -11 -18 26 -3 -28 -29 -13
right_child=7 6 3 -5 -6 -7 -8 9 -10 23 -12 12 13 -15 -16 16 24 -19 19 -21 -22 22 -24 -25 -26 -27 27 28 -30 -31
leaf_value=5.5137112815519715e-06 -4.6746795543658696e-06 0 0 0 0 -0.00043194749936243109 0 0.00015905121859409495 -0.00026009892748456783 -0.00015301303862329859 0 0 0.00013524186218868145 0 0 0 5.0770389439400883e-05 -8.2800141711177576e-05 5.96648461272598e-05 -4.752386373358588e-06 -3.56260463787329e-05 0 -0.00016350379493109454 0 -1.113156207048914e-05 0 0 0 0.00015496156055231603 9.8422166157950978e-05
leaf_weight=3237 167 39 29 193 20 24 298 56 34 37 40 134 221 260 81 327 212 558 653 439 823 112 53 36 536 111 25 23 156 56
leaf_count=3237 167 39 29 193 20 24 298 56 34 37 40 134 221 260 81 327 212 558 653 439 823 112 53 36 536 111 25 23 156 56
internal_value=0 1.17642e-06 -8.203e-07 -6.3654e-05 -0.000174604 -0.000254027 3.3242e-05 -3.31273e-05 -7.28519e-05 0 6.75073e-05 7.01381e-07 2.61315e-05 5.56355e-05 9.96669e-05 -1.99895e-06 -2.38614e-05 -4.94507e-05 3.96052e-06 2.91918e-05 -1.59488e-06 -6.49821e-06 -6.8457e-05 -5.60514e-05 0 6.34235e-05 9.0554e-05 0.000112101 0.000134928 2.10138e-05
internal_weight=8990 8620 7968 266 73 53 652 370 201 169 96 7702 917 562 302 6785 1633 885 5152 1092 4060 355 165 73 748 354 243 204 179 190
internal_count=8990 8620 7968 266 73 53 652 370 201 169 96 7702 917 562 302 6785 1633 885 5152 1092 4060 355 165 73 748 354 243 204 179 190
is_linear=0
shrinkage=0.05


Tree=124
num_leaves=31
num_cat=0
split_feature=208 13 274 21 372 40 216 266 311 253 201 69 309 373 52 216 235 39 223 357 227 202 33 303 188 54 12 6 245 223
split_gain=0.000165873 0.000775462 0.00105652 0.000569902 0.000592816 0.00052792 0.000505954 0.000443315 0.000553034 0.00121149 0.000843801 0.000549381 0.00043337 0.000484773 0.000361319 0.000360082 0.000506596 0.000519169 0.000368967 0.000340981 0.000331501 0.000570699 0.000367697 0.000691517 0.000298507 0.000428948 0.000294846 0.000443156 0.000551457 0.000535342
threshold=-0.39832267544838945 0.012498835722605352 -0.56490279844102498 2.1771812438964848 -0.93340561964345181 -3.4258087476094556 1.1470283612147043 -0.047654400068932241 -0.40542004979119112 -0.7223469657279078 -0.56785226645633224 0.53777045011520397 0.11559085891679437 -0.84734119216579418 -1.6833399931589759 -0.60182309655193966 -0.79674467966064511 -0.34836337963740022 -1.5893001112081351 1.0825298182559953 -0.69641279212224649 -0.4624673887241823 -0.95652008056640614 -0.72675253214217017 -1.2683729253230396 0.45504864056905114 0.50080104296406114 1.5121281941731772 -0.15871084664145499 1.4243164942606052
decision_type=8 2 10 2 2 2 10 10 10 10 10 2 10 2 2 10 8 2 10 10 10 10 2 10 10 2 2 2 10 10
left_child=1 7 -3 4 -4 14 -6 15 9 -9 -11 -12 13 -10 -2 20 24 18 -18 -14 21 -1 23 -22 -17 -26 -7 28 -28 -30
right_child=5 2 3 -5 6 26 -8 8 12 10 11 -13 19 -15 -16 16 17 -19 -20 -21 22 -23 -24 -25 25 -27 27 -29 29 -31
leaf_value=-1.2803291720857443e-07 0 -1.9680656256246033e-05 0 0 0.00030094149529707917 5.0567374740426261e-07 0 0 0.00021141257211820227 0 -0.00047495525434587622 0 -0.00013086778639807647 0 -0.00016000477958142388 6.7769582603809022e-05 0 0 0.00013267825133989489 0 -0.00018727024313922098 0.00013732194883752516 0 0 0 -0.0001229564345428948 0 0 -0.00015331752272370512 0
leaf_weight=1019 37 80 40 45 99 5299 27 99 45 28 39 24 66 31 92 96 67 216 258 30 99 77 150 81 238 91 100 196 195 26
leaf_count=1019 37 80 40 45 99 5299 27 99 45 28 39 24 66 31 92 96 67 216 258 30 99 77 150 81 238 91 100 196 195 26
internal_value=0 9.14125e-06 8.67979e-05 0.000150845 0.00019364 -5.19143e-06 0.000247272 0 -5.05703e-05 -0.000110201 -0.000242049 -0.000343535 0 0.000102775 -0.000106147 8.72901e-06 3.30714e-05 6.55236e-05 0.000105538 -5.39395e-05 -4.25609e-06 4.9786e-06 -5.00656e-05 -9.84798e-05 0 -3.04382e-05 -2.09074e-06 -3.8367e-05 -7.62945e-05 -0.000121198
internal_weight=8990 3045 291 211 166 5945 126 2754 362 190 91 63 172 76 129 2392 966 541 325 96 1426 1096 330 180 425 329 5816 517 321 221
internal_count=8990 3045 291 211 166 5945 126 2754 362 190 91 63 172 76 129 2392 966 541 325 96 1426 1096 330 180 425 329 5816 517 321 221
is_linear=0
shrinkage=0.05


Tree=125
num_leaves=31
num_cat=0
split_feature=363 254 24 373 305 347 49 39 39 227 15 357 319 32 243 72 72 338 368 284 211 209 17 87 19 376 217 210 195 341
split_gain=0.000169027 0.000640679 0.000685149 0.000570727 0.000482769 0.000431655 0.000663356 0.000843278 0.000483351 0.00083178 0.000648355 0.000653537 0.000693309 0.00053148 0.000489786 0.000414735 0.000403236 0.000393697 0.000384146 0.000446333 0.000437782 0.000383349 0.000592986 0.0006303 0.000362634 0.000383313 0.000347824 0.000334469 0.00041041 0.000357144
threshold=-1.711918467875478 -0.9925018091536858 0.47260310252507526 -0.59641965469379421 -2.3800179285384933 -2.6018592417240138 -3.3035519917805982 -0.25812621911366773 -1.342248201370239 -0.69641279212224649 0.67758812506993571 1.104581618453875 -0.93818617617813838 0.27671027183532715 0.24148895931909753 -3.5009608268737789 3.0877013206481938 -1.735945316979896 287.10364203171599 -0.58010437587896957 1.0261081301174195 0.008185487882423452 0.4404240449269613 0.095721393823623616 0.044079462687174407 -0.030656616849708395 -1.5612372478934506 -0.44346571414479025 -0.69683121625624944 -1.7010123332341507
decision_type=8 10 2 2 10 10 2 2 2 10 2 10 10 2 10 2 2 10 2 10 10 10 2 2 2 2 10 10 10 10
left_child=1 -1 -3 4 -4 6 21 18 9 27 11 12 -11 14 15 -10 17 -6 19 -8 -21 -2 23 -23 25 -16 -17 28 -7 -30
right_child=5 2 3 -5 16 8 7 -9 13 10 -12 -13 -14 -15 24 26 -18 -19 -20 20 -22 22 -24 -25 -26 -27 -28 -29 29 -31
leaf_value=0 3.3605946423845643e-06 0 0 0 0 0 0 0 0 0 0 0 -0.00017782314149505574 -1.8959996040987733e-06 0 0 0 -0.00031600881780585082 0 0.00016312873438682508 0 -0.00030659078697354176 0 0 3.4728693933397822e-05 -0.00016955819568411658 0.00013536365200348771 -3.7427305894553319e-05 0 0.00019738154563195463
leaf_weight=1242 412 148 36 95 26 197 48 446 53 61 106 44 261 4368 22 39 23 83 79 301 22 43 49 29 185 57 245 185 21 64
leaf_count=1242 412 148 36 95 26 197 48 446 53 61 106 44 261 4368 22 39 23 83 79 301 22 43 49 29 185 57 245 185 21 64
internal_value=0 -1.47131e-05 -6.90406e-05 -0.000118145 -0.000174168 2.96989e-06 2.79286e-05 5.5233e-05 -2.22109e-06 -3.56025e-05 -8.32034e-05 -0.000115562 -0.000142308 3.08142e-06 4.75691e-05 8.75631e-05 -0.00021849 -0.000258924 0.000103718 0.000125041 0.000146327 -8.59423e-06 -9.05573e-05 -0.000185297 0 -9.29459e-05 0.000112904 1.81132e-06 4.52813e-05 0.000137308
internal_weight=8990 1653 411 263 168 7337 1429 896 5908 939 472 366 322 4969 601 337 132 109 450 371 323 533 121 72 264 79 284 467 282 85
internal_count=8990 1653 411 263 168 7337 1429 896 5908 939 472 366 322 4969 601 337 132 109 450 371 323 533 121 72 264 79 284 467 282 85
is_linear=0
shrinkage=0.05


Tree=126
num_leaves=31
num_cat=0
split_feature=58 277 209 350 67 35 320 210 247 334 57 203 364 212 30 80 343 24 205 30 75 304 249 256 292 297 49 247 213 61
split_gain=0.000165038 0.000448544 0.000396405 0.000277367 0.000453922 0.000620068 0.000397614 0.000644492 0.000469712 0.000506385 0.000464073 0.000488467 0.000784594 0.00039612 0.000373781 0.000382691 0.000360445 0.000457501 0.000387767 0.00033724 0.000402406 0.000384599 0.000340426 0.000298182 0.000280244 0.000258971 0.000887243 0.000679526 0.000640241 0.000397747
threshold=3.6881326039632163 0.77788388584231949 0.60645335394492894 0.94343010584513387 2.1503570079803471 0.22588425874710083 -1.2649456256124003 -0.52327245578933057 -0.37508599016458594 -1.3706826520298405 1.8323207696278898 1.0406227347008317 0.96423674210738008 1.0161735262474638 -1.6496826807657876 0.4898431499799093 7.3713661034901952 0.9985423882802329 -0.061986135731123597 1.2587597568829858 2.8104799588521328 -0.038823580880746146 0.072082082345378662 1.0846114461559604 5.7040818532307949 -0.041242917378743492 -3.9760773976643873 -0.81716400477777074 0.028770709735258606 0.85423660278320324
decision_type=2 10 10 8 2 2 8 8 10 10 2 8 10 10 2 2 10 2 10 2 2 10 10 8 8 10 2 10 10 2
left_child=3 2 -2 4 25 -6 14 8 -8 -10 11 12 -9 -11 -5 -16 18 -18 -12 22 21 -21 -7 -13 -24 29 27 -27 -29 -1
right_child=1 -3 -4 6 5 19 7 10 9 13 16 23 -14 -15 15 -17 17 -19 -20 20 -22 -23 24 -25 -26 26 -28 28 -30 -31
leaf_value=3.4417391883982676e-06 0 0 -0.00022851733045705513 0 -0.00026072152825182406 -6.2515860615651775e-05 0 0 0 0.0002380892682728676 0 0.00011233466831480618 -0.00012391359442940998 0 -0.00019906844119694993 0 -2.8104983874526857e-05 4.4305203159477241e-05 7.1767090806315964e-05 0 0 -0.00021946976023213554 8.3367463736487826e-05 0 0 0 -4.6909742351394027e-07 -0.00023966083878699837 0 8.840439452677494e-05
leaf_weight=2331 38 322 48 126 38 130 130 607 21 104 180 91 193 22 59 28 471 393 602 22 26 63 150 133 73 61 2221 102 43 162
leaf_count=2331 38 322 48 126 38 130 130 607 21 104 180 91 193 22 59 28 471 393 602 22 26 63 150 133 73 61 2221 102 43 162
internal_value=0 -3.12846e-05 -0.000132902 1.23918e-06 -4.96431e-06 -5.02618e-05 1.34653e-05 1.9461e-05 9.44226e-05 0.000157409 9.80827e-06 -1.34933e-05 -3.54146e-05 0.000197341 -4.59964e-05 -0.000126114 2.73419e-05 0 5.22075e-05 -2.21999e-05 -9.8221e-05 -0.000156258 0 4.24665e-05 3.91874e-05 0 -1.19624e-05 -0.000111558 -0.00017142 1.09716e-05
internal_weight=8990 408 86 8582 5422 502 3160 2947 277 147 2670 1024 800 126 213 87 1646 864 782 464 111 85 353 224 223 4920 2427 206 145 2493
internal_count=8990 408 86 8582 5422 502 3160 2947 277 147 2670 1024 800 126 213 87 1646 864 782 464 111 85 353 224 223 4920 2427 206 145 2493
is_linear=0
shrinkage=0.05


Tree=127
num_leaves=31
num_cat=0
split_feature=360 85 318 348 358 50 29 50 348 220 91 63 85 340 329 367 42 346 14 286 256 239 353 228 27 290 38 46 353 366
split_gain=0.000162203 0.000321272 0.000520862 0.000632399 0.000381354 0.000293369 0.00028894 0.000273877 0.000467389 0.000294184 0.00062607 0.000535427 0.000424686 0.00047723 0.000332143 0.000318053 0.000417354 0.000307194 0.000211277 0.000204269 0.000209685 0.000200009 0.00063625 0.000183591 0.00016387 0.00012534 0.000259369 3.52918e-05 3.19938e-05 1.94827e-05
threshold=3.3869696775802054 9.7308291594187448 0.78225772689174466 10.336873372395836 4.1003954011205197 7.2164624532063817 1.3186538616816206 12.721637090047201 3.3353988329569502 1.1203728690417465 6.4654585520426435 1.4879763126373293 3.9775182406107583 0.34438282251358038 0.9285850822925571 -2.6488380389935355 -0.51754748821258534 6.0555723508199071 0.041977768143018061 0.017710395855829054 0.99952562359346853 0.54402018840260546 1.8738366872354546 0.068628311111323656 1.3583183288574221 2.7999005119005842 1.6396977504094445 0.20565821727116898 0.019683708150605803 -0.37551952222700996
decision_type=10 2 10 10 10 2 2 2 10 10 2 2 2 10 10 2 2 8 2 10 10 10 10 10 2 10 2 2 10 2
left_child=1 7 21 4 24 29 -7 9 18 10 15 -12 19 -14 -15 16 -1 -17 -9 23 -21 28 -23 -11 -4 -10 27 -27 -3 -2
right_child=5 2 3 -5 -6 6 -8 8 25 12 11 -13 13 14 -16 17 -18 -19 -20 20 -22 22 -24 -25 -26 26 -28 -29 -30 -31
leaf_value=0 3.1477831247233796e-05 0 0 0 0 -0.00018180841668226727 0 -0.0002405345223561794 6.6822471273223359e-05 0 -0.00030786810744652253 0 0 0.0001752225437879362 0 -8.0000257884887283e-06 6.8629493812708724e-05 3.7734163387298274e-05 0 -4.0807277221073968e-05 1.2121746037231772e-05 -0.00019729778182677653 0 6.1506292770539993e-05 0.00032763889404468539 0 0 -0.000199026039307563 0.00010373594470735623 -9.5379120430889016e-06
leaf_weight=281 35 20 20 39 23 56 36 41 39 126 31 23 47 122 22 6008 362 364 21 302 299 49 30 258 47 20 70 22 24 153
leaf_count=281 35 20 20 39 23 56 36 41 39 126 31 23 47 122 22 6008 362 364 21 302 299 49 30 258 47 20 70 22 24 153
internal_value=0 8.92279e-07 5.66779e-05 0.000127904 0.000202454 -3.77223e-05 -0.000110865 -1.79314e-07 -5.65409e-05 6.70969e-07 -2.54932e-06 -0.000172466 2.42782e-05 9.50198e-05 0.000142313 -5.26145e-07 3.20867e-05 -4.60224e-06 -0.000172587 5.4769e-06 -6.15915e-06 0 -6.36702e-05 3.67028e-05 0.000263146 0 -3.51827e-05 -0.00013674 6.37738e-05 0
internal_weight=8990 8710 252 129 90 280 92 8458 213 8245 7069 54 1176 191 144 7015 643 6372 62 985 601 123 79 384 67 151 112 42 44 188
internal_count=8990 8710 252 129 90 280 92 8458 213 8245 7069 54 1176 191 144 7015 643 6372 62 985 601 123 79 384 67 151 112 42 44 188
is_linear=0
shrinkage=0.05


Tree=128
num_leaves=31
num_cat=0
split_feature=208 77 369 364 19 261 258 218 303 317 267 201 69 32 256 304 28 290 314 249 229 248 257 353 325 198 341 49 377 289
split_gain=0.000162517 0.000539002 0.000501873 0.000474894 0.000532338 0.000509965 0.00058028 0.000501224 0.000477663 0.000466758 0.000566011 0.000614781 0.000602947 0.000696727 0.000430711 0.000642886 0.000414764 0.000405275 0.000471782 0.000695782 0.000660551 0.000395876 0.000441461 0.000464418 0.000612254 0.000493447 0.000393264 0.000343683 0.000325546 0.000492936
threshold=0.14858321173250877 0.34075653553009039 162.20966922654796 -0.14072369530012852 6.3749748865763349 0.06685468672518842 0.60363092863071754 -0.11477156466556925 -0.53556595083864889 -0.1140749928817124 -0.066091302707041236 -0.505390745048787 0.53777045011520397 0.75038937727610289 0.23360055005823518 -1.5426349910791708 0.81399575869242369 -1.0000000180025095e-35 -0.47269887012091177 -0.16144617720519697 0.24990166230881058 0.19817083375342212 0.48569701401221571 1.2866607454554497 -0.13869216044743851 -0.33353062946334011 1.0952964127063753 -1.9848182996114099 -0.14548165553081727 1.0000000180025095e-35
decision_type=8 2 2 8 2 10 10 10 10 10 10 10 2 2 10 10 2 10 10 10 10 8 8 10 10 10 10 2 2 10
left_child=3 2 14 9 5 6 -5 -8 -6 17 11 -11 13 -13 15 -2 -17 18 -1 -20 -21 26 23 24 -23 -26 -3 -9 29 -24
right_child=1 21 -4 4 8 -7 7 27 -10 10 -12 12 -14 -15 -16 16 -18 -19 19 20 -22 22 28 -25 25 -27 -28 -29 -30 -31
leaf_value=7.1234438655539676e-07 0 2.2073093273209044e-06 0 1.4100601661772545e-05 0 -2.5079086062750078e-05 0 0 0.00019489911210573567 0 1.3536769183884188e-06 -0.00022183253953393496 0 0 0 -0.00019354546379418287 0 -4.881960906909941e-05 0 0.00023684156282934937 0 1.4387579868463191e-05 -2.6117163428921418e-05 0 0 -0.00011911982590220074 0.00010212064029853098 0.00029099295601898382 -1.1171130908343114e-05 5.5062005335580457e-05
leaf_weight=2247 48 543 170 719 21 355 67 20 92 133 205 149 46 48 104 175 27 290 266 88 42 74 180 345 60 369 167 57 1301 582
leaf_count=2247 48 543 170 719 21 355 67 20 92 133 205 149 46 48 104 175 27 290 266 88 42 74 180 345 60 369 167 57 1301 582
internal_value=0 -7.5476e-06 -5.49693e-05 5.92622e-06 3.16924e-05 1.72745e-05 4.04908e-05 0.000137459 0.000142738 -2.41104e-06 -4.42216e-05 -8.2358e-05 -0.000129677 -0.000168488 -8.95298e-05 -0.000125116 -0.000165302 4.1678e-06 1.18751e-05 6.25762e-05 0.000159035 0 -8.84178e-06 -3.95619e-05 -7.03293e-05 -9.65948e-05 3.27604e-05 0.000227084 1.36355e-06 2.93241e-05
internal_weight=8990 4145 524 4845 1331 1218 863 144 113 3514 581 376 243 197 354 250 202 2933 2643 396 130 3621 2911 848 503 429 710 77 2063 762
internal_count=8990 4145 524 4845 1331 1218 863 144 113 3514 581 376 243 197 354 250 202 2933 2643 396 130 3621 2911 848 503 429 710 77 2063 762
is_linear=0
shrinkage=0.05


Tree=129
num_leaves=31
num_cat=0
split_feature=12 200 200 191 297 46 343 77 40 51 303 249 44 63 360 368 10 36 242 214 219 255 247 301 363 37 349 293 289 20
split_gain=0.00016849 0.000418935 0.000501114 0.000769765 0.000741386 0.000763903 0.000837246 0.000375674 0.000485131 0.000721855 0.000347929 0.000432978 0.00038311 0.000335339 0.000480506 0.0003404 0.000339558 0.0003387 0.000329634 0.000459202 0.000320345 0.000320048 0.000368915 0.000355051 0.00034865 0.000316723 0.000453928 0.000313799 0.000428966 0.000383763
threshold=0.018518607442577602 0.86808639891017381 0.72852532027264216 0.22005898585750883 -0.27584471305211383 0.51458346843719494 -7.6412386894226065 1.2545779546101892 3.1848244617382688 -1.7070845762888589 1.9796269364783614 -0.31498198134616023 2.3124986489613852 -0.12178035577138259 0.56073979065851187 69.622530463213806 0.71952613194783532 0.8178276618321737 -0.2397196579544438 -0.47173748708046653 -0.082123289374261291 0.48965190154689658 1.1366761704905883 0.141268302996953 -0.23488394881518829 2.9618336359659838 4.6622330347696943 3.7238663236300158 -2.0751906236012769 2.4145673910776777
decision_type=2 8 10 10 10 2 10 2 2 2 10 10 2 2 8 2 2 2 10 10 10 8 8 10 10 2 10 10 10 2
left_child=7 2 3 4 18 6 -6 8 -1 -10 11 -9 -13 17 15 -15 20 27 -2 -20 -17 24 23 -23 -16 26 -4 28 -3 -30
right_child=1 13 25 -5 5 -7 -8 10 9 -11 -12 12 -14 14 21 16 -18 -19 19 -21 -22 22 -24 -25 -26 -27 -28 -29 29 -31
leaf_value=3.6797611279641946e-06 0 0 -3.5145300509899974e-05 1.4858611659684882e-05 0 0 -0.00012350597218664753 0 0 -0.00029900684208972568 0 0.00013089696413330491 0 0 0 0 0 0 0.00019916531432293723 0 -0.00022590373285446403 -0.00010248389338759542 2.4720159053007375e-05 0 8.2771711642720322e-05 0 -0.00029647216168688951 0 0.00020131926272253664 0
leaf_weight=4519 76 34 135 1012 105 233 501 51 21 33 85 235 38 186 57 24 64 93 55 22 68 144 485 186 277 35 44 20 114 38
leaf_count=4519 76 34 135 1012 105 233 501 51 21 33 85 235 38 186 57 24 64 93 55 22 68 144 485 186 277 35 44 20 114 38
internal_value=0 -7.72539e-06 -2.29035e-05 -1.22326e-05 -4.49086e-05 -6.58703e-05 -9.56963e-05 6.04432e-06 8.14667e-07 -0.000146093 5.22803e-05 7.8319e-05 0.000106032 8.28905e-06 0 -5.33736e-05 -0.000108142 5.66932e-05 3.73476e-05 0.00011601 -0.000170407 1.40461e-05 0 -4.35423e-05 5.54385e-05 -9.9425e-05 -0.000127429 9.36637e-05 0.00011803 0.000155229
internal_weight=8990 4008 2218 2004 992 839 606 4982 4573 54 409 324 273 1790 1491 342 156 299 153 77 92 1149 815 330 334 214 179 206 186 152
internal_count=8990 4008 2218 2004 992 839 606 4982 4573 54 409 324 273 1790 1491 342 156 299 153 77 92 1149 815 330 334 214 179 206 186 152
is_linear=0
shrinkage=0.05


Tree=130
num_leaves=31
num_cat=0
split_feature=236 210 58 64 268 273 321 64 357 19 329 290 3 294 68 269 214 348 84 358 228 49 341 352 243 307 363 39 56 90
split_gain=0.000157892 0.000553184 0.000438226 0.000505403 0.000483853 0.000434011 0.000406288 0.000488057 0.000366673 0.000368554 0.000351541 0.000289512 0.000468869 0.000411428 0.000356383 0.000264149 0.000252528 0.000331083 0.000316884 0.000244104 0.000242401 0.000510185 0.000465737 0.000913374 0.000418212 0.000380365 0.000338294 0.000325753 0.000378719 0.000437249
threshold=-1.4171626051538035 -1.4098587071734328 -1.7704634666442869 -1.6700282096862791 -1.0305951231852453 -0.91565717664364288 -0.027047825529921948 -6.3351068496704093 -1.8331336010874393 -2.1634953816731763 -0.55985224246978749 -3.6301725705464678 -3.1444142858187352 -0.38922154903411893 0.03885491192340846 -0.74587201712721762 -1.4117617049487083 -8.245309194021554e-07 -0.70666456222534169 -4.7584280372617425 -1.050339851357202 -8.5422274271647112 -2.6629739105701433 -0.32118942836920411 -0.36335840159607596 -1.337802426461687 -0.1760870639394588 -3.9959939320882154 0.83220368127028144 0.00066127874500425008
decision_type=10 10 2 2 10 10 10 2 10 2 10 10 2 10 2 10 10 10 2 10 10 2 10 10 10 10 10 2 2 2
left_child=1 5 3 4 -2 11 7 -3 -5 -10 -6 12 -1 15 19 -13 -9 18 -18 -14 24 -22 23 -23 -4 -24 -27 -26 29 -29
right_child=2 6 20 8 10 -7 -8 16 9 -11 -12 13 14 -15 -16 -17 17 -19 -20 -21 21 22 25 -25 27 26 -28 28 -30 -31
leaf_value=-8.3418977887252175e-06 0 0 0 -0.00019238620008204889 0 0.00021687989587319524 0 0 0 0.00015102739547424694 0.00028517245591831833 -0.00018362975242655291 0 0 0 0 0 0 -0.00022793546636887442 0.00021579287794394175 0.0001002751422137149 0 3.5528699872212169e-05 -0.00030720532990132984 0 -1.9172073604724351e-05 6.1376800134033037e-06 0 0 -0.00022713109446624187
leaf_weight=34 61 181 659 23 34 25 105 52 28 43 55 58 22 127 21 24 23 27 118 67 133 37 782 36 20 1892 4140 48 29 86
leaf_count=34 61 181 659 23 34 25 105 52 28 43 55 58 22 127 21 24 23 27 118 67 133 37 782 36 20 1892 4140 48 29 86
internal_value=0 -2.02175e-05 2.02857e-06 6.80062e-05 0.000126249 1.59009e-05 -5.70765e-05 -8.15038e-05 0 2.9457e-05 0.000201065 0 5.61052e-05 -3.59461e-05 0.000121428 -0.000125774 -0.00013285 -0.000163904 -0.000194605 0.000167987 0 3.02079e-06 4.1522e-07 -0.000123974 -2.53685e-05 2.4834e-06 -9.72277e-07 -9.31127e-05 -0.000121352 -0.000158023
internal_weight=8990 884 8106 244 150 378 506 401 94 71 89 353 144 209 110 82 220 168 141 89 7862 7020 6887 73 842 6814 6032 183 163 134
internal_count=8990 884 8106 244 150 378 506 401 94 71 89 353 144 209 110 82 220 168 141 89 7862 7020 6887 73 842 6814 6032 183 163 134
is_linear=0
shrinkage=0.05


Tree=131
num_leaves=31
num_cat=0
split_feature=251 279 323 196 361 347 377 341 305 54 220 229 327 289 350 93 47 34 334 207 354 25 69 25 87 14 352 339 209 361
split_gain=0.000163588 0.000317008 0.000544186 0.00044863 0.000464398 0.000350091 0.000254215 0.000276418 0.000558739 0.000225545 0.000414901 0.000497686 0.000390709 0.000453857 0.000334546 0.00042143 0.000399895 0.000315346 0.000409476 0.000275638 0.000378497 0.000269709 0.000331691 0.000242923 0.000182749 0.000119856 0.000174583 0.000119616 0.000156742 0.000142598
threshold=1.6742480018749757 2.2538544218884833 2.2533885041872663 1.8479543707310604 0.66657657260461556 1.6436313390731814 0.047580736566420458 2.0289423863093066 2.1007737067499876 2.0605446497599291 1.1203728690417465 1.4866580679281303 1.0039765288432443 1.4875890811284385 16.196388085683193 5.2248106002807626 0.58783672253290831 1.072386185328166 -0.51884865055970908 0.041804728561027057 1.591179650612786 0.25349569103370101 1.2483243147532148 0.19717430540670947 0.97089930375417077 0.0059522561108072509 0.0037403081854184002 0.80758812997027973 -0.38712998810097926 1.4119473416773218
decision_type=8 10 10 10 10 10 2 10 10 2 10 10 10 10 10 2 2 2 10 10 10 2 2 2 2 2 8 10 10 10
left_child=1 9 -3 4 -4 -6 24 -8 -9 10 11 14 13 -13 15 -1 -16 18 -11 -12 23 22 -20 -21 25 -2 -27 28 -26 -30
right_child=6 2 3 -5 5 -7 7 8 -10 17 19 12 -14 -15 16 -17 -18 -19 21 20 -22 -23 -24 -25 27 26 -28 -29 29 -31
leaf_value=0 0 0 0 0 0 0.00027979580415313639 -1.2078376425139898e-07 -0.00027516527134537641 0 2.0375495543412738e-05 0 0 0 -0.00020213763069327207 0 -0.00018813638701150039 7.8992233491879211e-05 7.224514936371424e-06 -0.0001151154515019385 0.00012929162240930855 0 0 0 0 0 -0.00019286502764847375 0 0 0.0001474528863765346 0
leaf_weight=5837 39 132 25 37 23 68 202 41 45 85 197 57 46 82 129 30 293 272 285 199 252 64 195 137 24 25 20 63 60 26
leaf_count=5837 39 132 25 37 23 68 202 41 45 85 197 57 46 82 129 30 293 272 285 199 252 64 195 137 24 25 20 63 60 26
internal_value=0 1.55694e-06 5.34004e-05 0.000119148 0.000168467 0.000221164 -2.66966e-05 -5.96192e-05 -0.000141137 0 2.67297e-06 -7.39954e-07 -8.19521e-05 -0.00012633 8.55258e-07 -1.4196e-06 4.43207e-05 -2.38368e-05 -4.52156e-05 3.71849e-05 5.4933e-05 -6.46555e-05 -7.83712e-05 8.99752e-05 0 -4.84659e-05 -0.000104996 3.87057e-05 7.1214e-05 0.000105053
internal_weight=8990 8445 285 153 116 91 545 288 86 8160 7259 6474 185 139 6289 5867 422 901 629 785 588 544 480 336 257 84 45 173 110 86
internal_count=8990 8445 285 153 116 91 545 288 86 8160 7259 6474 185 139 6289 5867 422 901 629 785 588 544 480 336 257 84 45 173 110 86
is_linear=0
shrinkage=0.05


Tree=132
num_leaves=31
num_cat=0
split_feature=238 307 306 212 335 369 317 76 346 197 329 350 234 5 275 286 307 199 61 319 38 333 363 35 222 287 19 215 223 351
split_gain=0.000167364 0.000629259 0.000395289 0.000359833 0.000405989 0.000569892 0.000406254 0.000328665 0.000370415 0.000475695 0.00034564 0.000634381 0.000553616 0.000740193 0.000376241 0.00061628 0.000676304 0.000468216 0.000585135 0.000377948 0.00031556 0.000271743 0.000457662 0.000358471 0.000409371 0.000442326 0.000322987 0.000594608 0.000281085 0.000320702
threshold=0.58450738114537404 2.0618725301397647 4.1808747305188438 -0.43411795845188944 0.61673828450324197 76.936595383015188 -0.76020644712502483 6.8244190216064462 -0.53064727783203103 0.52305245230791464 0.30551547805468249 -0.28734842936197919 -0.31299782843458585 2.0271677970886235 0.08471812906371036 -0.015258856893827449 -1.1196827897230035 0.014646005723174552 1.0517475605010989 0.89184640673752735 1.4095667203267417 1.5231448293700882 1.649404391022657 1.1108270883560183 -0.15551532150828912 0.043587042639652802 11.630765914916994 1.406423760810467 1.5190027878683596 4.2173089981079128
decision_type=8 8 10 8 10 2 10 2 10 10 10 10 10 2 10 10 10 10 2 10 2 8 10 2 10 10 2 10 8 10
left_child=1 7 20 4 5 -2 -7 10 -9 -10 14 12 -12 -14 17 16 -16 18 -1 -19 -3 22 26 24 -24 -26 -5 -28 29 -23
right_child=3 2 -4 21 -6 6 -8 8 9 -11 11 -13 13 -15 15 -17 -18 19 -20 -21 -22 28 23 -25 25 -27 27 -29 -30 -31
leaf_value=-2.6120829926043627e-06 0 0 0 0 0 0 -0.00035387426562986349 0 0.00017809763022212579 0 0 0 -0.00027167501289001656 0 0 0 0.00012215623230833753 -6.9873438325056928e-05 0.00010687017537157334 1.5667605582605112e-06 0.00012335411343921253 -2.4753048196418263e-05 0 0 0.00016019618396107455 0 -0.00032363772704118517 0 0 -0.00019537817237765659
leaf_weight=3315 37 51 38 758 94 44 37 63 92 47 41 396 77 37 209 936 272 458 126 100 227 625 34 133 167 47 22 23 440 44
leaf_count=3315 37 51 38 758 94 44 37 63 92 47 41 396 77 37 209 936 272 458 126 100 227 625 34 133 167 47 22 23 440 44
internal_value=0 4.03027e-06 7.28696e-05 -1.11792e-05 -7.49221e-05 -0.000136658 -0.000211573 0 6.31525e-05 0.000111588 -1.61896e-06 -3.9734e-05 -0.000125838 -0.000183454 1.33618e-06 2.41846e-05 7.01804e-05 -5.51003e-06 0 -4.81136e-05 9.79236e-05 -3.10235e-06 1.08531e-05 5.75644e-05 9.32855e-05 0.000121919 -5.08851e-06 -0.000135518 -2.25094e-05 -4.34753e-05
internal_weight=8990 6485 316 2505 212 118 81 6169 202 139 5967 551 155 114 5416 1417 481 3999 3441 558 278 2293 1184 381 248 214 803 45 1109 669
internal_count=8990 6485 316 2505 212 118 81 6169 202 139 5967 551 155 114 5416 1417 481 3999 3441 558 278 2293 1184 381 248 214 803 45 1109 669
is_linear=0
shrinkage=0.05


Tree=133
num_leaves=31
num_cat=0
split_feature=222 250 76 188 370 67 260 33 346 250 31 29 216 238 6 376 376 259 54 281 247 239 247 220 31 231 224 305 333 73
split_gain=0.000156969 0.00030332 0.000268872 0.000627813 0.000658529 0.000496232 0.000434899 0.00053341 0.000366477 0.000318438 0.000671171 0.000475891 0.000385222 0.000312068 0.000375858 0.000308743 0.000290149 0.000342506 0.000336049 0.000289897 0.000274741 0.000264036 0.000467627 0.00028911 0.000303182 0.00026138 0.000583178 0.000418719 0.000632087 0.000300362
threshold=1.7413039143132576 1.4093551820177384 5.3061849276224775 0.59350546019876871 0.88908074595965425 2.7130680084228525 -0.056292078941689437 -1.7441561222076414 -1.1203025976816812 0.61368118380271441 1.165030360221863 1.2412589788436892 2.1022697339921099 0.58450738114537404 2.6461064020792651 0.099684811817339708 0.073777731254623072 1.1858213935163071 0.062771469509849465 1.8867143947400813 1.5078701906415275 0.42035559500317127 1.4778235545162512 1.1023729540736671 0.2479248444239299 0.49031206005388034 0.43218642586290518 -1.2846610714117745 0.95853464995217375 1.7775145371754968
decision_type=8 8 2 10 2 2 10 2 10 10 2 2 10 10 2 2 2 10 2 10 10 10 10 10 2 10 10 10 10 2
left_child=2 21 5 4 6 25 -4 -8 -9 10 11 -5 13 -11 -15 -12 17 18 -7 -14 -20 -2 23 24 -23 26 -1 -28 -29 -27
right_child=1 -3 3 9 -6 16 7 8 -10 12 15 -13 19 14 -16 -17 -18 -19 20 -21 -22 22 -24 -25 -26 29 27 28 -30 -31
leaf_value=1.1878708914143834e-06 0 0 0 3.6268997630115602e-05 0 0 0 0 0.00028506221057156202 0 0.00020112011313589228 -0.0001502372082499516 0.00010474539815904805 -0.00012416217475725948 0 0 0 0 -0.0002274359585028073 0 0 0 0 0 -0.0002384004207570948 3.3455718004412677e-05 2.2687900187154833e-05 -0.00010040091735499958 0 0
leaf_weight=4271 114 297 31 79 151 24 20 21 89 55 72 48 72 191 50 28 80 50 84 30 27 21 108 67 78 1164 81 411 212 964
leaf_count=4271 114 297 31 79 151 24 20 21 89 55 72 48 72 191 50 28 80 50 84 30 27 21 108 67 78 1164 81 411 212 964
internal_value=0 -2.32584e-05 1.62066e-06 2.70857e-05 8.50396e-05 -9.39498e-07 0.000155658 0.000195856 0.000239666 0 4.53282e-05 0 -2.87688e-05 -6.43527e-05 -9.12242e-05 0.000146369 -6.84372e-05 -0.000103086 -0.00014456 2.54846e-05 -0.000181587 -5.39333e-05 -8.07887e-05 -0.00013345 -0.000192724 8.7573e-07 -4.63415e-06 -4.70514e-05 -6.41452e-05 1.61063e-05
internal_weight=8990 685 8305 937 312 7368 161 130 110 625 227 127 398 296 241 100 265 185 135 102 111 388 274 166 99 7103 4975 704 623 2128
internal_count=8990 685 8305 937 312 7368 161 130 110 625 227 127 398 296 241 100 265 185 135 102 111 388 274 166 99 7103 4975 704 623 2128
is_linear=0
shrinkage=0.05


Tree=134
num_leaves=31
num_cat=0
split_feature=251 195 19 250 348 262 298 207 213 75 329 207 257 376 243 188 72 357 292 363 10 377 10 341 219 282 375 31 251 231
split_gain=0.000153648 0.000293699 0.000510684 0.000797155 0.000529349 0.000696833 0.000373556 0.000360052 0.00106884 0.000648273 0.000344892 0.000279028 0.000505082 0.000479137 0.000377211 0.00055112 0.000512638 0.000501748 0.000375788 0.000336991 0.000294192 0.000236515 0.000271479 0.00042553 0.000314681 0.000211849 0.000210245 0.000274931 0.000240688 0.000201896
threshold=1.6742480018749757 1.132155625776113 3.9968640009562182 1.1840529407915585 0.87922630707422911 1.6576964320154397 0.047239606579144701 2.358420496683499 0.86073698330968396 0.74036383628845226 0.86931931972503684 1.3984593645294845 0.36699171169698758 0.093914722564566969 0.59177234400760759 0.40059841990096662 2.9810983339945478 1.7668699395187366 7.0321613152821865 -0.98489066807177061 0.17025082310040793 0.047580736566420458 0.59722237785657251 2.1338794827461247 1.5095836908579836 0.46028423309326177 1.2345629578402553 1.5961099813381832 0.86385695574792887 -1.2085101425369287
decision_type=8 10 2 10 10 10 10 10 10 2 10 10 10 2 10 10 2 10 10 10 2 2 2 10 10 10 2 2 10 10
left_child=1 7 6 4 -4 10 29 11 9 -9 -6 14 13 19 15 18 17 -16 -1 -13 -17 -2 -23 -24 -25 -18 -5 28 -28 -3
right_child=21 2 3 26 5 -7 -8 8 -10 -11 -12 12 -14 -15 16 20 25 -19 -20 -21 -22 22 23 24 -26 -27 27 -29 -30 -31
leaf_value=3.6414889015383753e-07 0 0 0 -7.2980352655009181e-05 0.00030364195404117408 0 -4.0130103096788739e-05 0 0 -0.0004303512472520148 0 0 0 0 -6.3508777665540812e-05 0 4.4454230365284037e-05 4.2935821719339577e-06 -6.2895683203498427e-05 0.00022279723945732748 6.1906499394937702e-05 0 0 -0.00030655893542668269 0 -1.2897726076520382e-05 0 0 0.00014525276283481383 7.1365453478461412e-05
leaf_weight=4597 257 21 40 55 86 31 311 22 64 28 22 27 171 21 837 167 283 213 241 80 564 109 119 37 23 180 72 56 72 184
leaf_count=4597 257 21 40 55 86 31 311 22 64 28 22 27 171 21 837 167 283 213 241 80 564 109 119 37 23 180 72 56 72 184
internal_value=0 1.46128e-06 2.79271e-05 6.81765e-05 0.000149643 0.000195822 0 -1.22652e-06 -8.93744e-05 -0.000267445 0.000255848 0 4.7436e-05 0.000122927 -1.86151e-06 3.37626e-06 -2.44439e-05 -4.4994e-05 -1.75485e-06 0.000171051 4.41703e-05 -2.59151e-05 -5.7646e-05 -9.5577e-05 -0.000211951 1.13628e-05 0 3.40607e-05 7.98798e-05 4.59414e-05
internal_weight=8990 8445 950 434 179 139 516 7495 114 50 108 7381 299 128 7082 5569 1513 1050 4838 107 731 545 288 179 60 463 255 200 144 205
internal_count=8990 8445 950 434 179 139 516 7495 114 50 108 7381 299 128 7082 5569 1513 1050 4838 107 731 545 288 179 60 463 255 200 144 205
is_linear=0
shrinkage=0.05


Tree=135
num_leaves=31
num_cat=0
split_feature=348 48 368 322 40 20 75 64 51 41 227 192 358 61 350 66 19 362 325 47 367 38 34 72 213 248 220 292 207 211
split_gain=0.000152365 0.000255572 0.000489997 0.000401503 0.000831456 0.000231101 0.00071766 0.00102768 0.000764532 0.00137041 0.000496531 0.000436599 0.00056927 0.000284852 0.00026055 0.000415296 0.000406191 0.000562872 0.000428888 0.000469882 0.000410292 0.00030225 0.000471102 0.000262138 0.000251292 0.000531094 0.000397135 0.00011621 0.000103699 9.93644e-05
threshold=-21.390256881713864 -17.046490987141926 60.96040218125578 -0.63446279366811098 -1.4983802636464436 -2.9439064661661782 0.71053949991861998 -3.8913695017496739 -1.759379704793294 -2.1688954830169673 -0.32370317731494852 -1.7757921745588379 -2.5237680393738988 0.78126549720764171 -9.3015855153401663 -2.8085026741027832 6.0762103398640965 1.3613883146898444 -0.5762545267740885 0.61248324314753222 -1.6154107033807605 -1.0820732116699217 -0.071209467947482993 -0.39632756511370332 -0.19744775920192273 0.32598721562665717 0.0077691479915220005 -8.1244190533955862 -0.53150570800486041 -0.77971784883175232
decision_type=10 2 2 10 2 2 2 2 2 2 10 10 10 2 10 2 2 10 10 2 2 2 2 2 10 10 10 8 10 10
left_child=27 2 -2 -4 -5 6 7 11 13 -10 -8 -3 -13 -9 16 21 18 20 19 -7 -18 28 -23 -20 26 -26 -17 29 -16 -1
right_child=1 5 3 4 -6 14 10 8 9 -11 -12 12 -14 -15 15 24 17 -19 23 -21 -22 22 -24 -25 25 -27 -28 -29 -30 -31
leaf_value=0.00011461716026199029 0 0 0 -0.00049667519384610521 0 -0.00011766133548832833 0 -5.0025220028852244e-05 0 -0.00038687548193462547 0.00035718827420560596 0.000286272422010803 0 0.00010599268494770675 1.4274667906757688e-05 0 0 0 -1.3995795894960652e-05 0 -0.00027785358275924749 -1.0717426463389004e-06 8.0742226453557871e-05 3.319323146150165e-05 2.8614531348230695e-05 -8.1257271397621537e-06 -5.4498685880874108e-05 0 -4.7515290005107631e-05 0
leaf_weight=69 49 35 43 20 21 173 40 82 22 41 28 52 26 45 152 1120 22 26 596 294 51 104 456 497 1469 2709 535 91 101 21
leaf_count=69 49 35 43 20 21 173 40 82 22 41 28 52 26 45 152 1120 22 26 596 294 51 104 456 497 1469 2709 535 91 101 21
internal_value=0 -1.17072e-06 -6.99362e-05 -0.000149354 -0.000264702 0 3.84844e-05 0 -6.5444e-05 -0.000207831 0.000185517 0.000124569 0.000190911 0 -1.84056e-06 1.90888e-06 -1.98738e-05 -0.000123526 -1.00834e-05 -5.11425e-05 -0.00019984 3.57672e-05 5.66237e-05 2.88854e-06 -1.95363e-06 3.59594e-06 -1.89837e-05 4.51293e-05 0 8.5546e-05
internal_weight=8990 8809 133 84 41 8676 371 303 190 63 68 113 78 127 8305 6646 1659 99 1560 467 73 813 560 1093 5833 4178 1655 181 253 90
internal_count=8990 8809 133 84 41 8676 371 303 190 63 68 113 78 127 8305 6646 1659 99 1560 467 73 813 560 1093 5833 4178 1655 181 253 90
is_linear=0
shrinkage=0.05


Tree=136
num_leaves=31
num_cat=0
split_feature=221 276 238 260 350 228 332 208 364 202 40 201 38 12 333 192 75 220 341 309 366 275 367 68 217 221 75 278 87 36
split_gain=0.000153641 0.000224732 0.000355852 0.000393286 0.000382189 0.000313899 0.000516783 0.000267499 0.000784032 0.000711699 0.000399076 0.00035784 0.000316133 0.000284412 0.00026227 0.000278515 0.000389525 0.000216469 0.000211755 0.000189463 0.000317718 0.000239622 0.000184689 0.00021424 0.000151774 0.000132086 0.000225999 0.00026689 0.000158126 0.000130327
threshold=2.4680787375009032 1.4508346334598639 1.6068396110280514 0.41889957073459733 10.575174649556478 2.0814994556356585 1.8908584632327983 -0.41385354188344042 -0.14072369530012852 -0.54777327504878304 -3.4258087476094556 -0.52251606084722946 -1.7698490619659422 0.36611258548994846 2.634252978509124 1.9910143656507111 0.84778149922688806 1.742710651246324 2.3870820204416918 -0.23188144926904566 -2.2769363595476286 2.3575504729457291 -1.8153928778504762 0.76365440090497338 0.3191804692377907 0.79113687565696478 0.77193959554036462 2.0528903398362393 1.9544101556142175 0.9540597597757976
decision_type=10 10 10 10 10 10 8 8 10 10 2 10 2 2 10 10 2 10 10 10 2 10 2 2 10 10 2 10 2 2
left_child=1 2 5 4 -4 7 -7 8 11 -10 12 -1 -9 -12 15 16 29 -18 19 -2 -21 22 -22 -24 -8 28 -27 -28 -5 -3
right_child=18 14 3 25 -6 6 24 10 9 -11 13 -13 -14 -15 -16 -17 17 -19 -20 20 21 -23 23 -25 -26 26 27 -29 -30 -31
leaf_value=1.4536766290838745e-05 0 5.293823955147163e-05 0 0.00011491981924772181 -0.00027990528995718115 0 0 0 0 0.00011945168006883066 0 -2.5015621421558048e-05 -0.00015701702231071598 -4.2993002079405509e-05 0 0 0.00014086300715236729 0 0 0 0 0 -0.00023877007405508478 0 0.00026856679454837759 0 -0.00015267776338568896 0 0 -3.9692953676163219e-05
leaf_weight=1556 38 79 37 35 36 60 20 49 178 288 4121 904 81 431 252 50 173 32 80 30 27 47 66 62 34 44 64 20 30 66
leaf_count=1556 38 79 37 35 36 60 20 49 178 288 4121 904 81 431 252 50 173 32 80 30 27 47 66 62 34 44 64 20 30 66
internal_value=0 1.04186e-06 -6.55973e-07 -5.78208e-05 -0.000160064 6.66418e-07 8.3113e-05 0 1.12675e-05 7.07269e-05 -7.96798e-06 0 -9.64049e-05 -4.34186e-06 2.95073e-05 5.52978e-05 7.40499e-05 0.000118777 -3.27159e-05 -5.7856e-05 -7.7046e-05 -0.00010367 -0.000133666 -0.000158861 0.000196086 0 -4.52231e-05 -9.91628e-05 3.23751e-05 0
internal_weight=8990 8640 7988 266 73 7722 114 7608 2926 466 4682 2460 130 4552 652 400 350 205 350 270 232 202 155 128 54 193 128 84 65 145
internal_count=8990 8640 7988 266 73 7722 114 7608 2926 466 4682 2460 130 4552 652 400 350 205 350 270 232 202 155 128 54 193 128 84 65 145
is_linear=0
shrinkage=0.05


Tree=137
num_leaves=31
num_cat=0
split_feature=191 50 250 218 263 193 79 350 245 0 292 274 76 316 10 285 218 188 361 75 201 316 263 292 354 234 77 218 191 352
split_gain=0.000149021 0.000291421 0.000432601 0.000353676 0.000212382 0.000208895 0.000206413 0.000196135 0.000364314 0.000634166 0.000920643 0.000746476 0.000369676 0.000349127 0.00034757 0.000347384 0.000383472 0.000319626 0.00031123 0.000293213 0.00035351 0.000233708 0.000383975 0.000198774 0.000335751 0.00022277 0.000184117 0.000181744 0.000341611 0.000159979
threshold=2.2583293612168927 16.393929799397792 0.78562521155922271 1.8001901722903881 2.1868168746321515 1.1597886584506307 7.2628396352132176 14.941471099853517 0.29436080761395272 0.50338880221048998 7.0321613152821865 -0.45101453048868329 3.3147819836934418 0.50270578681369638 0.84660768508911144 0.17254847846925245 1.8878743637114581 1.1416800768077702 1.1111055713255462 2.0294336477915453 -0.75044633965817098 1.0308470157180312 -0.23151307056560771 12.874939600626631 3.8480156765459701 0.59824226087412258 1.0334353049596152 0.29805232554115735 0.20771560787171392 0.072868347167968653
decision_type=10 2 10 10 10 10 2 8 8 2 10 10 2 8 2 10 10 10 10 2 10 10 10 10 10 10 2 8 8 10
left_child=1 7 3 -3 5 -2 -7 8 9 10 12 -12 -1 19 18 16 21 -18 -11 20 -10 22 -9 -17 25 -25 -23 29 -29 -15
right_child=4 2 -4 -5 -6 6 -8 15 13 14 11 -13 -14 27 -16 23 17 -19 -20 -21 -22 26 -24 24 -26 -27 -28 28 -30 -31
leaf_value=0 0 0 0 -0.00029988944208701187 0 0.00016955369462067144 0 0 6.3451289651517672e-08 0.00010602149145011629 0 -0.00015603711430212583 8.1027589779225913e-05 0 0 0 0.00027467935033099994 0 0 0 -6.7061003426771779e-05 -7.5615393402137716e-05 8.5080489073279561e-05 0 0 -0.00024127239829001054 8.1066760551242444e-06 -6.1113597251330229e-05 0 4.9934679252391469e-05
leaf_weight=4059 51 21 94 30 32 67 20 123 74 294 70 170 146 283 203 309 36 31 105 220 752 78 254 20 20 33 209 293 647 246
leaf_count=4059 51 21 94 30 32 67 20 123 74 294 70 170 146 283 203 309 36 31 105 220 752 78 254 20 20 33 209 293 647 246
internal_value=0 -1.20261e-06 -7.1477e-05 -0.000188869 4.59914e-05 8.03122e-05 0.000127368 0 -2.91155e-06 4.0353e-06 -1.40315e-06 -9.73479e-05 2.88604e-06 -1.88398e-05 5.24891e-05 1.95684e-05 4.15323e-05 0.000169361 7.95844e-05 -4.10818e-05 -5.49956e-05 2.10814e-05 4.82913e-05 -9.37625e-06 -8.51913e-05 -0.000160619 0 0 -1.59999e-05 2.0097e-05
internal_weight=8990 8820 145 51 170 138 87 8675 7562 5047 4445 240 4205 2515 602 1113 731 67 399 1046 826 664 377 382 73 53 287 1469 940 529
internal_count=8990 8820 145 51 170 138 87 8675 7562 5047 4445 240 4205 2515 602 1113 731 67 399 1046 826 664 377 382 73 53 287 1469 940 529
is_linear=0
shrinkage=0.05


Tree=138
num_leaves=31
num_cat=0
split_feature=53 58 354 34 54 32 256 218 346 192 265 300 6 88 54 86 345 192 52 243 25 63 10 348 78 276 366 195 274 219
split_gain=0.0001529 0.000390751 0.000398892 0.00044292 0.00062495 0.000366058 0.000465835 0.000332377 0.000550412 0.0003005 0.000931882 0.000397484 0.000350007 0.000253205 0.000297078 0.000466554 0.000458578 0.000508179 0.000282513 0.00052919 0.000464874 0.000465444 0.000364046 0.000329429 0.000264788 0.000316968 0.000263915 0.00025689 0.000225096 0.000221482
threshold=-6.2718078295389796 -1.2684655189514158 -2.7106277417086555 -0.18296406666437781 0.53313676516215025 0.54202616214752208 -1.5487347609642996 -0.14546306770614828 -0.85963060458501162 -0.67733547467044497 -0.54116940882744469 -2.2061156431833897 -0.71101359526316321 -1.0290534496307371 -0.85861965020497633 1.0000000180025095e-35 -0.97672901550928748 -1.2765272913044783 -0.26128832499186189 -0.029924103548961547 -0.0038010336769123496 0.037644942601521757 0.66419708728790294 -2.9315572778383889 -0.73823511600494374 -1.4939571185881757 -0.31840735858845431 -0.025531992130860947 -0.75721192728228492 -0.48357569811342077
decision_type=2 2 10 2 2 2 10 10 10 10 10 10 2 2 2 2 10 10 2 10 2 2 2 10 2 10 2 10 10 10
left_child=9 2 -2 -4 5 6 -5 8 -6 10 29 -12 28 24 15 16 17 -15 19 22 21 -20 -16 -22 -3 26 -26 -21 -11 -1
right_child=1 13 3 4 7 -7 -8 -9 -10 12 11 -13 -14 14 18 -17 -18 -19 20 27 23 -23 -24 -25 25 -27 -28 -29 -30 -31
leaf_value=1.6137967482690881e-06 0 0 0 0 1.0410598302792462e-05 0 0.00024960241587419031 0.00015155511327948873 -0.00018351022581576901 0 -0.00033857601843260998 0 0 0 8.558182712656729e-05 0 0 -0.00015187496879444902 0 -5.3109548696765631e-05 3.8375519953715884e-05 -8.9733603268845905e-05 0 -3.1702374844903264e-06 0.00016930930180007403 0 0 1.6856060337911018e-05 0.00022023904599231394 -8.4985629961180877e-05
leaf_weight=259 119 168 69 21 55 22 108 34 42 20 38 22 21 92 387 436 111 191 343 210 527 300 132 4710 93 92 38 222 31 77
leaf_count=259 119 168 69 21 55 22 108 34 42 20 38 22 21 92 387 436 111 191 343 210 527 300 132 4710 93 92 38 222 31 77
internal_value=0 1.31718e-06 4.58473e-05 7.51978e-05 0.000104704 0.000175521 0.000207717 0 -2.21643e-05 -2.80181e-05 -5.14363e-05 -0.000236933 3.13266e-05 -6.61651e-07 -3.27046e-06 -3.15185e-05 -7.10779e-05 -0.000105274 0 2.54415e-05 -3.92666e-06 -4.41374e-05 6.08978e-05 5.64436e-08 3.76569e-05 7.38445e-05 0.00012379 -5.58802e-06 0.000136045 -3.37476e-06
internal_weight=8990 8522 470 351 282 151 129 131 97 468 396 60 72 8052 7661 830 394 283 6831 951 5880 643 519 5237 391 223 131 432 51 336
internal_count=8990 8522 470 351 282 151 129 131 97 468 396 60 72 8052 7661 830 394 283 6831 951 5880 643 519 5237 391 223 131 432 51 336
is_linear=0
shrinkage=0.05


Tree=139
num_leaves=31
num_cat=0
split_feature=228 243 210 216 191 68 223 334 334 90 12 44 306 275 5 321 200 366 264 360 46 41 313 84 58 264 73 37 258 354
split_gain=0.000145914 0.000436589 0.000407145 0.000688647 0.0004473 0.000244648 0.000282216 0.000283328 0.000436924 0.000309718 0.000237779 0.000445188 0.000639639 0.000568635 0.000459163 0.000466946 0.000442795 0.000520282 0.000438229 0.000443164 0.000388244 0.000666108 0.000542711 0.000470348 0.000287948 0.000284719 0.000343583 0.000336568 0.000273358 0.000309656
threshold=-1.050339851357202 -0.56044635230414008 -1.9980206120475035 -0.028905883942054397 -0.26858934063597922 0.7030005455017091 -2.1949715365893918 -1.9575956740447964 0.22437432092707632 -0.17464943726857499 0.018518607442577602 -0.073205232620239188 0.19828869885064812 -0.19600896308906388 -0.28133118152618403 0.15164016169783742 0.84871436318369098 2.1482817834073007 -0.93645777565803712 1.1325044385237217 0.11397648851076762 0.17464012900988257 -1.4955704094407525 0.01954707937935975 -2.6294901470343262 -0.54580092519001144 -1.1542791525522866 -0.38147771358489962 0.26825973849156809 0.59175559980841419
decision_type=10 10 10 10 10 2 10 10 10 2 2 2 10 10 2 10 10 2 10 10 2 2 10 2 2 10 2 2 10 10
left_child=1 -1 3 4 -2 6 -3 -8 9 -9 20 13 14 25 -13 -16 17 -14 -15 -20 21 24 -23 -24 -4 27 -27 -12 -22 -30
right_child=2 5 10 -5 -6 -7 7 8 -10 -11 11 12 16 18 15 -17 -18 -19 19 -21 28 22 23 -25 -26 26 -28 -29 29 -31
leaf_value=0 0.00026382834150156246 0 0.00013520682123509034 -4.2278147761984639e-06 0 0 0 0 0 -0.00024119757459304455 -0.00011620785777721255 -6.467219890155409e-06 -5.0897011499700745e-05 0 0.00010774811804542296 0 2.1643917713356032e-06 3.5770256729094707e-05 -0.00022269680432634656 0 8.1760497346036113e-06 -0.00029358941485916809 2.8990750635257404e-05 -9.6671569220833524e-05 0 0.00011367936153857908 0 0 9.5678026229796033e-05 5.1286455296214763e-07
leaf_weight=1122 56 30 42 26 44 68 56 22 35 91 99 192 1035 22 297 247 1447 138 100 27 1151 33 83 133 1648 83 40 45 295 283
leaf_count=1122 56 30 42 26 44 68 56 22 35 91 99 192 1035 22 297 247 1447 138 100 27 1151 33 83 133 1648 83 40 45 295 283
internal_value=0 -1.49033e-05 2.53131e-06 9.19203e-05 0.000166848 -6.82639e-05 -9.28774e-05 -0.000115546 -0.000152256 -0.000200035 3.44218e-07 -7.7476e-06 -1.84162e-07 -5.67331e-05 3.93879e-05 6.47598e-05 -1.321e-05 -3.64365e-05 -0.000136077 -0.000174189 1.00286e-05 -3.09705e-06 -8.09942e-05 -2.52562e-05 5.42581e-06 0 4.17861e-05 -5.87195e-05 2.76394e-05 5.77405e-05
internal_weight=8990 1424 7566 126 100 302 234 204 148 113 7440 3772 3356 416 736 544 2620 1173 149 127 3668 1939 249 216 1690 267 123 144 1729 578
internal_count=8990 1424 7566 126 100 302 234 204 148 113 7440 3772 3356 416 736 544 2620 1173 149 127 3668 1939 249 216 1690 267 123 144 1729 578
is_linear=0
shrinkage=0.05


Tree=140
num_leaves=31
num_cat=0
split_feature=249 245 64 285 303 280 351 93 324 295 77 37 241 346 28 76 13 369 299 19 286 71 325 40 80 230 316 312 215 16
split_gain=0.000147589 0.000380891 0.000624725 0.000499626 0.000474731 0.000390304 0.000294826 0.000610721 0.000605774 0.000513864 0.00051156 0.000392247 0.000321534 0.000407619 0.000381506 0.000300162 0.000495024 0.00044752 0.000505584 0.000333812 0.000289922 0.000277355 0.000307503 0.000414918 0.000529315 0.000347761 0.000245627 0.00021977 0.000213093 0.000205905
threshold=-1.5804914792231102 -1.8294829061671993 -1.5501469771067298 -0.081021236876646585 -1.3853441335582537 -1.0808460712830403 -1.7404821713765457 0.71703088283538829 -0.28573528925577785 -2.1741464932759595 -0.86836453278859438 -1.2888082663218177 -0.94333777055562973 -6.5437836647033683 0.057134682933489458 -1.0309910774230955 -0.0042292637129623988 101.39463735828782 7.9472859848550596e-08 -1.6678934097290037 -0.11081304897864648 -3.9281693299611402 -1.3974020083745318 -3.1204048295815783 0.20722619692484537 -2.4094638736161103 -0.33892482842305138 0.3952272270570279 -1.0829497619804049 -1.9205175240834553
decision_type=10 10 2 10 10 10 10 2 10 10 2 2 10 10 2 2 2 2 10 2 10 2 10 2 2 10 10 10 10 2
left_child=21 2 3 -2 -5 -6 7 12 -9 10 -8 -12 13 -3 -15 17 20 26 -19 -18 -17 -1 -23 24 25 -24 -11 -13 -27 -4
right_child=1 6 29 4 5 -7 9 8 -10 15 11 27 -14 14 -16 16 19 18 -20 -21 -22 22 23 -25 -26 28 -28 -29 -30 -31
leaf_value=6.8770747713682603e-05 0 0 -0.00014375036506431474 0 0 0.0002795259483631593 0 0 -0.00029178589735617821 3.657005087961182e-05 0.00023382867585820287 6.1088045730631286e-05 3.0233962756065378e-05 -0.00019415130297698534 0 0 -4.6918924322935371e-05 -6.3866465431267218e-05 1.0942877972737418e-05 1.6779210152119458e-06 6.4289438642919697e-05 1.7282797611615168e-05 0 -1.4672927056788862e-05 0 -0.00029108993666240065 -2.4243850624585534e-05 0 0 0
leaf_weight=41 101 61 25 34 20 76 221 29 44 371 53 321 188 69 46 109 376 749 175 4400 487 82 20 412 24 62 227 45 27 95
leaf_count=41 101 61 25 34 20 76 221 29 44 371 53 321 188 69 46 109 376 749 175 4400 487 82 20 412 24 62 227 45 27 95
internal_value=0 1.7077e-06 5.27375e-05 0.000104722 0.000170532 0.00022742 0 -4.03994e-05 -0.000175059 1.77248e-06 4.49376e-05 7.83313e-05 0 -5.99021e-05 -0.000119764 -1.51006e-06 3.24834e-06 -2.15892e-05 -4.42877e-05 -1.10198e-06 4.64915e-05 -2.27144e-05 -3.66799e-05 -5.39734e-05 -0.000138048 -0.000188092 5.12518e-06 4.20987e-05 -0.000230386 -5.70435e-06
internal_weight=8990 8322 351 231 130 96 7971 437 73 7534 640 419 364 176 115 6894 5372 1522 924 4776 596 668 627 545 133 109 598 366 89 120
internal_count=8990 8322 351 231 130 96 7971 437 73 7534 640 419 364 176 115 6894 5372 1522 924 4776 596 668 627 545 133 109 598 366 89 120
is_linear=0
shrinkage=0.05


Tree=141
num_leaves=31
num_cat=0
split_feature=366 369 85 257 60 296 368 87 240 48 14 357 12 289 309 349 91 372 231 259 322 224 23 91 368 366 322 10 369 50
split_gain=0.000148758 0.000452908 0.000582753 0.000641436 0.000873998 0.000476205 0.000682384 0.000536557 0.000572563 0.000467465 0.000444094 0.000363485 0.000343921 0.00032606 0.000439103 0.00032291 0.000953333 0.000538722 0.000623269 0.000524468 0.000879806 0.000492542 0.000417416 0.000415009 0.000422219 0.000409536 0.000407498 0.000671286 0.00039073 0.000460432
threshold=-0.45100481288075484 142.79051540093639 -6.5258617401123038 -1.0814732400280886 -1.8280922571818032 -0.037974525863925544 94.170561160150399 1.0000000180025095e-35 -1.0696301218188584 1.200505574544271 0.037641075750191953 -1.25997690497527 0.021736606955528204 -4.1766164302825919 -0.25146844858344547 4.8301559587319698 4.3390361467997236 -0.22713311016221571 0.4985343733110072 1.7326921136072626 1.4791285097599032 1.490082516613678 0.026385646313428854 6.012413978576661 47.047656673449389 1.1535806366449004 1.1453692714373271 0.91804091135660815 149.64282815996725 -9.6772810618082659
decision_type=2 2 2 10 2 10 2 2 10 2 2 10 2 10 10 10 2 2 10 10 10 10 2 2 2 2 10 2 2 2
left_child=1 2 3 4 -1 -4 -7 8 -8 11 -11 13 -13 -3 -15 22 17 18 -17 23 21 -21 28 -18 -25 -26 27 -20 29 -2
right_child=15 9 5 -5 -6 6 7 -9 -10 10 -12 12 -14 14 -16 16 19 -19 26 20 -22 -23 -24 24 25 -27 -28 -29 -30 -31
leaf_value=0 9.8845961606698423e-05 0 4.3136001673888094e-05 0 -0.00033713031308289229 0 0 -4.9685370427864964e-07 -0.00024571933278284282 6.6485552479506708e-05 -4.6830404783334197e-06 5.5966701214303574e-05 -1.9684652053822429e-05 -0.00011501619579479769 0 -1.5707857586732172e-06 2.4404522217706102e-05 0 -0.00030161230383085017 0.0002463634166618993 0 0 3.1453167843008418e-05 0 -0.00023558956144752923 0 0 0 -3.9595015782287061e-05 -3.0786271217328496e-06
leaf_weight=49 115 139 480 67 47 911 22 174 79 796 132 378 125 185 34 156 95 138 97 79 51 27 855 26 56 27 49 57 749 2795
leaf_count=49 115 139 480 67 47 911 22 174 79 796 132 378 125 185 34 156 95 138 97 79 51 27 855 26 56 27 49 57 749 2795
internal_value=0 7.77156e-06 -7.67586e-06 -9.79449e-05 -0.000181571 0 -1.58289e-05 -8.53317e-05 -0.000181882 2.63586e-05 5.09757e-05 0 2.72281e-05 -3.86786e-05 -7.85212e-05 -5.34318e-06 -3.3459e-05 -8.06286e-05 -0.000112915 1.76386e-05 9.33874e-05 0.000183423 0 -1.61776e-05 -9.73668e-05 -0.000158583 -0.000173818 -0.000215478 -7.3484e-06 0
internal_weight=8990 3618 1829 163 96 1666 1186 275 101 1789 928 861 503 358 219 5372 858 497 359 361 157 106 4514 204 109 83 203 154 3659 2910
internal_count=8990 3618 1829 163 96 1666 1186 275 101 1789 928 861 503 358 219 5372 858 497 359 361 157 106 4514 204 109 83 203 154 3659 2910
is_linear=0
shrinkage=0.05


Tree=142
num_leaves=31
num_cat=0
split_feature=348 226 73 251 198 219 363 63 225 38 347 221 348 39 227 39 188 318 211 305 219 10 238 202 63 33 354 315 317 5
split_gain=0.000143924 0.00024533 0.000393019 0.000568865 0.000573916 0.000494783 0.00043387 0.000586036 0.000322948 0.000427176 0.000313065 0.000396253 0.000418665 0.000366106 0.000636947 0.000357661 0.000328373 0.000290874 0.000263527 0.000233992 0.000294375 0.000210634 0.000204848 0.000311476 0.000285876 0.000199024 0.000167778 0.000217854 0.000203324 0.000284486
threshold=-21.390256881713864 -1.70815394137723 -7.9688129425048819 -0.60538473481579957 -2.0769314999347919 -2.2340637491932882 -1.8474811433406657 -0.59625148773193348 -0.72469688570937152 1.6396918892860415 -2.6018592417240138 1.9368972917526388 -8.4438869158426915 -1.2307205597559607 -0.69641279212224649 -0.83091795444488514 0.2598238560742403 -1.7466954100174792 -0.34554225698388746 -1.8349396767098756 -1.2318046131486335 0.025142718106508203 -0.59428956170362002 -1.0746383408646618 1.347465515136719 -0.96889138221740712 -3.1233744440992228 -2.2754694323182019 -4.2170222596139988 -6.1957441965738917
decision_type=10 8 2 10 10 10 8 2 10 2 10 10 10 2 10 2 10 10 10 10 10 2 10 8 2 2 10 10 10 2
left_child=-1 17 3 4 -3 -6 7 8 9 -4 11 12 -8 14 -12 -15 -13 26 -7 21 -21 -5 23 -9 -24 -22 28 -28 -2 -30
right_child=1 2 6 19 5 18 10 22 -10 -11 13 16 -14 15 -16 -17 -18 -19 -20 20 25 -23 24 -25 -26 -27 27 -29 29 -31
leaf_value=4.3967019373546903e-05 0 0 -3.9037060487812417e-06 0.0001567850933103818 0 0.00020432399346980991 -8.0801379659403831e-06 0 -1.6951929495213278e-05 -0.00025030485959268714 4.4398193400264771e-06 -0.00021424767613666972 5.1634099980406923e-05 6.3600945762089535e-05 -7.1880714662554582e-05 0 0 -7.6560509029740653e-05 0 0 -0.00027155819885419193 0 -8.2747369407140713e-05 7.6535294823306188e-05 0 0 9.55256257507734e-05 0 0 -0.00016695199520978289
leaf_weight=181 36 50 88 23 27 137 236 111 242 69 382 25 935 229 481 4670 45 230 21 28 24 27 143 175 108 24 77 92 21 53
leaf_count=181 36 50 88 23 27 137 236 111 242 69 382 25 935 229 481 4670 45 230 21 28 24 27 143 175 108 24 77 92 21 53
internal_value=0 -1.05081e-06 4.25519e-07 5.18546e-05 0.000100892 0.000143806 -1.28388e-06 -3.36474e-05 -7.95391e-05 -0.000144112 2.32817e-06 2.54265e-05 3.53303e-05 -1.77928e-06 -3.23084e-05 2.57863e-06 -6.87372e-05 -3.49411e-05 0.000178986 0 -8.45277e-05 2.8694e-05 0 2.93817e-05 -3.24944e-05 -0.000163108 0 3.06555e-05 -4.86447e-05 -0.000101861
internal_weight=8990 8809 8300 361 235 185 7939 936 399 157 7003 1241 1171 5762 863 4899 70 509 158 126 76 50 537 286 251 48 279 169 110 74
internal_count=8990 8809 8300 361 235 185 7939 936 399 157 7003 1241 1171 5762 863 4899 70 509 158 126 76 50 537 286 251 48 279 169 110 74
is_linear=0
shrinkage=0.05


Tree=143
num_leaves=31
num_cat=0
split_feature=243 87 32 82 283 350 346 321 346 201 243 73 76 328 84 53 213 307 359 93 75 29 40 288 251 356 32 217 248 67
split_gain=0.00014528 0.000413037 0.00038085 0.00036948 0.000555106 0.000270867 0.000587041 0.000552539 0.000325388 0.000353274 0.000328335 0.000304528 0.000418962 0.000456161 0.000526893 0.000560267 0.000402374 0.000325961 0.000336208 0.000326492 0.00056873 0.000298201 0.000291674 0.000290013 0.000301416 0.000317972 0.000235917 0.000216508 0.000326694 0.000270855
threshold=1.6290024789977755 0.97089930375417077 0.30778318643569952 -0.21524504820505772 0.18749161561330163 15.877547899882002 3.9999193350474043 -0.61468477831682367 8.2285084724426287 0.92715138715560019 1.3611927780591591 5.8768021265665702 3.0166778564453129 0.60378317038218199 0.39495871464411419 -0.65206984678904212 -0.21707557252937701 2.0618725301397647 2.1455422459453577 1.4343749682108564 1.4960452715555828 1.0693854093551638 1.3666027386983237 1.6030833919843042 1.8083117061734 -0.65481297584701204 1.0130437612533572 2.0995165595342375 0.86875305193239016 2.0941722393035893
decision_type=8 2 2 2 8 10 10 10 10 10 10 2 2 10 2 2 10 8 10 2 2 2 2 10 10 10 2 10 10 2
left_child=5 2 -2 4 -4 11 7 -7 9 -8 22 12 17 14 15 -14 -16 19 -19 26 -21 -15 -11 24 25 -9 -1 28 -13 -30
right_child=1 -3 3 -5 -6 6 8 23 -10 10 -12 27 13 21 16 -17 -18 18 -20 20 -22 -23 -24 -25 -26 -27 -28 -29 29 -31
leaf_value=-5.9747472776176988e-06 0 0 -0.00022543064502229392 0 0 -8.9102626691674085e-06 0 0 7.2799949283469613e-05 0 0 0 0.00013549408892337607 -0.00010470962084600852 0 -3.5468714457106881e-06 0.00018857968853367964 9.0185050736640331e-05 0 -0.00013760373549357566 0 7.5987337820691413e-06 -0.000193235489404843 0 0 0.0001403458845005924 2.9951594730435132e-05 0 0 -0.00013445149205464828
leaf_weight=5172 40 726 91 33 40 69 188 35 71 39 23 177 80 69 22 255 124 187 91 125 66 83 77 25 33 295 478 45 77 154
leaf_count=5172 40 726 91 33 40 69 188 35 71 39 23 177 80 69 22 255 124 187 91 125 66 83 77 25 33 295 478 45 77 154
internal_value=0 -1.89336e-05 -8.181e-05 -0.000118855 -0.000157251 1.92204e-06 2.87066e-05 6.87929e-05 -4.76825e-06 -3.69132e-05 -9.77419e-05 -5.62824e-07 1.39008e-06 4.05244e-05 6.70547e-05 1.47665e-05 0.000152715 -1.84178e-06 4.94932e-05 -5.14186e-06 -7.03924e-05 -1.05456e-05 -0.000136074 9.54933e-05 0.000108368 0.00012329 -2.0499e-06 -4.07e-05 -5.62624e-05 -9.55197e-05
internal_weight=8990 930 204 164 131 8060 855 457 398 327 139 7205 6752 633 481 335 146 6119 278 5841 191 152 116 388 363 330 5650 453 408 231
internal_count=8990 930 204 164 131 8060 855 457 398 327 139 7205 6752 633 481 335 146 6119 278 5841 191 152 116 388 363 330 5650 453 408 231
is_linear=0
shrinkage=0.05


Tree=144
num_leaves=31
num_cat=0
split_feature=344 249 377 325 290 215 80 353 314 254 43 61 210 17 287 244 342 330 13 364 297 5 268 50 83 360 87 369 215 219
split_gain=0.000137079 0.000384204 0.000289599 0.000253286 0.00045325 0.000809312 0.000691661 0.000746211 0.000279688 0.000375486 0.000730262 0.000267587 0.000444008 0.000457818 0.000427867 0.000426367 0.000369265 0.000536888 0.00072409 0.000375436 0.000562943 0.000385742 0.00036848 0.000364613 0.000636041 0.000977325 0.000342398 0.000266745 0.000239014 0.00026129
threshold=-4.1551870505015049 -0.84420723147250076 -2.3677268074073416 -0.71039634943008423 -1.1214220325152078 -0.37685646638437065 0.7972848415374757 -1.6621437468013494 -0.45833385011158134 -1.1461496165602232 -1.1619113485018409 -3.1311566034952798 -1.6518328695307021 -0.80786561965942372 -0.010633298195898498 -1.8443009022653165 -0.17083630959192889 -0.011864145596821999 0.014638817558685902 0.48920997358284096 1.0331471760882673e-06 1.7580131689707441 0.15894295527620181 -2.5735963185628252 0.00066132521412020013 -1.8208625540616685 -1.4026498794555662 123.3181412645727 -0.7508050872212223 0.23399727821533492
decision_type=10 10 2 10 10 10 2 10 10 10 2 2 10 2 10 10 10 10 2 10 10 2 10 2 2 10 2 2 10 10
left_child=1 -1 -3 4 5 8 7 -7 9 -2 -11 12 -5 15 23 -14 17 22 -19 20 -18 -21 -16 24 -13 -26 -17 -6 -29 -30
right_child=3 2 -4 11 27 6 -8 -9 -10 10 -12 14 13 -15 16 26 19 18 -20 21 -22 -23 -24 -25 25 -27 -28 28 29 -31
leaf_value=0 1.0134630012044687e-06 0 0.00011500358171034019 1.0823734320653096e-05 0 0 0 -0.00032543482361432148 8.4564460574562889e-05 -0.00016952027851140959 0 0 0 0 3.3765391395556691e-05 0 -1.0583158565172267e-06 -0.00016439476313416507 0 -3.0177689383207454e-05 5.11552693059361e-05 3.9266554603355977e-06 -5.6320508691854403e-05 0 -3.5407377418546053e-06 0.00013074438560257189 -0.00024435941760905539 0 0.00020551436460749227 0
leaf_weight=364 135 62 151 83 82 31 31 69 45 110 105 527 24 87 279 35 956 153 140 1287 807 1779 190 823 110 351 80 21 47 26
leaf_count=364 135 62 151 83 82 31 31 69 45 110 105 527 24 87 279 35 956 153 140 1287 807 1779 190 823 110 351 80 21 47 26
internal_value=0 2.33228e-05 7.73331e-05 -1.84962e-06 -3.07034e-05 -5.72329e-05 -0.00016853 -0.000233394 -7.63331e-06 -3.37897e-05 -7.88782e-05 1.29144e-07 -4.46472e-05 -8.71292e-05 2.67442e-06 -0.000143415 -3.39487e-06 -3.59544e-05 -8.91102e-05 7.08159e-07 2.00077e-05 -8.75894e-06 0 2.41717e-05 4.46478e-05 8.78649e-05 -0.000184709 2.01781e-05 8.85929e-05 0.000135195
internal_weight=8990 577 213 8413 702 526 131 100 395 350 215 7711 309 226 7402 139 5591 762 293 4829 1763 3066 469 1811 988 461 115 176 94 73
internal_count=8990 577 213 8413 702 526 131 100 395 350 215 7711 309 226 7402 139 5591 762 293 4829 1763 3066 469 1811 988 461 115 176 94 73
is_linear=0
shrinkage=0.05


Tree=145
num_leaves=31
num_cat=0
split_feature=41 59 280 236 366 377 289 252 215 302 246 248 334 88 290 248 236 316 11 266 236 363 32 30 251 256 251 61 32 209
split_gain=0.000142881 0.000513768 0.000370354 0.000325669 0.00032461 0.000313446 0.000290361 0.00041845 0.000330884 0.000317012 0.000340357 0.000267464 0.00028882 0.000225833 0.000287771 0.000332618 0.000485071 0.000470473 0.000573987 0.000332151 0.000301443 0.000286747 0.000730389 0.000889856 0.00061574 0.000264429 0.000332992 0.000263127 0.000473461 0.000497545
threshold=-3.786845207214355 -5.8748563130696612 -1.014864153069851 -1.4463184416492416 1.2705753118531913 -1.6583929794332812 -0.82620979348818446 -0.97509366250244478 -0.010791891529290049 -0.71326211296675412 -0.29472718481490573 -0.29881235164328823 -0.53512378238751335 -0.067520474394162436 0.32902464270591741 -0.17444612142151814 -0.67453926043934243 -1.8475563763596463 -0.037237916141748345 -0.95075474799763493 -1.0940795177690348 -1.711918467875478 0.54034302632013975 -0.92611189683278383 0.59247615305426782 -0.24564091524170231 -0.89512833124975433 -1.767656087875366 0.32555675506591802 1.006794770574625
decision_type=2 2 10 8 2 2 10 10 10 10 10 10 10 2 10 10 10 10 2 10 10 8 2 2 10 10 10 2 2 10
left_child=1 2 -1 4 6 -3 7 -2 9 -8 -11 12 -9 14 15 16 20 -17 -19 -18 -5 22 23 -15 -25 26 -16 -23 29 -29
right_child=3 5 -4 13 -6 -7 8 11 -10 10 -12 -13 -14 21 25 17 19 18 -20 -21 -22 27 -24 24 -26 -27 -28 28 -30 -31
leaf_value=2.6024380169691948e-05 -1.6964464193955347e-05 0.00022870090636303506 -0.00014912289664839221 3.2022870365710479e-05 4.481796696363777e-05 0 0 -0.00021978176377195139 -0.00011453351729230399 0.00022129993695549404 0 0 0 0 0 3.2620168190604608e-05 0 0 -0.00013592816904816786 8.3121542976252833e-05 -3.8444277451245145e-05 -3.0471590776396953e-05 0 -0.00025840792787512504 0 0 0.00020313092664609483 6.8104911433166811e-05 -2.0415361437117706e-07 -1.4303252258228403e-05
leaf_weight=116 312 46 38 219 55 38 83 95 46 38 31 33 22 156 22 82 205 75 156 371 362 588 393 95 29 120 65 541 4414 144
leaf_count=116 312 46 38 219 55 38 83 95 46 38 31 33 22 156 22 82 205 75 156 371 362 588 393 95 29 120 65 541 4414 144
internal_value=0 3.79651e-05 0 -1.26551e-06 -3.38618e-05 0.000139116 -4.79988e-05 -6.97275e-05 0 3.8245e-05 0.000121198 -0.000146079 -0.000181832 1.01263e-06 1.77639e-05 6.17367e-06 2.13451e-05 -3.39268e-05 -7.91891e-05 5.48566e-05 -3.27734e-06 -2.61839e-06 -3.36089e-05 -9.60907e-05 -0.000196892 7.58857e-05 0.000145885 1.70381e-07 4.68501e-06 4.34834e-05
internal_weight=8990 238 154 8752 715 84 660 462 198 152 69 150 117 8037 1677 1470 1157 313 231 576 581 6360 673 280 124 207 87 5687 5099 685
internal_count=8990 238 154 8752 715 84 660 462 198 152 69 150 117 8037 1677 1470 1157 313 231 576 581 6360 673 280 124 207 87 5687 5099 685
is_linear=0
shrinkage=0.05


Tree=146
num_leaves=31
num_cat=0
split_feature=58 60 77 15 56 296 35 78 9 11 211 265 328 289 368 316 0 86 70 271 36 376 367 208 298 336 2 213 236 194
split_gain=0.0001439 0.000752901 0.000341649 0.000335248 0.000292274 0.000228658 0.000210322 0.000724373 0.000385837 0.000642206 0.000418834 0.000417909 0.000283823 0.000409453 0.000762702 0.000490566 0.000511587 0.000379715 0.000407657 0.000421257 0.000348668 0.000300268 0.000291815 0.000321449 0.000275596 0.000265499 0.000425673 0.000405121 0.000282734 0.000247436
threshold=-2.6294901470343262 -0.29733089605967195 -0.20072656869888303 0.29262027144432073 0.15219936271508533 -0.044408661002913997 0.23910242319107086 0.15413378675778708 1.4698503812154138 0.050645912686983707 -0.9631403891195689 0.4413895850072202 -0.82633971174557985 -5.3402433395385733 57.084839591152985 -0.38587743531090452 -1.724795341491699 -0.32692094643910713 -1.3461269537607825 0.93921652169602121 0.5881903568903607 -0.014259483797963249 -0.21861885169468712 -0.11011853036152108 -0.17980082084735233 -1.4516207930881666 -0.86604646841684974 -0.79935862092485255 -0.3030106508263139 -1.0156178996412952
decision_type=2 2 2 2 2 10 2 2 2 2 10 10 8 8 2 10 2 2 2 10 2 2 2 10 10 10 2 10 10 10
left_child=1 2 4 -3 -1 -6 7 25 9 10 -9 -12 21 14 -14 16 -16 22 19 -19 -20 -8 23 -15 -23 29 27 -27 -29 -2
right_child=6 3 -4 -5 5 -7 12 8 -10 -11 11 -13 13 17 15 -17 -18 18 20 -21 -22 24 -24 -25 -26 26 -28 28 -30 -31
leaf_value=0 -5.3262087057195335e-05 0.00034968160246814272 -0.00018807410663679175 0 0.00021832114816206221 0 0 0 0 6.0014140017376904e-06 -0.0001965162563510578 0 0 8.5828053237981534e-05 0 0 -0.0002322935110539577 -8.5905115739370926e-05 2.1742124089512899e-05 9.4082483305349485e-06 -5.0772795305539228e-06 0 0 0 0.00020000821172820092 0 -2.4258988827747094e-05 0.00015419580622029783 0 7.0737182678583332e-06
leaf_weight=60 285 25 23 22 28 22 169 52 107 24 181 30 181 341 27 25 100 279 1631 57 4355 21 240 87 54 148 105 134 35 142
leaf_count=60 285 25 23 22 28 22 169 52 107 24 181 30 181 341 27 25 100 279 1631 57 4355 21 240 87 54 148 105 134 35 142
internal_value=0 4.4007e-05 0 0.000217642 1.834e-05 0.000123789 -1.11562e-06 -2.04881e-05 -7.69361e-05 -0.000107168 -0.000136498 -0.000167873 1.4061e-06 0 -5.44972e-05 -0.000137987 -0.000180096 2.21663e-06 -8.04699e-07 -5.48614e-05 1.39515e-06 5.44804e-05 3.82904e-05 6.31841e-05 0.000140153 0 3.32423e-05 6.8058e-05 0.000121141 -2.14934e-05
internal_weight=8990 180 133 47 110 50 8810 1243 394 287 263 211 7567 7323 333 152 127 6990 6322 336 5986 244 668 428 75 849 422 317 169 427
internal_count=8990 180 133 47 110 50 8810 1243 394 287 263 211 7567 7323 333 152 127 6990 6322 336 5986 244 668 428 75 849 422 317 169 427
is_linear=0
shrinkage=0.05


Tree=147
num_leaves=31
num_cat=0
split_feature=376 291 27 373 48 34 280 202 67 88 281 9 209 333 189 44 27 73 202 50 367 197 361 326 27 229 326 268 256 361
split_gain=0.000144643 0.000348443 0.000473899 0.000558655 0.000732668 0.000721559 0.000553388 0.000391855 0.00064142 0.000600948 0.000541134 0.000679047 0.000538497 0.000537843 0.000516429 0.000386466 0.000356148 0.000352973 0.000300282 0.000419945 0.000494408 0.000392346 0.000431053 0.000332096 0.000348506 0.000597412 0.000325197 0.000276073 0.000251649 0.000260868
threshold=-0.057732831008583195 -3.9777381420135494 -1.6887780825297039 -0.43131402489910065 2.3026758035024009 -0.096804663538932731 0.36628041922462035 -0.98928426557907112 1.0822597344716394 -0.59114507834116603 -0.69526036599388596 1.4026618798573811 0.18117677331743998 -1.8049431443646464 -0.96388354736213377 -0.75598402818044008 -1.4572083155314124 -0.82730563481648745 -0.83399481026041189 -0.85378026962280262 -0.57074720118958788 -1.915801803177011 -1.9996841833550809 -0.12816556294759116 -0.9664034446080525 0.27491194951475556 0.034340341885884605 -0.51690742831814585 -0.2267187747575182 -1.9255224867048242
decision_type=2 8 2 2 2 2 10 8 2 2 8 2 10 10 10 2 2 2 8 2 2 10 10 10 2 10 10 10 10 10
left_child=18 2 -2 4 5 -4 -7 8 9 -3 11 12 14 -11 -9 28 27 -18 -1 20 21 -20 -23 24 -21 -26 -24 -17 29 -12
right_child=1 7 3 -5 -6 6 -8 10 -10 13 15 -13 -14 -15 -16 16 17 -19 19 23 -22 22 26 -25 25 -27 -28 -29 -30 -31
leaf_value=-4.3861288853834585e-06 0 0 0 0 0 -0.00034939385423291957 0 0 0 0 0 0 0 0.00026763997125732274 -0.00018268008230950541 0 3.9406990401759162e-05 -3.2028889684328788e-06 0 0 0 0 0.00016550200561388407 2.8982323762294702e-05 -0.00022077870859101646 0 0 -6.8492182869601685e-05 0 0.00013259312224107704
leaf_weight=935 172 67 32 78 28 70 21 59 399 35 20 287 46 74 174 107 541 4256 64 81 271 83 225 200 62 27 32 343 75 126
leaf_count=935 172 67 32 78 28 70 21 59 399 35 20 287 46 74 174 107 541 4256 64 81 271 83 225 200 62 27 32 343 75 126
internal_value=0 -3.50263e-06 -4.88489e-05 -9.66903e-05 -0.00015303 -0.000208865 -0.000280623 0 3.86105e-05 0.000118213 -4.50197e-06 -5.10469e-05 -0.00010662 0.000190596 -0.000139235 0 -2.41102e-06 5.61028e-07 1.17977e-05 3.10613e-05 5.52151e-05 9.02881e-05 0.000112116 0 -6.23921e-05 -0.000131188 0.00014429 -4.51948e-05 6.50527e-05 0.000103491
internal_weight=8990 7010 401 229 151 123 91 6609 575 176 6034 566 279 109 233 5468 5247 4797 1980 1045 675 404 340 370 170 89 257 450 221 146
internal_count=8990 7010 401 229 151 123 91 6609 575 176 6034 566 279 109 233 5468 5247 4797 1980 1045 675 404 340 370 170 89 257 450 221 146
is_linear=0
shrinkage=0.05


Tree=148
num_leaves=31
num_cat=0
split_feature=366 3 283 243 360 272 62 306 362 367 90 370 353 84 339 249 240 362 207 57 345 316 49 41 361 239 219 376 359 343
split_gain=0.000136374 0.000367148 0.000481761 0.000411637 0.000383224 0.000720774 0.000717668 0.000582327 0.000533084 0.000374088 0.000355738 0.000327354 0.000589955 0.000498678 0.000689744 0.00031543 0.000595446 0.000299002 0.000394627 0.000368125 0.000323088 0.000282736 0.000307009 0.000281342 0.000277306 0.0002736 0.000268947 0.000268071 0.000253018 0.000248589
threshold=0.09158148429263066 0.99999990065892552 -0.59801935156186414 1.6290024789977755 0.59441777813320262 0.11900269622451996 0.64087288578351342 -1.2218561816846132 1.302676665322648 -8.3529323957609581e-07 0.00066130200866605009 0.37366756889940372 0.63270904555685081 0.56129328409830748 -0.60156990217093609 -0.92410745960253615 -0.33802453187817899 -3.3052039509795312 -0.49733808448084532 1.0442659854888918 -0.8056789835294087 2.2808293994952411 7.6250327428181981 -0.038451949755350691 -2.5361670244207173 0.46650395552881058 0.4680870179566381 0.028445792197702355 1.6920594582118815 -6.5096250375111895
decision_type=2 2 10 10 10 8 2 8 10 2 2 2 10 2 10 10 10 10 10 2 10 10 2 2 10 10 10 2 10 8
left_child=1 2 15 29 5 6 10 -7 -9 -8 -4 12 13 14 -2 -1 23 19 20 -13 -19 22 -14 24 -17 -6 -27 -5 -20 -3
right_child=11 3 4 27 25 7 9 8 -10 -11 -12 17 21 -15 -16 16 -18 18 28 -21 -22 -23 -24 -25 -26 26 -28 -29 -30 -31
leaf_value=0 0 -1.5543813748396124e-06 -1.804040947351236e-06 -8.7898262990748974e-05 3.7013394009433783e-05 0 6.1493405552610282e-05 -0.00013626912877394708 0 0 -6.9013930162121952e-05 0.00016754540367726808 0 0 -0.00020512840432972877 0 0 0 1.9029662641044232e-05 0 -0.00011794682397427511 -5.875207768981817e-05 0.00015455643572783516 0 0.00018095151874072341 -9.1851491174940427e-05 0 0 -2.3480194327363715e-05 3.2029909098944766e-05
leaf_weight=260 82 371 627 117 501 80 391 324 81 288 474 58 144 59 131 32 67 135 1033 32 131 108 46 41 132 91 161 283 482 2228
leaf_count=260 82 371 627 117 501 80 391 324 81 288 474 58 144 59 131 32 67 135 1033 32 131 108 46 41 132 91 161 283 482 2228
internal_value=0 3.68394e-06 -6.19002e-06 1.7039e-05 -1.51074e-05 -2.61436e-05 -8.22174e-06 -8.15963e-05 -0.000107548 2.82952e-05 -3.52836e-05 -1.01614e-05 -4.33316e-05 -9.6718e-05 -0.000133396 3.49941e-05 7.27517e-05 0 -4.54966e-06 8.881e-05 -6.17931e-05 0 4.18974e-05 0.000119498 0.000148774 1.14491e-05 -1.95361e-05 -2.42122e-05 2.20431e-06 2.53122e-05
internal_weight=8990 6549 3550 2999 3018 2265 1780 485 405 679 1101 2441 570 272 213 532 272 1871 1781 90 266 298 190 205 164 753 252 400 1515 2599
internal_count=8990 6549 3550 2999 3018 2265 1780 485 405 679 1101 2441 570 272 213 532 272 1871 1781 90 266 298 190 205 164 753 252 400 1515 2599
is_linear=0
shrinkage=0.05


Tree=149
num_leaves=31
num_cat=0
split_feature=273 296 334 257 339 46 359 85 335 57 83 238 345 367 249 6 350 372 37 39 290 261 202 76 32 67 68 355 376 10
split_gain=0.0001376 0.000365882 0.00062366 0.000472462 0.000358157 0.000333874 0.000305219 0.000602224 0.000304961 0.000434057 0.000357152 0.000433636 0.000500542 0.000404277 0.000363136 0.000318011 0.000333634 0.000386112 0.000317007 0.000298028 0.00050496 0.000493209 0.000403501 0.000304862 0.000410725 0.000278037 0.000273932 0.000308634 0.000411877 0.000255754
threshold=1.6025379188128555 0.045234163602193102 0.84743841140721043 -0.30269540437212022 1.1818066351749557 0.77737375100453698 2.5861728259824868 4.7631581624348973 0.58128401439068467 2.5549995998541521 0.064642677238831756 -2.3220423156799246 -2.6746439139048248 -0.0038077373266467 -0.23176806929691665 0.20223124821980792 18.325739224751796 -0.14732686683031557 3.9881874521573386 0.54264400402704893 2.0555759270985927 -0.1658639765717195 -0.0075835145404673492 6.9762055650353441 0.74214526017506921 0.20840847492218018 1.069938659667969 1.5326083165054689 0.070807027223052973 0.82663929462432861
decision_type=10 10 10 10 10 2 10 2 8 2 2 10 10 2 10 2 10 2 2 2 10 10 10 2 2 2 2 10 2 2
left_child=4 2 -2 -4 8 6 7 -5 9 10 11 13 -13 -1 25 -10 17 18 -17 20 21 -6 -21 24 -23 -12 27 28 -11 -16
right_child=1 -3 3 5 19 -7 -8 -9 15 26 14 12 -14 -15 29 16 -18 -19 -20 22 -22 23 -24 -25 -26 -27 -28 -29 -30 -31
leaf_value=0.00012728834212708838 0 -8.3325949992764443e-06 0 0 0 0 0 0.00031473387269180081 0 -0.00016973850376550642 9.6658716946588423e-05 -4.8282524800838416e-05 -1.3816768738718466e-07 0 7.2010703817573094e-05 0.00011101767728144153 0 0 0 7.5078408823194158e-05 0 -0.00028230176411393786 -2.0365046952274529e-05 0 0 -8.4144473150318807e-06 0 0 0 0
leaf_weight=112 234 336 42 47 64 37 27 71 320 124 69 712 3167 62 446 339 96 152 35 108 120 73 1198 24 23 699 29 46 32 146
leaf_count=112 234 336 42 47 64 37 27 71 320 124 69 712 3167 62 446 339 96 152 35 108 120 73 1198 24 23 699 29 46 32 146
internal_value=0 1.96946e-05 5.1168e-05 0.000110948 -2.09539e-06 0.000147088 0.000181395 0.000216535 2.39274e-06 -1.16316e-06 7.94682e-07 -5.66893e-06 -1.02652e-05 6.80232e-05 2.37324e-05 2.90031e-05 5.05157e-05 6.78446e-05 9.51492e-05 -2.35593e-05 -7.11919e-05 -0.000123406 -8.63899e-06 -0.000183333 -0.000223463 0 -6.86571e-05 -9.36951e-05 -0.000127705 5.31698e-05
internal_weight=8990 794 458 224 8196 182 145 118 6586 5644 5413 4053 3879 174 1360 942 622 526 374 1610 304 184 1306 120 96 768 231 202 156 592
internal_count=8990 794 458 224 8196 182 145 118 6586 5644 5413 4053 3879 174 1360 942 622 526 374 1610 304 184 1306 120 96 768 231 202 156 592
is_linear=0
shrinkage=0.05


Tree=150
num_leaves=31
num_cat=0
split_feature=348 226 73 256 298 254 242 363 347 317 346 58 303 303 347 198 222 191 370 309 193 35 224 322 202 202 320 46 55 27
split_gain=0.000136817 0.000218624 0.000348864 0.000526995 0.000428012 0.000382512 0.00041646 0.00038 0.000474138 0.000378668 0.000407366 0.000313621 0.00033384 0.000277894 0.000273527 0.000284938 0.000281855 0.000236009 0.000295389 0.00023429 0.000309782 0.000221342 0.000436714 0.000335997 0.000199274 0.000195813 0.000286354 0.000222221 0.000177926 0.000219934
threshold=-21.390256881713864 -1.70815394137723 -7.9688129425048819 -1.0341155072949466 -0.34997889151175809 -0.75838917986524035 -1.4112549146387876 -1.8474811433406657 -2.2617571353912349 -2.4226828831152489 -6.1019421418507891 -2.2008283138275142 -0.44508941289864984 -1.548020499261326 -0.44143168131510369 -2.230298452169627 -1.3098908356086045 -2.0464343333648269 0.10922410236078466 -0.31782144470794788 -1.8323109385848919 0.23910242319107086 -0.46315606408027327 -0.043982227643330742 -0.50828660585019958 -1.6887722542510377 -3.4746509532495931 0.12722691179563592 -0.89921128749847401 -0.57029445966084791
decision_type=10 8 2 8 10 10 10 8 10 10 10 2 10 10 10 10 10 10 2 10 10 2 10 10 10 10 10 2 2 2
left_child=-1 13 3 4 -3 6 -6 8 9 -4 -11 12 24 25 15 -5 -17 -15 -19 20 -20 22 -13 -23 -9 26 -2 -28 29 -10
right_child=1 2 7 14 5 -7 -8 11 28 10 -12 21 -14 17 -16 16 -18 18 19 -21 -22 23 -24 -25 -26 -27 27 -29 -30 -31
leaf_value=4.2752826262005037e-05 0 0 0 -3.2648834008779759e-05 0 0 0.00029294415321444971 0 0 0 -0.0001236944382157137 0 0 0 -0.00011793764709379462 0 0.00011158174344186567 0 0 0 -0.00020249541048239749 2.4194484406455075e-05 -7.7404239558524066e-05 -1.9719579878594222e-06 0.00031881778350903239 3.6707420806169437e-05 -0.00014980129739903077 0 -1.5331903303717896e-05 0.00013580376466100418
leaf_weight=181 52 20 124 33 20 41 61 26 73 44 267 409 39 21 40 25 121 28 21 46 96 1552 260 4696 21 156 69 20 379 49
leaf_count=181 52 20 124 33 20 41 61 26 73 44 267 409 39 21 40 25 121 28 21 46 96 1552 260 4696 21 156 69 20 379 49
internal_value=0 -1.11887e-06 2.39152e-07 4.87571e-05 0.000123744 0.000163047 0.00022763 -1.33783e-06 -3.16259e-05 -6.98297e-05 -9.93113e-05 1.99681e-06 9.7108e-05 -3.30803e-05 0 2.65297e-05 7.4142e-05 -7.68255e-05 -9.81746e-05 -0.00012578 -0.00016443 9.00418e-08 -2.6407e-05 3.72781e-06 0.00018697 0 -4.44828e-05 -0.000105679 0 5.39739e-05
internal_weight=8990 8809 8300 361 142 122 81 7939 936 435 311 7003 86 509 219 179 146 212 191 163 117 6917 669 6248 47 297 141 89 501 122
internal_count=8990 8809 8300 361 142 122 81 7939 936 435 311 7003 86 509 219 179 146 212 191 163 117 6917 669 6248 47 297 141 89 501 122
is_linear=0
shrinkage=0.05


Tree=151
num_leaves=31
num_cat=0
split_feature=376 241 349 244 60 15 84 80 291 67 307 60 246 376 86 355 45 315 350 46 359 291 349 233 250 198 348 89 249 256
split_gain=0.000130396 0.000309293 0.000484305 0.000774903 0.00046753 0.000324563 0.00031468 0.000312193 0.000293424 0.000352626 0.000697072 0.000580392 0.000586026 0.00052654 0.000491399 0.000407745 0.000531513 0.000418896 0.000385065 0.000353492 0.000362542 0.000319285 0.00051643 0.000542625 0.000629594 0.000433037 0.000316225 0.000519366 0.000465703 0.000448177
threshold=-0.057732831008583195 -0.89007695089085526 -13.081524928410845 -0.61981687765851123 -0.70966327190399159 0.3936091462771098 -0.52615157763163245 0.2554480830828349 -3.9777381420135494 1.0702627499898265 -0.56283059549827041 -1.1448091665903724 1.0000000180025095e-35 -0.045709213243216945 -0.60954010486602772 -0.097505037146611434 0.00066137309962260003 -0.48450428401518625 -14.455254952112831 0.42882935206095379 -2.4689871899467342 -6.8734752337137852 -1.6337635119756062 -0.096161806868699837 -1.3285631586845603 -1.7097514806799816 -2.9315572778383889 -1.7967654069264729 -0.048209981249817492 0.28235449227000137
decision_type=2 10 10 10 2 2 2 2 8 2 10 2 10 2 2 10 2 10 8 2 10 10 10 10 10 10 10 2 10 10
left_child=1 -1 3 -3 6 -6 -4 -7 21 10 11 -10 14 -12 -13 17 -17 -15 19 20 -11 -2 23 24 -23 -26 28 29 -20 -28
right_child=8 2 4 -5 5 7 -8 -9 9 18 13 12 -14 15 -16 16 -18 -19 26 -21 -22 22 -24 -25 25 -27 27 -29 -30 -31
leaf_value=-6.4418109292688788e-06 0 0 0 0.00029402545116637363 -3.8651008389277445e-05 0 0.00010201336743259479 8.4670790439518215e-05 0 0 -0.00019265532692923525 0 0 0 0.00020298787407873134 0.00014296718859819005 0 -0.00012139481675940689 0 0 -0.00012191755614227538 0 0 0 0 -0.00026827455086418059 -0.0001084820829746296 -1.4692472566091367e-06 8.5055958823531115e-05 0
leaf_weight=887 99 34 90 45 374 196 210 144 113 45 35 30 56 114 160 101 223 91 474 78 196 44 110 29 23 96 224 4358 240 71
leaf_count=887 99 34 90 45 374 196 210 144 113 45 35 30 56 114 160 101 223 91 474 78 196 44 110 29 23 96 224 4358 240 71
internal_value=0 1.11342e-05 2.99711e-05 0.00015748 1.50919e-05 -2.67154e-07 6.82956e-05 2.72525e-05 -3.38906e-06 -1.04159e-07 2.77247e-05 8.26367e-05 0.000125938 0 0.000168045 5.06529e-06 4.77078e-05 -3.79428e-05 -5.50132e-06 -5.93689e-05 -9.12709e-05 -4.50492e-05 -7.30527e-05 -0.000122937 -0.000161611 -0.00022132 -1.36693e-06 -6.99753e-06 2.83206e-05 -7.16946e-05
internal_weight=8990 1980 1093 79 1014 714 300 340 7010 6609 923 359 246 564 190 529 324 205 5686 319 241 401 302 192 163 119 5367 4653 714 295
internal_count=8990 1980 1093 79 1014 714 300 340 7010 6609 923 359 246 564 190 529 324 205 5686 319 241 401 302 192 163 119 5367 4653 714 295
is_linear=0
shrinkage=0.05


Tree=152
num_leaves=31
num_cat=0
split_feature=353 247 363 254 34 241 251 42 261 368 232 329 25 48 249 279 361 309 83 191 47 320 279 217 60 38 201 366 263 255
split_gain=0.000134346 0.000414609 0.000407529 0.000450989 0.000790382 0.000560444 0.00038171 0.00047922 0.000393856 0.000455824 0.000366615 0.000364692 0.000519231 0.000756255 0.000383451 0.000543833 0.000363057 0.000314778 0.000442641 0.000630713 0.000694518 0.000336748 0.00032693 0.000304 0.00030064 0.000377249 0.000375397 0.000290703 0.000340852 0.000270659
threshold=-1.5398429919782701 -1.2822944477663172 -0.20378069323822554 -0.14672953743735853 0.3337216575940451 1.2082288327736814 -0.27532455775558129 0.014566270634531902 0.23550561441723664 95.746142720437192 0.70589396897582612 0.28059097131093352 0.086728687087694767 9.629189173380535 0.079369671153039403 0.50705406682941823 -0.94233287598303195 -4.4515984846341804e-05 0.20435193181037897 0.20272723392119082 0.49570108950138098 1.7362080622659717 1.0719441297257106 -0.096402246306805231 -0.45987856388092035 1.6396933396657312 1.9372617128821938 0.09158148429263066 0.77387938128929623 -0.049865483406490947
decision_type=10 10 10 10 2 10 10 2 10 2 10 10 2 2 10 10 10 10 2 10 2 10 10 10 2 2 10 2 10 10
left_child=1 -1 3 5 -5 11 7 -4 9 10 -9 14 13 -13 16 -16 -2 18 19 20 -8 27 -23 29 -6 -26 -27 28 -19 -3
right_child=2 23 6 4 24 -7 17 8 -10 -11 -12 12 -14 -15 15 -17 -18 21 -20 -21 -22 22 -24 -25 25 26 -28 -29 -30 -31
leaf_value=-1.3726096661213515e-05 6.3777892917551175e-07 6.3318214891428808e-05 0 0 0 0.00011559183894660924 0 0.0001665266702602067 0 0 0 -0.00025048804383937131 0 0 8.7131273888588028e-05 -7.8626192898283625e-06 -4.3553270573218935e-05 6.1772673164797067e-06 1.1973193029114513e-05 0 -0.00019300510976987892 -4.0058985515325293e-05 8.7049800870792111e-06 0 0 -0.00019069897425532149 0 -1.4302116007574895e-06 7.1957735802425475e-05 0
leaf_weight=668 679 651 459 172 31 82 100 191 227 94 47 71 88 26 239 197 756 762 172 208 138 656 455 228 92 182 23 676 418 202
leaf_count=668 679 651 459 172 31 82 100 191 227 94 47 71 88 26 239 197 756 762 172 208 138 656 455 228 92 182 23 676 418 202
internal_value=0 1.22644e-05 -3.17019e-06 -1.92563e-05 -6.34459e-05 -6.58097e-06 4.96284e-06 3.22765e-05 6.35598e-05 9.88236e-05 0.000135675 -1.38908e-05 -8.29104e-05 -0.000162704 -4.39001e-06 3.27525e-05 -1.91607e-05 -1.3992e-06 -3.48188e-05 -6.4071e-05 -0.000119639 3.87759e-06 -1.55891e-05 3.29498e-05 -0.000110263 -0.000126319 -0.00016647 1.82244e-05 3.37202e-05 4.76101e-05
internal_weight=8990 1749 7241 2638 500 2138 4603 1018 559 332 238 2056 185 97 1871 436 1435 3585 618 446 238 2967 1111 1081 328 297 205 1856 1180 853
internal_count=8990 1749 7241 2638 500 2138 4603 1018 559 332 238 2056 185 97 1871 436 1435 3585 618 446 238 2967 1111 1081 328 297 205 1856 1180 853
is_linear=0
shrinkage=0.05


Tree=153
num_leaves=31
num_cat=0
split_feature=12 19 368 210 260 5 46 39 367 243 32 367 23 363 81 208 243 84 16 351 4 65 192 350 368 261 292 358 266 192
split_gain=0.000128259 0.000316392 0.000511189 0.000882792 0.000634598 0.000482683 0.000380588 0.000534376 0.000673258 0.000700523 0.000674351 0.000468326 0.000375916 0.000467082 0.000362011 0.000366755 0.000340561 0.000329467 0.000327138 0.000387374 0.000303991 0.000466542 0.000419436 0.000422571 0.000460345 0.000717072 0.000332285 0.000290509 0.000448534 0.000286077
threshold=0.018518607442577602 3.7780421574910488 151.960083733272 0.2032864584251913 0.59969965279279214 4.0930520693461103 -0.027622497330109245 -1.3752368291219075 -0.028185729732202649 -1.5837978936198782 0.68906768163045251 -0.55855103806524131 0.024865319331487005 1.6783654005186424 0.00066141011969490012 -0.24923821256455053 0.71295577313648062 0.00066140398848800008 1.2347094217936201 1.307002564271291 1.6302869319915774 5.6293612668911619 0.92028399301895591 -11.353234072526293 2.4076102021850394e-05 0.7147413769130998 11.320862929026287 -0.024403773499476245 1.124706050269801 1.9910143656507111
decision_type=2 2 2 10 10 2 2 2 2 10 2 2 2 8 2 10 10 2 2 10 2 2 10 10 2 10 10 10 10 10
left_child=20 6 3 4 17 18 -2 8 9 -8 -11 14 13 -13 15 -9 27 -3 -5 -20 21 -1 23 -22 -25 -26 -23 -4 -29 -7
right_child=1 2 16 5 -6 29 7 11 -10 10 -12 12 -14 -15 -16 -17 -18 -19 19 -21 22 26 -24 24 25 -27 -28 28 -30 -31
leaf_value=2.7372987667529335e-06 4.4611902589339454e-05 0.00013500220748876703 0 8.7530325818799065e-06 0.00028834331966522928 9.310463091613678e-05 0 0.00022849459294569643 0 -0.00020739661104597152 0 -6.3697262511711828e-05 0 0 0 0 0 0 0 -0.00014967330470856276 -1.1770367466017071e-05 -0.00017934907897714292 0 0 0.00016207788792971765 0 0 -0.00021073045680064268 0 0
leaf_weight=4233 183 46 22 149 59 197 28 41 84 175 68 801 621 318 464 57 236 58 145 89 34 61 245 68 226 89 26 68 23 76
leaf_count=4233 183 46 22 149 59 197 28 41 84 175 68 801 621 318 464 57 236 58 145 89 34 61 245 68 226 89 26 68 23 76
internal_value=0 -6.79358e-06 1.28115e-05 3.73811e-05 0.000143182 3.45359e-06 -1.66172e-05 -2.27176e-05 -8.24045e-05 -0.000122895 -0.00015507 -1.13379e-05 -2.56275e-05 -4.31392e-05 2.40051e-05 0.000111926 -3.05178e-05 1.26021e-05 -2.40274e-05 -6.62536e-05 5.21823e-06 0 3.67794e-05 6.82737e-05 8.84321e-05 0.000114718 -0.000114135 -0.000101993 -0.000144523 6.03105e-05
internal_weight=8990 4008 1168 819 163 656 2840 2657 355 271 243 2302 1740 1119 562 98 349 104 383 234 4982 4320 662 417 383 315 87 113 91 273
internal_count=8990 4008 1168 819 163 656 2840 2657 355 271 243 2302 1740 1119 562 98 349 104 383 234 4982 4320 662 417 383 315 87 113 91 273
is_linear=0
shrinkage=0.05


Tree=154
num_leaves=31
num_cat=0
split_feature=58 277 294 48 85 64 307 364 317 16 207 50 57 15 14 49 246 363 28 41 21 220 325 72 200 208 268 64 298 5
split_gain=0.000132236 0.000340683 0.00042657 0.000230922 0.000367876 0.000277262 0.000333673 0.00052354 0.00048481 0.000484298 0.000439363 0.000415582 0.00102409 0.00052697 0.000406565 0.000404732 0.000385627 0.000312326 0.000304302 0.000303553 0.000230505 0.000398913 0.000228045 0.000211804 0.000279094 0.000226352 0.000195407 0.000127668 0.000229941 0.000241518
threshold=3.6881326039632163 0.77788388584231949 0.41990017890930181 14.048549652099611 5.2725289662679051 6.1768194834391288 0.47505792144655318 -0.18773649478326232 -0.1140749928817124 0.93705360094706236 -0.73137505456349783 2.0642418066660571 1.8323207696278898 1.2823964953422549 0.013967130333185101 -3.2395149866739907 0.55367093213853857 -0.78366211839155586 0.07531291199848042 -1.4898579120635984 2.5977167288462324 0.59090090871679346 -0.20846757789452861 9.602633476257326 -0.45247337020847284 1.9225086234180468 2.3820822315109713 8.2794087727864589 0.18223965167999254 5.8421208063761405
decision_type=2 10 10 2 2 2 10 8 10 2 10 2 2 2 2 2 10 10 2 2 2 10 8 2 10 10 10 2 10 2
left_child=3 2 -2 5 -5 6 7 8 19 -10 22 14 13 -13 15 -8 -12 -16 -14 -1 21 -6 -9 24 -7 26 -26 28 -3 -30
right_child=1 27 -4 4 20 23 11 10 9 -11 16 12 18 -15 17 -17 -18 -19 -20 -21 -22 -23 -24 -25 25 -27 -28 -29 29 -31
leaf_value=2.55065344602717e-05 0 0 -0.00019123937869308259 0 0 0 -0.00011593284005271452 -0.00010662561969140114 -7.8585800894584383e-05 5.4237181928665606e-06 5.5831457782240752e-05 -0.00014395739697137589 -5.4039317811838128e-05 0 0 0 0 7.3660166105208563e-05 8.384480930192146e-06 -8.4455702330166247e-06 0 0.000309993603943689 0 0 8.3935706155401272e-05 0 0 -4.6566502125351628e-05 0.00012351753931651665 0
leaf_weight=934 25 97 61 167 20 60 93 61 411 122 1026 276 251 59 75 865 350 287 600 2123 23 32 173 95 414 40 25 113 82 30
leaf_count=934 25 97 61 167 20 60 93 61 411 122 1026 276 251 59 75 865 350 287 600 2123 23 32 173 95 414 40 25 113 82 30
internal_value=0 -2.78463e-05 -0.000116479 1.28371e-06 4.94266e-05 0 -2.72871e-06 3.71186e-06 -5.77965e-06 -4.99801e-05 2.79806e-05 -1.80878e-05 -3.9588e-05 -0.000114645 0 -1.58097e-05 4.02958e-05 4.63211e-05 -4.15667e-06 2.92717e-07 0.000141851 0.000200163 -2.30646e-05 3.16645e-05 4.64924e-05 6.23585e-05 7.43743e-05 0 1.88018e-05 7.60752e-05
internal_weight=8990 408 86 8582 242 8340 7706 5200 3590 533 1610 2506 1186 335 1320 958 1376 362 851 3057 75 52 234 634 539 479 439 322 209 112
internal_count=8990 408 86 8582 242 8340 7706 5200 3590 533 1610 2506 1186 335 1320 958 1376 362 851 3057 75 52 234 634 539 479 439 322 209 112
is_linear=0
shrinkage=0.05


Tree=155
num_leaves=31
num_cat=0
split_feature=58 48 293 40 61 367 231 224 46 337 249 20 17 260 28 366 44 24 241 89 347 363 254 257 199 65 366 269 223 241
split_gain=0.000134977 0.000329355 0.000492389 0.000246663 0.00024658 0.000553891 0.000236004 0.000334202 0.000373385 0.000577884 0.000367069 0.000435321 0.000365838 0.000301292 0.000298703 0.000372503 0.000487848 0.000418303 0.00030176 0.00045615 0.000350158 0.000223824 0.000365995 0.000345516 0.000349443 0.000354719 0.000396476 0.00043891 0.000331877 0.000216505
threshold=2.6454539299011235 14.048549652099611 2.0121724804242462 3.0067663192749028 5.25823481877645 -0.19131264354383123 -0.3857841341982578 -0.40563995733455804 0.018849232544501552 -0.62213099072102163 -0.14057725171126248 -0.26500964164733881 -0.85321529706319155 -0.85757232654414295 0.23115783929824862 0.12195128571908181 0.88966520627339696 0.99383123715718591 0.60876132216459555 7.2911554972330732 2.4533590475718188 2.6749016120449141 1.262487827223352 1.2953148869697242 0.66008826153631806 2.1617662509282431 -2.2769363595476286 1.6251876546443007 0.9795954251574569 0.83943832195213086
decision_type=2 2 10 2 2 2 10 10 2 10 10 2 2 10 2 2 2 2 10 2 10 10 10 10 10 2 2 10 10 10
left_child=1 4 -3 -4 6 -6 7 10 9 -9 13 -12 -10 -1 15 17 -17 -8 20 -20 -16 23 28 24 29 -26 -27 -28 -23 -2
right_child=21 2 3 -5 5 -7 14 8 12 -11 11 -13 -14 -15 18 16 -18 -19 19 -21 -22 22 -24 -25 25 26 27 -29 -30 -31
leaf_value=1.089879999502044e-05 -3.5249144600988268e-05 0 0 0.00028670390676059887 -0.00022182862295468971 0 0 -0.00019222295248216465 2.5746378055921902e-05 -2.5709039193741197e-07 0.00012330924301913516 0 -3.4337439413152457e-05 -3.0626895774200497e-05 3.0122002471893357e-05 1.4966270228139531e-06 -7.5427810773848674e-05 7.0906836415899013e-05 9.9286083456674078e-05 0 -3.0056156100750227e-05 0.00027850896641168566 0 3.0097908573336058e-06 -1.8545662812873947e-06 0 -0.00022878652999912404 0 0 3.4181168298839014e-05
leaf_weight=1132 319 124 21 33 40 53 1635 89 349 177 133 103 630 665 809 238 338 253 303 56 279 23 344 350 173 43 105 23 20 130
leaf_count=1132 319 124 21 33 40 53 1635 89 349 177 133 103 630 665 809 238 338 253 303 56 279 23 344 350 173 43 105 23 20 130
internal_value=0 2.59581e-06 7.00189e-05 0.000197214 2.60174e-07 -7.95065e-05 1.98866e-06 -7.01326e-06 -2.79661e-05 -8.33243e-05 3.35959e-06 6.2947e-05 -7.81121e-06 -1.68684e-06 1.0812e-05 0 -3.49693e-05 1.09593e-05 2.88441e-05 7.17273e-05 1.00938e-05 -1.36998e-05 1.10334e-05 -2.64483e-05 -4.57531e-05 -8.56894e-05 -0.000141231 -0.000185417 0.000149408 -4.01031e-06
internal_weight=8990 7460 178 54 7282 93 7189 3278 1245 266 2033 236 979 1797 3911 2464 576 1888 1447 359 1088 1530 387 1143 793 344 171 128 43 449
internal_count=8990 7460 178 54 7282 93 7189 3278 1245 266 2033 236 979 1797 3911 2464 576 1888 1447 359 1088 1530 387 1143 793 344 171 128 43 449
is_linear=0
shrinkage=0.05


Tree=156
num_leaves=31
num_cat=0
split_feature=251 226 11 254 58 231 224 283 249 291 61 86 61 82 332 42 53 276 312 87 334 46 215 305 211 77 377 193 314 31
split_gain=0.00012654 0.000263771 0.000352178 0.000330195 0.000250337 0.000274613 0.000328791 0.000349508 0.000584435 0.000568179 0.000343728 0.000531626 0.000311453 0.000468336 0.000758162 0.000554322 0.000331848 0.000436876 0.000395743 0.000263215 0.000381884 0.00051196 0.000357744 0.000244489 0.000277996 0.000453567 0.000206028 0.000202993 0.000220224 0.000279278
threshold=1.6742480018749757 1.6486548209160248 0.15455944339434302 2.0009568688408139 2.4222017923990888 -0.3857841341982578 -0.40563995733455804 -0.078047911326090527 -0.077671161017425924 -0.84583071867624915 0.297510822614034 -0.38800311088562006 2.9393227100372319 -1.1990793943405149 1.7969913269434474 0.014566371217370002 3.3314819335937504 -0.25678163439746576 1.0818025245689791 0.80711940924326586 1.6581909499877197 0.56878407796223973 1.4419537037939258 3.485767069296497 2.3537950268034398 0.70776263872782408 -0.28744956041916331 2.1179284870399528 0.85548392249944649 1.5623767375946047
decision_type=10 10 2 10 2 10 10 10 10 10 2 2 2 2 10 2 2 10 10 2 10 2 10 10 10 2 2 10 10 2
left_child=1 4 3 23 5 6 7 8 -1 -9 11 -8 16 15 -15 -14 17 -7 -18 -6 21 22 -21 24 25 -3 -2 28 -28 -30
right_child=26 2 -4 -5 19 12 10 9 -10 -11 -12 -13 13 14 -16 -17 18 -19 -20 20 -22 -23 -24 -25 -26 -27 27 -29 29 -31
leaf_value=7.6500100809606393e-06 0 0 0 0 4.4703204253906508e-06 4.0889480400464181e-05 0 -9.2486035149104325e-05 0.00014276739075560479 0 7.9490744079714442e-06 -6.8710824993982781e-05 -7.413181398823173e-05 -0.00027952203755669418 0 0.00012303333968043573 0 0 0.00012948386370282655 -0.00010614684113224453 0 0 0 0 0 0.00025168239885614015 0 0 -0.00011633237889180221 0
leaf_weight=1146 187 24 227 25 406 876 268 199 99 554 275 652 70 43 40 66 162 2064 153 384 314 230 68 21 23 76 48 45 190 55
leaf_count=1146 187 24 227 25 406 876 268 199 99 554 275 652 70 43 40 66 162 2064 153 384 314 230 68 21 23 76 48 45 190 55
internal_value=0 1.3308e-06 4.12631e-05 9.58902e-05 -9.78395e-09 3.39892e-06 -6.14076e-06 4.16781e-06 2.24206e-05 -1.93709e-05 -2.7559e-05 -4.36067e-05 1.36061e-05 -3.70814e-05 -0.000133097 0 1.85535e-05 1.12575e-05 7.07562e-05 -1.97845e-05 -3.46906e-05 -5.6188e-05 -8.71449e-05 0.000128525 0.000155891 0.000191908 -2.39563e-05 -4.91401e-05 -6.72081e-05 -8.74516e-05
internal_weight=8990 8465 396 169 8069 6667 3193 1998 1245 753 1195 920 3474 219 83 136 3255 2940 315 1402 996 682 452 144 123 100 525 338 293 245
internal_count=8990 8465 396 169 8069 6667 3193 1998 1245 753 1195 920 3474 219 83 136 3255 2940 315 1402 996 682 452 144 123 100 525 338 293 245
is_linear=0
shrinkage=0.05


Tree=157
num_leaves=31
num_cat=0
split_feature=53 362 369 253 369 23 237 314 13 285 43 325 349 203 370 192 265 300 6 191 242 22 85 349 290 353 31 346 207 20
split_gain=0.000126383 0.000266421 0.000361928 0.000289074 0.000385467 0.000464477 0.000432692 0.000529081 0.000329711 0.000374876 0.000307852 0.000384516 0.000273178 0.000680474 0.000449961 0.000240778 0.000779114 0.00029322 0.000281773 0.000238725 0.000333215 0.000339315 0.000238618 0.000580789 0.000490779 0.000185359 0.000299054 0.00017817 0.000265691 0.000309697
threshold=-6.2718078295389796 -4.5465237365455797 80.441089757182922 -1.6215908056770723 70.254951635300856 -0.064731468756993579 -1.2159563969134235 0.75889665880560664 -0.0080916974693535978 -0.099337938707321674 -0.88908783594767238 -0.63433873653411854 -10.117604573567705 0.16194781581091491 1.0149773657235488 -0.67733547467044497 -0.54116940882744469 -2.2061156431833897 -0.71101359526316321 0.224516884388026 -1.2327339712470895 -1.173341075579325 3.9775182406107583 2.8479513327280688 2.7999005119005842 -0.8415196643297661 0.21126150091489151 -6.408607403437296 -0.59530029833389464 -0.87731142838795961
decision_type=2 10 2 10 2 2 10 10 2 10 2 10 8 10 2 10 10 10 2 10 10 2 2 10 10 10 2 10 10 2
left_child=15 2 -2 4 -3 -6 -7 -8 9 25 11 -11 13 14 -10 16 27 -18 -17 20 -4 -22 23 -14 -24 -5 -27 -1 29 -29
right_child=1 3 19 8 5 6 7 -9 12 10 -12 -13 22 -15 -16 18 17 -19 -20 -21 21 -23 24 -25 -26 26 -28 28 -30 -31
leaf_value=2.8815866458554591e-05 0 4.543661873570931e-06 0 6.4318706849445393e-06 0 0 -0.00017441377628552013 0 -0.00027754605782355653 0 0 7.0991114345940131e-05 2.3204722934197106e-06 0 0 0.00012055269372216636 -0.00030492096228813484 0 0 0 0.00026984073178329209 0 6.1639077930020575e-05 -3.8358509208560444e-05 -2.463439813914917e-06 0 -0.00010343083961339521 -0.0001292450418072256 0 0
leaf_weight=115 71 151 39 552 79 88 171 23 46 159 294 693 3744 38 21 51 38 22 21 22 53 37 437 1082 536 75 111 107 48 66
leaf_count=115 71 151 39 552 79 88 171 23 46 159 294 693 3744 38 21 51 38 22 21 22 53 37 437 1082 536 75 111 107 48 66
internal_value=0 1.42949e-06 5.54734e-05 0 -3.64055e-05 -6.73769e-05 -9.96353e-05 -0.000141425 2.37604e-06 2.0929e-05 3.92109e-05 5.45086e-05 -2.6977e-06 -8.30599e-05 -0.000190155 -2.52542e-05 -4.66577e-05 -0.000216206 2.30182e-05 0.000102526 0.000130099 0.000183024 -3.79002e-07 -5.76442e-06 2.11919e-05 -6.87254e-07 -4.86744e-05 -1.44947e-06 -3.98185e-05 -7.65665e-05
internal_weight=8990 8522 222 8300 512 361 282 194 7788 1884 1146 852 5904 105 67 468 396 60 72 151 129 90 5799 4826 973 738 186 336 221 173
internal_count=8990 8522 222 8300 512 361 282 194 7788 1884 1146 852 5904 105 67 468 396 60 72 151 129 90 5799 4826 973 738 186 336 221 173
is_linear=0
shrinkage=0.05


Tree=158
num_leaves=31
num_cat=0
split_feature=58 236 304 216 4 341 235 351 17 42 13 30 371 19 238 346 280 51 52 36 205 307 370 229 354 361 272 290 352 334
split_gain=0.00012597 0.000317334 0.000237119 0.00040412 0.000500969 0.000206438 0.000562335 0.00055225 0.000656247 0.000723005 0.000576205 0.00040832 0.000407831 0.000569301 0.000352176 0.000225044 0.000331321 0.00030895 0.000184371 0.000297695 0.00017026 0.000280727 0.000186234 0.000183212 0.000263922 0.000167319 0.000594704 0.000308285 0.000337449 0.000296176
threshold=3.6881326039632163 1.2836940056777977 0.81284007755037357 2.3965355062562277 1.7985148429870608 1.1205688714981081 0.52208261519763943 1.487108111381531 -0.27658213178316743 0.014566433305541601 -0.0030442805339892499 3.326015949249268 0.12286977700535186 6.9392976760864267 1.386598049445418 0.18436495463053379 1.7904546726712183 2.9712222417195648 0.58082816998163878 0.68543402353922567 1.0437862692435347 2.1016773471016541 0.94477883998807222 1.4866580679281303 2.4640514093616255 0.70168523313590725 0.9569423502632749 -0.76666525006294239 0.33853490650653834 0.90980914904610899
decision_type=2 10 10 10 2 8 8 10 2 2 2 2 2 2 8 10 10 2 2 2 8 8 2 10 10 10 10 10 10 8
left_child=5 2 -2 4 -4 11 7 18 -9 10 -10 25 -13 -14 15 -8 17 -17 19 -7 23 22 -22 24 -16 26 29 -28 -29 -1
right_child=1 -3 3 -5 -6 6 14 8 9 -11 -12 12 13 -15 20 16 -18 -19 -20 -21 21 -23 -24 -25 -26 -27 27 28 -30 -31
leaf_value=-3.3115797718474969e-06 0 0 0 0 -0.00020815835374102829 0.00013171912133644507 0 9.8063600828963638e-06 0 0 -0.000238859015176562 0 -0.0002775591565037927 0 -0.00018465907664008907 0.00014846693555791221 0 0 0 0 0.00022025590755895123 0 0 0 0 -1.2979628392229547e-05 0 0.00012770211133835527 0 4.1614008157650084e-05
leaf_weight=4654 69 201 21 26 91 78 72 57 20 55 108 26 45 28 38 223 104 54 172 80 29 79 22 37 45 1811 82 197 68 398
leaf_count=4654 69 201 21 26 91 78 72 57 20 55 108 26 45 28 38 223 104 54 172 80 29 79 22 37 45 1811 82 197 68 398
internal_value=0 -2.70451e-05 -7.26087e-05 -0.000110447 -0.00015505 1.3834e-06 2.02429e-05 -9.69485e-06 -7.31383e-05 -0.000126272 -0.000192096 -1.2175e-06 -0.00010203 -0.000167512 5.16261e-05 7.79677e-05 9.32938e-05 0.000122309 2.13071e-05 6.21556e-05 0 4.33348e-05 0.000136071 -3.88571e-05 -8.77151e-05 0 4.57849e-06 6.78929e-05 9.45647e-05 0
internal_weight=8990 408 207 138 112 8582 1273 570 240 183 128 7309 99 73 703 453 381 277 330 158 250 130 51 120 83 7210 5399 347 265 5052
internal_count=8990 408 207 138 112 8582 1273 570 240 183 128 7309 99 73 703 453 381 277 330 158 250 130 51 120 83 7210 5399 347 265 5052
is_linear=0
shrinkage=0.05


Tree=159
num_leaves=31
num_cat=0
split_feature=58 60 77 372 321 360 360 47 32 77 236 236 371 19 83 209 32 191 56 227 4 271 332 260 315 74 7 250 366 309
split_gain=0.000123995 0.000642005 0.000266685 0.000265946 0.000252324 0.000198557 0.000386191 0.000473409 0.000388172 0.000451565 0.000534705 0.000281237 0.000425678 0.000433096 0.000220785 0.000437907 0.000385944 0.000368205 0.000294644 0.000199775 0.000212627 0.000210317 0.000188963 0.000180899 0.000179522 0.000296105 0.000483132 0.000285537 0.000247483 0.000321236
threshold=-2.6294901470343262 -0.29733089605967195 -0.20072656869888303 -0.82379056237258486 -0.078499766974536131 -2.4742885996686086 -1.479453320975632 0.66277444362640392 0.62365825970967614 -0.92105489969253518 0.56974463155874866 -1.4644074425334119 -0.79521235964686621 -2.5066079298655191 0.00066132886180030016 0.37416188595679706 -0.10481792191664373 0.23641071110326192 -0.365357756614685 -0.65556894867718707 -1.3662241299947098 -1.0389315638279963 -0.44175019458522236 -0.59505942888918251 -2.3998907988299396 0.34650553762912756 0.18459894259770712 -0.34841546753789115 -1.1615803238808311 -2.4973559590973662
decision_type=2 2 2 2 10 8 10 2 2 2 10 10 2 2 2 10 2 10 2 8 2 10 10 10 10 2 2 10 2 10
left_child=1 2 3 -1 -3 14 7 19 9 -9 -11 12 -8 -14 -2 16 -16 18 -18 21 22 -7 -21 -23 28 26 -26 -27 29 -13
right_child=5 4 -4 -5 -6 6 11 8 -10 10 -12 24 13 -15 15 -17 17 -19 -20 20 -22 23 -24 -25 25 27 -28 -29 -30 -31
leaf_value=0 0 0.00030624985441864497 -0.00016620514649309185 0.00012007096179435706 0 0 0 0 0 0.00017667542133244639 0 0 0 -0.00018984644859015496 0 0 0 0 -0.00017403328675470641 -0.00011053257425351408 0 9.4152851823653554e-05 0 0 3.7773798043680287e-06 -2.2155457345196877e-05 0.00010095578853900004 3.3778382786669777e-06 0 -0.00019452549368136486
leaf_weight=62 472 27 23 48 20 149 158 80 62 178 30 21 78 80 36 106 26 54 157 97 163 146 31 49 833 1426 188 3992 149 49
leaf_count=62 472 27 23 48 20 149 158 80 62 178 30 21 78 80 36 106 26 54 157 97 163 146 31 49 833 1426 188 3992 149 49
internal_value=0 4.12101e-05 0 1.61157e-05 0.000201421 -6.84529e-07 1.17848e-06 3.08842e-05 7.78742e-05 0.000103624 0.000142445 -2.30056e-06 -4.83843e-05 -0.000106826 -2.39812e-05 -5.24129e-05 -8.84423e-05 -0.000114364 -0.000148202 0 -2.50275e-05 3.03568e-05 -7.46528e-05 6.57291e-05 0 1.40167e-06 2.6576e-05 -2.41989e-06 -4.46169e-05 -0.00012267
internal_weight=8990 180 133 110 47 8810 7959 985 350 288 208 6974 316 158 851 379 273 237 183 635 291 344 128 195 6658 6439 1021 5418 219 70
internal_count=8990 180 133 110 47 8810 7959 985 350 288 208 6974 316 158 851 379 273 237 183 635 291 344 128 195 6658 6439 1021 5418 219 70
is_linear=0
shrinkage=0.05


Tree=160
num_leaves=31
num_cat=0
split_feature=210 357 190 323 356 271 13 286 231 274 53 318 67 259 55 356 311 246 199 236 310 207 40 304 56 49 2 349 61 338
split_gain=0.000123391 0.000539585 0.000894529 0.000644889 0.000480022 0.00068063 0.000466895 0.000570593 0.000436584 0.000537422 0.000432234 0.000539594 0.000411208 0.000650183 0.000753255 0.000457268 0.000461866 0.000402141 0.000398326 0.000345585 0.000350305 0.000324391 0.000493423 0.000324225 0.00032332 0.000273251 0.000256883 0.000248199 0.000223778 0.000348998
threshold=-0.52327245578933057 -1.1366590015333389 -0.63972987722342778 -1.0165027777353923 -0.28149496655335321 -0.82498685180047404 0.0091598282257715023 0.00078483717516065012 0.51313872250849646 -0.53813464026809665 -0.65206984678904212 0.57914589942305494 0.52658387025197351 -0.85264607860355235 -0.75441773732503237 -0.78510022699904614 -0.43667881462087038 -0.76205594220285333 1.065781201710466 -0.67453926043934243 -0.97028977885530054 -0.72029937307554215 -0.37578070163726801 -2.2390311731780836 0.17664951086044314 0.17329057057698569 0.90245648225148523 -1.8847769498825071 -1.767656087875366 -2.279772499964047
decision_type=8 10 10 10 10 10 2 10 10 10 2 10 2 10 2 10 10 10 10 10 10 8 2 10 2 2 2 10 2 8
left_child=1 2 19 4 5 -4 7 12 9 -8 -9 -12 13 -3 -15 23 -17 -7 24 -1 25 22 -2 -14 -11 -21 27 -24 -23 -30
right_child=21 6 3 -5 -6 17 8 10 -10 18 11 -13 15 14 -16 16 -18 -19 -20 20 -22 28 26 -25 -26 -27 -28 -29 29 -31
leaf_value=0 0 0 0 0 0 -0.00032765586641613897 0 0 0 0 -0.0003195328046211917 0 0 0.00025728110954020893 0 -0.00010448079530267527 9.0114386797899754e-07 0 0 0.00012428431158069411 0 -2.8623235619216012e-05 0 8.0860699462021081e-05 0.00028406685627209617 0 0 -0.00018045723786586307 0.00010394395441146793 7.2546390430057304e-07
leaf_weight=974 433 61 46 139 26 72 35 82 43 23 30 20 62 83 52 133 126 46 20 163 57 609 28 255 83 20 31 104 86 5048
leaf_count=974 433 61 46 139 26 72 35 82 43 23 30 20 62 83 52 133 126 46 20 163 57 609 28 255 83 20 31 104 86 5048
internal_value=0 9.22728e-06 -7.26739e-06 -8.21567e-05 -0.000142007 -0.00017514 3.67086e-05 1.46441e-05 0.000109932 0.000148612 -6.98045e-05 -0.000185517 3.55665e-05 0.00010079 0.000163636 4.67982e-06 -3.39358e-05 -0.000238809 0.000197156 8.91479e-06 6.32472e-05 -3.61315e-06 -3.87208e-05 5.19988e-05 0.000235761 0.000100142 -0.000114205 -0.000144794 0 3.43036e-06
internal_weight=8990 2651 1543 329 190 164 1108 904 204 161 132 50 772 196 135 576 259 118 126 1214 240 6339 596 317 106 183 163 132 5743 5134
internal_count=8990 2651 1543 329 190 164 1108 904 204 161 132 50 772 196 135 576 259 118 126 1214 240 6339 596 317 106 183 163 132 5743 5134
is_linear=0
shrinkage=0.05


Tree=161
num_leaves=31
num_cat=0
split_feature=46 367 31 291 55 36 3 254 90 253 341 220 88 192 294 70 243 377 191 376 210 76 253 255 235 322 209 43 281 326
split_gain=0.000119077 0.000328848 0.000321055 0.000469228 0.000519061 0.000517709 0.000671014 0.000317702 0.000441906 0.000310964 0.000447666 0.000440966 0.000382953 0.000357282 0.00046625 0.000311064 0.000327267 0.000302393 0.000292503 0.000291534 0.000264104 0.000292714 0.000234755 0.000226623 0.000279999 0.000356564 0.000364027 0.000505766 0.000325621 0.000338895
threshold=0.16878440976142881 -2.6488380389935355 0.66538828611373912 0.32661414146423368 -1.0880846977233884 0.271290123462677 2.655146519343059 0.7735072017402348 -0.83750426769256581 0.88435377114876124 0.91449803113937389 1.0511975433856497 0.83722953001658129 0.069426581499298118 1.2308195829391486 0.00066132474845890014 -0.92420138720338108 0.4108981840482912 1.4101103728655719 0.046454970049149912 -0.06775939351753503 -14.466805378595987 -0.52969261000433931 1.1512449797794446 0.48389533135332102 0.8420634617408117 0.94581500167851151 -0.77945899963378895 1.0710076197256539 1.9014204690853751
decision_type=2 2 2 10 2 2 2 10 2 10 10 10 2 10 10 2 8 2 10 2 10 2 10 10 10 10 10 2 10 10
left_child=1 7 9 4 -4 -6 -7 8 -1 10 15 13 -12 -11 -15 16 -3 -9 -5 20 21 -10 -17 24 25 -2 -27 -28 -26 -30
right_child=23 2 3 18 5 6 -8 17 19 11 12 -13 -14 14 -16 22 -18 -19 -20 -21 -22 -23 -24 -25 28 26 27 -29 29 -31
leaf_value=0 1.1124391640497263e-05 0 0 1.6786979524528913e-05 0 -0.00017367440989237456 0 -0.00012027315363759611 0 0 0.00016815973252513482 0 0 -0.00021728774076050308 0 5.2865809673001344e-05 -4.3793117060028275e-05 0 -7.6623044285194003e-05 0 0 0.00019445493339371078 0 -1.40883498412205e-05 5.9138304244726921e-06 0 -0.00020255317790389321 0 0.00012762345587562685 0
leaf_weight=103 2427 661 148 426 138 223 21 54 20 39 74 156 52 83 45 319 673 43 104 75 57 118 1050 875 487 188 68 26 176 61
leaf_count=103 2427 661 148 426 138 223 21 54 20 39 74 156 52 83 45 319 673 43 104 75 57 118 1050 875 487 188 68 26 176 61
internal_value=0 -5.43063e-06 -1.07616e-05 -3.48402e-05 -6.81203e-05 -9.91658e-05 -0.00014386 3.16998e-05 5.76507e-05 -1.07698e-06 2.5798e-06 -4.85709e-05 9.49976e-05 -0.000105636 -0.000146727 0 -1.8824e-05 -1.65541e-05 0 9.31732e-05 0.000125516 0.000164431 1.4924e-05 6.08678e-06 1.26857e-05 3.241e-06 -4.68622e-05 -0.000127494 4.11145e-05 9.23254e-05
internal_weight=8990 4682 4212 1060 530 382 244 470 373 3152 2829 323 126 167 128 2703 1334 97 530 270 195 138 1369 4308 3433 2709 282 94 724 237
internal_count=8990 4682 4212 1060 530 382 244 470 373 3152 2829 323 126 167 128 2703 1334 97 530 270 195 138 1369 4308 3433 2709 282 94 724 237
is_linear=0
shrinkage=0.05


Tree=162
num_leaves=31
num_cat=0
split_feature=53 58 354 31 34 54 256 284 194 192 76 324 242 195 215 343 0 369 333 263 86 194 229 264 249 218 263 86 295 365
split_gain=0.00012074 0.000310345 0.000355815 0.000513103 0.000730772 0.000418311 0.000432296 0.000271867 0.000249316 0.000475292 0.000456244 0.000405087 0.000481132 0.000244984 0.000305886 0.00022706 0.000198384 0.000234623 0.000197623 0.000193164 0.000176188 0.000284108 0.000336846 0.000361614 0.000278329 0.000606692 0.000440176 0.000341433 0.000339582 0.000602675
threshold=-6.2718078295389796 -1.2684655189514158 -2.7106277417086555 0.86732037862141931 -0.18296406666437781 1.167240937550863 0.1040247981582897 -0.20549272249142317 -1.4166131416598204 -0.67733547467044497 -3.061033407847086 -0.28573528925577785 -1.002411042312942 -1.7288955544688849 -1.819664901175154 -4.786240577697753 -2.5569224357604976 90.447695672458806 -1.3444081346403545 -0.12762805008025394 -0.38800311088562006 -0.93107474647544541 0.022499103215823053 -1.373729639611897 -0.037825112294029344 -1.0000000180025095e-35 0.95493070943028191 0.97248109181722009 -0.42375518878300972 0.4774985352332346
decision_type=2 2 10 2 2 2 10 10 8 10 2 10 10 10 10 10 2 2 10 10 2 10 10 10 10 10 10 2 10 8
left_child=8 2 7 4 -4 6 -6 -2 13 10 11 18 -13 16 -15 -9 -1 -18 19 -10 21 -3 23 -23 -22 26 -26 -28 29 -27
right_child=1 20 3 -5 5 -7 -8 15 9 -11 -12 12 -14 14 -16 -17 17 -19 -20 -21 24 22 -24 -25 25 28 27 -29 -30 -31
leaf_value=0 2.9506115614455373e-06 0 0 0 0.00023616149206809951 0 0 -0.000249040906522562 -0.00013999583885012607 0 0 0 -0.00037734581638351229 0 0.0001370155367078381 0 0 -0.00017026166701850486 0 0 -1.6215224962374134e-05 0 0 8.9693337867594576e-05 7.2616115422103526e-05 -5.172433462421033e-07 -7.6261652609491181e-05 6.3261865331301246e-05 3.1319654740182078e-07 -0.00018887913837446315
leaf_weight=47 79 467 61 107 124 27 32 20 51 64 45 21 38 22 69 20 27 40 24 20 2781 77 101 349 499 291 106 59 3255 67
leaf_count=47 79 467 61 107 124 27 32 20 51 64 45 21 38 22 69 20 27 40 24 20 2781 77 101 349 499 291 106 59 3255 67
internal_value=0 1.52967e-06 4.11387e-05 6.9279e-05 0.000110266 0.000161824 0.000193431 0 -2.45406e-05 -5.86559e-05 -0.00010254 -0.000144868 -0.000267286 0 7.64553e-05 -0.000130124 -2.64695e-05 -9.26431e-05 -1.60617e-05 -8.54039e-05 -1.61858e-07 1.88187e-05 4.48933e-05 6.6854e-05 -3.54358e-06 3.52698e-06 4.80201e-05 0 -3.26724e-06 -4.97748e-05
internal_weight=8990 8522 470 351 244 183 156 119 468 263 199 154 59 205 91 40 114 67 95 71 8052 994 527 426 7058 4277 664 165 3613 358
internal_count=8990 8522 470 351 244 183 156 119 468 263 199 154 59 205 91 40 114 67 95 71 8052 994 527 426 7058 4277 664 165 3613 358
is_linear=0
shrinkage=0.05


Tree=163
num_leaves=29
num_cat=0
split_feature=191 50 366 366 222 85 191 336 191 294 24 19 233 73 372 71 350 263 350 321 30 258 251 274 252 273 92 222
split_gain=0.000118896 0.000229706 0.000358425 0.000534486 0.000319496 0.000214419 0.000213243 0.000359394 0.000347255 0.000293015 0.000255127 0.000369672 0.000324288 0.000309709 0.000472583 0.000288956 0.000194757 0.000183535 0.000183136 0.000298004 0.000165655 0.000117044 7.67858e-05 0.000157732 8.45897e-05 6.75257e-05 2.99632e-05 1.47192e-05
threshold=2.2583293612168927 16.393929799397792 1.0956824266157097 -2.665352594479685 1.0165128019093406 13.23849147061507 1.3250855979904064 1.2388973965595336 1.6669922433764661 -0.47388935089111311 1.0055485566457116 -1.3719270229339597 0.8479232157032377 2.6356346607208256 -0.35032426715772125 0.95136463642120372 -4.5503020286560059 2.1868168746321515 1.5894571958607886e-07 3.7272081619670328 0.23984557390213013 0.95108623269590298 1.0603633482088872 0.75251460613999266 1.3983826719056598 1.8213053638669476 1.1375918388366699 0.60935860599847425
decision_type=10 2 2 2 10 2 10 10 10 10 2 2 10 2 2 2 10 10 10 10 2 10 10 10 10 10 2 10
left_child=1 5 3 -3 -5 6 10 8 9 -8 13 20 -13 15 -15 -1 -7 18 -2 26 -12 -18 23 -9 -24 -4 -20 -10
right_child=17 2 25 4 -6 16 7 22 27 -11 11 12 -14 14 -16 -17 21 -19 19 -21 -22 -23 24 -25 -26 -27 -28 -29
leaf_value=-4.5188814771539932e-07 0 0 0 0 -0.00027393789116289324 0 0 0 6.591984185573129e-06 -0.00013250093937200929 0 7.8166382538677272e-05 0 -5.3379582196593274e-05 6.346540298853374e-07 3.194866423529513e-05 0 0 0.00019192408586297854 0 -0.00011226868415696704 0.00019926304140396281 -5.9331668792789166e-05 7.6523399660047284e-05 0 8.7399402795553321e-05 0 -2.5878781192114928e-05
leaf_weight=5079 37 32 20 23 48 20 22 58 90 172 41 357 423 673 594 754 23 32 55 24 48 33 65 97 77 22 22 49
leaf_count=5079 37 32 20 23 48 20 22 58 90 172 41 357 423 673 594 754 23 32 55 24 48 33 65 97 77 22 22 49
internal_value=0 -6.92919e-07 -6.31419e-05 -0.000119592 -0.000198828 0 -3.87132e-07 -2.87913e-05 -6.53099e-05 -0.000108594 1.23131e-06 2.71175e-05 4.19245e-05 -1.23314e-06 -2.41123e-05 2.87965e-06 8.38275e-05 4.15036e-05 7.37848e-05 0.000109386 -4.64362e-05 0.000134949 0 3.35202e-05 -1.11587e-05 0 0.000159225 0
internal_weight=8990 8820 145 103 71 8675 8599 630 333 194 7969 869 780 7100 1267 5833 76 170 138 101 89 56 297 155 142 42 77 139
internal_count=8990 8820 145 103 71 8675 8599 630 333 194 7969 869 780 7100 1267 5833 76 170 138 101 89 56 297 155 142 42 77 139
is_linear=0
shrinkage=0.05


Tree=164
num_leaves=31
num_cat=0
split_feature=2 25 48 369 32 67 210 335 364 228 39 68 64 229 280 203 320 192 192 12 297 89 46 191 286 73 56 366 229 78
split_gain=0.000118645 0.00021619 0.000236181 0.000314141 0.00047989 0.000202101 0.000430416 0.000449047 0.000613295 0.000486399 0.000344183 0.000311404 0.000369394 0.000296619 0.000271531 0.000203401 0.000294552 0.000348342 0.000341323 0.000256161 0.000407174 0.000508873 0.000548101 0.00024812 0.000246732 0.000406806 0.00023868 0.000540058 0.0005374 0.000316148
threshold=2.8623056411743169 0.29869385436177226 0.69572254021962487 133.85782504206847 0.74214526017506921 2.6121249993642173 1.2336333935796688 0.99831529340012881 2.9939385868535622 1.2733470398540239 1.0855102936426801 0.24501325686772663 3.7397745450337734 0.68548502650917087 -0.25066221113613268 1.0256663158872545 1.1913767277149143 0.41613146502532544 1.3827675665034516 0.018518607442577602 -0.28800696134567255 2.1551857789357505 -0.027622497330109245 1.5351075342752389 -0.055983571956554942 2.3726087411244716 0.093651100993156364 -0.45100481288075484 -0.95004179519359699 0.42060617605845141
decision_type=2 2 2 2 2 2 10 10 10 10 2 2 2 10 10 10 10 10 10 2 10 2 2 10 10 2 2 2 10 2
left_child=5 2 -2 -4 -5 15 7 10 -9 -10 13 -8 -13 14 -7 19 17 -17 23 26 24 22 -22 -19 -21 -26 29 28 -28 -1
right_child=1 -3 3 4 -6 6 11 8 9 -11 -12 12 -14 -15 -16 16 -18 18 -20 20 21 -23 -24 -25 25 -27 27 -29 -30 -31
leaf_value=0 0 -2.1161647720036917e-06 0 0.00020728963520149756 0 0 0 0 0 0.0002568394969519662 0 -0.00021049782646585552 -9.3847950564108002e-06 0 -0.000212575881327962 0 0 0.00012233824790617486 0 0 2.4383659896023025e-05 5.2177796389399068e-07 -5.8923642783663899e-05 0 0.00014980118048432082 0 0.0001417980229441899 0 1.8940699613227639e-05 -5.2648490543879281e-05
leaf_weight=1418 95 136 138 79 42 23 101 143 21 52 105 74 126 34 60 191 568 238 39 103 147 804 1095 23 89 22 150 1942 600 332
leaf_count=1418 95 136 138 79 42 23 101 143 21 52 105 74 126 34 60 191 568 238 39 103 147 804 1095 23 89 22 150 1942 600 332
internal_value=0 2.4049e-05 4.82193e-05 7.38679e-05 0.000134757 -1.24431e-06 -2.64325e-05 0 5.64089e-05 0.000174302 -4.42556e-05 -7.27236e-05 -0.000108852 -0.00010518 -0.000156565 5.10173e-07 2.1349e-05 4.98235e-05 8.34517e-05 -2.03685e-06 -1.62266e-05 -2.46913e-05 -4.5037e-05 0.000106172 4.13229e-05 9.40356e-05 4.05719e-06 1.41583e-05 5.01936e-05 -8.62419e-06
internal_weight=8990 490 354 259 121 8500 739 438 216 73 222 301 200 117 83 7761 1059 491 300 6702 2260 2046 1242 261 214 111 4442 2692 750 1750
internal_count=8990 490 354 259 121 8500 739 438 216 73 222 301 200 117 83 7761 1059 491 300 6702 2260 2046 1242 261 214 111 4442 2692 750 1750
is_linear=0
shrinkage=0.05


Tree=165
num_leaves=31
num_cat=0
split_feature=228 243 13 366 224 353 34 363 246 22 60 33 8 292 243 77 32 299 64 21 32 306 334 200 22 89 247 84 27 189
split_gain=0.000120556 0.000351773 0.000331402 0.000257323 0.000310488 0.000212888 0.000419067 0.000389821 0.000492019 0.000644733 0.00060783 0.000414722 0.000531882 0.000708639 0.000434288 0.00037716 0.000374239 0.000301842 0.000288601 0.000324791 0.000256139 0.000219239 0.000198562 0.000246399 0.000266128 0.000193085 0.00019586 0.000366521 0.000355401 0.000185346
threshold=-1.050339851357202 -0.56044635230414008 -0.046113469327489491 -1.0995187570094103 0.38751188069377546 -1.5398429919782701 0.3337216575940451 -0.20378069323822554 -0.68691614309199411 -1.2283635536829629 -0.20571289459864292 1.0000000180025095e-35 0.94553144772847508 2.9046177864074711 -0.075475554182701687 -0.27410270770390821 0.79673739274342859 -1.4955919682979582 -2.5508695443471265 1.9035596052805583 0.57372715075810754 0.19828869885064812 -3.7290748695113916 -1.3320888309462624 1.1731918652852378 -1.5355424086252845 -0.080143386720173029 -0.23915998140970862 -3.0954575538635249 0.63226317139571309
decision_type=10 10 2 2 10 10 2 10 10 2 2 2 2 10 10 2 2 10 2 2 2 8 10 10 2 2 10 2 2 10
left_child=1 -1 3 -2 22 6 -4 11 9 10 -9 12 13 -7 17 16 -10 -13 -8 20 -20 -17 -5 -24 -25 26 27 -3 -29 -16
right_child=2 25 5 4 -6 7 18 8 15 -11 -12 14 -14 -15 29 21 -18 -19 19 -21 -22 -23 23 24 -26 -27 -28 28 -30 -31
leaf_value=0 0 0 0 0 0 -3.5473143662823361e-05 0 0 -0.00012239042651915165 0 0.00027591247589593085 0 4.5682287109066572e-06 -0.0001867054413041214 0 2.5623186829421469e-05 0 7.9711299958773528e-05 0.0002115806303817686 0 0 -1.8779525198767611e-06 0 0.00014687616427534666 0 0 0 0 -0.00019949899460410962 -7.0419745115970028e-05
leaf_weight=1122 226 65 398 25 73 745 85 47 123 120 58 35 256 120 342 871 46 250 82 112 22 3037 109 189 51 93 22 24 98 144
leaf_count=1122 226 65 398 25 73 745 85 47 123 120 58 35 256 120 342 871 46 250 82 112 22 3037 109 189 51 93 22 24 98 144
internal_value=0 -1.31901e-05 2.66226e-06 3.62015e-05 5.8411e-05 0 2.54785e-05 -3.55763e-06 3.78285e-06 7.57492e-05 0.000166209 -2.28902e-05 -4.25336e-05 -6.22522e-05 0 0 -7.32924e-05 5.41023e-05 7.06165e-05 0.000101424 0.000170747 2.9725e-06 7.8438e-05 8.95269e-05 0.000119245 -6.10836e-05 -8.77453e-05 -0.000105932 -0.000157162 -2.27333e-05
internal_weight=8990 1424 7566 673 447 6893 699 6194 4302 225 105 1892 1121 865 771 4077 169 285 301 216 104 3908 374 349 240 302 209 187 122 486
internal_count=8990 1424 7566 673 447 6893 699 6194 4302 225 105 1892 1121 865 771 4077 169 285 301 216 104 3908 374 349 240 302 209 187 122 486
is_linear=0
shrinkage=0.05


Tree=166
num_leaves=31
num_cat=0
split_feature=348 207 58 56 236 308 368 318 12 216 19 357 213 35 223 337 318 19 260 368 310 370 327 201 28 313 229 243 258 312
split_gain=0.000116816 0.00019415 0.000267895 0.000519867 0.000262053 0.000500961 0.000237902 0.000529791 0.000370555 0.000331042 0.000309472 0.0005041 0.000210485 0.000269702 0.000424015 0.000281574 0.000220202 0.000242345 0.000150076 0.000139557 0.000162369 0.000172891 0.000130122 0.000104905 0.000111422 9.20089e-05 8.26902e-05 0.000145886 8.17351e-05 6.02131e-05
threshold=-21.390256881713864 -1.4010088243209271 -2.6294901470343262 0.1931465566158295 -2.1263368441916159 -0.34129956459115318 60.224692910357369 -0.86320591486361331 -0.016473016391197796 -2.1523633420214137 -7.3728786011536913 -3.5250991416165061 -1.5653174837968005 0.21530324220657346 -1.1707000866576156 -0.11097896969317418 -4.0912923351911035 -3.7526950836181636 -0.84537671036759832 46.470376805938166 -1.4575510882198164 0.11397895661246472 -1.33117039996522e-06 -0.75044633965817098 0.20400902846207206 -3.2469433501461289 -1.5621126727643555 -1.3406101429066355 0.21623092725330337 -1.8888100152552758
decision_type=10 8 2 2 8 8 2 10 2 10 2 10 8 2 10 10 10 2 10 2 10 2 10 8 2 10 10 10 10 10
left_child=23 6 3 -3 5 -4 19 9 18 -8 11 -11 16 14 -14 -15 29 -18 -9 20 26 -22 -23 24 -1 -21 -2 -28 -5 -6
right_child=1 2 4 28 12 -7 7 8 -10 10 -12 -13 13 15 -16 -17 17 -19 -20 25 21 22 -24 -25 -26 -27 27 -29 -30 -31
leaf_value=0.00010574593840648613 -4.1953183105776155e-06 0 -0.00021512031739659367 0.00022768343242594304 9.3314163961337718e-07 0 0 0.00016654912710998049 -6.0857992910086531e-05 0 0 -0.00024720713504736949 0 1.7725682461220529e-05 -6.5292481385815783e-05 -4.0114670267852386e-06 0 9.1130417197413582e-05 0 0 0 -0.00011371336385215712 0 0 0 9.1954704224172975e-05 0.000107649695904107 0 0 -4.2816864656238798e-05
leaf_weight=74 139 53 41 42 23 36 39 40 51 25 57 86 377 2104 400 4530 109 203 23 21 21 96 51 73 34 59 49 32 20 82
leaf_count=74 139 53 41 42 23 36 39 40 51 25 57 86 377 2104 400 4530 109 203 23 21 21 96 51 73 34 59 49 32 20 82
internal_value=0 -6.95046e-07 1.04212e-06 7.67751e-05 0 -9.17882e-05 -2.46871e-05 -5.78789e-05 0 -0.000107654 -0.000138569 -0.00018978 8.42852e-07 -4.41885e-07 -2.8824e-05 2.12904e-06 3.56576e-05 5.88481e-05 0.000108083 0 -1.42841e-05 -5.372e-05 -7.89693e-05 3.98634e-05 7.13325e-05 5.8027e-05 0 5.0188e-05 0.000178476 0
internal_weight=8990 8809 8020 115 7905 77 789 321 114 207 168 111 7828 7411 777 6634 417 312 63 468 388 168 147 181 108 80 220 81 62 105
internal_count=8990 8809 8020 115 7905 77 789 321 114 207 168 111 7828 7411 777 6634 417 312 63 468 388 168 147 181 108 80 220 81 62 105
is_linear=0
shrinkage=0.05


Tree=167
num_leaves=31
num_cat=0
split_feature=368 236 66 370 367 350 19 53 210 212 212 288 205 376 87 202 368 239 19 218 292 231 205 352 191 326 259 58 64 49
split_gain=0.00011269 0.000345516 0.000272594 0.000366736 0.000375437 0.000285792 0.000571565 0.00045428 0.000361469 0.000690951 0.000436291 0.000453156 0.000385983 0.000297544 0.000535431 0.000333646 0.000254237 0.000331515 0.000273983 0.000401094 0.000292811 0.000421209 0.000434332 0.000396025 0.00029188 0.00026364 0.000365001 0.000238912 0.000230813 0.000230277
threshold=56.139556870007539 -2.340368179261834 -18.387950897216793 0.62744281142869573 -0.6845455401088012 -9.3015855153401663 6.212709069252015 1.8276790777842205 -0.15490467801458632 -0.047314867641715844 1.1021417786210799 -0.62942723433176673 -0.42761947576524956 -0.079432330116348385 0.043089826901753704 -1.044751185412446 46.470376805938166 0.45585419975700486 2.1250165303548183 0.30853171993453804 2.6309134562810268 0.52815792667805528 -0.42761947576524956 0.69033765792846691 -0.9954826512779571 1.0151257912317913 -0.079037276771656936 1.2434230248133342 4.6237243016560887 -0.6334418853123982
decision_type=2 10 2 2 2 10 2 2 10 10 10 10 10 2 2 10 2 10 2 10 10 10 10 10 10 10 10 2 2 2
left_child=16 -2 3 -3 -5 6 13 -8 10 28 11 -7 -11 14 -4 -15 18 29 20 24 -1 22 -22 -24 -20 26 -26 -12 -10 -18
right_child=1 2 5 4 -6 8 7 -9 9 12 27 -13 -14 15 -16 -17 17 -19 19 -21 21 -23 23 -25 25 -27 -28 -29 -30 -31
leaf_value=0 -0.00016059151504218899 0 -2.1037158191002338e-06 0.00025566527861966865 0 0 -0.00029932307286627871 0 -6.8560675724979464e-05 -7.6896119943684911e-05 -0.00012668059002602142 6.5651572091642531e-05 1.4976033155570615e-05 6.3642785476652838e-06 0.00012997391488135646 -5.4485023387881364e-05 4.7163829208393921e-08 0 0 0 0 0 -0.00016867252481808767 0 0 0 0.00017776975149222783 0 0 0.00012582111418227456
leaf_weight=2928 37 34 263 37 21 241 36 31 520 114 54 619 1507 157 84 568 173 144 31 553 56 132 138 29 32 32 124 44 113 138
leaf_count=2928 37 34 263 37 21 241 36 31 520 114 54 619 1507 157 84 568 173 144 31 553 56 132 138 29 32 32 124 44 113 138
internal_value=0 -5.48244e-06 -3.06181e-06 7.8642e-05 0.00015995 -5.94031e-06 -2.7603e-05 -0.000176852 1.85445e-07 -9.13464e-06 2.73312e-05 4.22525e-05 5.42627e-06 -1.35956e-05 1.54921e-05 -3.44133e-05 5.71036e-06 4.14465e-05 4.6657e-07 2.82866e-05 -4.55304e-06 -4.74672e-05 -9.11383e-05 -0.000132619 8.60014e-05 0.000111779 0.000138846 -5.25511e-05 -5.43152e-05 7.19513e-05
internal_weight=8990 4480 4443 92 58 4351 1139 67 3212 2254 958 860 1621 1072 347 725 4510 455 4055 772 3283 355 223 167 219 188 156 98 633 311
internal_count=8990 4480 4443 92 58 4351 1139 67 3212 2254 958 860 1621 1072 347 725 4510 455 4055 772 3283 355 223 167 219 188 156 98 633 311
is_linear=0
shrinkage=0.05


Tree=168
num_leaves=31
num_cat=0
split_feature=228 307 279 243 351 222 257 22 45 258 58 298 317 68 207 243 198 200 305 241 302 324 214 352 218 30 365 316 68 28
split_gain=0.000113361 0.00035963 0.000377248 0.000318069 0.000231104 0.000663933 0.00046625 0.000518891 0.000257091 0.000323223 0.000236237 0.000541311 0.000493533 0.000304177 0.000263913 0.000425666 0.000232818 0.000221431 0.000255194 0.000231138 0.000211199 0.000315764 0.000272056 0.000518539 0.00020428 0.000265878 0.000204251 0.000220654 0.00021158 0.000274205
threshold=-1.050339851357202 -2.4904398712828955 -0.96383879711508225 -0.56044635230414008 -1.7404821713765457 -0.19998489889532309 -0.71230820214627799 -0.63892440001169826 0.00066130193105580005 -0.44691239767209179 -0.42303466796874994 -0.046092063188552794 0.11693881477556471 -0.059938482940196942 -0.18635282678166773 0.49338892654098215 0.87435506669919094 -2.3692405891770174 -0.86997425828378849 -1.0063443388726394 -0.99520877183622691 -0.74799054861068714 -0.50038927288827173 -0.9498451749483745 -0.81513930285364433 0.66700855890909838 0.53882968427455469 -2.3532510999921397 0.7030005455017091 -0.097650843206792945
decision_type=10 10 10 10 10 10 10 2 2 10 2 8 10 2 10 10 10 10 10 10 10 10 10 10 10 2 10 10 2 2
left_child=3 2 -2 -1 5 20 -7 -8 9 -6 11 13 -13 -10 15 -12 -16 -4 19 -19 22 -22 -3 -24 -11 -26 27 -5 29 -29
right_child=1 4 17 26 8 6 7 -9 10 24 14 12 -14 -15 16 -17 -18 18 -20 -21 21 -23 23 -25 25 -27 -28 28 -30 -31
leaf_value=0 0 0 0 0 0 0 -0.00029948877919002326 0 -0.00017608720132640841 0 -3.4579749211908058e-06 0.00013872667469421512 0 0 1.1841703091743486e-05 -7.3362068038667629e-05 -1.1438183387198596e-05 0 0 0.00019938089133300456 0 0.00016327261054339072 0 -0.00020432560448755533 0.0001679277059917292 0 0 0 0 -0.00015360713073463039
leaf_weight=1122 117 67 32 60 290 25 52 23 26 53 1227 159 134 132 2721 327 1653 54 78 92 33 45 20 50 94 62 35 26 41 140
leaf_count=1122 117 67 32 60 290 25 52 23 26 53 1227 159 134 132 2721 327 1653 54 78 92 33 45 20 50 94 62 35 26 41 140
internal_value=0 2.56095e-06 5.04256e-05 -1.28125e-05 0 -4.17921e-05 -0.000148592 -0.000212016 1.99638e-06 3.66429e-05 0 3.40698e-05 7.89746e-05 -1.75747e-05 -3.36128e-06 -2.13886e-05 1.90073e-06 8.59478e-05 0.000104461 0.000145274 0 7.27073e-05 -2.8979e-05 -0.000106512 8.40793e-05 0.000112877 -5.8361e-05 -7.59214e-05 -0.000100487 -0.000125597
internal_weight=8990 7566 373 1424 7193 315 100 75 6878 499 6379 451 293 158 5928 1554 4374 256 224 146 215 78 137 70 209 156 302 267 207 166
internal_count=8990 7566 373 1424 7193 315 100 75 6878 499 6379 451 293 158 5928 1554 4374 256 224 146 215 78 137 70 209 156 302 267 207 166
is_linear=0
shrinkage=0.05


Tree=169
num_leaves=31
num_cat=0
split_feature=40 40 63 47 15 218 368 33 235 36 217 28 69 348 273 222 3 313 255 205 50 350 279 331 232 281 268 192 301 243
split_gain=0.000108695 0.000404769 0.000454403 0.000567134 0.00055126 0.000320908 0.000523586 0.000490035 0.000439037 0.000829499 0.000485441 0.000461549 0.000502573 0.000425359 0.000414468 0.000393602 0.000381746 0.000368655 0.000362109 0.000354033 0.000429532 0.000322674 0.00031152 0.000310052 0.000303756 0.000294158 0.000293196 0.000270059 0.000264396 0.000259014
threshold=0.043707470099131208 -0.37578070163726801 1.7532514731089277 0.68042123317718517 0.17889014879862467 0.28739191496166505 227.4473566313512 0.79389977455139171 0.51040001626600973 0.42547392845153814 0.16074630171786516 0.47007672178248544 -1.1964980363845823 2.1735863685607915 0.89073671188381442 -0.97616362217968222 2.71704371770223 1.1493215854032273 2.095067678050595 1.0437862692435347 5.763298352559409 19.711140553156536 0.026759285892162452 0.52930113496280107 0.76515121833221655 1.1387932872801978 -0.44097330848441002 0.88617338795929679 0.28058731555938721 0.47967055298973876
decision_type=2 2 2 2 2 8 2 2 10 2 10 2 2 10 10 10 2 10 10 10 2 10 10 10 10 10 10 10 10 8
left_child=1 29 3 -3 -5 6 13 23 9 11 16 12 -7 15 19 -2 27 21 25 20 -12 -17 -14 -8 -11 -16 -6 -10 -26 -1
right_child=5 2 -4 4 26 8 7 -9 10 24 14 -13 22 -15 18 17 -18 -19 -20 -21 -22 -23 -24 -25 28 -27 -28 -29 -30 -31
leaf_value=6.8077435150471683e-06 0 -1.0673008668131977e-05 2.7943673373477636e-06 0 0 0 -0.00019320094603112451 0 0.00022130158863078528 2.3432961776219394e-05 0 0 0 0 0 0.00011895538749408287 0 0 -9.8914156376554008e-06 0 -0.00014967825689424723 0 -0.00031136798411446776 0 -7.9650538008280475e-05 7.3499729719928006e-05 -0.00024160055556559084 0 0 -2.0444835693297328e-05
leaf_weight=4050 66 327 204 53 20 27 59 89 63 334 137 29 22 328 129 414 31 54 236 162 111 31 63 20 195 393 98 21 124 1100
leaf_count=4050 66 327 204 53 20 27 59 89 63 334 137 29 22 328 129 414 31 54 236 162 111 31 63 20 195 393 98 21 124 1100
internal_value=0 -3.88074e-06 -3.95829e-05 -6.69775e-05 -0.000145356 7.64906e-06 3.04022e-05 -3.49884e-05 -1.5677e-06 -3.28231e-05 1.38793e-05 -0.000144064 -0.000190832 4.83052e-05 0 7.46293e-05 0.000112656 9.09813e-05 2.58363e-05 -3.59538e-05 -7.55261e-05 0.000106548 -0.00025047 -0.000134497 -1.12908e-06 5.15646e-05 -0.000205619 0.000169462 -4.25144e-05 1.56654e-08
internal_weight=8990 5852 702 498 171 3138 1061 168 2077 794 1283 141 112 893 1168 565 115 499 758 410 248 445 85 79 653 522 118 84 319 5150
internal_count=8990 5852 702 498 171 3138 1061 168 2077 794 1283 141 112 893 1168 565 115 499 758 410 248 445 85 79 653 522 118 84 319 5150
is_linear=0
shrinkage=0.05


Tree=170
num_leaves=31
num_cat=0
split_feature=80 344 285 261 341 245 229 16 285 204 46 361 59 71 244 261 70 291 220 297 48 81 199 376 188 71 295 340 278 203
split_gain=0.000109919 0.000315082 0.000227369 0.000356554 0.000318919 0.000271462 0.000295666 0.00026685 0.000264551 0.000357384 0.000271722 0.000274283 0.000327201 0.000238853 0.000208441 0.000187591 0.000563025 0.000391629 0.000393298 0.000389959 0.000337644 0.000399051 0.00036955 0.000321522 0.000439238 0.000311798 0.000298493 0.000279195 0.000334896 0.000228012
threshold=-0.84403749306996645 -5.5259891351064034 -0.050112236291170092 -1.4891864082598503 -2.4830875794092813 -1.5289534077790428 -0.43787618176333115 -3.5367436408996578 -0.10868587655325708 -1.2479246240795361 0.091587781906127916 -3.3304658993545915 -11.692708710829416 -0.95257556438446034 0.27214998284907022 -0.053588776990030097 0.85181617736816417 0.5877002080281577 0.073081288986837259 -0.14134894808133439 -2.7195655504862462 0.40027578671773278 -0.31714188125680792 0.0069109677285564509 -0.79292398822202359 0.60035490989685047 4.5493404070536299 -0.65766719977060928 0.90608781419725604 -0.70142210799366989
decision_type=2 8 10 10 10 10 10 2 10 10 2 10 2 2 10 8 2 10 10 10 2 2 10 2 10 2 10 10 10 10
left_child=2 -2 8 4 -4 -5 7 -7 10 -10 11 -1 -13 -14 -9 16 17 23 19 -19 21 -17 -23 25 -25 -3 -24 -18 29 -29
right_child=1 15 3 5 -6 6 -8 14 9 -11 -12 12 13 -15 -16 20 27 18 -20 -21 -22 22 26 24 -26 -27 -28 28 -30 -31
leaf_value=0 0.00010884676818793525 1.4849338797910963e-05 -0.00033672458030972009 6.6058648182736404e-05 0 0 0 -0.00013920833375817546 0.00012379188738377044 0 2.2812633241665178e-06 0 -0.00016872326733274984 0 0 0 0 0 0 0.00013034972102974197 0 0 -0.00014447250474887449 1.188784239183955e-05 -7.6066353550056703e-05 -5.6755401921763633e-05 0 0 0 0.00015561585809075026
leaf_weight=59 70 1241 21 58 41 45 299 126 93 194 335 62 102 38 20 155 57 37 157 170 4547 24 172 101 333 161 41 33 37 161
leaf_count=59 70 1241 21 58 41 45 299 126 93 194 335 62 102 38 20 155 57 37 157 170 4547 24 172 101 333 161 41 33 37 161
internal_value=0 2.53921e-06 -1.23154e-05 -3.60953e-05 -0.000160268 -1.28975e-05 -3.24569e-05 -8.10534e-05 0 4.3097e-05 -1.46612e-05 -5.55497e-05 -8.59042e-05 -0.00012839 -0.000114714 8.62588e-07 1.25875e-05 1.62353e-06 5.05948e-05 9.6167e-05 -4.03158e-06 -4.85544e-05 -9.00353e-05 -5.36443e-06 -4.40816e-05 3.057e-06 -0.000115563 7.89551e-05 0.000103883 0.000131005
internal_weight=8990 7497 1493 610 62 548 490 191 883 287 596 261 202 140 146 7427 2488 2200 364 207 4939 392 237 1836 434 1402 213 288 231 194
internal_count=8990 7497 1493 610 62 548 490 191 883 287 596 261 202 140 146 7427 2488 2200 364 207 4939 392 237 1836 434 1402 213 288 231 194
is_linear=0
shrinkage=0.05


Tree=171
num_leaves=31
num_cat=0
split_feature=249 218 263 291 336 293 311 241 268 236 86 57 268 290 351 9 86 252 297 228 219 276 20 277 257 41 349 81 38 73
split_gain=0.000108906 0.000578549 0.000511644 0.000437616 0.000492185 0.000389513 0.000366511 0.000379714 0.000331572 0.000321093 0.000288906 0.000294611 0.000409204 0.000271033 0.000524395 0.00046347 0.000432085 0.000602799 0.000449356 0.000387598 0.000423983 0.000428635 0.000249451 0.000380441 0.000586911 0.000247515 0.000239161 0.000231012 0.000229359 0.000221309
threshold=-0.037825112294029344 -1.0000000180025095e-35 0.90627780520160472 -2.9452147086461378 0.53505044878902397 -3.0629848639170327 -1.3680083947928121 -1.0226005383198935 -0.82736483319714005 -0.67453926043934243 0.97248109181722009 0.51888775825500499 1.5461326905053492 -1.3049411376317337 0.83634066581726074 0.85069143772125255 0.32286086678504944 -1.3830464795761968 -0.30359037717183418 0.16085914902756707 2.1078187160100876 -0.32239734720345575 -1.8043865362803138 -0.81374834393511553 -0.85660243725682395 -0.26311250527699787 -10.97366091609001 1.0000000180025095e-35 1.639695247014364 1.0000000180025095e-35
decision_type=10 10 10 10 10 10 8 10 10 10 2 2 10 8 10 2 2 10 10 10 10 10 2 10 10 2 10 2 2 2
left_child=6 2 3 -2 8 26 7 -1 -5 -9 11 -4 -13 15 22 -8 17 -17 -19 20 21 -16 23 24 -15 -11 -3 -10 -12 -7
right_child=1 5 10 4 -6 29 13 9 27 25 28 12 -14 14 19 16 -18 18 -20 -21 -22 -23 -24 -25 -26 -27 -28 -29 -30 -31
leaf_value=-6.5963428842863301e-06 0 0 0 0 0 3.5330243494395486e-05 0 0 0 0.00011223180724387738 0 -0.00019622906579214928 0 0 0 0 0 0 -0.00015572414696521221 0 0 -0.00021690697349833511 -1.5581581337376507e-07 0 0.00034198351579065294 0 -0.0002560409476551376 0.00015885071498358133 0.00013609251323588043 -3.9728639772373172e-06
leaf_weight=815 107 23 50 51 146 402 320 437 36 204 27 60 35 34 27 69 136 110 261 62 24 94 1645 85 26 125 24 261 40 3254
leaf_count=815 107 23 50 51 146 402 320 437 36 204 27 60 35 34 27 69 136 110 261 62 24 94 1645 85 26 125 24 261 40 3254
internal_value=0 5.60686e-06 4.4083e-05 6.89479e-05 8.94287e-05 -1.49139e-06 -5.39644e-06 1.22044e-05 0.000122011 3.87327e-05 -2.83202e-06 -6.18274e-05 -0.000116521 -1.67435e-05 -3.62548e-06 -4.03975e-05 -6.74514e-05 -9.17067e-05 -0.000118468 -8.00391e-05 -0.000125784 -0.000166463 2.42201e-06 6.6106e-05 0.000162406 7.70161e-05 -0.000144394 0.00014224 5.02308e-05 0
internal_weight=8990 4516 813 601 494 3703 4474 1581 348 766 212 145 95 2893 1997 896 576 440 371 207 145 121 1790 145 60 329 47 297 67 3656
internal_count=8990 4516 813 601 494 3703 4474 1581 348 766 212 145 95 2893 1997 896 576 440 371 207 145 121 1790 145 60 329 47 297 67 3656
is_linear=0
shrinkage=0.05


Tree=172
num_leaves=31
num_cat=0
split_feature=363 254 24 372 29 247 347 49 39 348 368 23 39 227 274 32 243 59 46 72 228 217 19 376 340 254 8 370 55 218
split_gain=0.000109455 0.000392499 0.000442891 0.000453928 0.000421317 0.000452603 0.00029153 0.000485717 0.000642048 0.000379724 0.000390873 0.000370109 0.000325967 0.000588882 0.000470595 0.000400684 0.000368353 0.000349841 0.0003366 0.000323893 0.000275905 0.000266883 0.000233844 0.000292043 0.00023367 0.000232986 0.000344053 0.000384685 0.000298741 0.000227405
threshold=-1.711918467875478 -0.9925018091536858 0.47260310252507526 -0.30612313231628757 0.45621387163798016 -0.72630821227362596 -2.6018592417240138 -3.3035519917805982 -0.25812621911366773 -7.4662280082702628 287.10364203171599 0.039335183799266808 -1.342248201370239 -0.69641279212224649 0.09295537217617296 0.27671027183532715 0.24148895931909753 -7.3336779276529933 0.26599025726318354 -3.5009608268737789 -0.22414371520192181 -1.5612372478934506 0.044079462687174407 -0.030656616849708395 0.70653817057609569 -0.45246525308126728 -1.2520831823348997 0.10922410236078466 0.4655124346415202 -0.81513930285364433
decision_type=8 10 2 2 2 10 10 2 2 10 2 2 2 10 10 2 10 2 2 2 8 10 2 2 10 10 2 2 2 10
left_child=1 -1 -3 4 -4 -6 7 25 9 -9 11 -11 13 29 17 16 19 -15 -19 -14 -10 -21 23 -18 -24 -2 27 -27 -29 -8
right_child=6 2 3 -5 5 -7 12 8 20 10 -12 -13 15 14 -16 -17 22 18 -20 21 -22 -23 24 -25 -26 26 -28 28 -30 -31
leaf_value=0 1.6791391602468354e-05 0 0 0 0 -0.00024580828396032772 5.4585732601015625e-05 0 -6.2901524569144253e-05 0.00016632135693816141 0 0 0 0 0 -1.3078974927501993e-06 0 -0.00013910459830827792 0 0 2.6968870947345036e-05 0.0001183459244236961 8.661268619390304e-05 -0.00014317348377118988 0 0 0 -0.00014951740679023393 0 -1.3457009457006628e-05
leaf_weight=1242 237 148 91 51 28 93 173 140 113 232 50 28 53 21 119 4368 22 266 66 39 333 245 97 57 88 22 109 139 26 294
leaf_count=1242 237 148 91 51 28 93 173 140 113 232 50 28 53 21 119 4368 22 266 66 39 333 245 97 57 88 22 109 139 26 294
internal_value=0 -1.14617e-05 -5.3992e-05 -9.36129e-05 -0.000127361 -0.000192634 2.77427e-06 2.32826e-05 4.68116e-05 8.9044e-05 0.000120705 0.000145353 -1.3402e-06 -2.8908e-05 -6.9135e-05 2.8636e-06 4.14948e-05 -9.86019e-05 -0.000113889 7.61712e-05 0 9.86641e-05 0 -7.46136e-05 2.79156e-05 -6.89315e-06 -4.27422e-05 -8.65355e-05 -0.00011963 1.05135e-06
internal_weight=8990 1653 411 263 212 121 7337 1429 896 450 310 260 5908 939 472 4969 601 353 332 337 446 284 264 79 185 533 296 187 165 467
internal_count=8990 1653 411 263 212 121 7337 1429 896 450 310 260 5908 939 472 4969 601 353 332 337 446 284 264 79 185 533 296 187 165 467
is_linear=0
shrinkage=0.05


Tree=173
num_leaves=31
num_cat=0
split_feature=53 58 354 31 31 47 64 194 192 76 219 333 219 284 368 7 268 223 231 364 5 198 76 311 263 370 249 75 231 215
split_gain=0.000102769 0.00024928 0.000284966 0.00044506 0.000437648 0.000530857 0.000251579 0.00021486 0.00042362 0.00040109 0.00040243 0.000215568 0.000219473 0.000210822 0.000480245 0.000205535 0.000234406 0.000163606 0.000434028 0.000353818 0.000332686 0.000471998 0.000307565 0.000487629 0.000442293 0.000442479 0.000340825 0.000328033 0.000304525 0.000284114
threshold=-6.2718078295389796 -1.2684655189514158 -2.7106277417086555 0.86732037862141931 0.078325246771176707 0.46451528867085773 -1.0460731983184812 -1.4166131416598204 -0.67733547467044497 -3.061033407847086 -0.40048783136875998 -1.3444081346403545 -1.6731312078546587 -0.20549272249142317 111.08523254200142 -4.1241590181986476 -0.84521210967635696 -1.0317094960793405 -0.40172338858404916 0.48920997358284096 1.7344233989715578 0.49335061809506442 -0.96700616677602114 -1.2862377647310093 -0.60095290002851509 0.23702513444869541 -1.2952346107709274 0.68021162350972508 -1.2827405595437493 0.36358619940758302
decision_type=2 2 10 2 2 2 2 10 10 2 10 10 10 10 2 2 10 8 8 10 2 10 2 10 10 2 10 2 10 10
left_child=7 2 13 4 -4 -6 -7 15 9 10 11 12 -9 -2 -15 -1 -17 22 29 -20 21 -21 23 28 -25 -26 -24 -28 -3 -19
right_child=1 17 3 -5 5 6 -8 8 -10 -11 -12 -13 -14 14 -16 16 -18 18 19 20 -22 -23 26 24 25 -27 27 -29 -30 -31
leaf_value=-1.2998447645061376e-05 1.9802688540038343e-06 0.00010322643892323736 0 0 0 0.00028052230532225967 0 0 0 0 -0.00031179516241498285 0 -0.00016877485307910224 0 -0.00029315222655619901 0 0.00019924599869345142 -3.443174906460354e-05 1.8560575353650887e-05 -5.9408613226243762e-05 3.4746595107344193e-06 0 0 0 0 -0.00014294738142878722 9.5905413526713263e-05 0 0 1.8918742447652387e-05
leaf_weight=142 79 117 119 107 31 70 24 33 64 45 38 40 43 20 20 36 27 1507 2202 610 1814 527 166 206 26 144 300 45 218 170
leaf_count=142 79 117 119 107 31 70 24 33 64 45 38 40 43 20 20 36 27 1507 2202 610 1814 527 166 206 26 144 300 45 218 170
internal_value=0 1.44866e-06 3.69286e-05 6.20889e-05 0.000100514 0.000168699 0.0002279 -2.25976e-05 -5.43154e-05 -9.60087e-05 -0.000135707 -3.47376e-05 -9.44601e-05 0 -0.000114611 0 8.81063e-05 -1.8002e-09 -3.62598e-06 2.699e-06 -7.44265e-06 -2.92563e-05 1.61618e-05 0 -4.4135e-05 -0.000103959 4.6141e-05 7.49807e-05 3.81014e-05 -2.60414e-05
internal_weight=8990 8522 470 351 244 125 94 468 263 199 154 116 76 119 40 205 63 8052 6830 5153 2951 1137 1222 711 376 170 511 345 335 1677
internal_count=8990 8522 470 351 244 125 94 468 263 199 154 116 76 119 40 205 63 8052 6830 5153 2951 1137 1222 711 376 170 511 345 335 1677
is_linear=0
shrinkage=0.05


Tree=174
num_leaves=31
num_cat=0
split_feature=348 228 233 91 373 292 220 257 285 324 14 304 47 243 89 373 369 247 62 362 14 370 38 262 281 210 312 219 319 237
split_gain=0.000100929 0.000169766 0.000259117 0.000335267 0.000382682 0.000248723 0.000398082 0.000580399 0.000489368 0.000240908 0.000237808 0.000240433 0.000342735 0.000236345 0.000308318 0.000410999 0.000402084 0.000289514 0.00030439 0.000194111 0.000187746 0.000300819 0.000241627 0.000284734 0.000183577 0.000413076 0.000313243 0.00017542 0.000157111 0.000140855
threshold=-21.390256881713864 -1.050339851357202 -0.79958633228055687 -2.4250204563140865 -0.89718810610780364 -7.6101378599802638 -0.49630206519690889 -0.26339117766042208 -0.13046993066867182 -0.22326968610286702 -0.011323550095160749 -0.7587842935065231 0.96987426280975353 -1.4749700612774244 -9.085389455159504 -0.43131402489910065 192.32333754357123 -1.2822944477663172 -0.61631759007771802 -0.60475872322304569 -0.016167204206188446 0.2885438397883669 -4.6819988886515285 -0.70635081859169813 -0.63433354917030382 -0.5470782596141045 -0.52873501416163859 -1.3150289654214482 -1.7917079419453257 -1.1771969110599743
decision_type=10 10 10 2 2 10 10 10 10 10 2 10 2 10 2 2 2 10 2 10 2 2 2 10 10 10 10 10 10 8
left_child=-1 13 3 -3 27 6 9 8 -8 28 11 -7 -13 14 15 -2 29 -18 -19 -11 21 -15 -23 -24 26 -26 -12 -5 -4 -16
right_child=1 2 5 4 -6 10 7 -9 -10 19 24 12 -14 20 16 -17 17 18 -20 -21 -22 22 23 -25 25 -27 -28 -29 -30 -31
leaf_value=3.719120714746457e-05 -0.00020290132639603313 0 0 0 0 0 0 0 -0.00018710627163281071 0.00013913970192006269 0 0.00010811049340962299 0 0 2.5034604264018201e-05 0 0 0.00021433223500117948 0 0 -1.9621692229010182e-06 0 -0.00015030343931665127 0 4.9435736208021626e-05 -1.215861315549793e-06 -8.1746064136727978e-05 0.00014560891643162425 -8.284320268344035e-05 -3.7721811126630489e-05
leaf_weight=181 37 290 38 22 221 144 31 173 122 54 304 177 52 58 196 75 44 60 20 37 428 53 156 39 427 5007 183 137 63 161
leaf_count=181 37 290 38 22 221 144 31 173 122 54 304 177 52 58 196 75 44 60 20 37 428 53 156 39 427 5007 183 137 63 161
internal_value=0 -4.55424e-07 1.87468e-06 3.16997e-05 6.30608e-05 -3.25226e-07 -3.41733e-05 -7.00495e-05 -0.000141171 7.1808e-07 1.6666e-06 4.05008e-05 7.27668e-05 -1.736e-05 0 -6.67769e-05 2.37305e-05 0.000101406 0.000158012 7.85497e-05 -3.67381e-05 -6.9028e-05 -9.43928e-05 -0.000120111 0 1.84503e-06 -3.00702e-05 0.000124554 -1.99598e-05 0
internal_weight=8990 8809 7482 670 380 6812 518 326 153 192 6294 373 229 1327 593 112 481 124 80 91 734 306 248 195 5921 5434 487 159 101 357
internal_count=8990 8809 7482 670 380 6812 518 326 153 192 6294 373 229 1327 593 112 481 124 80 91 734 306 248 195 5921 5434 487 159 101 357
is_linear=0
shrinkage=0.05


Tree=175
num_leaves=31
num_cat=0
split_feature=0 32 60 45 349 273 46 201 38 88 324 239 91 44 194 93 23 39 337 91 22 221 299 205 211 71 27 371 231 218
split_gain=0.000101525 0.000214054 0.00028728 0.000404043 0.000190396 0.000547458 0.000922305 0.000527141 0.000502083 0.000490694 0.000565047 0.000467906 0.000492327 0.000449362 0.000511836 0.000346919 0.000337989 0.000361807 0.000345184 0.000295308 0.000281348 0.000245672 0.000434849 0.00037929 0.000286925 0.000714166 0.000414822 0.000242743 0.00028621 0.000236274
threshold=2.4144930839538579 0.54034386078516661 -0.98421688874562563 0.47618198394775396 3.7490243911743169 0.21221394633867272 0.035574095944563504 0.76657411316656054 1.6396958827972414 0.39240262905756634 0.57892831166585312 0.99998355154910723 7.3946339289347334 2.9160386721293134 0.4727385167790496 0.7170323133468629 0.026940517127513854 -1.1755867799123128 1.3877954976738303 -1.0465330282847083 3.8326489130655932 1.9368972917526388 1.9868214951035415e-07 1.3079661545193624 0.17748430750796204 0.00066143223860605017 2.2407058080037436 1.0000000180025095e-35 0.50686729592288282 1.531727044338014
decision_type=2 2 2 2 10 10 2 10 2 2 10 10 2 2 10 2 2 2 10 2 2 8 10 8 10 2 2 2 10 10
left_child=4 2 -2 -4 16 6 -6 8 27 -8 -11 -9 15 14 -10 -13 21 -18 19 -19 -21 22 24 29 26 -26 -1 -7 -29 -23
right_child=1 -3 3 -5 5 7 9 11 13 10 -12 12 -14 -15 -16 -17 17 18 -20 20 -22 23 -24 -25 25 -27 -28 28 -30 -31
leaf_value=-7.1964726572149429e-08 0 0 0.00018044107243915915 0 5.9486338623165374e-06 5.0702476562143524e-05 0 0 0 -0.00027253844065202709 0 0 0 0 0.00015019176302913639 -0.00014509986402151914 -3.3378325536629654e-05 0 0 8.9068744965396264e-05 0 -0.00015991988007370679 5.7155472478128966e-05 0 1.1281425131876894e-05 -6.8021393469169523e-05 0.00010204902260397262 0 -0.00010791716351597912 0
leaf_weight=4343 21 288 77 34 110 88 77 264 43 91 54 35 65 79 187 191 123 91 310 494 70 85 316 146 415 540 100 137 94 22
leaf_count=4343 21 288 77 34 110 88 77 264 43 91 54 35 65 79 187 191 123 91 310 494 70 85 316 146 415 540 100 137 94 22
internal_value=0 2.42407e-05 7.69394e-05 0.000116203 -9.01068e-07 -1.73635e-05 -7.41393e-05 0 2.9921e-05 -0.00013632 -0.000192091 -3.68928e-05 -8.13257e-05 7.66815e-05 0.000113054 -0.000118148 1.92558e-06 2.79141e-05 4.09099e-05 6.15052e-05 7.5511e-05 -1.97552e-06 0 -5.0186e-05 -3.17758e-06 -2.83273e-05 1.10341e-06 0 -4.05701e-05 -0.000121679
internal_weight=8990 420 132 111 8570 1515 332 1183 628 222 145 555 291 309 230 226 7055 1088 965 655 564 5967 5714 253 5398 955 4443 319 231 107
internal_count=8990 420 132 111 8570 1515 332 1183 628 222 145 555 291 309 230 226 7055 1088 965 655 564 5967 5714 253 5398 955 4443 319 231 107
is_linear=0
shrinkage=0.05


Tree=176
num_leaves=29
num_cat=0
split_feature=191 50 346 287 368 85 191 336 86 191 24 207 87 345 273 367 263 231 321 363 80 72 337 251 274 64 328 204
split_gain=0.000101978 0.000196131 0.000323285 0.000301026 0.00048619 0.000174511 0.000173806 0.000315875 0.000326664 0.00031832 0.000235295 0.000293 0.000349423 0.000237287 0.000424798 0.000266624 0.000167649 0.000161913 0.000186559 0.000160414 0.000114046 8.45998e-05 7.67071e-05 7.02981e-05 0.000146796 7.22421e-05 4.43217e-05 3.80799e-06
threshold=2.2583293612168927 16.393929799397792 6.3335041205088309 0.091251246941586303 84.404271720258564 13.23849147061507 1.3250855979904064 1.2388973965595336 0.54443500439325987 1.7725348596791022 1.0071802536646526 -0.20269008249756473 1.5121432145436609 2.5636834899584455 1.4249119979437859 -2.9706346984159082 2.1868168746321515 0.47780694234370735 3.8119349043758173 -0.45371718186606586 0.00066139933187510012 -0.39632600545883173 0.91160476949678271 1.0603633482088872 0.75251460613999266 6.618000030517579 1.3644364277521774 -0.26233038039053674
decision_type=10 2 10 10 2 2 10 10 2 10 2 10 2 10 10 2 10 10 10 10 2 2 10 10 10 2 10 10
left_child=1 5 3 4 -3 6 10 8 27 -10 13 20 -13 15 -15 -1 17 -2 22 -7 -12 -21 -19 24 -9 -25 -4 -8
right_child=16 2 26 -5 -6 19 7 23 9 -11 11 12 -14 14 -16 -17 -18 18 -20 21 -22 -23 -24 25 -26 -27 -28 -29
leaf_value=3.7056485825085557e-05 0 0 6.7806269081562541e-05 0 -0.00028551053783983782 0 0 0 -0.00012630910962868584 0 0 7.3016092228128448e-05 0 -6.6961114443399606e-05 1.3942310125252427e-05 -1.3160475509046321e-06 0 0 0 0 -6.714083668411969e-05 0.00017042105857520222 0.00015960638170948026 -4.5670271483548276e-05 7.396660312856657e-05 0 0 1.421697423813766e-05
leaf_weight=480 24 31 24 20 40 20 21 58 177 88 25 397 337 364 142 6143 32 23 23 20 81 36 68 92 97 50 30 47
leaf_count=480 24 31 24 20 40 20 21 58 177 88 25 397 337 364 142 6143 32 23 23 20 81 36 68 92 97 50 30 47
internal_value=0 -5.01963e-07 -5.82628e-05 -0.000119492 -0.000169939 0 -2.01549e-07 -2.59191e-05 -6.0345e-05 -8.74996e-05 1.20447e-06 2.65345e-05 4.11575e-05 -1.07912e-06 -3.43793e-05 7.10575e-07 3.85452e-05 6.9749e-05 9.71382e-05 7.5686e-05 -2.75407e-05 0.000122144 0.000130145 0 3.25423e-05 -8.99388e-06 0 0
internal_weight=8990 8820 145 91 71 8675 8599 630 333 265 7969 840 734 7129 506 6623 170 138 114 76 106 56 91 297 155 142 54 68
internal_count=8990 8820 145 91 71 8675 8599 630 333 265 7969 840 734 7129 506 6623 170 138 114 76 106 56 91 297 155 142 54 68
is_linear=0
shrinkage=0.05


Tree=177
num_leaves=31
num_cat=0
split_feature=249 279 279 357 58 296 255 72 245 247 250 327 314 83 326 290 295 71 325 69 216 28 304 210 60 76 279 336 241 360
split_gain=9.6881e-05 0.000314257 0.000301582 0.000401072 0.000407684 0.000632858 0.000321347 0.000313872 0.000279643 0.000459618 0.000262554 0.000254289 0.000553422 0.000522116 0.000415803 0.000245971 0.000259528 0.000200931 0.000240744 0.000321773 0.000273149 0.000306785 0.000237747 0.000181221 0.000155374 0.000147033 6.74905e-05 7.60668e-05 6.52926e-05 7.908e-05
threshold=-1.5804914792231102 -1.4909508288668463 -0.97068609945810846 -2.3192171012011595 -2.6294901470343262 -0.0092990243186553481 -0.89579151134312152 -6.1658995946248369 -1.0085158897496982 -0.89970036442656076 -1.5023930821633056 -0.17544712622960393 -1.3842716774855943 -0.35822983582814522 -0.15266994635264047 -2.9344872633616128 -1.1744556427001951 -3.9281693299611402 -1.3974020083745318 -1.1964980363845823 -2.1101989241741332 -0.0020992308855056494 -2.4751534706424683 -0.087564681116574339 -1.7187847296396888 -6.9827553431193019 -2.2701245128914382 -3.0765829217906204 -0.34293583583270265 -1.4000183561636541
decision_type=8 8 8 10 2 10 10 2 10 10 10 10 10 2 10 10 10 2 10 2 10 2 10 10 2 2 10 10 10 10
left_child=17 15 11 6 5 -5 -4 -8 9 -6 -9 12 -3 -14 -15 -2 24 25 26 20 -20 22 -22 -10 -17 -1 -19 -28 29 -13
right_child=1 2 3 4 8 -7 7 10 23 -11 -12 28 13 14 -16 16 -18 18 19 -21 21 -23 -24 -25 -26 -27 27 -29 -30 -31
leaf_value=0.00015560961357405899 0 0 0 0.00026738097410071172 4.0534858922992545e-06 0 0 0 1.5069936532651988e-05 -7.4486659768232362e-05 0.00012144523378577337 0 0 -0.00019903459833798656 0 0 0 0 0 0 0 0 -0.00019703291526482693 -3.8229647750687548e-06 0.00016348307442999382 0 0 0.00010263262319859804 0 8.1679618955009264e-05
leaf_weight=20 109 231 162 36 182 29 49 24 1693 336 223 22 38 128 28 23 85 25 72 213 34 103 104 4749 92 21 21 35 49 54
leaf_count=20 109 231 162 36 182 29 49 24 1693 336 223 22 38 128 28 23 85 25 72 213 34 103 104 4749 92 21 21 35 49 54
internal_value=0 1.6857e-06 0 2.40761e-06 0 0.000123861 4.77857e-05 7.90313e-05 -1.71514e-06 -3.72454e-05 0.000103248 -3.59406e-05 -5.62763e-05 -0.000118592 -0.000160779 5.11703e-05 8.43672e-05 -1.83613e-05 -3.14819e-05 -4.76143e-05 -7.98666e-05 -0.000105432 -0.000157988 3.66226e-07 0.000134206 5.38369e-05 1.15564e-05 5.65744e-05 0 4.63137e-05
internal_weight=8990 8342 8033 7483 7025 65 458 296 6960 518 247 550 425 194 156 309 200 648 607 526 313 241 138 6442 115 41 81 56 125 76
internal_count=8990 8342 8033 7483 7025 65 458 296 6960 518 247 550 425 194 156 309 200 648 607 526 313 241 138 6442 115 41 81 56 125 76
is_linear=0
shrinkage=0.05


Tree=178
num_leaves=31
num_cat=0
split_feature=350 66 202 67 30 303 39 50 256 286 363 304 85 368 69 57 303 208 356 357 209 88 334 234 336 15 47 24 202 274
split_gain=0.000102236 0.000570501 0.000419358 0.00035708 0.000418605 0.000452421 0.000343763 0.000547775 0.000629885 0.000362564 0.000382273 0.000324568 0.000314992 0.000300359 0.000286361 0.000251446 0.00077296 0.000505762 0.000426203 0.000313316 0.000242083 0.000323931 0.000213831 0.000212802 0.000321113 0.000195404 0.000258045 0.000194879 0.000193798 0.000187019
threshold=0.94343010584513387 -2.6955753962198883 -0.27498230905769366 2.1503570079803471 1.2587597568829858 0.87768969254946816 -1.1755867799123128 -2.8704563776652017 -0.13764429543438036 0.015481833678980601 0.50327512939592134 -0.23656729431628523 -0.31113270918528235 67.578583964932989 4.0692788461844129 1.8323207696278898 0.60423012688748134 0.75120136127248538 1.5430448958479916 0.34777671216912803 0.4538690866222827 -0.10720954338709508 1.9991848616869523 -0.46572443890742038 0.71564382902255796 0.69190208117167173 0.13168797393639883 0.64215149482091283 -1.3908601905815783 -0.17531482627714562
decision_type=8 2 10 2 2 10 2 2 10 10 8 10 2 2 2 2 10 10 10 10 10 2 10 10 10 2 2 2 10 10
left_child=3 2 -2 -1 12 11 7 28 25 10 -8 -6 20 14 -12 16 18 19 -11 -17 21 -5 -18 29 -25 26 -9 -19 -3 -10
right_child=1 6 -4 4 5 -7 9 8 23 15 13 -13 -14 -15 -16 17 22 27 -20 -21 -22 -23 -24 24 -26 -27 -28 -29 -30 -31
leaf_value=0 0.00019132936224483486 -2.4721515507065545e-05 0 0 0 0 -8.8650977838383747e-06 0 0 -0.00014943920380769228 0.00011356184126874503 -0.00025907381409009001 1.1254329949127461e-05 4.6190978896798767e-06 0 0 3.4985455048316639e-05 -4.1418079923300991e-05 0 7.1324777867298755e-05 0 -0.00018692760985512336 -4.5462636783563372e-05 -0.00012300402077161554 0 0 -0.00020704739828983294 1.087475655718659e-06 5.739321095735398e-05 0.0001585707987582874
leaf_weight=4955 72 47 94 33 20 61 149 26 21 157 275 59 283 312 33 76 271 315 42 415 20 62 98 69 41 25 109 674 146 30
leaf_count=4955 72 47 94 33 20 61 149 26 21 157 275 59 283 312 33 76 271 315 42 415 20 62 98 69 41 25 109 674 146 30
internal_value=0 6.91644e-06 9.7869e-05 -4.00928e-06 -4.26975e-05 -0.000120203 8.80015e-07 -3.48597e-05 -7.83e-05 9.17709e-06 3.85619e-05 -0.000199726 -2.85123e-06 5.80224e-05 9.58717e-05 0 -2.99757e-05 8.93458e-06 -0.000110768 5.20095e-05 -8.09833e-05 -0.000119589 6.68442e-08 0 -4.69505e-05 -0.000148768 -0.000172753 -7.39841e-06 1.15006e-05 7.52436e-05
internal_weight=8990 3497 166 5493 538 140 3331 514 321 2817 769 79 398 620 308 2048 568 1480 199 491 115 95 369 161 110 160 135 989 193 51
internal_count=8990 3497 166 5493 538 140 3331 514 321 2817 769 79 398 620 308 2048 568 1480 199 491 115 95 369 161 110 160 135 989 193 51
is_linear=0
shrinkage=0.05


Tree=179
num_leaves=31
num_cat=0
split_feature=2 370 93 325 73 244 356 366 86 88 64 64 89 42 91 351 233 231 268 246 92 231 57 311 310 350 252 305 250 45
split_gain=0.000100156 0.000254526 0.000312954 0.000404064 0.000173638 0.000494755 0.000382804 0.000365283 0.000306086 0.000336289 0.000278594 0.000288671 0.000310144 0.000461759 0.000532388 0.000299149 0.000273505 0.000365917 0.000264594 0.000260489 0.000497162 0.000357093 0.000240342 0.00021273 0.000265756 0.000234608 0.000229811 0.000219179 0.000193779 0.000179125
threshold=2.8623056411743169 0.88908074595965425 0.47353865702946984 0.54563900828361511 5.8768021265665702 0.91098482879289744 2.8708655382692863 2.4654939381628753 1.8801440795262656 0.45758956670761114 6.0578816731770848 3.5042967796325688 2.7406431833902998 0.014566362525025951 1.3626035849253337 0.99416009585062692 1.1248976205434997 0.42485139699868507 0.71548550857342519 0.31597612473360809 0.78703999519348156 -0.030692413461356548 2.6010501384735112 2.1680415903365113 4.4658791960816844 19.30462010701498 2.0241815815265038 0.65556929339106751 -0.53448323257532182 0.82555417219797789
decision_type=2 2 2 10 2 10 10 2 2 2 2 2 2 2 2 10 10 10 10 10 2 10 2 10 10 10 10 10 10 2
left_child=4 2 -2 -4 10 6 7 8 9 -6 11 12 19 15 -15 -14 17 -13 -12 21 -21 -1 29 26 25 -25 27 -7 -19 -20
right_child=1 -3 3 -5 5 23 -8 -9 -10 -11 18 16 13 14 -16 -17 -18 28 22 20 -22 -23 -24 24 -26 -27 -28 -29 -30 -31
leaf_value=-5.1194079142786689e-06 0 0 0.00015365283200390051 0 0 0 0 0 0 -0.00016083625256509056 0 0 2.221563492171444e-05 0 0.00015009988749648689 -7.4033544460140968e-05 0 0 0.00015669255017228885 -5.2183170614637434e-06 -0.00010551610323220696 2.4894549654467977e-05 0 -0.00011926221488982999 3.8521313471395433e-05 0 0 8.5232970449190273e-05 -0.00012040480034372191 0
leaf_weight=3327 44 261 113 72 42 72 61 32 41 199 212 85 448 101 144 96 140 36 98 1060 167 1345 77 98 28 95 81 202 193 20
leaf_count=3327 44 261 113 72 42 72 61 32 41 199 212 85 448 101 144 96 140 36 98 1060 167 1345 77 98 28 95 81 202 193 20
internal_value=0 2.21906e-05 6.18941e-05 9.47013e-05 -1.03196e-06 -2.14434e-05 -6.68087e-05 -9.15263e-05 -0.000112091 -0.000133697 8.77337e-07 -7.33577e-07 1.1659e-06 3.10587e-05 8.84058e-05 0 -3.97202e-05 -6.67667e-05 4.14207e-05 -1.98518e-06 -2.29514e-05 2.45133e-06 8.34893e-05 0 -2.90129e-05 -6.47188e-05 3.1202e-05 5.79424e-05 -0.000100522 0.000128852
internal_weight=8990 490 229 185 8500 951 375 314 282 241 7549 7142 6688 789 245 544 454 314 407 5899 1227 4672 195 576 221 193 355 274 229 118
internal_count=8990 490 229 185 8500 951 375 314 282 241 7549 7142 6688 789 245 544 454 314 407 5899 1227 4672 195 576 221 193 355 274 229 118
is_linear=0
shrinkage=0.05


Tree=180
num_leaves=31
num_cat=0
split_feature=363 254 32 298 254 244 320 214 369 250 307 46 268 335 74 28 247 366 16 266 292 367 81 325 213 253 67 239 225 267
split_gain=9.58794e-05 0.000347692 0.000397638 0.000568218 0.000260868 0.000354088 0.000491624 0.000407467 0.000482516 0.000314234 0.000304766 0.000286826 0.000270533 0.000269047 0.000231489 0.000226722 0.000412628 0.000195454 0.000188923 0.000305126 0.000262488 0.000374998 0.000280485 0.000198689 0.000186901 0.000474489 0.000560748 0.000646238 0.000479016 0.000465338
threshold=-1.711918467875478 -0.9925018091536858 0.43750802675882977 -0.27056174476941408 -0.56866127009555978 -0.073386569515371383 -0.45702578240694586 -0.47209972592387245 80.441089757182922 -0.85873825258233338 1.5163069321682989 0.52808443705240904 -0.86514853214365195 -0.77933100264032673 0.34650464852650981 0.35124373435974127 -0.80409870142355 -0.21681806726874123 -0.17446142435073847 -0.72700162128478463 -0.49502944946289062 0.2044115744280843 0.50194271405537927 -1.599391301509989e-06 -0.21707557252937701 1.0000000180025095e-35 1.6656055450439464 -0.0096410614280523985 0.73407155140319158 -0.39618071749518663
decision_type=8 10 2 10 8 10 10 10 2 10 10 2 10 10 2 2 10 2 2 10 10 2 2 10 10 10 2 10 10 10
left_child=1 18 3 -3 5 6 13 8 -8 -7 11 -11 -10 -2 -15 16 -5 -16 19 -1 21 22 -21 -20 25 -6 27 -27 -29 -26
right_child=4 2 -4 15 24 9 7 -9 12 10 -12 -13 -14 14 17 -17 -18 -19 23 20 -22 -23 -24 -25 29 26 -28 28 -30 -31
leaf_value=0 0 0 0 0 0 0 0 0 0 0.00015464389073621373 0 0 -0.00024427507527120562 0 0.00017787323745858019 0 -0.00022967978627030138 0 -6.3741703782241793e-05 0.00013728656933238077 0 0 0 0 5.4738015137954885e-05 0 -4.2131882306030761e-06 -0.00030034121053562873 0 0
leaf_weight=567 370 49 195 50 1233 57 40 115 21 161 49 24 59 56 74 21 96 25 188 173 60 38 26 190 415 103 395 64 21 4055
leaf_count=567 370 49 195 50 1233 57 40 115 21 161 49 24 59 56 74 21 96 25 188 173 60 38 26 190 415 103 395 64 21 4055
internal_value=0 -1.06443e-05 -5.06952e-05 -9.74127e-05 2.67244e-06 2.58709e-05 9.10271e-07 -5.15694e-05 -0.000116994 7.38614e-05 0.000100696 0.000130154 -0.000188634 3.39285e-05 9.0741e-05 -0.000144128 -0.000166248 0.000136845 0 1.53943e-05 5.70683e-05 8.27565e-05 0.000113421 -2.66001e-05 -4.11225e-07 -1.46151e-05 -5.19578e-05 -0.000125635 -0.000232106 4.24094e-06
internal_weight=8990 1653 411 216 7337 1051 760 235 120 291 234 185 80 525 155 167 146 99 1242 864 297 237 199 378 6286 1816 583 188 85 4470
internal_count=8990 1653 411 216 7337 1051 760 235 120 291 234 185 80 525 155 167 146 99 1242 864 297 237 199 378 6286 1816 583 188 85 4470
is_linear=0
shrinkage=0.05


Tree=181
num_leaves=31
num_cat=0
split_feature=350 66 305 67 30 75 249 39 50 256 307 49 320 279 349 353 255 241 41 266 299 336 219 3 70 337 297 261 265 290
split_gain=9.62214e-05 0.000517001 0.000457937 0.000312584 0.000383049 0.000413784 0.000361404 0.000311274 0.000488719 0.000576695 0.00034059 0.00028473 0.000279567 0.000263959 0.000464018 0.000398349 0.000314828 0.000704316 0.000256875 0.000218798 0.000214561 0.000369651 0.00021626 0.00019246 0.000184693 0.000480059 0.000293783 0.00047507 0.000303163 0.000302832
threshold=0.94343010584513387 -2.6955753962198883 0.34190470184756377 2.1503570079803471 1.2587597568829858 2.8736387093861899 0.27709014190039727 -1.1755867799123128 -2.8704563776652017 -0.13764429543438036 0.43968067560455448 0.17329057057698569 -0.59426701993684916 0.99010999956234336 3.9743831555048632 2.8031580489241916 0.91142534008714049 1.4095783005260787 2.2364452679951992 1.336271188697215 7.9472859848550596e-08 -0.89337038249209411 0.23399727821533492 3.0821242332458501 -1.0821761687596638 -1.183467957941515 -0.047241926193237242 -0.42026757298750039 -1.6492727987934146 -0.17049974203109738
decision_type=8 2 10 2 2 2 10 2 2 10 10 2 10 10 10 10 10 10 2 10 10 10 10 2 2 10 10 8 10 10
left_child=3 2 -2 24 6 11 20 8 -3 -10 12 -6 -9 14 -12 -16 17 -15 23 -18 21 -5 -23 -14 25 -1 -26 28 -28 -30
right_child=1 7 -4 4 5 -7 -8 10 9 -11 13 -13 18 16 15 -17 19 -19 -20 -21 -22 22 -24 -25 26 -27 27 -29 29 -31
leaf_value=2.1804062764944515e-06 0.00017338828738829807 9.3506719003728438e-06 0 0 0 0 3.0922762660796468e-05 0 -0.00014160993230008642 0 4.9963345279722694e-07 -0.00020367332720933954 8.1501616240072417e-05 0.00013573650527520415 -8.3427908137223637e-05 0 -2.9178448843253686e-05 -2.0571638589914645e-05 0 3.2912570597392448e-05 0 -0.00017650104260646038 0 0 2.2233199268284211e-05 -6.0910681305601858e-05 0 1.9871082901112097e-06 -0.00012591559654384868 0
leaf_weight=599 86 193 80 40 24 30 201 175 160 161 810 86 435 155 357 88 286 48 149 280 50 87 20 34 1573 422 35 2039 173 114
leaf_count=599 86 193 80 40 24 30 201 175 160 161 810 86 435 155 357 88 286 48 149 280 50 87 20 34 1573 422 35 2039 173 114
internal_value=0 6.61992e-06 9.32271e-05 -3.98654e-06 -4.01808e-05 -0.000114145 -1.58128e-06 8.00185e-07 -3.31188e-05 -7.42199e-05 8.765e-06 -0.000161168 3.66945e-05 0 -1.62096e-05 -5.78508e-05 2.07178e-05 7.41666e-05 5.34646e-05 0 -6.0112e-05 -9.21315e-05 -0.000142433 7.16616e-05 0 -1.90032e-05 4.86183e-06 -4.59452e-06 -6.17821e-05 -8.32e-05
internal_weight=8990 3497 166 5493 538 140 398 3331 514 321 2817 110 793 2024 1255 445 769 203 618 566 197 147 107 469 4955 1021 3934 2361 322 287
internal_count=8990 3497 166 5493 538 140 398 3331 514 321 2817 110 793 2024 1255 445 769 203 618 566 197 147 107 469 4955 1021 3934 2361 322 287
is_linear=0
shrinkage=0.05


Tree=182
num_leaves=31
num_cat=0
split_feature=249 218 263 291 241 363 50 235 295 365 17 73 211 353 212 218 274 289 311 241 87 295 217 236 195 258 20 269 327 257
split_gain=9.29571e-05 0.000484465 0.000447153 0.000393952 0.000406217 0.000558327 0.000478336 0.000348584 0.000347279 0.000643987 0.000427213 0.00034799 0.000432937 0.00043952 0.000343384 0.000423142 0.000407046 0.000331512 0.000329645 0.000334602 0.00032572 0.000311467 0.000296977 0.000267088 0.00024197 0.000307703 0.000410297 0.000238808 0.00023658 0.000233818
threshold=-0.037825112294029344 -1.0000000180025095e-35 0.90627780520160472 -2.9452147086461378 -0.39464472673634682 -2.1033229148511836 1.2909412384033205 -0.61809483863606796 -0.42375518878300972 0.4774985352332346 0.97097480297088634 1.0000000180025095e-35 -0.15636672375004132 2.2637974565908823 0.021857994344691354 0.66978685605497634 0.75251460613999266 -3.1348046859105421 -1.3680083947928121 -1.0226005383198935 -0.018043547868728596 -1.3279193242390948 -0.18542143270230885 -0.67453926043934243 0.21602297631481632 1.5607397565787635 -0.7941116491953536 0.25905756647420414 0.30826511482397717 -0.043817108163652189
decision_type=10 10 10 10 10 10 2 10 10 10 2 2 10 10 10 10 10 10 8 10 2 10 10 10 10 10 2 10 10 10
left_child=18 2 3 -2 5 -5 -7 -6 9 17 -11 12 -10 20 15 16 -13 22 19 -1 -14 -19 -3 -21 25 26 -4 29 -9 -16
right_child=1 8 24 4 7 6 -8 28 11 10 -12 14 13 -15 27 -17 -18 21 -20 23 -22 -23 -24 -25 -26 -27 -28 -29 -30 -31
leaf_value=-5.5565578604194858e-06 0 -0.0002047196923691528 0 0 -1.8747329320723037e-05 0.00026542515620798585 0 0.00010126533728572503 0 -0.00029290920129689386 0 -0.0001169658965269705 0 0 0 0 0 8.1569557664468021e-05 -1.5706380414902756e-05 0 0.00017562751831804821 -1.5891268602778831e-05 0 7.1800373447153393e-05 2.0241605787332083e-05 0 -0.00024242239916131615 0 0 7.3539148339393207e-05
leaf_weight=815 107 37 33 25 78 94 26 180 74 41 28 209 36 20 73 215 77 114 2893 437 126 142 26 329 108 31 40 2253 91 232
leaf_count=815 107 37 33 25 78 94 26 180 74 41 28 209 36 20 73 215 77 114 2893 437 126 142 26 329 108 31 40 2253 91 232
internal_value=0 5.26645e-06 4.04717e-05 6.38258e-05 8.33619e-05 0.000166815 0.000212701 3.43289e-05 -1.11359e-06 -4.67508e-05 -0.000188611 2.72095e-06 5.9087e-05 0.000104181 -3.63489e-07 -3.95856e-05 -8.02627e-05 -3.47701e-07 -4.89346e-06 1.173e-05 0.000137737 8.00054e-06 -0.000113469 3.66472e-05 -2.15992e-06 -7.34509e-05 -0.000134931 5.36507e-06 6.80502e-05 4.68844e-05
internal_weight=8990 4516 813 601 494 145 120 349 3703 388 69 3315 256 182 3059 501 286 319 4474 1581 162 256 63 766 212 104 73 2558 271 305
internal_count=8990 4516 813 601 494 145 120 349 3703 388 69 3315 256 182 3059 501 286 319 4474 1581 162 256 63 766 212 104 73 2558 271 305
is_linear=0
shrinkage=0.05


Tree=183
num_leaves=31
num_cat=0
split_feature=213 224 213 253 324 234 239 7 216 195 223 314 44 44 366 4 15 216 60 346 59 4 350 301 268 256 204 191 217 254
split_gain=9.66564e-05 0.000382047 0.00023103 0.000475027 0.000489248 0.000748682 0.000670642 0.00094478 0.000377842 0.000383573 0.000387403 0.000428327 0.000312419 0.000528174 0.000416851 0.000368507 0.000309333 0.000425411 0.000302244 0.000319265 0.000296602 0.000288048 0.00028254 0.000265119 0.000359728 0.000287886 0.000230507 0.000218608 0.000247437 0.000211817
threshold=-1.5653174837968005 -1.3475400039992429 -0.21707557252937701 -0.0099536260460547487 0.37424369653066009 -0.68020288956117503 -0.017235361252369946 1.9868118762969975 -0.60182309655193966 0.06477999755407611 -1.0317094960793405 -2.9370287047224806 -1.0112584829330442 -0.18975742657979322 -2.5607702844763955 -1.7633181413014725 0.46057124932607024 -1.2779851434221257 0.46113882462183636 4.094783067703248 4.4687723318735761 5.9003569285074882 -11.353234072526293 0.0010449700057507001 -0.38375210102579937 -0.10414168792349289 -0.5037546628565972 -0.81195043669540345 -0.84681427924787556 0.22464371889399756
decision_type=8 10 10 10 10 10 10 2 10 10 10 10 2 2 2 2 2 10 2 10 2 2 10 10 10 10 10 10 10 10
left_child=1 27 3 8 5 -5 -7 -8 9 10 26 -12 22 15 21 -14 17 -17 20 -20 -16 -15 -4 24 -10 -26 -2 -1 -29 -24
right_child=2 -3 12 4 -6 6 7 -9 23 -11 11 -13 13 14 18 16 -18 -19 19 -21 -22 -23 29 -25 25 -27 -28 28 -30 -31
leaf_value=3.1016436404372243e-05 -2.3273909958539677e-05 5.5017422163621198e-05 0 0 0 -3.9708176694373635e-06 -0.00024745422921899533 0 0 7.8590209132667474e-05 0 -8.5198459466760665e-05 0 6.601967480698196e-05 4.8161986244026708e-05 0 0 -0.00015562709963015523 1.8127093493203768e-06 -3.2091545103377944e-05 -1.2874313175354137e-05 0 0.00013760613112663369 -1.6280680133599251e-05 9.1089485129912677e-05 0 4.8204286359286287e-05 -7.1109491493255938e-05 0 0
leaf_weight=105 407 382 96 95 172 148 144 34 481 60 92 445 117 445 597 25 105 161 2614 854 133 47 111 254 308 105 153 215 54 31
leaf_count=105 407 382 96 95 172 148 144 34 481 60 92 445 117 445 597 25 105 161 2614 854 133 47 111 254 308 105 153 215 54 31
internal_value=0 1.72555e-05 -1.41606e-06 -1.32173e-05 -5.3423e-05 -8.32126e-05 -0.000121166 -0.000190478 -7.02706e-07 -2.28439e-05 -3.2956e-05 -6.3417e-05 4.05633e-06 4.45319e-07 6.15645e-06 -5.29382e-05 -8.42236e-05 -0.000123496 0 -5.09524e-06 3.01931e-05 4.97891e-05 6.03724e-05 1.72571e-05 3.23788e-05 6.6679e-05 0 -7.95321e-06 -4.17507e-05 0.000105252
internal_weight=8990 756 8234 2898 593 421 326 178 2305 1157 1097 537 5336 5098 4690 408 291 186 4198 3468 730 492 238 1148 894 413 560 374 269 142
internal_count=8990 756 8234 2898 593 421 326 178 2305 1157 1097 537 5336 5098 4690 408 291 186 4198 3468 730 492 238 1148 894 413 560 374 269 142
is_linear=0
shrinkage=0.05


Tree=184
num_leaves=31
num_cat=0
split_feature=40 40 63 47 15 268 188 218 368 37 235 36 90 51 348 222 287 250 277 79 279 241 246 263 246 373 330 232 239 301
split_gain=9.24732e-05 0.000352774 0.000416848 0.000453162 0.000454076 0.000252287 0.00029389 0.000250335 0.000401051 0.000391194 0.000372886 0.000579159 0.000439517 0.000382175 0.000342827 0.000340167 0.000310249 0.000355798 0.000517021 0.000408213 0.000348453 0.000309933 0.000587014 0.000295592 0.000503276 0.000272967 0.000313834 0.00026137 0.000244499 0.000240268
threshold=0.043707470099131208 -0.37578070163726801 1.7532514731089277 0.68042123317718517 0.17889014879862467 -0.44097330848441002 0.87494159457646037 0.28739191496166505 227.4473566313512 0.79708170890808117 0.52208261519763943 0.42547392845153814 0.93060922622680675 -1.7070845762888589 2.1735863685607915 -1.3098908356086045 0.022423615679144752 1.0802263555268146 0.44951313492906048 5.8775151570638036 0.90506914247410908 1.3529721673472348 1.3227945677441439 0.93190138293584746 -0.84642034279107026 -2.1978044650590278 0.45875185728073148 0.76515121833221655 0.080981474911805171 0.28058731555938721
decision_type=2 2 2 2 2 10 10 10 2 2 10 2 2 2 10 10 10 10 10 2 10 10 10 10 10 2 10 10 10 10
left_child=1 -1 3 -3 -5 -6 -7 8 14 -10 11 12 13 -9 15 -2 17 18 -12 -20 25 22 -22 24 -17 -18 -27 -13 -15 -29
right_child=7 2 -4 4 5 6 -8 10 9 -11 16 27 -14 28 -16 23 20 -19 19 -21 21 -23 -24 -25 -26 26 -28 29 -30 -31
leaf_value=1.0325211562964999e-07 0 -1.0759568108593249e-05 3.1549773357451674e-06 0 0 -0.00026749301135805934 0 0 -0.00011899497026526763 0 0 2.0329939473109219e-05 0 0 0 0.00027377120590473523 0 0 0.00016219816960399183 0 0.00012419570529853424 -4.5909693273759259e-06 0 0 5.9096252432571392e-05 0 -0.00014936074356632987 -7.5466585764662699e-05 -0.00028776436059672802 0
leaf_weight=5150 42 327 204 53 20 78 20 22 78 90 116 336 39 26 328 54 126 107 160 31 156 311 138 94 375 33 97 196 58 125
leaf_count=5150 42 327 204 53 20 78 20 22 78 90 116 336 39 26 328 54 126 107 160 31 156 311 138 94 375 33 97 196 58 125
internal_value=0 -3.47369e-06 -3.68325e-05 -6.32484e-05 -0.000134334 -0.000189093 -0.00022243 7.15314e-06 2.72067e-05 -2.7583e-05 -6.84498e-07 -2.95299e-05 -0.000121604 -0.00017487 4.31147e-05 6.6742e-05 1.35394e-05 4.9371e-05 7.86334e-05 0.000129229 0 1.6858e-05 5.65421e-05 8.02363e-05 9.78281e-05 -5.22499e-05 -0.00010305 -1.58436e-06 -0.000223472 -4.00934e-05
internal_weight=8990 5852 702 498 171 118 98 3138 1061 168 2077 802 145 106 893 565 1275 414 307 191 861 605 294 523 429 256 130 657 84 321
internal_count=8990 5852 702 498 171 118 98 3138 1061 168 2077 802 145 106 893 565 1275 414 307 191 861 605 294 523 429 256 130 657 84 321
is_linear=0
shrinkage=0.05


Tree=185
num_leaves=31
num_cat=0
split_feature=227 356 229 228 307 202 87 316 337 366 312 338 276 228 284 330 363 329 245 254 307 300 309 275 253 212 329 279 33 320
split_gain=9.0108e-05 0.000315788 0.0003941 0.000262541 0.000266935 0.000283664 0.000242673 0.000229957 0.000228152 0.000209327 0.00020887 0.000228413 0.000208722 0.000204641 0.000192253 0.000221178 0.000189286 0.000416888 0.000475175 0.000334736 0.000325314 0.000532591 0.000371919 0.000321655 0.000404432 0.000321588 0.000311568 0.00024766 0.000238871 0.00021527
threshold=-1.6012899997704853 -2.6214274195453728 -0.95004179519359699 -1.050339851357202 -2.4904398712828955 -1.464451004384695 -2.4367805322011304 -1.5361619871412533 -3.1436088635227839 -1.3842961635595079 -2.1377108026418372 -2.6352183506308502 -2.1702759795818043 -1.8050621471922128 0.022197940697272555 -3.3828876018524174 -0.1760870639394588 0.17864370346069339 -1.0267300687908523 -0.62866834472355582 0.42591374955337519 -1.5772654215494788 -0.040269654159251544 0.12070312932436615 0.16378980387087175 -0.99996433300074317 -0.37365223964055377 1.0544376391693087 -0.64279963572820009 1.1024989862580052
decision_type=8 10 10 8 10 10 2 10 8 2 10 10 10 10 10 10 10 10 10 10 10 10 10 10 10 10 10 10 2 10
left_child=1 13 6 10 5 -5 -3 12 -7 -10 -2 -12 -8 -1 15 -13 17 23 -19 -20 21 26 29 25 -25 -6 -18 -24 -23 -22
right_child=3 2 -4 4 16 8 7 -9 9 -11 11 14 -14 -15 -16 -17 20 18 19 -21 22 28 27 24 -26 -27 -28 -29 -30 -31
leaf_value=-5.9129462947131052e-05 0 0 0 0 1.4064047299643578e-05 0 0 0 0 0.00017499032447809495 0 0 0.00018433088532373668 1.0732472098122039e-05 0 -8.2264869680909289e-05 0 -0.00025678820519769784 7.2322652508909585e-06 -6.8426137955241237e-05 -0.0001141836829049375 6.5462859501768726e-05 -7.8602972031294445e-06 6.3406816196540918e-05 -7.2618027192402972e-06 -3.0709477947663204e-05 -8.4779944520952237e-05 2.424545188237004e-05 9.7113924470493949e-06 0
leaf_weight=147 363 41 127 200 453 33 20 71 21 81 88 41 108 134 49 411 76 35 144 232 114 586 2028 368 217 1101 147 840 673 41
leaf_count=147 363 41 127 200 453 33 20 71 21 81 88 41 108 134 49 411 76 35 144 232 114 586 2028 368 217 1101 147 840 673 41
internal_value=0 1.81313e-05 5.17832e-05 -1.20986e-06 1.33776e-06 4.50656e-05 9.05725e-05 0.000113753 0.000101423 0.000138556 -2.62356e-05 -4.47083e-05 0.000156842 -8.03529e-06 -5.90712e-05 -7.02191e-05 -3.05156e-08 -1.15804e-05 -5.80219e-05 -2.6162e-05 5.39739e-06 2.49806e-05 -2.54968e-06 -3.17084e-07 2.86507e-05 -1.44404e-05 -3.53241e-05 0 3.96351e-05 -7.82403e-05
internal_weight=8990 648 367 8342 7390 335 240 199 135 102 952 589 128 281 501 452 7055 2550 411 376 4505 1482 3023 2139 585 1554 223 2868 1259 155
internal_count=8990 648 367 8342 7390 335 240 199 135 102 952 589 128 281 501 452 7055 2550 411 376 4505 1482 3023 2139 585 1554 223 2868 1259 155
is_linear=0
shrinkage=0.05


Tree=186
num_leaves=31
num_cat=0
split_feature=251 354 249 250 41 264 275 312 50 198 366 54 90 234 318 28 61 251 348 369 354 41 316 238 356 334 289 219 333 309
split_gain=9.04828e-05 0.000261435 0.000246925 0.000288727 0.000337317 0.000304993 0.0002589 0.000234111 0.000200092 0.000197568 0.000216071 0.00018585 0.000327149 0.000320077 0.000396973 0.000343594 0.000303088 0.000254964 0.00022488 0.000288584 0.000230884 0.000211748 0.000188503 0.000287702 0.000274256 0.000265096 0.000191962 0.000214083 0.000178956 0.000147585
threshold=1.6742480018749757 2.4640514093616255 1.2268108897501746 1.5367258550542393 3.9804151058197026 0.66120772654726656 1.046631189372744 4.6787501181330713 11.254313786824545 0.31720273826224826 1.5202597494470884 2.0605446497599291 1.1648790836334231 1.0699857384010338 0.41142113976759781 0.80010382334391283 -0.51712620258331288 -0.82191967909493047 6.6191916465759286 42.229450895402728 1.6538223483149153 0.15467470884323117 2.3331414628104925 -0.2899867508517982 0.55974789207880715 -0.63848025338502579 4.7454868356386832 -0.29046023051091591 2.4153820968787492 2.2267032271908391
decision_type=10 8 10 10 2 10 10 10 2 10 2 2 2 10 10 2 2 10 10 2 10 2 10 10 10 10 10 10 10 10
left_child=1 11 -3 4 5 -4 -5 -7 -2 -10 29 12 22 14 -13 17 -14 -16 19 -15 -21 -18 23 25 -25 -1 27 -24 -23 -11
right_child=8 2 3 6 -6 7 -8 -9 9 10 -12 13 16 18 15 -17 21 -19 -20 20 -22 28 26 24 -26 -27 -28 -29 -30 -31
leaf_value=-1.7112291308718709e-06 0 0 0 -0.00012962394310567655 0 0.00016620244488642382 3.6932615622722875e-05 0 0 0 0 0 0 0 0 0 0 -0.00014721588113552689 -1.2042651087265939e-05 0.00016353857383743879 0 0.00012867771737148559 0 -2.7035087259876639e-05 0 2.6941241132061663e-05 0 8.6068098883000844e-05 0 -0.00026478767867835911
leaf_weight=2135 422 269 29 32 67 152 79 29 29 23 21 233 124 35 30 91 74 172 149 69 23 155 45 1819 1251 1086 103 193 21 30
leaf_count=2135 422 269 29 32 67 152 79 29 29 23 21 233 124 35 30 91 74 172 149 69 23 155 45 1819 1251 1086 103 193 21 30
internal_value=0 1.50246e-06 3.1963e-05 5.76225e-05 8.51781e-05 0.000116545 0 0.000141308 -1.98594e-05 -8.28287e-05 -0.000127323 -4.20638e-07 1.52819e-06 -2.36767e-05 -4.85684e-05 -8.72931e-05 4.72063e-05 -0.000123699 5.65304e-06 6.57464e-05 0.000117468 7.97682e-05 -2.94509e-07 -2.99718e-06 -1.44825e-05 6.39758e-06 3.4894e-05 6.13177e-05 0.00010974 -0.000181094
internal_weight=8990 8465 657 388 277 210 111 181 525 103 74 7808 7006 802 526 293 374 202 276 127 92 250 6632 6291 3070 3221 341 238 176 53
internal_count=8990 8465 657 388 277 210 111 181 525 103 74 7808 7006 802 526 293 374 202 276 127 92 250 6632 6291 3070 3221 341 238 176 53
is_linear=0
shrinkage=0.05


Tree=187
num_leaves=31
num_cat=0
split_feature=353 247 363 254 34 241 307 300 338 11 27 252 4 353 199 194 198 320 38 254 40 246 86 351 248 201 44 91 22 266
split_gain=8.88551e-05 0.000343467 0.000284874 0.00036826 0.000562756 0.000471417 0.000310363 0.000578235 0.000370669 0.000363693 0.000397753 0.000427505 0.00035371 0.000371012 0.000319486 0.000486366 0.000329664 0.000323961 0.000302863 0.000293242 0.000573745 0.000419793 0.000366284 0.000436901 0.000288753 0.00033188 0.000285446 0.000626141 0.000447078 0.000285235
threshold=-1.5398429919782701 -1.2822944477663172 -0.1760870639394588 -0.17584711452502869 0.3337216575940451 0.93379550073767159 0.42591374955337519 -1.7050102055072782 0.70776069472896619 0.10894358949735737 -0.66887032985687245 0.56911284781889881 -1.7919413248697913 -0.47025220291429165 -0.34032700806048227 -0.23563377920167453 0.11009316514116096 0.19921189562880792 1.6396931807200115 0.69164265077427511 1.4438068072001142 1.0325223046392205 0.71330579121907556 1.5592689514160167 -0.32905274457320127 1.8203348087292708 -0.69489196936289466 -1.5139874617258706 -2.2444798151652012 -1.0355852654229594
decision_type=10 10 10 10 2 10 10 10 10 2 2 10 2 10 10 10 10 10 2 10 2 10 2 10 10 10 2 2 2 10
left_child=1 -1 3 5 -5 26 7 12 9 10 -8 -12 13 -4 -9 17 -17 -16 -6 20 -10 -22 23 -21 -20 -26 27 -2 -29 -28
right_child=2 -3 6 4 18 -7 8 14 19 -11 11 -13 -14 -15 15 16 -18 -19 24 22 21 -23 -24 -25 25 -27 29 28 -30 -31
leaf_value=-1.304468712220218e-05 -1.2689798549613924e-05 2.9331729258829574e-05 -0.00019212479210382267 0 0 8.5757402917636551e-05 0 8.3181137176597394e-05 1.6996473100931652e-06 0 -0.00014116534728681121 0 0 0 -8.8614723242885044e-05 7.4821973688806863e-05 0 0 0 0 0.00015630066587240003 0 0 -0.00018039140369025366 -0.00017489969722699606 0 1.6868567314266072e-05 0 0.0001363208872254194 -3.843186338205236e-05
leaf_weight=668 542 1081 59 196 119 126 151 355 799 350 194 140 135 35 148 346 406 55 29 64 131 62 1079 64 172 28 156 63 142 1095
leaf_count=668 542 1081 59 196 119 126 151 355 799 350 194 140 135 35 148 346 406 55 29 64 131 62 1079 64 172 28 156 63 142 1095
internal_value=0 1.02884e-05 -2.26031e-06 -1.56947e-05 -5.33545e-05 -3.69321e-06 4.48444e-06 2.32633e-05 -3.39367e-06 -3.27478e-05 -6.09958e-05 -9.15331e-05 -4.01704e-05 -0.000115438 3.81708e-05 1.61972e-05 3.84762e-05 -4.16938e-05 -9.21476e-05 5.47996e-06 2.69623e-05 0.000105599 -8.03439e-06 -8.8072e-05 -0.000127305 -0.000148873 -1.18406e-05 7.75638e-06 8.61723e-05 -2.75386e-05
internal_weight=8990 1749 7241 2668 544 2124 4573 1539 3034 835 485 334 229 94 1310 955 752 203 348 2199 992 193 1207 128 229 200 1998 747 205 1251
internal_count=8990 1749 7241 2668 544 2124 4573 1539 3034 835 485 334 229 94 1310 955 752 203 348 2199 992 193 1207 128 229 200 1998 747 205 1251
is_linear=0
shrinkage=0.05


Tree=188
num_leaves=31
num_cat=0
split_feature=222 358 34 41 229 338 289 42 245 228 213 361 70 253 351 193 78 78 66 19 191 13 50 10 220 90 271 249 218 296
split_gain=8.96197e-05 0.00022092 0.000215588 0.000324816 0.000306581 0.000279603 0.000275138 0.000284394 0.000239139 0.000416285 0.000454091 0.000393404 0.000398038 0.000357855 0.000818623 0.000347376 0.000333552 0.000388853 0.00026362 0.00026257 0.000256855 0.000243597 0.000236182 0.000332392 0.000384491 0.000235573 0.00022855 0.000184445 0.000664327 0.000267156
threshold=1.7413039143132576 1.1635354825116619 1.072386185328166 3.4935998916625981 0.13227806431907463 0.42373778378902088 0.081984589497248253 -0.70672214031219494 0.30541497234038278 0.2949803538112627 0.1628257043286381 1.1111055713255462 0.00066139781847590021 -0.82417193350102658 -0.9705996513366697 -0.19406255884608137 0.84432188669840513 0.93822038173675548 -3.2508163452148433 2.1250165303548183 0.20416093640249677 -0.024670163790384846 1.2317398786544802 0.35338747501373297 0.44607238430650703 0.63972071806589781 0.90818541334466307 -0.25957222535896557 -0.079254928742441375 0.026606196227172901
decision_type=10 10 2 2 10 10 10 2 10 10 10 10 2 10 10 10 2 2 2 2 10 2 2 2 10 2 10 10 10 10
left_child=2 -2 8 4 -4 -6 -7 -8 9 16 13 12 -12 18 -15 19 27 25 -11 21 -19 -10 -17 24 -24 -18 -23 29 -29 -1
right_child=1 -3 3 -5 5 6 7 -9 15 10 11 -13 -14 14 -16 22 17 20 -20 -21 -22 26 23 -25 -26 -27 -28 28 -30 -31
leaf_value=2.4072168440223066e-07 -5.8260915233312661e-05 0 0 -4.9466838402369357e-06 0 0 0 0.00012930990859800841 0 0 0 0 0.00014842740374609658 -0.0002070350219177104 0 1.6834854158206572e-05 -0.00017544622175248942 -5.6759198718558037e-05 0.00021292021549974981 0 3.6819414309612985e-05 -0.00011755457188330893 -0.00014815085694210866 0 -3.4517852621441674e-06 0 0 6.4733939445813857e-05 -8.6208495742868352e-06 -7.1885589970796805e-05
leaf_weight=2822 222 443 68 220 95 22 65 253 50 20 113 81 195 51 251 720 76 147 31 62 124 227 100 1050 245 24 28 508 547 130
leaf_count=2822 222 443 68 220 95 22 65 253 50 20 113 81 195 51 251 720 76 147 31 62 124 227 100 1050 245 24 28 508 547 130
internal_value=0 -1.74093e-05 1.6428e-06 2.78575e-05 5.21418e-05 7.00373e-05 9.12726e-05 0.00010521 -1.93012e-07 5.2967e-06 3.99494e-05 7.72102e-05 0.000103542 0 -2.18151e-05 -1.35316e-05 0 -4.58871e-05 0.000121219 -5.95434e-05 0 -8.01086e-05 -3.18119e-06 -1.70965e-05 -5.99129e-05 -0.000132355 -0.000100312 3.61904e-06 2.19646e-05 -1.24419e-06
internal_weight=8990 665 8325 723 503 435 340 318 7602 5120 742 389 308 353 302 2482 4378 371 51 367 271 305 2115 1395 345 100 255 4007 1055 2952
internal_count=8990 665 8325 723 503 435 340 318 7602 5120 742 389 308 353 302 2482 4378 371 51 367 271 305 2115 1395 345 100 255 4007 1055 2952
is_linear=0
shrinkage=0.05


Tree=189
num_leaves=31
num_cat=0
split_feature=243 87 32 82 283 319 275 200 9 309 350 369 89 302 310 319 339 39 272 334 47 339 283 53 28 191 233 352 339 370
split_gain=9.04266e-05 0.000308936 0.000295646 0.00027723 0.000400448 0.000245407 0.000300946 0.00026057 0.000301481 0.000230663 0.000348467 0.000390841 0.000415912 0.000360299 0.000295841 0.000413962 0.000371819 0.000637737 0.000260805 0.000261156 0.00023817 0.00020435 0.000204328 0.000182818 0.000147936 0.000140831 0.00011401 0.000457872 0.000284095 0.000181021
threshold=1.6290024789977755 0.97090032696723949 0.30778318643569952 -0.21524504820505772 0.21828081210454284 2.0127125615227359 1.3617327794183367 1.9169424671428714 1.3629231452941897 2.1379945210490829 15.877547899882002 125.45753210875939 5.339670181274415 -0.79639713448220595 1.2644400215081519 0.96940296887828747 1.1818066351749557 0.54671948154767358 0.93708305570182759 0.55358861321701625 0.75603842735290538 0.70322885641761124 1.3038389484087629 -1.4158976078033445 0.1327281715348361 -0.24390994273798863 0.47772712734276251 0.14044183492660525 0.70322885641761124 1.3095175126683338
decision_type=10 2 2 2 10 8 8 10 2 10 10 2 2 10 10 10 10 2 10 10 2 10 10 2 2 10 10 10 10 2
left_child=5 2 -2 4 -4 9 7 8 -7 10 14 -12 13 -13 16 23 21 -18 19 -11 -21 -1 25 -16 -17 -10 27 -3 -28 -30
right_child=1 26 3 -5 -6 6 -8 -9 22 18 11 12 -14 -15 15 24 17 -19 -20 20 -22 -23 -24 -25 -26 -27 28 -29 29 -31
leaf_value=-3.6220007053383957e-06 0 0 -0.00019332246063443254 0 0 0 0 0 0 0 0 0 0 0.00015115637849770841 0 -5.4850187876231301e-05 -0.00012693142782340807 0 0 0 -0.00018747835814074008 3.3025527010197563e-05 0 9.0600847286957859e-05 1.9336143809360541e-05 0.0001391386378133615 7.4019166317290151e-05 -0.00025795243307506722 5.3669919695383873e-06 -5.6213159584852439e-05
leaf_weight=5181 40 27 91 33 39 109 180 78 25 73 261 28 64 166 33 113 165 352 167 64 70 406 21 256 79 189 134 21 385 140
leaf_count=5181 40 27 91 33 39 109 180 78 25 73 261 28 64 166 33 113 165 352 167 64 70 406 21 256 79 189 134 21 385 140
internal_value=0 -1.47902e-05 -6.91591e-05 -0.000102409 -0.000135923 1.82742e-06 3.26156e-05 5.74443e-05 7.70778e-05 0 1.35805e-06 4.11139e-05 8.47671e-05 0.000122113 -1.01661e-06 3.56153e-05 -4.7229e-06 -4.53969e-05 -3.88127e-05 -7.66125e-05 -0.00011804 -6.34106e-08 0.000109093 7.54362e-05 0 0.000124316 0 -7.34229e-05 6.24691e-06 -1.53996e-06
internal_weight=8990 910 203 163 130 8080 602 422 344 7478 7104 519 258 194 6585 481 6104 517 374 207 134 5587 235 289 192 214 707 48 659 525
internal_count=8990 910 203 163 130 8080 602 422 344 7478 7104 519 258 194 6585 481 6104 517 374 207 134 5587 235 289 192 214 707 48 659 525
is_linear=0
shrinkage=0.05


Tree=190
num_leaves=31
num_cat=0
split_feature=198 198 214 286 279 260 73 220 290 216 312 14 347 92 27 279 329 333 34 346 13 231 214 60 256 257 218 191 9 312
split_gain=9.38739e-05 0.000559132 0.000297555 0.000293817 0.000288663 0.000284044 0.00057994 0.000441718 0.000494783 0.000539897 0.000289491 0.000370968 0.000361717 0.000330571 0.000264245 0.000232738 0.000808284 0.000275476 0.000279993 0.000358122 0.000248127 0.000304801 0.000290563 0.00022488 0.00036072 0.000398847 0.000318976 0.000229963 0.000192479 0.000189267
threshold=0.73286929141142987 0.50490095432054305 -0.44493026762418908 0.070013586431741673 0.036298731543022954 0.80783193202601311 2.5764082272847495 1.0633911079360767 0.98189455270767223 1.1918389652740913 1.847599181603609 0.0095428669204314018 6.1444128354390477 0.95994253953297948 -0.66886985301971424 -0.41536192295521507 -0.15862007935841863 0.80074096584475685 -0.060440619786580344 1.9565014243125913 0.062995339433352115 -1.120700589371161 -0.51852208823480639 1.1505676905314128 -0.030034039426750394 -0.20803241447115636 -0.2023930800089119 -0.31754546041946913 2.3371311028798423 -1.0395506130315675
decision_type=8 10 10 10 10 10 2 10 10 10 10 2 10 2 2 8 8 10 2 10 2 10 10 2 10 10 10 10 2 10
left_child=1 5 4 14 -3 6 23 8 -8 -10 11 -7 13 -13 -4 17 20 18 -2 -20 21 -17 -23 24 25 -1 -26 -25 -24 -16
right_child=15 2 3 -5 -6 10 7 -9 9 -11 -12 12 -14 -15 29 16 -18 -19 19 -21 -22 22 28 27 26 -27 -28 -29 -30 -31
leaf_value=-3.2936483195025562e-06 0 3.5154260926427162e-05 5.3503968483956659e-07 0 -8.8327064810244773e-05 0 0 0 -0.00017059605886941723 0 -7.8234512060924892e-06 0.00014328392072829763 0 0 0 0 -1.2070677489956156e-05 0 -0.0001723546499658256 0 0 0 0.00025020069105531444 0 0 4.0994599352343513e-05 -5.1690638036669439e-05 6.1666361539176406e-05 0 0.00013652398468785187
leaf_weight=2629 21 135 164 139 71 206 191 121 183 73 167 190 57 64 20 20 1979 38 102 39 20 21 69 110 397 598 642 285 21 218
leaf_count=2629 21 135 164 139 71 206 191 121 183 73 167 190 57 64 20 20 1979 38 102 39 20 21 69 110 397 598 642 285 21 218
internal_value=0 3.1024e-06 4.40999e-05 6.37178e-05 0 -1.23196e-06 -5.99473e-06 -5.36925e-05 -7.83134e-05 -0.000124647 2.78648e-05 4.90613e-05 8.35581e-05 0.000110032 8.53826e-05 -8.55617e-06 -1.26483e-06 -6.11819e-05 -9.41768e-05 -0.000123086 0.00010718 0.000134058 0.000167528 0 -3.5229e-06 3.36511e-06 -2.97263e-05 3.59016e-05 0.000206565 0.000122825
internal_weight=8990 6660 747 541 206 5913 5229 568 447 256 684 517 311 254 402 2330 2130 200 162 141 151 131 111 4661 4266 3227 1039 395 90 238
internal_count=8990 6660 747 541 206 5913 5229 568 447 256 684 517 311 254 402 2330 2130 200 162 141 151 131 111 4661 4266 3227 1039 395 90 238
is_linear=0
shrinkage=0.05


Tree=191
num_leaves=31
num_cat=0
split_feature=213 224 64 270 51 213 255 15 226 270 260 303 303 281 63 8 251 282 333 8 71 333 314 3 217 283 275 322 348 1
split_gain=9.09343e-05 0.000333178 0.000193876 0.000374815 0.00025944 0.000186461 0.000194671 0.000201022 0.000188339 0.000446523 0.000313103 0.000328464 0.000268341 0.000257066 0.000422657 0.000301095 0.000277421 0.000391886 0.000319482 0.000216232 0.000200551 0.00019133 0.000226287 0.000181075 0.000219006 0.000199125 0.000179288 0.000144586 0.00018078 0.000135954
threshold=-1.5653174837968005 -1.3475400039992429 -1.4991726875305174 -2.2436007524120893 -1.8077281316121419 -1.2403402074808738 -2.3395427984873867 0.5201718111832937 -1.4012830219146617 -1.1570235948319383 -0.472945361335744 -1.9289460697736758 -1.548020499261326 -1.0281808003693922 0.087632140765587466 -3.0969157218933101 -0.31939938036219384 -0.11116818586985268 -1.4935181475239521 -0.63238368431727088 -2.5323853492736812 0.28048153771017209 -2.9370287047224806 -0.96097683906555165 -0.84681427924787556 -0.68677275379498781 -0.45165324499783749 -0.099459966023762933 -15.325926025708517 -2.2340076764424643
decision_type=8 10 2 10 2 8 10 2 8 8 10 10 10 8 2 2 8 8 10 2 2 10 10 2 10 10 10 10 10 2
left_child=1 23 3 -3 -5 6 -2 27 12 10 11 -10 -7 14 15 -11 18 -18 -15 -13 -14 22 -22 -1 25 -25 -27 28 -8 -6
right_child=5 2 -4 4 29 8 7 -9 9 13 -12 19 20 16 -16 -17 17 -19 -20 -21 21 -23 -24 24 -26 26 -28 -29 -30 -31
leaf_value=2.8252758225417693e-05 0 0 0 0 0 0 0 0 0 0 0 0.00015965710266949636 0 -1.5969952596929221e-05 0 -0.00014379055458684845 -3.6939821434247736e-05 6.1637156407684708e-07 2.8293753364994013e-05 0 0 0 -0.00014458803225316535 0 0 -0.00011294250277834639 0 0 -0.00013853680212568245 0.00017067391691790742
leaf_weight=104 30 23 144 74 23 232 30 89 77 27 112 129 53 387 130 118 788 4025 1632 23 22 28 127 35 54 147 34 56 119 118
leaf_count=104 30 23 144 74 23 232 30 89 77 27 112 129 53 387 130 118 788 4025 1632 23 22 28 127 35 54 147 34 56 119 118
internal_value=0 1.66781e-05 5.19192e-05 7.97592e-05 0.000106762 -1.43768e-06 -3.8611e-05 -5.74255e-05 0 2.00705e-06 5.79709e-05 9.17616e-05 -3.08869e-05 0 -4.79467e-05 -0.000107892 1.22436e-06 -4.49426e-06 1.73326e-05 0.000134468 -6.9508e-05 -9.54372e-05 -0.000118435 -5.95567e-06 -3.76495e-05 -6.56149e-05 -8.88043e-05 -8.47287e-05 -0.000110904 0.000148231
internal_weight=8990 756 382 238 215 8234 324 294 7910 7448 341 229 462 7107 275 145 6832 4813 2019 152 230 177 149 374 270 216 181 205 149 141
internal_count=8990 756 382 238 215 8234 324 294 7910 7448 341 229 462 7107 275 145 6832 4813 2019 152 230 177 149 374 270 216 181 205 149 141
is_linear=0
shrinkage=0.05


Tree=192
num_leaves=31
num_cat=0
split_feature=210 298 361 21 268 228 297 204 5 58 351 357 71 190 37 304 286 206 304 199 290 323 207 335 345 0 90 261 244 5
split_gain=9.4696e-05 0.000621099 0.0004317 0.000285804 0.000275295 0.000254314 0.000244812 0.000590537 0.000410175 0.000500272 0.000416417 0.000401659 0.000613601 0.00056126 0.000867351 0.000524001 0.00052667 0.000456596 0.000215999 0.000350924 0.00033933 0.000183349 0.000347707 0.000238533 0.000283615 0.000380046 0.000409655 0.00022762 0.000198137 0.000345135
threshold=-0.52327245578933057 0.037328020359078957 0.70168523313590725 2.4180059432983403 -0.47764669771710161 -1.1436723945180922 -0.029466152191162196 -0.17613575388762162 -3.5772225062052407 1.4380766550699871 -0.18247457345326754 -1.0902648524449565 -1.411158720652262 -0.62840937768463101 -0.96375572681426991 -0.20323722768248537 -0.15368507057428346 -1.4679776943816529 -2.4751534706424683 -1.2070339380580968 -6.2163454294204703 -1.2626062432924903 -0.18635282678166773 -0.21564292122997566 0.2619895935058596 -0.90992136796315493 0.76077286402384459 -0.67092415996053245 0.14390318685372153 0.28354064623514813
decision_type=8 10 10 2 10 8 10 10 2 2 10 10 2 10 2 10 10 10 10 10 10 10 8 10 10 2 2 10 8 2
left_child=1 6 3 4 -3 -2 11 8 -8 10 -10 13 -13 18 17 16 -14 -15 20 -20 -1 23 27 -7 25 -25 -27 -23 29 -24
right_child=5 2 -4 -5 -6 21 7 -9 9 -11 -12 12 15 14 -16 -17 -18 -19 19 -21 -22 22 28 24 -26 26 -28 -29 -30 -31
leaf_value=0.0001358043470363012 -5.8613500201409301e-05 0 0 0 0.00021146382862034823 0 0 3.1327288577821693e-06 -0.00021215319852913115 0 0 -6.9056629765004357e-06 0 0 0 0 0.0001552519092832419 -0.00024552740507617502 -8.5255649047371129e-05 1.0256022988000309e-05 0 2.181718113064655e-06 -3.6479235563481455e-07 0 0 0.00017967015915510001 0 -4.1117496921266247e-05 -4.4790395784840023e-06 4.8763520408852439e-05
leaf_weight=82 203 39 64 20 94 637 75 455 115 45 64 158 49 20 121 78 223 76 114 456 303 150 511 37 42 112 32 921 3149 545
leaf_count=82 203 39 64 20 94 637 75 455 115 45 64 158 49 20 121 78 223 76 114 456 303 150 511 37 42 112 32 921 3149 545
internal_value=0 8.08093e-06 8.91608e-05 0.000135359 0.000162615 -3.16797e-06 0 -2.27851e-05 -7.89299e-05 -0.000113537 -0.000152029 1.14569e-05 4.90868e-05 -5.90562e-07 -7.67164e-05 8.86397e-05 0.000122163 -0.000189366 1.14783e-05 -8.75241e-08 4.1581e-05 -5.1787e-07 -4.78692e-06 1.98565e-05 6.47531e-05 9.5292e-05 0.000134185 -3.03854e-05 5.44483e-07 2.02581e-05
internal_weight=8990 2651 217 153 133 6339 2434 754 299 224 179 1680 508 1172 217 350 272 96 955 570 385 6136 5276 860 223 181 144 1071 4205 1056
internal_count=8990 2651 217 153 133 6339 2434 754 299 224 179 1680 508 1172 217 350 272 96 955 570 385 6136 5276 860 223 181 144 1071 4205 1056
is_linear=0
shrinkage=0.05


Tree=193
num_leaves=31
num_cat=0
split_feature=348 353 207 260 306 231 368 308 194 14 5 352 342 327 370 298 5 66 242 377 37 350 327 202 56 208 273 0 262 333
split_gain=8.9535e-05 0.000346596 0.000233058 0.00041192 0.000517309 0.000515609 0.00060001 0.000328776 0.000354084 0.000245907 0.000237334 0.000272019 0.000223666 0.00044316 0.00040313 0.000521274 0.000481001 0.000374079 0.000452016 0.000483346 0.000348829 0.000303074 0.000298892 0.00026399 0.000222814 0.000218289 0.000390427 0.000304826 0.000216659 0.000203957
threshold=-2.9315572778383889 -0.48389849583237371 -0.35204103937698233 -1.051199039869237 -1.7036276837685485 -0.35058464688233465 56.62772042391763 -0.19321590661246493 -0.12574893470770862 -0.0092672696337102994 -1.3652115662892659 -0.38246978446841212 -0.14736040433247891 -0.46302600701649982 1.1111557811511437 0.040737635145584657 -3.5241386095682774 -3.2508163452148433 0.040917190742873512 -1.180862916108244 3.0835123062133794 -20.983798662821453 -0.87459597984949744 -1.4991680625818031 1.6118988990783694 -1.5742847818713512 -2.3618385596932456 -2.4480189482371011 -2.0322160275590795 -0.22353249986083518
decision_type=10 8 10 10 10 10 2 8 10 2 2 10 10 10 2 10 2 2 10 2 2 10 10 10 2 10 10 2 10 10
left_child=1 2 3 25 -5 6 -6 9 -9 -4 11 -11 13 22 15 16 -15 18 -14 -20 -18 -21 -2 -24 -23 26 28 -28 -1 -25
right_child=12 -3 7 4 5 -7 -8 8 -10 10 -12 -13 17 14 -16 -17 20 -19 19 21 -22 24 23 29 -26 -27 27 -29 -30 -31
leaf_value=-0.00014690715043649699 -8.124107209665701e-06 3.9698778356882221e-05 5.9156338142469755e-05 0 0 0 -0.0001754961631309584 0.00020206223090424178 0 0 0 -0.00014079978744452719 0 0 0 0 -0.000122266355589834 -2.3614484208515314e-06 0 0 0 0.00014541814333038131 0 0.00012194494702821978 0 -2.4983842872809409e-06 0 0.00013300676545662099 0 0
leaf_weight=25 269 654 148 300 119 144 172 50 38 77 155 69 172 70 355 133 404 4428 42 27 28 216 31 132 21 441 60 132 37 41
leaf_count=25 269 654 148 300 119 144 172 50 38 77 155 69 172 70 355 133 404 4428 42 27 28 216 31 132 21 441 60 132 37 41
internal_value=0 7.91947e-06 -1.06374e-07 -1.30695e-05 -4.07081e-05 -7.59744e-05 -0.000114261 2.51004e-05 0.000114763 0 -1.79019e-05 -6.87141e-05 -3.05511e-06 -2.04604e-05 -4.08887e-05 -6.47556e-05 -8.88791e-05 1.11644e-06 4.3786e-05 8.17694e-05 -0.000109372 0.000111018 1.17273e-05 6.23929e-05 0.000130093 8.96828e-06 4.85474e-05 9.05443e-05 -9.28779e-07 9.16663e-05
internal_weight=8990 2621 1967 1430 735 435 291 537 88 449 301 146 6369 1463 990 635 502 4906 478 306 432 264 473 204 237 695 254 192 62 173
internal_count=8990 2621 1967 1430 735 435 291 537 88 449 301 146 6369 1463 990 635 502 4906 478 306 432 264 473 204 237 695 254 192 62 173
is_linear=0
shrinkage=0.05


Tree=194
num_leaves=31
num_cat=0
split_feature=297 297 32 11 64 348 341 362 24 84 347 377 279 208 373 260 338 294 243 275 21 199 199 266 202 50 356 367 73 201
split_gain=9.12108e-05 0.000531312 0.000556389 0.000460484 0.000365443 0.000376519 0.000290016 0.000302298 0.000438049 0.000380333 0.000317957 0.000271523 0.000284199 0.000421616 0.000369297 0.000269583 0.000284185 0.000362594 0.000237262 0.000529308 0.000373678 0.000400311 0.000333271 0.000322666 0.000283401 0.000355077 0.000278798 0.000553909 0.000277031 0.000393355
threshold=0.15073396265506753 0.19523735841115317 0.76251894235610973 0.050645912686983707 5.1455615361531581 0.7077133134007455 1.1888070901234946 1.2646754064978061 0.79554491241772973 0.64245206117630016 4.2173591454823827 -0.14548165553081727 2.0091201545305855 2.4077488885971516 -1.8602472290692693 0.54475821240897726 1.6707368350867902 0.43231459458669025 0.49338892654098215 0.092204432078902374 1.7455892562866213 -0.36631733041101427 -0.2978525818217051 -0.47025270781128758 -0.44239140143674965 -4.7277436256408683 0.45770719338278848 -0.6017599830992908 -2.575857480367024 1.3362159193010692
decision_type=10 10 2 2 2 10 8 8 2 2 10 2 10 10 2 10 10 10 10 10 2 10 10 10 10 2 10 2 2 10
left_child=6 2 3 -2 5 -5 18 8 -8 10 -10 15 -13 14 -14 -3 17 -17 19 22 21 -21 24 -23 -1 -26 27 -20 -29 -30
right_child=1 11 -4 4 -6 -7 7 -9 9 -11 -12 12 13 -15 -16 16 -18 -19 26 20 -22 23 -24 -25 25 -27 -28 28 29 -31
leaf_value=-8.403695252748674e-07 0 0 0 0 0 -0.00032711478443343042 0 0 0.000233817235005673 0 0 -2.8554934569559993e-05 0.00014682174987490238 -5.1982313897660419e-05 0 0 0 0.00016478410827374919 0 0 0 0 -2.6926075045597245e-05 0.0001109002224595172 9.8278095049375851e-05 0 0 0 -0.00012324468182867593 0
leaf_weight=2145 62 328 156 22 20 55 104 276 80 41 30 901 94 45 66 94 127 102 254 232 557 81 1102 338 172 357 786 28 278 57
leaf_count=2145 62 328 156 22 20 55 104 276 80 41 30 901 94 45 66 94 127 102 254 232 557 81 1102 338 172 357 786 28 278 57
internal_value=0 -9.07249e-06 -6.89688e-05 -0.000134772 -0.000204003 -0.0002535 2.88228e-06 3.83847e-05 7.76532e-05 0.000132015 0.000180428 0 -1.3356e-05 2.90482e-05 8.30868e-05 2.7194e-05 5.9801e-05 9.75455e-05 0 5.04305e-06 3.42431e-05 6.00875e-05 -2.97504e-06 8.94264e-05 5.02643e-06 3.82609e-05 -1.8232e-05 -4.34195e-05 -8.37723e-05 -9.83411e-05
internal_weight=8990 2072 315 159 97 77 6918 531 255 151 110 1757 1106 205 160 651 323 196 6387 4984 1208 651 3776 419 2674 529 1403 617 363 335
internal_count=8990 2072 315 159 97 77 6918 531 255 151 110 1757 1106 205 160 651 323 196 6387 4984 1208 651 3776 419 2674 529 1403 617 363 335
is_linear=0
shrinkage=0.05


Tree=195
num_leaves=31
num_cat=0
split_feature=349 85 290 310 259 308 206 221 63 263 303 57 262 292 62 192 89 275 367 80 321 203 243 224 238 32 196 347 270 5
split_gain=9.3706e-05 0.000386921 0.000437318 0.000396277 0.000450773 0.000562617 0.000367897 0.000358876 0.000395117 0.000319196 0.000379871 0.0003187 0.000272564 0.000376828 0.000406118 0.000277947 0.000302149 0.000303775 0.000219881 0.000248406 0.000402898 0.000196406 0.000331567 0.00036028 0.000295328 0.000258145 0.000416765 0.000384167 0.000263145 0.000459402
threshold=3.7490243911743169 1.5898565451304119 2.7999005119005842 1.2644400215081519 0.85798383938755662 -0.92245604476450271 1.1204213409155301 1.4676641297980162 -1.603750944137573 -0.43877159058648779 3.6391927284892645 3.6191056569417319 0.77557731933258045 14.895240465799969 1.2099597454071047 0.93846002099150228 7.1308856805165624 0.63403833378626728 -2.6488380389935355 -0.35921055078506464 0.32320050438310183 -0.7128261624795591 -0.59927267842897602 -0.46746385179521149 -1.3831580864645427 0.682391424973806 -0.64247077217776039 -3.0252791643142696 -2.2436007524120893 -6.1957441965738917
decision_type=10 2 10 10 10 10 10 10 2 10 10 2 10 10 2 10 2 10 2 2 10 8 8 10 10 2 10 10 10 2
left_child=18 3 6 4 5 -2 9 8 -7 -3 11 -11 13 14 -4 -14 17 -17 19 -1 -21 25 23 24 -23 26 28 -28 29 -20
right_child=1 2 12 -5 -6 7 -8 -9 -10 10 -12 -13 15 -15 -16 16 -18 -19 21 20 -22 22 -24 -25 -26 -27 27 -29 -30 -31
leaf_value=0 0 0 0 0 0 0 0 0 -0.00021091359832141199 0.00013127598813938304 0 0 8.6373302003476854e-05 0 -0.00022613030223915878 0 1.1134913159141055e-05 -0.00010276607234077881 0 9.7349545868076861e-05 0 0 -1.5758621064724974e-08 0 8.5747499309517253e-05 1.2887355156839063e-05 0 -0.00011835887108008477 0 -0.00024773331342204671
leaf_weight=190 26 28 37 270 123 27 141 40 147 252 41 20 77 57 56 42 142 153 27 235 187 124 3990 479 353 411 89 207 989 30
leaf_count=190 26 28 37 270 123 27 141 40 147 252 41 20 77 57 56 42 142 153 27 235 187 124 3990 479 353 411 89 207 989 30
internal_value=0 -1.04738e-05 4.02822e-06 -4.23322e-05 -7.65048e-05 -0.000116383 4.27333e-05 -0.000147511 -0.000178639 7.26457e-05 9.10935e-05 0.000114186 -2.01875e-05 -7.79185e-05 -0.000141093 0 -1.88419e-05 -6.62935e-05 2.61685e-06 3.13026e-05 5.37789e-05 0 5.09269e-06 3.16409e-05 6.24031e-05 -1.43844e-05 -2.64625e-05 -8.09604e-05 -6.25456e-06 -0.000110625
internal_weight=8990 1679 1046 633 363 240 482 214 174 341 313 272 564 150 93 414 337 195 7311 612 422 6699 4946 956 477 1753 1342 296 1046 57
internal_count=8990 1679 1046 633 363 240 482 214 174 341 313 272 564 150 93 414 337 195 7311 612 422 6699 4946 956 477 1753 1342 296 1046 57
is_linear=0
shrinkage=0.05


Tree=196
num_leaves=31
num_cat=0
split_feature=58 236 322 367 216 304 341 235 210 351 17 42 13 204 30 371 72 281 37 367 42 37 25 236 243 37 279 353 283 19
split_gain=9.12995e-05 0.000249175 0.000196681 0.000194724 0.000171273 0.000257505 0.00017067 0.00040588 0.000416439 0.0003922 0.000503944 0.000542091 0.000458537 0.000347373 0.000281596 0.000325662 0.000403317 0.000229285 0.000287972 0.000159947 0.000353363 0.000299041 0.000228028 0.000182739 0.000356174 0.000381589 0.000238236 0.000238076 0.000272317 0.000267411
threshold=3.6881326039632163 1.2836940056777977 0.07295314470926921 -3.1766072103010097 2.3965355062562277 0.81284007755037357 1.1205688714981081 0.52208261519763943 1.5681847539260898 1.487108111381531 -0.27658213178316743 0.014566433305541601 -0.0030442805339892499 -0.089749859962476294 3.326015949249268 0.12286977700535186 3.8339791297912602 1.0000000180025095e-35 3.0835123062133794 -2.6488380389935355 -0.51754748821258534 -0.14994343121846507 -0.0070607786377270493 -1.4171626051538035 -0.79561707860533903 0.054768991967042262 -2.3392588312746718 -1.5398429919782701 -0.59801935156186414 3.8951153755187988
decision_type=2 8 10 2 10 10 8 8 8 10 2 2 2 10 2 2 2 10 2 2 2 2 2 8 10 2 10 10 10 2
left_child=6 2 -2 -4 5 -5 14 9 13 -8 -11 12 -12 -9 19 -16 -17 -15 -19 20 -1 22 -22 24 26 -26 -21 28 -25 -29
right_child=1 -3 3 4 -6 -7 7 8 -10 10 11 -13 -14 17 15 16 -18 18 -20 23 21 -23 -24 27 25 -27 -28 29 -30 -31
leaf_value=-1.5643468613818844e-06 0 0 0 0 0 -0.0001780733560831667 1.9022639487541864e-05 0 0 4.4580169849121335e-06 0 0 -0.00020717717367926553 0 0 -0.00021849593671668835 0 0.00011450646596576095 0 -8.9724728963468605e-05 0 0 0.0001824704979145634 6.9908474004856818e-05 -0.00010995054961314088 0 1.4030680245154747e-05 -9.3690245187991051e-06 2.2156633476496437e-06 2.6663247695123735e-05
leaf_weight=291 35 201 24 31 26 91 330 45 185 57 20 55 108 23 26 53 20 353 97 64 65 201 77 243 193 61 404 4194 877 540
leaf_count=291 35 201 24 31 26 91 330 45 185 57 20 55 108 23 26 53 20 353 97 64 65 201 77 243 193 61 404 4194 877 540
internal_value=0 -2.29739e-05 -6.36236e-05 -8.79106e-05 -0.00011076 -0.000135598 1.22378e-06 1.83984e-05 4.50522e-05 -5.70636e-06 -6.05271e-05 -0.000108067 -0.000165143 6.9021e-05 -1.08364e-06 -8.47965e-05 -0.000144518 8.39801e-05 9.32017e-05 0 2.40483e-05 6.03451e-05 0.000118548 -2.24542e-06 -2.60496e-05 -7.37066e-05 0 0 2.13714e-05 -4.20224e-06
internal_weight=8990 408 207 172 148 122 8582 1273 703 570 240 183 128 518 7309 99 73 473 450 7210 634 343 142 6576 722 254 468 5854 1120 4734
internal_count=8990 408 207 172 148 122 8582 1273 703 570 240 183 128 518 7309 99 73 473 450 7210 634 343 142 6576 722 254 468 5854 1120 4734
is_linear=0
shrinkage=0.05


Tree=197
num_leaves=31
num_cat=0
split_feature=54 213 19 317 285 90 20 274 207 212 230 41 69 368 64 28 64 367 72 231 367 78 244 238 312 215 217 355 71 263
split_gain=9.02448e-05 0.000272856 0.000508155 0.00038518 0.000228705 0.000218982 0.00036173 0.000216903 0.000230867 0.000201967 0.000227586 0.000243219 0.000289094 0.000196754 0.000165702 0.000322104 0.000268461 0.000225859 0.000249478 0.000282614 0.000197298 0.000284586 0.000398349 0.000187835 0.000411772 0.000344543 0.000153159 0.000132681 0.000109169 9.16098e-05
threshold=2.0605446497599291 1.5033288338358934 6.212709069252015 3.6862118614823438 0.19512080696100967 1.1648790836334231 2.2665139834086108 0.41126061124716895 0.33284346383312841 0.51726702812000946 1.4790399216020065 0.070758894085884108 4.9528015653292341 396.5054930285292 6.4919195175170907 0.08803608020146686 3.5042967796325688 -0.11015229139846024 2.8623894055684409 -0.18756687432019817 -1.7190701563737423 -0.32822753985722847 0.57291551819150655 0.58450738114537404 1.1687217092503823 0.35344313775617703 0.36772934392806239 -1.3210884030702261 0.98904232184092222 0.48510834079456383
decision_type=2 10 2 10 10 2 2 10 10 10 10 2 2 2 2 2 2 2 2 10 2 2 10 10 10 10 10 10 2 10
left_child=5 9 -3 4 -4 14 7 -7 -9 -2 11 -11 13 -13 16 26 20 18 19 -18 21 27 -23 25 -25 -22 -16 -1 -28 -8
right_child=1 2 3 -5 -6 6 29 8 -10 10 -12 12 -14 -15 15 -17 17 -19 -20 -21 23 22 -24 24 -26 -27 28 -29 -30 -31
leaf_value=0 0 -3.8143394132517765e-06 0.0002307254147421976 0 0 0 -6.0728875231924803e-05 0 0.00016824810864244836 0 0 -0.00013943865014102668 0 0 0 0 0 0 0 -0.00013738926709497981 -3.5427355602335865e-06 6.8228686902083212e-05 -1.3655711683275389e-06 -6.0893922849105281e-05 0 3.7757455753263916e-05 0.00018683018928206054 -5.5675189170506535e-05 0 0
leaf_weight=209 380 170 55 20 20 138 62 70 92 64 161 187 71 27 41 253 33 210 63 137 4062 463 138 415 559 569 53 108 27 133
leaf_count=209 380 170 55 20 20 138 62 70 92 64 161 187 71 27 41 253 33 210 63 137 4062 463 138 415 559 569 53 108 27 133
internal_value=0 -1.28153e-05 2.21939e-05 0.000121266 0.000177325 2.1408e-06 3.4326e-05 7.04081e-05 0.000111905 -2.8858e-05 -4.94268e-05 -7.21075e-05 -9.21924e-05 -0.000121218 0 3.23872e-05 -1.77107e-06 -3.95471e-05 -7.34527e-05 -0.000105167 2.85001e-08 2.21907e-05 4.3933e-05 -2.70957e-06 -2.28767e-05 4.5277e-07 9.94479e-05 -3.26333e-06 0.000140472 0
internal_weight=8990 1155 265 95 75 7835 495 300 162 890 510 349 285 214 7340 374 6966 443 233 170 6523 918 601 5605 974 4631 121 317 80 195
internal_count=8990 1155 265 95 75 7835 495 300 162 890 510 349 285 214 7340 374 6966 443 233 170 6523 918 601 5605 974 4631 121 317 80 195
is_linear=0
shrinkage=0.05


Tree=198
num_leaves=31
num_cat=0
split_feature=368 236 376 355 66 365 17 364 7 339 341 291 61 286 65 249 242 244 332 39 39 51 229 250 255 215 217 37 273 202
split_gain=8.7982e-05 0.000255749 0.000224086 0.000317625 0.000437853 0.000379856 0.00036104 0.000334124 0.000299612 0.000266139 0.000245531 0.000455049 0.000296606 0.000242356 0.000281171 0.000230493 0.000374506 0.000319149 0.000446102 0.000216756 0.000398802 0.000472208 0.000305418 0.000379635 0.000326576 0.000255053 0.000317329 0.000363411 0.000354629 0.000217919
threshold=56.139556870007539 -2.340368179261834 -0.057732831008583195 -0.14954747856479814 -14.173916498819986 0.4774985352332346 -1.8527588049570713 0.6232752311450559 1.1845648288726809 -1.2031521564854188 1.073870897293091 3.2841537793477382 -0.15958362817764277 -0.013829600065946497 4.5414527257283543 -0.35517270595078981 0.28964353647994229 -0.69904542118378876 -0.42126598278165933 -0.34836337963740022 -1.1755867799123128 -1.3528529802958167 0.80818019923041795 -0.94406015734619741 0.031175303894886253 -0.51210240337640445 -0.43856813702876957 -1.0676114956537879 -0.1227900994727726 -1.464451004384695
decision_type=2 10 2 10 2 10 2 10 2 10 10 10 2 10 2 10 10 10 10 2 2 2 10 10 10 10 10 2 10 10
left_child=19 -2 15 4 9 6 -6 13 -7 -4 12 -12 -9 -5 -15 -3 17 -17 -19 20 25 -22 23 -23 -25 29 27 28 -27 -1
right_child=1 2 3 7 5 8 -8 10 -10 -11 11 -13 -14 14 -16 16 -18 18 -20 -21 21 22 -24 24 -26 26 -28 -29 -30 -31
leaf_value=0 -0.00013851550176445987 0 0.00013521079522832118 -6.1983677960805464e-06 -7.9020083856796357e-05 -0.00019779476947376297 -7.4645433251533644e-07 -7.6321175535648886e-05 0 0 4.1325012699036594e-05 -3.0235828622641488e-05 0 5.6629301411234353e-05 -1.1442683792116113e-05 0 0 0.0002148797941293659 0 -7.1390638937743242e-07 0 0 0 0.00023607208984933672 8.4409463622455965e-06 -0.00020341643359298215 0 0 0 4.3488166230494533e-05
leaf_weight=280 37 685 49 153 249 77 725 273 37 56 416 467 264 591 55 55 154 80 57 3101 76 39 28 96 81 69 176 57 22 485
leaf_count=280 37 685 49 153 249 77 725 273 37 56 416 467 264 591 55 55 154 80 57 3101 76 39 28 96 81 69 176 57 22 485
internal_value=0 -4.71534e-06 -2.47266e-06 -9.60099e-06 -3.04822e-05 -4.25599e-05 -2.58959e-05 0 -0.000140966 4.70132e-05 -1.28761e-05 0 -3.97645e-05 2.73985e-05 4.30941e-05 1.62674e-05 4.95309e-05 9.64048e-05 0.000137266 5.16555e-06 2.16529e-05 7.18359e-05 0.000107719 0.000128996 0.000160198 2.31051e-06 -2.89065e-05 -8.47659e-05 -0.000147152 2.2069e-05
internal_weight=8990 4480 4443 3412 1193 1088 974 2219 114 105 1420 883 537 799 646 1031 346 192 137 4510 1409 320 244 216 177 1089 324 148 91 765
internal_count=8990 4480 4443 3412 1193 1088 974 2219 114 105 1420 883 537 799 646 1031 346 192 137 4510 1409 320 244 216 177 1089 324 148 91 765
is_linear=0
shrinkage=0.05


Tree=199
num_leaves=31
num_cat=0
split_feature=71 249 214 214 250 276 371 276 367 369 15 236 371 340 55 65 52 15 213 212 368 321 30 51 327 262 251 213 312 338
split_gain=8.80345e-05 0.000188935 0.000328452 0.000297722 0.000260995 0.000402531 0.000350283 0.000242982 0.000214406 0.000209809 0.000235955 0.000182618 0.000316036 0.00037965 0.000397318 0.000164198 0.000140727 0.000287106 0.00034299 0.000263442 0.000406033 0.000271148 0.000242506 0.000100389 7.62673e-05 0.000215105 0.000177243 9.38579e-05 0.00022606 5.4302e-05
threshold=-3.9281693299611402 -1.760154678722557 -1.4060883761972505 -1.4221352151439197 -1.8149177940176267 -0.99796550177208809 -1.7404723436443454 -2.1702759795818043 -2.4798231124520229 77.855451392071913 0.46057124932607024 -1.4463184416492416 -0.79521235964686621 0.33203473935524619 -0.80039378007253004 -4.561757405598958 0.42320378621419275 0.64557584126790368 0.69682662987892041 0.021857994344691354 67.578583964932989 0.13557336419760038 -1.5013969739278155 -4.5763955116271964 -0.92812662323315931 -1.0648873783568196 -1.2781892940930035 -1.7861458494826217 -2.2242871558388551 -1.4926801794912599
decision_type=2 8 10 8 10 10 2 10 2 2 2 8 2 10 2 2 2 2 10 8 2 10 2 2 10 10 10 10 10 10
left_child=15 2 4 8 -2 6 -6 -8 -3 -10 23 12 29 14 -14 -1 17 22 -19 20 -18 -21 -13 -11 26 27 -4 -26 -29 -5
right_child=1 3 24 11 5 -7 7 -9 9 10 -12 16 13 -15 -16 -17 19 18 -20 21 -22 -23 -24 -25 25 -27 -28 28 -30 -31
leaf_value=0.00012078756210785854 0 0 0 -1.331950903205297e-05 0 0 0 -0.00026718101378458747 0 0 0 2.4183579879255882e-05 0 0 -0.00018318230140032852 0 0 5.8939075432502813e-05 -7.5874229521318854e-06 2.8303683882228022e-05 -4.3721471745492452e-05 -1.4853150288965902e-06 -2.4297322377878507e-05 0.0001265956744217459 0 0 -0.00012642050534020756 0.00021890097239133638 0 3.2332938091388608e-05
leaf_weight=43 52 45 23 134 35 51 27 62 97 23 36 456 63 46 95 65 1524 543 116 956 845 2585 575 165 31 105 33 30 22 107
leaf_count=43 52 45 23 134 35 51 27 62 97 23 36 456 63 46 95 65 1524 543 116 956 845 2585 575 165 31 105 33 30 22 107
internal_value=0 -4.46282e-07 -3.1584e-05 7.03273e-07 -7.53992e-05 -0.000105355 -0.000154176 -0.00020721 4.50976e-05 6.31516e-05 8.97493e-05 -6.95447e-07 -3.21002e-05 -7.82191e-05 -0.000117905 4.49398e-05 4.85897e-07 1.37185e-05 3.96433e-05 -2.45221e-06 -1.59192e-05 5.14571e-06 0 0.000112839 0 2.36002e-05 -3.9131e-05 8.79317e-05 0.000129755 0
internal_weight=8990 8882 471 8411 227 175 124 89 366 321 224 8045 445 204 158 108 7600 1690 659 5910 2369 3541 1031 188 244 188 56 83 52 241
internal_count=8990 8882 471 8411 227 175 124 89 366 321 224 8045 445 204 158 108 7600 1690 659 5910 2369 3541 1031 188 244 188 56 83 52 241
is_linear=0
shrinkage=0.05


Tree=200
num_leaves=31
num_cat=0
split_feature=363 200 32 247 83 46 347 237 39 46 202 324 254 213 217 266 297 30 46 39 339 311 278 229 32 223 21 56 10 372
split_gain=8.78088e-05 0.000288405 0.000556811 0.000479433 0.000612433 0.000339327 0.000228464 0.000348201 0.000512849 0.000338745 0.000344229 0.000361053 0.000237915 0.000309295 0.000380894 0.000309213 0.000233619 0.000289718 0.00024546 0.000218559 0.000457707 0.000616148 0.000442999 0.000424447 0.000353665 0.000248698 0.000407149 0.000462581 0.00020214 0.000308783
threshold=-1.711918467875478 -0.059006771640793293 0.75038937727610289 -0.69886695370133056 0.83393836021423351 0.27004673083623248 -2.6018592417240138 -0.41958157817702368 0.24946765104929605 0.48678354422251385 -0.67628036860045149 -0.91339411338170373 -0.437435707182452 -0.31843705746703349 -0.356892649936767 -1.503459392396959 -1.0000000180025095e-35 -2.354236443837483 0.41031748056411743 -1.2307205597559607 -0.087445355890863039 0.37552216064772254 -0.53024797953261593 0.46438448543969074 0.27671027183532715 -0.73281193863601934 2.5423495769500737 1.4065198103586836 0.35338747501373297 -0.60284945931357781
decision_type=8 10 2 10 2 2 10 8 2 2 10 10 10 10 10 10 10 2 2 2 10 10 10 10 2 10 2 2 2 2
left_child=1 -1 3 -3 5 -5 7 12 9 10 -9 -12 16 14 15 -14 17 -2 -19 20 -8 22 -22 -24 25 -21 27 -27 29 -26
right_child=6 2 -4 4 -6 -7 19 8 -10 -11 11 -13 13 -15 -16 -17 -18 18 -20 24 21 -23 23 -25 28 26 -28 -29 -30 -31
leaf_value=0 0 0 0 -0.00029143057250574119 0 0 0 0 0 0 0 0.00015407712112550784 0 0 0 -0.00015204584270259774 -3.4794808291407472e-05 0.00012920384883587178 0 0 0 0 -0.00021531985274396935 0 5.8092927188267563e-06 0.00010810929777813744 0 0 2.3913489502391019e-06 -4.7166039220701789e-05
leaf_weight=1368 128 60 104 69 21 31 649 92 340 48 32 226 42 139 78 124 34 126 20 128 46 164 116 22 257 316 82 58 3504 566
leaf_count=1368 128 60 104 69 21 31 649 92 340 48 32 226 42 139 78 124 34 126 20 128 46 164 116 22 257 316 82 58 3504 566
internal_value=0 -1.03698e-05 -5.6147e-05 -0.000112469 -0.000169747 -0.000223952 2.38573e-06 2.05731e-05 4.47088e-05 8.32264e-05 0.000101465 0.000131526 0 -3.10955e-05 -6.84488e-05 -0.000112331 2.69851e-05 5.29027e-05 0.000101036 -1.16732e-06 -2.30432e-05 -6.93408e-05 -0.00013213 -0.000176899 2.25606e-06 3.92182e-05 5.77312e-05 8.23668e-05 -1.57787e-06 -2.455e-05
internal_weight=8990 1653 285 181 121 100 7337 1429 738 398 350 258 691 383 244 166 308 274 146 5908 997 348 184 138 4911 584 456 374 4327 823
internal_count=8990 1653 285 181 121 100 7337 1429 738 398 350 258 691 383 244 166 308 274 146 5908 997 348 184 138 4911 584 456 374 4327 823
is_linear=0
shrinkage=0.05


Tree=201
num_leaves=31
num_cat=0
split_feature=213 266 213 253 260 239 368 324 371 343 11 251 227 71 37 366 351 266 308 87 372 29 350 212 294 376 191 209 278 205
split_gain=8.66994e-05 0.000226288 0.000173147 0.000395416 0.000435282 0.000857723 0.000452878 0.000580706 0.000362452 0.000355038 0.000321291 0.000305243 0.000256028 0.000396386 0.000438517 0.000235417 0.000279406 0.000396357 0.000582623 0.000682714 0.000326245 0.000304986 0.000299891 0.000354975 0.000307321 0.000303345 0.000234357 0.00022161 0.000219219 0.000217605
threshold=-1.5653174837968005 -1.0171389961995707 -0.21707557252937701 -0.0099536260460547487 0.59969965279279214 -0.017235361252369946 41.181338435252201 0.37424369653066009 -0.60949019811002592 2.4541068275769553 -0.16762763261795036 -0.79268421804654077 -0.64524869698950249 0.68368689219156908 -0.53345529238382972 -2.665352594479685 1.4561970631281536 1.336271188697215 0.551864628945825 0.44324334462483722 -0.36195718978171626 1.558683594067892 2.5433269143104562 0.72699569094534788 0.75985054175058997 0.024387258868160802 1.2156053962247204 1.6424912510054692 1.2865135821887606 -0.33374882904986053
decision_type=8 10 8 10 10 10 2 10 2 10 2 10 10 2 2 2 10 10 10 2 2 2 8 10 10 2 8 10 10 10
left_child=1 -1 3 8 5 -5 -7 -8 12 10 -10 -12 -2 14 -14 29 22 18 -18 -20 28 -22 24 26 -17 -25 -24 -26 -19 -4
right_child=2 -3 15 4 -6 6 7 -9 9 -11 11 -13 13 -15 -16 16 17 20 19 -21 21 -23 23 25 27 -27 -28 -29 -30 -31
leaf_value=0 0 4.5519057062289067e-05 0 0 0 0 -0.00024489847291958268 0 -1.6575361982182926e-05 -3.9989887614765996e-05 0 6.9530398091369785e-05 -0.00012182432847556034 1.1591470917214065e-07 0 0 1.8572895754993859e-05 0 0 -0.00012324615314418031 0.00010992760378067515 0 5.3615696027754957e-05 -5.0408446305097347e-05 -8.945932200220322e-05 2.0990773762388977e-05 0 0 -0.00016256294256211125 5.1891937677848252e-05
leaf_weight=387 973 369 95 220 162 47 120 44 94 122 145 553 215 76 107 2354 87 32 70 311 106 105 792 234 170 371 86 71 32 440
leaf_count=387 973 369 95 220 162 47 120 44 94 122 145 553 215 76 107 2354 87 32 70 311 106 105 792 234 170 371 86 71 32 440
internal_value=0 1.62253e-05 -1.46606e-06 -1.17599e-05 -4.83509e-05 -7.57666e-05 -0.000147922 -0.000187209 -7.40863e-08 2.19679e-05 3.78281e-05 5.23183e-05 -1.8416e-05 -5.26866e-05 -8.06686e-05 3.13185e-06 0 -2.85473e-05 -5.83214e-05 -8.90001e-05 3.95028e-06 4.96151e-05 4.77347e-06 2.32785e-05 -3.87561e-06 0 4.38848e-05 -5.78647e-05 -6.84404e-05 3.46129e-05
internal_weight=8990 756 8234 2878 593 431 211 164 2285 914 792 698 1371 398 322 5356 4821 743 468 381 275 211 4078 1483 2595 605 878 241 64 535
internal_count=8990 756 8234 2878 593 431 211 164 2285 914 792 698 1371 398 322 5356 4821 743 468 381 275 211 4078 1483 2595 605 878 241 64 535
is_linear=0
shrinkage=0.05


Tree=202
num_leaves=31
num_cat=0
split_feature=210 298 361 269 268 228 41 334 79 350 195 350 333 364 61 2 251 260 62 207 90 233 207 267 213 277 369 76 261 196
split_gain=8.51335e-05 0.000545119 0.000384382 0.000232198 0.000245071 0.000227743 0.000224192 0.000442571 0.000293388 0.000310631 0.000552543 0.000569139 0.000280612 0.000392669 0.000427915 0.000277744 0.000238168 0.000597131 0.000215768 0.000258241 0.000207557 0.000189304 0.000231626 0.000413427 0.000245717 0.000273376 0.000213912 0.000332183 0.000297335 0.000285385
threshold=-0.52327245578933057 0.037328020359078957 0.70168523313590725 0.81207666245917809 -0.47764669771710161 -1.1436723945180922 -1.4417374134063714 -0.48039218053989358 -3.7384929656982417 -17.222033818562821 -0.98926660607499728 1.3266832033793141 -0.26437583422314587 -1.168937658399529 -0.98074913024902333 -0.96473284562428774 -0.5253975028830169 -0.28611895853869346 0.64087293545405088 -1.9386731689500356 -0.44367369016011549 -0.79958633228055687 -0.38402017076804035 -0.39618071749518663 -0.51611534991019425 0.31953748926301312 106.24645019158186 -1.1590121189753213 -0.020827044387877545 -0.54659654217475395
decision_type=8 10 10 10 10 8 2 10 2 10 10 10 10 10 2 2 10 10 2 10 2 8 8 10 10 10 2 2 8 10
left_child=1 6 3 4 -3 -2 7 15 9 -8 -11 -12 13 -10 -15 -1 -14 -18 19 -17 -9 -7 23 -23 -25 -26 28 -28 29 -24
right_child=5 2 -4 -5 -6 21 8 20 12 10 11 -13 16 14 -16 18 17 -19 -20 -21 -22 22 26 24 25 -27 27 -29 -30 -31
leaf_value=1.4527203706931828e-05 -5.573454154042953e-05 0 0 0 0.00019950695113415064 3.8134188713349958e-05 0 0 0 0 -0.00021092287004438877 0 0 0 0.00016795059528093613 0 -0.00019363082470163096 0 0 -0.00012597170990943278 0.00010574639332607455 6.6902743526331345e-06 0 0 -9.773320236542896e-05 0 -5.8702832558096291e-05 -2.9623006575344001e-07 1.7377489721437397e-06 7.9078175769641115e-05
leaf_weight=852 203 37 64 24 92 282 178 53 253 148 103 32 78 121 85 30 65 72 86 107 171 307 66 132 310 130 305 2206 2116 282
leaf_count=852 203 37 64 24 92 282 178 53 253 148 103 32 78 121 85 30 65 72 86 107 171 307 66 132 310 130 305 2206 2116 282
internal_value=0 7.49512e-06 8.34463e-05 0.000127086 0.000153785 -3.17503e-06 0 1.48886e-05 -1.54943e-05 -4.67086e-05 -7.93508e-05 -0.000153033 0 2.7571e-05 8.03517e-05 0 -4.04841e-05 -8.31527e-05 -4.80238e-05 -8.76783e-05 7.8881e-05 -6.20452e-07 -3.34207e-06 -2.70755e-05 -5.39357e-05 -7.1954e-05 0 -9.38383e-06 1.12824e-05 5.49375e-05
internal_weight=8990 2651 217 153 129 6339 2434 1299 1135 461 283 135 674 459 206 1075 215 137 223 137 224 6136 5854 879 572 440 4975 2511 2464 348
internal_count=8990 2651 217 153 129 6339 2434 1299 1135 461 283 135 674 459 206 1075 215 137 223 137 224 6136 5854 879 572 440 4975 2511 2464 348
is_linear=0
shrinkage=0.05


Tree=203
num_leaves=31
num_cat=0
split_feature=198 198 214 286 260 232 344 259 13 307 325 307 63 59 319 279 312 14 347 308 32 220 81 287 81 221 27 43 283 257
split_gain=8.54152e-05 0.00051349 0.000264639 0.000266392 0.000245496 0.000745528 0.000444772 0.000361308 0.000337584 0.000288953 0.000650735 0.00048558 0.000432236 0.000290516 0.000251891 0.000245473 0.000239797 0.000340968 0.000323207 0.000264561 0.00021684 0.000393431 0.000412618 0.000315383 0.000225063 0.00039689 0.000203595 0.000185998 0.00018525 0.000206344
threshold=0.73286929141142987 0.50490095432054305 -0.44493026762418908 0.070013586431741673 0.82151421158050908 0.80594479776596606 3.3438747177521395 0.23037450707759602 0.085223776753991717 0.42591374955337519 0.17840455969174704 2.0618725301397647 0.9337488810221356 -3.5525744756062818 0.011578063246100201 0.036298731543022954 1.847599181603609 0.0095428669204314018 6.1444128354390477 2.1745101289380333 0.54034445683161436 -0.18104609376337652 0.00066146778408430009 0.0015599264685684502 1.4558033148447675 1.9810998865590579 -0.66886985301971424 -0.95110181967417395 0.28769679864247666 0.2418371865930681
decision_type=8 10 10 10 10 10 10 10 2 10 10 10 2 2 8 10 10 2 10 10 2 10 2 10 2 10 2 2 10 10
left_child=1 4 15 26 5 9 7 -7 -9 10 14 12 -11 -12 -1 -3 17 -6 19 -19 21 -2 23 -23 -24 -26 -4 -13 29 -18
right_child=20 2 3 -5 16 6 -8 8 -10 11 13 27 -14 -15 -16 -17 28 18 -20 -21 -22 22 24 -25 25 -27 -28 -29 -30 -31
leaf_value=-5.7424024258711032e-06 0 3.2982843230053393e-05 1.4215226254415215e-06 0 0 0 0 -0.00020433435300725971 0 -7.6258134240812762e-05 0 8.6407979450050376e-05 0 9.7676686911391528e-05 4.1700037855885395e-05 -8.1019534713006747e-05 0 0.00012731940003767964 0 0 0 -0.00026143089990163975 0 0 0 -0.00022221155753225552 0.00011532176366026071 0 1.5645105032698552e-05 -0.00011338083140520887
leaf_weight=3485 217 135 164 139 201 36 50 117 24 466 82 95 296 253 297 71 23 208 57 39 1758 50 209 33 30 33 238 44 65 75
leaf_count=3485 217 135 164 139 201 36 50 117 24 466 82 95 296 253 297 71 23 208 57 39 1758 50 209 33 30 33 238 44 65 75
internal_value=0 2.888e-06 4.21971e-05 6.06727e-05 -1.23304e-06 -5.66521e-06 -9.45467e-05 -0.000133197 -0.000169321 -6.46263e-07 3.9258e-06 -2.70846e-05 -4.62463e-05 7.09838e-05 -6.93732e-07 0 2.60792e-05 4.56265e-05 7.91256e-05 0.000104762 -8.23429e-06 -3.49817e-05 -6.88578e-05 -0.000178093 -1.70963e-05 -0.000100883 8.13016e-05 4.19727e-05 -3.81646e-06 -6.76958e-05
internal_weight=8990 6660 747 541 5913 5245 227 177 141 5018 4117 901 762 335 3782 206 668 505 304 247 2330 572 355 83 272 63 402 139 163 98
internal_count=8990 6660 747 541 5913 5245 227 177 141 5018 4117 901 762 335 3782 206 668 505 304 247 2330 572 355 83 272 63 402 139 163 98
is_linear=0
shrinkage=0.05


Tree=204
num_leaves=31
num_cat=0
split_feature=210 298 348 218 327 228 273 372 339 232 5 77 218 340 349 266 236 334 310 243 360 242 41 325 289 198 233 47 190 49
split_gain=8.23544e-05 0.000489961 0.000315893 0.00026359 0.000253211 0.000213479 0.000308004 0.00026205 0.000265783 0.000230119 0.000247016 0.000264031 0.000306654 0.000351581 0.000253295 0.000276491 0.000456677 0.000217513 0.000336111 0.000223621 0.000211679 0.000210547 0.000203818 0.000416149 0.000314357 0.000352855 0.000252079 0.000233659 0.000229532 0.000432067
threshold=-0.52327245578933057 0.037328020359078957 3.1163606643676762 1.2216713843592926 -0.36614067355791724 -0.69560670119008849 -0.41820636219628254 -0.56225991652571528 -2.1931158353212337 -0.61932662582830822 -0.32617004712422676 1.358591397603353 0.0096574178131623514 0.82484555244445812 3.1044085848849774e-08 -0.035663805897311142 0.5930549545009095 0.62953473241051994 0.34636189655559324 2.3473012065569088 1.1325044385237217 -1.3126974191143577 -1.4898579120635984 -0.16603142023086542 -5.3402433395385733 -0.64036802389106351 -1.0723833855657339 0.20539724826812741 -0.62840937768463101 -0.63344160715738917
decision_type=8 10 10 10 10 8 10 2 10 8 2 2 10 10 10 10 10 8 10 10 10 10 2 10 10 10 10 2 10 2
left_child=1 22 3 4 -3 6 7 8 -2 -7 11 12 -11 -14 15 -12 -17 18 -16 -19 21 -10 23 28 25 -24 -27 -25 -1 -30
right_child=5 2 -4 -5 -6 9 -8 -9 20 10 14 -13 13 -15 17 16 -18 19 -20 -21 -22 -23 24 27 -26 26 -28 -29 29 -31
leaf_value=1.5656980851586076e-05 0 0 0 0 0.00017323039176728321 3.6134362034618074e-05 0 0 0 -3.8199768133778067e-06 0 2.8137046398371001e-05 -8.5982432486125869e-05 0 2.8949487897313662e-06 8.512252277022319e-05 0 1.132277553993602e-05 -4.6820421166804762e-05 -3.533059163180056e-05 0 -0.00015624116382927022 0 0 0 0 -0.00021702032462251773 0.00012284750910493612 -0.00013302535434036279 0
leaf_weight=604 53 31 47 24 115 406 221 86 31 683 301 122 385 46 377 338 206 2008 630 266 27 153 107 47 1342 26 52 131 85 40
leaf_count=604 53 31 47 24 115 406 221 86 31 683 301 122 385 46 377 338 206 2008 630 266 27 153 107 47 1342 26 52 131 85 40
internal_value=0 7.4558e-06 7.95043e-05 0.00011274 0.000138955 -3.0382e-06 -3.2202e-05 -6.23775e-05 -8.73989e-05 0 -2.89869e-06 -2.28961e-05 -3.2975e-05 -6.75667e-05 1.88042e-06 2.7018e-05 4.90327e-05 -3.07033e-06 -2.32448e-05 3.66554e-06 -0.000112712 -0.000132067 0 1.97542e-05 -1.00932e-05 -7.13178e-05 -0.000152806 8.84817e-05 0 -5.83369e-05
internal_weight=8990 2651 217 170 146 6339 571 350 264 5768 5362 1236 1114 431 4126 845 544 3281 1007 2274 211 184 2434 907 1527 185 78 178 729 125
internal_count=8990 2651 217 170 146 6339 571 350 264 5768 5362 1236 1114 431 4126 845 544 3281 1007 2274 211 184 2434 907 1527 185 78 178 729 125
is_linear=0
shrinkage=0.05


Tree=205
num_leaves=31
num_cat=0
split_feature=353 247 363 254 241 0 68 307 300 309 367 312 291 47 199 226 69 309 218 219 244 318 320 375 192 76 47 300 216 222
split_gain=8.30771e-05 0.000295118 0.000245723 0.000313861 0.000367003 0.000293359 0.000321922 0.000268368 0.000482901 0.00032676 0.000300922 0.000277768 0.000416519 0.000438105 0.00027037 0.000384244 0.000311827 0.000262502 0.000288808 0.000310554 0.000284068 0.000409818 0.000261893 0.000269721 0.000244889 0.000241289 0.000235992 0.000342882 0.000217814 0.000230265
threshold=-1.5398429919782701 -1.2822944477663172 -0.1760870639394588 -0.17584711452502869 0.95099831163571336 1.0042044719060266 0.80137320359547937 0.42591374955337519 -1.7050102055072782 -0.040269654159251544 1.207976513929798 -1.2235929696882939 5.4140885687170581e-07 0.26575506726900738 -0.34032700806048227 -0.12084825875600584 0.35279603799184173 0.05083378260127331 0.35537102919074076 -0.42413879614046707 -0.16729448487493137 -0.40389412535045283 1.1024989862580052 -0.43403091303657743 0.16349494030429831 -4.5133697191874171 0.3711952567100526 -3.3400072654088331 -0.20335819945269376 -2.0497258444089232
decision_type=10 10 10 10 10 2 2 10 10 10 2 10 10 2 10 10 2 10 10 10 10 10 10 2 10 2 2 10 10 10
left_child=1 -1 3 4 17 24 -7 8 11 10 22 -4 13 -13 -10 -16 -17 20 -19 -20 25 -22 23 -9 26 -2 -5 -28 29 -3
right_child=2 28 7 5 -6 6 -8 9 14 -11 -12 12 -14 -15 15 16 -18 18 19 -21 21 -23 -24 -25 -26 -27 27 -29 -30 -31
leaf_value=-1.1323703397226668e-05 -5.2038314830039553e-05 0 0 0 7.5457476826072637e-05 -0.00019956261410082087 0 0 7.6916381270544603e-05 0 0 0 0 -0.00019378240359389353 -2.7541491416713501e-05 6.7220420508289658e-05 0 0 0 -0.00012337475793977788 0 8.4872129077915155e-05 0 -0.0001878313973058154 9.6074961766356631e-06 0 0 -0.00011573555614119659 0 5.2938954481660064e-05
leaf_weight=668 323 79 92 71 124 69 40 20 355 2872 24 23 31 83 258 386 311 293 22 157 327 203 35 83 164 675 38 162 309 693
leaf_count=668 323 79 92 71 124 69 40 20 355 2872 24 23 31 83 258 386 311 293 22 157 327 203 35 83 164 675 38 162 309 693
internal_value=0 9.86189e-06 -2.27815e-06 -1.47668e-05 -3.47914e-06 -4.96402e-05 -0.000133593 3.91484e-06 2.14391e-05 -3.32686e-06 -7.24338e-05 -3.55515e-05 -8.47178e-05 -0.000138161 3.52201e-05 1.44789e-05 3.72074e-05 -1.08766e-05 -4.34887e-05 -9.49562e-05 0 2.87592e-05 -0.000107731 -0.000147974 -1.70863e-05 -1.64999e-05 -5.16814e-05 -8.10377e-05 2.75782e-05 4.20738e-05
internal_weight=8990 1749 7241 2668 2124 544 109 4573 1539 3034 162 229 137 106 1310 955 697 2000 472 179 1528 530 138 103 435 998 271 200 1081 772
internal_count=8990 1749 7241 2668 2124 544 109 4573 1539 3034 162 229 137 106 1310 955 697 2000 472 179 1528 530 138 103 435 998 271 200 1081 772
is_linear=0
shrinkage=0.05


Tree=206
num_leaves=31
num_cat=0
split_feature=362 369 193 216 36 363 13 249 292 269 265 210 41 274 215 346 338 262 2 32 348 356 72 244 207 268 294 298 346 350
split_gain=8.18634e-05 0.000201873 0.000339638 0.00037375 0.00020398 0.000150013 0.000225336 0.000293841 0.000337469 0.000269676 0.000260624 0.000372952 0.000408405 0.00041152 0.000341874 0.000339493 0.000372469 0.000296781 0.000222496 0.000514479 0.000378429 0.000247309 0.000324424 0.000210879 0.000189689 0.000235188 0.000198144 0.000262161 0.000198802 0.000195888
threshold=-4.5465237365455797 99.151417035155092 -1.5673596656252922 -0.81113847157776398 0.24477473894755047 -1.711918467875478 -0.046113469327489491 -0.9525090963160775 1.5149042208989465 0.031076441867367355 -0.46073399732236281 -0.50907016942808547 -0.15770049889882401 -1.3089162367549532 -0.7016740122760422 -9.9341074644154746e-08 -1.4605248157921111 -0.27389205320540538 -0.30682458480199171 0.70255786180496227 -5.8499650160471584 -1.4958550522976053 4.1930243174235029 0.4698634989002653 -1.758520764508914 -1.5354979321945377 -1.4114523927370703 -0.247436945637067 -4.9990901152292873 -21.420938809712727
decision_type=10 2 10 10 2 10 2 10 10 10 10 10 2 10 10 10 10 10 2 2 10 10 2 10 10 10 10 10 10 10
left_child=1 -1 -3 4 -4 18 7 -7 9 23 14 12 13 -12 -8 16 -16 -14 24 20 -20 -22 -23 -9 25 -2 27 -26 -29 -27
right_child=5 2 3 -5 -6 6 10 8 -10 -11 11 -13 17 -15 15 -17 -18 -19 19 -21 21 22 -24 -25 26 29 -28 28 -30 -31
leaf_value=0 0 0 0.00031045497180983854 0 0 0 0 0.00011298836097230224 0 0 0 0 -6.5146542690780582e-05 0.00013271027078943921 0 0 -0.00010538048813946418 4.6714266911287418e-05 0 0 0 -0.00020584533233244815 0 0 1.3490250761577804e-05 0 2.5446204301387921e-05 0 -0.00010482240458331721 -0.00015711877470914404
leaf_weight=117 77 50 31 54 21 236 560 263 90 68 34 4843 96 173 110 307 290 153 40 139 57 108 21 22 109 38 607 100 114 62
leaf_count=117 77 50 31 54 21 236 560 263 90 68 34 4843 96 173 110 307 290 153 40 139 57 108 21 22 109 38 607 100 114 62
internal_value=0 2.70201e-05 6.71593e-05 0.00012099 0.000218507 -7.7767e-07 1.5631e-06 2.92035e-05 5.44514e-05 7.81665e-05 -5.34155e-07 3.54113e-06 4.67967e-05 9.87571e-05 -2.15233e-05 -4.51536e-05 -7.56609e-05 0 -1.56945e-05 -5.01666e-05 -9.87548e-05 -0.000130124 -0.000170873 9.96598e-05 0 -5.07053e-05 4.50695e-06 -1.93639e-05 -5.94501e-05 -0.000102091
internal_weight=8990 273 156 106 52 8717 7245 679 443 353 6566 5299 456 207 1267 707 400 249 1472 365 226 186 129 285 1107 177 930 323 214 100
internal_count=8990 273 156 106 52 8717 7245 679 443 353 6566 5299 456 207 1267 707 400 249 1472 365 226 186 129 285 1107 177 930 323 214 100
is_linear=0
shrinkage=0.05


Tree=207
num_leaves=31
num_cat=0
split_feature=191 208 88 79 366 5 337 350 296 317 62 240 73 188 292 39 245 212 321 226 232 323 322 71 356 331 268 67 310 52
split_gain=8.04808e-05 0.000151147 0.000180643 0.000365038 0.000292991 0.000257386 0.000327551 0.00015856 0.000329575 0.000299458 0.000290242 0.000284193 0.000240552 0.000301041 0.000390985 0.00031384 0.000303513 0.000303803 0.000269872 0.000268366 0.000225335 0.000327178 0.00034698 0.000180729 0.000329217 0.000448665 0.00014096 0.000125883 0.000122943 0.000155296
threshold=2.2583293612168927 1.9225086234180468 2.3012899557749438 0.74845516681671154 1.8076023146849274 5.5933793385823583 3.310731759407314 15.877547899882002 0.043959679082035609 -0.5158175479874928 3.4113416671752934 -0.055459964317264542 6.1167319615681972 0.40059841990096662 7.0321613152821865 -0.21890454490979508 0.29436080761395272 1.2344373145152177 0.77617036757045332 0.42580997032265372 1.8312573654397186 1.7112554311752322 0.88169608513514219 1.165956060091655 3.191128087654 1.3972765068846009 2.3820822315109713 2.9657592773437504 0.68484321601659082 2.4180271625518803
decision_type=10 10 2 2 2 2 10 8 8 10 2 10 2 10 10 2 10 10 10 10 10 10 10 2 8 10 10 2 10 2
left_child=1 7 3 -3 5 6 -5 12 9 -9 11 -11 13 14 19 -16 17 -15 -18 -1 21 -14 -23 24 25 -10 28 -25 -2 -30
right_child=26 2 -4 4 -6 -7 -8 8 23 10 -12 -13 20 16 15 -17 18 -19 -20 -21 -22 22 -24 27 -26 -27 -28 -29 29 -31
leaf_value=1.5108818447413417e-06 0 0 0 -0.00022179051749195329 0 0 0 0 0 0 0 0.00012229755755865265 0 7.0211973825567463e-05 -0.00010906633124810439 0 -2.620506862900608e-05 0 2.497397288801841e-05 -4.8383124480085786e-05 0 -0.00014024411284381573 0 3.8188218100483109e-05 0 -0.00016950480273987553 0 -8.0548488448172166e-06 0.00012711465985108206 0
leaf_weight=4789 32 70 86 80 30 52 22 88 61 80 97 226 200 434 159 212 421 82 618 282 67 146 86 238 33 82 25 79 77 36
leaf_count=4789 32 70 86 80 30 52 22 88 61 80 97 226 200 434 159 212 421 82 618 282 67 146 86 238 33 82 25 79 77 36
internal_value=0 -6.21483e-07 -3.34781e-05 -5.72485e-05 -9.73684e-05 -0.000126805 -0.000174846 1.06644e-07 1.947e-05 4.93694e-05 6.9474e-05 9.34165e-05 -1.7684e-06 0 -4.90443e-06 -5.4641e-05 1.99946e-05 5.17188e-05 0 -2.7866e-07 -3.53822e-05 -5.24379e-05 -9.29692e-05 -1.72122e-07 -4.84972e-05 -9.29832e-05 3.41001e-05 1.08971e-05 6.15779e-05 8.70761e-05
internal_weight=8990 8820 340 254 184 154 102 8480 984 491 403 306 7496 6997 5442 371 1555 516 1039 5071 499 432 232 493 176 143 170 317 145 113
internal_count=8990 8820 340 254 184 154 102 8480 984 491 403 306 7496 6997 5442 371 1555 516 1039 5071 499 432 232 493 176 143 170 317 145 113
is_linear=0
shrinkage=0.05


Tree=208
num_leaves=31
num_cat=0
split_feature=48 212 32 322 54 16 204 205 368 28 350 238 16 93 266 39 80 60 17 61 257 222 292 13 346 38 16 370 30 302
split_gain=7.95741e-05 0.000259193 0.00033268 0.000204915 0.000148239 0.000278432 0.000278742 0.000260967 0.000348165 0.000214675 0.000168139 0.000350027 0.000405957 0.000295448 0.000276076 0.000233695 0.000225097 0.000201462 0.000199352 0.000183648 0.000183032 0.000380894 0.000250749 0.000163194 0.000147308 0.000135517 0.000246508 0.000105249 9.80515e-05 9.02989e-05
threshold=14.048549652099611 0.92275199264537899 0.85602223873138439 0.95486768086751317 2.0605446497599291 1.3211507797241213 0.12249014738285617 0.30782211465477111 41.76012024741997 0.81399575869242369 18.712695598602298 1.3315272582581994 1.7084442774454753 5.2248106002807626 -0.058384681539900445 2.6070985794067387 1.5112067063649499 1.7445456186930339 2.1319904327392583 -0.48515019814173371 1.6515824655886753 1.6819313910176439 6.7092710336049404 0.034531856576601662 7.0923469861348476 1.6396977504094445 2.5369981924692793 0.42273692431476151 3.326015949249268 1.1951056434215312
decision_type=2 10 2 10 2 2 10 10 2 2 8 10 2 2 10 2 2 2 2 2 10 10 8 2 10 2 2 2 2 10
left_child=4 2 3 -2 10 6 -6 -8 -9 -10 13 12 14 16 -12 -15 20 19 27 -18 21 -1 -22 -7 -16 26 -25 -13 -3 -28
right_child=1 28 -4 -5 5 23 7 8 9 -11 11 18 -14 15 24 -17 17 -19 -20 -21 22 -23 -24 25 -26 -27 29 -29 -30 -31
leaf_value=-2.407778217284189e-06 0.00017286126300042483 0 0 0 0 4.1367086752790226e-05 0 0 -0.00021988366895489623 0 0 0 0 -0.00020641310157709517 0.00014534297535657414 0 0 0 0 6.3851274563389774e-05 0 -8.0280585458670134e-05 9.2331367174943791e-05 0 0 0 0 -0.00012111092747678436 -7.2141731008486869e-05 -0.00016880558844330529
leaf_weight=5861 73 98 54 32 212 194 91 29 79 46 91 20 133 31 158 21 171 239 80 362 198 170 112 73 20 160 37 54 47 44
leaf_count=5861 73 98 54 32 212 194 91 29 79 46 91 20 133 31 158 21 171 239 80 362 198 170 112 73 20 160 37 54 47 44
internal_value=0 2.51488e-05 7.26752e-05 0.00012613 -8.71867e-07 -1.96313e-05 -4.83375e-05 -8.48565e-05 -0.000125246 -0.000162113 8.25411e-07 2.75932e-05 5.61211e-05 -5.54288e-07 9.20742e-05 -0.000119244 0 2.5789e-05 -1.44172e-05 4.36807e-05 -2.78667e-06 -5.43316e-06 3.25618e-05 0 0.000129169 -1.5538e-05 -5.18713e-05 -8.46051e-05 0 -0.000112745
internal_weight=8990 304 159 105 8686 965 457 245 154 125 7721 556 402 7165 269 52 7113 772 154 533 6341 6031 310 508 178 314 154 74 145 81
internal_count=8990 304 159 105 8686 965 457 245 154 125 7721 556 402 7165 269 52 7113 772 154 533 6341 6031 310 508 178 314 154 74 145 81
is_linear=0
shrinkage=0.05


Tree=209
num_leaves=31
num_cat=0
split_feature=2 370 80 267 251 234 207 213 353 207 238 307 363 250 247 303 56 249 75 42 307 266 234 339 76 23 260 9 39 193
split_gain=8.209e-05 0.000213971 0.000322078 0.00024967 0.000196757 0.000266981 0.000166093 0.000760751 0.000374432 0.000208877 0.000365581 0.000280898 0.000435292 0.000301299 0.000252667 0.000266713 0.000182604 0.000163122 0.000159277 0.00013833 0.000136413 0.000332323 0.000336874 0.00019369 0.000366573 0.000232318 9.20662e-05 0.000142083 7.91294e-05 0.000179462
threshold=2.8623056411743169 1.0997000785888618 0.0006613278916726002 2.1046124636686359 1.5192906489326328 -0.30086696807584873 2.358420496683499 1.0238748654794523 1.7955856922676265 1.4249738367088811 1.5494261218976781 2.4279512210873535 1.1247752233562951 1.5367258550542393 1.9006996225186878 0.78803395149679634 1.2743778626124067 2.2830219222855459 0.62879325946172082 -0.83619491259256995 2.0618725301397647 0.66243646321431371 1.402159168922021 1.6615052620835604 6.8244190216064462 0.023764292399088501 0.7956156371518357 1.3955237269401553 4.3103383382161464 1.8050785056192791
decision_type=2 2 2 10 10 10 10 10 10 10 10 10 10 10 10 10 2 10 2 2 8 8 10 10 2 2 10 2 2 10
left_child=6 2 -2 4 5 -4 9 8 18 10 20 12 26 -14 15 -12 -17 -13 -8 -7 23 22 -22 24 -1 -25 27 -11 -3 -30
right_child=1 28 3 -5 -6 19 7 -9 -10 11 14 17 13 -15 -16 16 -18 -19 -20 -21 21 -23 -24 25 -26 -27 -28 -29 29 -31
leaf_value=-2.4471005878845145e-06 0 0 0 0 0 0 0 0 0 0 0 0 0.00015952952912770183 0 0 -0.0002022480277295095 0 -0.00010484309346214904 -0.00031423149031092413 0.00019322115620045197 9.4903628725564093e-05 0 0 -5.9142845559367638e-05 5.9303752234717548e-05 0 -3.6351514972653894e-05 7.2945105482608136e-05 0 -0.00012394348107152669
leaf_weight=6153 55 121 36 46 52 20 20 143 25 32 58 156 119 31 29 66 35 37 37 98 219 365 42 316 250 206 68 93 20 42
leaf_count=6153 55 121 36 46 52 20 20 143 25 32 58 156 119 31 29 66 35 37 37 98 219 365 42 316 250 206 68 93 20 42
internal_value=0 1.98598e-05 4.86874e-05 7.79844e-05 0.00010231 0.000131117 -1.18439e-06 -4.35617e-05 -0.000168429 0 -2.12237e-06 3.01502e-05 5.88825e-05 0.000123188 -7.10225e-05 -9.96689e-05 -0.000149091 0 -0.000239128 0.000167582 0 2.19034e-05 6.58208e-05 -2.42301e-06 0 -3.17069e-05 0 3.3474e-05 -1.19386e-06 -5.6478e-05
internal_weight=8990 490 307 252 206 154 8500 225 82 8275 7739 536 343 150 188 159 101 193 57 118 7551 626 261 6925 6403 522 193 125 183 62
internal_count=8990 490 307 252 206 154 8500 225 82 8275 7739 536 343 150 188 159 101 193 57 118 7551 626 261 6925 6403 522 193 125 183 62
is_linear=0
shrinkage=0.05


Tree=210
num_leaves=31
num_cat=0
split_feature=58 223 288 305 70 198 6 317 272 259 297 45 265 224 305 340 58 211 4 213 287 86 211 215 363 201 86 302 266 376
split_gain=7.62819e-05 0.000376276 0.000520046 0.000581026 0.000266672 0.000179596 0.00012882 0.000426365 0.000336479 0.000234078 0.00036609 0.000224051 0.000195432 0.00037389 0.000325941 0.000374604 0.000264023 0.000370786 0.000454542 0.000356577 0.000194474 0.000187747 0.000172562 0.000168493 0.000164258 0.00051294 0.000238253 0.000163444 0.000154289 0.000148562
threshold=-2.419026136398315 -1.3380407234741891 -0.5397069056828816 -3.7306431051676703 -2.0324233373006177 -1.4793978684631799 -1.4985912640889485 -0.19903898376292326 -0.79464888949124346 -0.85264607860355235 -0.14555339018503824 0.00066131698743745017 -0.46073399732236281 -0.43252622980346489 -0.081111295776269979 -0.49473342439159668 -0.34209686517715449 0.16665859314887257 -1.5011363029479978 0.09994582252333982 0.025270863125721504 -0.5384228229522704 -1.6400329690024797 0.13928506670061214 1.0083207821517279 0.76657411316656054 0.11218135058879851 0.32902043374202478 0.17995357165436401 -0.041340784675880447
decision_type=2 10 10 10 2 10 2 10 8 10 10 2 8 10 10 10 2 10 2 10 10 2 10 10 8 8 2 10 10 2
left_child=1 4 3 -3 -1 -5 7 -2 9 21 -11 -12 13 29 15 -15 17 18 -14 -19 22 -8 -9 27 26 -26 -18 -24 -16 -10
right_child=6 2 -4 5 -6 -7 8 20 12 10 11 -13 16 14 28 -17 24 19 -20 -21 -22 -23 23 -25 25 -27 -28 -29 -30 -31
leaf_value=0 -2.1679062362746269e-07 0 0 0 -0.00015386555560839755 0.00034924843255695795 6.3799841994728934e-05 0 3.4132527791785534e-05 0 0.00017116465690926292 0 0 0 3.3906711842994323e-05 -0.00012935402763515009 -4.4141213080572104e-05 -0.000131558307615309 0.00012240232882906491 2.3239828675551084e-05 0 -3.1266824629708466e-05 -0.00019525413031653812 0 3.3950789448258554e-05 -1.2744330138773087e-05 -9.8856515662101911e-07 0 -6.5625651134801319e-05 -1.3367063109108731e-05
leaf_weight=30 1238 21 78 22 30 35 77 26 265 148 99 97 101 183 129 189 420 49 183 77 26 159 82 24 1127 1038 2606 26 55 350
leaf_count=30 1238 21 78 22 30 35 77 26 265 148 99 97 101 183 129 189 420 49 183 77 26 159 82 24 1127 1038 2606 26 55 350
internal_value=0 2.92485e-05 8.31642e-05 0.000174558 -2.7643e-05 0.000259067 -8.15643e-07 -1.49233e-05 1.2331e-06 3.81167e-05 6.44204e-05 0.000109312 -1.18805e-06 -2.02035e-05 -5.04029e-05 -7.73729e-05 1.89511e-06 4.07186e-05 7.52073e-05 0 -8.66594e-05 0 -0.00010872 -0.000131955 -2.08815e-07 9.2541e-06 -8.63158e-06 -0.000158665 0 0
internal_weight=8990 216 156 78 60 57 8774 1422 7352 580 344 196 6772 1171 556 372 5601 410 284 126 184 236 158 132 5191 2165 3026 108 184 615
internal_count=8990 216 156 78 60 57 8774 1422 7352 580 344 196 6772 1171 556 372 5601 410 284 126 184 236 158 132 5191 2165 3026 108 184 615
is_linear=0
shrinkage=0.05


Tree=211
num_leaves=31
num_cat=0
split_feature=227 356 361 242 68 254 369 241 209 359 371 286 17 73 23 55 59 233 205 201 274 333 368 366 249 369 66 204 244 364
split_gain=7.77852e-05 0.000233387 0.000382084 0.000327257 0.000523191 0.000272602 0.000217495 0.000207643 0.000358629 0.000355411 0.000343169 0.000268441 0.000396743 0.000266793 0.00026385 0.000257239 0.000197751 0.000664088 0.000508921 0.000309672 0.00044304 0.000273472 0.000232751 0.00038616 0.000228449 0.00029041 0.000226747 0.000177854 0.000298066 0.000176181
threshold=-1.6012899997704853 -2.6214274195453728 -0.86325358263319896 -1.9891513990204546 0.0067335963249208009 -0.33062313482527667 80.441089757182922 -1.0226005383198935 -1.193534784846259 -2.6167508582947745 -1.9108792937472332 -0.21568153534705423 -1.0802070299784341 -7.1247278849283848 -0.0062616604069868492 -0.5147460103034972 -3.1971394220987954 -0.18082926204774555 -1.0158375689064452 -0.15379612765452633 -0.96145453239966616 0.10269474619013817 13.250930047682077 -0.5896899419046352 -0.67504776969036129 127.85681351615558 -2.3853864669799791 -1.6067991242903612 -1.4560131037096411 -2.5425307861523927
decision_type=8 10 10 10 2 10 2 8 10 10 2 10 2 2 2 2 2 10 8 10 10 10 2 2 8 2 2 10 10 10
left_child=1 -1 3 -3 5 6 -5 8 9 -2 -11 -12 -13 14 15 27 17 22 19 20 -18 -19 -15 -24 25 -20 -26 -9 -29 -10
right_child=7 2 -4 4 -6 -7 -8 13 29 10 11 12 -14 16 -16 -17 18 21 24 -21 -22 -23 23 -25 26 -27 -28 28 -30 -31
leaf_value=-3.4219374987892285e-06 0 0 0 0 0 0 0.00024537916648334951 0 6.5701395127174618e-05 0 0 -0.00015952406151004399 0 0 0 0 0 5.2228535915010403e-05 -7.5354508297434603e-05 0 0.0001275901962510775 -1.4714268385574542e-05 -1.7807300465168344e-05 -0.00013279864156659697 2.4726897488839462e-05 0 -2.0582456070222829e-06 0 0.00019752495773204173 -7.7179254583986366e-06
leaf_weight=281 121 34 116 20 92 21 84 30 96 38 36 190 91 48 41 44 57 281 226 89 196 164 329 195 918 144 4470 27 81 430
leaf_count=281 121 34 116 20 92 21 84 30 96 38 36 190 91 48 41 44 57 281 226 89 196 164 329 195 918 144 4470 27 81 430
internal_value=0 1.65253e-05 4.54154e-05 8.25802e-05 0.000107963 0.000175167 0.000208374 -1.44736e-06 -2.30337e-05 -5.47711e-05 -8.07729e-05 -0.000100058 -0.000116967 8.1853e-07 5.48698e-05 8.55037e-05 -1.73296e-07 -2.11781e-05 2.50928e-06 6.1895e-05 9.07574e-05 1.63263e-05 -5.9093e-05 -7.01572e-05 -1.50637e-07 -3.88235e-05 1.57777e-06 0.00011957 0.000149592 0
internal_weight=8990 648 367 251 217 125 104 8342 1002 476 355 317 281 7340 223 182 7117 1017 6100 342 253 445 572 524 5758 370 5388 138 108 526
internal_count=8990 648 367 251 217 125 104 8342 1002 476 355 317 281 7340 223 182 7117 1017 6100 342 253 445 572 524 5758 370 5388 138 108 526
is_linear=0
shrinkage=0.05


Tree=212
num_leaves=29
num_cat=0
split_feature=348 19 222 265 58 56 85 18 223 35 274 249 241 86 191 77 245 360 274 86 292 211 265 196 348 368 33 362
split_gain=7.42284e-05 0.000141987 0.000199966 0.000290404 0.000126317 0.000439206 0.000131378 0.000441837 0.00020142 0.000323388 0.000308493 0.000270835 0.000320975 0.000149535 0.000132636 0.000108439 0.000193709 0.000204774 9.45528e-05 0.000151144 7.51121e-05 5.68643e-05 5.21062e-05 4.80967e-05 4.57738e-05 0.00011933 3.65644e-05 1.46818e-05
threshold=-21.390256881713864 -9.237027168273924 -0.35414151234998154 -0.62171539388136987 -2.6294901470343262 0.1931465566158295 -6.5258617401123038 -3.196811199188232 -1.0933535105509775 0.21530324220657346 -0.41492052777485727 -0.98708099070225785 -0.30237608489708345 -0.38800311088562006 -1.0126828143214943 -1.6878442764282224 -2.4080020498845314 -0.98262621655476912 -0.56490279844102498 -0.47924238443374628 -8.1244190533955862 -0.77971784883175232 -0.39257897367000422 -0.95923976662983435 -1.5457554658253982 140.42238522740539 -1.443273067474365 -2.3907194429545382
decision_type=10 2 10 10 2 2 2 2 8 2 10 10 10 2 10 2 10 10 10 2 8 10 10 10 10 2 2 10
left_child=20 2 3 15 5 23 7 -6 11 10 -10 14 -13 -11 -8 16 -2 -18 19 -9 21 -1 -20 -3 25 -17 -7 -4
right_child=1 4 27 -5 6 26 8 18 9 13 -12 12 -14 -15 -16 24 17 -19 22 -21 -22 -23 -24 -25 -26 -27 -28 -29
leaf_value=8.5826184162854889e-05 0 -5.6177855286260768e-05 2.8849635273677021e-05 -0.00017577468358206103 -0.00019150366378433602 0.00017503668022611843 2.2190073950274902e-05 0 -8.417050951624273e-05 2.4188011040513416e-05 0 6.6922276138344484e-05 0 -2.2319738873520669e-06 -2.9270168034002551e-05 8.0245330493153313e-05 -0.00014818969034195497 0 0 -0.00012561127166743342 0 0 9.6250078918914787e-05 0 0 0 0 0
leaf_weight=69 21 38 44 51 39 49 179 56 229 587 156 433 197 6092 284 64 58 24 24 30 91 21 29 21 23 33 20 28
leaf_count=69 21 38 44 51 39 49 179 56 229 587 156 433 197 6092 284 64 58 24 24 30 91 21 29 21 23 33 20 28
internal_value=0 -8.59809e-07 -3.23178e-05 -5.60592e-05 0 4.958e-05 -3.28747e-07 -4.30026e-05 0 -2.47857e-06 -4.70326e-05 2.05173e-05 4.24836e-05 0 0 -6.20231e-06 -5.20836e-05 -9.64631e-05 0 -3.35757e-05 3.14441e-05 6.3808e-05 5.12222e-05 0 0 3.43296e-05 0.000142994 0
internal_weight=8990 8809 346 274 8463 128 8335 178 8157 7064 385 1093 630 6679 463 223 103 82 139 86 181 90 53 59 120 97 69 72
internal_count=8990 8809 346 274 8463 128 8335 178 8157 7064 385 1093 630 6679 463 223 103 82 139 86 181 90 53 59 120 97 69 72
is_linear=0
shrinkage=0.05


Tree=213
num_leaves=31
num_cat=0
split_feature=3 288 202 12 324 68 91 242 217 308 218 248 42 68 334 19 248 52 249 259 347 229 229 13 254 346 234 59 47 86
split_gain=7.52032e-05 0.00042729 0.000271427 0.000238451 0.000366486 0.000420089 0.000453994 0.000361115 0.000326824 0.000423157 0.000401583 0.000320588 0.000235533 0.000229943 0.000406358 0.00024589 0.000369084 0.000259717 0.000279934 0.000351506 0.00022728 0.000225906 0.00027645 0.000253536 0.000304074 0.000225302 0.000246797 0.00028114 0.000218762 0.000241348
threshold=0.99999993046124791 1.0725315014521284 0.95048512141125041 0.031030199180046656 -0.15136559804280603 0.26457379261652636 -1.9782621860504148 -0.2397196579544438 0.76933406407564486 0.83916798251339508 0.30853171993453804 -1.1817379542887374 -0.43608490626017243 -0.027422993133465395 -0.69220387570671427 -1.9353214899698892 -0.10787023414070802 0.58082769314448057 0.035060041484947006 0.95892752073988852 1.9815727869669597 0.38984866865929507 0.75563399001114739 0.042508574823538404 -0.031236964358060299 2.0482885440190639 1.402159168922021 6.0743122100830087 0.078129015862941714 1.2148812214533491
decision_type=2 10 10 2 10 2 2 10 8 10 8 10 2 2 10 2 10 2 8 10 10 8 10 2 10 10 10 2 2 2
left_child=1 2 3 8 7 6 -6 11 9 -1 -10 -5 -11 14 -2 16 -15 18 -17 -20 -16 23 -23 -19 -25 26 27 -4 -18 -30
right_child=13 -3 25 4 5 -7 -8 -9 10 12 -12 -13 -14 15 20 17 28 21 19 -21 -22 22 -24 24 -26 -27 -28 -29 29 -31
leaf_value=0 0 -8.8617700377069202e-05 0.00016088543546143505 0 0 0 -0.00013199807317042597 5.7260535038488995e-05 0 0 -0.00020473392473637633 -0.00010300494707778334 0.00010909328193088014 0 0.00013629797309352331 0 0 0 8.9205349499975751e-05 0 0 4.1021467204238038e-05 -1.9096964062580704e-07 0 -9.8713782482277732e-05 0 0 0 -0.00013078293508524992 0
leaf_weight=3034 138 148 95 64 66 301 218 199 61 84 42 99 143 251 121 409 25 453 295 79 51 468 1534 48 191 122 35 26 150 40
leaf_count=3034 138 148 95 64 66 301 218 199 61 84 42 99 143 251 121 409 25 453 295 79 51 468 1534 48 191 122 35 26 150 40
internal_value=0 -4.53088e-06 -7.27579e-07 -4.87639e-06 -2.716e-05 -5.25354e-05 -9.68544e-05 4.21036e-08 0 4.15706e-06 -8.58971e-05 -3.91498e-05 7.00459e-05 4.61952e-06 4.63292e-05 7.11547e-08 -3.25671e-05 5.88424e-06 3.13508e-05 6.26749e-05 9.88455e-05 0 6.9473e-06 -2.60076e-05 -6.78884e-05 4.56084e-05 8.55227e-05 0.000120511 -8.1166e-05 -0.000101643
internal_weight=8990 4737 4589 4311 947 585 284 362 3364 3261 103 163 227 4253 310 3943 466 3477 783 374 172 2694 2002 692 239 278 156 121 215 190
internal_count=8990 4737 4589 4311 947 585 284 362 3364 3261 103 163 227 4253 310 3943 466 3477 783 374 172 2694 2002 692 239 278 156 121 215 190
is_linear=0
shrinkage=0.05


Tree=214
num_leaves=31
num_cat=0
split_feature=362 228 234 216 370 24 375 73 282 12 9 208 376 357 300 268 57 35 48 194 339 191 377 9 10 257 248 237 225 7
split_gain=7.60796e-05 0.000214328 0.000206815 0.000135829 0.000300096 0.000258904 0.0002543 0.000270793 0.000491256 0.000395573 0.000408498 0.000361354 0.000336063 0.000285395 0.000250005 0.000335473 0.000687235 0.000227477 0.000339562 0.000207499 0.000205879 0.000166202 0.000163628 0.000162558 0.000161055 0.000150395 0.000238878 0.000233496 0.000175694 0.000200514
threshold=-4.5465237365455797 -1.8050621471922128 -0.75533703789575368 -0.60182309655193966 0.21077405902655807 0.705844799677531 -1.224564779477993 -5.6512521107991533 -0.1872013409932454 -0.15578873843575497 1.6095922787984214 -0.39832267544838945 0.0022100566512656505 -1.1763097710538539 -1.2175965706507366 -0.76111956516844637 2.1115109920501713 0.21530324220657346 -0.45075607299804682 -1.2595946455047071 -0.86102082326080243 0.19510909754124281 -0.43063029485903925 1.2676978905995688 -0.080351610978444329 -0.89077299522588316 -1.2109015316732512 -0.71331313722744205 -0.71428978700975587 -0.85258265336354555
decision_type=10 10 10 10 2 2 2 2 10 2 2 10 2 10 10 10 2 2 2 10 10 10 2 2 2 10 10 10 10 2
left_child=1 -1 -3 4 -2 14 24 8 9 -8 -11 12 13 -9 19 -16 -17 18 -13 22 -19 -14 -6 -10 -5 26 -7 -28 29 -27
right_child=3 2 -4 6 5 25 7 11 23 10 -12 17 21 -15 15 16 -18 20 -20 -21 -22 -23 -24 -25 -26 28 27 -29 -30 -31
leaf_value=0 2.9479841308154683e-05 0.00010307886736721618 0 0 -7.2148522217891869e-05 0 0 0 0.00012731475115983757 -0.00017336462002504933 0 0 -3.5761855755003831e-05 8.0328777745531993e-05 0 -0.00016596083199783772 0 -3.2832278581623041e-05 -0.00010276503122496907 2.4474001658873235e-06 3.5823977021304064e-06 3.1421684142378677e-05 0 0 0.00010906311426460746 -7.9277839421825649e-05 0.00011347180603360683 0 0 0
leaf_weight=112 269 116 45 67 186 231 21 232 25 129 25 136 212 383 139 168 45 423 136 355 4567 146 22 59 89 184 104 76 245 43
leaf_count=112 269 116 45 67 186 231 21 232 25 129 25 136 212 383 139 168 45 423 136 355 4567 146 22 59 89 184 104 76 245 43
internal_value=0 2.57252e-05 6.66924e-05 -1.04199e-06 -1.2589e-05 -2.1665e-05 1.7954e-06 0 -4.97881e-05 -0.000103341 -0.000136206 2.35941e-06 3.07209e-05 5.34692e-05 -4.03681e-05 -7.67341e-05 -0.000116895 -1.93523e-06 -4.6502e-05 -8.74232e-06 0 0 -5.18591e-05 2.31772e-06 6.48848e-05 0 1.96937e-05 6.48166e-05 -2.14169e-05 -5.37366e-05
internal_weight=8990 273 161 8717 2067 1798 6650 6494 259 175 154 6235 973 615 915 352 213 5262 272 563 4990 358 208 84 156 883 411 180 472 227
internal_count=8990 273 161 8717 2067 1798 6650 6494 259 175 154 6235 973 615 915 352 213 5262 272 563 4990 358 208 84 156 883 411 180 472 227
is_linear=0
shrinkage=0.05


Tree=215
num_leaves=31
num_cat=0
split_feature=42 220 220 245 259 23 284 265 237 265 357 358 265 265 36 323 217 237 46 47 56 217 244 191 222 39 275 245 243 7
split_gain=7.26096e-05 0.000190077 0.000288488 0.000210054 0.000280093 0.000439151 0.00054098 0.000228041 0.000186797 0.000167945 0.000306848 0.000354857 0.00031424 0.00046447 0.000301561 0.00033937 0.000247786 0.000343018 0.000257098 0.000224757 0.000224714 0.000194372 0.000251635 0.000189499 0.000305398 0.000432335 0.000280998 0.000415438 0.000183316 0.000179787
threshold=0.014566439514358801 1.742710651246324 0.35429617417402143 1.2129308154261629 0.098482487445344921 0.13342691926906494 0.6764234105745951 1.4819118645949758 1.6302765668619521 0.80336121264933757 1.4581106934115913 1.8703081214023569 0.58227155707840283 -0.10516323122172959 0.59523813923199975 2.5852789481480922 1.7024174570106727 0.17447772874459427 0.6923503875732423 0.96711079279581724 1.0559624433517458 1.3047329409648973 -0.44503853210142447 0.21280367841470632 0.21992090610459233 0.54672096172968543 -1.0741737794249904 -0.045659801547525296 -0.41967484963748047 2.2852631409962978
decision_type=2 10 10 10 10 2 10 10 10 8 8 10 10 10 2 10 8 10 2 2 2 10 10 10 10 2 10 10 10 2
left_child=9 2 -2 4 -4 6 -6 8 -5 10 11 23 13 -13 29 16 17 -16 -19 21 -15 22 -12 24 -1 -26 28 -28 -25 -11
right_child=1 -3 3 7 5 -7 -8 -9 -10 14 19 12 -14 20 15 -17 -18 18 -20 -21 -22 -23 -24 26 25 -27 27 -29 -30 -31
leaf_value=0 -6.8836072167632245e-06 -1.3081793065574565e-05 0 -6.8112032980924348e-05 0.00017899296247212568 0 0 5.9550138912548447e-05 0 5.1051254723636623e-05 0 0 0 -0.00022263568863031336 0 0 0 -0.00011608866917502091 0 0 0 0 8.5176600060082216e-05 0 -7.4728264833928747e-05 0 5.1510070709505145e-05 0 -9.9209147371350344e-05 -6.1623144030699345e-06
leaf_weight=3423 203 285 50 124 155 80 47 130 30 186 90 53 42 69 95 282 94 306 87 196 22 33 333 168 357 253 702 889 67 139
leaf_count=3423 203 285 50 124 155 80 47 130 30 186 90 53 42 69 95 282 94 306 87 196 22 33 333 168 357 253 702 889 67 139
internal_value=0 1.18666e-05 2.66531e-05 4.58198e-05 7.40006e-05 9.44928e-05 0.000133775 0 -2.65638e-05 -1.81746e-06 5.43953e-07 -2.20352e-06 -7.01765e-05 -0.000108683 -1.93218e-05 -3.65919e-05 -5.86954e-05 -7.33333e-05 -9.41217e-05 3.3681e-05 -0.000177285 5.34214e-05 6.49995e-05 0 -6.095e-06 -3.86911e-05 1.33186e-05 2.27608e-05 -2.93224e-05 1.12072e-05
internal_weight=8990 1104 819 616 332 282 202 284 154 7886 6697 6045 186 144 1189 864 582 488 393 652 91 456 423 5859 4033 610 1826 1591 235 325
internal_count=8990 1104 819 616 332 282 202 284 154 7886 6697 6045 186 144 1189 864 582 488 393 652 91 456 423 5859 4033 610 1826 1591 235 325
is_linear=0
shrinkage=0.05


Tree=216
num_leaves=31
num_cat=0
split_feature=252 60 87 241 249 83 238 32 263 310 279 310 279 357 221 58 370 351 209 345 354 355 297 238 265 78 198 248 20 361
split_gain=7.26179e-05 0.000256996 0.000223309 0.000245025 0.000216661 0.000217392 0.000306175 0.000217025 0.000255398 0.000250457 0.000153993 0.000342405 0.000227396 0.000367193 0.000283109 0.000258294 0.000339729 0.000234836 0.000207587 0.00022485 0.000349425 0.000205369 0.000145899 0.000143529 0.000130325 0.000200724 0.000120953 0.000117823 0.000132995 7.69149e-05
threshold=-1.7639626208543586 -1.7681512832641599 -2.7068401972452798 -2.2319128566255513 -1.2952346107709274 0.064642677238831756 -2.0517431387964593 0.5374776522318524 -1.7488380932546519 -0.71699888243484333 -1.4539359794853459 -2.0946417902426728 -0.97068609945810846 -2.3192171012011595 -1.5875436257018725 -2.2008283138275142 0.71839781730444596 -2.4994539817174282 -1.2979044529781751 -0.55714233716328931 -1.840754361763014 -2.295478384024741 -0.15059204896291079 -0.14754024010586678 -1.9020171175849214 -0.48015532890955598 -2.1106215536799153 -2.2344841364078976 -1.6662598450978596 -4.2399835246115787
decision_type=8 2 2 10 8 2 10 2 10 10 8 10 8 10 10 2 2 10 10 10 10 10 10 10 10 2 10 10 2 10
left_child=1 2 -1 -4 5 6 24 8 -8 -10 11 -6 18 14 -14 16 -15 -16 -12 20 -20 -17 -5 26 27 -26 -13 -2 -29 -3
right_child=4 29 3 22 10 -7 7 -9 9 -11 12 23 13 15 17 21 -18 -19 19 -21 -22 -23 -24 -25 25 -27 -28 28 -30 -31
leaf_value=0 0 -3.3484471267797667e-05 0 0.00017787993614481028 -7.076702402303904e-06 0 0 0 -0.00015691316125982757 0 0 0 0 0.0001725607120803337 0 -6.6407021997196033e-05 0 9.2670513287958136e-05 0 0 -0.00013105796149787656 -3.0082593653654667e-07 0 0 0 0.00015243965508995812 0.00013716829468066901 -0.00015085760765641773 0 1.1712860458378559e-05
leaf_weight=42 39 143 24 74 33 163 34 179 149 32 128 24 57 49 34 124 33 259 59 58 146 6610 25 25 31 34 101 29 20 232
leaf_count=42 39 143 24 74 33 163 34 179 149 32 128 24 57 49 34 124 33 259 59 58 146 6610 25 25 31 34 101 29 20 232
internal_value=0 1.75602e-05 7.00019e-05 0.000105391 -1.33233e-06 -2.79564e-05 -4.48084e-05 -6.87715e-05 -0.000105772 -0.000129668 4.64269e-07 4.59532e-05 0 1.38284e-06 5.15469e-05 -4.60227e-07 8.63904e-05 7.47568e-05 -3.76634e-05 -6.3884e-05 -8.93085e-05 -2.26156e-06 0.000141345 9.09278e-05 0 6.68124e-05 0.000113086 -1.99925e-05 -8.1953e-05 0
internal_weight=8990 540 165 123 8450 710 547 394 215 181 7740 183 7557 7166 350 6816 82 293 391 263 205 6734 99 150 153 65 125 88 49 375
internal_count=8990 540 165 123 8450 710 547 394 215 181 7740 183 7557 7166 350 6816 82 293 391 263 205 6734 99 150 153 65 125 88 49 375
is_linear=0
shrinkage=0.05


Tree=217
num_leaves=31
num_cat=0
split_feature=363 254 368 93 347 27 36 298 25 254 360 359 246 327 59 253 227 263 12 294 211 364 0 207 50 39 223 37 364 273
split_gain=7.1691e-05 0.000230528 0.000316973 0.000432171 0.000205586 0.000319242 0.000658577 0.000392534 0.000465522 0.000232861 0.000200109 0.000230622 0.000416035 0.000193735 0.000188129 0.000418364 0.000479619 0.000436409 0.00043115 0.0002276 0.000317479 0.000361086 0.0002481 0.000226745 0.000249093 0.000364749 0.000246708 0.000198358 0.00018987 0.000288171
threshold=-1.711918467875478 -0.9925018091536858 54.915963558161188 0.081404685974121052 -2.6018592417240138 0.15155335267384848 0.78836230436960864 0.08417550598581626 -0.04201242079337434 0.92755660907694926 -2.4742885996686086 -1.4525665648653174 0.084594745584362765 0.43224098285039253 -0.15561139583587644 0.11332755865706941 0.41562203241638968 -0.2434083599253937 -0.0039484325485923989 -0.025941212972005297 0.44628352699939111 -0.8842640016731268 0.82656689484914148 0.37922792079586459 -2.9497033754984532 0.071014285087585463 0.42864705598766323 0.89460285504659021 -0.019332253321099398 -0.3607676313273101
decision_type=8 10 2 2 10 2 2 10 2 10 8 10 10 10 2 10 10 10 2 10 10 10 2 10 2 2 10 2 8 10
left_child=1 -1 -3 -4 5 9 7 8 -7 10 -2 -12 -13 -10 15 23 17 -17 -19 20 21 -16 -23 24 -6 -26 27 -25 29 -21
right_child=4 2 3 -5 14 6 -8 -9 13 -11 11 12 -14 -15 19 16 -18 18 -20 28 -22 22 -24 26 25 -27 -28 -29 -30 -31
leaf_value=0 -9.5759853367392053e-06 0 0 -0.00014142657897337057 9.1959822939749652e-06 0 0 0 0.00022748880432325289 -6.1741655129901721e-05 0 7.8271148312412139e-05 0 0 0 0 0 0 -0.00018862296845014625 0 -3.95605005746924e-07 0.00010799207861100496 0 0.00011873903172160011 -5.8146865890427009e-05 0 0 0 4.1222639677573785e-06 -6.3903518508411298e-05
leaf_weight=1242 302 167 114 130 543 26 95 37 108 103 174 373 187 24 75 70 129 41 136 248 128 252 26 109 482 298 46 28 3017 280
leaf_count=1242 302 167 114 130 543 26 95 37 108 103 174 373 187 24 75 70 129 41 136 248 128 252 26 109 482 298 46 28 3017 280
internal_value=0 -9.62092e-06 -4.21201e-05 -7.89569e-05 1.89015e-06 1.92156e-05 6.74134e-05 0.000123274 0.000157987 2.54971e-06 1.37727e-05 3.01905e-05 4.71593e-05 0.000196679 -1.4544e-06 -1.5087e-05 -6.26098e-05 -0.000104014 -0.000145793 3.67662e-06 3.59976e-05 6.33507e-05 9.13326e-05 0 -1.03353e-05 -3.03409e-05 4.82083e-05 8.71923e-05 0 -2.83153e-05
internal_weight=8990 1653 411 244 7337 1429 290 195 158 1139 1036 734 560 132 5908 1882 376 247 177 4026 481 353 278 1506 1323 780 183 137 3545 528
internal_count=8990 1653 411 244 7337 1429 290 195 158 1139 1036 734 560 132 5908 1882 376 247 177 4026 481 353 278 1506 1323 780 183 137 3545 528
is_linear=0
shrinkage=0.05


Tree=218
num_leaves=31
num_cat=0
split_feature=228 65 350 334 40 8 45 349 344 86 346 6 233 20 35 321 334 335 207 294 251 37 265 238 34 228 229 34 220 251
split_gain=7.37255e-05 0.000348478 0.00039655 0.000627735 0.000463028 0.000386485 0.000336925 0.000309648 0.000435831 0.000380748 0.000273216 0.000445567 0.00035361 0.000249793 0.000243482 0.000541896 0.000222327 0.000215391 0.000289635 0.00030645 0.000242056 0.000266037 0.000213803 0.000210942 0.000328141 0.000284573 0.00032449 0.000220339 0.00021039 0.000243069
threshold=0.2949803538112627 -3.9542509714762364 -10.111135323842365 -0.17992379531872163 -0.12109828988711034 -1.53077761332194 0.00066138283970450012 3.8781361579895024 1.3760957916577661 -0.23985274632771802 -2.4356281558672586 0.32393682003021246 0.89656646525290995 2.0216974417368574 0.80792530377705896 -0.73677534076030604 0.59925934188930785 1.21106304746326 0.37922792079586459 -0.52832448482513417 -0.8475935523004845 0.89460285504659021 -0.073736414916342488 -0.93096084180113181 0.28329920768737799 -1.050339851357202 -0.95004179519359699 0.61470854282379161 1.1203728690417465 -0.89512833124975433
decision_type=10 2 10 8 2 2 2 10 10 2 10 2 10 2 2 10 10 10 10 10 10 2 10 8 2 10 10 2 10 10
left_child=7 5 3 4 -3 -2 14 17 9 -9 16 12 -12 -13 15 -4 22 18 23 -20 -21 -22 -8 25 -25 -1 -27 -26 29 -11
right_child=1 2 6 -5 -6 -7 10 8 -10 28 11 13 -14 -15 -16 -17 -18 -19 19 20 21 -23 -24 24 27 26 -28 -29 -30 -31
leaf_value=0 0 0 0 0 -0.00026902185689178755 0.00020463231474604585 0 0 0 0 -8.5790999136420561e-05 2.2130338571175747e-05 0 -1.0212488721952098e-05 0 0.00015251568195855358 0 -4.3916876585038786e-05 0 0 0.00010699688452700469 0 0.00012186218453468937 -2.8116951266933063e-05 2.7902800912573958e-05 8.7405141219169043e-05 0 -7.9658709492164718e-06 0 -0.00018713449316040779
leaf_weight=912 20 20 55 126 49 46 31 31 125 20 270 1102 105 1101 105 128 126 274 111 48 241 86 118 1398 632 231 267 1077 20 115
leaf_count=912 20 20 55 126 49 46 31 31 125 20 270 1102 105 1101 105 128 126 274 111 48 241 86 118 1398 632 231 267 1077 20 115
internal_value=0 5.49705e-06 1.71404e-06 -6.50905e-05 -0.000186208 0.000120776 7.45515e-06 -3.81922e-06 -5.24437e-05 -0.000102237 4.57795e-07 -2.7944e-06 -5.42499e-05 3.69701e-06 5.93934e-05 9.42068e-05 4.91108e-05 -5.1052e-09 1.40127e-06 3.85884e-05 6.30251e-05 8.00317e-05 9.04317e-05 -1.49369e-06 -9.73673e-06 1.31238e-05 4.37708e-05 2.37395e-06 -0.00013667 -0.000159177
internal_weight=8990 3402 3336 195 69 66 3141 5588 311 186 2853 2578 375 2203 288 183 275 5277 5003 486 375 327 149 4517 3107 1410 498 1709 155 135
internal_count=8990 3402 3336 195 69 66 3141 5588 311 186 2853 2578 375 2203 288 183 275 5277 5003 486 375 327 149 4517 3107 1410 498 1709 155 135
is_linear=0
shrinkage=0.05


Tree=219
num_leaves=31
num_cat=0
split_feature=198 198 214 192 220 200 260 376 283 363 70 274 36 292 332 348 34 283 61 9 361 19 79 279 336 91 376 284 24 256
split_gain=7.01133e-05 0.00045736 0.000230814 0.000233955 0.000227171 0.00031147 0.000446982 0.000566359 0.000482994 0.000340399 0.00025827 0.000272083 0.000244539 0.000278481 0.000226491 0.000443096 0.00043446 0.000322754 0.000276398 0.00026263 0.000217915 0.000214318 0.00021233 0.000211151 0.000187976 0.000472033 0.000240929 0.000244776 0.000290327 0.000266462
threshold=0.73286929141142987 0.50490095432054305 -0.44493026762418908 1.2987888596611421 1.0633911079360767 -0.059006771640793293 0.80783193202601311 0.036730592275464158 0.3174618889267245 -1.6171730167572504 1.5473222732543945 1.3625718774481241 0.57399068772792805 10.064890543619793 0.67317004660206192 4.4152821501096104 0.086961274345715808 0.018882721662521352 0.8774514595667523 1.5007003943125408 -1.4496710681789184 -2.4460157553354893 3.154199600219727 0.053509504442364707 -0.39357358459961828 -1.0675389766693113 0.029219369691625554 0.031386022455990155 0.31609669327735906 1.779179429537882
decision_type=10 10 10 10 10 10 10 2 10 8 2 10 2 10 10 10 2 10 2 2 10 2 2 10 10 2 2 10 2 10
left_child=1 4 23 21 5 14 7 9 -9 -7 11 20 13 -8 17 16 -16 18 -1 -19 -6 -4 -22 -3 25 -2 27 -26 -29 -30
right_child=24 2 3 -5 10 6 12 8 -10 -11 -12 -13 -14 -15 15 -17 -18 19 -20 -21 22 -23 -24 -25 26 -27 -28 28 29 -31
leaf_value=0 -1.4012989194297247e-05 2.9452464398269624e-05 0 0 0 -8.342630256489253e-05 0.00011233292596042381 -0.00011068459395918132 0 0 0 0 0 0 0 0 0.00014065826684298702 -8.2848296562896043e-05 6.703970668591872e-05 0 0.00013135880761605542 7.9912914059268586e-05 0 -7.7410648965094559e-05 0 9.50587586105365e-05 0 0 -0.00010451984956312522 0
leaf_weight=2920 140 138 22 71 38 137 115 360 69 882 211 43 164 51 44 94 140 209 160 96 164 448 36 68 283 146 1268 101 279 93
leaf_count=2920 140 138 22 71 38 137 115 360 69 882 211 43 164 51 44 94 140 209 160 96 164 448 36 68 283 146 1268 101 279 93
internal_value=0 2.28394e-06 3.94698e-05 5.67218e-05 -1.55584e-06 -5.28915e-06 -2.27323e-05 -3.61408e-05 -8.64123e-05 -1.00637e-05 2.95627e-05 6.18621e-05 2.09485e-05 6.74739e-05 1.8131e-06 4.55875e-05 9.56891e-05 -3.06142e-07 3.04435e-06 -5.05186e-05 8.5877e-05 7.03382e-05 0.000107229 0 -7.79697e-06 2.42044e-05 -1.47901e-05 -3.71781e-05 -5.91818e-05 -8.00236e-05
internal_weight=8990 6680 747 541 5933 5441 1778 1448 429 1019 492 281 330 166 3663 278 184 3385 3080 305 238 470 200 206 2310 286 2024 756 473 372
internal_count=8990 6680 747 541 5933 5441 1778 1448 429 1019 492 281 330 166 3663 278 184 3385 3080 305 238 470 200 206 2310 286 2024 756 473 372
is_linear=0
shrinkage=0.05


Tree=220
num_leaves=31
num_cat=0
split_feature=213 266 269 293 87 11 309 45 31 213 218 15 267 226 270 317 205 303 207 71 317 311 363 333 314 329 72 2 368 328
split_gain=7.22989e-05 0.000195939 0.000316007 0.000242773 0.000357953 0.00017442 0.000196708 0.000169688 0.000212815 0.000151755 0.000217053 0.000255737 0.00026428 0.00015253 0.00033099 0.000241096 0.000302149 0.00023005 0.000200559 0.000179035 0.000165778 0.000236857 0.000182932 0.000162796 0.000204954 0.000161415 0.000255949 0.000154752 0.000115426 0.000136328
threshold=-1.5653174837968005 -0.51814550064927112 -0.93130249389790387 -3.9522993663946777 -2.4367805322011304 -0.35368331273396808 -0.19359044984821278 0.00066135858651245017 -0.52667971452077222 -1.2403402074808738 -1.3460768679262958 0.4516062736511231 -0.8676988888977315 -1.4012830219146617 -1.1570235948319383 -2.958240121778303 -0.14293826031517257 -1.548020499261326 -1.4327267728879218 -2.5323853492736812 -2.6901754179603885 -0.7604517463805982 -1.7475732557164747 0.28048153771017209 -2.9370287047224806 -0.091558615366617788 -2.1120245456695552 -0.69578123092651356 44.886917770507019 0.013239026069641101
decision_type=8 10 10 10 2 2 10 2 2 8 10 2 10 8 8 10 10 10 8 2 10 8 10 10 10 10 2 2 2 10
left_child=1 2 3 4 -1 -4 7 8 -7 10 -2 12 -12 17 15 -15 27 -11 25 -19 21 -20 -22 24 -21 26 -16 -17 -3 -30
right_child=9 28 5 -5 -6 6 -8 -9 -10 13 11 -13 -14 14 18 16 -18 19 20 23 22 -23 -24 -25 -26 -27 -28 -29 29 -31
leaf_value=0 0 0 0 0 0.00015441134411231435 0 0 0 -0.00018154044727802473 0 -0.00017903214332930836 0 0 0 0 0.00012152534594874715 0 0 7.5805668796501493e-05 0 -2.5963155592810197e-05 0 1.4942716622613056e-06 0 -0.00013479876389922889 0 -0.00014533357452520872 0 0.00011121242605934788 0
leaf_weight=44 72 46 21 217 74 23 52 36 73 232 70 104 78 66 51 175 78 53 175 22 661 127 5957 28 127 63 73 22 103 67
leaf_count=44 72 46 21 217 74 23 52 36 73 232 70 104 78 66 51 175 78 53 175 22 661 127 5957 28 127 63 73 22 103 67
internal_value=0 1.43607e-05 0 2.81181e-05 8.59215e-05 -5.05974e-05 -7.22542e-05 -0.000104873 -0.00013976 -1.7361e-06 -3.53152e-05 -6.12846e-05 -0.00010349 0 1.36684e-06 4.9653e-05 7.24423e-05 -2.81973e-05 -2.47113e-07 -6.40016e-05 4.22199e-07 3.70221e-05 -4.92999e-07 -8.85966e-05 -0.000109786 -5.17259e-05 -8.53554e-05 0.000105627 5.46656e-05 7.41141e-05
internal_weight=8990 756 540 335 118 205 184 132 96 8234 324 252 148 7910 7448 341 275 462 7107 230 6920 302 6618 177 149 187 124 197 216 170
internal_count=8990 756 540 335 118 205 184 132 96 8234 324 252 148 7910 7448 341 275 462 7107 230 6920 302 6618 177 149 187 124 197 216 170
is_linear=0
shrinkage=0.05


Tree=221
num_leaves=31
num_cat=0
split_feature=191 191 327 359 341 370 256 36 235 338 193 249 246 212 376 371 335 49 233 219 75 263 36 260 246 231 357 242 213 45
split_gain=6.91755e-05 0.000279639 0.000374043 0.000279436 0.00041045 0.000237884 0.000167844 0.000286157 0.0002278 0.000173997 0.000111551 0.00010805 0.000359949 0.000349193 0.00033422 0.000395928 0.000191677 0.000276575 0.000348509 0.000329251 0.000210234 0.000303219 0.000326803 0.000252251 0.000195351 0.000258675 0.000228844 0.000129409 0.000124855 0.000154353
threshold=1.8137400390892118 1.3250855979904064 0.42438538869222009 0.8561912503234298 -4.7683715809210264e-07 0.33171970129431066 0.25719334887840611 1.0273636579513552 2.3140618423015105 2.4094868794518898 0.59742429452873269 1.9060660262309779 2.0471918656776147 0.60019586578190454 0.12446860243892101 0.49861219262257106 1.4753497259223449 5.8125012715657558 1.4504265304214568 0.17566009827107337 1.4960452715555828 1.0162619109479036 0.74088992675145471 0.69930102730276533 0.31597612473360809 0.51070691709977634 -1.0732835817011754 1.6894697984188878 0.53521164556998813 0.00066137961888060011
decision_type=10 10 10 10 10 2 10 2 10 10 10 10 10 10 2 2 10 2 10 10 2 10 2 10 10 10 8 8 10 2
left_child=1 11 3 4 -3 -6 -2 8 9 10 -8 16 13 -13 15 -15 20 28 19 -19 24 22 -22 -23 26 -26 -1 -14 29 -18
right_child=6 2 -4 -5 5 -7 7 -9 -10 -11 -12 12 27 14 -16 -17 17 18 -20 -21 21 23 -24 -25 25 -27 -28 -29 -30 -31
leaf_value=-7.2283834870241151e-06 -1.5949616921014195e-05 0 0 0 0 -0.00022540635074617461 0 0 0 0 0.00016325468553207031 0 0 0 0 0.00015139805162549028 0 0 0 -0.0001777806642365837 7.7413369255685028e-05 -5.3434706974676138e-05 0 3.0878197144073166e-05 -3.9540235197122897e-05 0 1.4412975867371378e-05 -9.8048113644589826e-05 7.4702188667374359e-06 -5.0922754462432136e-05
leaf_weight=2215 60 47 196 101 20 78 37 131 31 53 96 113 88 20 57 165 38 27 98 90 353 175 196 137 704 502 2383 42 478 259
leaf_count=2215 60 47 196 101 20 78 37 131 31 53 96 113 88 20 57 165 38 27 98 90 353 175 196 137 704 502 2383 42 478 259
internal_value=0 -1.3113e-06 -4.01753e-05 -8.18488e-05 -0.000127189 -0.000185438 1.96877e-05 4.01986e-05 7.67216e-05 9.96338e-05 0.00013095 1.85231e-07 2.34736e-05 5.53009e-05 8.99527e-05 0.000122871 -6.37385e-07 -2.16107e-05 -7.32235e-05 -0.000131489 1.72803e-06 2.50667e-05 4.86395e-05 -3.94157e-07 -8.73076e-07 -1.94042e-05 2.90032e-06 -2.49832e-05 -8.33947e-07 -3.10263e-05
internal_weight=8990 8582 442 246 145 98 408 348 217 186 133 8140 485 355 242 185 7655 990 215 117 6665 861 549 312 5804 1206 4598 130 775 297
internal_count=8990 8582 442 246 145 98 408 348 217 186 133 8140 485 355 242 185 7655 990 215 117 6665 861 549 312 5804 1206 4598 130 775 297
is_linear=0
shrinkage=0.05


Tree=222
num_leaves=31
num_cat=0
split_feature=353 317 37 252 366 216 271 206 89 235 46 274 318 303 37 258 191 215 233 243 286 361 326 16 284 4 257 80 191 263
split_gain=7.09599e-05 0.000242157 0.000254857 0.000320445 0.00025478 0.000228498 0.000251739 0.000225925 0.000373816 0.000407419 0.000316162 0.000500733 0.000401115 0.000270358 0.000488994 0.000332035 0.00035452 0.000271476 0.000292755 0.000272577 0.000324591 0.000225151 0.000377448 0.000224616 0.00032859 0.000598855 0.000382993 0.00052691 0.000217918 0.000357188
threshold=-1.5398429919782701 -1.9812081512431552 -0.18565128246943147 -1.2714023280635753 1.0000000180025095e-35 0.054941729215167108 0.32314511721127098 -0.37106037597810088 -0.089584986368815026 0.45841055183847529 0.37720908721288049 -0.61426422792809654 0.48256559362794088 -0.70230124680616313 -0.91410342852274573 -1.0179321912184631 0.21283331918240692 0.31894902830932564 0.13368255479496277 -0.45347631690260842 -0.037623228970914989 -3.9354815186669048 -2.474761843681335 -0.28542685508728022 0.24920106927553801 -0.85001214345296217 0.25337581884973043 -0.49454398949940997 -0.30139576494874848 0.069567085413698965
decision_type=10 8 2 10 2 10 10 10 2 10 2 10 10 10 2 10 10 10 10 10 10 10 10 2 10 2 10 2 10 10
left_child=1 21 3 -3 5 6 -5 8 13 10 11 -10 -13 14 15 -2 -17 19 -19 20 -15 -1 -23 24 25 -9 27 -27 29 -25
right_child=7 2 -4 4 -6 -7 -8 23 9 -11 -12 12 -14 17 -16 16 -18 18 -20 -21 -22 22 -24 28 -26 26 -28 -29 -30 -31
leaf_value=4.2829953317080637e-05 0 0 0 0.00012344178888024288 0 0 0 -4.2483033918641034e-07 0 0 0 -0.0002138527826764887 0 9.5697042599290091e-05 3.6531250702421391e-06 -0.00013338158509077476 0 0.0001562273990684224 0 -3.228807882991389e-05 0 -9.5487443228901351e-05 0 0 -3.6260384119620072e-05 0 0 0.00014168825122277601 1.9414077962794269e-06 -5.6294196346826303e-05
leaf_weight=116 92 179 370 260 68 82 31 356 43 145 83 122 29 125 289 196 60 63 53 333 274 147 496 322 118 72 217 249 3545 455
leaf_count=116 92 179 370 260 68 82 31 356 43 145 83 122 29 125 289 196 60 63 53 333 274 147 496 322 118 72 217 249 3545 455
internal_value=0 8.61771e-06 2.63524e-05 4.62201e-05 6.94218e-05 8.60519e-05 0.00010702 -2.56129e-06 -1.76371e-05 -6.00172e-05 -9.57219e-05 -0.000130969 -0.000174124 -2.22368e-06 -2.94813e-05 -7.13549e-05 -0.000100806 1.23572e-05 8.34338e-05 0 2.89367e-05 -7.9282e-06 -2.48653e-05 1.89143e-06 2.35811e-05 3.7075e-05 7.11765e-05 0.000107106 -2.03081e-06 -2.65858e-05
internal_weight=8990 1749 990 620 441 373 291 7241 1907 422 277 194 151 1485 637 348 256 848 116 732 399 759 643 5334 1012 894 538 321 4322 777
internal_count=8990 1749 990 620 441 373 291 7241 1907 422 277 194 151 1485 637 348 256 848 116 732 399 759 643 5334 1012 894 538 321 4322 777
is_linear=0
shrinkage=0.05


Tree=223
num_leaves=31
num_cat=0
split_feature=221 344 239 256 276 248 351 219 210 244 19 334 257 321 273 349 207 284 366 64 373 193 63 336 27 281 256 249 69 376
split_gain=7.03809e-05 0.000171769 0.000215917 0.000361323 0.000151159 0.000205032 0.00029462 0.000518551 0.00062586 0.000340144 0.000289704 0.000251087 0.000359563 0.000227173 0.000274146 0.000226297 0.000358136 0.000219931 0.000188631 0.000180303 0.000176919 0.000170286 0.000212112 0.000155455 0.00033954 0.00044387 0.000284579 0.000209958 0.000366342 0.000188819
threshold=2.4680787375009032 1.6701658765474958 -0.10405732665780502 2.3216987000497942 1.4508346334598639 0.72736000980876814 1.3275595506032307 1.0692538264385185 0.62903611620881839 1.9898553163380928 3.7780421574910488 1.0297562143967889 -0.018997360675355995 0.57152741109155081 0.53132039137216747 2.3134495218594875 0.3650522845417275 0.31270297368367511 1.610924214023868e-06 8.2794087727864589 1.6341634595963876 0.82506486877790686 4.0489312807718925 0.46322663995415442 3.6509386698404951 0.46219548063789223 1.1046005739457125 -0.024122741156023798 0.32141135136286419 -0.010105668013984598
decision_type=10 10 10 10 10 10 10 10 10 10 2 8 10 10 10 10 10 10 2 2 2 10 2 10 2 10 10 10 2 2
left_child=4 2 -2 -4 5 11 10 8 -8 -10 13 23 15 14 -7 -13 -17 20 -6 -20 -14 -12 -23 27 25 -25 -26 29 -29 -1
right_child=1 -3 3 -5 18 6 7 -9 9 -11 21 12 17 -15 -16 16 -18 -19 19 -21 -22 22 -24 24 26 -27 -28 28 -30 -31
leaf_value=3.172536937154961e-06 0 0 -0.00016845785721469008 0 0 -7.8383443580086465e-05 0 0 -0.00018238772486314835 0 0 1.7764782538628357e-06 7.1222069440165603e-05 0 0 -0.00016811742968462346 0 0 6.7006481578601272e-05 0 0 0.00011166027172900868 0 0 0.00014482222568800891 -8.5072532718054254e-05 0 4.3958249207854034e-05 -9.5636684746543416e-06 -2.1166542508110667e-05
leaf_weight=2502 30 166 72 82 251 256 65 143 148 21 153 197 501 463 116 52 38 133 289 112 20 109 32 565 48 281 20 726 347 1052
leaf_count=2502 30 166 72 82 251 256 65 143 148 21 153 197 501 463 116 52 38 133 289 112 20 109 32 565 48 281 20 726 347 1052
internal_value=0 -2.22637e-05 -5.72291e-05 -8.61141e-05 5.28949e-07 -7.61357e-07 -1.78305e-05 -5.6767e-05 -0.000103579 -0.000155259 -3.96505e-07 2.43328e-06 2.65404e-05 -1.95804e-05 -4.88542e-05 -6.48304e-06 -8.0038e-05 4.86753e-05 2.40024e-05 4.59603e-05 6.34754e-05 3.70755e-05 7.66957e-05 -7.58778e-07 -2.02075e-05 -3.30597e-05 6.60814e-05 2.00281e-06 2.1991e-05 -2.62551e-06
internal_weight=8990 350 184 154 8640 7988 1506 377 234 169 1129 6482 941 835 372 287 90 654 652 401 521 294 141 5541 914 846 68 4627 1073 3554
internal_count=8990 350 184 154 8640 7988 1506 377 234 169 1129 6482 941 835 372 287 90 654 652 401 521 294 141 5541 914 846 68 4627 1073 3554
is_linear=0
shrinkage=0.05


Tree=224
num_leaves=31
num_cat=0
split_feature=2 370 93 325 73 244 356 309 88 14 64 49 64 89 42 91 351 301 66 34 224 357 51 92 222 291 5 286 282 285
split_gain=6.66084e-05 0.000180637 0.000238964 0.000296963 0.000136282 0.000348494 0.000306381 0.000320184 0.000286097 0.000319047 0.000196497 0.000247208 0.000215551 0.000231186 0.000338823 0.000413152 0.00021711 0.000212104 0.000209255 0.000242591 0.000203508 0.000299995 0.000282096 0.000158265 0.000134913 0.000116199 0.000173627 0.000241628 0.000166588 0.000113778
threshold=2.8623056411743169 0.88908074595965425 0.47353865702946984 0.54563900828361511 5.8768021265665702 0.91098482879289744 2.8708655382692863 0.42434363603757685 1.9142239093780522 0.018683930238087901 6.0578816731770848 1.832429806391398 3.5042967796325688 2.7406431833902998 0.014566362525025951 1.3626035849253337 0.99416009585062692 0.47426698605219525 -5.1311340332031241 1.1467127899328868 0.600789610300277 1.5647649689516783 -0.73994835217793775 0.98307349284489953 0.10466945973992256 3.2841537793477382 4.9069849650065107 0.073910610750317518 1.4709368944168093 0.020820869443317104
decision_type=2 2 2 10 2 10 10 10 2 2 2 2 2 2 2 2 10 10 2 2 10 8 2 2 10 10 2 10 10 10
left_child=4 2 -2 -4 10 6 7 -6 9 -9 12 -12 13 20 16 -16 -15 18 -14 -20 21 -1 -22 24 -13 29 27 -27 -29 -7
right_child=1 -3 3 -5 5 25 -8 8 -10 -11 11 23 17 14 15 -17 -18 -19 19 -21 22 -23 -24 -25 -26 26 -28 28 -30 -31
leaf_value=-1.4189887019400387e-06 0 0 0.00013103459966994026 0 0 0 0 0 0 -0.00019688857992658138 0 0 0 1.8840485657968257e-05 0 0.00012994765755865452 -6.318931588739985e-05 0 -8.7778808607732298e-05 0 -0.00011346091000544521 4.8783889722309333e-05 -7.3576381051638155e-06 0 0.00013406799183624828 0 6.4753052655103878e-06 -0.00012611585170988542 0 4.9378192856063571e-05
leaf_weight=4765 44 261 113 72 79 41 61 86 38 111 217 38 63 448 101 144 96 69 286 36 93 312 729 50 102 81 112 95 37 210
leaf_count=4765 44 261 113 72 79 41 61 86 38 111 217 38 63 448 101 144 96 69 286 36 93 312 729 50 102 81 112 95 37 210
internal_value=0 1.75251e-05 5.12658e-05 8.05011e-05 -1.37185e-06 -1.9355e-05 -5.72062e-05 -7.96659e-05 -0.000109014 -0.000133432 2.31509e-07 3.44876e-05 -1.02102e-06 5.13315e-07 2.6482e-05 7.55896e-05 0 -3.46296e-05 -5.28301e-05 -7.04348e-05 -2.11284e-06 6.82246e-07 -2.54563e-05 7.61454e-05 0.0001034 0 -1.38849e-05 -4.80519e-05 -9.10912e-05 3.01213e-05
internal_weight=8990 490 229 185 8500 951 375 314 235 197 7549 407 7142 6688 789 245 544 454 385 322 5899 5077 822 190 140 576 325 213 132 251
internal_count=8990 490 229 185 8500 951 375 314 235 197 7549 407 7142 6688 789 245 544 454 385 322 5899 5077 822 190 140 576 325 213 132 251
is_linear=0
shrinkage=0.05


Tree=225
num_leaves=31
num_cat=0
split_feature=53 194 291 325 41 369 362 369 253 369 32 314 216 58 66 359 19 281 18 219 39 28 20 327 246 310 9 191 9 67
split_gain=6.64963e-05 0.000188523 0.000344227 0.000193858 0.000324798 0.000221708 0.000164704 0.000251017 0.00018561 0.000319598 0.000308351 0.000319114 0.00024615 0.000225592 0.000310987 0.000380653 0.000456352 0.000368965 0.000321076 0.000282628 0.000194699 0.000172092 0.000211993 0.000260202 0.00021069 0.000362577 0.000199766 0.000169816 0.000181229 0.000148344
threshold=-6.2718078295389796 -1.4166131416598204 -0.75601843992869056 -0.38018182913462323 -3.786845207214355 172.32802807413108 -4.5465237365455797 80.441089757182922 -1.6215908056770723 70.254951635300856 -0.07412867744763689 0.75889665880560664 -2.2666905445357659 -0.34209686517715449 -2.0052577654520669 1.2517418091902315 -1.0439594984054563 -0.60928529589518909 0.23481122652689618 -0.85954472045224672 0.13608300685882568 0.37702397505442303 0.11003360152244566 -0.3015641222397486 0.84088072864849217 1.242517355925328 1.2254315416018171 0.224516884388026 0.74396777153015148 3.2028635342915854
decision_type=2 10 10 10 2 2 10 2 10 2 2 10 10 2 2 10 2 10 2 10 2 2 2 10 10 10 2 10 2 2
left_child=1 -1 3 4 -3 -6 7 -2 9 -8 -11 12 -12 14 15 16 -10 19 -17 -16 -19 22 23 -15 25 -23 -24 28 -9 -26
right_child=6 2 -4 -5 5 -7 8 27 13 10 11 -13 -14 21 17 18 -18 20 -20 -21 -22 24 26 -25 29 -27 -28 -29 -30 -31
leaf_value=0 0 0 0 0 -0.00023994067516669304 0 6.7592216584730374e-06 0 1.9049771832525528e-05 0 0 0 -0.00012197354237744785 0 0 -0.00014679318564886907 0.00015423781305491608 6.9351932144123168e-05 0 -0.00017430407884806384 0 6.1865043515171536e-06 2.5698427175206771e-05 -4.1575931878174291e-05 0 8.130638074155723e-05 -5.8644681631420535e-06 0 0.00013455829452429212 -5.3840099014336877e-05
leaf_weight=205 71 23 55 93 58 34 151 23 329 80 24 27 230 441 42 38 139 117 20 51 81 1145 604 808 676 239 2921 22 106 137
leaf_count=205 71 23 55 93 58 34 151 23 329 80 24 27 230 441 42 38 139 117 20 51 81 1145 604 808 676 239 2921 22 106 137
internal_value=0 -1.86101e-05 -4.90668e-05 -8.47303e-05 -0.000131113 -0.000174069 6.95399e-07 4.32724e-05 0 -2.95509e-05 -5.8583e-05 -8.4564e-05 -0.000105122 1.47e-06 2.65698e-05 5.07369e-05 6.99076e-05 0 -1.77464e-05 -9.53226e-05 1.96469e-05 -7.54792e-07 -6.73198e-06 -2.44439e-05 9.9574e-06 2.27762e-05 0 8.30995e-05 0.000106634 -5.71531e-06
internal_weight=8990 468 263 208 115 92 8522 222 8300 512 361 281 254 7788 817 526 468 291 58 93 198 6971 4774 1249 2197 1384 3525 151 129 813
internal_count=8990 468 263 208 115 92 8522 222 8300 512 361 281 254 7788 817 526 468 291 58 93 198 6971 4774 1249 2197 1384 3525 151 129 813
is_linear=0
shrinkage=0.05


Tree=226
num_leaves=31
num_cat=0
split_feature=213 224 191 217 283 66 43 230 64 198 282 220 213 218 15 267 338 249 326 338 227 223 71 40 343 282 317 365 314 377
split_gain=6.74457e-05 0.000252672 0.000150363 0.000177868 0.00015789 0.000173028 0.000181616 0.000136382 0.000274001 0.000200357 0.000141159 0.000141503 0.000133226 0.000202151 0.00023227 0.000216363 0.000122563 0.000380644 0.000256461 0.000222013 0.000257674 0.000340792 0.000415985 0.000281952 0.000424453 0.000257578 0.000485188 0.000780075 0.000241441 0.00021577
threshold=-1.5653174837968005 -1.3475400039992429 -0.81195043669540345 -0.84681427924787556 -0.68677275379498781 1.1988525787989299 -0.93806791305541981 -2.2726199024663121 -1.4991726875305174 -2.2609166871774442 -2.2104850808779397 0.37262893346334752 -1.2403402074808738 -1.3460768679262958 0.4516062736511231 -0.8676988888977315 -2.3171624731404505 -0.98708099070225785 -3.2132435639699293 -1.0741845091680562 -0.47145110099108872 -0.23451573531863931 -0.61811125278472889 -1.2237993081410723 -9.0756402015686017 -0.19458882013956708 -0.98066686708755413 -2.4776757475563955 -0.81481821631118112 -2.5834148552120415
decision_type=8 10 10 10 10 2 2 10 2 10 10 10 8 10 2 10 10 10 10 10 10 10 2 2 10 10 10 10 10 2
left_child=1 2 -1 4 -4 6 -6 -3 9 -9 -11 -12 13 -2 15 -15 17 -14 -19 25 21 22 -21 28 -25 26 -18 -28 -22 -23
right_child=12 7 3 -5 5 -7 -8 8 -10 10 11 -13 16 14 -16 -17 19 18 -20 20 23 29 -24 24 -26 -27 27 -29 -30 -31
leaf_value=2.5246219974897644e-05 0 0 0 0 -0.00013555323784948981 0 0 0 0 0 0.00014350469241824422 0 -6.3248451730902787e-06 -0.00016800403749709356 0 0 0 0 8.6132799587350359e-05 0 -9.9380922334789233e-05 7.364913890152235e-05 8.5067620745004203e-05 8.7833922944769721e-05 -1.0172903823254396e-06 0 0 -0.0001487466424604372 -6.3855301281725797e-06 -2.1020402923211033e-05
leaf_weight=105 72 29 36 54 111 41 27 24 141 22 146 20 247 70 104 78 389 39 251 200 134 67 346 137 4536 432 51 198 486 397
leaf_count=105 72 29 36 54 111 41 27 24 141 22 146 20 247 70 104 78 389 39 251 200 134 67 346 137 4536 432 51 198 486 397
internal_value=0 1.40869e-05 -4.1691e-06 -3.42365e-05 -5.94446e-05 -8.02988e-05 -0.000107212 4.50426e-05 5.62234e-05 9.21526e-05 0.000110628 0.000126428 -1.50186e-06 -3.29389e-05 -5.83053e-05 -9.8527e-05 0 2.28323e-05 6.48952e-05 -1.89258e-06 9.31625e-07 2.46269e-05 5.17871e-05 -2.64561e-06 5.19462e-07 -2.32e-05 -4.37241e-05 -9.88267e-05 -3.45605e-05 0
internal_weight=8990 756 374 269 215 179 138 382 353 212 188 166 8234 324 252 148 7910 537 290 7373 6303 1010 546 5293 4673 1070 638 249 620 464
internal_count=8990 756 374 269 215 179 138 382 353 212 188 166 8234 324 252 148 7910 537 290 7373 6303 1010 546 5293 4673 1070 638 249 620 464
is_linear=0
shrinkage=0.05


Tree=227
num_leaves=31
num_cat=0
split_feature=297 297 366 64 216 341 303 311 286 37 347 3 67 77 207 301 84 303 338 288 10 275 230 232 267 36 238 42 356 80
split_gain=6.56716e-05 0.000430366 0.000421767 0.000514 0.000291864 0.000243898 0.000385877 0.00028233 0.000266133 0.000326493 0.000260048 0.000222895 0.000355138 0.000373028 0.000269778 0.000218866 0.000188637 0.000179088 0.000158832 0.000151613 0.000202601 0.000143093 0.000344813 0.000378061 0.000355815 0.00030587 0.000273148 0.000365483 0.000379672 0.000207629
threshold=0.15073396265506753 0.19523735841115317 -0.9086289472694814 6.1768194834391288 1.7910116098143793 1.1888070901234946 0.58287288550618233 2.5144554754608626 0.029260637238621604 3.5210056304931645 6.1444128354390477 -0.308927019437154 1.0702627499898265 0.76325714588165294 -0.069829351655304225 -0.035249873995780896 1.0934300820032756 0.22021567207424753 1.536216043401976 -0.17495104670524597 0.17763291796048483 0.08471812906371036 0.17507978803930327 -0.19832071524727121 0.17490463024591044 0.098276585340499809 -0.15614820143147132 -0.83619491259256995 1.0955562881511203 -0.68789466222127271
decision_type=10 10 2 2 10 10 10 10 10 2 10 2 2 2 10 10 2 10 10 10 2 10 10 10 10 2 10 2 8 2
left_child=5 2 -2 4 15 18 17 8 -8 10 -10 19 13 -13 -15 -4 -17 -7 21 -3 -21 26 23 25 -25 -23 29 -28 -29 -1
right_child=1 11 3 -5 -6 6 7 -9 9 -11 -12 12 -14 14 -16 16 -18 -19 -20 20 -22 22 -24 24 -26 -27 27 28 -30 -31
leaf_value=-1.1428953572853397e-05 0 0 0 0 0 8.1488904368519403e-06 0 0 0.00018480007362326812 0 0 0 0 0 0.00022471903097585601 -0.00021359531692379297 0 -8.2014402354359267e-05 -2.5608641902789128e-05 0 -0.00011946030011724431 7.6530622708218161e-05 -1.319700794576877e-06 0.00010400721082985151 0 -2.6530095321033803e-05 1.0324130639989789e-05 -6.4444020127125994e-05 1.473865596356619e-05 1.4388076484663999e-05
leaf_weight=1123 87 35 21 43 28 148 75 62 130 23 27 47 1476 20 51 116 20 65 574 33 95 98 974 282 169 270 249 599 78 1972
leaf_count=1123 87 35 21 43 28 148 75 62 130 23 27 47 1476 20 51 116 20 65 574 33 95 98 974 282 169 270 249 599 78 1972
internal_value=0 -8.01387e-06 -6.19423e-05 -9.96136e-05 -0.000138457 2.12039e-06 3.47696e-05 7.11562e-05 9.51874e-05 0.000128561 0.000155382 0 7.32883e-06 9.07895e-05 0.000163731 -0.00016502 -0.000188291 0 0 -5.37734e-05 -8.14892e-05 1.88157e-06 1.4102e-05 3.85446e-05 6.92308e-05 0 -2.32442e-06 -2.68714e-05 -4.79358e-05 3.40502e-06
internal_weight=8990 2072 315 228 185 6918 530 317 255 180 157 1757 1594 118 71 157 136 213 6388 163 128 5814 1793 819 451 368 4021 926 677 3095
internal_count=8990 2072 315 228 185 6918 530 317 255 180 157 1757 1594 118 71 157 136 213 6388 163 128 5814 1793 819 451 368 4021 926 677 3095
is_linear=0
shrinkage=0.05


Tree=228
num_leaves=31
num_cat=0
split_feature=228 219 10 254 311 46 12 268 43 214 68 215 296 275 78 372 246 41 55 357 255 354 245 331 320 46 257 282 296 376
split_gain=6.63119e-05 0.000320822 0.000278325 0.000344009 0.000336124 0.000322479 0.000321171 0.000372116 0.000424622 0.00025483 0.000253453 0.000419292 0.000473666 0.000383989 0.000627567 0.00036515 0.000344558 0.000484725 0.00027697 0.000244813 0.000229564 0.000232557 0.000227992 0.000699471 0.000401971 0.000220502 0.000219215 0.000331103 0.000217581 0.000307077
threshold=0.2949803538112627 -0.26534935970990231 0.59825908641020453 1.2780483660288424 -1.4039580996615106 0.13002105057239532 -0.03976977864901219 1.5237474277602361 -0.71589644749959291 -0.45733219806548092 0.13449747363726297 1.0835841608676178 0.027437451605995356 0.055928217302258061 0.42060617605845141 -0.44991900047331307 0.85241214118380293 1.0482202370961511 -0.91515151162942221 -1.3967979461525284 -1.6026970995284715 -3.1233744440992228 0.0074860784755908507 -0.61056149208823995 0.97774000722130461 0.47443894545237231 0.68972293502782878 -0.28241030375162762 -0.079323214789231433 0.020098372071331003
decision_type=10 10 2 10 10 2 2 10 2 10 2 10 10 10 2 2 10 2 2 10 8 10 10 8 10 2 10 10 10 2
left_child=2 26 3 9 19 6 -6 8 -8 20 11 12 13 -3 -15 16 17 -12 -19 -4 21 -1 23 -11 -25 -7 27 -2 -21 -30
right_child=1 10 4 -5 5 25 7 -9 -10 22 15 -13 -14 14 -16 -17 -18 18 -20 28 -22 -23 -24 24 -26 -27 -28 -29 29 -31
leaf_value=0 0 0 -6.8310925720543984e-06 -0.00010944411522406453 0 7.3460606134295457e-06 -0.00013159990547840177 0 0 0 0 1.7631322648795103e-05 0 0 -0.00020904956292723309 -2.7894019787880626e-06 0 0 0.00013296290855971128 0 -1.0076911370316066e-05 5.9753919466401111e-05 0 0.00012457946562315493 0 -4.0079709625294155e-05 0 0.00010557584121535496 0.00013010373033694322 0
leaf_weight=200 87 97 280 62 76 483 294 64 113 283 195 139 126 30 120 1823 241 34 213 59 2001 267 609 265 47 349 93 204 115 21
leaf_count=200 87 97 280 62 76 483 294 64 113 283 195 139 126 30 120 1823 241 34 213 59 2001 267 609 265 47 349 93 204 115 21
internal_value=0 5.3424e-06 -3.50575e-06 3.23587e-06 -1.97797e-05 -3.32863e-05 -6.48185e-05 -8.11394e-05 -9.95177e-05 6.50296e-06 0 -3.21868e-05 -6.41527e-05 -0.000104911 -0.000156572 6.41404e-06 3.82954e-05 6.49184e-05 0.000111554 8.90676e-06 -8.01352e-07 2.82318e-05 2.56269e-05 4.78184e-05 9.98146e-05 -6.54121e-06 4.83833e-05 7.05086e-05 5.71245e-05 9.31372e-05
internal_weight=8990 3402 5588 3734 1854 1379 547 471 407 3672 3018 512 373 247 150 2506 683 442 247 475 2468 467 1204 595 312 832 384 291 195 136
internal_count=8990 3402 5588 3734 1854 1379 547 471 407 3672 3018 512 373 247 150 2506 683 442 247 475 2468 467 1204 595 312 832 384 291 195 136
is_linear=0
shrinkage=0.05


Tree=229
num_leaves=31
num_cat=0
split_feature=71 349 249 220 273 227 191 36 376 41 223 52 221 317 292 213 240 241 325 234 191 316 198 52 290 34 323 215 317 42
split_gain=6.40088e-05 0.000172371 0.00015226 0.000183298 0.000208933 0.00023844 0.000326709 0.000287695 0.000165424 0.000304735 0.000346193 0.000466223 0.000319442 0.00027646 0.000321622 0.000388754 0.000414559 0.000253333 0.000234807 0.000228432 0.00020633 0.000276581 0.000250352 0.000191206 0.000290252 0.000185894 0.000174466 0.000378954 0.000174306 0.000112984
threshold=-3.9281693299611402 -8.3205444018046055 -1.5804914792231102 -2.163082245413865 -1.9018078742177442 -1.1528984577247763 0.21283331918240692 0.80707712968190515 -0.057732831008583195 -1.8422692616780594 -1.3702116957101016 -1.2569537957509358 0.06787402860403681 -2.958240121778303 -3.6949172019958496 -0.4382254859567794 -1.0696301218188584 -0.16356912105727248 -0.69007526834805788 -1.3401045248588002 -0.22782760814007882 -1.1638241140390397 0.7898114084072767 0.58082650105158506 -1.0182809034983318 -0.17099297046661374 -1.2911408742268879 -0.61212862999208306 0.307616820443953 -1.5665465195973711
decision_type=2 10 8 10 10 10 10 2 2 2 10 2 10 10 10 10 10 10 10 10 10 10 10 2 10 2 10 10 10 2
left_child=1 -1 3 -2 5 6 7 -5 9 10 -4 -12 -13 19 15 16 -15 -17 23 -10 21 -16 -22 -11 -25 -21 27 -20 -28 -27
right_child=2 -3 8 4 -6 -7 -8 -9 13 18 11 12 -14 14 20 17 -18 -19 26 25 22 -23 -24 24 -26 29 28 -29 -30 -31
leaf_value=0.00012098878604345988 0 0 0 -0.00021430586437014293 0 0 0 0 0 0 0 0.0001819010209204208 0 0 2.4820137505836452e-05 2.7842080283305701e-05 -0.00010491082653451676 -3.6330893660908261e-05 0 0 1.7198819692429435e-05 -2.6359063452980845e-05 -7.0192882361534391e-06 -0.00014747130547532118 0 0 -2.199614049557829e-05 8.9331299912459385e-05 4.0695665799605487e-05 0.00012608519410627514
leaf_weight=40 131 68 157 76 297 52 30 21 45 77 67 120 25 140 234 294 269 307 243 21 2336 1322 1610 75 27 33 421 193 140 119
leaf_count=40 131 68 157 76 297 52 30 21 45 77 67 120 25 140 234 294 269 307 243 21 2336 1322 1610 75 27 33 421 193 140 119
internal_value=0 3.79965e-05 -6.67222e-07 -2.50961e-05 -4.20191e-05 -8.72349e-05 -0.00012415 -0.000169077 5.20779e-07 1.57315e-05 5.56779e-05 9.7341e-05 0.00014793 -2.22839e-06 -4.79062e-06 -3.07242e-05 -6.86033e-05 0 0 5.13511e-05 0 -1.54482e-05 6.05063e-06 -4.8977e-05 -9.42847e-05 8.13731e-05 1.25643e-05 3.68928e-05 0 0.000102914
internal_weight=8990 108 8882 607 476 179 127 97 8275 1545 369 212 145 6730 6512 1010 409 601 1176 218 5502 1556 3946 179 102 173 997 436 561 152
internal_count=8990 108 8882 607 476 179 127 97 8275 1545 369 212 145 6730 6512 1010 409 601 1176 218 5502 1556 3946 179 102 173 997 436 561 152
is_linear=0
shrinkage=0.05


Tree=230
num_leaves=31
num_cat=0
split_feature=348 327 327 14 297 347 62 60 4 356 36 353 213 357 347 340 343 244 190 286 372 32 210 194 87 275 2 333 303 265
split_gain=6.40121e-05 0.000121604 0.000208684 0.00034056 0.000299267 0.000258617 0.000268054 0.000313067 0.00023533 0.000221231 0.000300302 0.000197624 0.000276975 0.000269458 0.000339591 0.00028695 0.000207775 0.000188634 0.000439244 0.000373185 0.000290571 0.00022501 0.000217012 0.000405585 0.000239597 0.000182055 0.000158939 0.000209759 0.000136648 9.71153e-05
threshold=-21.390256881713864 -0.90354709823926294 -0.58220496277014411 -0.024139099133511348 -0.043619881073633744 -5.7073483467102042 3.0030922889709477 -0.70966327190399159 -1.9815011024475095 -1.8804394149349903 0.79962468147277843 -1.5714885394382285 -0.77007308823993659 -1.1366590015333389 -2.6018592417240138 -6.1591466266053264e-07 1.6222674846649172 0.15383648628043833 -0.64866759551219222 -0.23371913082276757 -1.3364846014251721 0.95305152734120702 -0.58049934913123358 -1.0752788153467587 0.47436332702636724 -1.634360432641601 -1.264723261197408 -3.0770671617443779 -1.7883448899577852 -0.42477335053648563
decision_type=10 10 10 2 10 10 2 2 2 10 2 10 10 10 10 10 10 10 10 10 2 2 10 10 2 10 2 10 10 10
left_child=-1 17 3 25 9 6 7 -4 -9 -5 -11 12 -7 15 -15 -13 -14 18 22 -20 -21 -22 23 28 -25 -3 27 -24 -2 -19
right_child=1 2 5 4 -6 11 -8 8 -10 10 -12 13 16 14 -16 -17 -18 29 19 20 21 -23 26 24 -26 -27 -28 -29 -30 -31
leaf_value=2.9213849052325022e-05 0 -0.00010160026091313114 0 0 0 0 0 0 -0.00014448491828783494 0.00013240532219279053 0 -5.3986247470967175e-05 7.5294660277993252e-05 4.0768406153391335e-05 -1.9297530458313052e-06 0 0 0 0 0 -0.00017019549679225866 0 0 0.00012182456963518671 0 0 0 -0.00013436844882241787 -5.6088527505506157e-05 5.9040754322727982e-05
leaf_weight=181 175 49 138 128 119 354 79 38 129 192 48 481 298 503 5047 168 43 52 20 20 140 22 47 109 30 76 26 79 118 81
leaf_count=181 175 49 138 128 119 354 79 38 129 192 48 481 298 503 5047 168 43 52 20 20 140 22 47 109 30 76 26 79 118 81
internal_value=0 -7.88052e-07 6.13715e-07 2.90356e-05 5.19728e-05 -1.08963e-06 -4.1262e-05 -6.58775e-05 -0.000112284 7.48793e-05 0.000104401 4.23305e-07 2.62273e-05 -1.66351e-06 1.03979e-06 -3.24807e-05 5.85813e-05 -1.82617e-05 -3.06438e-05 -9.53208e-05 -0.000123318 -0.00014685 0 9.14483e-06 8.56398e-05 -2.03297e-05 -5.77005e-05 -8.46574e-05 -1.01024e-05 1.73164e-05
internal_weight=8990 8809 7890 612 487 7278 384 305 167 368 240 6894 695 6199 5550 649 341 919 786 202 182 162 584 432 139 125 152 126 293 133
internal_count=8990 8809 7890 612 487 7278 384 305 167 368 240 6894 695 6199 5550 649 341 919 786 202 182 162 584 432 139 125 152 126 293 133
is_linear=0
shrinkage=0.05


Tree=231
num_leaves=31
num_cat=0
split_feature=227 311 369 68 324 270 228 307 8 56 322 312 334 338 215 41 221 42 223 332 72 305 355 205 277 359 228 302 361 37
split_gain=6.19247e-05 0.000181978 0.00032426 0.00027526 0.000249582 0.000199327 0.000178742 0.000237871 0.000300676 0.000195752 0.000243426 0.000182805 0.000175255 0.000173409 0.000154353 0.000158941 0.000170632 0.000153161 0.000145428 0.000123422 0.000251053 0.000126854 0.000165855 0.000116438 0.000282534 0.00032774 0.000244524 0.000229895 0.000288004 0.000137566
threshold=-1.6012899997704853 -2.3505877014055216 99.151417035155092 0.12037059664726256 -0.19276408354441313 -2.2436007524120893 -1.0691893264117522 -2.5503998733022351 -1.7680952548980711 0.7505478858947755 1.5894571940844317e-06 -2.1377108026418372 -3.8244793038130918 -2.6352183506308502 -0.044065529714692693 -1.5946621100107825 0.26818977697814245 -1.3286817471186319 -0.53647466019014034 -1.2816392217171495 -0.39632742603619892 -0.42265726653942309 -3.0766451157609169 -1.0519137444302962 -0.48362723366121479 0.6148939516169809 0.18342851955669057 -0.86817056655248004 -1.3983604525277353 -1.3346046606699622
decision_type=8 10 2 2 10 10 8 10 2 2 10 10 10 10 10 2 10 2 8 10 2 10 10 10 10 10 10 10 10 2
left_child=1 5 -3 4 -4 -1 11 8 -8 10 18 19 17 -13 15 -15 -17 -9 -10 20 -2 22 -21 24 25 -14 -26 28 -25 -29
right_child=6 2 3 -5 -6 -7 7 12 9 -11 -12 13 23 14 -16 16 -18 -19 -20 21 -22 -23 -24 27 26 -27 -28 29 -30 -31
leaf_value=-0.00012274662890363191 0 0 0.00016006023802335443 0 0 0 0 0 0 0 0 0 7.1617377048975255e-05 0 0 -9.9172377730988596e-05 0 -0.00011904803535151073 0.00019601012962099432 0 -9.6701044658377102e-05 0 0.00013744336006851171 0 -5.5265365034654285e-05 -2.9708261816611266e-06 4.059312782669863e-05 2.4717515324198116e-05 -4.82698736867712e-05 -5.7147832420017103e-07
leaf_weight=33 188 171 106 70 25 243 165 24 28 31 24 85 348 128 61 260 24 58 73 24 71 23 53 306 168 56 66 572 561 4945
leaf_count=33 188 171 106 70 25 243 165 24 28 31 24 85 348 128 61 260 24 58 73 24 71 23 53 306 168 56 66 572 561 4945
internal_value=0 1.47445e-05 4.0003e-05 8.36185e-05 0.00012639 -1.19236e-06 -1.2915e-06 6.35114e-07 4.30572e-05 9.28923e-05 0.000121158 -2.23417e-05 -5.78522e-07 -4.04859e-05 -5.33849e-05 -6.48705e-05 -8.66187e-05 -7.32503e-05 0.00015551 0 -1.19873e-05 5.20627e-05 8.73636e-05 0 2.06182e-05 4.89071e-05 -6.86417e-06 -1.76258e-06 -2.60262e-05 1.1446e-06
internal_weight=8990 648 372 201 131 276 8342 7425 321 156 125 917 7104 558 473 412 284 82 101 359 259 100 77 7022 638 404 234 6384 867 5517
internal_count=8990 648 372 201 131 276 8342 7425 321 156 125 917 7104 558 473 412 284 82 101 359 259 100 77 7022 638 404 234 6384 867 5517
is_linear=0
shrinkage=0.05


Tree=232
num_leaves=31
num_cat=0
split_feature=0 262 310 348 67 82 250 220 68 367 270 250 7 315 339 62 217 25 33 10 360 51 48 282 15 354 188 220 199 314
split_gain=6.29523e-05 0.000136132 0.000247465 0.000356122 0.00020763 0.000179798 0.000162158 0.000141458 0.000245797 0.000298932 0.000241554 0.000309358 0.000392867 0.000263371 0.000368528 0.000307384 0.000208193 0.000133476 0.000208761 0.000284601 0.000427342 0.000191587 0.000237212 0.000123909 0.000112461 0.000114599 0.000111023 0.000108621 3.61419e-05 3.28489e-05
threshold=2.4144930839538579 1.8576982479309587 4.207154328431483 1.3535130620002749 2.6859997113545742 -1.1990783611933387 1.4093551820177384 1.1203728690417465 0.71069924036661802 1.7899151526501458e-06 0.90431552948482608 0.013781791583104103 3.3310027122497563 1.2873597700823831 1.7638824175353114 0.34419393539428716 -0.69853512700103892 0.34457676609357196 2.273688813050589 0.35338747501373297 3.0220016656955164 1.682341019312541 -1.3425072828928626 0.57367070515950547 1.1813974877198541 1.7672427934749237 1.0267318811812018 1.2194116579095076 0.87547575812468714 3.7475135819674956
decision_type=2 8 8 10 2 2 10 10 2 2 10 10 2 10 10 2 10 2 2 2 10 2 2 10 2 10 10 10 8 8
left_child=1 2 7 -4 -5 -3 28 10 9 16 13 23 -13 14 -1 -15 -9 18 19 -2 21 22 -21 -12 27 -26 -11 -10 -7 -19
right_child=17 5 3 4 -6 6 -8 8 24 26 11 12 -14 15 -16 -17 -18 29 -20 20 -22 -23 -24 -25 25 -27 -28 -29 -30 -31
leaf_value=-1.1966385653482336e-06 0 0 0 0 0.00024343032985270197 0 0 0 0 2.0545052196985975e-05 5.4786412486676272e-05 -7.9561615294355227e-05 0 -3.048149626813221e-06 -8.0907246797221145e-05 5.5996086350654414e-05 7.8988033490934808e-05 -3.3985646624961652e-05 0 0 0 0 0.00025541316663693522 0 4.9438046821341695e-05 0 -4.5467869159427932e-05 -4.9742251364079568e-05 -0.00021859699846200244 0
leaf_weight=5622 75 188 54 29 34 21 32 25 28 177 106 390 177 168 155 422 339 71 85 23 30 42 59 51 121 83 98 223 27 35
leaf_count=5622 75 188 54 29 34 21 32 25 28 177 106 390 177 168 155 422 339 71 85 23 30 42 59 51 121 83 98 223 27 35
internal_value=0 -1.04663e-06 0 7.22536e-05 0.000154265 -3.61169e-05 -9.98884e-05 -9.46556e-07 1.48776e-05 3.64234e-05 -4.09319e-06 -3.15874e-05 -5.12098e-05 -1.81053e-07 -4.20217e-06 3.07127e-05 6.61907e-05 1.87691e-05 3.91604e-05 6.61857e-05 0.000105497 0.000149763 0.000199341 7.43852e-06 -4.39593e-06 6.81679e-06 0 -3.34205e-05 -0.000158252 0
internal_weight=8990 8570 8302 117 63 268 80 8185 1094 639 7091 724 567 6367 5777 590 364 420 314 229 154 124 82 157 455 204 275 251 48 106
internal_count=8990 8570 8302 117 63 268 80 8185 1094 639 7091 724 567 6367 5777 590 364 420 314 229 154 124 82 157 455 204 275 251 48 106
is_linear=0
shrinkage=0.05


Tree=233
num_leaves=31
num_cat=0
split_feature=213 224 355 51 316 244 334 285 342 285 283 72 213 70 14 49 23 39 333 347 232 205 71 366 369 269 282 230 64 282
split_gain=6.55841e-05 0.000211313 0.000139833 0.000391008 0.000379769 0.000365346 0.000469134 0.000486092 0.000323991 0.000329744 0.000357366 0.000472764 0.000262644 0.000340496 0.000287368 0.000281279 0.000278896 0.000453119 0.000295968 0.000275247 0.000230397 0.000205108 0.00019771 0.00017017 0.000425068 0.000241824 0.000168917 0.000124923 0.000235768 0.000158512
threshold=-1.5653174837968005 -1.3475400039992429 -2.2511434790672147 -2.2775700092315669 -1.9554555107951666 -1.7436147914541344 -1.8803905143381414 -0.024647986128305197 -2.0940010945002236 -0.11644244551037718 0.072796861330668108 -5.2755208015441886 -0.21707557252937701 0.28210198879241949 -0.010982638845841048 -3.9760773976643873 -0.00035048260663939995 -1.6158802509307859 -0.17396643510075946 -1.2179796298344929 -0.79086113785603562 -1.2609725753237273 -1.5571715037027991 -2.665352594479685 124.7065535256648 0.12007677415803157 -0.51015774408976233 -2.2726199024663121 -1.4991726875305174 -2.2104850808779397
decision_type=8 10 8 2 10 10 10 10 8 10 10 2 8 2 2 2 2 2 10 10 10 10 2 2 2 8 10 10 2 10
left_child=1 -1 3 -2 -5 -6 -7 -8 9 -4 11 -11 13 15 22 20 17 -15 -18 -17 -10 -13 -14 24 -16 -25 -24 -3 29 -29
right_child=2 27 8 4 5 6 7 -9 12 10 -12 21 14 16 23 19 18 -19 -20 -21 -22 -23 26 25 -26 -27 -28 28 -30 -31
leaf_value=-1.4574143850685588e-06 2.985894277099516e-05 0 0 0 0 0 -0.00022473824389907166 0 0 0 0 0 0 -6.9944577263141903e-05 -8.2934657503143398e-06 4.9474895180297633e-05 0 4.0079635548644887e-05 -0.00011039558139668744 -7.5682223159320255e-07 -8.3949159405814698e-05 0.00018998717097959102 0 1.4782737691944082e-05 7.105693646012233e-05 -1.1074138871280748e-05 8.6922675559784009e-05 0 0 0.00010490690884285507
leaf_weight=374 153 29 191 310 40 53 108 28 189 71 21 49 27 171 193 331 119 184 240 637 164 116 30 1172 285 3129 223 33 141 179
leaf_count=374 153 29 191 310 40 53 108 28 189 71 21 49 27 171 193 331 119 184 240 637 164 116 30 1172 285 3129 223 33 141 179
internal_value=0 1.3876e-05 -1.494e-06 -2.30577e-05 -4.7356e-05 -9.70631e-05 -0.000127453 -0.0001766 0 4.1673e-05 7.89504e-05 0.000102818 -2.11685e-06 -1.77023e-05 3.16435e-06 0 -4.56631e-05 0 -7.8026e-05 1.12581e-05 -4.05463e-05 0.000149254 5.23996e-05 0 2.85649e-05 -2.8656e-06 7.06506e-05 4.19703e-05 5.28266e-05 8.61672e-05
internal_weight=8990 756 8234 692 539 229 189 136 7542 448 257 236 7094 2035 5059 1321 714 355 359 968 353 165 280 4779 478 4301 253 382 353 212
internal_count=8990 756 8234 692 539 229 189 136 7542 448 257 236 7094 2035 5059 1321 714 355 359 968 353 165 280 4779 478 4301 253 382 353 212
is_linear=0
shrinkage=0.05


Tree=234
num_leaves=31
num_cat=0
split_feature=40 40 63 369 268 297 72 334 368 318 326 348 256 222 252 46 314 75 46 234 87 213 52 0 266 85 239 255 243 61
split_gain=6.38434e-05 0.000261404 0.000328833 0.000333492 0.000254693 0.000400686 0.000222889 0.000203642 0.000308119 0.0002209 0.000287092 0.000188753 0.000195472 0.000185407 0.000289829 0.000343028 0.000383926 0.000219284 0.000391652 0.000422113 0.000556975 0.000242948 0.000317714 0.000319757 0.00025401 0.000283157 0.000211038 0.000183607 0.000175871 0.00033486
threshold=0.043707470099131208 -0.37578070163726801 1.7532514731089277 67.058448150553104 -0.47764669771710161 -0.27584471305211383 1.3997535705566408 -0.53512378238751335 227.4473566313512 -1.5344940367378614 0.097652157147725419 -5.6779182751973467 0.81423687163301584 -0.61275759896867332 -0.22361122976784392 0.48232885201772058 0.69351807358844797 0.50597486893335997 0.094533930222193405 -0.31299782843458585 0.13057105243206021 1.4753115261789034 0.58082765340805065 0.41381931304931646 1.336271188697215 5.2725289662679051 1.0544858753254551 0.18394675094232799 0.47967055298973876 -1.5764568249384558
decision_type=2 2 2 2 10 10 2 10 2 10 10 10 10 10 10 2 10 2 2 10 2 10 2 2 10 2 10 10 8 2
left_child=1 28 3 -3 -5 -6 -7 8 9 -2 11 -11 -13 14 -9 16 -16 18 19 -15 -21 22 27 -24 26 -26 -23 -19 -1 -30
right_child=7 2 -4 4 5 6 -8 13 -10 10 -12 12 -14 17 15 -17 -18 21 -20 20 -22 24 23 -25 25 -27 -28 -29 29 -31
leaf_value=5.3642454217103876e-06 0 0 1.148786468957731e-06 0 0 -0.0001774767413129896 0 0 -1.4250128129032135e-05 0 0 0.00016673077476667358 0 0 -0.00024857830065384839 0 0 0 4.838510081225341e-07 0 0.00022152582664429138 2.7676995224229251e-05 -9.2595853502457542e-05 -1.0991731497582703e-05 0 0.00015521889598405539 -7.4682186951901931e-05 5.6924449686356605e-05 -7.6148091431081405e-05 0
leaf_weight=4050 52 192 204 77 28 145 56 65 74 64 105 129 20 60 48 28 22 90 646 23 81 120 200 875 108 67 78 183 200 900
leaf_count=4050 52 192 204 77 28 145 56 65 74 64 105 129 20 60 48 28 22 90 646 23 81 120 200 875 108 67 78 183 200 900
internal_value=0 -3.34901e-06 -3.20044e-05 -5.56208e-05 -8.80789e-05 -0.00011465 -0.000141265 5.47225e-06 3.68507e-05 6.05819e-05 7.74998e-05 0.000111057 0.000144197 0 -5.13579e-05 -0.000108496 -0.000169431 3.62828e-06 2.61314e-05 9.66267e-05 0.000157656 -4.05876e-06 -1.63869e-05 -3.08318e-05 2.70856e-05 7.20405e-05 0 2.21755e-05 0 -1.71386e-05
internal_weight=8990 5852 702 498 306 229 201 3138 444 370 318 213 149 2694 163 98 70 2531 810 164 104 1721 1348 1075 373 175 198 273 5150 1100
internal_count=8990 5852 702 498 306 229 201 3138 444 370 318 213 149 2694 163 98 70 2531 810 164 104 1721 1348 1075 373 175 198 273 5150 1100
is_linear=0
shrinkage=0.05


Tree=235
num_leaves=31
num_cat=0
split_feature=46 10 200 253 321 343 1 266 9 308 231 34 290 67 373 327 258 73 212 88 279 10 52 198 328 259 343 318 336 321
split_gain=6.367e-05 0.000226081 0.000272847 0.000451369 0.000429549 0.000334342 0.000289444 0.000285963 0.00028438 0.000254106 0.000227657 0.000337226 0.000201024 0.000169659 0.000309637 0.000134681 0.000386389 0.000407422 0.000400319 0.000342167 0.000258765 0.00023164 0.000371986 0.00026345 0.000332719 0.000229937 0.000296165 0.00022296 0.000207232 0.000175146
threshold=0.16878440976142881 0.59722237785657251 0.15712556291357987 -1.1436464295055007 0.048040964661987005 10.453797101974489 1.5045916239420574 0.9033398690416663 1.4921479225158694 3.2594873752598628 0.50988858090613753 0.12692651649316153 1.5739685297012331 -0.61075119177500392 -1.6703157054672346 6.1591466266053285e-07 0.087820426053510314 -4.3385993639628078 -1.5514109858947178 0.16138180096944174 0.8149992846042996 1.0000000180025095e-35 0.58082908391952526 0.59903355019932347 -0.15631925563017515 -0.056738254186822996 -7.9472859682017129e-08 -0.90256619037834029 -0.42639769357504126 -2.0190979681758923
decision_type=2 2 8 10 10 10 2 10 2 10 10 2 10 2 2 8 8 2 10 2 10 2 2 10 10 10 10 8 10 10
left_child=1 15 3 -3 10 6 8 -6 -5 12 11 -4 -9 14 -2 16 25 18 -18 29 -21 -17 23 24 -23 -1 27 -27 -20 -19
right_child=13 2 4 5 7 -7 -8 9 -10 -11 -12 -13 -14 -15 -16 21 17 19 28 20 -22 22 -24 -25 -26 26 -28 -29 -30 -31
leaf_value=0 0 0 0 -0.00010572373367614371 1.0387892021258796e-06 0 0 -0.00020518769913620215 0 0 0 0.00017827912922481999 -1.9064412307502481e-06 1.1953084795520897e-06 0.00015736208462338382 -3.8499839591654825e-05 0 0 -0.00023302278439384994 -7.484220912242562e-05 0 0 -9.6822898135120677e-06 0 9.4033206083004962e-05 0 0 0.00017468798247030699 0 6.6710694700841683e-05
leaf_weight=1451 71 293 39 422 260 67 20 47 167 52 35 74 102 4186 51 75 34 30 62 233 122 42 180 168 363 51 57 65 22 149
leaf_count=1451 71 293 39 422 260 67 20 47 167 52 35 74 102 4186 51 75 34 30 62 233 122 42 180 168 363 51 57 65 22 149
internal_value=0 -4.28708e-06 -2.00922e-05 -3.68951e-05 0 -6.0168e-05 -7.34213e-05 -1.68505e-05 -8.24744e-05 -6.48431e-05 7.97933e-05 0.000115626 -9.96579e-05 4.11986e-06 6.34323e-05 2.13748e-06 -2.25302e-06 -3.63914e-05 -0.000125264 -7.37142e-06 -4.30714e-05 2.02428e-05 3.27372e-05 5.47865e-05 7.66301e-05 8.37554e-06 6.30796e-05 0.00011095 -0.000184214 3.54974e-05
internal_weight=8990 4682 1578 969 609 676 609 461 589 201 148 113 149 4308 122 3104 2276 652 118 534 355 828 753 573 405 1624 173 116 84 179
internal_count=8990 4682 1578 969 609 676 609 461 589 201 148 113 149 4308 122 3104 2276 652 118 534 355 828 753 573 405 1624 173 116 84 179
is_linear=0
shrinkage=0.05


Tree=236
num_leaves=31
num_cat=0
split_feature=61 243 337 277 50 250 188 258 318 377 292 87 92 257 326 362 346 206 241 188 92 267 350 265 269 262 280 221 340 252
split_gain=6.57446e-05 0.000183235 0.000342172 0.000299572 0.000486482 0.000411992 0.000429452 0.000233952 0.000359562 0.00062593 0.000213523 0.000198161 0.000267818 0.000252877 0.000178322 0.000409546 0.000324907 0.000326773 0.000271795 0.00032794 0.000284668 0.000354139 0.000384154 0.00025832 0.000298943 0.000249747 0.000349263 0.000293443 0.000383783 0.000327981
threshold=-0.64218195279439283 0.26225462810943739 0.86395936099416215 1.1451491122463537 0.30819685260454815 1.2997818818786546 -0.34681889186295856 0.76606824620838532 -0.24494981589270381 0.46030136625151824 1.5892040729522707 0.45940436919530236 0.00066128291655330018 0.26598348421783707 0.17034522692362489 -0.66809403522622202 -2.2394173940022779 -0.28686300487923072 0.36495449337947516 0.40059841990096662 0.00066133375124380008 -0.14741331157751802 -11.766410350799559 -0.96851091409014689 0.67992294950174925 0.77557731933258045 -0.021599036061530796 0.76092318619451638 -0.12946175908048932 -0.085204277964198979
decision_type=2 10 10 10 2 10 10 10 10 2 10 2 2 10 10 10 10 10 10 10 2 10 10 10 10 10 10 10 10 10
left_child=1 7 3 4 -3 6 -6 10 -9 -10 -1 12 -12 -14 15 16 -2 23 20 -20 -17 22 -22 -18 -25 26 -16 28 -28 -30
right_child=14 2 -4 -5 5 -7 -8 8 9 -11 11 -13 13 -15 25 18 17 -19 19 -21 21 -23 -24 24 -26 -27 27 -29 29 -31
leaf_value=1.2643995953361353e-06 1.578729597027307e-05 -4.6764636104604118e-07 0 0 0 0 -0.00016689281487865753 0 0.00015907169782151809 0 0 0 -0.00013102636497730271 0 2.5136291456316284e-05 0 0 0 -5.3420153672210285e-05 4.0493565316703558e-05 0 2.5014488581600702e-05 0.00016260983655701005 -0.00019948601378576921 0 9.6776320454275454e-06 5.2814595874564239e-06 0 0 -0.00010688307344914224
leaf_weight=3001 265 301 661 115 35 28 196 92 120 66 40 176 136 51 185 148 42 157 159 223 34 409 168 76 20 1240 32 393 89 332
leaf_count=3001 265 301 661 115 35 28 196 92 120 66 40 176 136 51 185 148 42 157 159 223 34 409 168 76 20 1240 32 393 89 332
internal_value=0 -4.00777e-06 -2.00647e-05 -4.54301e-05 -6.18449e-05 -0.00011385 -0.000137801 4.60907e-07 4.54811e-05 8.9002e-05 -1.74824e-06 -3.65809e-05 -6.7503e-05 -9.54429e-05 4.59206e-06 1.73524e-05 -1.13449e-05 -5.26583e-05 3.58185e-05 0 5.31385e-05 6.83531e-05 0.000131307 -0.000108816 -0.000154064 -2.76432e-06 -2.25771e-05 -3.89221e-05 -6.66934e-05 -8.40378e-05
internal_weight=8990 5018 1336 675 560 259 231 3682 278 186 3404 403 227 187 3972 1701 560 295 1141 382 759 611 202 138 96 2271 1031 846 453 421
internal_count=8990 5018 1336 675 560 259 231 3682 278 186 3404 403 227 187 3972 1701 560 295 1141 382 759 611 202 138 96 2271 1031 846 453 421
is_linear=0
shrinkage=0.05


Tree=237
num_leaves=31
num_cat=0
split_feature=229 279 305 283 220 19 255 283 207 237 72 46 346 35 367 34 64 325 325 325 268 283 354 320 213 81 324 231 325 91
split_gain=6.09659e-05 0.00024611 0.000290846 0.000162093 0.000151507 0.000256119 0.000387811 0.000413355 0.000243025 0.000440811 0.000305426 0.000206406 0.000196932 0.000140996 0.000188877 0.00030486 0.000273267 0.000132429 0.000210759 0.000205289 0.000297009 0.000315273 0.00015569 0.00044991 0.00023742 0.00015009 0.000102952 0.000104897 9.31379e-05 0.00012093
threshold=1.9767923207785922 1.2444743138817145 3.7959910283880172 1.5894571941954544e-07 1.0633911079360767 3.7780421574910488 1.7125166321951748 0.98660849034786235 2.358420496683499 0.13633520536263682 5.4372571309407558 0.80098588267962156 -1.993553102016449 1.0531903902689619 2.9831923664680465e-07 0.55853350957234704 2.2434801260630297 1.1919893225034077 1.5941467682520549 0.58729151884714781 0.7042970239897931 0.41417642434438068 1.2314025865490343 1.8120121000850811 0.76218764876121703 0.00066146778408430009 2.1855036419493606e-07 1.4060952968971165 0.35469581683476764 3.3686522444089255
decision_type=10 10 10 10 10 2 10 10 10 10 2 2 10 2 2 2 2 10 10 10 10 10 8 10 10 2 10 10 10 2
left_child=4 2 3 -2 8 13 7 11 17 -10 -11 12 -7 14 15 -6 -17 19 25 22 -21 -22 24 -24 -1 -19 27 -16 -15 -30
right_child=1 -3 -4 -5 5 6 -8 -9 9 10 -12 -13 -14 28 26 16 -18 18 -20 20 21 -23 23 -25 -26 -27 -28 -29 29 -31
leaf_value=2.756876694097954e-07 0 2.2171917178144889e-07 0 -0.00012771975667050646 0 0 0 0 0 -0.00028737136172969977 0 0 0.00014704536352719972 0 -7.4875631856123701e-05 0.00017120397218529451 0 0.00017447394504388353 0 0 -0.00012029852860008829 0 4.7312668737513618e-05 -2.2540083500401056e-05 -3.2214360893955393e-05 0 1.1060523338498281e-05 0 -6.275872971037181e-05 0
leaf_weight=5196 23 226 90 116 114 20 128 33 22 30 23 25 186 122 88 71 55 40 45 168 142 73 604 262 599 54 210 22 183 20
leaf_count=5196 23 226 90 116 114 20 128 33 22 30 23 25 186 122 88 71 55 40 45 168 142 73 604 262 599 54 210 22 183 20
internal_value=0 -1.79264e-05 -5.76536e-05 -0.00010345 8.49937e-07 1.70754e-05 5.08198e-05 8.66339e-05 -1.31614e-06 -9.08706e-05 -0.00018009 0.000114231 0.000130902 0 1.72409e-05 5.15759e-05 0.000105399 0 4.78561e-05 -1.33233e-06 -3.70445e-05 -7.6786e-05 0 2.04062e-05 -2.22035e-06 9.47879e-05 0 -4.58722e-05 -2.39192e-05 -4.54121e-05
internal_weight=8990 455 229 139 8535 1277 392 264 7258 75 53 231 206 885 560 240 126 7183 139 7044 383 215 6661 866 5795 94 320 110 325 203
internal_count=8990 455 229 139 8535 1277 392 264 7258 75 53 231 206 885 560 240 126 7183 139 7044 383 215 6661 866 5795 94 320 110 325 203
is_linear=0
shrinkage=0.05


Tree=238
num_leaves=31
num_cat=0
split_feature=228 202 227 347 37 349 344 86 356 25 333 65 239 208 93 373 13 250 203 88 224 256 344 78 259 343 213 301 368 256
split_gain=6.07971e-05 0.000279951 0.000244276 0.000376589 0.000364509 0.0002396 0.000369824 0.000309747 0.000174672 0.000387488 0.000389767 0.000245485 0.000552192 0.000221372 0.000334571 0.000303219 0.000223843 0.000191365 0.000179281 0.000169856 0.000194664 0.000167799 0.00016421 0.000162467 0.000161587 0.000187542 0.000161142 0.000206288 0.000228421 0.00020563
threshold=0.2949803538112627 -0.0075835145404673492 -0.76964054978033658 -0.81521435578664125 -0.81929977734883619 3.8781361579895024 1.3760957916577661 -0.23985274632771802 0.16414844443760104 0.068882447977860764 -0.17396643510075946 0.27451145648956304 0.095630710377274705 0.42262772485794425 0.71703215440114343 -2.0592645706873305 0.0091598282257715023 1.0136505601628578 0.20839607320781264 0.12552925447622934 0.25659120707728561 -0.34797141976656903 1.8454584678014123 1.3369466463724773 1.1233054642202205 9.7424712181091326 0.30712059001319109 0.085221705337365464 100.27167551805597 1.176125841410065
decision_type=10 10 10 10 2 10 10 2 10 2 10 2 10 10 2 2 2 10 10 2 10 10 10 2 10 10 10 10 2 10
left_child=5 2 -2 4 19 -1 7 -7 9 10 -3 -12 -13 14 -10 -16 -17 18 -11 -4 -21 -5 -23 24 25 -9 27 -15 -29 -28
right_child=1 8 3 21 -6 6 -8 23 13 17 11 12 -14 26 15 16 -18 -19 -20 20 -22 22 -24 -25 -26 -27 29 28 -30 -31
leaf_value=0 -1.6153261209318304e-07 0 0 -4.7822831086601689e-05 3.6300989930259576e-06 0 0 -0.00021861665488828684 0 0 0 0 -0.00024659717625560092 0 0 0 0.00014558340982378362 -5.1849221817652521e-05 7.5545779739111788e-05 0.00036020821261504736 0 6.984360032513566e-05 0 0 0 0 -2.7757573687931611e-05 9.6913549876831865e-05 0 3.8724578388379158e-06
leaf_weight=5277 63 74 21 64 112 31 125 76 256 69 38 22 71 87 61 32 130 79 125 32 20 140 66 26 25 28 829 144 68 799
leaf_count=5277 63 74 21 64 112 31 125 76 256 69 38 22 71 87 61 32 130 79 125 32 20 140 66 26 25 28 829 144 68 799
internal_value=0 5.19571e-06 3.90911e-05 5.55116e-05 0.000112529 -3.28089e-06 -4.60301e-05 -9.22496e-05 0 -2.84242e-05 -8.12804e-05 -0.000133297 -0.000177799 4.57704e-06 3.54865e-05 8.03331e-05 0.00011644 0 3.70029e-05 0.000210974 0.000265709 0 3.63884e-05 -0.000123303 -0.000146327 -0.000174454 -5.13099e-07 2.9858e-05 6.07345e-05 -9.16364e-06
internal_weight=8990 3402 518 455 185 5588 311 186 2884 478 205 131 93 2406 479 223 162 273 194 73 52 270 206 155 129 104 1927 299 212 1628
internal_count=8990 3402 518 455 185 5588 311 186 2884 478 205 131 93 2406 479 223 162 273 194 73 52 270 206 155 129 104 1927 299 212 1628
is_linear=0
shrinkage=0.05


Tree=239
num_leaves=31
num_cat=0
split_feature=61 251 350 64 2 12 55 322 206 252 333 218 349 370 29 365 376 56 61 213 33 228 93 323 370 31 218 367 39 33
split_gain=6.00048e-05 0.0001671 0.000217105 0.000280816 0.000427977 0.000378862 0.000351959 0.000275019 0.000293371 0.000342942 0.000274314 0.000270305 0.000323883 0.000510372 0.000173992 0.000168077 0.000167448 0.000164034 0.000280284 0.000249672 0.000210113 0.000209035 0.00016335 0.000184329 0.000157578 0.000297686 0.000257568 0.000187317 0.00024095 0.000181239
threshold=-0.64218195279439283 1.6742480018749757 -11.124415556589762 -0.12156242132186883 -0.93646876017252589 0.0088425409048795509 -1.0528839429219563 -0.36538146932919807 -0.28686300487923072 0.20762350584442313 -1.2311445851734117 1.4229545765211076 14.157038758198423 0.85169193651332853 1.300262173016866 -0.0026531270112254497 0.10325884067206371 1.199266870816549 -1.5627702077229815 -0.51611534991019425 2.1231161753336587 0.62032527376779079 4.5815370877583836 4.8290174404780082 0.21511841258480743 0.59722218910853087 0.19402930849321673 -1.9675442568695614 0.5467201272646588 -1.3980777462323506
decision_type=2 10 10 2 2 2 2 10 10 10 10 10 10 2 2 10 2 2 2 10 2 10 2 10 2 2 10 2 2 2
left_child=17 2 3 4 -2 -6 -7 8 -4 10 -10 22 13 -13 -3 -5 -14 24 19 -19 -20 -21 -9 -24 25 -1 27 -27 -29 -26
right_child=1 14 7 15 5 6 -8 11 9 -11 -12 12 16 -15 -16 -17 -18 18 20 21 -22 -23 23 -25 29 26 -28 28 -30 -31
leaf_value=0 0 -5.9661567393206458e-05 0 6.3864454214038001e-05 0 0 -0.00023119609756357321 2.7424272048685253e-06 0 0 0.00020611827391214333 0.00013710393923675534 1.9773236732428699e-05 0 0 0 -7.2030486143837452e-05 0 2.2970231232734805e-05 -0.00016835853685744008 -7.7023910226004986e-05 0 -0.00011916319251429682 0 -3.112138196177438e-05 0 0 0.00015132365053858882 0 0
leaf_weight=324 180 186 164 113 92 27 69 2099 33 51 82 155 74 220 136 120 75 40 196 82 71 23 60 36 550 32 61 121 27 3491
leaf_count=324 180 186 164 113 92 27 69 2099 33 51 82 155 74 220 136 120 75 40 196 82 71 23 60 36 550 32 61 121 27 3491
internal_value=0 4.50135e-06 8.61319e-06 -1.50184e-05 -4.65172e-05 -9.96126e-05 -0.000171108 1.49115e-05 6.05796e-05 0.000108208 0.000156032 7.52794e-06 3.97918e-05 6.61135e-05 -2.6573e-05 1.32794e-05 0 -3.7223e-06 -3.41149e-05 -9.01918e-05 0 -0.000131032 0 -6.39157e-05 0 2.35816e-05 6.62581e-05 9.72236e-05 0.000121065 -4.44089e-06
internal_weight=8990 3972 3650 601 368 188 96 3049 330 166 115 2719 524 375 322 233 149 5018 412 145 267 105 2195 96 4606 565 241 180 148 4041
internal_count=8990 3972 3650 601 368 188 96 3049 330 166 115 2719 524 375 322 233 149 5018 412 145 267 105 2195 96 4606 565 241 180 148 4041
is_linear=0
shrinkage=0.05


Tree=240
num_leaves=31
num_cat=0
split_feature=273 296 377 228 246 46 231 349 247 205 194 46 10 235 203 79 350 0 283 30 288 261 91 362 65 200 340 296 368 266
split_gain=5.88412e-05 0.000243506 0.000387003 0.000339832 0.000274354 0.000198126 0.000186506 0.000135398 0.000312562 0.000429806 0.000463214 0.000364438 0.000375225 0.000351106 0.000282986 0.000348398 0.000265441 0.000215247 0.000184084 0.000219396 0.000155503 0.000359853 0.000239041 0.000263453 0.000161082 0.000132596 0.00017851 0.000165381 0.000188208 0.000343164
threshold=1.6025379188128555 0.045234163602193102 -0.084995051934056723 0.59701074101723084 2.1696892304869304 0.80098588267962156 0.50604164710151889 2.8479513327280688 0.13599678888941399 -1.285137599897429 0.51849027764884081 -0.030810507635275448 0.98084119955698668 1.1386437408138435 0.21893221175122232 1.3548780282338462 0.94343010584513387 2.5235317548116054 0.096284667650858566 -0.46386824051539094 0.60515264670054125 0.10500840944453317 -0.72284305095672596 0.37338980412883005 6.0773384918769198 0.98841606800635595 0.42575288315614063 0.27950847956041486 56.62772042391763 1.2810625921834331
decision_type=10 10 2 10 10 2 10 10 10 10 10 2 2 10 10 2 10 2 10 2 10 10 2 10 2 10 10 10 2 10
left_child=7 2 -2 -4 5 6 -5 20 9 -9 11 -11 -13 14 15 16 -10 18 -15 -20 24 22 -22 -24 -1 26 -3 28 -28 -30
right_child=1 25 3 4 -6 -7 -8 8 13 10 -12 12 -14 17 -16 -17 -18 -19 19 -21 21 -23 23 -25 -26 -27 27 -29 29 -31
leaf_value=0 0 0 0 0 0 0 0.00020336250412750798 3.0227208834231927e-05 0 0 0 -0.0001624448139597023 0 0 0 0 0.00014113178729413086 0 0 -0.00010313127151155543 0 0 0.00022334406373807306 0 -0.00012008171095438234 7.3292178740158017e-07 0 0 -0.00026546582785838763 0
leaf_weight=6044 220 43 74 21 21 21 101 38 27 27 62 196 28 69 585 75 122 37 24 210 54 499 51 20 28 157 43 22 36 35
leaf_count=6044 220 43 74 21 21 21 101 38 27 27 62 196 28 69 585 75 122 37 24 210 54 499 51 20 28 157 43 22 36 35
internal_value=0 1.2907e-05 3.95503e-05 8.41011e-05 0.000124257 0.000149995 0.000174427 -1.34441e-06 -1.5197e-05 -5.66775e-05 -8.32039e-05 -0.000115083 -0.000137497 0 1.53221e-05 6.32813e-05 0.000108906 -4.49711e-05 -6.35976e-05 -8.48685e-05 1.01225e-06 2.50982e-05 0.000101656 0.000163057 -6.39919e-07 -8.53485e-06 -4.45768e-05 -7.67719e-05 -0.000103218 -0.000153997
internal_weight=8990 794 458 238 164 143 122 8196 1500 351 313 251 224 1149 809 224 149 340 303 234 6696 624 125 71 6072 336 179 136 114 71
internal_count=8990 794 458 238 164 143 122 8196 1500 351 313 251 224 1149 809 224 149 340 303 234 6696 624 125 71 6072 336 179 136 114 71
is_linear=0
shrinkage=0.05


Tree=241
num_leaves=31
num_cat=0
split_feature=61 325 342 325 52 312 305 350 288 335 75 348 239 64 190 308 287 2 365 262 364 209 55 62 238 19 74 205 344 371
split_gain=5.95133e-05 0.000167374 0.000337538 0.000206108 0.000247497 0.000204044 0.000200313 0.000155026 0.000303074 0.000313856 0.000285037 0.000308761 0.000380331 0.000217056 0.000384415 0.000241106 0.00031216 0.000230486 0.000173257 0.000170298 0.000286881 0.000441015 0.000319339 0.000259109 0.000238987 0.000188314 0.000247528 0.000152565 0.000203125 0.000179594
threshold=-0.64218195279439283 -1.3974020083745318 -2.4482838511466976 -1.004207789897918 0.58082590500513731 -1.0584011119346264 -3.7306431051676703 -11.124415556589762 -0.24638607104619337 -0.77933100264032673 1.8196070194244387 2.4074232578277588 -0.67351930536010718 -0.12156242132186883 -0.78454170903919251 0.7533203017107547 -0.041628476853171843 -0.93646876017252589 -0.013153234304958548 0.77557731933258045 0.96423674210738008 0.53149318912383714 -0.21368765830993647 0.87608683109283458 1.386598049445418 2.1250165303548183 8.6772047678629587 0.6551859559095351 1.0621577451626463 -0.0096142394655723985
decision_type=2 8 10 8 2 10 10 10 10 10 2 10 10 2 10 10 10 2 10 10 10 10 2 2 10 2 2 10 10 2
left_child=1 2 6 4 -3 -6 -1 13 9 -9 11 12 -11 14 -2 16 -16 -18 -15 20 27 23 -23 -22 25 -21 -27 29 -29 -10
right_child=7 3 -4 -5 5 -7 -8 8 19 10 -12 -13 -14 18 15 -17 17 -19 -20 24 21 22 -24 -25 -26 26 -28 28 -30 -31
leaf_value=0 0 0 0 -3.2883906782847348e-06 -0.00017603054387730759 0 0.00013809443127713988 0 1.898220100979524e-05 0 0 0 0.00017370814286703072 6.0663458111102138e-05 0 0 0 -0.00016218927624320545 -6.699946305631827e-06 0 -5.2199406978872267e-05 0 -0.00013955263413115555 4.4501385422248851e-05 -4.2709893399673182e-06 6.7011010699024131e-05 0 0 8.769150935122378e-05 -2.6815623565795089e-05
leaf_weight=34 108 95 123 4587 58 36 85 192 330 53 42 41 142 118 36 30 59 137 126 374 122 89 138 159 468 452 54 124 117 461
leaf_count=34 108 95 123 4587 58 36 85 192 330 53 42 41 142 118 36 30 59 137 126 374 122 89 138 159 468 452 54 124 117 461
internal_value=0 -3.61595e-06 3.39007e-05 -6.56447e-06 -5.95896e-05 -0.000117095 9.70635e-05 4.57589e-06 9.76471e-06 4.76603e-05 8.16161e-05 0.000104232 0.000130782 -1.5657e-05 -4.30545e-05 -7.92729e-05 -9.84554e-05 -0.000124308 5.40554e-06 1.86481e-06 -7.39302e-06 -3.93963e-05 -9.12543e-05 0 1.61499e-05 3.26906e-05 5.28075e-05 3.51831e-06 4.03563e-05 -1.38877e-06
internal_weight=8990 5018 242 4776 189 94 119 3972 3358 470 278 236 195 614 370 262 232 196 244 2888 1540 508 227 281 1348 880 506 1032 241 791
internal_count=8990 5018 242 4776 189 94 119 3972 3358 470 278 236 195 614 370 262 232 196 244 2888 1540 508 227 281 1348 880 506 1032 241 791
is_linear=0
shrinkage=0.05


Tree=242
num_leaves=31
num_cat=0
split_feature=54 234 80 312 42 34 46 301 3 362 223 366 364 80 197 62 42 92 18 351 279 86 246 73 252 223 207 288 249 47
split_gain=5.76821e-05 0.000247944 0.000226275 0.000212894 0.000291449 0.000214363 0.000298466 0.000167397 0.000272307 0.000293533 0.000158261 0.000242891 0.000466121 0.000150389 0.000203249 0.000179752 0.000264111 0.000447912 0.000140449 0.000137328 0.000136918 0.000131149 0.000261883 0.000190587 0.000285143 0.000344305 0.000365397 0.000198702 0.000222635 0.00031731
threshold=1.9638298352559411 1.0699857384010338 1.6108807722727461 4.1285412823429981 -1.0369359254837034 0.28951728468139959 0.50980015595753991 0.2158053820021448 1.5972317854563396 2.1347082003904556 1.2741868493866118 0.92671317581034673 2.9217266657009273 1.5112067063649499 0.85142140905626118 0.55220075448354089 0.014566249524553602 0.21427146593729654 -0.16432344913482658 1.9832507769266761 0.82973319070819873 1.4038387139638269 0.88068612899850296 2.8477037747701011 0.93062894329337797 0.047537434573453503 0.79152019191977974 0.5832842389742533 -0.048209981249817492 0.9898442029953004
decision_type=2 10 2 10 2 2 2 10 2 10 10 2 10 2 10 2 2 2 2 10 10 2 10 2 10 10 10 10 10 2
left_child=13 2 18 4 -4 -6 -7 8 9 -3 11 12 -9 21 15 -15 -17 -18 -2 -16 -12 23 -23 27 25 -25 -27 -1 -29 -30
right_child=1 7 3 -5 5 6 -8 10 -10 -11 20 -13 -14 14 19 16 17 -19 -20 -21 -22 22 -24 24 -26 26 -28 28 29 -31
leaf_value=-2.0693794399243689e-06 -4.4469483284400879e-05 0.00015610991118762078 0 0 0 -0.00014962870354568702 0 0 0 0 0 0 -0.00023462861154400781 0 0 0 0 0.00015562572245751918 2.453937938020586e-05 -8.5895459428172538e-05 7.5689025046290955e-05 6.599369224274032e-05 0 0 0 -0.00011084163997769511 0 0 0.00012588558298765924 0
leaf_weight=5279 115 77 85 25 52 170 57 91 99 24 57 58 38 297 204 218 96 129 205 47 72 212 291 116 251 246 112 106 115 46
leaf_count=5279 115 77 85 25 52 170 57 91 99 24 57 58 38 297 204 218 96 129 205 47 72 212 291 116 251 246 112 106 115 46
internal_value=0 -1.01296e-05 -3.14127e-05 -5.70273e-05 -7.02651e-05 -9.5139e-05 -0.00011612 9.42633e-06 4.81725e-05 0.000106426 0 -4.16712e-05 -8.49716e-05 1.54347e-06 1.99218e-05 3.48193e-05 5.51288e-05 9.44234e-05 0 -4.08294e-06 2.34105e-05 -4.07337e-07 2.31243e-05 -3.09247e-06 -2.71995e-05 -5.13332e-05 -7.67618e-05 0 4.21328e-05 7.99882e-05
internal_weight=8990 1225 709 389 364 279 227 516 200 101 316 187 129 7765 991 740 443 225 320 251 129 6774 503 6271 725 474 358 5546 267 161
internal_count=8990 1225 709 389 364 279 227 516 200 101 316 187 129 7765 991 740 443 225 320 251 129 6774 503 6271 725 474 358 5546 267 161
is_linear=0
shrinkage=0.05


Tree=243
num_leaves=31
num_cat=0
split_feature=53 194 192 76 325 307 213 73 54 232 9 6 317 370 315 316 25 355 220 316 287 284 203 195 215 217 321 297 33 220
split_gain=5.87506e-05 0.00016441 0.00032289 0.000284779 0.000276783 0.000344411 0.00022758 0.000137501 0.000275664 0.000275619 0.00020261 0.000142558 0.000306932 0.000207668 0.000251502 0.000236323 0.00017884 0.000168586 0.000341041 0.000317649 0.000164356 0.000228731 0.000192147 0.000129149 0.000216957 0.000116356 0.000108157 0.000105461 0.000210217 0.000154353
threshold=-6.2718078295389796 -1.4166131416598204 -0.67733547467044497 -3.061033407847086 -0.09088246027628584 -0.42703959083778403 -1.0215917106802206 -7.9688129425048819 -1.4074600537618001 -0.55810495354456535 1.060407320658366 -1.5544521013895669 -0.6092628487879671 0.10922410236078466 1.0052675313366637 -3.5577545442215217 -0.1313963830471038 -2.3866397253533829 -0.44318824710268395 -2.0450874622424116 -0.021728226294120048 -0.37554205240060862 -0.27090859256360006 -1.7288955544688849 -1.819664901175154 -1.9830267890584981 -0.63825208643459197 -0.40061910947163881 -0.65811665852864565 -1.2183987679344861
decision_type=2 10 10 2 10 10 10 2 2 10 2 2 10 2 10 10 2 8 10 10 8 10 10 10 10 10 10 10 2 10
left_child=1 23 3 4 5 6 -3 8 -2 10 -10 12 27 -14 15 -15 -13 18 -18 -20 21 -19 -22 -1 -25 -26 -12 28 -9 -29
right_child=7 2 -4 -5 -6 -7 -8 11 9 -11 26 16 13 14 -16 -17 17 20 19 -21 22 -23 -24 24 25 -27 -28 29 -30 -31
leaf_value=-1.1649032307396528e-05 0 0 0 0 0 0 -0.00023782542141911035 -9.3166807473896092e-05 0 0 0.00017473549395618851 5.1877628504727624e-05 0 0 0 -0.00012967900761070474 0 -1.0907768149994758e-05 0 -0.00016181354684874298 -1.8676494250059318e-05 3.9068497233367991e-05 3.4485617875916731e-06 0 0 0.00015399552637390722 0 0 0 4.4928079476441915e-05
leaf_weight=114 234 37 64 45 20 23 74 82 107 20 82 173 26 20 26 169 134 152 35 78 1213 647 4826 22 21 48 28 161 80 229
leaf_count=114 234 37 64 45 20 23 74 82 107 20 82 173 26 20 26 169 134 152 35 78 1213 647 4826 22 21 48 28 161 80 229
internal_value=0 -1.72342e-05 -4.5724e-05 -8.25657e-05 -0.000115879 -0.000143494 -0.000180564 9.59301e-07 2.7319e-05 6.62534e-05 8.92623e-05 0 -2.06328e-05 -6.76979e-05 -8.68942e-05 -0.00010915 1.60775e-06 0 -4.01443e-05 -0.000105164 1.8439e-06 2.33039e-05 -1.67798e-07 0 5.80879e-05 0.000110896 0.000142519 0 -3.3973e-05 1.40095e-05
internal_weight=8990 468 263 199 154 134 111 8522 471 237 217 8051 793 241 215 189 7258 7085 247 113 6838 799 6039 205 91 69 110 552 162 390
internal_count=8990 468 263 199 154 134 111 8522 471 237 217 8051 793 241 215 189 7258 7085 247 113 6838 799 6039 205 91 69 110 552 162 390
is_linear=0
shrinkage=0.05


Tree=244
num_leaves=31
num_cat=0
split_feature=48 367 19 70 230 54 16 334 51 294 87 367 318 78 67 333 193 322 269 288 361 206 78 44 209 373 298 327 70 51
split_gain=5.70216e-05 0.000199958 0.000241191 0.000125522 0.000122933 0.000116753 0.000213976 0.000220878 0.000295528 0.000355863 0.000284194 0.000136605 0.000177295 0.000255557 0.000326771 0.00019786 0.000191725 0.000189903 0.000154531 0.000141523 0.000310044 0.000374953 0.00040516 0.000278023 0.000276423 0.000196993 0.000190049 0.000269618 0.000248937 0.000176277
threshold=14.048549652099611 1.5055475723469682 6.0762103398640965 4.2119817733764657 1.8244638208206263 2.102258682250977 1.3211507797241213 -0.51884865055970908 2.7863016128540044 0.78563348452250159 0.064455310503641713 -1.7190701563737423 2.3291330457595794 1.0000000180025095e-35 1.1305009524027507 -1.4389430240783785 1.1597886584506307 0.35020519296328229 0.5396584137895174 -0.074498666450381293 -1.3983604525277353 -1.5914888664293791 -0.61642801761627186 -0.93003900845845533 -0.76006167802495084 0.55751001606747319 -0.069358915090560885 -0.95013262828191125 0.79079131285349546 -1.6422542333602905
decision_type=2 2 2 2 10 2 2 10 2 10 2 2 10 2 2 10 10 10 10 8 10 10 2 2 10 2 10 8 2 2
left_child=5 3 -3 -2 -5 11 7 -7 9 10 -9 12 13 -1 15 -15 18 -16 -14 20 26 22 -22 25 -23 29 27 -13 -28 -21
right_child=1 2 -4 4 -6 6 -8 8 -10 -11 -12 19 16 14 17 -17 -18 -19 -20 23 21 24 -24 -25 -26 -27 28 -29 -30 -31
leaf_value=0 1.7355658409244696e-05 0 0.00016774719603710267 0 -0.00015016393069283612 0 0 0 0 0 -0.00015288749428153596 -6.8806610684628237e-07 0 0 0 0.00020485937342250754 0 6.8451528705092658e-05 -0.00016425200847152154 0 0 1.2474221044488917e-05 -0.00014402635654615545 0 -2.9668278202968476e-05 0 -6.3696258980266439e-05 4.4103466056514928e-05 1.7803928813860278e-05 0.00013311984774833606
leaf_weight=471 183 29 44 23 25 72 496 31 85 88 159 394 24 21 390 57 32 154 35 40 60 459 134 3649 949 27 190 526 48 95
leaf_count=471 183 29 44 23 25 72 496 31 85 88 159 394 24 21 390 57 32 154 35 40 60 459 134 3649 949 27 190 526 48 95
internal_value=0 2.13074e-05 9.34194e-05 0 -7.33307e-05 -7.19079e-07 -1.77332e-05 -4.36166e-05 -6.16476e-05 -8.7285e-05 -0.000125799 6.78953e-07 1.67254e-05 2.51818e-05 4.62733e-05 0.000156043 -2.98761e-05 2.13191e-05 -9.73964e-05 -1.45169e-06 -1.06087e-05 -2.55667e-05 -9.54616e-05 3.86811e-06 -1.23793e-05 6.81147e-05 5.76753e-06 1.94888e-05 -2.62591e-05 9.598e-05
internal_weight=8990 304 73 231 48 8686 931 435 363 278 190 7755 1184 1093 622 78 91 544 59 6571 2760 1602 194 3811 1408 162 1158 920 238 135
internal_count=8990 304 73 231 48 8686 931 435 363 278 190 7755 1184 1093 622 78 91 544 59 6571 2760 1602 194 3811 1408 162 1158 920 238 135
is_linear=0
shrinkage=0.05


Tree=245
num_leaves=31
num_cat=0
split_feature=61 208 337 277 250 344 2 202 244 72 284 261 325 332 282 42 325 198 65 217 206 190 328 42 362 79 306 312 233 51
split_gain=5.7365e-05 0.000157152 0.000397793 0.000269252 0.000280389 0.000264394 0.000256962 0.000194571 0.000353911 0.000260289 0.000300411 0.000319706 0.000173133 0.000186196 0.000309708 0.00051788 0.000204673 0.000175285 0.000228042 0.000156431 0.000325933 0.000301885 0.000312408 0.000348479 0.000482595 0.000339622 0.000244859 0.000250066 0.000284028 0.000306477
threshold=-0.64218195279439283 0.25405917390747973 0.86395936099416215 1.0909180270741743 1.2997818818786546 -3.1841007073720289 1.6611692110697431 0.23412862117889902 0.58503532005411818 -0.39632720748583466 -0.068291924893855938 0.54326915500680795 -1.4924523830413816 0.41751779282189477 0.066684842109680023 0.014566274359822202 -0.16603142023086542 0.49335061809506442 -3.1531761089960733 -0.058196263328977094 -0.28686300487923072 0.58491179023250695 0.21648995081583658 -0.78948807716369618 0.52352496322927322 4.426170667012534 1.8996097224937574 1.1025112259018595 1.7413212406708569 -0.15641126036643974
decision_type=2 10 10 10 10 10 2 10 10 2 10 10 8 8 10 2 10 8 2 10 10 10 10 2 10 2 10 10 10 2
left_child=1 7 3 4 5 -3 -7 12 9 -9 -11 -12 -1 14 16 -16 -14 18 -15 20 -2 22 -21 -24 -25 -26 27 -23 29 -29
right_child=19 2 -4 -5 -6 6 -8 8 -10 10 11 -13 13 17 15 -17 -18 -19 -20 21 -22 26 23 24 25 -27 -28 28 -30 -31
leaf_value=4.1392905251429901e-05 0 0 1.6120466521240003e-06 0 0 -9.6424594055674861e-05 0 0 0 0 0.00019581923614141422 0 -1.9712754131627608e-05 0 0 -0.00020773655632420402 6.2241828866171385e-06 0 8.435326458987972e-05 0 4.6924235857872742e-05 0 0 0 -0.0001390486853308001 0 -4.5798799985140334e-06 0 0 9.7804383486148992e-05
leaf_weight=201 524 23 709 128 39 443 34 52 78 30 93 20 1340 36 100 54 1363 101 174 743 586 398 197 166 216 39 591 61 139 312
leaf_count=201 524 23 709 128 39 443 34 52 78 30 93 20 1340 36 100 54 1363 101 174 743 586 398 197 166 216 39 591 61 139 312
internal_value=0 -3.42307e-06 -1.8077e-05 -4.64981e-05 -6.26421e-05 -7.50448e-05 -8.53735e-05 7.40916e-07 4.21042e-05 8.37645e-05 0.0001188 0.000156517 -1.12795e-06 -5.40522e-06 -1.07074e-05 -8.21498e-05 -4.78446e-06 2.72191e-05 5.6416e-05 4.6154e-06 2.07005e-05 0 -1.85911e-05 -4.49964e-05 -7.09981e-05 -0.000114238 1.37616e-05 3.11665e-05 5.42869e-05 7.71244e-05
internal_weight=8990 5018 1376 667 539 500 477 3642 273 195 143 113 3369 3168 2857 154 2703 311 210 3972 1110 2862 1361 618 421 255 1501 910 512 373
internal_count=8990 5018 1376 667 539 500 477 3642 273 195 143 113 3369 3168 2857 154 2703 311 210 3972 1110 2862 1361 618 421 255 1501 910 512 373
is_linear=0
shrinkage=0.05


Tree=246
num_leaves=31
num_cat=0
split_feature=41 268 238 41 359 355 349 249 84 254 216 47 370 286 19 214 245 350 207 301 10 292 302 28 76 57 67 16 50 370
split_gain=5.69667e-05 0.000223184 0.000251747 0.000207471 0.00020381 0.000304216 0.000195185 0.000279858 0.000342512 0.00034828 0.00023671 0.000194193 0.0001894 0.000214296 0.000199036 0.000175818 0.000164632 0.000153409 0.000224011 0.000339171 0.000230334 0.000218021 0.000430881 0.000387329 0.000213332 0.000228654 0.000216016 0.000188603 0.000185766 0.000364104
threshold=3.4935998916625981 1.5237474277602361 2.3271771321376917 2.4936439990997319 1.4911429386168205 2.1763329824071147 4.6622330347696943 0.92703787053478315 0.12705669800440472 -0.031236964358060299 0.085182910698439168 0.65039976437886571 0.26135471740433425 0.15708151211341223 4.4708522160847997 -0.41758847579601271 -0.61722317922993331 0.94343010584513387 0.31516201903813079 0.15906440218289694 -0.013327653209368349 1.8392184972763066 0.56056484453696631 0.3675222499296068 3.3147819836934418 1.964521090189616 2.0101401011149092 0.25622916221618658 -2.5735963185628252 1.2716758450000551
decision_type=2 10 10 2 10 10 10 10 2 10 10 2 2 10 2 10 10 8 10 10 2 10 10 2 2 2 2 2 2 2
left_child=1 6 3 12 -2 11 17 8 -8 -10 -11 -6 14 15 -3 -14 -9 21 28 20 -20 24 23 -23 26 -26 -1 -24 29 -19
right_child=4 2 -4 -5 5 -7 7 16 9 10 -12 -13 13 -15 -16 -17 -18 18 19 -21 -22 22 27 -25 25 -27 -28 -29 -30 -31
leaf_value=2.4217749396603338e-06 1.0786782194159864e-06 -0.0001302371344896432 -3.3010897471477117e-05 0.00010621965118872432 0 0 0 0.00011275699088347037 0 0 -0.00017818405957835761 -0.00011891325760145872 0 0 0 7.4590500272743671e-05 -3.2401626572506428e-06 7.4614494866772954e-05 0 0 9.9872755312349864e-05 -8.7763581435662671e-05 6.9771765362033224e-05 0 0.00011490508613092758 0 -4.277760251370695e-05 -1.7247745903777597e-06 -7.6649835468665856e-06 -1.6683804114371602e-05
leaf_weight=3749 401 34 65 134 47 189 176 32 55 53 110 133 80 136 35 270 329 233 26 256 236 338 98 123 84 28 283 221 963 73
leaf_count=3749 401 34 65 134 47 189 176 32 55 53 110 133 80 136 35 270 329 233 26 256 236 338 98 123 84 28 283 221 963 73
internal_value=0 1.36947e-06 2.75094e-05 4.04787e-05 -1.28419e-05 -4.15123e-05 -6.01068e-07 -2.51397e-05 -5.46464e-05 -9.65511e-05 -0.000133432 -8.80601e-05 1.55824e-05 3.29413e-05 -3.41961e-05 5.51081e-05 0 1.41487e-06 1.44123e-05 4.23957e-05 8.23899e-05 -2.28688e-06 -2.69213e-05 -5.95631e-05 1.14391e-06 6.93253e-05 0 4.58559e-06 0 3.65013e-05
internal_weight=8990 8220 754 689 770 369 7466 755 394 218 163 180 555 486 69 350 361 6711 1787 518 262 4924 780 461 4144 112 4032 319 1269 306
internal_count=8990 8220 754 689 770 369 7466 755 394 218 163 180 555 486 69 350 361 6711 1787 518 262 4924 780 461 4144 112 4032 319 1269 306
is_linear=0
shrinkage=0.05


Tree=247
num_leaves=31
num_cat=0
split_feature=221 285 242 250 274 276 248 364 219 366 296 334 257 284 3 85 35 250 72 333 192 75 349 349 207 220 221 249 257 230
split_gain=5.49248e-05 0.000136691 0.000186961 0.000173742 0.000212627 0.000116133 0.000164933 0.000222806 0.000681986 0.000315181 0.00036647 0.000211886 0.000273862 0.000194062 0.000185121 0.000295941 0.000343691 0.000215302 0.0002189 0.000164083 0.000185422 0.000212445 0.000162216 0.000161728 0.000274464 0.000147756 0.00011858 0.00025627 0.000383792 0.000159805
threshold=2.4680787375009032 0.10387505963444711 0.093331640643714617 0.15843027636601684 1.9156582057231601 1.4508346334598639 0.72736000980876814 2.7799223665832566 1.0692538264385185 1.5956676108872057 0.15762967119614277 1.0297562143967889 -0.018997360675355995 0.30167279144128162 1.2752561569213869 4.0941565831502293 1.2739575703938806 1.2326722931772933 5.2983950773874922 2.634252978509124 1.9910143656507111 0.84778149922688806 -2.5005876024564104 2.3134495218594875 0.54577009554208933 1.742710651246324 1.2710236937649821 0.80192744304319719 -0.36132300313914473 1.1905194345840557
decision_type=10 10 10 10 10 10 8 10 10 2 10 8 10 10 2 2 2 8 2 10 10 2 10 10 10 10 10 10 10 10
left_child=5 2 -2 -4 -5 6 11 14 9 10 -9 26 23 22 17 -16 -17 18 -8 20 21 -7 -14 -13 -25 -23 27 29 -29 -1
right_child=1 -3 3 4 -6 19 7 8 -10 -11 -12 12 13 -15 15 16 -18 -19 -20 -21 -22 25 -24 24 -26 -27 -28 28 -30 -31
leaf_value=1.0193198488055509e-06 0 0 0 -0.00015235567979722195 0 0 -5.5124587755405614e-05 -0.00022791244802524693 0 0 0 2.1364739032288426e-06 0 0 0 0.00012948343295198807 0 1.0691084440460722e-05 0 0 0 0.0001093814153877492 6.643175338988638e-05 -0.00013705284060566797 0 0 2.9611064448100866e-05 3.4882012255833568e-08 -8.2985669332717051e-05 -8.538789929852321e-05
leaf_weight=4874 50 147 30 82 41 145 484 83 92 21 23 177 32 135 475 100 46 121 81 252 50 173 487 58 32 32 293 82 238 54
leaf_count=4874 50 147 30 82 41 145 484 83 92 21 23 177 32 135 475 100 46 121 81 252 50 173 487 58 32 32 293 82 238 54
internal_value=0 -1.93194e-05 -4.8228e-05 -7.83485e-05 -0.000105655 8.76706e-07 -1.67249e-07 -1.54909e-05 -6.43566e-05 -0.000143367 -0.000179022 2.67787e-06 2.50059e-05 4.38717e-05 -3.47346e-06 1.12917e-05 7.48736e-05 -2.41268e-05 -4.0432e-05 2.13324e-05 4.20352e-05 5.78219e-05 5.79646e-05 -2.48434e-06 -6.70581e-05 9.10856e-05 -1.31425e-07 -2.74523e-06 -4.60982e-05 0
internal_weight=8990 350 203 153 123 8640 7988 1526 219 127 106 6462 921 654 1307 621 146 686 565 652 400 350 519 267 90 205 5541 5248 320 4928
internal_count=8990 350 203 153 123 8640 7988 1526 219 127 106 6462 921 654 1307 621 146 686 565 652 400 350 519 267 90 205 5541 5248 320 4928
is_linear=0
shrinkage=0.05


Tree=248
num_leaves=31
num_cat=0
split_feature=228 262 218 229 227 293 218 235 244 41 23 219 10 10 370 345 40 222 254 348 214 228 91 73 57 333 203 226 278 17
split_gain=5.63037e-05 0.000252912 0.000326219 0.000311961 0.000252372 0.000222063 0.000406673 0.000334101 0.000391467 0.00022189 0.00027579 0.000239368 0.000198796 0.000301626 0.000330534 0.000311669 0.000301672 0.000371866 0.000286471 0.000238673 0.000226427 0.000332349 0.000327079 0.000465738 0.000267389 0.000257004 0.000271695 0.000181418 0.000195225 0.000178833
threshold=0.2949803538112627 0.052916800822960151 -0.91677825001509394 -0.37922466394172488 -0.69641279212224649 1.907348633034545e-06 0.63099290155229204 0.29070912463543802 0.048154656753573707 2.2364452679951992 -0.03842825853886684 0.49059455379085892 0.59825908641020453 0.73468124866485607 1.1672442026409626 2.7876774470011401 -1.0974514087041214 -2.1497391575762732 1.2780483660288424 -5.3934636910756426 -0.46819489152372828 -0.13577767270473948 -0.66688799858093251 -2.1375727653503414 0.72007600466410326 -0.86133078260999685 1.2648074757654517 -0.89069420502004915 0.091604129997529413 1.5641489823659265
decision_type=10 10 10 10 10 10 10 10 10 2 2 10 2 2 2 10 2 10 10 10 10 10 2 2 2 10 10 10 10 2
left_child=12 2 3 -2 -4 6 -3 -8 -9 10 -6 -12 18 14 16 -15 17 -14 20 -19 21 -1 -23 -24 25 -22 -27 -26 -29 -17
right_child=1 5 4 -5 9 -7 7 8 -10 -11 11 -13 13 15 -16 29 -18 19 -20 -21 24 22 23 -25 27 26 -28 28 -30 -31
leaf_value=2.4129585820931257e-06 -0.00015965188192305186 0 0 0 0 5.3302149751692558e-06 0 0 -0.00020089219291588827 0 0.00014499822493647781 0 0 1.5169972051398832e-06 0 -0.00012608925057450352 0 0 -0.00010012027826701964 -0.00021345424749018247 0 0 -0.00026166960938884355 0 -4.1444557508906104e-05 0.00012055435420968816 0 3.6023182112218674e-05 0 0
leaf_weight=1955 32 250 59 20 25 2548 49 21 82 57 189 70 21 1294 151 77 146 46 62 96 100 166 41 64 129 181 34 578 424 23
leaf_count=1955 32 250 59 20 25 2548 49 21 82 57 189 70 21 1294 151 77 146 46 62 96 100 166 41 64 129 181 34 578 424 23
internal_value=0 5.21816e-06 4.0043e-05 -2.71077e-05 6.1274e-05 0 -3.46498e-05 -9.9289e-05 -0.000150483 7.90798e-05 9.7267e-05 0.00011417 -2.93457e-06 -1.67492e-05 -5.25737e-05 -1.33822e-06 -8.23869e-05 -0.000132241 2.58592e-06 -0.000163139 5.68437e-06 -2.38173e-06 -5.54022e-05 -0.00012529 2.15584e-05 6.44839e-05 9.52803e-05 5.17784e-06 1.61732e-05 -8.81994e-05
internal_weight=8990 3402 452 52 400 2950 402 152 103 341 284 259 5588 1854 460 1394 309 163 3734 142 3672 2226 271 105 1446 315 215 1131 1002 100
internal_count=8990 3402 452 52 400 2950 402 152 103 341 284 259 5588 1854 460 1394 309 163 3734 142 3672 2226 271 105 1446 315 215 1131 1002 100
is_linear=0
shrinkage=0.05


Tree=249
num_leaves=31
num_cat=0
split_feature=58 236 322 367 341 235 219 351 38 87 246 306 204 272 341 16 221 234 28 194 63 312 207 80 292 357 219 214 227 245
split_gain=5.50069e-05 0.000182139 0.000162313 0.000165487 0.000135177 0.000316482 0.000273324 0.00038651 0.000264986 0.000367965 0.000219106 0.000306958 0.000432145 0.000263766 0.000218885 0.000264374 0.000277529 0.000297551 0.000386384 0.000126244 0.000123058 0.000214781 0.000235143 0.000222907 0.000180178 0.000324442 0.000416571 0.000159224 0.000203212 0.000184068
threshold=3.6881326039632163 1.2481469263282086 0.07295314470926921 -3.1766072103010097 1.1205688714981081 0.52208261519763943 -0.38739901916024261 1.487108111381531 1.6396992603937783 0.50247383117675792 1.3499296316816964 3.5605470644828681 -0.089749859962476294 1.7904546726712114 0.76036206881205226 1.3391846815745037 0.40044944225982249 -0.57967319392125993 0.75209176540374767 0.3929068219673959 0.9915588299433391 2.1484046329372366 0.32431114988556858 1.0532827576001489 1.8392184972763066 1.5045549933180526 -0.19237966554858807 -0.41758847579601271 -0.69641279212224649 0.31839544127738501
decision_type=2 10 10 2 8 10 8 10 2 2 10 10 10 10 10 2 10 10 2 10 2 10 10 2 10 10 10 10 8 10
left_child=4 2 -2 -4 14 6 -6 -8 9 -9 11 12 -7 -14 20 16 17 -16 -19 -5 24 22 -22 -24 27 26 -26 28 -1 -29
right_child=1 -3 3 19 5 10 7 8 -10 -11 -12 -13 13 -15 15 -17 -18 18 -20 -21 21 -23 23 -25 25 -27 -28 29 -30 -31
leaf_value=5.0870800343519745e-06 0 0 0 0 7.0409881848896243e-05 0 0 0 0 -0.00014519172550652533 0 0 0.00012891955522826429 0 0 0 0 -0.00020497112678887592 0 -0.00012020211868716514 7.8501707725037988e-07 -3.6554185254316752e-05 7.4951532552657295e-05 0 0 3.1442376327481094e-05 -7.6934130460215309e-05 3.6044094579486064e-05 -1.9259316745910641e-05 0
leaf_weight=1644 35 210 24 20 75 43 282 51 27 136 236 90 251 82 34 254 141 86 28 119 1078 137 316 258 227 105 377 610 1432 582
leaf_count=1644 35 210 24 20 75 43 282 51 27 136 236 90 251 82 34 254 141 86 28 119 1078 137 316 258 227 105 377 610 1432 582
internal_value=0 -1.78728e-05 -5.4375e-05 -7.79683e-05 9.13035e-07 1.62609e-05 -4.06275e-06 -2.54143e-05 -7.75229e-05 -0.000102067 3.99117e-05 5.97889e-05 8.04396e-05 0.000102709 -1.0762e-06 -3.19022e-05 -6.47929e-05 -0.000113489 -0.000152438 -0.00010051 6.59174e-07 1.24552e-05 1.95479e-05 4.607e-05 -2.5765e-06 -2.61089e-05 -4.4394e-05 1.61731e-07 -4.62196e-06 1.66998e-05
internal_weight=8990 408 198 163 8582 1273 571 496 214 187 702 466 376 333 7309 543 289 148 114 139 6766 1789 1652 574 4977 709 604 4268 3076 1192
internal_count=8990 408 198 163 8582 1273 571 496 214 187 702 466 376 333 7309 543 289 148 114 139 6766 1789 1652 574 4977 709 604 4268 3076 1192
is_linear=0
shrinkage=0.05


Tree=250
num_leaves=31
num_cat=0
split_feature=216 64 333 75 75 268 344 370 28 72 237 301 60 61 198 89 247 367 64 298 353 251 64 85 5 331 36 229 370 206
split_gain=5.31736e-05 0.000204595 0.00028125 0.000362201 0.000333879 0.000325305 0.000277865 0.000198126 0.000266268 0.000265524 0.000237364 0.000246501 0.000397771 0.000332714 0.000350744 0.00023526 0.000288729 0.000274551 0.000415385 0.000300409 0.000199637 0.000164546 0.000307573 0.000274333 0.000340598 0.000491176 0.000317348 0.000269489 0.000431251 0.000437986
threshold=-0.60182309655193966 -3.3090321222941079 -1.1873622399488186 -0.50449136892954505 1.2441445986429851 -1.0148639054064204 -2.3778445323308306 0.21077405902655807 -0.037730790674686397 -5.1495590209960929 -0.99917912403400477 -0.3458628356456756 -0.9243291219075519 0.17679678400357562 0.94114462292961665 -2.6369540691375728 -1.2016191079017973 -1.2981788590332834 -3.7193106015523267 -0.22339885681867591 0.019683708150605803 -0.31939938036219384 0.18667856852213541 -3.7415264447530108 -3.0022865931193037 -0.46000513899715062 0.68071893850962339 -0.28575970933862943 1.3575419748748703 1.1049219812181101
decision_type=10 2 10 2 2 10 10 2 2 2 10 10 2 2 10 2 10 2 2 10 10 10 2 2 2 10 2 10 2 10
left_child=7 2 6 -4 5 -5 -2 8 9 -1 15 -12 -13 14 -14 17 -17 -9 -19 -20 -18 23 27 24 -3 -26 -25 -23 29 -29
right_child=1 21 3 4 -6 -7 -8 10 -10 -11 11 12 13 -15 -16 16 20 18 19 -21 -22 22 -24 26 25 -27 -28 28 -30 -31
leaf_value=0 3.0595519431831485e-05 0 0 0 0 0.00014785821601886432 -5.4141024990510877e-05 1.0722133483403558e-05 0 0.00012296742719515669 0 0 -0.00010682875401063315 0 0 0 0.00010781145476375451 0 0 -0.00021468461844152003 0 0 1.230352471189647e-07 4.4308532856382956e-05 -0.00020911024584458604 0 0 -9.2146603702520654e-05 0 0
leaf_weight=36 225 36 167 46 48 174 165 212 177 101 325 154 377 143 51 205 144 226 24 56 21 365 3482 769 53 43 514 442 143 66
leaf_count=36 225 36 167 46 48 174 165 212 177 101 325 154 377 143 51 205 144 226 24 56 21 365 3482 769 53 43 514 442 143 66
internal_value=0 2.37854e-06 2.58088e-05 5.36578e-05 8.97222e-05 0.00011661 0 -6.48845e-06 2.51865e-05 7.94273e-05 -1.42014e-05 -3.06158e-05 -4.69823e-05 -6.74077e-05 -8.94682e-05 0 3.50244e-05 -1.60908e-05 -5.09991e-05 -0.00015134 8.43914e-05 -4.53263e-08 -5.54243e-06 1.38947e-05 -4.28431e-05 -0.000106694 2.36318e-05 -2.98778e-05 -4.92733e-05 -7.23397e-05
internal_weight=8990 6738 825 435 268 220 390 2252 314 137 1938 1050 725 571 428 888 370 518 306 80 165 5913 4498 1415 132 96 1283 1016 651 508
internal_count=8990 6738 825 435 268 220 390 2252 314 137 1938 1050 725 571 428 888 370 518 306 80 165 5913 4498 1415 132 96 1283 1016 651 508
is_linear=0
shrinkage=0.05


Tree=251
num_leaves=31
num_cat=0
split_feature=210 275 21 217 31 334 294 55 264 258 231 252 351 41 227 323 258 293 72 85 307 200 11 19 197 376 241 302 27 350
split_gain=5.47888e-05 0.000305889 0.000390044 0.000314217 0.000290781 0.000485387 0.000208213 0.000344711 0.000255449 0.000298759 0.000336476 0.000427392 0.000320222 0.000192809 0.00013752 0.000129785 0.000314 0.000222634 0.000281381 0.000161005 0.000212326 0.000352185 0.000127563 0.000238634 0.000162692 0.000121367 0.000212082 0.000292818 0.000264317 0.000169262
threshold=-2.05352616031761 -1.634360432641601 1.5169277191162112 -1.9307701722223334 0.52772506078084314 -1.9575956740447964 -1.2427925666173298 -1.9349596500396726 -0.99673102502557631 -1.6550207172053684 -0.41463657627577127 -1.3830464795761968 -0.28889369964599571 -0.038451949755350691 -2.3887834634711593 -2.5113410949707027 -0.33601438539706291 -1.9531134764353431 -3.0758283933003736 -3.8236225446065264 -0.36143569316980156 -1.434270101634513 -0.084997470180193532 -1.4828118483225501 -1.356969636841636 -0.12136145560263155 -0.89007695089085526 -0.5970394027580872 -2.3718279202779127 -3.4429819186528521
decision_type=8 10 2 10 2 10 8 2 10 10 10 10 10 2 10 10 10 10 2 2 10 10 2 2 10 2 10 10 2 10
left_child=1 4 3 -3 5 -1 8 13 9 -2 11 -11 -13 -8 -5 16 -9 18 -18 20 21 -17 24 -24 -21 29 27 28 -27 -10
right_child=6 2 -4 14 -6 -7 7 15 25 10 -12 12 -14 -15 -16 19 17 -19 -20 22 -22 -23 23 -25 -26 26 -28 -29 -30 -31
leaf_value=0 0 0 0 0 5.4242013795925873e-06 -0.00022435643932903592 0.00012812270257653104 0 8.4861748621761776e-05 0 0 -0.00016742235934542331 0 0 0.00015171086328221437 0 0 0 0.00018328097892626884 0 0 -0.00012771562512002988 -2.4986127593757596e-05 1.4331938047760603e-06 4.0805451176463445e-05 0 0 0 -0.00015791345401746729 0
leaf_weight=47 67 51 70 22 110 39 83 300 87 53 48 164 21 23 129 30 23 126 70 114 118 112 978 5073 421 39 441 28 81 22
leaf_count=47 67 51 70 22 110 39 83 300 87 53 48 164 21 23 129 30 23 126 70 114 118 112 978 5073 421 39 441 28 81 22
internal_value=0 1.68666e-05 5.64456e-05 9.54701e-05 -1.2563e-05 -9.36214e-05 -6.68319e-07 1.6492e-06 -2.18979e-05 -5.68861e-05 -8.12679e-05 -0.000107093 -0.000143266 9.11803e-05 0.00013187 0 2.44278e-05 7.06867e-05 0.000133181 -1.46556e-06 -4.00507e-05 -8.16797e-05 0 -2.01091e-06 2.34573e-05 0 -1.29844e-05 -6.51971e-05 -0.000106475 4.3252e-05
internal_weight=8990 468 272 202 196 86 8522 7471 1051 353 286 238 185 106 151 7365 519 219 93 6846 260 142 6586 6051 535 698 589 148 120 109
internal_count=8990 468 272 202 196 86 8522 7471 1051 353 286 238 185 106 151 7365 519 219 93 6846 260 142 6586 6051 535 698 589 148 120 109
is_linear=0
shrinkage=0.05


Tree=252
num_leaves=31
num_cat=0
split_feature=310 232 313 309 48 244 364 311 229 350 346 321 243 251 298 46 191 292 91 53 26 32 67 363 32 213 296 10 292 264
split_gain=5.21051e-05 0.000287093 0.000197312 0.000126824 0.000288187 0.000205454 0.000180344 0.000349553 0.000355395 0.000167621 0.000209302 0.000270143 0.00026346 0.000215124 0.000166572 0.000188835 0.000271094 0.000163159 0.000384009 0.000491359 0.000611573 0.000330918 0.000289863 0.000237357 0.00031788 0.000337276 0.00022471 0.000313618 0.000264922 0.000205908
threshold=4.207154328431483 2.0138682366049458 2.1435428515804023 2.1379945210490829 1.6492118040720622 0.5059337695988072 2.5456297025202841 2.2185167624691071 1.9279368179278034 15.877547899882002 3.9999193350474043 -0.61468477831682367 1.6727370861976933 1.8083117061734 0.23038105045755697 0.69979679584503185 1.49901877511349 1.5149042208989465 -0.023752550284067749 -0.13824174801508582 0.58826675017674768 0.33489048480987549 2.0101401011149092 -0.98489066807177061 0.70255786180496227 -0.94388691762033428 -0.018469330544272997 0.17025082310040793 4.7280576427777623 -0.86998670114366772
decision_type=8 8 8 10 2 10 10 10 10 10 10 10 10 10 10 2 10 10 2 2 2 2 2 10 2 10 10 2 10 10
left_child=3 2 -2 9 5 -5 -6 -8 -9 17 11 -11 13 -13 15 16 -7 18 22 20 -20 -21 -1 24 25 -19 28 -28 -25 -24
right_child=1 -3 -4 4 6 14 7 8 -10 10 -12 12 -14 -15 -16 -17 -18 23 19 21 -22 -23 29 26 -26 -27 27 -29 -30 -31
leaf_value=1.0941989264515964e-06 0 0 0.00013929446857366279 0 2.8838216895348213e-05 -0.00017114441560747739 0 -0.00018817971005423938 0 0 0 9.7463995990820334e-05 0 0 0 0 0 0 0 -6.0229723450702687e-05 0.00011948548904230665 2.9972124042124137e-05 0 0 0 -0.00010607794221610139 -6.1003813105282979e-05 0 0.00013774285981763519 -6.8333997385988291e-05
leaf_weight=4026 22 100 69 115 315 106 64 55 31 70 298 297 57 31 92 54 20 42 56 142 264 347 55 82 144 229 249 1235 57 266
leaf_count=4026 22 100 69 115 315 106 64 55 31 70 298 297 57 31 92 54 20 42 56 142 264 347 55 82 144 229 249 1235 57 266
internal_value=0 2.60549e-05 9.64498e-05 -2.46115e-07 -1.89923e-05 -5.15286e-05 0 -3.54669e-05 -0.000111097 1.13473e-06 2.38157e-05 4.56984e-05 6.49743e-05 8.34419e-05 -7.52666e-05 -0.000104265 -0.000138817 -5.44592e-07 3.44245e-06 3.53866e-05 8.36822e-05 0 -1.35302e-06 -1.30845e-05 -4.75886e-05 -7.99937e-05 -1.17888e-06 -9.81504e-06 5.50184e-05 -4.76085e-05
internal_weight=8990 191 91 8799 852 387 465 150 86 7947 753 455 385 328 272 180 126 7194 5156 809 320 489 4347 2038 415 271 1623 1484 139 321
internal_count=8990 191 91 8799 852 387 465 150 86 7947 753 455 385 328 272 180 126 7194 5156 809 320 489 4347 2038 415 271 1623 1484 139 321
is_linear=0
shrinkage=0.05


Tree=253
num_leaves=31
num_cat=0
split_feature=243 6 296 32 324 308 319 236 290 233 349 291 196 338 283 35 6 34 205 48 362 307 297 323 276 39 13 48 206 261
split_gain=5.06362e-05 0.000388174 0.00027834 0.000227816 0.000294222 0.000191312 0.000135525 0.000259669 0.000229092 0.000253868 0.0004231 0.000366789 0.000186462 0.000280538 0.000219636 0.000374544 0.000186406 0.000158288 0.000155368 0.000213023 0.000191952 0.000141655 0.000137361 0.000170218 0.000309783 0.000137249 0.000134076 0.000163903 0.000161763 0.000240082
threshold=-0.78090667474364706 -1.6594340801239011 -0.075729619711637386 0.77773519357045506 -1.5475001633167265 0.59042286599643068 -1.8700370530227028 0.13042134960420068 -5.5313524007797232 -1.4968861707759118 -2.9293775955835972 -4.8619507948557521 -1.5441024988178496 -1.8617200237887432 -0.74050781627496065 0.5689220428466798 -2.2469319502512612 0.42197221517562872 -0.20879086785233203 9.629189173380535 -2.2380852175473294 -2.0623094522536309 -0.59524436295032535 -2.8545568784077964 -1.2331591383188301 0.098835845788319915 -0.024670163790384846 -2.7195655504862462 -0.27146492856151883 -0.1658639765717195
decision_type=8 2 10 2 10 10 10 10 10 10 10 10 10 10 10 2 2 2 10 2 10 10 10 10 10 2 2 2 10 10
left_child=6 2 -2 4 -4 -6 12 8 21 -10 11 -11 22 14 -14 16 -16 -12 19 20 -9 -8 -1 24 -24 -22 -3 28 -28 -30
right_child=1 26 3 -5 5 -7 7 18 9 10 17 -13 13 -15 15 -17 -18 -19 -20 -21 25 -23 23 -25 -26 -27 27 -29 29 -31
leaf_value=0 0 2.1267666801602054e-05 0 0 -0.00015100869141471398 0 0 0 0 0 4.2183530361614515e-05 0.00013012074424099328 0 0 0 0 -0.00019720842023494882 0 0 0 -0.00022743286754328364 -9.7179321624363033e-05 0.00012717901752228172 0 0 0 -4.8123185678129501e-05 1.4266413512868543e-06 3.710360471201496e-05 -2.90845425191506e-05
leaf_weight=104 130 724 38 64 152 20 35 21 81 38 277 241 56 215 33 87 78 236 93 22 35 39 101 97 34 21 351 4992 214 361
leaf_count=104 130 724 38 64 152 20 35 21 81 38 277 241 56 215 33 87 78 236 93 22 35 39 101 97 34 21 351 4992 214 361
internal_value=0 -1.69259e-06 -4.94765e-05 -7.84066e-05 -0.000103591 -0.000131812 7.3981e-06 1.95405e-05 3.26967e-05 4.24069e-05 5.27588e-05 0.000106493 -3.57215e-06 -2.86329e-05 -6.53732e-05 -9.0849e-05 -0.000152134 1.37754e-05 -1.93051e-05 -6.81316e-05 -0.000113463 -1.42831e-05 1.65301e-05 4.33039e-05 7.98214e-05 -0.000162009 4.6179e-07 -1.23902e-06 -2.1007e-05 0
internal_weight=8990 7046 404 274 210 172 1944 1139 947 873 792 279 805 469 254 198 111 513 192 99 77 74 336 232 135 56 6642 5918 926 575
internal_count=8990 7046 404 274 210 172 1944 1139 947 873 792 279 805 469 254 198 111 513 192 99 77 74 336 232 135 56 6642 5918 926 575
is_linear=0
shrinkage=0.05


Tree=254
num_leaves=31
num_cat=0
split_feature=302 70 234 64 341 69 44 194 51 324 55 343 303 252 366 28 328 367 196 370 365 242 191 260 319 3 234 87 253 273
split_gain=5.08176e-05 0.000327045 0.000351092 0.00062233 0.000347843 0.000383232 0.00025152 0.000359973 0.000267085 0.000256707 0.000256091 0.000226502 0.000217044 0.000210525 0.000201565 0.000269643 0.00014845 0.000146531 0.000167054 0.000136342 0.000135418 0.00021367 0.000165421 0.000166471 0.000225386 0.000146593 0.000227137 0.000131452 0.000362219 0.000548428
threshold=-0.92871320750249786 0.29677870869636541 -0.17320968457918712 -6.3351068496704093 -2.1365805864334102 0.35279603799184173 -0.98440102736155166 -0.70368311840844167 -2.5332135359446206 -0.28573528925577785 -0.062153582771619149 -16.908877372741696 -0.67886876832913179 -0.89570920277077504 -0.93748821625626377 0.037321542700131709 -1.0000000180025095e-35 -1.9675442568695614 -0.8153625310445044 1.1393006587171561 -2.2533796974944154 -0.6453459571721224 0.21283331918240692 -1.135009026308756 -2.6350239493085912 -0.74660448233286525 -1.4029883273855239 0.45940436919530236 -0.58238954924570974 -0.35072005308466075
decision_type=8 2 10 2 10 2 2 10 2 10 2 10 10 10 2 2 10 2 10 2 10 10 10 10 10 2 10 2 10 10
left_child=1 12 3 -3 -5 11 7 9 -9 17 -10 -6 20 -11 -14 16 -16 -2 -19 -15 21 25 23 -22 -25 -1 -27 28 29 -8
right_child=6 2 -4 4 5 -7 27 8 10 13 -12 -13 14 19 15 -17 -18 18 -20 -21 22 -23 -24 24 -26 26 -28 -29 -30 -31
leaf_value=1.6575921444603697e-05 0 0 0 0 0 0 0 0 0.0001470246924008403 0 0 -0.00021145407037869153 0 -0.00014682479654048189 0.00014517373928227528 0 0 7.8992692429709672e-05 0 0 0 6.6220404698915994e-05 9.8998126519346279e-06 0 -6.3861217611897134e-05 -9.4477010017059675e-05 0 3.8899886618082154e-06 0 -0.00014249075936708343
leaf_weight=246 65 65 255 38 23 31 239 21 133 66 47 128 161 55 98 103 22 177 44 23 267 133 138 60 416 97 95 4313 1306 125
leaf_count=246 65 65 255 38 23 31 239 21 133 66 47 128 161 55 98 103 22 177 44 23 267 133 138 60 416 97 95 4313 1306 125
internal_value=0 -6.03682e-06 -4.08259e-05 -7.89697e-05 -0.000123072 -0.00015193 2.47304e-06 3.25646e-05 8.83346e-05 0 0.000111446 -0.000184822 1.47378e-06 -4.71721e-05 3.67359e-05 6.76912e-05 0.000118847 3.3502e-05 5.57601e-05 -0.000104138 -4.41034e-06 9.30875e-06 -1.89768e-05 -3.10694e-05 -4.87934e-05 0 -3.94432e-05 0 -1.25576e-05 -5.66605e-05
internal_weight=8990 2376 540 285 220 182 6614 631 201 430 180 151 1836 144 384 223 120 286 221 78 1452 571 881 743 476 438 192 5983 1670 364
internal_count=8990 2376 540 285 220 182 6614 631 201 430 180 151 1836 144 384 223 120 286 221 78 1452 571 881 743 476 438 192 5983 1670 364
is_linear=0
shrinkage=0.05


Tree=255
num_leaves=31
num_cat=0
split_feature=366 370 340 259 72 349 93 367 3 283 256 252 234 74 365 34 376 243 285 204 234 232 57 347 240 295 51 3 283 300
split_gain=5.05791e-05 0.000217726 0.000427238 0.000415029 0.000395799 0.000249778 0.000228224 0.000206563 0.000202646 0.000229571 0.000258333 0.000590387 0.000326806 0.000300417 0.000277407 0.000435973 0.000219208 0.000217721 0.000235658 0.000201961 0.000318689 0.000193643 0.000221135 0.000186694 0.000210245 0.00023283 0.000250815 0.000181461 0.000273815 0.000244619
threshold=0.09158148429263066 0.37366756889940372 0.39999868472417205 0.060272104687122303 5.2983950773874922 -6.9896886348724356 0.52639861901601159 -0.55855103806524131 0.99999990065892552 -0.59801935156186414 0.49431518245827211 -0.18509338281242407 -0.68020288956117503 0.34650536874930066 -0.48423400517156195 0.013419553637504552 -0.052575607906216897 1.6290024789977755 0.065723335370421312 -0.14675098831995656 -1.4498475651557936 1.4210938943738574 3.2440796295801806 -6.0573387940724679 -0.33802453187817899 -2.0850900808970128 -2.665692249933878 2.1991408665974945 -0.19373283783594755 0.83099814256032323
decision_type=2 2 10 10 2 10 2 2 2 10 10 8 8 2 10 2 2 10 10 10 10 10 2 10 10 10 2 2 10 10
left_child=8 2 3 -2 6 19 -5 -8 9 23 11 14 -13 -14 16 -16 -11 27 21 20 -3 22 -19 -1 25 26 -25 28 -10 -29
right_child=1 5 -4 4 -6 -7 7 -9 17 10 -12 12 13 -15 15 -17 -18 18 -20 -21 -22 -23 -24 24 -26 -27 -28 29 -30 -31
leaf_value=0 0 0 0 0 0 -2.6662904146258247e-06 0 -0.00023234283448550771 -1.5081803279218761e-06 0 1.7421456755897974e-05 0 0 -9.0497051122348743e-05 -2.2314302080816507e-05 6.4076312611912377e-05 -3.5928237073442792e-05 -0.00013845529068273407 9.5048317029963319e-06 0 0.00016180257560276311 0 0 0 0 0 0.00013864242196963165 -2.4154715774179171e-05 3.7241784868354355e-05 3.2286691734620371e-05
leaf_weight=146 137 34 275 20 29 1731 20 89 319 683 488 113 113 477 143 344 657 89 159 33 73 125 27 60 71 126 129 469 1487 324
leaf_count=146 137 34 275 20 29 1731 20 89 319 683 488 113 113 477 143 344 657 89 159 33 73 125 27 60 71 126 129 469 1487 324
internal_value=0 -5.84692e-06 -3.31836e-05 -7.58072e-05 -0.000131489 0 -0.000169816 -0.000198378 2.56224e-06 -4.51986e-06 -1.1018e-05 -1.84802e-05 -5.76807e-05 -7.31348e-05 -6.57646e-07 2.84448e-05 -1.49668e-05 1.26125e-05 -1.55157e-05 6.61006e-05 0.000102127 -5.27585e-05 -9.97498e-05 2.29421e-05 4.39797e-05 6.35462e-05 9.90299e-05 1.88658e-05 2.76291e-05 0
internal_weight=8990 2441 570 295 158 1871 129 109 6549 3550 3018 2530 703 590 1827 487 1340 2999 400 140 107 241 116 532 386 315 189 2599 1806 793
internal_count=8990 2441 570 295 158 1871 129 109 6549 3550 3018 2530 703 590 1827 487 1340 2999 400 140 107 241 116 532 386 315 189 2599 1806 793
is_linear=0
shrinkage=0.05


Tree=256
num_leaves=31
num_cat=0
split_feature=61 326 192 241 39 192 333 364 335 80 190 340 371 343 336 77 60 54 254 49 286 51 297 0 76 275 347 303 72 372
split_gain=5.52161e-05 0.000154547 0.000250745 0.000253804 0.000311316 0.000347457 0.000320677 0.000209661 0.000193284 0.000281742 0.000431648 0.000273544 0.00036224 0.000191889 0.000189946 0.000173329 0.000261852 0.000235447 0.000231689 0.000157021 0.000196285 0.000156882 0.000197927 0.000220817 0.000240285 0.000194761 0.000174198 0.000276235 0.000155217 0.000146409
threshold=-0.64218195279439283 0.17034522692362489 -0.54385046679926141 0.37554980225422513 -0.55699644486109412 0.27417722895900909 0.846483380855375 -0.69014075495709648 0.53472739433670313 2.1107797622680669 -0.054284176632964892 0.030801653861999453 0.8426063102222302 1.4633330007394159 1.2627255617941933 -0.73293026288350416 -0.3391920924186706 -1.0186674197514851 -1.2425824380242616 1.9878611564636233 0.024283957978089601 0.45781822999318439 0.44038952887058264 1.0774405002593996 1.0342607498168948 0.16681754752113542 -0.37488365173339833 2.0792683602618398 0.92126917839050304 -1.1178595878162454
decision_type=2 10 10 10 2 10 10 10 10 2 10 10 2 10 10 2 2 2 10 2 10 2 10 2 2 10 10 10 2 2
left_child=-1 2 15 4 5 6 -4 -6 9 10 -3 -12 -13 19 -9 29 17 -17 -19 20 -5 25 23 24 -23 -10 -27 -28 -15 -2
right_child=1 8 3 13 7 -7 -8 14 21 -11 11 12 -14 28 -16 16 -18 18 -20 -21 -22 22 -24 -25 -26 26 27 -29 -30 -31
leaf_value=-3.24677605345185e-06 0 0 0.00012962810982045426 -0.00010903187020003596 -3.8709293272929838e-05 0 0 5.3305047185111015e-05 4.240952398188298e-06 2.0995500360564456e-06 0 -0.00018463780676185283 0 0 0 0 0 0 -0.00014704089165545976 0 0 0 -7.9877207666301382e-06 0 7.6400502918305512e-05 0 -9.9602058031960584e-05 0 6.7669095673900475e-05 9.6376509016356951e-05
leaf_weight=5018 72 79 246 94 101 56 37 304 151 92 30 113 84 60 44 55 179 23 101 115 27 157 408 514 318 62 179 84 138 49
leaf_count=5018 72 79 246 94 101 56 37 304 151 92 30 113 84 60 44 55 179 23 101 115 27 157 408 514 318 62 179 84 138 49
internal_value=0 4.62979e-06 1.64802e-05 2.95722e-05 4.64888e-05 8.52597e-05 0.000108515 6.07056e-06 -2.04501e-06 -3.48383e-05 -6.22755e-05 -9.98953e-05 -0.000122342 0 3.34381e-05 -6.48244e-06 -3.18566e-05 -7.53938e-05 -0.000113783 -3.15752e-05 -7.20092e-05 2.25547e-06 1.29757e-05 2.66789e-05 5.14175e-05 -1.87011e-05 -4.47383e-05 -6.42528e-05 3.51195e-05 2.72675e-05
internal_weight=8990 3972 1701 1222 788 339 283 449 2271 398 306 227 197 434 348 479 358 179 124 236 121 1873 1397 989 475 476 325 263 198 121
internal_count=8990 3972 1701 1222 788 339 283 449 2271 398 306 227 197 434 348 479 358 179 124 236 121 1873 1397 989 475 476 325 263 198 121
is_linear=0
shrinkage=0.05


Tree=257
num_leaves=31
num_cat=0
split_feature=24 19 45 87 297 17 69 260 10 221 376 21 74 303 343 68 350 59 338 312 201 333 309 274 267 28 199 248 14 359
split_gain=5.24115e-05 0.000205928 0.000264306 0.000258788 0.000321959 0.000284874 0.000293855 0.000160101 0.000301621 0.000277007 0.00015763 0.000197768 0.000213736 0.000151954 0.000141852 0.000289842 0.000233746 0.000282767 0.000254901 0.000215884 0.000168948 0.000166885 0.000249616 0.000143172 0.000276224 0.000309167 0.000273176 0.000358051 0.00035095 0.000332767
threshold=1.0071802536646526 -1.3719270229339597 0.00066144228912885003 2.6087710857391362 0.18952038884162917 2.4414596557617192 -0.73685296376546205 0.53391317793360049 0.79622936248779286 1.9045177864170002 0.070807027223052973 0.64758237202962265 9.9896847407023106 3.3524640802678669 6.6011466979980478 0.18359231948852536 11.323755025863649 8.6631676355997751 2.3177849400103541 -0.30488318414481319 1.0261773750107939 2.2301130058561438 1.0127268686291657 0.31630005957007873 1.0088487619382109 0.035041023045778254 0.15335125329674634 -0.20736822725676082 0.012652845432360952 -1.8802890276815598
decision_type=2 2 2 2 10 2 2 10 2 10 2 2 2 10 10 2 10 2 10 10 10 10 10 10 10 2 10 10 2 10
left_child=14 -2 3 4 5 6 -3 8 -4 13 -9 -12 -13 -10 23 16 17 18 19 -16 -17 22 -22 26 25 -25 -1 -28 29 -29
right_child=1 2 7 -5 -6 -7 -8 10 9 -11 11 12 -14 -15 15 20 -18 -19 -20 -21 21 -23 -24 24 -26 -27 27 28 -30 -31
leaf_value=1.3120096240708853e-06 -4.7715133839879487e-05 0 0 0 0 0 0.00018114672142117879 0 -0.00018755752583786328 0 0 7.7534844951405332e-05 0 0 0 1.5256830006548267e-05 0 0 0 -0.00017806997367300937 0 0 -0.00010375849149283885 0 -1.2939079518192176e-05 4.8124472287853935e-05 5.292930725272987e-06 0 0 -0.00010206590375519533
leaf_weight=4232 96 53 108 24 69 23 121 297 58 24 30 267 34 20 42 548 138 46 22 112 55 133 124 428 418 746 207 34 164 317
leaf_count=4232 96 53 108 24 69 23 121 297 58 24 30 267 34 20 42 548 138 46 22 112 55 133 124 428 418 746 207 34 164 317
internal_value=0 9.83112e-06 1.91647e-05 6.08766e-05 8.04457e-05 0.000113229 0.000136401 0 -3.21659e-05 -9.75423e-05 1.70633e-05 4.17436e-05 5.96506e-05 -0.000145963 -1.27972e-06 -1.72183e-05 -5.49248e-05 -8.67309e-05 -0.000116196 -0.000139872 0 -3.07332e-05 -6.3051e-05 9.27207e-07 1.4494e-05 2.85203e-05 -2.42351e-06 -3.12406e-05 -5.563e-05 -8.38998e-05
internal_weight=8990 1224 1128 290 266 197 174 838 210 102 628 331 301 78 7766 1220 360 222 176 154 860 312 179 6546 1592 1174 4954 722 515 351
internal_count=8990 1224 1128 290 266 197 174 838 210 102 628 331 301 78 7766 1220 360 222 176 154 860 312 179 6546 1592 1174 4954 722 515 351
is_linear=0
shrinkage=0.05


Tree=258
num_leaves=31
num_cat=0
split_feature=198 198 359 214 19 3 32 353 250 334 366 39 265 232 260 232 317 69 276 307 325 307 358 343 32 373 284 308 366 279
split_gain=5.20025e-05 0.000362922 0.000194448 0.000213105 0.000235696 0.000204276 0.000165325 0.000262401 0.000246767 0.000259652 0.000231411 0.000167706 0.000170378 0.000150007 0.000144545 0.000497456 0.000338493 0.000333601 0.000243762 0.000193155 0.000559301 0.000343285 0.00033617 0.000236158 0.000168405 0.000280816 0.000319407 0.000160183 0.000146341 0.00014475
threshold=0.74930625177865628 0.50490095432054305 2.1818414709765648 -0.48919937664939778 -2.4460157553354893 2.6856042544047045 0.54034445683161436 0.96675543335352587 1.4093551820177384 -0.17992379531872163 2.2973865268429137 -1.5764527320861814 -0.58747333282853786 0.54492758691417154 0.80783193202601311 0.80594479776596606 2.3353600834543875 0.46771548191706341 1.1473635477828357 0.43968067560455448 0.17840455969174704 2.0618725301397647 1.5179504281366085 -5.0479499101638776 0.56400803724924731 -1.6555820926757712 0.30167279144128162 0.077191153537086624 -0.51278983061326111 -0.12733876577283823
decision_type=8 10 10 10 2 2 2 10 10 10 2 2 10 10 10 10 10 2 10 10 10 10 10 10 2 2 10 8 2 10
left_child=1 14 3 -3 -5 -6 7 11 9 -9 13 12 -2 -11 15 19 17 -17 -19 20 27 22 -21 -22 25 26 29 -1 -23 -16
right_child=6 2 -4 4 5 -7 -8 8 -10 10 -12 -13 -14 -15 24 16 -18 18 -20 21 23 28 -24 -25 -26 -27 -28 -29 -30 -31
leaf_value=-6.0250180243257088e-06 0 0 0 0 8.5641156979741911e-05 0 0 0 0 0 0 1.9600172895850501e-05 -0.00012630935857342376 -0.00018375223853608962 0 0 0 -0.00021883316699376689 0 -5.7913564594190498e-05 0 0 2.9585917764994747e-06 8.9223184458835978e-05 0 0 0 2.5707237875368718e-05 7.5128319212682576e-05 0.0001346220631126012
leaf_weight=3373 28 141 100 39 417 85 1739 28 55 31 23 244 47 100 32 85 36 76 22 596 85 49 135 254 353 100 59 428 90 140
leaf_count=3373 28 141 100 39 417 85 1739 28 55 31 23 244 47 100 32 85 36 76 22 596 85 49 135 254 353 100 59 428 90 140
internal_value=0 2.41509e-06 3.46751e-05 4.57309e-05 6.01737e-05 7.12437e-05 -6.29528e-06 -3.0113e-05 -6.99542e-05 -9.87897e-05 -0.000125479 0 -6.58338e-05 -0.000151394 -1.00626e-06 -4.62287e-06 -7.86303e-05 -0.000109636 -0.000175888 -3.88324e-07 3.07282e-06 -2.26035e-05 -3.98339e-05 6.49941e-05 1.93295e-05 4.52054e-05 7.72374e-05 -1.13591e-06 3.2029e-05 0.000112475
internal_weight=8990 6695 782 682 541 502 2295 556 237 182 154 319 75 131 5913 5229 219 183 98 5010 4140 870 731 339 684 331 231 3801 139 172
internal_count=8990 6695 782 682 541 502 2295 556 237 182 154 319 75 131 5913 5229 219 183 98 5010 4140 870 731 339 684 331 231 3801 139 172
is_linear=0
shrinkage=0.05


Tree=259
num_leaves=31
num_cat=0
split_feature=208 77 369 248 257 247 15 71 356 370 201 219 364 59 274 35 188 376 242 333 214 327 216 37 201 30 71 268 201 22
split_gain=4.97624e-05 0.000252191 0.000301672 0.00027383 0.00027554 0.000257064 0.00030044 0.000237849 0.000220991 0.000216446 0.000300513 0.000342559 0.000192322 0.000242626 0.000341184 0.000328174 0.000365771 0.000305541 0.000403713 0.000254505 0.000246717 0.0002104 0.000201721 0.000163211 0.000340525 0.000317336 0.000341606 0.00032058 0.00023435 0.000235062
threshold=0.14858321173250877 0.41798945764700574 118.76273355282687 0.35167369536386278 0.48569701401221571 -0.43634437380569019 0.97485828399658214 1.2326041460037234 1.6486641240210012 1.1393006587171561 1.3709392457288729 0.069372324126317705 -0.36571289421158121 -1.7646416823069251 -0.60284568265035521 0.57623982429504406 -0.18685897182333847 0.035897893970637557 -0.67928559222773865 0.80074096584475685 -0.49955263906391162 0.61487644910812389 1.3887402332331324 -0.91410342852274573 -0.52251606084722946 -1.8226432005564368 0.79078964392344175 -0.77906979706501611 -0.38775120679606684 -1.7258767286936438
decision_type=8 2 2 10 10 8 2 2 8 2 10 10 8 2 10 2 10 2 10 10 10 10 10 2 10 2 2 10 10 2
left_child=12 2 5 -3 9 -2 7 8 -7 10 11 -5 23 14 20 -16 19 18 -15 -17 -14 22 -20 24 -1 28 27 -27 -26 -30
right_child=1 3 -4 4 -6 6 -8 -9 -10 -11 -12 -13 13 17 15 16 -18 -19 21 -21 -22 -23 -24 -25 25 26 -28 -29 29 -31
leaf_value=3.808080482376353e-07 0 2.487511744671808e-05 0 0 5.6325018489457595e-07 -0.00016463253684299769 0 0 0 0 0 -0.00010295648377231742 0 -1.6952211609658056e-06 0 -0.0002145575721324392 0 0 9.0208581935354967e-05 0 8.9409437446383191e-05 0 0 7.6406122869162703e-06 -6.6073366794642134e-05 0 0 -0.00013926475330255057 8.261271634303227e-05 0
leaf_weight=972 81 910 286 75 1906 147 35 42 34 245 105 279 108 106 170 63 94 328 484 20 117 77 42 1554 130 23 56 187 89 225
leaf_count=972 81 910 286 75 1906 147 35 42 34 245 105 279 108 106 170 63 94 328 484 20 117 77 42 1554 130 23 56 187 89 225
internal_value=0 -3.8507e-06 -3.32705e-05 0 -6.82081e-06 -6.53038e-05 -8.99606e-05 -0.000112824 -0.000137712 -3.39108e-05 -5.42426e-05 -7.70479e-05 3.6043e-06 1.81443e-05 -2.31232e-07 -3.92115e-05 -8.74417e-05 3.31002e-05 5.17651e-05 -0.000165224 3.76633e-05 6.9452e-05 8.08045e-05 -2.08051e-06 -1.40343e-05 -4.08072e-05 -8.61136e-05 -0.000116004 -2.39224e-06 8.06671e-06
internal_weight=8990 4145 625 3520 2610 339 258 223 181 704 459 354 4845 1609 572 347 177 1037 709 83 225 603 526 3236 1682 710 266 210 444 314
internal_count=8990 4145 625 3520 2610 339 258 223 181 704 459 354 4845 1609 572 347 177 1037 709 83 225 603 526 3236 1682 710 266 210 444 314
is_linear=0
shrinkage=0.05


Tree=260
num_leaves=31
num_cat=0
split_feature=368 368 239 209 47 59 11 213 306 305 246 238 83 33 298 292 376 325 32 264 225 188 35 69 48 11 269 255 2 228
split_gain=4.94248e-05 0.000171112 0.000213338 0.000173211 0.0001979 0.000150132 0.000300847 0.000280983 0.000312934 0.000437995 0.000488407 0.000249592 0.000364296 0.000327982 0.000287285 0.000235432 0.000266561 0.000280444 0.000235111 0.000255219 0.000233862 0.000287177 0.000232069 0.000311165 0.0003727 0.000233477 0.000247103 0.000230293 0.000238834 0.000231849
threshold=56.139556870007539 46.470376805938166 0.45585419975700486 -1.0712842867512504 0.14385223388671872 -3.1971394220987954 0.0073030572384595012 -0.21707557252937701 0.62887199816693529 -1.097468406331185 0.48610260798269156 -0.93096084180113181 0.00066135998349630017 -0.31870304544766731 -0.046092063188552794 0.7759896516799929 0.058176807564115356 -0.91199719905853249 0.073145255446434007 -2.3690824942468747 -1.3550726481584945 -1.6714819027825831 1.1048850218455 0.27635018030802411 1.200505574544271 0.077023718506097766 0.5396584137895174 -0.062345124520000787 0.1173774500687917 -0.56588479926686186
decision_type=2 2 10 10 2 2 2 10 10 10 10 10 2 2 10 10 2 10 2 10 10 10 2 2 2 2 10 10 2 10
left_child=1 -1 3 -3 -5 11 15 8 9 -8 -11 18 13 14 -13 16 17 -7 19 -2 21 -21 23 24 -9 26 -24 28 29 -17
right_child=5 2 -4 4 -6 6 7 22 -10 10 -12 12 -14 -15 -16 27 -18 -19 -20 20 -22 -23 25 -25 -26 -27 -28 -29 -30 -31
leaf_value=0 0 0 0 0 0.00010789058071037325 0 0 0 0 -0.00016607079103638707 0 -0.00018808215197681159 0 -1.0982567879012229e-05 0 0 -8.2800083723060447e-06 6.9297156737188276e-05 -1.7479176894519171e-05 0 0 0.00017954107585275357 0 0 7.7981862684354194e-05 0 -0.00012275885233480437 2.133614248691986e-05 0 -0.00016719332638596838
leaf_weight=4055 45 106 144 37 168 57 46 140 155 142 58 98 304 260 58 27 50 539 352 22 74 75 27 726 321 561 102 159 22 60
leaf_count=4055 45 106 144 37 168 57 46 140 155 142 58 98 304 260 58 27 50 539 352 22 74 75 27 726 321 561 102 159 22 60
internal_value=0 3.8785e-06 3.30007e-05 5.7511e-05 8.44288e-05 -3.52658e-06 8.46278e-07 -7.20471e-06 -4.52344e-05 -8.07081e-05 -0.000116118 -1.82446e-05 -3.82353e-05 -6.86933e-05 -0.000132779 2.63806e-05 4.35382e-05 5.62739e-05 0 4.71396e-05 8.08435e-05 0.00013243 0 1.43074e-05 4.70541e-05 -2.21039e-05 -8.44567e-05 0 -6.79208e-05 -0.000112399
internal_weight=8990 4510 455 311 205 4480 3192 2278 401 246 200 1288 720 416 156 914 646 596 568 216 171 97 1877 1187 461 690 129 268 109 87
internal_count=8990 4510 455 311 205 4480 3192 2278 401 246 200 1288 720 416 156 914 646 596 568 216 171 97 1877 1187 461 690 129 268 109 87
is_linear=0
shrinkage=0.05


Tree=261
num_leaves=31
num_cat=0
split_feature=249 279 279 357 333 337 329 320 255 346 87 320 213 222 252 34 290 313 47 360 277 239 367 10 75 68 322 290 366 265
split_gain=5.02784e-05 0.000222415 0.000168194 0.000245814 0.000230745 0.0002345 0.000339253 0.00024578 0.000204423 0.000230564 0.000202739 0.000307204 0.000178282 0.000305678 0.00025425 0.000271937 0.000163152 0.000167859 0.000156393 0.000132627 0.000156001 0.00037008 0.00054431 0.000112656 9.75886e-05 9.68734e-05 9.11844e-05 0.000147061 0.000131305 0.000155745
threshold=-1.5804914792231102 -1.4909508288668463 -0.97068609945810846 -2.3192171012011595 -1.4935181475239521 -0.11097896969317418 -1.0000000180025095e-35 -1.0413586946590387 -0.89579151134312152 -7.7676627635955802 1.013209899266561 -1.7239130053270058 -1.6613525242204883 -0.31582510060585084 -1.2714023280635753 -0.27149805923302955 -2.9344872633616128 -0.59670018289009208 -0.064127964278062138 -3.5435920352058852 -1.9375673648661988 -2.0714794128041558 -1.3293219656410546 -0.080351610978444329 0.00066132261417800001 0.65277739365895593 -0.34463979800542183 -2.6822090148925776e-07 0.069243917300101265 -1.8117729137922494
decision_type=10 10 10 10 10 10 10 10 10 10 2 10 10 10 10 2 10 10 2 8 8 10 2 2 2 2 10 10 2 8
left_child=19 16 12 8 10 7 -7 -6 -4 -10 11 -5 -3 14 -14 -16 -2 23 -11 24 21 -21 -23 -18 25 -1 -22 28 29 -28
right_child=1 2 3 4 5 6 -8 -9 9 18 -12 -13 13 -15 15 -17 17 -19 -20 20 26 22 -24 -25 -26 -27 27 -29 -30 -31
leaf_value=0.00011820956254898848 0 0 0 0 -1.4780248398549409e-06 -3.9609029893973547e-05 9.6227610799581251e-07 3.1576291050110916e-05 0 0 3.6908830929126926e-06 -6.8700292816654458e-05 0 0 0 -0.00012614903901263385 0 0 9.2387055749983062e-05 0 9.7786855582964704e-06 0 -0.00023683424123787679 0.00012392893968937293 0 0 0 0 0 -0.00012186057578256926
leaf_weight=37 109 101 142 178 566 563 4044 1192 27 22 96 386 102 103 60 184 36 55 247 49 207 34 55 109 28 25 28 98 20 87
leaf_count=37 109 101 142 178 566 563 4044 1192 27 22 96 386 102 103 60 184 36 55 247 49 207 34 55 109 28 25 28 98 20 87
internal_value=0 1.11762e-06 0 1.4716e-06 -9.09688e-08 2.10414e-06 -2.91122e-06 1.80908e-05 3.79406e-05 6.20949e-05 -2.88322e-05 -4.32314e-05 -2.71109e-05 -4.35056e-05 -6.82938e-05 -9.60048e-05 4.2808e-05 6.97792e-05 7.99039e-05 -1.3137e-05 -2.67804e-05 -7.63301e-05 -0.000139335 9.80147e-05 1.89226e-05 6.66948e-05 0 -2.98831e-05 -6.52848e-05 -8.86266e-05
internal_weight=8990 8322 8013 7463 7025 6365 4607 1758 438 296 660 564 550 449 346 244 309 200 269 668 578 138 89 145 90 62 440 233 135 115
internal_count=8990 8322 8013 7463 7025 6365 4607 1758 438 296 660 564 550 449 346 244 309 200 269 668 578 138 89 145 90 62 440 233 135 115
is_linear=0
shrinkage=0.05


Tree=262
num_leaves=31
num_cat=0
split_feature=210 298 348 218 282 61 15 350 69 275 333 41 334 79 73 350 350 324 351 257 228 63 283 84 369 191 287 339 3 353
split_gain=4.86862e-05 0.000361709 0.000227075 0.000172726 0.000168269 0.000140193 0.000161643 0.00017729 0.000141516 0.000189621 0.000199619 0.00013953 0.00025478 0.000205966 0.000284747 0.000590126 0.000295991 0.000212427 0.000225723 0.000275416 0.000215261 0.000283413 0.000212232 0.000177252 0.000175943 0.000169212 0.000128309 0.000288487 0.000263089 0.000223935
threshold=-0.52327245578933057 0.037328020359078957 3.1163606643676762 1.2216713843592926 -0.47442571322123211 -1.767656087875366 1.0000000180025095e-35 17.254588445027672 2.6823901136716217 -1.1565133454487 -1.8730214108370407 -1.4417374134063714 -0.48039218053989358 -3.7384929656982417 -7.5944658915201808 -15.11940590540568 1.3266832033793141 -0.20779891808827722 -0.79065895080566395 -0.60627256479020841 0.020339250360481252 -0.81882786750793446 -0.41223376989364613 0.00066125489926585005 2.3337999496182305e-05 -1.3039147520895564 -0.026815687616666046 -0.88143994463851827 -0.41434367497762031 0.17960215005804406
decision_type=8 10 10 10 10 2 2 10 2 10 10 2 8 2 2 10 10 10 10 10 10 2 10 2 2 10 8 8 2 10
left_child=1 11 3 4 -3 6 -2 8 9 -8 -11 12 -1 14 -13 -16 -17 18 19 -15 21 -19 -20 -14 -25 -26 -7 28 -28 -30
right_child=5 2 -4 -5 -6 26 7 -9 -10 10 -12 13 23 17 15 16 -18 20 22 -21 -22 -23 -24 24 25 -27 27 -29 29 -31
leaf_value=0 0 0 0 0 0.00014003487467872391 2.9461924263560013e-05 0 0 0 0 -9.1846878136833893e-05 0 0 5.3188789389379289e-05 0 -0.0001804999968837535 0 0 0 -7.4085308425788374e-05 9.7576982677987791e-07 -0.00010118609941850272 0.00010352290700800331 0 0 0.00015318300365430379 0 1.3436928923864281e-06 -8.2495327772617074e-05 0
leaf_weight=1075 266 23 47 24 123 358 59 52 82 54 303 217 76 84 101 111 32 86 39 82 109 138 136 27 31 90 150 4693 285 37
leaf_count=1075 266 23 47 24 123 358 59 52 82 54 303 217 76 84 101 111 32 86 39 82 109 138 136 27 31 90 150 4693 285 37
internal_value=0 5.81083e-06 6.76577e-05 9.5811e-05 0.000116805 -2.25376e-06 -2.16544e-05 -3.78189e-05 -4.96932e-05 -6.16953e-05 -7.59124e-05 0 1.14808e-05 -1.25082e-05 -3.87539e-05 -7.58503e-05 -0.000141858 0 3.26533e-05 0 -2.24159e-05 -5.61052e-05 7.28e-05 6.00529e-05 9.1919e-05 0.000118174 0 -1.38718e-06 -3.91252e-05 -6.54648e-05
internal_weight=8990 2651 217 170 146 6339 816 550 498 416 357 2434 1299 1135 461 244 143 674 341 166 333 224 175 224 148 121 5523 5165 472 322
internal_count=8990 2651 217 170 146 6339 816 550 498 416 357 2434 1299 1135 461 244 143 674 341 166 333 224 175 224 148 121 5523 5165 472 322
is_linear=0
shrinkage=0.05


Tree=263
num_leaves=31
num_cat=0
split_feature=251 354 15 52 332 317 320 50 358 233 248 370 270 354 275 61 50 188 64 257 276 345 313 243 275 210 333 238 198 204
split_gain=4.94373e-05 0.000211372 0.000187269 0.000166769 0.000244354 0.0002621 0.000161548 0.000153448 0.000150355 0.000170951 0.000281602 0.000248207 0.000164559 0.000142078 0.000252569 0.0001366 0.00024907 0.00032894 0.000240326 0.000229142 0.000231269 0.000136278 0.000135404 0.000284378 0.000282927 0.000213852 0.000219999 0.000156695 0.000134249 0.000164963
threshold=1.6742480018749757 2.4640514093616255 1.1696538130442304 0.58082836866378795 1.1943868226558456 3.0360120160404809 3.7460403810399132 11.254313786824545 1.9853365956031441 0.89656646525290995 0.20808597992671909 0.66765042504295657 0.60629209425226416 0.85819333923066476 1.3617327794183367 0.083281179269154806 1.165249824523926 -0.0093159464917455977 -1.9847730000813797 -0.77431848810455328 0.27483535700121492 2.7876774470011401 1.3778248201133469 0.88035090079801726 0.10044716349814926 1.06641635981589 2.3533858971557113 -2.3220423156799246 0.31720273826224826 1.0331944621565834
decision_type=8 8 2 2 10 10 10 2 10 10 10 2 10 10 10 2 2 10 2 10 10 10 10 10 10 10 10 10 10 10
left_child=1 8 3 -3 -5 6 -6 -2 15 10 21 -11 -12 -13 -15 22 19 18 -18 -17 -21 -10 23 27 -25 26 -24 -1 -9 -30
right_child=7 2 -4 4 5 -7 -8 28 9 11 12 13 -14 14 -16 16 17 -19 -20 20 -22 -23 25 24 -26 -27 -28 -29 29 -31
leaf_value=4.2202781470902095e-05 0 0 0 0 0.00016540494521892339 0 0 0 0 0 0 0 9.0691354806878447e-05 -0.00017123241017583362 0 0 0 5.976624732157261e-06 -0.00012804690816159732 6.6008738939482935e-05 0 -0.00011964386484882779 7.8697342368334226e-05 0 -8.0558672094021763e-05 0 0 -3.7199514749141026e-06 0 -0.00016420665645311281
leaf_weight=186 442 136 172 94 113 87 35 29 23 136 67 38 88 82 55 130 20 780 85 480 209 51 212 114 239 124 37 4652 28 46
leaf_count=186 442 136 172 94 113 87 35 29 23 136 67 38 88 82 55 130 20 780 85 480 209 51 212 114 239 124 37 4652 28 46
internal_value=0 1.20248e-06 2.90912e-05 4.6539e-05 6.57859e-05 9.30407e-05 0.000134782 -1.42945e-05 -4.32747e-07 -2.62692e-05 0 -5.07128e-05 4.49385e-05 -9.00726e-05 -0.000113809 7.99252e-07 1.36641e-05 0 -8.69443e-05 3.38914e-05 4.68682e-05 -7.26206e-05 -2.24222e-06 -5.147e-06 -4.8901e-05 2.47725e-05 5.53662e-05 -9.20123e-07 -6.92905e-05 -0.000105875
internal_weight=8990 8445 637 465 329 235 148 545 7808 540 229 311 155 175 137 7268 1704 885 105 819 689 74 5564 5191 353 373 249 4838 103 74
internal_count=8990 8445 637 465 329 235 148 545 7808 540 229 311 155 175 137 7268 1704 885 105 819 689 74 5564 5191 353 373 249 4838 103 74
is_linear=0
shrinkage=0.05


Tree=264
num_leaves=31
num_cat=0
split_feature=363 2 32 286 92 338 330 326 199 2 349 361 330 243 297 28 237 61 276 376 259 15 226 348 353 317 53 207 259 202
split_gain=4.93657e-05 0.000156852 0.000387018 0.000279913 0.000165479 0.000298804 0.000135395 0.000213359 0.00025438 0.000234336 0.000209996 0.000198771 0.000107039 0.000246351 0.000320124 0.000194727 0.000209202 0.000129618 0.00020961 0.000240325 0.000279054 0.000173478 0.000169439 0.000211482 0.000205543 0.000165053 0.000100008 9.24667e-05 0.000232859 0.000200327
threshold=-1.711918467875478 -0.30682458480199171 0.54034370183944713 -0.049655569096406192 0.61210328340530407 -1.5825249853936332 -1.6165294249852495 -2.5813739498456303 0.67421549568714323 -2.0317197640736899 0.51743769645690929 -1.9996841833550809 -0.94067132472991954 -0.74227653885148481 0.0012776056925455502 0.30036931236584985 -0.97921324747828176 -3.2145083745320631 -0.27071998132700997 -0.0089028063024936977 -0.85264607860355235 -0.088219712177912343 -0.29550154497574671 -2.9315572778383889 0.49297237483505174 -0.67127650433922226 -0.53818720579147328 -1.9386731689500356 -1.9277763574618845 -2.4386247949065107
decision_type=8 2 2 10 2 10 8 10 10 2 10 10 8 10 10 2 10 2 8 2 10 2 8 10 10 10 2 10 10 10
left_child=1 27 3 -3 5 -5 7 -2 9 -9 11 -11 13 -8 15 16 -15 21 19 20 -19 -14 23 -20 -24 -21 -23 28 -1 -30
right_child=6 2 -4 4 -6 -7 12 8 -10 10 -12 -13 17 14 -16 -17 -18 18 22 25 -22 26 24 -25 -26 -27 -28 -29 29 -31
leaf_value=1.103486049884195e-06 0 0 0 0 0 -0.00021748382740317931 0 0 0 0 0 0.00015197680938862674 0 0 0 0 -0.00015195288401381445 0 0 -3.6536379956109094e-05 5.4288055893098871e-05 -0.00012256361710360767 1.7983080534082391e-05 -5.7283112548656376e-05 -5.037586048519238e-06 1.5841120284118992e-05 0 6.5452297304399918e-06 0 -0.00010027324924644578
leaf_weight=36 306 60 187 35 28 70 117 46 21 26 23 136 98 23 34 36 116 268 175 240 642 63 1382 289 2893 367 36 1078 33 126
leaf_count=36 306 60 187 35 28 70 117 46 21 26 23 136 98 23 34 36 116 268 175 240 642 63 1382 289 2893 367 36 1078 33 126
internal_value=0 -7.60116e-06 -3.5818e-05 -8.68097e-05 -0.000127242 -0.000156334 1.9501e-06 2.56221e-05 5.97425e-05 8.1519e-05 0.00010706 0.000127776 0 -2.79473e-05 -6.45248e-05 -9.76857e-05 -0.000124547 1.41358e-06 3.4107e-06 1.97863e-05 3.62322e-05 -3.66094e-05 -7.76558e-07 -3.00805e-05 1.2351e-06 0 -8.39163e-05 0 -3.07918e-05 -6.94363e-05
internal_weight=8990 1653 380 193 133 105 7337 558 252 231 185 162 6779 326 209 175 139 6453 6256 1517 910 197 4739 464 4275 607 99 1273 195 159
internal_count=8990 1653 380 193 133 105 7337 558 252 231 185 162 6779 326 209 175 139 6453 6256 1517 910 197 4739 464 4275 607 99 1273 195 159
is_linear=0
shrinkage=0.05


Tree=265
num_leaves=31
num_cat=0
split_feature=273 296 334 301 215 62 339 296 359 8 336 7 235 252 252 232 76 42 268 18 224 213 200 10 310 245 253 270 247 314
split_gain=4.81409e-05 0.000191555 0.000380434 0.000311692 0.000312695 0.00021475 0.000164871 0.000211891 0.000287743 0.000296664 0.000215688 0.000337507 0.000146786 0.000141131 0.000232278 0.000184614 0.000221906 0.000371867 0.000281814 0.000180202 0.000274959 0.000262793 0.00017731 0.000171647 0.000208561 0.000150678 0.000143078 0.00027933 0.000206168 0.000109819
threshold=1.6025379188128555 0.045234163602193102 0.84743841140721043 0.61274604002634703 0.21523450722947504 4.0094642639160165 1.5910872525810753 0.041450953731934102 2.4599170318474091 4.9242970148722343 2.1294182973080962 2.0537702242533373 0.44391136223284283 0.94651445228180919 1.2980247865360901 0.85565134533013987 4.7784565289815282 0.014566371217370002 1.6195352560973115 2.5790182749430346 0.05874743292486851 1.560405460824263 0.32252738487802762 0.18272364139556882 -0.34063677632937756 0.23432866298398478 0.17229978254178768 0.18691708844552204 0.21939899104532032 -0.21893723456399597
decision_type=10 10 10 10 10 2 10 10 10 2 10 2 10 10 10 10 2 2 10 2 10 10 10 2 10 10 8 10 8 10
left_child=6 2 29 4 -4 12 13 8 9 10 11 -8 -6 15 23 16 26 22 -19 20 -17 -22 -18 -15 -25 -26 27 -1 -28 -2
right_child=1 -3 3 -5 5 -7 7 -9 -10 -11 -12 -13 -14 14 -16 19 17 18 -20 -21 21 -23 -24 24 25 -27 28 -29 -30 -31
leaf_value=0 3.3733694373599428e-05 -5.5049546142706377e-06 0 0 0 0 -2.3541171335653195e-05 0 0 0 0 -0.00017709089957686051 0.00021181783252019403 0 0 0 -4.5242573299441162e-05 0.00017581869656994219 0 0 -0.00011021646785604286 0 6.3306031333419929e-05 0 0 0.00011555469239601951 -4.6554200467792216e-05 4.620892980932715e-05 0 -3.4528602731761059e-05
leaf_weight=4135 86 336 38 37 36 24 197 551 154 39 104 117 89 51 481 63 89 71 20 165 185 63 65 28 23 170 383 347 695 148
leaf_count=4135 86 336 38 37 36 24 197 551 154 39 104 117 89 51 481 63 89 71 20 165 185 63 65 28 23 170 383 347 695 148
internal_value=0 1.19311e-05 3.56357e-05 8.27038e-05 0.000111164 0.000144048 -9.44465e-07 -1.87349e-05 -3.91703e-05 -6.02078e-05 -7.57429e-05 -9.67122e-05 0.000170359 1.28387e-06 2.19673e-05 -4.00033e-07 1.23748e-06 4.79551e-05 0.000128032 -3.08682e-05 -5.39102e-05 -8.00934e-05 0 5.89043e-05 7.88092e-05 9.90538e-05 0 3.09104e-06 -1.70898e-05 0
internal_weight=8990 794 458 224 187 149 8196 1162 611 457 418 314 125 7034 753 6281 5805 245 91 476 311 248 154 272 221 193 5560 4482 1078 234
internal_count=8990 794 458 224 187 149 8196 1162 611 457 418 314 125 7034 753 6281 5805 245 91 476 311 248 154 272 221 193 5560 4482 1078 234
is_linear=0
shrinkage=0.05


Tree=266
num_leaves=31
num_cat=0
split_feature=221 341 54 250 340 269 377 65 259 252 301 211 305 61 323 277 207 273 351 258 293 34 80 321 236 376 309 363 237 237
split_gain=4.80578e-05 0.000113343 0.000165089 0.000182909 0.00023121 0.000112409 0.000102746 0.000161075 0.000227362 0.00014091 0.000257337 0.000251938 0.000236216 0.000126706 9.34947e-05 0.000316437 0.000346642 0.000152715 0.000138638 0.00038681 0.000167617 9.08336e-05 4.5114e-05 2.93756e-05 2.5631e-05 3.00052e-05 7.39019e-06 3.98677e-06 6.37076e-07 4.64315e-06
threshold=2.4680787375009032 2.3870820204416918 0.00066151519422415011 0.14354275275141062 2.2644308805465703 0.46720873451612133 1.9022079381750641 13.866567437847458 1.7040431489340297 1.164379309966747 0.29051311810811359 -0.039789615189126638 3.2618762996502348 7.2204306920369481 -2.8545568784077964 -0.69694943508442508 0.25117065327471882 -2.2451525405496757 -0.88396652539571119 -0.53251322748057406 -1.8727381726106003 1.1675936778386435 2.1701322396596274 3.0262848112556875 1.2481469263282086 0.047331925069215006 1.8031730079532269 2.6376384517478981 1.8220099296672594 0.35233147070209142
decision_type=8 8 2 8 10 8 2 2 10 10 10 10 10 2 10 10 10 10 10 10 10 2 2 8 10 2 10 10 10 10
left_child=6 2 -2 -4 5 -5 7 13 -9 10 11 -8 21 14 15 17 -17 -1 19 -16 -20 -13 -7 26 27 -26 -3 -11 29 -12
right_child=1 23 3 4 -6 22 9 8 -10 24 28 12 -14 -15 18 16 -18 -19 20 -21 -22 -23 -24 -25 25 -27 -28 -29 -30 -31
leaf_value=-5.3761458675800902e-05 0 0 0 0 0 -0.00019795429158864626 0 -0.00013514289247348253 0 -5.9238653431394921e-05 0 0.00019379294146886991 0 8.4924641227758773e-05 -5.9821426857857622e-05 7.3629474638674849e-05 -1.7357577135532737e-05 4.1532591831583591e-06 3.1890600332492561e-05 0 -1.8384020426122456e-06 0 0 0 0 3.6245150354078393e-05 4.9774297686435548e-05 0 0 -1.520470919378261e-05
leaf_weight=128 124 22 34 21 22 57 53 53 20 21 20 72 28 44 377 340 39 669 393 453 5697 21 31 22 30 57 37 20 28 57
leaf_count=128 124 22 34 21 22 57 53 53 20 21 20 72 28 44 377 340 39 669 393 453 5697 21 31 22 30 57 37 20 28 57
internal_value=0 -1.74215e-05 -3.69958e-05 -6.99749e-05 -9.82564e-05 -0.000129997 9.52192e-07 0 -7.41014e-05 2.54982e-05 4.70161e-05 8.50819e-05 0.000124932 3.98579e-07 0 1.29707e-05 5.10754e-05 0 -2.27677e-06 -2.14651e-05 0 0.000163234 -0.000155297 0 0 0 3.52509e-05 -3.9485e-05 0 -4.54505e-06
internal_weight=8990 370 289 165 131 109 8620 8213 73 407 279 174 121 8140 8096 1176 379 797 6920 830 6090 93 88 81 128 87 59 41 105 77
internal_count=8990 370 289 165 131 109 8620 8213 73 407 279 174 121 8140 8096 1176 379 797 6920 830 6090 93 88 81 128 87 59 41 105 77
is_linear=0
shrinkage=0.05


Tree=267
num_leaves=31
num_cat=0
split_feature=362 19 359 203 316 344 250 15 191 292 69 279 263 364 276 292 69 239 207 218 226 73 242 292 61 221 191 244 12 280
split_gain=4.8264e-05 0.000184762 0.000233696 0.000223502 0.000367801 0.000189593 0.000149233 0.000149051 0.000144998 9.72282e-05 0.000380426 0.000417908 0.000306052 0.000133907 0.000431866 0.000337929 0.000313745 0.000465159 0.000236648 0.000250812 0.000229932 0.000350912 0.000197318 0.000136777 0.000225249 0.000155132 0.000131084 0.000155095 0.000114134 8.94071e-05
threshold=-4.208770731499901 -9.237027168273924 -2.6167508582947745 -1.7068958465682285 -0.46582058889536077 -4.6289749791224786 -1.1504512084267067 0.55572328964869189 -1.4217185702462778 -12.301895459492998 -0.79905851682027162 -0.87657655519341959 -1.4186174098250974 -0.15912379310553243 -0.27071998132700997 3.7392906347910571 -0.2172412772973378 -0.21609103625920881 -0.73137505456349783 0.23356944646917335 -0.19252689221370903 -0.057290077209472594 -0.4042189181215079 -7.2469102541605617 -2.6625361442565918 -0.34009766645876088 0.15073425143448213 -0.12280598068929009 -0.027285950879255848 0.091394998599312452
decision_type=10 2 10 10 10 10 10 2 10 10 2 10 10 10 10 10 2 10 10 10 10 2 10 10 2 10 10 10 2 10
left_child=6 2 -2 -4 5 -5 -1 8 -8 10 11 -3 -13 15 18 23 17 -17 -15 -20 22 -22 -16 24 -11 -25 -12 -28 -14 -10
right_child=1 9 3 4 -6 -7 7 -9 29 13 26 12 28 14 20 16 -18 -19 19 -21 21 -23 -24 25 -26 -27 27 -29 -30 -31
leaf_value=0 0 0 0 0 0 -0.00018888951221292157 0 0 0.00011527936752874057 2.7691585147750751e-06 0 0 0 0 0 0 0 -0.0002124053250720466 7.8669442100684283e-05 0 5.192412633686025e-05 -1.627198719655559e-06 -6.1289597658996311e-05 -9.2628052055810195e-06 -4.7437576320805315e-05 1.5478773334263305e-05 -0.00016431769924122322 0 0.00019882409387065645 0
leaf_weight=143 69 107 41 20 56 84 35 36 109 141 58 21 25 144 94 74 128 67 385 180 326 3406 282 1185 406 1207 28 29 82 22
leaf_count=143 69 107 41 20 56 84 35 36 109 141 58 21 25 144 94 74 128 67 385 180 326 3406 282 1185 406 1207 28 29 82 22
internal_value=0 -5.39615e-07 -4.14537e-05 -7.22028e-05 -0.000100192 -0.000155792 1.85025e-05 4.93012e-05 7.21166e-05 1.82879e-07 2.6316e-05 6.99474e-05 0.000130902 -3.3415e-07 4.26253e-06 -8.79481e-06 -6.3352e-05 -0.000114949 4.05276e-05 5.57491e-05 -7.80191e-07 1.71219e-06 -3.88066e-05 -2.09812e-06 -2.53586e-05 1.13167e-06 -1.93868e-05 -8.06031e-05 0.000166251 9.67176e-05
internal_weight=8990 8645 270 201 160 104 345 202 166 8375 350 235 128 8025 4817 3208 269 141 709 565 4108 3732 376 2939 547 2392 115 57 107 131
internal_count=8990 8645 270 201 160 104 345 202 166 8375 350 235 128 8025 4817 3208 269 141 709 565 4108 3732 376 2939 547 2392 115 57 107 131
is_linear=0
shrinkage=0.05


Tree=268
num_leaves=31
num_cat=0
split_feature=243 311 2 237 205 92 369 0 323 342 364 30 273 343 58 80 357 369 78 45 323 5 373 55 233 260 368 217 70 234
split_gain=4.98605e-05 0.000197463 0.000334355 0.000237524 0.000243316 0.000216141 0.000357843 0.000196998 0.000208335 0.00029238 0.000244016 0.00025808 0.000219764 0.000250852 0.000219645 0.000241076 0.00025747 0.000285269 0.000216832 0.000462489 0.000216625 0.000181499 0.00017934 0.00019214 0.00017731 0.000237981 0.000320502 0.000230988 0.000195208 0.000196507
threshold=-0.59927267842897602 0.076369919736420114 -0.0061172942320505486 -1.0733301723602418 0.45500644314288557 0.43206888437271124 85.231685196364609 -0.70335753758748354 -1.1248188614845278 -5.2452087401233519e-06 0.48920997358284096 -1.4234080314636228 0.058420668430651808 0.62160181999206576 2.1049201488494877 0.61781581242879247 -1.7727799428555435 307.22103333706167 0.42060617605845141 0.00066141314649330004 1.073236187299093 -0.96343612670898426 -0.91946139847482911 -0.46438648303349811 -0.26465130536178932 -0.54525028011471155 50.956245574246886 -1.1005925525714697 -1.4840203921000159 0.80325010336073388
decision_type=8 10 2 10 10 2 2 2 10 10 10 2 10 10 2 2 10 2 2 2 10 2 2 2 10 10 2 10 2 10
left_child=1 2 24 -4 -5 6 -3 22 14 18 11 21 13 -12 15 16 -9 -18 -10 20 -20 -11 -2 -24 25 -1 -27 -28 -26 -30
right_child=7 5 3 4 -6 -7 -8 8 9 10 12 -13 -14 -15 -16 -17 17 -19 19 -21 -22 -23 23 -25 28 26 27 -29 29 -31
leaf_value=1.021314730383479e-05 0 0 0 -0.00012413182632937519 0 0 0.00014823256747115013 0 0 3.7662972671368782e-05 0 4.0658545737023053e-05 0 -6.3069928987215037e-05 0 0 0.00012404105764284056 0 -0.00014235184754832919 0 0 -3.1535672777834815e-05 0 -6.7883337839625701e-05 0 0 0 -0.00012090721949751637 9.8467628815341191e-05 0
leaf_weight=1389 449 101 58 125 32 99 92 67 391 122 83 750 2528 306 144 194 196 36 146 221 39 282 274 314 74 120 49 125 158 26
leaf_count=1389 449 101 58 125 32 99 92 67 391 122 83 750 2528 306 144 194 196 36 146 221 39 282 274 314 74 120 49 125 158 26
internal_value=0 6.23231e-06 0 -5.80775e-05 -9.16411e-05 4.4895e-05 7.64671e-05 -2.12576e-06 7.78745e-07 -1.78989e-06 2.51896e-06 2.2702e-05 -3.75218e-06 -3.89558e-05 2.82537e-05 4.6314e-05 7.45068e-05 9.96343e-05 -3.00694e-05 -5.57635e-05 -0.000114318 0 -2.23643e-05 -4.05511e-05 7.54004e-06 0 -3.91189e-05 -8.47781e-05 4.63144e-05 7.52201e-05
internal_weight=8990 2448 2156 215 157 292 193 6542 5505 4868 4071 1154 2917 389 637 493 299 232 797 406 185 404 1037 588 1941 1683 294 174 258 184
internal_count=8990 2448 2156 215 157 292 193 6542 5505 4868 4071 1154 2917 389 637 493 299 232 797 406 185 404 1037 588 1941 1683 294 174 258 184
is_linear=0
shrinkage=0.05


Tree=269
num_leaves=31
num_cat=0
split_feature=255 59 204 15 249 320 364 357 191 245 64 61 372 339 58 245 4 48 298 21 337 362 234 300 234 2 325 276 32 76
split_gain=4.86995e-05 0.000290654 0.000580581 0.000461483 0.000350846 0.000347757 0.000332101 0.000206917 0.00017444 0.000165469 0.000284334 0.000355539 0.000466504 0.000357497 0.000341806 0.000115895 0.000290931 0.00033457 0.000407225 0.000258717 0.000114108 0.00019628 0.00027755 0.000159494 0.000288879 0.000114027 0.000193838 0.000171814 0.000177592 0.000112718
threshold=-1.5534714822481004 -1.1951897939046223 -0.46804285125474282 0.14343001445134476 -1.5280590842379291 -0.30168551852746595 -4.7065425784785422 -2.104319982412131 -1.8495722356189914 -1.094720431153595 -6.3351068496704093 -0.1980406542619069 -0.30612313231628757 -3.8120640480796562 1.0747316678365075 -0.66943673195192843 -0.56479326883951819 1.5658168792724612 -0.12419970085223504 1.9035624663035078 -1.1577808551524753 -1.5894960062402481 -0.83751760330802616 -1.0987983743349712 -0.19303942708041283 2.8623056411743169 0.54563900828361511 1.8620945746411715 0.74214526017506921 -2.8973809878031411
decision_type=8 2 10 2 10 10 10 10 10 8 2 2 2 10 2 8 2 2 10 2 10 10 10 10 10 2 10 10 2 2
left_child=1 4 3 -3 -1 6 -6 -8 -9 10 -2 12 13 -12 -15 16 20 18 -18 -20 21 -11 -23 24 -22 29 27 28 -27 -17
right_child=9 2 -4 -5 5 -7 7 8 -10 15 11 -13 -14 14 -16 25 17 -19 19 -21 23 22 -24 -25 -26 26 -28 -29 -30 -31
leaf_value=0 1.0753686046448283e-05 -0.00029485729220903527 0 0 0 0 0 0 0.00015727772979489996 0 0 3.4721164451524566e-06 0 -0.00017928399585712034 0 -2.2296040396001368e-05 0 0 0.00020544669969787437 0 -0.00011979169361149404 0 0.00011875331305821681 0 0 0.0001029012199102419 0 0 0 -3.0750935932723613e-07
leaf_weight=303 136 32 142 46 43 71 107 23 169 140 26 63 167 153 22 739 23 66 83 20 86 75 96 205 28 148 143 58 85 5492
leaf_count=303 136 32 142 46 43 71 107 23 169 140 26 63 167 153 22 739 23 66 83 20 86 75 96 205 28 148 143 58 85 5492
internal_value=0 1.09264e-05 -2.90418e-05 -0.000144781 3.01917e-05 6.08554e-05 8.37456e-05 0.000103911 0.000139658 -1.11383e-06 -2.73226e-05 -5.09353e-05 -7.38313e-05 -0.000125607 -0.000152395 2.03521e-07 1.84189e-05 7.23744e-05 0.000120883 0.000166574 0 2.34217e-05 6.21719e-05 -1.89515e-05 -6.7075e-05 -1.29307e-06 2.19983e-05 4.88503e-05 6.94466e-05 -3.7181e-06
internal_weight=8990 936 220 78 716 413 342 299 192 8054 567 431 368 201 175 7487 822 192 126 103 630 311 171 319 114 6665 434 291 233 6231
internal_count=8990 936 220 78 716 413 342 299 192 8054 567 431 368 201 175 7487 822 192 126 103 630 311 171 319 114 6665 434 291 233 6231
is_linear=0
shrinkage=0.05


Tree=270
num_leaves=31
num_cat=0
split_feature=309 355 334 10 201 220 355 47 344 371 221 3 370 364 61 27 244 19 335 250 344 251 245 64 245 370 298 207 245 234
split_gain=4.99705e-05 0.000163743 0.000235559 0.000249171 0.000378181 0.000249948 0.000225629 0.000222606 0.000200682 0.000162023 0.000288102 0.000292013 0.000388912 0.00050095 0.000190084 0.000200124 0.000198743 0.00018286 0.000177667 0.00038608 0.000162095 0.000156562 0.000154225 0.000267235 0.000257729 0.000366703 0.000260328 0.000195038 0.000190899 0.000426365
threshold=-2.0102347879562656 -2.0100907817473437 -1.5629083832020052 -0.080351610978444329 0.050810263453487908 0.52716457927744698 -1.7668456331074402 0.054481891294320406 -0.53817347685495998 -1.7920255554606632 -1.2417423065564306 -0.44749343395233149 0.5370120360783327 -1.6810533939967554 -3.9366627136866241 -0.41073328256607045 -1.5927959528814737 1.0473705132802329 -0.52355337009720426 0.090531452201944862 -2.425588170687357 -0.86615634728714064 -1.7428082866668102 -1.0058851242065427 -1.094720431153595 1.186616970147828 0.03554390495022141 -1.2479187587408831 -0.66943673195192843 0.41277464911717249
decision_type=10 10 10 2 10 10 10 2 10 2 8 2 2 10 2 2 10 2 10 10 10 10 10 2 10 2 10 10 10 10
left_child=9 2 -2 -4 5 8 7 -3 -5 -1 11 -11 -13 -14 -12 16 -16 -18 20 -20 -17 -9 23 27 25 26 -24 -8 29 -26
right_child=1 6 3 4 -6 -7 22 21 -10 10 14 12 13 -15 15 18 17 -19 19 -21 -22 -23 24 -25 28 -27 -28 -29 -30 -31
leaf_value=5.6659895757799723e-05 0 0 0 -0.00016877424478591106 0 0 0 0 0 0 -4.0405457378532235e-05 0 -0.00024209721644695331 0 0 0 7.6300720440564964e-05 0 -0.00022236576842001615 0 0.00011005775636178772 0.00012101815457151622 -0.00012055648630713869 0 0 0 0 0.00013863879412499995 -3.0688064764050159e-06 0.00013533968698119537
leaf_weight=161 347 37 54 130 31 25 35 37 26 154 45 44 58 24 74 31 365 33 28 25 35 103 155 80 463 71 37 78 6123 81
leaf_count=161 347 37 54 130 31 25 35 37 26 154 45 44 58 24 74 31 365 33 28 25 35 103 155 80 463 71 37 78 6123 81
internal_value=0 -1.27168e-06 -2.62359e-05 -6.16359e-05 -8.77675e-05 -0.000119341 1.40042e-07 5.63335e-05 -0.00014327 1.02031e-05 0 -4.01094e-05 -9.67615e-05 -0.000161936 2.05887e-05 3.36978e-05 4.98149e-05 6.4737e-05 0 -8.93846e-05 1.73594e-05 8.93523e-05 -5.55143e-07 4.22966e-05 -2.47064e-06 -5.10857e-05 -9.13598e-05 9.46651e-05 0 2.77696e-05
internal_weight=8990 7913 613 266 212 181 7300 177 156 1077 916 280 126 82 636 591 472 398 119 53 66 140 7123 193 6930 263 192 113 6667 544
internal_count=8990 7913 613 266 212 181 7300 177 156 1077 916 280 126 82 636 591 472 398 119 53 66 140 7123 193 6930 263 192 113 6667 544
is_linear=0
shrinkage=0.05


Tree=271
num_leaves=31
num_cat=0
split_feature=243 222 269 193 294 303 237 9 3 332 342 227 57 214 325 343 208 249 229 311 2 237 251 377 242 92 351 338 191 221
split_gain=4.91485e-05 0.000193583 0.000175443 0.00025585 0.000405755 0.000237566 0.000268946 0.000343132 0.000314192 0.000238562 0.000219431 0.000388107 0.000219132 0.000208085 0.00019309 0.000277815 0.000171067 0.000228996 0.000367005 0.000170942 0.000301148 0.000235225 0.000270378 0.000199363 0.000269618 0.000192357 0.000167239 0.000161383 0.000154868 0.000223104
threshold=-0.59927267842897602 -0.61275759896867332 0.36226707944629605 0.66294831515110053 -0.11128739515940349 -0.017444007643466045 1.3354839310587596 1.5775736967722576 2.71704371770223 -0.58688160766941 0.38610978921254474 -0.35549689992194911 2.3951796690622973 1.3894327066561754 -0.10830166935920708 1.7164032459259035 0.42262772485794425 0.96912202281356141 1.8325641271634145 0.076369919736420114 -0.1974983215332031 -1.0733301723602418 0.60409446839050374 -2.7603139962709853 -0.89865949288268687 0.43206888437271124 -0.34971006711324049 0.64787635691646672 1.8137400390892118 1.6233936406538023
decision_type=8 8 8 8 10 8 10 2 2 10 10 10 2 10 10 10 8 10 10 10 2 10 10 2 10 2 10 10 10 10
left_child=19 -2 5 4 26 9 7 -7 -9 14 11 -11 13 -6 -3 -16 17 -5 -19 20 -1 -22 23 -23 -25 -21 -4 -28 -18 -30
right_child=1 2 3 16 12 6 -8 8 -10 10 -12 -13 -14 -15 15 -17 28 18 -20 25 21 22 -24 24 -26 -27 27 -29 29 -31
leaf_value=8.0160297506990026e-06 -2.3129997341122789e-05 0 0 0 -6.2011068764819806e-05 0 -3.9311670983451977e-05 7.1154500826123686e-05 0 0 6.5392276461703956e-06 -7.8713889463324341e-05 0 0 9.7687980364530958e-05 0 -8.7332982557542862e-06 0.00012029393036443908 0 7.2023618602322725e-05 0 0 0 0 -0.0001844908780565051 0 8.3506524772919953e-05 0 7.5599892523760633e-05 0
leaf_weight=1908 956 307 137 135 705 374 65 621 66 163 120 307 254 62 145 21 1516 134 22 193 62 30 46 20 90 99 131 23 145 133
leaf_count=1908 956 307 137 135 705 374 65 621 66 163 120 307 254 62 145 21 1516 134 22 193 62 30 46 20 90 99 131 23 145 133
internal_value=0 -2.121e-06 5.79794e-07 -5.55446e-06 -2.34511e-05 1.23831e-05 2.87306e-05 3.76145e-05 5.85957e-05 -2.31113e-07 -2.56765e-05 -4.45375e-05 -4.0117e-05 -5.34455e-05 2.09385e-05 6.44592e-05 3.30972e-06 3.93396e-05 8.09536e-05 6.17807e-06 0 -5.04019e-05 -8.09111e-05 -0.000116279 -0.000147417 4.22248e-05 1.78403e-05 5.75707e-05 0 3.12473e-05
internal_weight=8990 6542 5586 3397 1312 2189 1126 1061 687 1063 590 470 1021 767 473 166 2085 291 156 2448 2156 248 186 140 110 292 291 154 1794 278
internal_count=8990 6542 5586 3397 1312 2189 1126 1061 687 1063 590 470 1021 767 473 166 2085 291 156 2448 2156 248 186 140 110 292 291 154 1794 278
is_linear=0
shrinkage=0.05


Tree=272
num_leaves=31
num_cat=0
split_feature=366 369 24 27 211 84 207 12 41 14 48 7 70 32 376 52 88 254 241 65 361 366 220 334 338 197 255 211 233 46
split_gain=4.8732e-05 0.000255326 0.000245683 0.000218788 0.000268843 0.000246777 0.000333955 0.000232305 0.000218545 0.000214506 0.000298184 0.000253019 0.000242989 0.000180941 0.000199104 0.000278624 0.000178698 0.000196962 0.000176675 0.000244301 0.000248238 0.000342664 0.000316238 0.000365918 0.000179534 0.000150053 0.000245731 0.000288872 0.000207667 0.000256931
threshold=-0.45100481288075484 142.79051540093639 0.43578016757965093 -3.2201706568400064 -0.39160656296844493 0.00066127604804930003 -0.25189872024203536 0.0042649057383338006 -0.42237746715545649 0.033691486964623103 -7.2458178202311183 -3.2722352345784498 1.6563876469930012 0.80543188254038511 -0.061593312405023741 1.3306052684783938 -1.322392384211222 0.76131730992042779 1.7348495455190653 1.2706423997879031 -0.58972544954802097 2.2973865268429137 1.2409905636484651 1.7687836138057402 2.6226217395608367 0.38428547581793898 0.46540485065672255 0.025847884120349253 -0.78202935758995562 0.018849137549598955
decision_type=2 2 2 2 10 2 10 2 2 2 2 2 2 2 2 2 2 10 10 2 10 2 10 10 10 10 10 10 8 2
left_child=1 3 -3 5 7 -1 8 16 -7 10 -4 -12 -13 14 -6 -16 -5 -18 19 25 -21 22 23 -22 -20 28 27 -27 -2 -30
right_child=18 2 9 4 13 6 -8 -9 -10 -11 11 12 -14 -15 15 -17 17 -19 24 20 21 -23 -24 -25 -26 26 -28 -29 29 -31
leaf_value=0 1.5070848968424327e-05 0 0 0 0 -0.00018949096993608984 0 -2.7870700491242153e-06 0 0 0 7.836479366522055e-05 0 1.4222688040600636e-08 -7.0793909324062037e-05 0 7.4779497491566575e-05 0 5.3943333444322482e-05 2.2137783095081234e-05 -8.8546879203438734e-05 0 0 0 0 0 0 7.8486733309301486e-05 -5.2364608596532418e-05 -3.598519297428212e-06
leaf_weight=135 651 629 171 73 140 73 24 132 27 147 87 614 141 397 375 82 350 21 252 104 503 221 208 84 175 119 606 260 401 1788
leaf_count=135 651 629 171 73 140 73 24 132 27 147 87 614 141 397 375 82 350 21 252 104 503 221 208 84 175 119 606 260 401 1788
internal_value=0 4.60026e-06 1.88433e-05 -6.59798e-06 0 -4.91768e-05 -0.000100102 2.76004e-05 -0.000144095 3.28182e-05 4.19838e-05 5.48252e-05 6.47289e-05 -1.53176e-05 -3.38853e-05 -5.08806e-05 4.78918e-05 6.28383e-05 -2.90266e-06 -6.39447e-06 -2.69404e-05 -3.68866e-05 -5.30682e-05 -7.18373e-05 2.58205e-05 0 1.64247e-05 4.81819e-05 -6.20588e-06 -1.48179e-05
internal_weight=8990 3618 1789 1829 1570 259 124 576 100 1160 1013 842 755 994 597 457 444 371 5372 4945 1120 1016 795 587 427 3825 985 379 2840 2189
internal_count=8990 3618 1789 1829 1570 259 124 576 100 1160 1013 842 755 994 597 457 444 371 5372 4945 1120 1016 795 587 427 3825 985 379 2840 2189
is_linear=0
shrinkage=0.05


Tree=273
num_leaves=31
num_cat=0
split_feature=66 350 49 241 23 306 289 223 69 220 251 21 66 228 44 70 213 266 30 334 276 40 252 351 54 324 205 28 275 67
split_gain=4.56426e-05 0.0002104 0.000277849 0.000312671 0.000287354 0.000283683 0.000238137 0.000225366 0.000241987 0.000295571 0.000203318 0.000163302 0.000143202 0.000235889 0.000242938 0.000249037 0.000198803 0.000131885 0.000233892 0.000252544 0.000204009 0.000272112 0.000178213 0.000236113 0.000249528 0.000149635 0.000194422 0.000227977 0.000138279 0.000164398
threshold=-10.251914024353026 -10.111135323842365 5.6916170120239267 -0.45152211197230957 0.0024539697139213004 -0.24699981128002932 3.9909023642539982 -1.1129183297563794 -1.4269000689188638 0.37262893346334752 -0.97800895024514189 2.1182825565338148 -2.6955753962198883 0.79470516102826083 -0.98440102736155166 -1.3461269537607825 -1.3053951200741836 -0.76260832720736837 -0.53634103139241529 -1.8406760592789559 -1.2331591383188301 -1.1549308300018308 -1.3830464795761968 -0.9967963695526123 -3.0792187054951978 -0.56565525134404493 -0.85879994516726088 -0.093429694573084435 -1.5997802981524203 1.7405682404836023
decision_type=2 8 2 10 2 10 10 10 2 10 10 2 2 10 2 2 10 10 2 10 10 2 10 10 2 10 10 2 10 2
left_child=17 2 3 7 -4 10 -6 -2 -9 -10 -5 -12 13 14 15 -3 -17 20 19 -19 22 25 23 24 -1 -22 27 -27 -21 -30
right_child=1 12 4 5 6 -7 -8 8 9 -11 11 -13 -14 -15 -16 16 -18 18 -20 28 21 -23 -24 -25 -26 26 -28 -29 29 -31
leaf_value=0 0 0 0 0 -0.00023581982315339117 -1.7451664195881227e-05 0 0 -0.00013829350773669546 0 8.9062804285288118e-05 0 -6.6536269426718755e-07 0.00010963874230321438 -7.2077936100799728e-06 0 0.00010809786760639366 0 0 0 0 0 0 0 0.00015358253001083826 0 0 -0.00026360971982451541 0.0001245529508471946 0
leaf_weight=38 195 135 24 59 44 182 20 168 140 33 209 20 6009 77 544 47 148 70 127 22 74 54 156 38 75 22 33 36 155 36
leaf_count=38 195 135 24 59 44 182 20 168 140 33 209 20 6009 77 544 47 148 70 127 22 74 54 156 38 75 22 33 36 155 36
internal_value=0 -1.14018e-06 -2.18606e-05 -8.84771e-06 -0.000113689 1.37069e-05 -0.000170212 -3.79506e-05 -6.25729e-05 -0.000105879 5.07517e-05 7.38764e-05 1.39863e-06 1.9696e-05 6.04013e-06 4.30216e-05 7.95155e-05 1.05219e-05 3.25068e-05 5.99682e-05 0 -4.26328e-05 1.90797e-05 6.07327e-05 0.000100732 -8.08235e-05 -0.000126274 -0.000182668 8.79785e-05 0.000102178
internal_weight=8990 8054 1094 1006 88 470 64 536 341 173 288 229 6960 951 874 330 195 936 410 283 526 219 307 151 113 165 91 58 213 191
internal_count=8990 8054 1094 1006 88 470 64 536 341 173 288 229 6960 951 874 330 195 936 410 283 526 219 307 151 113 165 91 58 213 191
is_linear=0
shrinkage=0.05


Tree=274
num_leaves=31
num_cat=0
split_feature=69 48 292 57 229 372 282 74 212 368 296 368 371 246 194 240 283 371 346 65 363 39 241 254 68 308 342 327 228 61
split_gain=4.56087e-05 0.0001852 0.000360981 0.000338007 0.000262851 0.000168123 0.000246496 0.000164909 0.000172677 0.000301345 0.00032313 0.000365422 0.000328005 0.000248934 0.000219104 0.000340176 0.00026551 0.000186458 0.00019614 0.000177664 0.000170678 0.000165772 0.000165519 0.000233709 0.000154841 0.000226554 0.000148641 0.000147273 0.000194033 0.000144863
threshold=-0.90054651101430239 8.8373956680297869 2.6226043703392325e-06 -0.24306722482045487 -0.047556897397660149 -0.39606568568364259 0.4980963865915935 0.34650541841983795 0.021857994344691354 67.578583964932989 -0.046718088289101838 352.56860952226435 -1.1534184306859516 0.86741871788282332 0.71605127950253267 0.98884711936879477 -0.087515826026598534 0.16103893790233192 2.7186298767725634 0.9821126858393352 2.6749016120449141 -1.6158802509307859 1.0202680828463306 2.0009568688408139 1.069938659667969 0.68708896463496039 -0.14736040433247891 0.74544820189476024 -0.4551149511340401 1.0136739810307824
decision_type=2 2 10 2 10 2 10 2 10 2 10 2 2 10 10 10 10 2 10 2 10 2 10 10 2 10 10 10 10 2
left_child=1 2 29 26 -5 6 -6 21 9 -9 -11 12 -12 14 17 16 -16 18 -10 -19 24 -2 23 -22 25 -15 -4 28 -23 -1
right_child=7 -3 3 4 5 -7 -8 8 13 10 11 -13 -14 20 15 -17 -18 19 -20 -21 22 27 -24 -25 -26 -27 -28 -29 -30 -31
leaf_value=-1.7718879037721084e-06 0 6.5538207044708399e-05 -0.00026741824470879669 0 -0.00012833167083339377 0 0 0 0 2.1712216785571453e-05 0 0 -9.2850123235595035e-05 0 0 0 0.00012567531687154631 7.9538407480412191e-06 8.7755821171295556e-05 -3.7280095206231491e-05 0.00010995068992103051 0 0 0 0 -5.4042613276989158e-05 0 0 7.6790025844832705e-05 7.7178583747522934e-05
leaf_weight=3225 142 81 29 326 116 70 26 945 370 67 34 125 411 206 29 204 174 375 126 318 90 81 250 45 271 458 23 21 293 59
leaf_count=3225 142 81 29 326 116 70 26 945 370 67 34 125 411 206 29 204 174 375 126 318 90 81 250 45 271 458 23 21 293 59
internal_value=0 -4.0746e-06 -6.82238e-06 -4.28357e-05 -2.01452e-05 -6.42479e-05 -9.54936e-05 3.09905e-06 0 -1.33278e-05 -4.02938e-05 -5.63552e-05 -7.82323e-05 7.18794e-06 2.12994e-05 5.50913e-05 0.000101345 5.52372e-06 3.11299e-05 -5.59127e-06 -6.08678e-06 2.92853e-05 1.53859e-05 6.11365e-05 -2.02762e-05 -3.4085e-05 -0.000181136 4.70615e-05 5.7648e-05 0
internal_weight=8990 3955 3874 590 538 212 142 5035 4498 1582 637 570 445 2916 1596 407 203 1189 496 693 1320 537 385 135 935 664 52 395 374 3284
internal_count=8990 3955 3874 590 538 212 142 5035 4498 1582 637 570 445 2916 1596 407 203 1189 496 693 1320 537 385 135 935 664 52 395 374 3284
is_linear=0
shrinkage=0.05


Tree=275
num_leaves=31
num_cat=0
split_feature=19 363 220 301 242 30 19 193 13 92 232 36 348 297 54 247 338 321 70 337 61 76 195 62 75 75 225 41 226 348
split_gain=4.72938e-05 0.000300545 0.00037119 0.000370937 0.000253797 0.000272807 0.000251531 0.00024776 0.000288019 0.000311643 0.000314201 0.000235108 0.000278695 0.000306029 0.000223402 0.000341776 0.000223042 0.000264254 0.000344699 0.000185568 0.000137425 0.000128651 0.000194389 0.00025401 0.000200998 0.000123282 0.0002329 0.000214126 0.000183554 0.000369288
threshold=3.8951153755187988 -1.0947040132049373 0.37262893346334752 0.014356922047833251 1.457630910403898 -0.28762029608090706 5.1903448104858407 0.79377443362166933 0.03130563472708061 0.0006614126032218001 1.5749382996816832 0.98139019807179773 -0.098622004191080637 0.19523735841115317 -0.22402162353197722 0.67982496412581994 2.1919630027750983 0.47408168175001469 4.370167414347331 -0.84386522590555646 -1.2230174541473386 5.6221536000569667 0.63550154826941274 -1.5825244585673011 1.8196070194244387 1.7776263554890954 1.3995409768597058 -0.15770049889882401 -0.35607786243956441 -2.8447378476460772
decision_type=2 10 10 10 10 2 2 10 2 2 10 2 10 10 2 10 10 10 2 10 2 2 10 2 2 2 10 2 10 10
left_child=4 2 6 14 21 -6 -2 8 -5 -10 -11 12 -7 -14 -3 19 17 -9 -19 -16 -8 25 23 -23 -25 27 -27 -1 29 -29
right_child=1 3 -4 7 5 11 20 16 9 10 -12 -13 13 -15 15 -17 -18 18 -20 -21 -22 22 -24 24 -26 26 -28 28 -30 -31
leaf_value=2.8677512259496509e-06 0 0 0 0 0 0 0 0 0 -0.00014650483343226915 0 0 -0.00023534625564030498 0 0 0 0 9.0567138709244003e-05 0 0.00016962939555618809 -0.00020668727658233445 0 0 0.00015027480548671985 0 3.8183302331645772e-05 -1.3080699004890128e-05 -1.1737786899209929e-06 -7.2338735054291328e-07 -7.9483044211789243e-05
leaf_weight=3655 30 28 77 197 241 23 23 78 28 118 23 149 61 40 26 74 329 299 43 114 53 21 139 86 25 539 189 577 1395 310
leaf_count=3655 30 28 77 197 241 23 23 78 28 118 23 149 61 40 26 74 329 299 43 114 53 21 139 86 25 539 189 577 1395 310
internal_value=0 8.04835e-06 -4.4834e-05 1.8867e-05 -1.57467e-06 -3.56288e-05 -0.000110522 1.93068e-06 -2.61424e-05 -7.57477e-05 -0.000111346 -6.99066e-05 -0.000124461 -0.000160954 7.62142e-05 9.5796e-05 2.2325e-05 4.70748e-05 6.82087e-05 0.000141855 -0.00015904 2.2856e-07 3.44029e-05 7.81522e-05 0.000113921 -4.11292e-07 1.80072e-05 -3.51221e-06 -1.59214e-05 -3.41845e-05
internal_weight=8990 1540 183 1357 7450 514 106 1115 366 169 141 273 124 101 242 214 749 420 342 140 76 6936 271 132 111 6665 728 5937 2282 887
internal_count=8990 1540 183 1357 7450 514 106 1115 366 169 141 273 124 101 242 214 749 420 342 140 76 6936 271 132 111 6665 728 5937 2282 887
is_linear=0
shrinkage=0.05


Tree=276
num_leaves=31
num_cat=0
split_feature=297 297 32 82 341 89 24 207 45 9 78 51 3 67 371 324 8 238 82 275 29 71 22 258 77 330 199 10 223 268
split_gain=4.554e-05 0.000325973 0.000367275 0.000326468 0.000165181 0.000220886 0.000254409 0.000262523 0.00024978 0.000142544 0.000160957 0.000136717 0.000129483 0.000261919 0.000305805 0.000237901 0.000128353 0.000159662 0.000197687 0.000124686 0.000217967 0.000252818 0.000261137 0.00019597 0.000265583 0.000267569 0.000189848 0.000239083 0.000193785 0.000172927
threshold=0.15073396265506753 0.19523735841115317 0.76251894235610973 -1.199078599611918 1.1888070901234946 3.4850718180338545 0.705844799677531 -0.15015551291833268 0.0006614241671437502 2.3226644992828374 0.55062425136566173 1.4881993929545088 -0.308927019437154 1.1525790691375735 -0.059584885142188147 0.71653157472610485 4.1110515594482431 0.89212925453511582 -1.1990784605344136 0.17883292394147562 0.90877771377563488 0.20992174744606015 2.5603456497192387 0.087820426053510314 0.4179895122845968 -1.6769519646962483 1.0188278717128829 0.59722237785657251 0.64146608054310061 -0.057900141775439291
decision_type=10 10 2 2 8 2 2 10 2 2 2 2 2 2 2 10 2 8 2 8 2 2 2 10 2 10 8 2 10 10
left_child=4 2 3 -2 16 6 -6 -8 -7 10 -9 -10 -3 14 -14 -16 19 -18 -19 23 21 -21 -23 29 25 -25 28 -28 -22 -1
right_child=1 12 -4 -5 5 8 7 9 11 -11 -12 -13 13 -15 15 -17 17 18 -20 20 26 22 -24 24 -26 -27 27 -29 -30 -31
leaf_value=-1.5479043178154356e-06 -0.00016832251840144264 -4.0119203888955496e-05 0 0 0 -0.00013288059185703603 0 0 5.0433732778145769e-05 0 0.00019734600562156302 0 0 0 0.00015898781538199798 0 0 -0.00012440043520002011 0 0 -3.3437361050563929e-05 7.5969843440932376e-05 0 0 0 -6.5780829517092301e-05 7.4200511749941754e-05 0 6.0399118592310286e-06 2.8077517241153756e-05
leaf_weight=2659 93 163 156 66 132 33 28 20 150 24 78 66 36 1451 82 25 78 78 42 286 538 366 40 147 524 426 171 115 360 557
leaf_count=2659 93 163 156 66 132 33 28 20 150 24 78 66 36 1451 82 25 78 78 42 286 538 366 40 147 524 426 171 115 360 557
internal_value=0 -6.53395e-06 -5.35445e-05 -0.000107001 1.91562e-06 2.87288e-05 5.92567e-05 0.000104099 0 0.000136736 0.000164023 1.36043e-05 0 6.19554e-06 7.07347e-05 0.000117573 0 -3.98928e-05 -7.71267e-05 9.52867e-07 1.22843e-05 3.4589e-05 5.99613e-05 -2.81682e-06 -2.15798e-05 -4.52771e-05 0 3.46915e-05 -1.20451e-05 2.02915e-06
internal_weight=8990 2072 315 159 6918 531 282 150 249 122 98 216 1757 1594 143 107 6387 198 120 6189 1876 692 406 4313 1097 573 1184 286 898 3216
internal_count=8990 2072 315 159 6918 531 282 150 249 122 98 216 1757 1594 143 107 6387 198 120 6189 1876 692 406 4313 1097 573 1184 286 898 3216
is_linear=0
shrinkage=0.05


Tree=277
num_leaves=31
num_cat=0
split_feature=221 344 54 307 232 23 303 363 69 268 225 287 198 12 57 369 280 76 214 15 371 355 340 334 67 234 88 202 232 215
split_gain=4.49785e-05 0.000117683 0.000160519 8.94392e-05 0.000383991 0.000227588 0.000167908 0.000112358 0.000151904 0.000108721 0.000217462 0.000215369 0.000342698 0.000252099 0.000309147 0.000176429 0.000205634 0.000160409 0.000278872 0.00025614 0.000153316 0.000149236 0.000341476 0.000186939 0.000128948 0.000210167 0.000162432 0.000104728 9.36899e-05 0.000121968
threshold=2.4680787375009032 1.6701658765474958 0.6245548129081725 2.0618725301397647 0.63868402197649621 0.050194171878198711 -0.47836711682050131 -0.84509753977786828 2.059064626693726 1.5237474277602361 -0.16367359948665822 0.017722794863705704 -0.13718801644701431 0.021736606955528204 2.7334678967793784 168.45317596409984 0.52193835143051259 6.8244190216064462 0.46799727511452999 0.79768013954162609 -0.29658765935691994 0.44722547344839669 1.4041973153750105 0.20772813734761303 2.5053176085154218 0.59824226087412258 1.0790394147237146 1.2593704650487927 0.8309363808975484 0.60237563431233443
decision_type=10 10 2 8 8 2 8 8 2 10 10 10 10 2 2 2 10 2 10 2 2 10 10 10 2 10 2 10 8 10
left_child=3 2 -2 9 5 6 -5 -8 -9 11 20 17 13 -13 -15 16 -14 24 19 -19 -11 -12 23 -23 26 -26 -1 -17 29 -6
right_child=1 -3 -4 4 28 -7 7 8 -10 10 21 12 15 14 -16 27 -18 18 -20 -21 -22 22 -24 -25 25 -27 -28 -29 -30 -31
leaf_value=-1.9218032824545444e-06 0 0 -0.00012547029855518936 0 0 0 0 0.0001504893929663206 0 0 -4.4999093696703032e-05 0 0 -0.00014656548968892041 0 4.4559345539814743e-05 -5.1237186083663436e-05 0.00015736420519039509 0 0 0.0001366639979638189 0 -1.9969586581587243e-05 9.2042512259043571e-05 -8.5219263757412421e-05 0 2.8122930733051562e-05 0 2.9521464890202954e-06 -0.0001330078443837001
leaf_weight=5212 133 166 51 30 35 47 25 125 20 26 106 116 169 133 28 220 297 70 55 25 61 54 117 169 117 64 489 38 762 30
leaf_count=5212 133 166 51 30 35 47 25 125 20 26 106 116 169 133 28 220 297 70 55 25 61 54 117 169 117 64 489 38 762 30
internal_value=0 -1.76409e-05 -4.67963e-05 6.35982e-07 1.4434e-05 6.92141e-05 9.35908e-05 0.000113013 0.000130032 -6.61975e-07 2.0046e-05 -2.94253e-06 -2.44675e-05 -7.2489e-05 -0.0001138 0 -2.38837e-05 0 5.15186e-05 0.000107332 9.32804e-05 0 2.15707e-05 6.5776e-05 -6.68738e-07 -4.23627e-05 0 2.60536e-05 0 -5.91261e-05
internal_weight=8990 350 184 8640 1074 247 200 170 145 7566 533 7033 1001 277 161 724 466 6032 150 95 87 446 340 223 5882 181 5701 258 827 65
internal_count=8990 350 184 8640 1074 247 200 170 145 7566 533 7033 1001 277 161 724 466 6032 150 95 87 446 340 223 5882 181 5701 258 827 65
is_linear=0
shrinkage=0.05


Tree=278
num_leaves=31
num_cat=0
split_feature=198 198 228 337 346 60 1 284 279 318 376 220 285 18 68 42 206 63 7 297 4 200 13 244 220 255 303 9 72 17
split_gain=4.63275e-05 0.000325972 0.000182106 0.000177269 0.000185178 0.000204282 0.000167174 0.000139256 0.000448921 0.000245696 0.000193679 0.000229832 0.00018901 0.000185476 0.000221958 0.000219732 0.000182122 0.000177078 0.00016172 0.000283521 0.000154317 0.000153069 0.000180136 0.000135959 0.000134516 0.000237553 0.000246239 0.000306881 0.000336197 0.00027682
threshold=0.73286929141142987 0.49335061809506442 -0.5015570213476731 2.9161864159718358 6.1526587804158543 -0.38109538952509553 1.4819291432698569 -0.020885528375705047 -0.42794022215944322 -1.0591921464176635 0.031165360864787203 0.015591001768503251 3.5017728805021586e-07 3.2518278757731127 0.65277789036432921 0.20825103918711371 1.2782969703885751 3.1827723185221353 3.3310027122497563 0.34605513016382866 2.5864056746164965 1.0286995706012945 0.034531856576601662 1.2987788392769311 1.0633911079360767 0.16702750459955418 1.3434093323350653 1.3955237269401553 4.1930243174235029 0.68029382824897777
decision_type=8 10 10 10 10 2 2 10 8 10 2 10 10 2 2 2 10 2 2 10 2 10 2 10 10 10 10 2 2 2
left_child=1 24 -3 4 5 -4 -7 8 -2 -10 11 -9 23 14 15 -13 18 20 -14 -20 -11 22 -18 -12 25 -1 27 -27 -29 -28
right_child=7 2 3 -5 -6 6 -8 10 9 17 12 13 16 -15 -16 -17 21 -19 19 -21 -22 -23 -24 -25 -26 26 29 28 -30 -31
leaf_value=1.191422073035293e-06 -4.7148869861374415e-05 0 0 0 0 8.1075625458227045e-05 0 0 0 0.00013061340198878402 -0.0001007657415568782 -0.0001251406192156679 0 0 -7.0175794810067457e-06 0 0 0 0.00010803130375022087 0 0 0 -9.52683125436149e-05 0 2.2438310131677722e-05 0 0.00010704931227158551 -6.134422561170056e-05 0 0
leaf_weight=3834 103 101 47 52 54 475 54 155 69 143 76 188 435 110 259 33 50 22 132 101 23 278 99 54 488 521 68 750 135 81
leaf_count=3834 103 101 47 52 54 475 54 155 69 143 76 188 435 110 259 33 50 22 132 101 23 278 99 54 488 521 68 750 135 81
internal_value=0 2.00536e-06 3.26134e-05 4.34577e-05 5.24192e-05 6.17164e-05 7.15017e-05 -6.1815e-06 1.71107e-05 6.23206e-05 -1.29765e-05 -3.3092e-05 0 -4.8543e-05 -6.21461e-05 -0.000104107 6.02281e-06 9.25962e-05 2.53284e-05 5.9776e-05 0.000111243 -1.24709e-05 -5.48822e-05 -5.76774e-05 -1.22231e-06 -4.29307e-06 -2.103e-05 -2.93956e-05 -4.73238e-05 2.43419e-05
internal_weight=8990 6660 783 682 630 576 529 2330 360 257 1970 745 1225 590 480 221 1095 188 668 233 166 427 149 130 5877 5389 1555 1406 885 149
internal_count=8990 6660 783 682 630 576 529 2330 360 257 1970 745 1225 590 480 221 1095 188 668 233 166 427 149 130 5877 5389 1555 1406 885 149
is_linear=0
shrinkage=0.05


Tree=279
num_leaves=31
num_cat=0
split_feature=251 279 323 284 263 376 314 31 349 275 199 11 9 275 25 345 249 56 87 363 17 53 199 283 348 22 284 356 345 247
split_gain=4.52582e-05 0.000130959 0.000332768 0.000218865 0.000311853 0.00011912 0.000302211 0.000131651 0.000142476 0.000107174 0.000475981 0.000229138 0.000153274 0.000129112 0.000280019 0.000246029 0.000238815 0.000143617 0.000389451 0.0002405 0.000212172 0.000317388 0.000222188 0.000209205 9.76114e-05 8.75254e-05 5.65233e-05 5.61151e-05 8.99005e-05 6.97546e-05
threshold=1.6742480018749757 2.2538544218884833 2.9656345049540209 0.90667716662089026 1.2007073006611302 0.058176807564115356 0.83845567367070395 1.5623767375946047 1.4590720335064258e-07 1.3617327794183367 0.52969508321172321 0.0090686939656734016 1.2254315416018171 0.87960331138835046 0.12981186310450235 2.8590681751569114 -0.34052933859008461 1.199266870816549 0.79195280869801843 -0.59911740642623246 1.3938905398050947 1.4885196685791018 0.66008826153631806 0.016065148015817005 12.392327388127647 0.40479067961374926 0.46236582597096765 1.144795838000823 0.67912316322326682 1.2603599588508805
decision_type=10 10 8 10 10 2 10 2 10 10 10 2 2 10 2 10 10 2 2 10 2 2 10 10 10 2 10 10 10 10
left_child=1 9 -3 4 -4 6 -2 8 -8 13 11 -11 -13 17 15 16 -15 20 23 -20 22 -22 -1 -19 -14 26 -16 28 -12 -29
right_child=5 2 3 -5 -6 -7 7 -9 -10 10 27 12 24 14 25 -17 -18 18 19 -21 21 -23 -24 -25 -26 -27 -28 29 -30 -31
leaf_value=2.8758176105479882e-07 0 0 0 0 0.00020358759960521495 0 0 0 -0.00015280286871229728 0 0 0 -0.00017745543530019276 0 -0.0001093808940590121 0 9.6268995580041971e-05 -4.4463300558497833e-05 0 -8.8487034449573614e-05 0 6.3043897576799493e-05 -3.9018742266568331e-05 4.271242411074781e-05 0 0 0 -4.7870072784834225e-05 7.2180860271573084e-05 0
leaf_weight=5229 120 165 37 23 60 285 21 20 79 52 40 34 84 50 30 82 242 78 31 246 422 332 372 202 30 298 30 76 70 150
leaf_count=5229 120 165 37 23 60 285 21 20 79 52 40 34 84 50 30 82 242 78 31 246 422 332 372 202 30 298 30 76 70 150
internal_value=0 7.61245e-07 3.41404e-05 9.8457e-05 0.000132759 -1.43573e-05 -4.11233e-05 -9.83446e-05 -0.000122033 0 -2.19597e-05 -8.50754e-05 -0.000116821 1.10977e-06 2.12811e-05 5.25125e-05 7.50825e-05 -3.03341e-07 -2.51424e-05 -6.91679e-05 1.08733e-06 2.64225e-05 -1.43098e-06 5.69786e-07 -0.000145162 0 -6.03392e-05 7.46816e-07 3.57196e-05 0
internal_weight=8990 8465 285 120 97 525 240 120 100 8180 536 200 148 7644 732 374 292 6912 557 277 6355 754 5601 280 114 358 60 336 110 226
internal_count=8990 8465 285 120 97 525 240 120 100 8180 536 200 148 7644 732 374 292 6912 557 277 6355 754 5601 280 114 358 60 336 110 226
is_linear=0
shrinkage=0.05


Tree=280
num_leaves=31
num_cat=0
split_feature=54 34 258 334 69 25 285 317 367 78 300 324 36 280 54 377 247 292 276 311 38 29 366 337 9 29 311 47 12 288
split_gain=4.61439e-05 0.00019073 0.000172258 0.000162599 0.000257658 0.000304558 0.000251731 0.000252416 0.000138563 0.000168529 0.000371372 0.000207554 0.000144021 0.000118018 0.000175609 0.000126854 0.000117435 0.000337401 0.000315324 0.000387224 0.000307976 0.00022539 0.000219907 0.000239056 0.000204463 0.000204452 0.000291743 0.000241335 0.000202972 0.000167374
threshold=1.9638298352559411 1.072386185328166 1.8089975589088885 -0.51884865055970908 1.2816274960835776 0.091555759310722309 0.087260108441114273 -0.65191714768402809 -1.7190701563737423 0.011469801266988053 0.3421018421649934 -0.60094507535298647 0.91537968317667651 0.99566796754030151 4.4492225646972665 -1.4463120373523861 0.075047761404690466 1.8392184972763066 -0.37337735126226623 1.0572190398455878 -1.2236308256785071 0.90877771377563488 -0.3004755217948778 0.86395936099416215 2.3371303081512456 1.3429751396179201 1.4796618033947395 0.9876732428868612 0.017755465582013106 -9.9341074644154746e-08
decision_type=2 2 10 10 2 2 10 10 2 2 10 10 2 10 2 2 10 10 10 10 2 2 2 10 2 2 10 2 2 8
left_child=8 3 13 -2 5 6 7 -5 9 -1 11 -11 -13 -3 15 -15 17 29 -19 20 -20 22 -18 24 -24 27 -27 -23 -29 -10
right_child=1 2 -4 4 -6 -7 -8 -9 16 10 -12 12 -14 14 -16 -17 21 18 19 -21 -22 25 23 -25 -26 26 -28 28 -30 -31
leaf_value=0 3.4204414727880185e-06 0 -1.6880485541396529e-05 0 0 -8.460204293933185e-08 0 -0.00018482705910700546 -6.6716488911505459e-06 0 0 0.00011064129535213503 0 0 0 0.00011418166609916307 0 0 0 0 -0.00010905696033752038 0 9.7337648133907512e-05 0 0 8.3584534562441084e-05 0 0 -7.7421289246066283e-05 1.9445788961710373e-05
leaf_weight=479 98 124 98 21 325 238 58 105 2459 81 369 211 41 20 22 116 357 217 45 134 299 1200 246 130 60 152 164 89 215 817
leaf_count=479 98 124 98 21 325 238 58 105 2459 81 369 211 41 20 22 116 357 217 45 134 299 1200 246 130 60 152 164 89 215 817
internal_value=0 -9.12468e-06 1.25382e-05 -2.47833e-05 -3.51759e-05 -6.09598e-05 -0.000112499 -0.000153192 1.3116e-06 1.73488e-05 3.32628e-05 7.15494e-05 9.39276e-05 4.04882e-05 6.92186e-05 9.37626e-05 -8.05884e-07 -6.87152e-06 -3.8513e-05 -6.16872e-05 -9.00028e-05 6.4986e-06 2.91332e-05 5.29546e-05 7.71204e-05 -6.17569e-07 3.24702e-05 -1.08955e-05 -5.07067e-05 0
internal_weight=8990 1225 380 845 747 422 184 126 7765 1181 702 333 252 282 158 136 6584 3971 695 478 344 2613 793 436 306 1820 316 1504 304 3276
internal_count=8990 1225 380 845 747 422 184 126 7765 1181 702 333 252 282 158 136 6584 3971 695 478 344 2613 793 436 306 1820 316 1504 304 3276
is_linear=0
shrinkage=0.05


Tree=281
num_leaves=31
num_cat=0
split_feature=208 13 331 77 216 359 40 279 231 347 360 263 194 201 243 239 319 35 367 357 23 83 242 277 79 58 12 85 367 222
split_gain=4.64975e-05 0.000325131 0.000362078 0.000260059 0.000206852 0.000217541 0.000195691 0.000192794 0.000303242 0.000250338 0.000176561 0.000149554 0.000140399 0.000300493 0.000273229 0.000256646 0.000247074 0.000219545 0.000287484 0.000188108 0.000180555 0.000134919 0.000127378 0.000124625 0.000291146 0.000259372 0.000116209 0.000222745 0.000173427 0.000220963
threshold=-0.41385354188344042 0.012498835722605352 -0.90495744053128024 1.3032699028650923 1.0959119364176308 -0.8541536020551207 -3.4258087476094556 -0.13661798988865803 -0.41946103778867933 -3.1830193996429439 1.6047993547678125 -0.54111777154557139 -1.0156178996412952 -0.505390745048787 -0.88387064245470937 1.0000000180025095e-35 -1.7570456284327569 0.93759735425313318 -8.3529323957609581e-07 -1.0902648524449565 -0.058134314914544398 0.099919607241948413 0.60258075522871446 -1.9375673648661988 -7.170243263244628 -0.90002409617106116 0.50080104296406114 2.7139628728230796 -0.90274860124937328 1.2504658522241168
decision_type=8 2 10 2 10 10 2 10 10 10 10 10 10 10 10 10 10 2 2 10 2 2 10 10 2 2 2 2 2 10
left_child=1 7 -3 4 5 -4 22 12 9 -9 11 -11 14 17 23 19 -16 18 -14 -15 -18 -17 -2 24 -1 -25 -8 28 -28 -30
right_child=6 2 3 -5 -6 -7 26 8 -10 10 -12 -13 13 15 16 21 20 -19 -20 -21 -22 -23 -24 25 -26 -27 27 -29 29 -31
leaf_value=-0.00011638807884330112 -8.9465837261194509e-05 0 0 0 0 0.0001759801786547067 8.5092096479710332e-07 0 0 0 0 -0.00017111844828197637 7.7151338562658073e-05 -2.1798064148054202e-05 0 -0.0001694323653906592 0 0 0 3.932572507560052e-05 -0.00012106331343662575 0 0 6.9739340381875427e-05 0 0 0 0 -0.00010082209012619164 0
leaf_weight=58 106 74 37 24 37 113 5331 50 247 59 20 89 408 190 146 34 33 41 182 246 118 24 24 192 130 458 51 258 180 30
leaf_count=58 106 74 37 24 37 113 5331 50 247 59 20 89 408 190 146 34 33 41 182 246 118 24 24 192 130 458 51 258 180 30
internal_value=0 4.93952e-06 5.57551e-05 9.21213e-05 0.000114236 0.000140399 -2.67529e-06 0 -2.96814e-05 -7.31756e-05 -0.000103298 -0.000122849 5.65352e-06 1.91129e-05 -3.28288e-06 -1.15633e-06 -4.71981e-05 4.29017e-05 5.38382e-05 1.22506e-06 -9.2022e-05 -0.000105088 -6.3874e-05 6.31926e-06 -1.77359e-05 2.09695e-05 -4.59568e-07 -2.35501e-05 -5.68805e-05 -7.80024e-05
internal_weight=8990 3010 285 211 187 150 5980 2725 465 218 168 148 2260 1125 1135 494 297 631 590 436 151 58 130 838 188 650 5850 519 261 210
internal_count=8990 3010 285 211 187 150 5980 2725 465 218 168 148 2260 1125 1135 494 297 631 590 436 151 58 130 838 188 650 5850 519 261 210
is_linear=0
shrinkage=0.05


Tree=282
num_leaves=31
num_cat=0
split_feature=213 266 269 293 63 329 289 303 285 356 325 217 302 338 59 282 59 59 17 298 223 14 241 361 80 333 54 320 348 342
split_gain=4.41959e-05 0.000143809 0.000150049 0.000173419 0.000251954 0.000161292 0.00015735 0.000190542 0.000127039 0.000116001 0.000101917 0.000268514 0.000329475 0.000185322 0.00027153 0.00019045 0.000209944 0.00017636 0.000236625 0.000184451 0.000152027 0.000128667 0.000205468 0.000183219 0.000202095 0.000173475 0.000164155 0.000212858 0.000140884 0.000303473
threshold=-1.5653174837968005 -0.61124869895763345 -0.93130249389790387 -3.9522993663946777 -3.2230555216471353 -0.16839699943860362 -2.6693487564722695 -2.5920985999274104 -0.081021236876646585 1.6486641240210012 -0.84942424297332753 -0.56010291116547128 -3.4512577324334139 -2.241936927327457 -6.3127085367838527 -1.1402198870976765 -1.1951897939046223 -11.692708710829416 -0.30186690886815376 -0.26280324285229051 -2.1600911045483868 -0.011323550095160749 -0.82590009813537202 0.27763227383708428 -0.41516240437825508 -1.2311445851734117 0.6018249193827313 -1.6920438891297958 -3.2376917997996006 -0.14736040433247891
decision_type=8 10 10 10 2 10 10 10 10 10 8 10 10 10 2 10 2 2 2 10 10 2 10 10 2 10 2 10 10 10
left_child=1 2 3 4 -1 6 7 -4 -3 -10 11 12 -2 14 -12 -16 20 -14 19 -19 -17 22 -15 24 -24 26 27 -23 -27 -30
right_child=10 8 5 -5 -6 -7 -8 -9 9 -11 13 -13 17 21 15 16 -18 18 -20 -21 -22 25 23 -25 -26 28 -28 -29 29 -31
leaf_value=0 0 0 0 0 0.00013132804110608081 0 0 -0.0001710848065537171 8.5987068453680185e-05 0 0 0 0 -1.0936425218179409e-06 0 0 0 0 0 -0.00014826309174331627 0.000140869136192182 0 0 0 8.9204719720011624e-05 1.9175030353454852e-05 0 -6.5931999857716346e-05 -3.3430830443963931e-05 0
leaf_weight=49 55 74 24 210 67 77 38 53 144 20 156 272 58 328 56 34 127 24 45 148 126 134 143 94 211 668 129 347 780 4299
leaf_count=49 55 74 24 210 67 77 38 53 144 20 156 272 58 328 56 34 127 24 45 148 126 134 143 94 211 668 129 347 780 4299
internal_value=0 1.14033e-05 0 1.69639e-05 6.73985e-05 -3.82654e-05 -7.71173e-05 -0.000118238 4.38509e-05 6.87417e-05 -1.21572e-06 -2.10567e-05 -5.33133e-05 0 2.97746e-05 5.71675e-05 7.4592e-05 -8.00294e-05 -0.000100731 -0.000127425 0.000115134 -1.7093e-06 1.61834e-05 3.99882e-05 5.75943e-05 -4.6802e-06 -3.04671e-05 -4.50573e-05 -1.07263e-06 -4.7204e-06
internal_weight=8990 756 518 326 116 192 115 77 238 164 8234 602 330 7632 499 343 287 275 217 172 160 7133 776 448 354 6357 610 481 5747 5079
internal_count=8990 756 518 326 116 192 115 77 238 164 8234 602 330 7632 499 343 287 275 217 172 160 7133 776 448 354 6357 610 481 5747 5079
is_linear=0
shrinkage=0.05


Tree=283
num_leaves=31
num_cat=0
split_feature=297 297 325 301 306 80 341 89 264 227 227 197 85 282 377 279 208 8 219 282 239 315 89 275 202 287 363 243 275 78
split_gain=4.42544e-05 0.000287343 0.000322655 0.000277579 0.000373314 0.000262553 0.000143245 0.000204255 0.000284084 0.000223212 0.000218334 0.000206062 0.000227398 0.000189823 0.000133439 0.000179982 0.000246824 0.000245373 0.000247219 0.000159774 0.000234483 0.000224398 0.00014318 0.000180409 0.000137006 0.000134006 0.000133332 0.000123246 0.000330511 0.000246211
threshold=0.15073396265506753 0.19523735841115317 0.21535181005795798 -0.035249873995780896 1.4813918548213112 1.6812233924865725 1.1888070901234946 3.4850718180338545 -0.14633487288805411 0.57377664553887586 1.0497313874521259 0.52305245230791464 2.6065177917480473 1.0341935952504475 -0.14548165553081727 2.0091201545305855 2.4077488885971516 5.246219952901205 0.25554337608850558 2.6226043698951433e-06 1.0940161351728312 2.117249749142283 3.5781243642171225 0.11061245626208221 -0.42548492049703351 0.082051581392685119 -0.52259750807069083 0.49338892654098215 0.092204432078902374 0.84432188669840513
decision_type=10 10 10 10 10 2 8 2 10 10 10 10 2 10 2 10 10 2 10 10 10 10 2 10 10 10 10 8 10 2
left_child=6 2 3 -2 5 -5 27 8 -8 -9 13 12 -11 26 19 22 17 18 -17 -3 21 24 23 -16 -21 -25 -10 28 29 -1
right_child=1 14 -4 4 -6 -7 7 9 10 11 -12 -13 -14 -15 15 16 -18 -19 -20 20 -22 -23 -24 25 -26 -27 -28 -29 -30 -31
leaf_value=0 0 -2.4523232418872049e-06 0 -0.00023409628166696624 0 0 0 -8.0731842992051608e-05 0 0 0 0 0.000156513339755287 0 0 0 -2.0631224236052537e-05 0 0.00012806442748922005 0 0 0 0 -7.4933829064201184e-05 8.9296868132378003e-05 0 0.00014629311224570969 -1.3225846342590406e-05 2.6661957584923707e-05 -4.8234790216793475e-05
leaf_weight=3481 26 150 173 71 21 24 67 71 20 36 36 94 48 21 122 20 45 22 118 20 172 42 475 281 267 23 138 1422 1208 276
leaf_count=3481 26 150 173 71 21 24 67 71 20 36 36 94 48 21 122 20 45 22 118 20 172 42 475 281 267 23 138 1422 1208 276
internal_value=0 -6.50743e-06 -5.05791e-05 -0.000106533 -0.000140954 -0.000184578 1.81897e-06 2.6784e-05 5.62203e-05 0 8.6296e-05 2.30503e-05 8.5151e-05 0.000109506 0 -9.12063e-06 2.28997e-05 6.63785e-05 9.7724e-05 1.92624e-05 3.57411e-05 6.10435e-05 -2.19566e-05 -4.31227e-05 7.89014e-05 -6.39432e-05 0.000128787 0 3.4576e-06 -2.67307e-06
internal_weight=8990 2072 315 142 116 95 6918 531 282 249 215 178 84 179 1757 1106 205 160 138 651 501 329 901 426 287 304 158 6387 4965 3757
internal_count=8990 2072 315 142 116 95 6918 531 282 249 215 178 84 179 1757 1106 205 160 138 651 501 329 901 426 287 304 158 6387 4965 3757
is_linear=0
shrinkage=0.05


Tree=284
num_leaves=31
num_cat=0
split_feature=58 236 322 66 310 330 341 373 269 194 345 307 245 255 291 86 341 16 86 56 29 286 65 288 13 245 312 279 357 312
split_gain=4.64807e-05 0.000149902 0.00013814 0.00014657 0.000133878 0.000142921 9.34699e-05 0.000208744 0.000211293 0.000205878 0.000290643 0.00020626 0.000334099 0.000192296 0.0002139 0.000183684 0.000169409 0.000215903 0.000240657 0.000249796 0.000166213 0.000161141 0.000203386 0.000150393 0.000127986 0.000109322 9.01591e-05 0.00022522 0.000218657 0.00026393
threshold=3.6881326039632163 1.2481469263282086 0.07295314470926921 14.133228937784834 0.70393454401401967 0.31800381342569967 1.1205688714981081 -0.86983170434727164 0.64410340217075379 0.59730456467827187 1.1107220252354943 2.4279512210873535 1.2369724282081251 1.6448461892339299 0.6177550951639813 0.91778345902760827 0.76036206881205226 1.3391846815745037 0.59661318858464563 1.2588817675908408 0.73010834058125818 0.1014158638815084 -0.65579724311828602 0.74725178877512621 0.030076956997315055 1.5442023719071769 2.0026621820256998 0.099279838456062211 2.2758887870181956 3.1711986430729362
decision_type=2 10 10 2 10 10 8 2 10 10 10 10 10 10 10 2 10 2 2 2 2 10 2 10 2 10 10 10 10 10
left_child=6 2 -2 4 -4 -6 16 8 13 10 -10 12 -11 14 -8 21 26 18 -18 23 -12 22 -9 -20 -24 -16 27 -1 29 -28
right_child=1 -3 3 -5 5 -7 7 15 9 11 20 -13 -14 -15 25 -17 17 -19 19 -21 -22 -23 24 -25 -26 -27 28 -29 -30 -31
leaf_value=-2.1920489337056596e-06 0 0 0 0 0 -0.00019833193412725861 0 0 0 0.00011288224384177915 0 0 0 0 0.00010587193432130918 0 0 0 -0.00017281265456919561 0 -0.00010927505409569422 0 -0.00020677221915174791 0 0 0 -8.6562079685256036e-05 1.8314980859998228e-05 0 0
leaf_weight=4558 35 210 24 70 21 48 57 20 58 130 21 207 128 50 223 155 120 254 86 37 113 25 41 46 23 22 185 1751 204 68
leaf_count=4558 35 210 24 70 21 48 57 20 58 130 21 207 128 50 223 155 120 254 86 37 113 25 41 46 23 22 185 1751 204 68
internal_value=0 -1.66778e-05 -4.96463e-05 -7.14919e-05 -0.000113533 -0.000149031 5.59786e-07 1.34154e-05 2.60401e-05 9.43641e-07 -3.29363e-05 2.56872e-05 5.64527e-05 5.86679e-05 7.48527e-05 -1.58952e-05 -9.95333e-07 -2.81196e-05 -5.79004e-05 -9.63815e-05 -8.35009e-05 -6.94312e-05 -0.00010509 -0.000128913 -0.00014974 9.53294e-05 4.42913e-07 2.70717e-06 -1.98709e-05 -5.35994e-05
internal_weight=8990 408 198 163 93 69 8582 1273 1009 657 192 465 258 352 302 264 7309 543 289 169 134 109 84 132 64 245 6766 6309 457 253
internal_count=8990 408 198 163 93 69 8582 1273 1009 657 192 465 258 352 302 264 7309 543 289 169 134 109 84 132 64 245 6766 6309 457 253
is_linear=0
shrinkage=0.05


Tree=285
num_leaves=31
num_cat=0
split_feature=243 222 370 244 88 75 31 269 370 363 21 254 22 218 5 314 354 68 345 250 302 212 212 209 371 219 222 24 225 91
split_gain=4.58373e-05 0.000164302 0.000157873 0.00021995 0.000190939 0.000192919 0.000162759 0.000154129 0.000299279 0.000502208 0.000263874 0.00041182 0.000240901 0.000252672 0.00021703 0.000352222 0.000220295 0.000272865 0.000204883 0.000191463 0.000196743 0.000152279 0.000240922 0.000182522 0.000184919 0.000205718 0.000219307 0.000146582 0.00022483 0.000210669
threshold=-0.59927267842897602 -0.61275759896867332 0.77814201863970989 0.14390318685372153 -1.0619255900382989 0.86520862579345714 -0.49410197138786299 0.36226707944629605 0.32883384097091095 0.61787950595945162 1.3491773605346682 -0.9925018091536858 1.794862190882365 -0.85978540807438775 1.6769463221232102 -0.11669393132035029 3.0361837376357514 0.082623044649759905 1.2043414910634362 0.23984465896048712 0.82867755999361181 -0.19437782944512907 0.61481921403676576 -2.1506131596833762 0.65523773507603844 -1.5547397116402073 0.27053733960103526 1.0144524971644084 2.3303714029779958 7.0693661371866865
decision_type=8 8 2 10 2 2 2 8 2 8 2 10 2 10 2 10 10 2 10 8 10 10 10 10 2 10 10 2 8 2
left_child=21 2 -2 4 -4 6 -6 8 9 10 11 -3 13 -10 15 -9 17 -17 -15 20 -16 -1 23 -23 25 -25 -27 28 -21 -29
right_child=1 7 3 -5 5 -7 -8 14 12 -11 -12 -13 -14 18 19 16 -18 -19 -20 27 -22 22 -24 24 -26 26 -28 29 -30 -31
leaf_value=0 0 0 0 0 0 0 -0.00010504029135426063 1.1817595929720566e-05 0 3.035348369883011e-05 0 -0.00015284457010297315 0 5.6315449179889619e-05 7.2207831298432769e-05 -0.00015111565150548886 0 -3.0566776933197178e-05 0 -9.8256400370448439e-07 0 0 0 0 0 0.00014002731297611603 0 0 -7.0431324564251198e-05 7.6294220704438583e-05
leaf_weight=1952 433 21 75 117 29 52 250 317 144 142 100 129 660 809 184 87 66 778 184 954 263 72 183 33 23 155 30 470 171 107
leaf_count=1952 433 21 75 117 29 52 250 317 144 142 100 129 660 809 184 87 66 778 184 954 263 72 183 33 23 155 30 470 171 107
internal_value=0 -2.39783e-06 -2.16554e-05 -4.01453e-05 -5.85663e-05 -7.51576e-05 -9.18103e-05 3.19437e-09 1.11836e-05 -2.27048e-05 -7.2834e-05 -0.000115039 2.13592e-05 3.53646e-05 -5.72966e-06 -2.27654e-05 -3.99106e-05 -4.84871e-05 4.5476e-05 1.83761e-06 3.23547e-05 5.60752e-06 3.03735e-05 5.81845e-05 7.93034e-05 9.52466e-05 0.000116051 -3.24103e-06 -1.59881e-05 1.2947e-05
internal_weight=8990 6542 956 523 406 331 279 5586 2189 392 250 150 1797 1137 3397 1248 931 865 993 2149 447 2448 496 313 241 218 185 1702 1125 577
internal_count=8990 6542 956 523 406 331 279 5586 2189 392 250 150 1797 1137 3397 1248 931 865 993 2149 447 2448 496 313 241 218 185 1702 1125 577
is_linear=0
shrinkage=0.05


Tree=286
num_leaves=31
num_cat=0
split_feature=366 346 353 336 188 37 49 365 373 3 283 336 72 321 256 3 316 79 239 256 252 234 361 76 370 268 239 241 35 216
split_gain=4.5536e-05 0.00019956 0.000317655 0.0002879 0.0002384 0.000226272 0.000159506 0.000208928 0.000166769 0.000159054 0.000207487 0.000270443 0.000219861 0.000208057 0.000206324 0.000363633 0.000374125 0.000224354 0.000286537 0.000205602 0.000307259 0.000271237 0.000224235 0.000222801 0.000235741 0.000202281 0.000183459 0.00023222 0.000289078 0.000267868
threshold=0.09158148429263066 4.4788416624069223 0.55915035650751521 2.5266240630148826 1.379541878397571 1.6780169804890952 9.0914529164632167 1.6049233119504438 -3.4848541581231371 0.99999990065892552 -0.37219387292861933 -0.75422441979023169 1.7417159875233972 -1.9700904284418035 -0.2570345778665592 2.2369119326273608 -0.9125915493033081 0.74845540523529064 -1.1287737898020629 0.49431518245827211 -0.18509338281242407 -0.68020288956117503 2.2529807192957594 2.3945539792378745 1.1626087342636777 0.048344334041458659 0.33295567963989531 1.3824218106173618 0.80792530377705896 0.96192773508239104
decision_type=2 10 10 10 10 2 2 10 2 2 10 10 2 10 10 2 8 2 8 10 8 8 10 2 2 10 10 10 2 10
left_child=9 4 5 -4 -2 -3 7 -5 -9 10 11 -1 13 -13 15 16 -11 18 -18 20 23 -22 -23 24 -12 -17 -16 28 -28 -30
right_child=1 2 3 6 -6 -7 -8 8 -10 14 19 12 -14 -15 26 25 17 -19 -20 -21 21 22 -24 -25 -26 -27 27 -29 29 -31
leaf_value=0 -3.3319038431525226e-06 -0.00015960692142521287 1.5170717215375305e-05 0 5.9501169768270132e-05 0 0 0 -0.00014419355788216441 0 -2.4577832835293123e-05 0 0 0.00011774681824842574 -1.4828593833295402e-05 -7.64242771284363e-05 0 0 0.00012034261550294009 1.159521398309715e-05 0 -7.5420136312319864e-05 0 0.00010779197719341145 1.4405087893204386e-05 0 0 -1.036202437934642e-05 8.9928224448704451e-05 0
leaf_weight=660 1672 76 299 25 163 24 65 21 96 312 1072 41 36 139 877 91 38 62 274 476 103 498 49 37 439 90 379 356 272 248
leaf_count=660 1672 76 299 25 163 24 65 21 96 312 1072 41 36 139 877 91 38 62 274 476 103 498 49 37 439 90 379 356 272 248
internal_value=0 -6.03994e-06 -3.11458e-05 -4.25695e-06 0 -0.000117113 -5.64558e-05 -8.63216e-05 -0.000116201 1.94543e-06 -4.24023e-06 1.44378e-05 6.30378e-05 8.84308e-05 1.09346e-05 3.17551e-05 5.06058e-05 8.48349e-05 0.000102097 -1.22292e-05 -1.96637e-05 -4.95265e-05 -6.44523e-05 -3.89222e-06 -9.94284e-06 -1.20699e-05 1.216e-07 1.4553e-05 2.99804e-05 5.42525e-05
internal_weight=8990 2441 606 506 1835 100 207 142 117 6549 3550 876 216 180 2999 867 686 374 312 2674 2198 650 547 1548 1511 181 2132 1255 899 520
internal_count=8990 2441 606 506 1835 100 207 142 117 6549 3550 876 216 180 2999 867 686 374 312 2674 2198 650 547 1548 1511 181 2132 1255 899 520
is_linear=0
shrinkage=0.05


Tree=287
num_leaves=31
num_cat=0
split_feature=66 72 285 54 3 363 247 284 254 9 324 377 85 22 275 87 301 310 258 212 376 78 296 336 250 12 356 27 359 268
split_gain=4.38073e-05 0.000211709 0.000178241 0.000305595 0.000293329 0.000164253 0.000226484 0.000349199 0.000275126 0.000143764 0.000124035 0.000246534 0.000206486 0.000111699 0.000194342 0.000267924 0.000141568 0.000132728 0.000246398 0.000217524 0.000228658 0.000205803 0.000222605 0.000191941 0.000350428 0.000339325 0.000248756 0.000430817 0.000186583 0.000186577
threshold=11.366523106892904 4.1930243174235029 0.13568850855032596 0.39245516061782842 0.43159510691960656 2.359857070531123 0.69259945007634882 0.37738633155822754 1.6133826687994954 2.4025084177653002 0.91777874032656348 1.4582800730665504 -0.19452019532521561 2.3653865655263266 0.63403833378626728 1.7531217734018965 0.19407492130994794 1.2644400215081519 0.87691321826952595 2.0029912326444825 -0.014259483797963249 1.0144015947977703 0.042724196488658557 0.43044907962075174 -0.025610367517570596 0.018518523002664204 0.87721905532950295 -0.18018782138824455 1.1575144365647871 1.0166570869779761
decision_type=2 2 10 2 2 8 8 10 10 2 10 2 2 2 10 2 10 10 10 10 2 2 10 10 10 2 10 2 10 10
left_child=5 2 3 -2 -5 13 7 8 -7 -6 11 12 -3 17 -15 16 -16 23 19 20 -19 22 -20 26 25 -25 28 -28 -1 -26
right_child=1 10 -4 4 9 6 -8 -9 -10 -11 -12 -13 -14 14 15 -17 -18 18 21 -21 -22 -23 -24 24 29 -27 27 -29 -30 -31
leaf_value=3.2008841270677095e-06 0 0 0 0 -0.00017423914980741319 0.00015271632133318413 0 0 0 0 -4.8809586244542738e-08 0 0.00011726819618223821 0 -0.00020353107314557942 -9.624450847731762e-06 0 0 -9.1421183408208682e-05 0 7.5563115787238177e-05 1.8367424799464795e-05 0 0 -1.4421885645912571e-05 -0.00010577292087778833 0 0.00012884800482656825 -3.3818031987237336e-05 4.0000752276273247e-05
leaf_weight=3992 115 20 160 40 96 109 309 35 37 20 177 41 106 498 42 358 21 95 119 49 363 224 50 173 657 193 208 105 372 206
leaf_count=3992 115 20 160 40 96 109 309 35 37 20 177 41 106 498 42 358 21 95 119 49 363 224 50 173 657 193 208 105 372 206
internal_value=0 -1.1492e-05 -3.77764e-05 -6.25538e-05 -0.00010812 9.33131e-07 2.91846e-05 7.36988e-05 0.00011273 -0.000148438 6.91056e-06 4.42045e-05 8.64699e-05 -2.11986e-07 -1.70625e-05 -4.22989e-05 -0.000148424 1.32888e-06 1.9486e-05 4.34594e-05 5.72524e-05 0 -5.09464e-05 -5.91735e-07 -1.88344e-05 -5.98659e-05 3.13325e-06 4.61832e-05 0 0
internal_weight=8990 775 431 271 156 8215 490 181 146 116 344 167 126 7725 919 421 63 6806 900 507 458 393 169 5906 1229 366 4677 313 4364 863
internal_count=8990 775 431 271 156 8215 490 181 146 116 344 167 126 7725 919 421 63 6806 900 507 458 393 169 5906 1229 366 4677 313 4364 863
is_linear=0
shrinkage=0.05


Tree=288
num_leaves=31
num_cat=0
split_feature=54 34 334 335 42 254 56 258 244 244 59 78 70 252 320 303 202 207 208 249 236 363 331 26 80 243 4 228 202 249
split_gain=4.51667e-05 0.000161081 0.000152712 0.000236993 0.000200572 0.000185788 0.000185931 0.000145602 0.000138023 0.000237918 0.000229676 0.000482061 0.00042674 0.000346998 0.000222595 0.000235164 0.000177668 0.000161105 0.000344188 0.000306449 0.000443098 0.000240194 0.000285785 0.000280233 0.000220003 0.00029102 0.000209463 0.000159133 0.00014389 0.000178094
threshold=1.9638298352559411 1.072386185328166 -0.51884865055970908 2.7643853967850456 -1.0369359254837034 -0.46700413450524297 1.5475201606750491 1.8089975589088885 0.91098482879289744 0.69249826108415202 2.6804480552673344 0.330065260330836 0.0006614352654044001 1.6667209264611245 3.0859074926041337 -0.011341650893229098 1.8690107014007531 0.2944930198714712 -0.21404009069983237 0.1386941128063621 0.64190538594817237 -0.97468100006616176 -0.40364634198216948 0.93507039546966564 1.0835421880086262 0.47967055298973876 2.1405089696248383 1.3611269996540545 2.0351213936241836 1.8144355748835683
decision_type=2 2 10 10 2 10 2 10 10 10 2 2 2 10 10 10 10 10 10 10 10 10 10 2 2 10 2 10 10 10
left_child=8 2 -2 4 -4 -6 -7 -3 9 17 11 -11 -13 -14 15 -10 27 18 19 -1 -21 -19 23 -23 25 -20 -24 -16 29 -17
right_child=1 7 3 -5 5 6 -8 -9 14 10 -12 12 13 -15 16 28 -18 21 24 20 -22 22 26 -25 -26 -27 -28 -29 -30 -31
leaf_value=0 3.0098046399695062e-06 3.6474964228052095e-05 0 0 0 -8.8695948676700676e-05 0 -1.5997076803488529e-05 -2.0271446891309816e-06 0 0 0 -0.00020559198556063091 0 0 2.6041571575283164e-05 0 -1.2928373098651402e-05 -1.1967411405024152e-05 9.2999046950553669e-05 -2.5949420192485178e-06 0 0 0.00013667493513889648 3.3721011609170045e-06 -7.4770327843579464e-05 5.055796390978116e-05 -0.00010068712310771155 0 0.00011468421500688041
leaf_weight=2723 98 282 141 148 35 365 58 98 204 62 133 81 102 21 50 675 107 271 1066 230 68 33 561 119 349 340 249 89 97 135
leaf_count=2723 98 282 141 148 35 365 58 98 204 62 133 81 102 21 50 675 107 271 1066 230 68 33 561 119 349 340 249 89 97 135
internal_value=0 -9.11752e-06 -2.35358e-05 -3.37109e-05 -4.90522e-05 -6.51252e-05 -7.54315e-05 9.78762e-06 1.19428e-06 -1.16136e-06 -3.88343e-05 -6.64806e-05 -0.000108014 -0.000167363 1.60016e-05 2.75397e-05 -1.57801e-05 5.08664e-07 -2.77112e-06 6.21479e-06 5.44192e-05 1.72669e-05 3.09704e-05 0.000100105 -2.10875e-05 -3.07146e-05 1.18141e-05 -6.02805e-05 3.97013e-05 4.69998e-05
internal_weight=8990 1225 845 747 599 458 423 380 7765 6408 399 266 204 123 1357 1111 246 6009 4776 3021 298 1233 962 152 1755 1406 810 139 907 810
internal_count=8990 1225 845 747 599 458 423 380 7765 6408 399 266 204 123 1357 1111 246 6009 4776 3021 298 1233 962 152 1755 1406 810 139 907 810
is_linear=0
shrinkage=0.05


Tree=289
num_leaves=31
num_cat=0
split_feature=58 223 288 20 357 22 46 198 305 63 68 320 6 317 250 257 311 272 258 72 10 275 6 314 58 338 14 303 89 80
split_gain=4.38258e-05 0.000196139 0.000270958 0.0006004 0.000312545 0.00029638 0.000258163 0.000223905 0.000215846 0.000315157 0.000177422 0.000166971 0.000104975 0.000245659 0.000188716 0.000207923 0.000214398 0.000182695 0.000220853 0.000249062 0.000194395 0.000245629 0.000150276 0.000140236 0.000156688 0.000242582 0.000160923 0.000153959 0.000162114 0.000183839
threshold=-1.3258773485819497 -1.3380407234741891 -0.5397069056828816 -3.2560841242472325 -1.198587207091659 -2.5418925285339355 0.082684559126694965 -1.3044667286867098 -1.2538601030240439 -2.4990716775258384 -0.030955483516057297 0.47200613117544715 -1.4985912640889485 -0.6092628487879671 -0.96688965187303411 0.36699171169698758 -2.1225742213203356 -0.79464888949124346 -0.83662358209338994 -4.7598894437154122 -0.1445327401161193 0.33905679418402918 -2.2931977113087969 -1.7435676245385048 -0.42303466796874994 -3.4719449941090206 -0.015147851159175199 -1.4884598184340978 -7.9518400828043605 0.29597020149230963
decision_type=2 8 10 2 10 2 2 10 10 2 2 10 2 10 10 10 10 8 10 2 2 10 2 10 2 10 2 10 2 2
left_child=1 8 3 7 5 -4 -6 -3 -1 -10 -11 -8 13 23 -15 16 -16 18 -14 -20 -21 -22 -18 24 25 -2 -27 -25 -29 -30
right_child=12 2 4 -5 6 -7 11 -9 9 10 -12 -13 17 14 15 -17 22 -19 19 20 21 -23 -24 27 -26 26 -28 28 29 -31
leaf_value=0 0 0 -0.00015878057724475809 0 0 0 0.0001322929021319049 0.00023939213881910503 0 -0.00027535883758093431 0 0 0 0 0 0 0 -9.995928563696717e-07 0 0 0.00011646447367994687 0 -0.00015492583851945752 0 0 -0.00013941478665635903 0 0 8.918487882551951e-05 0
leaf_weight=71 29 26 51 121 60 26 74 57 20 24 20 26 236 100 25 37 32 6597 67 35 201 27 116 144 432 81 20 29 179 27
leaf_count=71 29 26 51 121 60 26 74 57 20 24 20 26 236 100 25 37 32 6597 67 35 201 27 116 144 432 81 20 29 179 27
internal_value=0 1.318e-05 3.47992e-05 7.70462e-05 0 -8.42565e-05 3.82322e-05 0.000180671 -2.04063e-05 -9.64158e-05 -0.000177138 9.37309e-05 -1.0619e-06 -1.46687e-05 -5.33722e-05 -8.03118e-05 -0.000104075 6.16647e-07 2.82839e-05 5.51773e-05 7.8654e-05 9.62616e-05 -0.00012759 0 -1.76857e-05 -6.60478e-05 -0.00010776 2.14714e-05 4.8791e-05 6.84249e-05
internal_weight=8990 576 441 204 237 77 160 83 135 64 44 100 8414 1251 310 210 173 7163 566 330 263 228 148 941 562 130 101 379 235 206
internal_count=8990 576 441 204 237 77 160 83 135 64 44 100 8414 1251 310 210 173 7163 566 330 263 228 148 941 562 130 101 379 235 206
is_linear=0
shrinkage=0.05


Tree=290
num_leaves=31
num_cat=0
split_feature=368 39 260 376 223 291 261 190 248 223 234 40 376 198 370 9 81 357 371 289 337 303 37 253 19 226 368 40 231 363
split_gain=4.48773e-05 0.000141789 0.000288705 0.000201715 0.000238942 0.000301652 0.000412915 0.00014468 0.000252516 0.00022706 0.000297503 0.000128296 0.000214431 0.00017302 0.000150889 0.000262434 0.000167594 0.000135006 0.000118529 0.000237401 0.000418251 0.000480472 0.000272143 0.000143558 0.000259385 0.000235647 0.000348597 0.000359902 0.000229939 0.00022351
threshold=56.139556870007539 -0.34836337963740022 -0.7129149178823927 -0.10693377420418414 -0.98504469794278271 -4.0871228079001094 -0.053588776990030097 -0.86895868504062601 -0.2872339421926991 -1.8084170446783905 0.15571767347389992 3.0067663192749028 0.097570569451990219 1.3410185146544631 0.22077955381298306 2.3371306260426841 0.42276630798975628 2.1374279422044489 -1.9108792937472332 -5.3402433395385733 -1.076667285492624 -0.61166900598393992 -0.308011084794998 1.391261738992299 7.1823619206746434 1.2735123009982854 352.56860952226435 -0.56359374523162831 1.3824686820938461 -1.0666828480344506
decision_type=2 2 10 2 10 10 10 10 10 10 10 2 2 10 2 2 2 8 2 10 10 10 2 10 2 10 2 2 10 10
left_child=1 2 7 -4 -5 -6 -7 -1 9 -9 -11 14 13 -13 15 16 17 -3 -2 20 -20 22 -22 24 -21 26 27 -25 29 -26
right_child=18 11 3 4 5 6 -8 8 -10 10 -12 12 -14 -15 -16 -17 -18 -19 19 23 21 -23 -24 25 28 -27 -28 -29 -30 -31
leaf_value=1.0760711415848208e-05 3.8771909369605922e-05 -0.00010569727772465325 0 0 0 0.00012814776690261881 0 0 0 -0.00013519442017722067 0 0.00013269266922544257 0 0 0 2.1360265951672144e-06 0 0 0 -4.2680057333731065e-07 -0.00032380790768660195 0 0 0 0 0 2.0173605730839829e-06 -9.6238899252823134e-05 0 0.0001182624575924846
leaf_weight=470 129 167 76 100 65 244 194 27 69 123 41 69 66 23 2526 93 137 20 277 3063 35 50 23 59 31 253 77 293 62 128
leaf_count=470 129 167 76 100 65 244 194 27 69 123 41 69 66 23 2526 93 137 20 277 3063 35 50 23 59 31 253 77 293 62 128
internal_value=0 3.29683e-06 1.68221e-05 4.06202e-05 5.19046e-05 6.646e-05 8.24234e-05 0 -3.43706e-05 -7.00809e-05 -9.5805e-05 -1.23664e-06 3.9609e-05 9.227e-05 -5.12967e-06 -3.30161e-05 -5.8531e-05 -9.04089e-05 -3.75509e-06 -6.16594e-06 -4.42228e-05 -0.000128995 -0.000227231 -1.20986e-06 1.75214e-06 -2.28011e-05 -4.68971e-05 -7.17951e-05 5.45524e-05 8.80272e-05
internal_weight=8990 4510 1409 679 603 503 438 730 260 191 164 3101 158 92 2943 417 324 187 4480 4351 385 108 58 3966 3284 682 429 352 221 159
internal_count=8990 4510 1409 679 603 503 438 730 260 191 164 3101 158 92 2943 417 324 187 4480 4351 385 108 58 3966 3284 682 429 352 221 159
is_linear=0
shrinkage=0.05


Tree=291
num_leaves=31
num_cat=0
split_feature=254 363 63 311 36 265 253 234 253 237 211 274 244 356 209 257 353 260 241 236 253 279 365 375 283 226 29 352 347 41
split_gain=4.19727e-05 0.000194935 0.000183011 0.000351858 0.000214009 0.000241799 0.000144853 0.000162577 0.000229301 0.000200639 0.000216139 0.000193153 0.000297013 0.000118918 0.000106259 9.91961e-05 9.82342e-05 0.00013419 9.81751e-05 8.93701e-05 8.56819e-05 0.000282243 0.000217087 0.000273907 0.000280027 0.000188028 0.000373318 0.000350401 0.000313284 0.000177143
threshold=-1.1677321770321545 -1.8474811433406657 1.2521664301554363 -1.3680083947928121 0.8233898083368939 -0.60149153330507765 -0.16882617846180031 -0.80901188042648475 -1.9206608167290866 -0.76509682483922925 -1.4734494451897355 -0.59171413812377227 -1.12020231076786 1.0688773059962517 -2.0105195050760067 0.18080363081827669 -0.28068926200841504 -1.2831514515423472 -1.0653818542288562 -0.67453926043934243 0.17229978254178768 0.17695242292411087 0.9876357822930677 -0.36917814559065137 0.61156786481539416 -0.30337027881516726 0.98710155487060558 0.0010442237059275501 2.986622492472331 -0.17640785376230866
decision_type=8 8 2 10 2 10 10 10 10 10 10 10 10 10 10 10 10 10 10 10 8 8 10 2 10 10 2 10 10 2
left_child=6 2 3 19 5 -5 7 9 -9 10 -1 12 -12 14 -8 -7 17 -11 -16 -2 25 22 23 -22 -25 29 27 28 -27 -3
right_child=1 20 -4 4 -6 15 13 8 -10 16 11 -13 -14 -15 18 -17 -18 -19 -20 -21 21 -23 -24 24 -26 26 -28 -29 -30 -31
leaf_value=0 -2.9550476303833925e-05 5.2553277052452867e-06 0 0 0 -0.00024441381416205225 0 -9.7564564803112987e-05 0 0 4.9399902735470273e-06 0 0.00016450871118402937 0 0 0 0 -8.3541477339600428e-05 0.00010827719498813013 4.013234275317197e-05 0 9.9151160679151768e-08 0 -8.6965378504455797e-05 0 9.2016631647532057e-05 -2.047662621987367e-06 1.1469100242574312e-06 0 -2.4166230442324398e-05
leaf_weight=275 132 1299 77 50 43 54 20 83 381 26 161 36 89 44 20 21 37 89 107 67 94 2713 194 361 39 373 780 526 75 724
leaf_count=275 132 1299 77 50 43 54 20 83 381 26 161 36 89 44 20 21 37 89 107 67 94 2713 194 361 39 373 780 526 75 724
internal_value=0 -1.61219e-06 -3.3793e-05 -5.12624e-05 -0.000104745 -0.000137911 7.88785e-06 0 -2.16614e-05 1.62662e-05 3.40225e-05 6.4489e-05 8.17815e-05 4.83779e-05 7.11443e-05 -0.000199328 -1.63749e-05 -4.98799e-05 8.91518e-05 0 0 -5.36406e-06 -3.41705e-05 -5.21964e-05 -7.12463e-05 5.55001e-06 1.80346e-05 3.92484e-05 7.28152e-05 -2.80341e-06
internal_weight=8990 7622 444 367 168 125 1368 1177 464 713 561 286 250 191 147 75 152 115 127 199 7178 3401 688 494 400 3777 1754 974 448 2023
internal_count=8990 7622 444 367 168 125 1368 1177 464 713 561 286 250 191 147 75 152 115 127 199 7178 3401 688 494 400 3777 1754 974 448 2023
is_linear=0
shrinkage=0.05


Tree=292
num_leaves=31
num_cat=0
split_feature=216 375 77 371 336 283 70 231 58 285 268 237 212 223 93 265 353 281 11 266 249 267 247 69 310 10 317 15 293 279
split_gain=4.2039e-05 0.000184892 0.000205047 0.000215088 0.000233782 0.000258347 0.000272947 0.000178918 0.0002728 0.000214675 0.000217087 0.000155366 0.000179842 0.000201809 0.000250408 0.000265891 0.000240354 0.000225644 0.000208507 0.00017421 0.00016754 0.000160193 0.000213463 0.000138709 0.000199389 0.00013481 0.000124511 0.000116773 0.000113554 0.000304071
threshold=-0.60182309655193966 -1.2437494608578048 -0.70542053381601955 -0.049309355628457043 -1.0499871490272417 0.34595121443271643 -1.2868293921152747 -0.11917751367889358 -1.7704634666442869 -0.0020622620359062494 -1.2164170453761745 -1.2563089568346137 0.48095826967477706 -1.0317094960793405 0.71702615420023619 -1.5097295940122477 -1.5714885394382285 -1.3871413135299908 0.035052710523207957 -2.1142974602290812 -1.0536292212449958 -0.50844213316497433 -1.2268187363273675 -3.9071154594421382 -2.5773313703915419 -0.080351610978444329 -1.3955023617848359 0.54980826377868663 1.907348633034545e-06 0.98391853600541246
decision_type=10 2 2 2 10 10 2 10 2 10 10 8 8 10 2 10 10 10 2 10 10 10 10 2 10 2 8 2 10 10
left_child=11 25 7 4 26 6 -6 8 -3 10 -10 20 13 17 -15 -16 -17 18 19 -13 -1 22 -19 -22 -25 -2 -4 -28 29 -5
right_child=1 2 3 28 5 -7 -8 -9 9 -11 -12 12 -14 14 15 16 -18 21 -20 -21 23 -23 -24 24 -26 -27 27 -29 -30 -31
leaf_value=0 0 0 9.8166828229240021e-06 0 -6.8483807494396405e-07 -1.2582117416601352e-05 4.8026972246058764e-05 0 0 0 -0.00011169964793679204 0 7.8287705958436377e-06 0 0 0 -0.00010826949537330454 0 0 -0.0001244256633846645 0 -5.9064378012057199e-06 7.229372552212291e-05 0 0.00010500366319265045 9.021807629421187e-05 -5.6518078374978569e-05 0 1.1844664460855089e-06 -7.9827096580891335e-05
leaf_weight=418 74 44 163 921 131 144 1060 115 22 36 214 27 333 322 50 109 274 113 36 91 20 117 199 21 122 101 188 73 3286 166
leaf_count=418 74 44 163 921 131 144 1060 115 22 36 214 27 333 322 50 109 274 113 36 91 20 117 199 21 122 101 188 73 3286 166
internal_value=0 1.87261e-06 0 2.85643e-06 1.79812e-05 2.92192e-05 3.84717e-05 -3.27572e-05 -5.36512e-05 -7.64876e-05 -9.49502e-05 -6.01455e-06 -1.52323e-05 -2.47085e-05 -4.18333e-05 -6.70565e-05 -8.25746e-05 0 -5.4254e-05 -9.08545e-05 1.189e-05 1.60486e-05 4.03015e-05 5.54233e-05 7.69698e-05 5.26759e-05 -5.61156e-06 -3.43966e-05 -2.08427e-06 -1.65643e-05
internal_weight=8990 6738 6563 6132 1759 1335 1191 431 316 272 236 2252 1671 1338 755 433 383 583 154 118 581 429 312 163 143 175 424 261 4373 1087
internal_count=8990 6738 6563 6132 1759 1335 1191 431 316 272 236 2252 1671 1338 755 433 383 583 154 118 581 429 312 163 143 175 424 261 4373 1087
is_linear=0
shrinkage=0.05


Tree=293
num_leaves=31
num_cat=0
split_feature=0 32 188 271 262 11 52 7 310 348 30 300 262 293 188 232 0 276 211 25 72 342 3 256 329 212 191 332 304 195
split_gain=4.15583e-05 0.000123988 0.000194437 0.0002659 0.000113433 0.000160491 0.00017055 0.000166401 0.000155526 0.000251191 0.000143476 0.00014124 0.000211375 0.000321669 0.000228287 0.000208332 0.000222873 0.000180531 0.000155273 0.000132925 0.000291454 0.000129459 9.84068e-05 8.82211e-05 5.32443e-05 6.05968e-05 1.67777e-05 6.89537e-05 0.000118894 4.96736e-05
threshold=2.4144930839538579 0.54034386078516661 2.632619853482919 -0.82498685180047404 1.8576982479309587 0.32865753024816508 0.58082924286524473 4.989567995071412 4.207154328431483 1.3535130620002749 1.6650530497233074 3.3210881551106781 0.80733335617244506 5.1380890409151716 0.94904453053445292 0.67516462002866129 1.7643888791402185 0.44604560164580559 0.53198828341620452 0.082618887225786808 -0.39632668097813922 2.0366436243057255 0.9680062929789226 1.1489114618189225 0.74715209007263195 0.52842625036818691 0.39127540462638538 2.170842453562376 -0.022332798878685146 2.0747632791100457
decision_type=2 2 10 10 8 2 2 2 8 10 2 10 10 10 10 10 2 10 10 2 2 10 2 10 10 8 8 10 10 10
left_child=4 2 3 -2 8 6 -6 24 11 -10 -11 12 13 21 18 19 17 -17 -14 22 -21 -1 -13 -16 25 -8 27 28 -3 -28
right_child=1 26 -4 -5 5 -7 7 -9 9 10 -12 15 14 -15 23 16 -18 -19 -20 20 -22 -23 -24 -25 -26 -27 29 -29 -30 -31
leaf_value=-2.2025177987190408e-06 0 0 0 0.00014308924832754266 0 0 0 0 0 0 0.00022095720724076749 0 0 -0.0001575298152591054 -2.7433723515177864e-05 0 0 -8.0810530020331315e-05 7.0335353904426621e-05 0 0.00012174374315549251 3.4950193309607609e-05 -4.6495651946198498e-05 1.8332867304576475e-05 0 -0.00018333460746920244 3.0854746520400889e-05 0 -9.754294724788573e-05 0
leaf_weight=6264 25 31 31 76 41 97 20 29 54 35 28 53 184 33 196 74 128 288 298 22 71 240 117 217 27 54 137 28 53 39
leaf_count=6264 25 31 31 76 41 97 20 29 54 35 28 53 184 33 196 74 128 288 298 22 71 240 117 217 27 54 137 28 53 39
internal_value=0 1.52187e-05 5.55251e-05 9.40022e-05 -8.77314e-07 -3.28991e-05 -6.35685e-05 -9.26915e-05 0 5.73565e-05 0.000126717 -6.61551e-07 7.89538e-07 -1.6245e-06 2.40056e-05 -2.1621e-05 -4.22022e-05 -6.2844e-05 4.74738e-05 0 5.90997e-05 -6.23069e-08 -6.47658e-06 0 -0.00012317 -0.000149984 0 -1.78223e-05 -4.97307e-05 5.9989e-06
internal_weight=8990 420 132 101 8570 268 171 130 8302 117 63 8185 7432 6537 895 753 490 362 482 263 93 6504 170 413 101 74 288 112 84 176
internal_count=8990 420 132 101 8570 268 171 130 8302 117 63 8185 7432 6537 895 753 490 362 482 263 93 6504 170 413 101 74 288 112 84 176
is_linear=0
shrinkage=0.05


Tree=294
num_leaves=31
num_cat=0
split_feature=46 10 200 12 29 225 367 358 311 202 301 319 237 12 205 286 55 260 230 215 246 279 5 309 213 315 329 328 23 64
split_gain=4.12778e-05 0.000149366 0.000195237 0.000322557 0.000313583 0.000295293 0.000268553 0.000390095 0.000349746 0.000175001 0.000186183 0.000187159 0.000133025 0.000119772 0.000156543 0.000221796 0.000217565 0.000352347 0.000385045 0.00022677 0.000174515 0.000277648 0.000221986 0.000171262 0.000185794 0.000201277 0.000152711 0.000135011 0.000124672 0.000165015
threshold=0.16878440976142881 0.59722237785657251 0.15712556291357987 -0.023155571271975796 0.7945887247721356 -0.32491974217364222 -2.8309817758181453 0.69454054241304408 -1.8807427913254882 0.52206961012211628 0.026260603529711504 2.2879224212664582 0.35233147070209142 0.019528177256385452 1.064318639977776 0.00078483717516065012 1.2951347827911379 1.3236817912833827 0.4652879430938624 0.062680482635639911 1.1703544048648742 0.35446698840490015 1.120192845662435 -0.79927641905197266 0.52036053540273242 -1.2819763766178405 0.96614060302575455 -0.09087979793548584 -0.012268548831343649 3.5042967796325688
decision_type=2 2 8 2 2 10 2 10 10 10 10 10 10 2 10 10 2 10 10 10 10 10 2 10 10 10 10 10 2 2
left_child=1 -1 3 -3 5 -4 -5 8 -8 -6 -11 -12 -7 28 15 23 19 18 -18 27 21 -16 -23 -15 25 -25 -24 -17 -2 -30
right_child=13 2 4 6 9 12 7 -9 -10 10 11 -13 -14 14 20 16 17 -19 -20 -21 -22 22 26 24 -26 -27 -28 -29 29 -31
leaf_value=1.613371155785418e-06 0 0 0 0 9.8223267438321439e-06 0.00019009844665321478 0 0 -0.00010964868911585683 0 -0.0001008767927955844 0 0 -1.3842066802697928e-05 0 0 0 0 -0.00014499452333743783 2.4975910408820764e-07 0 0 0.00012137968707967963 0 0 8.7876297979684096e-05 0 -6.641565662478652e-05 3.1498681508362597e-05 0
leaf_weight=3104 577 315 23 67 207 50 96 139 352 80 137 83 29 151 104 45 39 67 147 695 423 33 150 35 91 183 27 219 1070 252
leaf_count=3104 577 315 23 67 207 50 96 139 352 80 137 83 29 151 104 45 39 67 147 695 423 33 150 35 91 183 27 219 1070 252
internal_value=0 -3.34645e-06 -1.62705e-05 -3.05736e-05 0 8.51161e-05 -5.11637e-05 -6.37183e-05 -8.65784e-05 -9.34319e-06 -3.92274e-05 -6.49065e-05 0.00013669 3.43259e-06 -2.29506e-06 -1.24642e-05 -2.51585e-05 -7.025e-05 -0.000106982 -8.04337e-06 1.39905e-05 4.29923e-05 7.78912e-05 1.01136e-05 3.79968e-05 6.46207e-05 0.000101642 -4.87997e-05 1.33311e-05 2.2159e-05
internal_weight=8990 4682 1578 969 609 102 654 587 448 507 300 220 79 4308 2409 1672 1212 253 186 959 737 314 210 460 309 218 177 264 1899 1322
internal_count=8990 4682 1578 969 609 102 654 587 448 507 300 220 79 4308 2409 1672 1212 253 186 959 737 314 210 460 309 218 177 264 1899 1322
is_linear=0
shrinkage=0.05


Tree=295
num_leaves=31
num_cat=0
split_feature=309 238 366 212 224 243 332 338 357 323 278 257 279 346 244 86 28 271 79 292 54 298 276 72 288 252 279 40 295 268
split_gain=3.94522e-05 0.000162358 0.000178466 0.000204702 0.000298606 0.000271962 0.000161333 0.000195066 0.000331326 0.00021088 0.00014156 0.000166724 0.000149508 0.000204245 0.000138524 0.000132065 0.000120546 0.000116748 9.52605e-05 9.51383e-05 0.000221234 0.000416211 0.000282033 0.000243183 0.000177734 0.000267242 0.000234564 0.000108245 0.000336677 0.00036066
threshold=2.1379945210490829 1.8024606219292101 1.5956676108872057 2.5390994556180142 0.62103162374427423 0.49338892654098215 2.2382195722257503 1.749151396319889 0.79407022930297633 3.1128080089886985 0.73797719305882736 0.51489156183764828 1.0016422777023626 2.1498551368713383 2.2912958841514048 2.5670276184876761 1.0610553920269015 0.41143184266290528 4.0385761260986337 4.6117322842280082 0.66511855522791563 0.12543617437283197 1.4968848287948091 3.8339791297912602 0.62713207801183091 0.40357000422504424 -0.45328569094964338 -1.5967526435852049 -0.61960927645365393 0.50045695000408286
decision_type=10 8 2 10 10 10 8 8 10 10 10 10 8 10 10 2 2 10 2 10 2 10 10 2 10 8 10 2 10 10
left_child=6 10 3 4 -3 -6 19 8 -8 -10 11 -2 -12 -14 16 -7 -15 -11 -13 24 -21 22 23 -22 27 26 -26 28 -1 -30
right_child=1 2 -4 -5 5 15 7 -9 9 17 12 18 13 14 -16 -17 -18 -19 -20 20 21 -23 -24 -25 25 -27 -28 -29 29 -31
leaf_value=0 0 0 0 0 0 -0.00021396836552195757 0 0 0 0 0 -9.6233334993236084e-05 0 0.00011872301582621582 0 0 0 0.00017103909780788609 0 1.3383148605662846e-06 -0.00011446302694199635 0 0 0 0 0 0.00010405754608661977 4.1554447036159676e-06 -0.00010471840316101738 0
leaf_weight=1516 140 24 48 41 20 70 58 194 35 22 280 93 58 119 24 28 23 87 24 605 238 248 47 106 35 216 159 4163 177 92
leaf_count=1516 140 24 48 41 20 70 58 194 35 22 280 93 58 119 24 28 23 87 24 605 238 248 47 106 35 216 159 4163 177 92
internal_value=0 -9.46911e-06 -4.6274e-05 -7.16892e-05 -0.000101112 -0.000136463 1.09983e-06 3.22906e-05 6.67575e-05 0.000109538 0 -2.83903e-05 1.70576e-05 4.81911e-05 7.87874e-05 -0.000171317 9.84528e-05 0.000143805 -7.30005e-05 0 -1.31143e-05 -3.46195e-05 -6.79633e-05 -8.5434e-05 1.93797e-06 3.37892e-05 7.65134e-05 0 -1.05511e-05 -6.21795e-05
internal_weight=8990 992 231 183 142 118 7998 396 202 144 761 257 504 224 166 98 142 109 117 7602 1244 639 391 344 6358 410 194 5948 1785 269
internal_count=8990 992 231 183 142 118 7998 396 202 144 761 257 504 224 166 98 142 109 117 7602 1244 639 391 344 6358 410 194 5948 1785 269
is_linear=0
shrinkage=0.05


Tree=296
num_leaves=31
num_cat=0
split_feature=297 297 325 366 195 234 19 363 244 3 347 88 214 321 371 238 89 305 19 366 279 25 342 228 253 377 279 208 373 335
split_gain=3.91154e-05 0.000244081 0.000276419 0.000252986 0.000122717 0.000199187 0.000262289 0.000223453 0.000202338 0.000193494 0.000255512 0.000272665 0.000184151 0.00016894 0.000191599 0.000133127 0.000284354 0.00020378 0.000147555 0.00024168 0.000187692 0.000137519 0.000118604 0.000236564 0.000183218 0.000104149 0.000143151 0.000204862 0.000230947 0.0001633
threshold=0.15073396265506753 0.19523735841115317 0.21535181005795798 -1.1850087980853716 1.132155625776113 1.1715847671213953 -0.8829351166884104 0.14689757761309788 2.1138505191873609 2.1991408665974945 2.6227730115254726 0.35930711030960089 1.4101084132216795 1.1382706121919981 0.98691181167600384 -2.3220423156799246 -9.085389455159504 -2.9043952887213229 -13.292779286702475 -0.47376376492975752 -2.4096764590201527 0.3445797363917032 1.3311098416646325 0.47567861656083649 -0.12669168286670587 -0.14548165553081727 2.0091201545305855 2.4077488885971516 -1.8602472290692693 4.3390919072429766
decision_type=10 10 10 2 10 10 2 10 10 2 10 2 10 10 2 8 2 10 2 2 10 2 10 10 10 2 10 10 2 10
left_child=4 2 3 -2 9 6 -6 -8 12 15 11 -11 -9 14 -13 16 -1 -18 19 20 -17 -19 24 -24 -20 -3 -27 28 29 -28
right_child=1 25 -4 -5 5 -7 7 8 -10 10 -12 13 -14 -15 -16 18 17 21 22 -21 -22 -23 23 -25 -26 26 27 -29 -30 -31
leaf_value=0 0 1.7009278860725319e-05 0 -0.00013572563703512461 0 0 0 0.00015145011566086361 0 0 6.6883176638930245e-06 -0.00010251889123379679 0 0 0 0 0 0.00017146753485747102 8.0468672747488572e-06 0 -0.00019765722210141068 0 0 6.4855366666179286e-05 -1.1498411908267066e-05 -1.982525951948761e-05 0.00014828258252073259 -1.5005286397209011e-05 0 0
leaf_weight=54 33 651 173 109 57 215 67 131 22 130 173 252 24 95 41 22 47 66 3047 30 36 24 194 219 1972 901 71 45 66 23
leaf_count=54 33 651 173 109 57 215 67 131 22 130 173 252 24 95 41 22 47 66 3047 30 36 24 194 219 1972 901 71 45 66 23
internal_value=0 -6.05883e-06 -4.66684e-05 -9.84509e-05 1.77201e-06 2.52296e-05 5.23916e-05 7.79238e-05 0.000107348 0 -2.51045e-05 -4.53725e-05 0.000128139 -6.71167e-05 -8.60563e-05 2.90446e-06 4.45504e-05 8.91719e-05 5.56885e-07 -6.18425e-05 -0.000127274 0.000133243 2.48935e-06 2.82711e-05 0 0 -8.06803e-06 1.92125e-05 6.00701e-05 0.000110793
internal_weight=8990 2072 315 142 6918 516 301 244 177 6402 691 518 155 388 293 5711 191 137 5520 88 58 90 5432 413 5019 1757 1106 205 160 94
internal_count=8990 2072 315 142 6918 516 301 244 177 6402 691 518 155 388 293 5711 191 137 5520 88 58 90 5432 413 5019 1757 1106 205 160 94
is_linear=0
shrinkage=0.05


Tree=297
num_leaves=31
num_cat=0
split_feature=58 215 29 325 310 39 360 216 6 325 323 317 271 370 27 62 296 359 36 375 77 61 231 348 208 261 218 34 313 364
split_gain=4.07099e-05 0.000125212 0.000157132 0.000143608 0.000156171 0.000237399 0.000201063 8.53971e-05 0.000167833 0.000261733 0.000259287 0.000297316 0.000327823 0.000284706 0.000245391 0.000283729 0.000373932 0.00015032 0.000245684 0.000139914 0.000209541 0.000178687 0.000190327 0.000239894 0.000155954 0.000225809 0.000355692 0.000191446 0.000137353 0.000215869
threshold=3.6881326039632163 2.201767024047935 0.97308572133382165 1.1919893225034077 0.49740040263134805 0.58259634176890063 -0.21695137335845427 -0.60182309655193966 -0.81524554888407386 -0.17130043109258022 -1.1480965614318845 0.307616820443953 0.896132102755819 0.11397895661246472 -1.7170013586680091 -2.6657961209615069 -0.014494127283493597 -2.535858760847614 0.45023675759633386 -1.2437494608578048 -0.70542053381601955 -0.56103446086247744 -0.11917751367889358 -11.748207728068033 -0.41385354188344042 -0.46190289525802275 0.56739204010504973 0.47316257158915204 1.2922497498069696 0.48920997358284096
decision_type=2 10 2 10 10 2 10 10 2 10 10 8 10 2 2 2 10 10 2 2 2 2 10 10 8 10 10 2 8 10
left_child=7 2 -2 4 -4 -6 -7 8 9 14 -10 12 13 -12 -1 -16 -17 -11 -19 -9 21 22 23 -21 25 27 -27 -22 29 -26
right_child=1 -3 3 -5 5 6 -8 19 10 17 11 -13 -14 -15 15 16 -18 18 -20 20 24 -23 -24 -25 28 26 -28 -29 -30 -31
leaf_value=0 0 1.2447510713005366e-06 0 0 0 0 -0.00013558742595893639 4.9759757764769643e-05 0 0 0 0 0 -0.00012845077940196862 0 -0.00011238224263018641 0 9.5415951806771752e-05 0 0 2.0393684694663603e-05 0 0 -9.6242257379480594e-05 3.4391140207403147e-06 7.3109849028233184e-05 0 -5.189132883550083e-05 1.3667106423626818e-05 -2.2294687271959514e-05
leaf_weight=694 63 90 36 28 21 26 144 175 224 105 34 159 41 209 110 192 30 162 284 47 276 76 102 206 2104 375 140 135 1557 1145
leaf_count=694 63 90 36 28 21 26 144 175 224 105 34 159 41 209 110 192 30 162 284 47 276 76 102 206 2104 375 140 135 1557 1145
internal_value=0 -1.54808e-05 -3.59317e-05 -5.61234e-05 -7.15478e-05 -9.0147e-05 -0.000112334 6.80266e-07 -6.92625e-06 0 -2.8113e-05 -5.15053e-05 -8.21813e-05 -0.000106132 -1.28165e-05 -4.85262e-05 -8.19437e-05 2.96897e-05 4.39473e-05 4.16234e-06 2.05552e-06 -2.99519e-05 -4.84471e-05 -7.19234e-05 5.33498e-06 2.43958e-05 4.65401e-05 0 6.21636e-07 -4.09141e-06
internal_weight=8990 408 318 255 227 191 170 8582 2244 1577 667 443 284 243 1026 332 222 551 446 6338 6163 431 355 253 5732 926 515 411 4806 3249
internal_count=8990 408 318 255 227 191 170 8582 2244 1577 667 443 284 243 1026 332 222 551 446 6338 6163 431 355 253 5732 926 515 411 4806 3249
is_linear=0
shrinkage=0.05


Tree=298
num_leaves=31
num_cat=0
split_feature=58 223 368 39 369 242 46 305 63 6 317 267 41 197 314 291 206 220 207 276 35 285 349 15 357 316 294 249 246 39
split_gain=4.03085e-05 0.000178575 0.000258436 0.000280929 0.000309498 0.000229536 0.000247131 0.000187211 0.00028935 0.00010172 0.000209045 0.000177011 0.0002525 0.000176452 0.000211561 0.000250672 0.000162667 0.000226659 0.000158296 0.000154399 0.00013816 0.000125694 0.000124311 0.000225875 0.000271889 0.000231369 0.000167548 0.000221419 0.00024525 0.000209972
threshold=-1.3258773485819497 -1.3380407234741891 229.40757016107406 -0.21890454490979508 21.529229809051085 -2.0316912564688896 0.24885499477386472 -1.2538601030240439 -2.4990716775258384 -1.4985912640889485 -0.6092628487879671 -0.91539021257601882 -2.225310405095418 -1.6447306166463105 1.0044413665046716 -4.6073278586069746 -0.95606997751767142 0.0077691479915220005 0.8718209579914773 -2.1702759795818043 0.85747090975443541 -0.095926223167528343 -2.7816490332285566 0.75505888462066661 -2.104319982412131 0.67203629190615999 -0.14961612224578857 -0.37691590185745177 0.36201428392175888 -1.1755867799123128
decision_type=2 10 2 2 2 10 2 10 2 2 10 8 2 10 10 10 10 10 10 10 2 10 8 2 10 10 8 10 10 2
left_child=1 7 3 4 -3 -6 -7 -1 -9 10 -2 12 19 -12 15 -15 -14 20 -17 -11 -18 -21 23 24 -13 -26 27 -24 -29 -28
right_child=9 2 -4 -5 5 6 -8 8 -10 11 13 22 16 14 -16 18 17 -19 -20 21 -22 -23 26 -25 25 -27 29 28 -30 -31
leaf_value=0 0 0 -1.4176328402933407e-05 0 0 0.00013680602760190018 0 0 -0.00016729029503575993 0 0 1.4618893919578355e-05 -2.7951297404295009e-05 0 0 -0.00012870211207063534 8.149006533929789e-05 0 0 0 0 0.00015923894486374404 0 1.8235745940900622e-05 -6.42743957002966e-05 0 -3.9141418118140205e-05 6.5746266483340877e-05 0 8.2865585298966908e-08
leaf_weight=71 941 66 62 44 28 203 38 20 44 21 68 75 157 22 33 167 180 73 20 25 25 70 403 141 500 74 352 365 191 4511
leaf_count=71 941 66 62 44 28 203 38 20 44 21 68 75 157 22 33 167 180 73 20 25 25 70 403 141 500 74 352 365 191 4511
internal_value=0 1.29224e-05 3.3663e-05 5.46798e-05 7.40157e-05 9.84746e-05 0.000114907 -1.77956e-05 -8.92691e-05 -7.36944e-07 -1.42154e-05 9.19173e-07 2.84495e-05 -5.00059e-05 -7.08875e-05 -9.13647e-05 0 3.19525e-05 -0.000112599 9.63278e-05 6.43982e-05 0.000124044 -6.19224e-07 -1.96845e-05 -3.56275e-05 -5.09035e-05 1.10929e-06 2.07134e-05 4.16579e-05 -1.72891e-06
internal_weight=8990 576 441 379 335 269 241 135 64 8414 1251 7163 551 310 242 209 435 278 187 116 205 95 6612 790 649 574 5822 959 556 4863
internal_count=8990 576 441 379 335 269 241 135 64 8414 1251 7163 551 310 242 209 435 278 187 116 205 95 6612 790 649 574 5822 959 556 4863
is_linear=0
shrinkage=0.05


Tree=299
num_leaves=31
num_cat=0
split_feature=12 303 58 75 61 368 220 288 213 55 302 216 5 20 87 371 29 46 10 356 237 303 81 49 367 42 217 52 237 258
split_gain=3.90107e-05 0.0001581 0.000329078 0.000248111 0.000394093 0.000360132 0.000301282 0.000208443 0.000254906 0.000279458 0.000202246 0.000247355 0.00021869 0.000185747 0.00024679 0.000194569 0.000184263 0.000157597 0.000185958 0.000177335 0.000177025 0.000268817 0.000304923 0.000238732 0.000149779 0.000234402 0.000408522 0.000290125 0.00022454 0.000273579
threshold=0.031030199180046656 -0.017444007643466045 -0.61177150408426906 0.29721881945927942 -0.15958362817764277 388.34033659462597 1.3005362094056572 0.089817466835180867 -0.18912011292585848 -0.80039378007253004 -0.86817056655248004 0.054941729215167108 -3.2360518773396802 2.294250806172689 1.9544101556142175 0.049121669595669111 1.3429751396179201 0.11397648851076762 0.61047422389189399 -2.2159749288067094 -0.64549893487247101 2.1343840049452125 0.66508499781290698 3.4127020835876469 -8.3529323957609581e-07 0.014566193645199102 -1.5612372478934506 0.580827295780182 -0.18221409504976321 0.15036778896717412
decision_type=2 10 2 2 2 2 10 10 10 2 10 10 2 2 2 2 2 2 2 10 10 10 2 2 2 2 10 2 8 8
left_child=17 2 10 -4 5 6 -5 8 -3 -10 -2 12 -12 -9 15 -15 -17 18 24 -19 -20 22 23 -22 25 -1 -27 -28 -26 -30
right_child=1 7 3 4 -6 -7 -8 13 9 -11 11 -13 -14 14 -16 16 -18 19 20 -21 21 -23 -24 -25 28 26 27 -29 29 -31
leaf_value=0 0 0 0 -0.00015067052574846407 0 0 0 4.1805696176251489e-06 0 8.0293150447305708e-05 0 0 0.00020406223831737633 0 0 -0.00010386934330428857 0 -1.4752634290605928e-05 0 1.8587004828874622e-05 -0.00010721586605910881 0 0 0 -3.2099616845638051e-05 0 0.00013035390522562806 0 9.6471858312148072e-05 0
leaf_weight=788 112 110 248 196 207 42 37 1220 43 283 21 22 42 31 395 189 68 318 380 2216 258 110 163 67 569 120 156 66 78 435
leaf_count=788 112 110 248 196 207 42 37 1220 43 283 21 22 42 31 395 189 68 318 380 2216 258 110 163 67 569 120 156 66 78 435
internal_value=0 -4.22741e-06 -2.20906e-05 -4.04186e-05 -6.13243e-05 -0.000100855 -0.000125964 7.15273e-07 3.34938e-05 5.87746e-05 2.04436e-05 8.31228e-05 0.00013827 -4.16875e-06 -2.64006e-05 -6.15966e-05 -7.8381e-05 2.61553e-06 -3.61315e-06 1.24296e-05 -2.24549e-05 -3.95541e-05 -5.73931e-05 -8.53835e-05 2.45776e-06 1.68235e-05 5.1458e-05 9.31504e-05 -7.92477e-06 9.14538e-06
internal_weight=8990 3266 927 730 482 275 233 2339 436 326 197 85 63 1903 683 288 257 5724 3190 2534 978 598 488 325 2212 1130 342 222 1082 513
internal_count=8990 3266 927 730 482 275 233 2339 436 326 197 85 63 1903 683 288 257 5724 3190 2534 978 598 488 325 2212 1130 342 222 1082 513
is_linear=0
shrinkage=0.05


end of trees

feature_importances:
M4_z=131
M4=111
P2_z=90
E19_z=88
V13=86
E19=85
V13_z=82
P11=79
M9_z=76
P11_z=74
ret_63=68
E2_z=67
P2=66
E3_z=65
M2_z=65
P7_z=65
P7_z_diff=65
M2=64
P7=64
P8=64
P7_diff=63
V7_z=62
RV_21=62
vol_regime=62
P5=61
S5=60
ret_21=60
D4_z=59
M17=58
M10=57
P5_z=57
E10=55
P10_z=55
E19_diff=55
P5_diff=55
E12=54
P8_diff=54
I4_z=52
M11_z=52
M11=51
I4=50
V7=50
I3_z_diff=50
E6_z=49
M12=48
P4_z=48
P8_z=48
econ_change=48
RV_63=47
I4_z_diff=46
P8_z_diff=46
P1_z=45
I2_z=44
P6_diff=44
E10_z=42
E9_z=42
M18=40
M14_z=40
S1_z=40
E5_diff=40
E14_z_diff=40
S12=39
E14_z=39
P12_z=39
P3_z=39
M13=38
S2=38
V3=38
E5_z=38
I1_z=38
I3_z=38
V3_z=38
P5_z_diff=38
S11=37
M17_z=37
E10_z_diff=37
I4_diff=37
P1_z_diff=37
I9=36
P9=36
E13_z=36
I6_z=36
S10_z=36
P13_z_diff=36
E9=35
S7_z=35
S9_z=35
E17_diff=35
P12_z_diff=35
E15=34
S12_z=34
S5_z=34
D4=33
V2=33
P9_z=33
S4_z=33
E10_diff=33
P3_diff=33
E1=32
E6=32
E8=32
M7_z=32
P6_z=32
V4_z=32
E5_z_diff=32
D7=31
E13=31
P10=31
P6=31
S4=31
I7_z=31
M10_z=31
P4_diff=31
M3=30
S7=30
E9_z_diff=30
I3_diff=30
D3=29
I6=29
S9=29
D7_z=29
E19_z_diff=29
P10_diff=29
term_spread=29
E2=28
I8=28
M8=28
P1=28
S1=28
E12_z=28
E17_z=28
E4_z=28
E7_z=28
I8_z=28
M1_z=28
M12_z=28
M5_z=28
E16_z_diff=28
P4_z_diff=28
P6_z_diff=28
dist_low_63=28
D6=27
E14=27
I7=27
M1=27
P12=27
P3=27
I5_z=27
E13_diff=27
E20_z_diff=27
I8_z_diff=27
I2=26
P4=26
V5=26
D1_z=26
E11_z=26
E8_z=26
E18_diff=26
E6_diff=26
E9_diff=26
E18_z_diff=26
z_price_63=26
E4=25
E5=25
M16_z=25
M8_z=25
S6_z=25
E4_diff=25
E4_z_diff=25
P12_diff=25
P13_diff=25
P9_z_diff=25
E11=24
E3=24
I1=24
I5=24
M5=24
M7=24
D5_z=24
M18_z=24
E20_diff=24
I6_diff=24
I8_diff=24
P2_diff=24
P10_z_diff=24
P3_z_diff=24
I3=23
M9=23
D6_z=23
E20_z=23
M15_z=23
M3_z=23
S11_z=23
S2_z=23
V2_z=23
E12_diff=23
E12_z_diff=23
E17_z_diff=23
P1_diff=23
D1=22
E20=22
P13=22
S6=22
P13_z=22
V9_z=22
E8_z_diff=22
I6_z_diff=22
I7_z_diff=22
V1_z=21
E1_diff=21
I1_diff=21
dist_high_63=21
V6=20
E11_diff=20
E11_z_diff=20
E15_z_diff=20
I2_diff=20
I5_diff=20
I5_z_diff=20
I9_z_diff=20
M6=19
S10=19
S8=19
E15_diff=19
E17=18
V4=18
V9=18
V5_z=18
E1_z_diff=18
E6_z_diff=18
E16=17
E16_diff=17
I2_z_diff=17
P9_diff=17
P11_z_diff=17
D5=16
V12=16
D8_z=16
E15_z=16
E18_z=16
I9_z=16
S3_z=16
S8_z=16
E2_z_diff=16
I9_diff=16
E2_diff=15
E7_z_diff=15
M14=14
V8=14
E8_diff=14
P11_diff=14
P2_z_diff=14
D8=13
M16=13
E16_z=13
M13_z=13
V8_z=13
E3_diff=13
E13_z_diff=13
D9=12
E18=12
M15=12
V1=12
D3_z=12
E1_z=12
V10_z=12
V12_z=12
E14_diff=12
vol_level=12
V10=11
E3_z_diff=11
I7_diff=11
I1_z_diff=11
V11=10
V6_z=10
V11_z=9
S3=8
D9_z=8
M6_z=7
E7_diff=7
D2_z=5
D2=4
E7=4

parameters:
[boosting: gbdt]
[objective: regression]
[metric: rmse]
[tree_learner: serial]
[device_type: cpu]
[data_sample_strategy: bagging]
[data: ]
[valid: ]
[num_iterations: 300]
[learning_rate: 0.05]
[num_leaves: 31]
[num_threads: -1]
[seed: 42]
[deterministic: 0]
[force_col_wise: 0]
[force_row_wise: 0]
[histogram_pool_size: -1]
[max_depth: 7]
[min_data_in_leaf: 20]
[min_sum_hessian_in_leaf: 0.001]
[bagging_fraction: 0.8]
[pos_bagging_fraction: 1]
[neg_bagging_fraction: 1]
[bagging_freq: 0]
[bagging_seed: 400]
[bagging_by_query: 0]
[feature_fraction: 0.8]
[feature_fraction_bynode: 1]
[feature_fraction_seed: 30056]
[extra_trees: 0]
[extra_seed: 12879]
[early_stopping_round: 0]
[early_stopping_min_delta: 0]
[first_metric_only: 0]
[max_delta_step: 0]
[lambda_l1: 0.1]
[lambda_l2: 0.1]
[linear_lambda: 0]
[min_gain_to_split: 0]
[drop_rate: 0.1]
[max_drop: 50]
[skip_drop: 0.5]
[xgboost_dart_mode: 0]
[uniform_drop: 0]
[drop_seed: 17869]
[top_rate: 0.2]
[other_rate: 0.1]
[min_data_per_group: 100]
[max_cat_threshold: 32]
[cat_l2: 10]
[cat_smooth: 10]
[max_cat_to_onehot: 4]
[top_k: 20]
[monotone_constraints: ]
[monotone_constraints_method: basic]
[monotone_penalty: 0]
[feature_contri: ]
[forcedsplits_filename: ]
[refit_decay_rate: 0.9]
[cegb_tradeoff: 1]
[cegb_penalty_split: 0]
[cegb_penalty_feature_lazy: ]
[cegb_penalty_feature_coupled: ]
[path_smooth: 0]
[interaction_constraints: ]
[verbosity: -1]
[saved_feature_importance_type: 0]
[use_quantized_grad: 0]
[num_grad_quant_bins: 4]
[quant_train_renew_leaf: 0]
[stochastic_rounding: 1]
[linear_tree: 0]
[max_bin: 255]
[max_bin_by_feature: ]
[min_data_in_bin: 3]
[bin_construct_sample_cnt: 200000]
[data_random_seed: 175]
[is_enable_sparse: 1]
[enable_bundle: 1]
[use_missing: 1]
[zero_as_missing: 0]
[feature_pre_filter: 1]
[pre_partition: 0]
[two_round: 0]
[header: 0]
[label_column: ]
[weight_column: ]
[group_column: ]
[ignore_column: ]
[categorical_feature: ]
[forcedbins_filename: ]
[precise_float_parser: 0]
[parser_config_file: ]
[objective_seed: 16083]
[num_class: 1]
[is_unbalance: 0]
[scale_pos_weight: 1]
[sigmoid: 1]
[boost_from_average: 1]
[reg_sqrt: 0]
[alpha: 0.9]
[fair_c: 1]
[poisson_max_delta_step: 0.7]
[tweedie_variance_power: 1.5]
[lambdarank_truncation_level: 30]
[lambdarank_norm: 1]
[label_gain: ]
[lambdarank_position_bias_regularization: 0]
[eval_at: ]
[multi_error_top_k: 1]
[auc_mu_weights: ]
[num_machines: 1]
[local_listen_port: 12400]
[time_out: 120]
[machine_list_filename: ]
[machines: ]
[gpu_platform_id: -1]
[gpu_device_id: -1]
[gpu_use_dp: 0]
[num_gpu: 1]

end of parameters

pandas_categorical:[]
