tree
version=v4
num_class=1
num_tree_per_iteration=1
label_index=0
max_feature_idx=387
objective=regression
feature_names=D1 D2 D3 D4 D5 D6 D7 D8 D9 E1 E10 E11 E12 E13 E14 E15 E16 E17 E18 E19 E2 E20 E3 E4 E5 E6 E7 E8 E9 I1 I2 I3 I4 I5 I6 I7 I8 I9 M1 M10 M11 M12 M13 M14 M15 M16 M17 M18 M2 M3 M4 M5 M6 M7 M8 M9 P1 P10 P11 P12 P13 P2 P3 P4 P5 P6 P7 P8 P9 S1 S10 S11 S12 S2 S3 S4 S5 S6 S7 S8 S9 V1 V10 V11 V12 V13 V2 V3 V4 V5 V6 V7 V8 V9 D1_nan D2_nan D3_nan D4_nan D5_nan D6_nan D7_nan D8_nan D9_nan E1_nan E10_nan E11_nan E12_nan E13_nan E14_nan E15_nan E16_nan E17_nan E18_nan E19_nan E2_nan E20_nan E3_nan E4_nan E5_nan E6_nan E7_nan E8_nan E9_nan I1_nan I2_nan I3_nan I4_nan I5_nan I6_nan I7_nan I8_nan I9_nan M1_nan M10_nan M11_nan M12_nan M13_nan M14_nan M15_nan M16_nan M17_nan M18_nan M2_nan M3_nan M4_nan M5_nan M6_nan M7_nan M8_nan M9_nan P1_nan P10_nan P11_nan P12_nan P13_nan P2_nan P3_nan P4_nan P5_nan P6_nan P7_nan P8_nan P9_nan S1_nan S10_nan S11_nan S12_nan S2_nan S3_nan S4_nan S5_nan S6_nan S7_nan S8_nan S9_nan V1_nan V10_nan V11_nan V12_nan V13_nan V2_nan V3_nan V4_nan V5_nan V6_nan V7_nan V8_nan V9_nan D1_z D2_z D3_z D4_z D5_z D6_z D7_z D8_z D9_z E1_z E10_z E11_z E12_z E13_z E14_z E15_z E16_z E17_z E18_z E19_z E2_z E20_z E3_z E4_z E5_z E6_z E7_z E8_z E9_z I1_z I2_z I3_z I4_z I5_z I6_z I7_z I8_z I9_z M1_z M10_z M11_z M12_z M13_z M14_z M15_z M16_z M17_z M18_z M2_z M3_z M4_z M5_z M6_z M7_z M8_z M9_z P1_z P10_z P11_z P12_z P13_z P2_z P3_z P4_z P5_z P6_z P7_z P8_z P9_z S1_z S10_z S11_z S12_z S2_z S3_z S4_z S5_z S6_z S7_z S8_z S9_z V1_z V10_z V11_z V12_z V13_z V2_z V3_z V4_z V5_z V6_z V7_z V8_z V9_z E1_diff E1_logdiff E10_diff E10_logdiff E11_diff E11_logdiff E12_diff E12_logdiff E13_diff E13_logdiff E14_diff E14_logdiff E15_diff E15_logdiff E16_diff E17_diff E18_diff E19_diff E2_diff E20_diff E3_diff E4_diff E4_logdiff E5_diff E5_logdiff E6_diff E6_logdiff E7_diff E8_diff E9_diff E9_logdiff E1_z_diff E10_z_diff E11_z_diff E12_z_diff E13_z_diff E14_z_diff E15_z_diff E16_z_diff E17_z_diff E18_z_diff E19_z_diff E2_z_diff E20_z_diff E3_z_diff E4_z_diff E5_z_diff E6_z_diff E7_z_diff E8_z_diff E9_z_diff I1_diff I1_logdiff I2_diff I3_diff I3_logdiff I4_diff I4_logdiff I5_diff I6_diff I6_logdiff I7_diff I7_logdiff I8_diff I8_logdiff I9_diff I1_z_diff I2_z_diff I3_z_diff I4_z_diff I5_z_diff I6_z_diff I7_z_diff I8_z_diff I9_z_diff P1_diff P1_logdiff P10_diff P11_diff P12_diff P13_diff P13_logdiff P2_diff P3_diff P3_logdiff P4_diff P4_logdiff P5_diff P6_diff P7_diff P8_diff P9_diff P9_logdiff P1_z_diff P10_z_diff P11_z_diff P12_z_diff P13_z_diff P2_z_diff P3_z_diff P4_z_diff P5_z_diff P6_z_diff P7_z_diff P8_z_diff P9_z_diff
feature_infos=none none none [0:1] none none none none none [0.32514930778190398:3.01896903424471] [0.00066137566137559997:1] [0.00066137566137559997:1] [0.00066137566137559997:1] [0.00066137566137559997:0.097718253968254204] [0.00066137566137559997:0.0691137566137566] [0.00066137566137559997:1] [-3.6726217822575551:2.93673259683217] [-3.493664379989708:2.9891402082271301] [-2.2758741605044901:3.02413582220036] [-1.8261136050759701:4.4004363809194196] [-4.0793634109341301:3.4032422756577398] [-3.30876359012349:3.4098119799511899] [-4.1324642238458997:3.6196232602069398] [0.00066137566137559997:0.33961640211640198] [0.00066137566137559997:1] [0.00066137566137559997:1] [-3.5787864302744712:3.5099937207434202] [-2.4573155117711298:4.7741495655867796] [0.00066137566137559997:1] [0.0026455026455025998:1] [-3.5423079115190799:3.4066255825607299] [0.00066137566137559997:1] [0.00066137566137559997:1] [-4.4492346377374101:4.8726228370324103] [0.00066137566137559997:1] [0.0033068783068783002:1] [0.00066137566137559997:1] [-4.54661931270706:4.8001866362993102] [-2.52287010851511:2.1814414684353998] [-3.6474792740418001:3.3344167987356599] [-3.1902494359085001:3.9947559518104399] [-2.9933670312867799:3.8016374165852702] [-1.93211014880961:1.02631191231548] [-1.3259499241288799:-0.58618753778809995] [0.00066137566137559997:1] [0.00066137566137559997:1] [0.00066137566137559997:0.85317460317460303] [0.00066137566137559997:1] [-2.6674205596418799:3.6764660573218402] [-1.80250656385437:4.8920654248839703] [-4.2723774443097398:4.0055068895057326] [-3.2700700253268753:4.9505873729298298] [-2.2030693261185599:5.2861534959944212] [-3.9485072967284256:2.9875395150464801] [0.00066137566137559997:1] [-1.5578968814734799:6.3380065912476597] [0.00066137566137559997:1] [-0.87732977271044998:2.5816767803928902] [-2.7190044215884801:3.0561706328022402] [-1.4098431729144401:4.5283805590512793] [0.0023148148148147999:1] [-3.1408886710536401:5.4002262594239845] [0.043981481481481503:0.97850529100529104] [0.066137566137566106:0.98478835978835999] [-1.4301206000196101:5.9154915638865706] [-0.78011504512448004:3.6029908124057837] [-3.1381744646488898:3.9204790358687549] [-0.964384624009203:2.8645083409994698] [0.00066137566137559997:1] [-1.93536716259688:5.4448519667550697] [0.00066137566137559997:1] [0.00066137566137559997:1] [-1.95407843729608:3.2423142826580666] [-3.42976121201032:2.3920235642554899] [-2.9252193151577459:2.3906718207883499] [0.00066137566137559997:1] [-4.2351026440910848:4.2776819361435656] [0.00066137566137559997:1] [0.00066137566137559997:1] [-3.2164416831278002:2.3115378201753498] [0.00066137566137559997:1] [0.00066137566137559997:1] [-1.47354286691075:3.2579907247259801] [0.00066137566137559997:1] [0.00066137566137559997:1] [-2.3300828202388471:5.5241205993495139] [0.00066137566137559997:1] [0.00066137566137559997:1] [0.00066137566137559997:1] [-2.7235273221548502:4.3901101462066423] [0.00066137566137559997:1] [-2.0275512396201298:5.0057311773143534] [0.00066137566137559997:1] [-1.4974199587211801:3.6599174213803556] none none none none none none none none none [0:1] [0:1] [0:1] [0:1] [0:1] [0:1] [0:1] [0:1] [0:1] [0:1] [0:1] [0:1] [0:1] [0:1] [0:1] [0:1] [0:1] [0:1] [0:1] [0:1] [0:1] [0:1] [0:1] [0:1] [0:1] [0:1] [0:1] [0:1] [0:1] [0:1] [0:1] [0:1] [0:1] [0:1] [0:1] [0:1] [0:1] [0:1] [0:1] [0:1] [0:1] [0:1] [0:1] [0:1] [0:1] [0:1] [0:1] [0:1] [0:1] [0:1] [0:1] [0:1] [0:1] [0:1] [0:1] [0:1] [0:1] [0:1] [0:1] [0:1] [0:1] [0:1] [0:1] [0:1] [0:1] [0:1] [0:1] [0:1] [0:1] [0:1] [0:1] [0:1] [0:1] [0:1] [0:1] [0:1] [0:1] [0:1] [0:1] [0:1] [0:1] [0:1] [0:1] [0:1] [0:1] [0:0] [0:0] [0:0] [-13.564856289475431:0.38708420098651097] [-0.31662378290433635:0] [0:0.54554471308998131] [0:0] [-0.21821788023599284:0] [-0.39840952533368712:0] [-15.810584434951981:5.0781552855453986] [-10.728049315672006:15.809995885284975] [-15.807719578248506:7.8880464691772989] [-15.808478274425973:12.403420148232467] [-15.807719578248516:5.4414292005183365] [-15.807719578248516:4.512415920391331] [-7.4510309100781251:15.807719578248911] [-4.8356208265295928:15.798474964058208] [-8.9572829973837429:15.810684682126517] [-5.0423454290384759:15.810642073614199] [-6.9717670835216534:15.811280217341475] [-15.810747897152824:2.7843749838119649] [-15.811242971381837:4.8617453682607179] [-15.810159291591241:2.8244661009835368] [-15.807719578248495:7.783505697004852] [-15.807719578248911:10.702729659626598] [-5.7857465767134819:15.809995885284923] [-15.807811276485964:15.492214131043319] [-15.811375514376911:11.095059766156989] [-15.807719578248495:10.018713260693255] [-15.807719578248911:3.5167123741119948] [-3.466662278022195:15.810239259356221] [-4.9891270934508789:15.809995885284975] [-6.4965950403354524:15.807719578246246] [-4.7624365099158545:15.810654047142902] [-15.810881292854894:5.4848573010282911] [-8.1994330126390729:15.810754799987464] [-9.0772694619235192:15.810881292854894] [-5.1028579162806942:15.806985701743995] [-15.811504333873565:2.8637945545966463] [-3.9293628979643973:15.811497002263938] [-2.7864509782039573:15.810880064992279] [-3.1023132174453991:15.811445821760097] [-15.811503896788716:4.4335308737500867] [-3.4078465773259197:15.810461313085] [-4.0905906671340766:15.809995885286041] [-3.6049463355651632:15.809995885284987] [-4.3109570710440828:15.807719578248578] [-15.808478274425964:8.3091774067556674] [-15.811350252464592:2.8546783106890983] [-15.810986997162694:12.005297191067436] [-15.810565710212286:10.123984085822583] [-15.811465350346396:4.6448613004371246] [-15.810827004250202:4.4568746267782968] [-15.811509359381178:3.5217423262067702] [-4.8510370994434524:15.809995885284987] [-15.810054337498777:4.0664346105243778] [-5.3036183532303935:15.809995885286041] [-15.809071306444825:3.1265479776970491] [-15.811032798612306:2.6274757071722687] [-15.811331678309747:12.549382665785995] [-4.8879276807554479:15.807719578248911] [-2.771439910973259:15.810893426477156] [-15.811373228802212:14.727367838206904] [-1.8246056559903598:15.80847827442595] [-15.811451509576905:11.605335735036604] [-12.205609859659624:15.811197185049178] [-13.069590477967774:15.81136894387252] [-15.806329962225183:3.0189196241206737] [-5.3154845309430092:15.80999588528493] [-3.062691148886135:15.80979557755817] [-4.0707978254861636:15.809995885284987] [-4.4846837626715317:15.809995885284987] [-15.811286160141723:11.242385688605395] [-15.810723088136939:2.6202016429256809] [-15.811321190157223:4.4787460202140368] [-4.4461125716754859:15.809995885284987] [-15.811239367173103:11.223267461606021] [-3.8367856924879806:15.811402167164177] [-4.9617887218438037:15.807719578249019] [-15.809790994170514:2.8562906727337176] [-4.574254599859743:15.809995885284987] [-5.2183485680728099:15.809995885284987] [-15.810017509833827:8.7396983885547517] [-3.3902730634699862:15.809995885284987] [-4.1335973929876113:15.809995885284987] [-3.1512280892647047:15.811505831729287] [-15.809616455255085:3.2172365680599144] [-15.81088129285445:3.2227410759863675] [-15.810565064480903:3.5422196798981513] [-15.808199797735899:6.2589593577622908] [-4.1659476677993794:15.809995885284987] [-2.4007655024557044:15.811507347012324] [-5.8642367184364153:15.809995885284987] [-7.0821816041485848:15.811158835987648] [-0.26696550796172092:1.5316900421721658] [-0.27908766792251938:1.0872670175673871] [-0.3143187830687848:0.52083333333333337] [-5.7615271363724618:6.6701324064031855] [-0.267526455026455:0.33531746031746107] [-3.2657594107670516:5.5224604181954229] [-0.137566137566138:0.21064814814814831] [-2.6767976575981058:5.0845051426628007] [-0.064153439153439407:0.036706349206349305] [-2.170195904948311:4.0342406381524896] [-0.019841269841269899:0.032076719576719599] [-1.3862943611198943:3.9019726695747363] [-0.50198412698412698:0.36970899470899443] [-3.235873401236776:5.0562458053484018] [-2.5642760485818785:3.1991387937597797] [-1.5952282632629713:2.2400394414861919] [-2.8679231189516661:1.3682267468273679] [-3.196433471528334:3.2104304271415662] [-0.82706517003574509:0.55455353587164002] [-1.2358641228166567:1.0496395016614315] [-1.135870907330464:0.91199723221082762] [-0.15906084656084701:0.078373015873016094] [-2.4383866341531171:4.3040650932042617] [-0.34722222222222204:0.61392195767196078] [-1.5672084581459373:5.0530560099803008] [-0.57275132275132312:0.22900132275132215] [-3.7668562393698974:5.850044981634543] [-3.3291859387237639:4.8967215636729913] [-1.6643359144546299:1.7042078133726857] [-0.21180555555555591:0.31448412698412698] [-2.2210920587428631:4.5538768916006331] [-15.810584434951981:5.4597347407866907] [-7.9323400537385726:15.809995885284975] [-15.807719578248506:15.027222245550378] [-15.808478274425973:11.772278216707434] [-15.807719578248516:10.673236752283122] [-15.807719578248516:8.7146126037870388] [-5.6403075326225114:15.807719578248911] [-4.2336216523528787:15.796918047916334] [-4.5369931108837331:15.810684682126517] [-3.6693818940282488:15.810642073614199] [-7.7358449711090884:15.811280217341475] [-15.810747897152824:2.013543209964654] [-15.811242971381837:4.0592932090849718] [-15.810159291591241:2.4206730400997269] [-15.807719578248495:16.514514486658978] [-15.807719578248911:5.3643574491827817] [-5.112037478826732:15.809995885284923] [-30.031376566197725:31.300025407529283] [-15.811375514376911:18.856654301842436] [-15.807719578248495:19.366469477815006] [-0.206349206349207:0.23578042328042298] [-0.95551144502744911:1.3093333199837662] [-0.48483257608779806:0.93600354508687311] [-0.26322751322751459:0.22453703703703698] [-4.510859506516927:3.0910424533584049] [-0.52612433862433905:0.67361111111111094] [-4.4485163759428135:4.4979561016809866] [-0.98337571071532492:0.98627281231889019] [-0.16269841269841281:0.36904761904761896] [-3.4177266836133833:3.0169344812046006] [-0.20337301587301515:0.17460317460317398] [-1.1700712526502457:1.4880770554298395] [-0.17129629629629417:0.202380952380952] [-2.9957322735540819:3.828641396489187] [-1.01845181607529:0.83267498202451984] [-15.807719578248911:3.6395850859408991] [-1.8044292504104984:15.810239259356221] [-3.4589407134470314:15.809995885284975] [-4.4987526115386194:15.807719578246246] [-3.5615041304860662:15.810654047142902] [-15.810881292854894:9.1140361467336817] [-3.6554490214485162:15.810754799987464] [-2.7699808274087285:15.810881292854894] [-3.3954303733562838:15.806985701743995] [-0.81580687830687848:0.57440476190476208] [-2.9531726591352125:3.8501476017100762] [-0.48392649994168502:0.37057761500093195] [-0.51523173983799697:0.32800919221597002] [-4.1111424630109248:3.2424600123530065] [-0.80621693121693105:0.76785714285714302] [-4.2686979493668833:4.5295225676487831] [-0.7892959786730871:1.2096560708797894] [-0.91666666666666718:0.91633597883597928] [-3.0595761090088849:3.0382918879727869] [-0.91104497354497338:0.90873015873015861] [-2.6519607344511664:2.6665335208992773] [-3.9349034331805504:4.1463153333967098] [-2.708866873739185:2.2198141188963971] [-5.3360536276543797:5.3986157811454776] [-0.56641258984344511:0.50221012931849895] [-0.49570105820105859:0.18551587301587302] [-3.7612001156936539:4.3307333402863524] [-5.1120374788294738:15.809995885286041] [-15.809071306444825:2.4128861868387421] [-15.811032798612306:2.3597988023923584] [-15.811331678309747:11.781547364509997] [-6.2513068770184077:15.807719578248911] [-2.396129748568943:15.810893426477156] [-27.043979463734324:30.538741067009116] [-9.7889148549113223:15.80847827442595] [-25.866772087004737:27.416787244613509] [-25.275403055537392:15.811197185049178] [-28.395219180834758:24.447110175468985] [-15.806329962225183:2.7695172615325001] [-5.1120374788293343:15.80999588528493]
tree_sizes=3045 2782 2924 2799 2837 2882 2756 2811 2850 2797 2717 2879 2786 2811 2757 2340 2842 2795 2840 2797 2821 2838 2854 2865 2914 2948 2788 2821 2769 2843 2809 2862 2892 2841 2831 2769 2796 2786 2798 2863 2833 2828 2786 2828 2891 2790 2815 2723 2874 2792 2809 2882 2853 2738 2798 2717 2830 2821 2839 2877 2699 2817 2829 2685 2768 2763 2845 2763 2865 2766 2851 2722 2849 2900 2795 2748 2798 2783 2812 2812 2795 2834 2789 2737 2883 2804 2805 2865 2372 2788 2730 2853 2843 2801 2882 2781 2820 2725 2778 2819 2791 2846 2751 2769 2834 2828 2851 2772 2768 2779 2726 2774 2787 2891 2805 2773 2810 2798 2813 2835 2841 2771 2762 2786 2818 2699 2755 2726 2759 2796 2755 2710 2737 2707 2764 2797 2743 2719 2738 2878 2780 2795 2689 2829 2830 2736 2800 2779 2798 2787 2811 2835 2763 2849 2784 2629 2791 2812 2829 2810 2813 2728 2803 2771 2818 2737 2827 2852 2801 2803 2791 2826 2736 2770 2612 2754 2755 2752 2733 2723 2793 2770 2776 2809 2646 2733 2703 2698 2734 2765 2754 2953 2681 2716 2657 2835 2711 2734 2735 2799 2746 2777 2686 2838 2692 2721 2695 2770 2775 2754 2733 2835 2745 2660 2732 2714 2712 2785 2742 2634 2716 2768 2782 2623 2638 2656 2683 2734 2655 2710 2766 2702 2764 2657 2739 2796 2788 2694 2746 2661 2767 2697 2752 2725 2714 2742 2664 2719 2719 2754 2766 2766 2843 2686 2770 2747 2736 2788 2799 2709 2730 2740 2652 2782 2695 2764 2671 2727 2783 2721 2755 2735 2699 2620 2758 2671 2764 2614 2787 2791 2616 2712 2683 2779 2678 2727 2756 2717 2752 2770 2759 2735 2694 2733 2695 2750 2696 2658 2814 2738

Tree=0
num_leaves=31
num_cat=0
split_feature=50 326 92 49 222 312 279 247 60 49 228 385 267 14 286 205 32 322 19 208 259 62 201 228 327 60 19 64 234 327
split_gain=0.00284531 0.00375577 0.00409728 0.00242049 0.00251082 0.00304716 0.00302063 0.00275697 0.00190077 0.00181776 0.00253895 0.00291778 0.00185166 0.00153245 0.00136173 0.00187815 0.00165203 0.00194313 0.00142253 0.00113872 0.00188762 0.0029645 0.0011055 0.00137841 0.0010146 0.00074595 0.000861132 0.000723429 0.000669342 0.00152499
threshold=-1.5118022612375797 0.022569753706999377 0.29580026455026454 -0.76495604452237831 1.9519899365003734 0.0006459949219015938 2.0219659184516185 0.43721113156800478 0.57870370370370328 1.9877118060224925 1.9020503119227372 0.099768437184626316 -2.9666551845460325 0.0023974867724867004 -0.00033068783068780069 -1.5564916831680486 0.37251984126984106 0.0086535397012588184 0.95335719684167908 -1.3097646345338529 1.0000000180025095e-35 0.43601190476190504 -0.025432107117774407 2.100622201226765 -0.029257960146752023 0.020998677248677256 0.19050405456873404 -0.8004310875932138 1.3066058782082501 -0.073253023934790093
decision_type=2 10 2 2 10 10 10 10 2 2 10 10 10 2 10 10 2 10 2 10 10 2 10 8 10 2 2 2 10 10
left_child=1 3 8 -1 5 6 13 -8 -3 12 28 -12 22 -5 19 16 17 -16 -18 20 -14 -22 23 -2 -4 26 -17 -27 29 -11
right_child=9 2 24 4 -6 -7 7 -9 -10 10 11 -13 14 -15 15 25 18 -19 -20 -21 21 -23 -24 -25 -26 27 -28 -29 -30 -31
leaf_value=0.0003648282745268015 -0.00021568133560873347 0.00080053585912265345 -0.00036150715126705488 0.00046920290663712453 0.00043132915674244893 0.00046920290663712453 0.0012733492526444926 0.00046920290663712453 0.00031032888157337947 5.817126805489906e-05 0.0013992865629870806 0.00046920290663712453 0.00046920290663712453 0.00075137059942227582 0.00045659702127620215 0.00046920290663712453 0.000415936970354647 0.00019350189328343003 0.00071103690263990668 0.00047240580532758366 0.00087358688597766491 0.00046920290663712453 0.00046920290663712453 0.00046920290663712453 0.00046920290663712453 0.000517924808415192 4.0814018592055595e-05 0.00045568730914988573 0.00057377048947240047 0.00047352303437279693
leaf_weight=35 24 40 20 33 36 50 66 20 25 24 20 30 232 123 170 29 487 210 41 2148 98 101 20 25 20 506 23 4136 139 59
leaf_count=35 24 40 20 33 36 50 66 20 25 24 20 30 232 123 170 29 487 210 41 2148 98 101 20 25 20 506 23 4136 139 59
internal_value=0.000469203 0.000589223 0.000354834 0.000670805 0.000718716 0.000771265 0.000845436 0.00111449 0.000535235 0.00046261 0.00058821 0.000918047 0.000457862 0.000664764 0.000460671 0.0004464 0.000379923 0.000298014 0.000448361 0.000489731 0.000564458 0.000677406 0.000197671 6.91402e-05 -6.24414e-05 0.000460326 0.000269087 0.000463549 0.000491242 0.00041324
internal_weight=8990 468 105 363 328 292 242 86 65 8522 272 50 8250 156 8181 5602 908 380 528 2579 431 199 69 49 40 4694 52 4642 222 83
internal_count=8990 468 105 363 328 292 242 86 65 8522 272 50 8250 156 8181 5602 908 380 528 2579 431 199 69 49 40 4694 52 4642 222 83
is_linear=0
shrinkage=1


Tree=1
num_leaves=31
num_cat=0
split_feature=50 360 356 24 69 238 49 228 237 247 90 344 323 12 250 229 34 341 279 91 19 229 88 73 73 273 202 31 219 344
split_gain=0.00247904 0.00340857 0.00221646 0.00200357 0.00279995 0.00185167 0.00191603 0.00371891 0.00175618 0.00172143 0.00233388 0.00159074 0.00176233 0.00158812 0.00154483 0.00179493 0.00152149 0.00138604 0.00126115 0.00125819 0.0011395 0.00237404 0.00345393 0.00173481 0.00116377 0.0016088 0.00104977 0.000896029 0.000865158 0.000789773
threshold=-1.5118022612375797 -0.00034600854694813438 0.026811113723841821 0.99123677248677267 0.082362661722961819 2.3577835259716493 1.9877118060224925 1.9020503119227372 2.2235156009236703 -0.59540977564244113 0.20998677248677253 0.03268042221150786 1.1001005161433606 0.29381613756613756 -1.2377841591981606 1.1863799332150193 0.82506613756613756 -0.013888888888889032 0.7815005368697584 1.1736775696600203 0.61109025803892714 -1.3804336018360028 0.92030423280423268 -1.6163195475373597 -0.27558098468965847 1.6174548595400309 -0.49066863466352734 0.91451719576719614 0.4607809205615882 0.050897048798463997
decision_type=2 10 10 2 2 8 2 10 10 10 2 10 10 2 10 10 2 10 8 2 2 10 2 2 2 10 10 2 10 10
left_child=1 2 8 4 28 6 13 -8 11 -4 -11 12 16 20 15 26 -1 -16 -7 -19 24 22 -22 -23 25 -2 -15 -20 -3 -26
right_child=5 3 9 -5 -6 18 7 -9 -10 10 -12 -13 -14 14 17 -17 -18 19 27 -21 21 23 -24 -25 29 -27 -28 -29 -30 -31
leaf_value=0.00049760008605169144 1.673489333162176e-05 -0.00073505056793287771 0.00028548097815306572 0.00015911276102470594 0 0 2.2828010490075516e-05 0.00056784772116418784 0 0 -0.00059707635839555812 0 0 0 -0.00021809565419995182 0 0 -3.9805191123519134e-05 -0.00041048225720038446 0.00018165803183234125 -0.00010072708749021191 0.00020180811409171488 -0.00085660168541322511 -3.9679709558672971e-05 0 0.00015617474963672349 -0.00058651756930204815 0 0 -9.285600494218885e-05
leaf_weight=141 1329 28 32 22 22 58 220 42 38 48 21 31 35 24 92 32 30 421 61 75 161 82 21 645 4679 276 42 21 20 241
leaf_count=141 1329 28 32 22 22 58 220 42 38 48 21 31 35 24 92 32 30 421 61 75 161 82 21 645 4679 276 42 21 20 241
internal_value=0 0.000111963 0.00018462 -0.000130572 -0.00029304 -6.21948e-06 -2.60035e-06 0.000129458 0.000258342 0 -0.00015627 0.000309765 0.000360115 -7.47863e-06 -8.03033e-05 -0.000274108 0.000426568 -3.94594e-05 -0.000187057 0 -8.48966e-08 -5.31629e-05 -0.000215823 -5.5411e-06 6.54384e-06 4.38366e-05 -0.000423552 -0.000313229 -0.000520265 -4.6062e-06
internal_weight=8990 468 376 92 70 8522 8382 262 275 101 69 237 206 8120 686 98 171 588 140 496 7434 909 182 727 6525 1605 66 82 48 4920
internal_count=8990 468 376 92 70 8522 8382 262 275 101 69 237 206 8120 686 98 171 588 140 496 7434 909 182 727 6525 1605 66 82 48 4920
is_linear=0
shrinkage=0.05


Tree=2
num_leaves=31
num_cat=0
split_feature=50 326 257 33 49 311 266 351 49 267 234 50 31 384 73 66 374 227 268 368 273 370 65 61 285 201 367 31 331 353
split_gain=0.00225105 0.00323876 0.00303568 0.00235227 0.00216608 0.00213641 0.00263462 0.00258525 0.0015497 0.00158183 0.00132384 0.00124135 0.00188344 0.00187626 0.00147671 0.00145617 0.0011681 0.00114903 0.00114322 0.00108208 0.00122359 0.00104783 0.00103133 0.00102268 0.00101801 0.00097631 0.000917863 0.000884487 0.000880237 0.000839769
threshold=-1.5118022612375797 0.022569753706999377 -0.095992106496687671 -0.93914258035231979 -0.76495604452237831 0.00033068783068790011 1.0048274135226625 -0.44575813430214378 1.9877118060224925 -2.9666551845460325 0.4380543144789118 1.1240699184160701 0.12979497354497352 0.023335618291472963 -1.6163195475373597 1.7559678184477403 0.27140433480951992 1.7373712758984883 1.7217644153583078 0.66192114872262875 0.36094058129656598 0.020456850630280497 1.5808185765154137 -0.25195669433005846 0.00033090669639271753 -0.025432107117774407 -0.38425925925925941 0.85532407407407407 0.00033562482195842463 -0.068969116799689298
decision_type=2 10 10 2 2 10 10 10 2 10 10 2 2 10 2 2 10 10 10 10 10 10 2 2 10 10 10 2 10 10
left_child=1 4 3 -3 -1 6 7 -6 9 25 -10 14 24 -14 15 17 -9 -11 22 20 -12 -5 -16 -22 -13 28 -20 -15 -2 -7
right_child=8 2 -4 21 5 29 -8 16 10 11 19 12 13 27 18 -17 -18 -19 26 -21 23 -23 -24 -25 -26 -27 -28 -29 -30 -31
leaf_value=-0.00010428707210665126 0 -0.00080079401719661963 0.0001804017659194169 -0.00034107898285073057 0 0.00022750023331965749 0 0.00048737057997028701 -6.722353014705091e-05 0.00021251887056720302 3.8123749871376883e-06 -0.00054516856457226942 2.3283611357141991e-05 -1.8120573293481619e-05 1.4775409047755095e-06 -7.0025899036210408e-05 0 -7.2817703332395665e-06 2.5783794194600824e-05 0 2.3633880371758227e-06 5.3735942735026267e-05 -0.00026289411177833605 0.00051202493605208906 -4.9905146106490537e-05 0 -0.00010090508408586599 -0.00028452015120922951 -0.00061094896554854156 -0.00015675949188843484
leaf_weight=35 25 21 36 22 21 20 62 162 46 214 74 34 392 121 6515 53 20 25 119 58 38 26 37 56 56 20 526 89 24 43
leaf_count=35 25 21 36 22 21 20 62 162 46 214 74 34 392 121 6515 53 20 25 119 58 38 26 37 56 56 20 526 89 24 43
internal_value=0 0.000106657 -0.000109606 -0.000333315 0.000182995 0.000228912 0.000291549 0.000378654 -5.95966e-06 -1.03871e-05 0.000109907 -7.74331e-06 -7.1963e-05 -3.05857e-05 -1.14075e-06 0.000108179 0.000442047 0.000168622 -6.2723e-06 0.000168088 0.000232583 -2.36037e-05 0 0.000359348 -0.000292896 -0.000251023 -6.97804e-05 -0.000154903 -0.000372008 0
internal_weight=8990 468 105 69 363 328 265 203 8522 8250 272 8181 692 602 7489 292 182 239 7197 226 168 48 6552 94 90 69 645 210 49 63
internal_count=8990 468 105 69 363 328 265 203 8522 8250 272 8181 692 602 7489 292 182 239 7197 226 168 48 6552 94 90 69 645 210 49 63
is_linear=0
shrinkage=0.05


Tree=3
num_leaves=31
num_cat=0
split_feature=50 360 356 278 247 24 69 237 252 315 49 228 371 281 199 258 205 58 73 62 210 379 298 340 19 198 73 347 299 219
split_gain=0.00200743 0.00288364 0.00191317 0.00186818 0.0018035 0.00180141 0.00254969 0.00159777 0.00170608 0.00204716 0.00142108 0.00205378 0.00243465 0.001958 0.00245741 0.00129901 0.00175552 0.0014879 0.00161642 0.00156714 0.00111647 0.00186143 0.00154961 0.00107981 0.000835259 0.00279066 0.00102685 0.000814843 0.000719309 0.000673173
threshold=-1.5118022612375797 -0.00034600854694813438 0.026811113723841821 0.91660495131522046 0.70303918823603673 0.99123677248677267 0.082362661722961819 2.2235156009236703 -0.7824794607277904 -0.05577365866382205 1.9877118060224925 1.9020503119227372 0.31491502993740855 2.9107879918563699 -0.93569282980393675 1.7217644153580325 -1.8825495482913623 -0.72626611053850898 0.94852234642687916 0.78951719576719614 -0.80815560284105337 -0.12694567625187966 -0.00099779406401245808 -0.023174400851922957 0.70032122198467561 -0.47346584890403193 -1.9090376702397247 0.029444477569204989 0.36583656220986116 0.4607809205615882
decision_type=2 10 10 10 10 2 2 10 10 10 2 10 10 8 8 8 10 2 2 2 10 10 10 10 2 10 2 10 10 10
left_child=1 2 7 4 -4 6 29 8 9 -1 13 -12 -13 15 -15 17 23 18 19 -2 22 -22 -18 -17 26 -26 -19 -25 -11 -3
right_child=10 5 3 -5 -6 -7 -8 -9 -10 28 11 12 -14 14 -16 16 20 24 -20 -21 21 -23 -24 27 25 -27 -28 -29 -30 -31
leaf_value=0 0.00034187257399400289 -0.000690753566054793 0.00031754495857767726 -0.00038180495976957482 -0.0001133772085162911 0.00014848422492976508 0 0 0.00010593401157570921 0.00069436118628346619 1.5661744076340033e-05 0.00081961661967850557 0 -0.00070481743503289377 0 0 -0.0001104452053987727 0.00017284942254249241 0 0 6.2557680459130377e-07 -0.00024897414495512316 6.2667739124181308e-05 -0.00043077160537439789 -0.00026628249872781193 0 -5.1296422640821349e-07 0 7.6140404306867621e-05 0
leaf_weight=22 99 28 50 26 25 22 22 38 128 60 222 21 29 23 61 28 189 86 80 32 88 131 399 65 129 522 6292 26 27 20
leaf_count=22 99 28 50 26 25 22 22 38 128 60 222 21 29 23 61 28 189 86 80 32 88 131 399 65 129 522 6292 26 27 20
internal_value=0 0.000100602 0.000167979 0 0.000107367 -0.000120361 -0.000276273 0.000236564 0.00028597 0.000451268 -5.74287e-06 0.000105138 0.000401786 -1.00058e-05 -0.000251791 -6.90338e-06 -6.26648e-05 0 0.000131016 0.000241794 -2.90669e-05 -0.000125903 0 -0.000248312 -3.69853e-06 -5.78283e-05 1.04337e-06 -0.000332028 0.000560213 -0.000493718
internal_weight=8990 468 376 101 75 92 70 275 237 109 8522 272 50 8250 84 8166 926 7240 211 131 807 219 588 119 7029 651 6378 91 87 48
internal_count=8990 468 376 101 75 92 70 275 237 109 8522 272 50 8250 84 8166 926 7240 211 131 807 219 588 119 7029 651 6378 91 87 48
is_linear=0
shrinkage=0.05


Tree=4
num_leaves=31
num_cat=0
split_feature=50 360 371 273 80 199 247 352 11 238 297 238 49 77 321 383 369 207 235 12 371 235 206 275 19 257 331 73 273 28
split_gain=0.00182411 0.0026062 0.00221405 0.00220086 0.00192096 0.00208883 0.00233043 0.00177525 0.00170852 0.00171542 0.00170733 0.00164419 0.00157242 0.00226117 0.00240805 0.00218473 0.00313057 0.00178856 0.00154261 0.00121957 0.00137647 0.00123954 0.00125651 0.00114774 0.00102103 0.00221449 0.00246629 0.000955596 0.00169235 0.000806997
threshold=-1.5118022612375797 0.0027983339189600058 2.1709882084749359 2.1043983916768951 0.45585317460317504 1.3311047785537835 -0.64943682924280643 0.023860023347056506 0.016451719576719353 -1.8686051972270199 6.9712008878494727e-05 2.3577835259716493 1.5898679579016752 0.33151455026455007 0.013258257088266502 -0.13462381073012591 0.15816433722113449 -0.51065496937911503 0.38097171615305253 0.29050925925925902 2.4471551698243377 -2.8448468916827792 1.2849729254496396 -0.49164866472000346 0.61109025803892714 -0.45466051716271128 0.0053683154632205307 -0.30323842069971091 1.6174548595400309 0.10664682539682531
decision_type=2 10 10 10 2 10 10 10 2 10 10 8 2 2 10 10 10 10 8 2 10 10 10 10 2 10 10 2 10 2
left_child=1 2 4 -3 5 6 -1 -8 10 23 29 12 19 14 -14 -15 17 -17 -13 24 21 -21 -23 -10 27 26 -26 28 -2 -6
right_child=11 3 -4 -5 8 -7 7 -9 9 -11 -12 18 13 15 -16 16 -18 -19 -20 20 -22 22 -24 -25 25 -27 -28 -29 -30 -31
leaf_value=0.00071531279702991436 1.1562184134181195e-05 0 -0.00027233687402050368 -0.0006021305484308013 0 0 0.000335755057864312 0 0 0 5.7937464151768918e-05 0 0 -2.0915246554265632e-06 -0.00050584304720070565 0 0 0.00046764033716186642 -0.0003546821021430818 0.00020491782383180994 0.00021285473762012002 -6.5761856837469909e-05 -0.00028284441393362423 0.00061967395859464621 -0.0002321016042592336 1.6702691897860729e-05 0 -4.5176133421029349e-06 0.00015667981604456597 -0.00056364631841717154
leaf_weight=49 1247 43 20 20 21 56 72 36 21 55 25 75 77 81 26 26 82 120 65 22 30 518 108 27 259 441 171 4908 266 23
leaf_count=49 1247 43 20 20 21 56 72 36 21 55 25 75 77 81 26 26 82 120 65 22 30 518 108 27 259 441 171 4908 266 23
internal_value=0 9.5868e-05 0.00014932 -0.000168207 0.000184273 0.000288727 0.000382518 0.000184752 2.57747e-05 0.000177503 -0.000128288 -5.50337e-06 -2.05936e-06 9.22951e-05 -7.99046e-05 0.000165878 0.000247447 0.000386218 -0.000175864 -7.56535e-06 -7.18347e-05 -9.27604e-05 -0.000111239 0.000395845 -9.03098e-07 -5.22607e-05 -0.000134601 5.28551e-06 4.03884e-05 -0.000347368
internal_weight=8990 468 405 63 385 213 157 108 172 103 69 8522 8382 412 103 309 228 146 140 7970 678 648 626 48 7292 871 430 6421 1513 44
internal_count=8990 468 405 63 385 213 157 108 172 103 69 8522 8382 412 103 309 228 146 140 7970 678 648 626 48 7292 871 430 6421 1513 44
is_linear=0
shrinkage=0.05


Tree=5
num_leaves=31
num_cat=0
split_feature=50 326 67 369 298 356 199 232 286 30 205 277 267 208 44 323 352 352 227 255 258 300 247 350 46 39 332 336 19 331
split_gain=0.00163747 0.00254839 0.00279918 0.00262882 0.00177575 0.00181743 0.00227658 0.00246679 0.00134578 0.00248728 0.00187161 0.00206755 0.00129485 0.00139583 0.00218389 0.00161331 0.00105315 0.00167908 0.00170538 0.00117777 0.0012411 0.000937366 0.000842822 0.000831975 0.000830458 0.000825805 0.000782077 0.00103013 0.000750965 0.00108888
threshold=-1.5118022612375797 0.022569753706999377 1.6209739815248632 -0.043788250509076553 -0.0011326660432199318 0.025036192275324363 0.74231489570582909 -1.0256431552932643 -0.00033068783068780069 2.5350506890670652 -1.5564916831680486 1.0482368734187142 -2.9666551845460325 -1.2900630152703891 0.56398809523809501 0.1454699322070859 0.0087127676538069649 -0.018339166340446963 -0.91485640227609144 -2.1603356231509374 1.7217644153585361 -0.027835817147150218 -0.59540977564244113 0.0041875295135792587 0.019014550264550154 0.99513529639872411 0.011091484095192007 -0.0019841269841269836 0.63324964568635067 -0.0097956584106076421
decision_type=2 10 2 10 10 10 10 10 8 2 10 8 10 10 2 10 10 10 10 10 10 10 10 10 2 2 10 10 2 10
left_child=1 4 3 -3 26 6 7 -6 9 12 11 16 -2 14 15 -14 17 -10 -19 21 -21 -18 -7 -8 -4 -13 27 -1 -15 -30
right_child=8 2 24 -5 5 22 23 -9 10 -11 -12 25 13 28 -16 -17 19 18 -20 20 -22 -23 -24 -25 -26 -27 -28 -29 29 -31
leaf_value=-2.9492495321085083e-05 -0.00026473651448841602 0 0.00032504046863969012 -0.00067621320390615644 0 0.00026926706218487255 0.00021402670078123597 0.00059069695671792226 -3.2196921945005945e-06 0.00043487393515651441 -5.3100193752585065e-06 -0.00036414878422339619 0.00030733140356969339 1.2990656816854905e-05 0 0 0 0 -0.00027869078256459006 3.2560068074886944e-06 -0.00029703832619728062 0.00040341319361806064 -9.1079479933239512e-05 -8.1992939127626532e-05 0 0 -0.00020040628234975068 0.00027108841675952295 -0.00028359208234301694 0
leaf_weight=23 38 20 23 31 28 23 41 86 313 37 4811 90 150 2015 220 94 23 43 168 248 36 32 52 32 31 33 37 41 53 118
leaf_count=23 38 20 23 31 28 23 41 86 313 37 4811 90 150 2015 220 94 23 43 168 248 36 32 52 32 31 33 37 41 53 118
internal_value=0 9.08529e-05 -9.8288e-05 -0.000386891 0.000159345 0.000228283 0.000311909 0.000457437 -5.19357e-06 2.29623e-05 -1.92915e-05 -8.24335e-05 1.54164e-05 2.13302e-05 0.000100466 0.000203855 -4.79755e-05 -9.3667e-05 -0.000204087 7.91273e-06 -1.73012e-05 0.000228647 0 1.59306e-05 8.20712e-05 -0.000283347 0 8.51865e-05 2.24193e-06 -9.51279e-05
internal_weight=8990 468 105 51 363 262 187 114 8522 2725 5797 986 2688 2650 464 244 863 524 211 339 284 55 75 73 54 123 101 64 2186 171
internal_count=8990 468 105 51 363 262 187 114 8522 2725 5797 986 2688 2650 464 244 863 524 211 339 284 55 75 73 54 123 101 64 2186 171
is_linear=0
shrinkage=0.05


Tree=6
num_leaves=31
num_cat=0
split_feature=238 91 335 223 64 324 332 210 36 328 39 207 212 23 208 56 277 64 248 19 65 238 259 285 232 383 54 204 352 331
split_gain=0.00153969 0.00143141 0.00198606 0.00171741 0.00105481 0.00237938 0.00248499 0.00301149 0.00249582 0.00158573 0.00190158 0.00156762 0.00156543 0.00208758 0.00173022 0.00144027 0.00143535 0.00118889 0.00109273 0.00143548 0.00162444 0.00139995 0.00187984 0.00130254 0.00101532 0.000980528 0.000959926 0.000990842 0.000854234 0.000821698
threshold=2.3577835259716493 3.0800826753290553 0.0014586038882820342 -2.2596179586827572 -0.8004310875932138 0.017948233768947833 0.010715594665773211 -1.0349889428838626 0.81622023809523825 -0.014188468557248533 -1.7191399658674797 2.2711136770918023 -1.7549743547067729 0.006779100529100501 -1.7687893989244039 0.16749338624338603 -1.625353717478965 -1.0663272403496646 0.78771253426859567 0.58665977982108308 -0.26607757357143441 -1.0142027090478367 -0.062395767283328886 0.00058275064871710091 1.2502290373554643 0.036230736476797885 0.66914682539682557 -0.45651974017040969 0.0073764804447408192 -0.1412297831820625
decision_type=8 2 10 10 2 10 10 10 2 10 2 10 10 2 10 2 10 2 8 2 2 10 10 10 10 10 2 10 10 10
left_child=1 4 3 -3 5 6 7 8 -1 10 -8 12 13 -7 -14 -13 -17 -9 21 26 -21 22 -6 -22 28 -11 -20 -28 -2 -24
right_child=24 2 -4 -5 18 11 9 17 -10 25 -12 15 14 -15 -16 16 -18 -19 19 20 23 -23 29 -25 -26 -27 27 -29 -30 -31
leaf_value=0.00032149493097360904 -5.1406938282004666e-05 0 0 0.00062396092053444414 -1.5050959718367555e-05 0 -0.0005691332853402654 -0.00026868778123348679 0 -2.6776016887061074e-05 0 0 0.00018983452886318041 -0.00046575996572404777 0 0 -0.00055416882448551075 5.52164883458921e-05 0 0 -0.00033042118375128704 -4.6933621441625996e-06 0 0 0 0.00021515287120161855 0 -0.0001988974138492504 -0.00048609254447876961 0.00019585152466820049
leaf_weight=267 68 25 41 33 189 76 27 33 105 82 39 31 144 38 454 20 37 191 1220 93 123 4925 24 28 37 55 147 139 35 264
leaf_count=267 68 25 41 33 189 76 27 33 105 82 39 31 144 38 454 20 37 191 1220 93 123 4925 24 28 37 55 147 139 35 264
internal_value=0 2.36561e-06 0.000191338 0.000384582 0 3.6934e-05 9.90783e-05 0.000152367 0.000239634 -3.27555e-05 -0.000246736 -1.88881e-05 0 -0.000163394 3.80823e-05 -0.000218458 -0.00036972 0 -7.98182e-06 -4.24898e-05 -0.000158371 2.27219e-06 8.4657e-05 -0.000259607 -0.000164686 3.39651e-05 -2.03857e-05 -0.000102838 -0.00024794 0.000167428
internal_weight=8990 8850 99 58 8751 1599 799 596 372 203 66 800 712 114 598 88 57 224 7152 1750 244 5402 477 151 140 137 1506 286 103 288
internal_count=8990 8850 99 58 8751 1599 799 596 372 203 66 800 712 114 598 88 57 224 7152 1750 244 5402 477 151 140 137 1506 286 103 288
is_linear=0
shrinkage=0.05


Tree=7
num_leaves=31
num_cat=0
split_feature=73 292 383 212 50 16 356 358 253 85 328 384 348 243 323 359 254 264 268 89 342 381 292 224 377 60 207 9 324 379
split_gain=0.00142681 0.00232487 0.00228074 0.00204483 0.00164348 0.00146561 0.00136529 0.0016927 0.00130858 0.00179645 0.00166681 0.00165868 0.00229 0.00133755 0.00114627 0.00147414 0.00112065 0.001103 0.00103612 0.00167277 0.00110972 0.00106816 0.00102719 0.00128378 0.0010721 0.00100828 0.000949128 0.00119877 0.000803787 0.000709069
threshold=-1.9090376702397247 -0.00033068783068779993 0.076910103782901876 -1.9240199299281422 2.1823915423017106 -0.32578510352993012 0.069978995897475596 -0.044662000673067949 1.5570284529349372 0.7938661601396706 -0.015186073757490258 0.10817068715858154 -0.031573203560863954 -0.7641288355686483 -0.14427213058288557 -0.031808103719586998 0.33909650507753492 2.155012083777708 1.7217644153580576 -0.99799879826298887 -0.0032804997695788369 0.80248193769277532 -0.00033068783068780199 0.61145069501575422 -0.13794200969801704 0.23462301587301601 1.2105919149141091 2.1939624649455154 -0.020155436070918905 0.22773749512199057
decision_type=2 10 10 10 2 2 10 10 8 2 10 10 10 10 10 10 10 10 10 2 10 10 10 10 10 2 10 2 10 10
left_child=1 2 6 -3 8 25 7 -1 9 18 22 12 16 -14 -12 29 -11 -17 -2 20 -20 -21 -10 24 -24 -6 -13 -28 -9 -16
right_child=4 3 -4 -5 5 -7 -8 28 10 11 14 26 13 -15 15 17 -18 -19 19 21 -22 -23 23 -25 -26 -27 27 -29 -30 -31
leaf_value=0 4.1920423359312998e-06 -0.00050830780120204551 0 2.2764853372028625e-06 0 0 0 0 0 -9.1386679824708702e-05 3.8651686672299147e-05 -7.8482163631008074e-05 0.00048759708048496129 0.00013567036990360423 0.00015152075998403245 -0.00014999259767460354 0.00016986217824540426 2.3947510218128397e-05 0 -0.00013406017353920184 0.00030564725914755285 0 0 0 -0.00047020199929762301 -0.00052317998016355777 0.00034232988702020527 0 0.00060121560543254654 -4.0403527615997156e-05
leaf_weight=28 5816 21 57 70 21 63 23 24 51 145 403 213 47 365 92 382 55 59 32 441 45 198 28 42 69 38 35 20 67 40
leaf_count=28 5816 21 57 70 21 63 23 24 51 145 403 213 47 365 92 382 55 59 32 441 45 198 28 42 69 38 35 20 67 40
internal_value=0 0.000108665 0.000211399 -6.10945e-05 -4.03254e-06 -0.000186434 0.000320533 0.000388897 -8.53326e-07 6.2961e-06 -5.0585e-05 7.35336e-05 0.000120239 0.000188059 -1.84218e-05 -6.72867e-05 0 -0.000115386 -1.99776e-06 -5.92528e-05 0.000136615 -9.06962e-05 -0.000189404 -0.000259785 -0.000360185 -0.000365795 -1.44773e-05 0.000142344 0.000494143 5.55252e-05
internal_weight=8990 290 199 91 8700 122 142 119 8578 7412 1166 880 612 412 976 573 200 441 6532 716 77 639 190 139 97 59 268 55 91 132
internal_count=8990 290 199 91 8700 122 142 119 8578 7412 1166 880 612 412 976 573 200 441 6532 716 77 639 190 139 97 59 268 55 91 132
is_linear=0
shrinkage=0.05


Tree=8
num_leaves=31
num_cat=0
split_feature=238 13 283 64 260 48 246 219 323 378 331 237 340 275 273 378 244 15 39 379 372 46 19 212 310 343 262 323 238 76
split_gain=0.00136475 0.00137362 0.00138233 0.00134827 0.00203443 0.00218567 0.0023379 0.00179465 0.00146629 0.00166018 0.00192735 0.0028561 0.00136196 0.00111866 0.00110741 0.00201186 0.0010909 0.0010167 0.000926808 0.00152784 0.00155375 0.0015426 0.00127946 0.00107145 0.00087382 0.000833957 0.000832715 0.000791257 0.000717402 0.00119691
threshold=2.0738296170308455 0.0052910052910052499 -0.001273518597467795 -0.8004310875932138 -0.28327519458720735 -0.49371033516996543 -2.2148612146129643 -0.55385554902350254 1.0459484454561945 -1.0974424029833842 -0.03085820837476216 -0.5038746149862382 -0.0021581932781700171 -0.26894001284042413 2.1287037615926478 0.0068841933825615773 -0.12784019445717212 0.70171957671957719 -1.3304934785171849 -0.12694567625187966 0.012229387321490039 0.46114417989418005 1.2894003684837811 -2.3170611433906156 -0.0085816707776849004 -0.0049603174603163316 -1.3029368316649614 -0.22604403002964987 -0.37757815763393937 0.83565993756504964
decision_type=8 2 8 2 10 2 10 10 10 10 10 10 10 10 10 10 10 2 2 10 10 2 2 10 10 10 10 10 10 2
left_child=3 -2 -3 4 5 6 -1 27 9 16 12 -12 -11 25 26 -16 -6 -18 19 22 21 23 -5 -21 -8 -10 -9 -7 29 -20
right_child=1 2 -4 18 8 7 24 14 13 10 11 -13 -14 -15 15 -17 17 -19 28 20 -22 -23 -24 -25 -26 -27 -28 -29 -30 -31
leaf_value=-0.00060578538526945671 0 -0.00045624074843902306 -5.9185633485916449e-06 0 6.5547974093932063e-05 0 -0.00035629647511379762 0.00030342160153016255 0 -0.00020807249316727152 0 0.00021872654530037122 8.3394030155830356e-05 3.7732219194657119e-05 -0.00042013005499227522 0 -0.00036451442166029904 0 9.59402651548811e-06 0 2.5946674043937959e-05 0 0.00032174667919442589 -0.00026238045542155576 0 -0.00037969681438451794 0 0.00033646499081266582 -9.1102787229358456e-06 0.00014854591249440429
leaf_weight=30 146 49 65 246 38 28 21 24 22 65 222 556 86 42 44 31 41 21 1390 44 96 102 32 241 126 37 111 59 4782 193
leaf_count=30 146 49 65 246 38 28 21 24 22 65 222 556 86 42 44 31 41 21 1390 44 96 102 32 241 126 37 111 59 4782 193
internal_value=0 -0.000113197 -0.00024353 3.00909e-06 4.47938e-05 -3.49715e-05 -0.000179328 3.42611e-05 8.26773e-05 0.000102744 0.000125606 0.000158162 -9.03569e-06 -7.22056e-05 -2.41827e-05 -0.000191512 -5.96083e-05 -0.000216814 -5.69512e-06 -5.78618e-05 -0.000113682 -0.000161233 2.11475e-05 -0.00022096 -5.79526e-05 -0.000235 3.18411e-05 0.000232603 0 2.97018e-05
internal_weight=8990 260 114 8730 1604 474 177 297 1130 1029 929 778 151 101 210 75 100 62 7126 761 483 387 278 285 147 59 135 87 6365 1583
internal_count=8990 260 114 8730 1604 474 177 297 1130 1029 929 778 151 101 210 75 100 62 7126 761 483 387 278 285 147 59 135 87 6365 1583
is_linear=0
shrinkage=0.05


Tree=9
num_leaves=31
num_cat=0
split_feature=238 235 50 202 341 353 63 219 78 302 210 370 254 12 252 216 47 219 315 286 245 246 246 260 19 260 208 244 374 76
split_gain=0.00130168 0.00128223 0.00120641 0.00244697 0.00180626 0.00194945 0.00250919 0.00261509 0.00212764 0.00169001 0.00153519 0.00157415 0.00137069 0.00104303 0.00143159 0.0014531 0.00145222 0.00121276 0.00115977 0.00108971 0.00296082 0.00280121 0.0033693 0.0011175 0.00145311 0.00124708 0.0010646 0.000955956 0.000892755 0.000839895
threshold=2.3577835259716493 0.38097171615305253 -1.5118022612375797 0.30133178438014407 -0.0033068783068781675 -0.0048456167874151293 0.30373677248677255 -0.10973653623987938 0.34242724867724905 -0.0093324988531629221 -2.4689201879890805 0.003199154678713068 -0.37853460266911498 0.29646164021164007 -0.5250040997513753 -0.80415651836468405 0.9535383597883601 0.64193033565019386 0.018998896315514772 -0.00033068783068780069 -1.4458573930479635 -2.3221532650779295 -1.7216448026700648 -0.28327519458720735 0.058980954808524062 -1.4418087073829204 -0.82444265108132664 -0.33582793162592878 0.16251892949777627 0.52288210857605766
decision_type=8 8 2 10 10 10 2 10 2 10 10 10 10 2 10 10 2 10 10 10 10 10 10 10 2 10 10 10 10 2
left_child=2 -2 3 4 9 6 -6 -8 -7 29 -5 -12 -10 19 15 18 27 26 -15 20 21 -4 -23 24 -21 -26 -17 -16 -29 -1
right_child=1 -3 13 10 5 8 7 -9 12 -11 11 -13 -14 14 16 17 -18 -19 -20 23 -22 22 -24 -25 25 -27 -28 28 -30 -31
leaf_value=0 0 -0.0003140988544774923 -1.2000888517092563e-05 0 0 -0.00029202793764177492 0 -0.00074409145846159974 0 0 0 0.00045958729925552055 0.0004339634490828262 0 0 0.00030892295861942873 -1.6593796021632957e-05 0 -0.00042798307805926917 -1.5207737239986253e-05 7.0295597335131884e-06 0.00050330198924481611 6.0431523370200075e-05 3.0631733061464356e-06 1.6121836054020384e-05 -0.00019486438529713106 0 -0.00031621735125099485 0 0.00051683962620924413
leaf_weight=20 75 65 92 33 23 36 23 34 84 28 41 80 30 29 28 81 267 85 25 1010 2077 97 133 3968 40 255 26 142 27 36
leaf_count=20 75 65 92 33 23 36 23 34 84 28 41 80 30 29 28 81 267 85 25 1010 2077 97 133 3968 40 255 26 142 27 36
internal_value=0 -0.000151534 2.04831e-06 8.04283e-05 0 -7.21332e-05 -0.000275271 -0.000464926 3.00719e-06 0.000198639 0.000243613 0.000327433 0.000140172 -1.73235e-06 -6.00772e-05 2.12984e-05 -0.000113989 0.000103209 -0.000177169 3.01614e-06 3.14326e-05 0.000173265 0.000269075 -8.96432e-06 -4.93638e-05 -0.000149317 0.00021775 -0.000220549 -0.000266137 0.000366693
internal_weight=8990 140 8850 468 314 230 80 57 150 84 154 121 114 8382 710 246 464 192 54 7672 2399 322 230 5273 1305 295 107 197 169 56
internal_count=8990 140 8850 468 314 230 80 57 150 84 154 121 114 8382 710 246 464 192 54 7672 2399 322 230 5273 1305 295 107 197 169 56
is_linear=0
shrinkage=0.05


Tree=10
num_leaves=31
num_cat=0
split_feature=339 357 268 66 375 364 385 73 250 292 229 322 35 50 342 54 207 354 246 258 238 213 256 376 63 207 75 332 279 91
split_gain=0.00124649 0.00160187 0.00140047 0.0016777 0.0017163 0.00184999 0.00145042 0.00138567 0.00185928 0.00172277 0.00158942 0.00197241 0.00178911 0.00137857 0.00161334 0.00174141 0.00134591 0.00129227 0.00121537 0.00115844 0.00114738 0.0011404 0.00111736 0.00107576 0.00111848 0.000914868 0.00175141 0.00170356 0.00109706 0.000974212
threshold=-0.28768207245179361 0.00066137566137508552 1.7217644153583078 -1.0972605337610346 -0.11048378114785272 0.013549936387186547 0.37949011244432768 -1.6922687424744647 -0.46719573312790347 -0.00033068783068779993 -1.5746104383675317 -0.010768514649899223 0.88673941798941802 1.8662252048319852 0.0030828545371845988 0.10730820105820101 0.31105561251766095 0.085505002650727815 -0.045488013623273614 0.30850729543913663 2.0738296170308455 1.9637644091058799 1.4654660146655241 -0.3115436905348396 0.26405423280423307 2.4032785117037041 0.34556878306878308 -0.011661905990111758 2.4197921465037049 1.0315766100626564
decision_type=8 10 8 2 10 10 10 2 10 10 10 10 2 2 10 2 8 10 10 10 10 10 10 10 2 10 2 10 10 2
left_child=1 18 7 4 -4 -6 16 8 9 17 12 -12 -10 25 15 -15 -5 19 22 -2 -17 -13 -1 -18 -25 29 28 -28 -27 -9
right_child=2 -3 3 6 5 -7 -8 13 10 -11 11 21 -14 14 -16 20 23 -19 -20 -21 -22 -23 -24 24 -26 26 27 -29 -30 -31
leaf_value=0.00044042179360985766 9.7137079670416601e-05 0 -6.3288531829606227e-05 -7.0846919566769457e-05 0.00064422048415063162 0 0 -1.439024736616311e-07 -0.00048310773378280007 0 -0.00014575036594674312 0.00031762258948334217 0 0 0 0 0 0 0 0.00073095921724365589 -0.00071095335801352861 0 0 0 -0.00044975349587660844 -6.2977299052405916e-05 0 -0.00037581608859034638 0.0002277132624004262 6.2828478072816729e-05
leaf_weight=66 38 168 36 361 24 38 321 6353 31 39 37 81 21 22 54 25 34 21 63 34 29 20 22 25 85 141 20 76 42 663
leaf_count=66 38 168 36 361 24 38 321 6353 31 39 37 81 21 22 54 25 34 21 63 34 29 20 22 25 85 141 20 76 42 663
internal_value=0 9.67188e-05 -3.8897e-06 -6.22986e-05 0.000112014 0.000294256 -8.90433e-05 2.43215e-06 0.0001042 0.000248317 0 9.27415e-05 -0.000231235 -1.30919e-06 -0.000162924 -0.000313657 -0.000141938 0.000365723 0.000215078 0.000466389 -0.000467824 0.000229624 0.000337382 -0.000285289 -0.000361871 8.87658e-07 -8.69645e-05 -0.000259859 0 5.09504e-06
internal_weight=8990 319 8671 924 98 62 826 7747 322 132 190 138 52 7425 130 76 505 93 151 72 54 101 88 144 110 7295 279 96 183 7016
internal_count=8990 319 8671 924 98 62 826 7747 322 132 190 138 52 7425 130 76 505 93 151 72 54 101 88 144 110 7295 279 96 183 7016
is_linear=0
shrinkage=0.05


Tree=11
num_leaves=31
num_cat=0
split_feature=238 236 79 248 250 283 253 325 261 387 323 281 357 267 255 370 77 39 63 355 237 385 376 63 295 349 366 202 218 332
split_gain=0.00120655 0.00187678 0.00199541 0.00158608 0.00159096 0.00135983 0.00130232 0.00139664 0.00114086 0.00168831 0.00113267 0.00111849 0.0016517 0.00103446 0.000971066 0.00141874 0.00108516 0.00129678 0.00104505 0.000974027 0.000946916 0.000937535 0.00184639 0.00103032 0.000929108 0.00143854 0.000870054 0.000739212 0.000726294 0.00102263
threshold=-1.0142027090478367 -0.80243276666086605 -0.35384360397230491 0.73213666793379417 -0.10868822768840143 -0.0017143555924580831 1.6556135016314648 -0.031912469042119411 -1.3524189359265453 -0.11903425791853799 1.5033539459446912 3.2233635208265548 0.00099206349206426591 -2.1809656331524896 -2.5124914506119782 -0.041009459227311744 0.23627645502645503 -0.56646699057233285 0.24222883597883602 0.14020032903272336 2.2523819539344552 -0.30266152238617722 -0.090520479047507527 0.41121031746031755 0.00034590108608834399 -0.086499102111784118 -0.17826558645399451 -0.62653082826670248 0.44009829291158514 0.0070667483234438952
decision_type=8 10 2 10 10 10 10 10 10 10 10 8 10 10 10 10 2 2 2 10 10 10 10 2 10 10 10 10 10 10
left_child=1 2 -1 6 13 -6 7 -3 9 -8 26 14 -13 -5 15 -2 17 18 -16 -20 28 22 -10 -23 -22 -26 -9 -11 -18 -30
right_child=11 3 -4 4 5 -7 8 10 21 27 -12 12 -14 -15 16 -17 20 -19 19 -21 24 23 -24 -25 25 -27 -28 -29 29 -31
leaf_value=-0.0005488287122730923 0.00032564609466303009 0 0 0.00040221994311329633 -0.000437580630881536 -2.5984313364909624e-05 0.00046133859542915107 7.845403519159476e-05 0 -0.00011013333089991531 0 0 -0.00059731488124194058 6.2483166233270841e-07 0 0 6.8810328903427226e-06 -1.0245439630713548e-05 -0.00020723222747287391 0 0 0.0002341214256766903 -0.00047531128633710069 -4.0008893098976108e-05 0 0.00033975557215612013 0.00031564460967489869 0.00014312785352784023 -5.0855886765109439e-06 -9.7145217480745143e-05
leaf_weight=25 53 75 41 22 33 145 32 133 61 44 57 44 20 176 115 119 4159 900 267 27 104 45 32 86 42 71 195 64 1356 447
leaf_count=25 53 75 41 22 33 145 32 133 61 44 57 44 20 176 115 119 4159 900 267 27 104 45 32 86 42 71 195 64 1356 447
internal_value=0 4.48904e-05 -0.000197255 6.239e-05 -1.13139e-05 -0.000130568 0.000102086 0.000159867 1.53112e-05 0.000136521 0.000199001 -7.75889e-06 -0.000217851 7.06668e-05 -5.348e-06 0.000110046 -8.66778e-06 -5.00209e-05 -0.0001253 -0.000175279 0 -3.81605e-05 -0.000168269 1.61259e-05 0.000102664 0.000201914 0.000234759 0 -3.64155e-06 -3.06861e-05
internal_weight=8990 1266 66 1200 376 178 824 460 364 140 385 7724 64 198 7660 172 7488 1309 409 294 6179 224 93 131 217 113 328 108 5962 1803
internal_count=8990 1266 66 1200 376 178 824 460 364 140 385 7724 64 198 7660 172 7488 1309 409 294 6179 224 93 131 217 113 328 108 5962 1803
is_linear=0
shrinkage=0.05


Tree=12
num_leaves=31
num_cat=0
split_feature=359 64 73 292 379 247 212 64 250 207 207 253 325 202 11 50 79 49 275 91 322 243 198 268 378 384 59 318 39 297
split_gain=0.0011536 0.00144737 0.00134655 0.00172583 0.00217902 0.00200996 0.00158653 0.00153275 0.00149957 0.0015438 0.00147176 0.00207849 0.00188772 0.00169446 0.00191925 0.00115616 0.00112607 0.0011217 0.00112052 0.00111733 0.00239074 0.00350895 0.00163936 0.00112176 0.000906337 0.000892703 0.000842799 0.000673008 0.000607937 0.000521624
threshold=-0.068841227719630291 -0.9718552680648268 -1.9090376702397247 -0.00033068783068779993 -0.056031186873911919 0.67468202387960419 -0.27116858472402572 -0.82026755087143888 -0.38192705407694622 0.65427843125593943 2.4032785117037041 0.44354429358454367 -0.019578717449025614 1.2255044405696676 0.0034722222222222008 2.1823915423017106 0.65852613248995961 0.27743104234483157 -0.49937482814860001 1.1468309827518051 -0.010506331952416901 -1.3678587564688314 0.56763687044182676 1.7217644153585632 0.0088963115130338295 -0.013972825680609422 -0.7826812235607099 -0.15831293308193534 -1.4592850502678147 0.00071912191145999751
decision_type=8 2 2 10 10 10 10 2 10 10 8 8 8 8 2 2 2 2 10 2 10 10 10 10 10 10 2 10 2 10
left_child=1 18 3 4 8 7 24 25 -2 -10 15 -12 -13 14 -14 19 -3 -17 -1 23 22 -22 -21 28 -5 -6 -25 -19 -4 -18
right_child=2 16 10 6 5 -7 -8 -9 9 -11 11 12 13 -15 -16 17 29 27 -20 20 21 -23 -24 26 -26 -27 -28 -29 -30 -31
leaf_value=0 0.00022715350514037141 -4.1917352864584136e-05 -4.8923021787062665e-05 -0.00043561503620264416 5.4453249875354947e-05 0 0.00013891383300568153 0 0 -0.00051948425789822715 0 0 0 0 -0.0006197681422724998 0 0.00020897703808637772 0 0.00048684572026113987 -0.00018287861441746824 0.0004254327358585411 4.9228135006565426e-05 0.00015263665673953238 0 0 0.0008200483843737264 -0.00012657381943920602 -0.00050641501815853595 2.580116040588542e-06 0
leaf_weight=22 37 160 624 30 22 32 34 22 22 21 148 34 21 50 60 68 91 21 38 145 79 547 33 102 20 35 329 29 6084 30
leaf_count=22 37 160 624 30 22 32 34 22 22 21 148 34 21 50 60 68 91 21 38 145 79 547 33 102 20 35 329 29 6084 30
internal_value=0 8.98096e-05 -3.91795e-06 0.000103669 0.000193206 0.000336512 -4.04562e-05 0.000471782 0 -0.000206317 -8.04935e-06 -0.000114925 -0.000237741 -0.000327379 -0.000474855 -3.27784e-06 2.23601e-05 -0.000158745 0.000321941 -3.36798e-07 5.48452e-05 0.000104751 -9.25515e-05 -7.25249e-06 -0.000262262 0.000612734 -8.56903e-05 -0.000339671 -1.46616e-06 0.000148608
internal_weight=8990 341 8649 275 191 111 84 79 80 43 8374 313 165 131 81 8061 281 118 60 7943 804 626 178 7139 50 57 431 50 6708 121
internal_count=8990 341 8649 275 191 111 84 79 80 43 8374 313 165 131 81 8061 281 118 60 7943 804 626 178 7139 50 57 431 50 6708 121
is_linear=0
shrinkage=0.05


Tree=13
num_leaves=31
num_cat=0
split_feature=339 357 268 40 279 23 371 223 57 344 244 201 73 250 292 229 322 35 253 354 207 221 226 64 19 213 73 14 39 300
split_gain=0.00112533 0.00143085 0.00116054 0.00139145 0.00246008 0.00268981 0.00186192 0.00152074 0.00138904 0.00118446 0.00118299 0.00135255 0.00116751 0.00163497 0.00149627 0.001349 0.00172894 0.00158885 0.00123652 0.00115593 0.00111407 0.0024435 0.0019239 0.00109007 0.00106679 0.00101675 0.000909193 0.00085938 0.000826164 0.000804713
threshold=-0.28768207245179361 0.00066137566137508552 1.7217644153583078 -0.32087000420771195 1.7328981693755596 0.006779100529100501 -0.51126466051863384 0.73051108990272551 0.50972150452703213 -0.0040322635279386168 1.5115103085166426 1.4514439787322069 -1.6922687424744647 -0.46719573312790347 -0.00033068783068779993 -1.5746104383675317 -0.010768514649899223 0.88673941798941802 1.5570284529349372 0.085505002650727815 2.4032785117037041 -1.6359486749417707 2.099877993618946 -0.57000245355543189 -0.019204525465031996 1.9637644091058799 -0.30323842069971091 0.0018187830687830002 -0.42946754230104495 -0.032191913536090987
decision_type=8 10 8 2 10 2 10 8 2 10 10 8 2 10 10 10 10 2 10 10 10 10 10 2 2 10 2 2 2 10
left_child=1 23 12 7 9 6 -6 8 -4 -5 11 -9 13 14 19 17 -17 -15 26 24 -20 -22 -23 -1 -2 -18 -14 -10 -29 -28
right_child=2 -3 3 4 5 -7 -8 10 27 -11 -12 -13 18 15 -16 16 25 -19 20 -21 21 22 -24 -25 -26 -27 29 28 -30 -31
leaf_value=0.00034390344682520412 0 0 0.00011782589705566774 -0.00026025146769601925 0 -2.0091594233729641e-05 0.00071676058801639479 -0.00047248594156305672 8.5734244647544308e-06 0 0 -1.9756659770554191e-05 4.3572893199752532e-05 -0.00045310966895108635 0 -0.00013596907098315696 0.00029667019373652413 0 -2.6945044281605398e-05 0 0 -0.0005252957170127228 0 0 0.00057658177083016744 0 3.5592000161720315e-05 -2.8872400303612592e-05 -0.00024335330184098352 -1.3342811760468476e-05
leaf_weight=76 23 168 81 52 24 22 33 70 69 200 20 55 1284 31 39 37 81 21 787 21 43 58 23 75 49 20 1029 175 123 4201
leaf_count=76 23 168 81 52 24 22 33 70 69 200 20 55 1284 31 39 37 81 21 787 21 43 58 23 75 49 20 1029 175 123 4201
internal_value=0 9.19513e-05 -3.64693e-06 -5.68259e-05 1.25315e-05 0.000266896 0.00046507 -0.000103966 -4.43299e-05 -4.74506e-05 -0.000253602 -0.000313428 2.05107e-06 9.55098e-05 0.000230617 0 8.33558e-05 -0.000215207 -1.32979e-06 0.000340063 -5.64142e-05 -0.000202986 -0.000371986 0.000203788 0.000435208 0.000213214 5.6071e-06 -9.37617e-05 -0.000134225 -2.75841e-06
internal_weight=8990 319 8671 924 331 79 57 593 448 252 145 125 7747 322 132 190 138 52 7425 93 911 124 81 151 72 101 6514 367 298 5230
internal_count=8990 319 8671 924 331 79 57 593 448 252 145 125 7747 322 132 190 138 52 7425 93 911 124 81 151 72 101 6514 367 298 5230
is_linear=0
shrinkage=0.05


Tree=14
num_leaves=31
num_cat=0
split_feature=238 235 50 202 257 301 326 370 337 235 49 49 228 314 234 265 72 267 238 36 325 19 337 243 247 223 264 227 277 56
split_gain=0.00108135 0.0011039 0.00097297 0.00209684 0.0016174 0.00262274 0.00258978 0.0023656 0.00144472 0.00141837 0.00135869 0.00114358 0.00214426 0.00110184 0.00105469 0.00118643 0.0014943 0.000919745 0.000919263 0.000890853 0.0008819 0.00118634 0.000866418 0.000820448 0.000820011 0.000794972 0.000722943 0.000640744 0.00058003 0.000512861
threshold=2.3577835259716493 0.38097171615305253 -1.5118022612375797 0.30133178438014407 -0.051531302784813507 0.0004516730169544792 0.017661477827956743 0.031265894197416273 0.013179385919261171 0.70163906554268041 -0.66209236048201581 1.5898679579016752 2.0812564565724321 -0.0075788097926660627 1.2444390912093752 -0.21204458579489852 0.31111547664193756 -2.9666551845460325 -0.37757815763393937 0.0086805555555558283 -0.13158054216872603 0.091002729141301766 0.0043467428859715294 1.9027575246988409 -0.81394558673890671 0.89357939002352005 -0.085428738018354961 0.1805902739160879 0.70518879744936525 0.70965608465608454
decision_type=8 8 2 10 10 10 10 10 10 10 2 2 10 10 10 10 2 10 10 2 10 2 10 10 10 10 10 10 10 2
left_child=2 -2 3 4 5 6 7 -1 13 -8 -6 17 14 -5 15 16 -13 18 -4 27 21 -21 -14 -22 -12 26 -16 29 -15 -19
right_child=1 -3 11 8 10 -7 9 -9 -10 -11 24 12 22 28 25 -17 -18 19 -20 20 23 -23 -24 -25 -26 -27 -28 -29 -30 -31
leaf_value=0.0003663604461443923 0 -0.00028878780709187606 0 0 -1.1691301120282684e-05 -0.0004282228162278825 -0.00050498749047480653 -3.5758453546873519e-05 0 0 0 -0.00059654295463247402 0.00050668976766288362 0.0005122683265001408 0 0 0 0 -0.0004270026993748671 0 1.8577755299034647e-06 0.00033023384136578106 0 -4.1866909274465477e-05 0.00035230836892169442 -5.4142564127902145e-05 0.00025972817628017506 0 0 -0.00038068448849618334
leaf_weight=61 75 65 20 38 30 44 30 45 37 20 20 21 39 59 101 87 26 21 26 106 6416 46 28 1251 64 27 83 48 20 36
leaf_count=61 75 65 20 38 30 44 30 45 37 20 20 21 39 59 101 87 26 21 26 106 6416 46 28 1251 64 27 83 48 20 36
internal_value=0 -0.000138037 1.95647e-06 7.23514e-05 0 -8.74416e-05 0 0.000148651 0.000223425 -0.000287113 0.000148422 -1.37827e-06 7.90054e-05 0.000310701 1.32566e-05 -7.75697e-05 -0.000283029 -6.16189e-06 -0.000231035 -4.22258e-06 -1.63092e-06 0.000116421 0.000342522 -4.62496e-06 0.000265005 9.46327e-05 0.000143641 -0.000149456 0.000421587 -0.000262998
internal_weight=8990 140 8850 468 314 200 156 106 154 50 114 8382 412 117 345 134 47 7970 46 7924 7819 152 67 7667 84 211 184 105 79 57
internal_count=8990 140 8850 468 314 200 156 106 154 50 114 8382 412 117 345 134 47 7970 46 7924 7819 152 67 7667 84 211 184 105 79 57
is_linear=0
shrinkage=0.05


Tree=15
num_leaves=25
num_cat=0
split_feature=91 335 223 50 376 318 215 67 248 31 55 289 297 51 200 91 245 381 64 243 216 367 355 93
split_gain=0.0010101 0.00178583 0.00139716 0.000939936 0.000979365 0.00138181 0.00154364 0.00077124 0.000948039 0.00154851 0.00158234 0.00140107 0.00118594 0.0013158 0.00147017 0.00119426 0.00100708 0.00113007 0.000715879 0.00123508 0.000762679 0.000577312 0.000479968 0.000176151
threshold=3.0800826753290553 0.0014586038882820342 -2.2596179586827572 2.1823915423017106 0.12917304431688995 -0.15870090711616369 0.42225376416741645 -0.59334615415980896 0.78771253426859567 0.85912698412698396 1.0000000180025095e-35 0.00033624749081584941 0.0014923688482498811 -1.9679096868881498 -0.74509803669267882 1.1468309827518051 -0.35982369315447399 -0.12690340773897221 -0.86152383841989233 1.5539073904549989 -0.82738370507707326 -0.36491402116402122 0.011692657277210141 0.62540917043146005
decision_type=2 10 10 2 10 10 10 2 8 2 2 10 10 2 10 2 10 10 2 10 10 10 10 2
left_child=3 2 -2 7 5 -5 -7 -1 12 18 21 -12 13 14 -9 -15 17 -14 19 -10 -20 -11 -3 -18
right_child=1 22 -4 4 -6 6 -8 8 9 10 11 -13 16 15 -16 -17 23 -19 20 -21 -22 -23 -24 -25
leaf_value=0.0002372805778065367 0 -0.00023560628694398284 0.00056179679484947892 0 0 0 -0.00063527884149182888 -0.0003297910082568085 0.00017985780585963901 -0.00015590407072425287 -0.00019259130688636217 0 0 -4.2367876986832251e-07 -8.9923492566827952e-08 7.5709803221374683e-05 2.9845736073646763e-05 0.00024115346251291376 -0.00010825387677953553 -7.5110109243518981e-06 0 2.0852878693220219e-05 3.5218803655029589e-05 -7.5100825623903645e-05
leaf_weight=34 25 21 33 29 36 33 30 62 142 54 358 79 88 5178 149 558 273 150 186 114 1005 295 23 35
leaf_count=34 25 21 33 29 36 33 30 62 142 54 358 79 88 5178 149 558 273 150 186 114 1005 295 23 35
internal_value=0 0.000156148 0.000345962 -2.00824e-06 -0.000136468 -0.000229102 -0.000362432 0 -9.69398e-07 -2.95702e-05 -8.60732e-05 -0.00014958 8.09691e-06 7.6783e-07 -0.000120765 6.11213e-06 7.87543e-05 0.000157467 0 7.69262e-05 -1.51723e-05 0 0 1.67099e-06
internal_weight=8990 102 58 8888 128 92 63 8760 8726 2233 786 437 6493 5947 211 5736 546 238 1447 256 1191 349 44 308
internal_count=8990 102 58 8888 128 92 63 8760 8726 2233 786 437 6493 5947 211 5736 546 238 1447 256 1191 349 44 308
is_linear=0
shrinkage=0.05


Tree=16
num_leaves=31
num_cat=0
split_feature=286 30 353 238 205 30 371 91 39 358 356 285 365 268 243 251 200 381 245 232 64 319 284 251 288 387 223 207 320 253
split_gain=0.000995578 0.00260026 0.00219236 0.00156737 0.00106709 0.00106259 0.00234301 0.00130032 0.00157294 0.00166022 0.00237289 0.00130729 0.00218942 0.00112374 0.00110711 0.000942837 0.000839133 0.00135163 0.00195489 0.00198571 0.00145401 0.00124464 0.00121152 0.00110657 0.0013373 0.000911989 0.000872841 0.00080713 0.000809492 0.000723886
threshold=-0.00033068783068780069 2.5350506890670652 -0.022985423025698056 2.0738296170308455 0.091237995593997048 2.3980246955555757 -0.93359804134301017 1.1468309827518051 -0.79899977076475637 -0.0095182191894777179 0.025036192275324363 -0.0012763243596035088 -0.26884920634920645 1.7217644153585632 0.40853169592192529 -0.1134961866257793 -0.91164552593396353 1.2258541837049195 -1.4632423595236086 0.5620840467209044 -0.61119912469777538 -0.0079618399451603077 -0.00033068783068789307 -1.2816946755221585 -0.00033068783068800756 -0.016781619680426237 0.88751028986227487 1.5636952828187023 1.0000000180025095e-35 1.5285587463893913
decision_type=8 2 10 8 10 2 10 2 2 10 10 10 10 10 10 10 10 10 10 10 2 10 10 10 10 10 10 10 10 10
left_child=1 16 -3 5 -5 7 -7 13 9 -9 -11 12 -10 -2 -15 -8 21 18 19 20 -18 25 23 -23 -25 26 -1 -19 -29 -13
right_child=3 2 -4 4 -6 6 15 8 11 10 -12 29 -14 14 -16 -17 17 27 -20 -21 -22 22 -24 24 -26 -27 -28 28 -30 -31
leaf_value=0.00029225011007281228 -4.8824414659763901e-06 0 0.00067827487109623375 -0.00025180978411538929 0 -0.000547124274695913 0.00017562380505731202 0 0.0001165736107552407 0.00039308634739080889 0 0.0001019946130790936 -0.00028857042643077446 -0.00018484350805229524 0 -0.0001850957207591334 0.00036224272250589987 0 2.719863615154015e-05 0 0 0 -1.3130512621234457e-06 -0.00039038973322090515 -3.9155213117431072e-05 0 0 0 -0.00042295784589574024 -3.8303716781625803e-05
leaf_weight=66 4810 21 28 113 65 29 34 81 33 107 36 271 86 182 153 38 135 345 1270 100 37 37 459 74 104 115 34 25 26 76
leaf_count=66 4810 21 28 113 65 29 34 81 33 107 36 271 86 182 153 38 135 345 1270 100 37 37 459 74 104 115 34 25 26 76
internal_value=0 2.40569e-05 0.00038944 -1.16122e-05 -0.000159021 -6.34702e-06 -0.000167999 -2.68922e-06 6.0592e-05 0.000169862 0.000272378 0 -0.000134234 -1.21487e-05 -0.000101526 0 1.59416e-05 3.54043e-05 5.79621e-05 0.000183162 0.000286159 -2.08621e-05 -5.86026e-05 -0.000157607 -0.000213385 7.41772e-05 0.000186012 -3.98038e-05 -0.000227528 5.68592e-05
internal_weight=8990 2876 49 6114 178 5936 101 5835 690 224 143 466 119 5145 335 72 2827 1938 1542 272 172 889 674 215 178 215 100 396 51 347
internal_count=8990 2876 49 6114 178 5936 101 5835 690 224 143 466 119 5145 335 72 2827 1938 1542 272 172 889 674 215 178 215 100 396 51 347
is_linear=0
shrinkage=0.05


Tree=17
num_leaves=31
num_cat=0
split_feature=339 357 295 346 207 303 334 73 88 67 62 53 19 50 257 253 50 255 241 376 321 238 304 356 277 232 66 352 207 237
split_gain=0.000972444 0.00129511 0.00106865 0.00112825 0.00165869 0.0024806 0.00175878 0.00110332 0.00178503 0.0010452 0.00133206 0.0010397 0.00100137 0.00108134 0.000993089 0.000960725 0.00120546 0.00128719 0.00113406 0.00135182 0.00112109 0.000828799 0.000807937 0.00079119 0.00060377 0.000511504 0.000593006 0.00051336 0.000461688 0.000437948
threshold=-0.28768207245179361 0.00066137566137508552 -0.11622630264596211 0.090442614644508396 0.47683480286466812 -0.00033068783068789946 -0.01120339211568753 -1.9090376702397247 0.24107142857142852 0.59256117901434557 0.44808201058201053 0.20536073719406253 0.091002729141301766 0.93108880530354365 1.1990237395751151 1.5570284529349372 1.2983294445077003 -0.99689262152233971 0.72155908945647484 -0.14007009231936238 0.0098233724782081939 -1.0142027090478367 -0.017545659905636054 -0.11337911250651521 0.29444519570095357 -0.020646597019932718 0.26076428360766052 0.016696132102531794 0.049879102436249746 -0.53589682502459213
decision_type=8 10 8 10 10 10 10 2 2 2 2 2 2 2 10 8 2 10 8 8 10 10 10 10 10 10 2 10 10 10
left_child=1 14 12 7 28 -6 -7 8 9 10 -4 -11 -2 -14 29 16 21 -18 20 -20 -17 -9 23 -10 -8 27 -27 -3 -5 -1
right_child=2 25 3 4 5 6 24 15 22 11 -12 -13 13 -15 -16 18 17 -19 19 -21 -22 -23 -24 -25 -26 26 -28 -29 -30 -31
leaf_value=0 0 -0.00021952905750974121 0.00040891038999804272 -4.5444374207828509e-05 3.1186984412809592e-05 0 -0.00062846846555533872 6.0960534754747495e-05 0 -0.0004035961127142264 -5.6089459028962477e-06 0 0.00034967549754246315 0 0 3.3168478608079612e-05 -0.00018953660203439767 0 2.4830201657301458e-05 -0.00017682217319946869 -9.6007524667918545e-05 0 0 0.00034040063219242681 -2.1975493014213465e-06 0 0.00019975887446430356 0 0.00014100289428294966 0.00041107875659184738
leaf_weight=21 126 44 22 192 28 24 49 619 20 30 20 25 62 21 76 446 167 246 61 283 254 5785 36 94 23 43 48 33 38 54
leaf_count=21 126 44 22 192 28 24 49 619 20 30 20 25 62 21 76 446 167 246 61 283 254 5785 36 94 23 43 48 33 38 54
internal_value=0 8.53911e-05 -3.46902e-06 -6.78535e-06 -9.45568e-05 -0.000242747 -0.000374623 -2.33541e-06 0.00010058 -2.41236e-05 9.32109e-05 -0.000204475 0.00010683 0.000242575 0.000191903 -6.20638e-06 0 -8.21072e-05 -5.08958e-05 -0.000126537 -6.56914e-06 5.97583e-06 0.000214495 0.00027969 -0.000498038 0 6.92478e-05 -0.000104498 0 0.000327344
internal_weight=8990 319 8671 8462 354 124 96 8108 247 97 42 55 209 83 151 7861 6817 413 1044 344 700 6404 150 114 72 168 91 77 230 75
internal_count=8990 319 8671 8462 354 124 96 8108 247 97 42 55 209 83 151 7861 6817 413 1044 344 700 6404 150 114 72 168 91 77 230 75
is_linear=0
shrinkage=0.05


Tree=18
num_leaves=31
num_cat=0
split_feature=359 64 260 73 292 379 247 323 320 207 325 282 383 92 250 207 313 79 50 384 279 279 346 368 372 347 19 254 339 91
split_gain=0.000975687 0.00126849 0.00106298 0.00102617 0.00139541 0.00184743 0.00172926 0.0012156 0.00119653 0.00117218 0.00194082 0.00247161 0.00235239 0.00154624 0.00112863 0.00126336 0.00100306 0.000983006 0.000894505 0.00141357 0.00142753 0.00114365 0.0017819 0.00141709 0.00131542 0.000993474 0.0011423 0.000918096 0.00131718 0.00130509
threshold=-0.068841227719630291 -0.9718552680648268 0.040803623223064488 -1.9090376702397247 -0.00033068783068779993 -0.056031186873911919 0.67468202387960419 -0.48150398650541965 0.0080889868284739781 2.3746433219200731 -0.019578717449025614 -0.0010896239706880693 0.044061535216961996 0.13773148148148154 -0.38192705407694622 0.65427843125593943 -0.01712480951184003 0.65852613248995961 1.1240699184160701 0.023335618291472963 0.17295773396117128 2.1453342312718697 -0.0013227520942121782 0.45900078836041552 -1.0000000180025095e-35 0.015156422890182293 0.92551619966472154 -0.63387295254106946 -0.031813167319203105 1.0028792482519853
decision_type=8 2 10 2 10 10 10 10 10 8 8 8 10 2 10 10 10 2 2 10 10 10 10 10 10 10 2 10 10 2
left_child=1 2 -1 4 5 14 7 -7 -9 18 -11 12 13 -12 -2 -16 -6 -3 21 25 -21 27 23 -23 -24 26 -20 28 -5 -29
right_child=3 17 -4 9 16 6 -8 8 -10 10 11 -13 -14 -15 15 -17 -18 -19 19 20 -22 22 24 -25 -26 -27 -28 29 -30 -31
leaf_value=0 0.00018990583067654437 -4.0464329386241885e-05 0.00053575675241861263 -0.00014825347582330241 -0.00033626298478590846 0 0 4.0992907852184276e-06 0.00076599967517714928 9.8567373937238074e-05 0 -1.4605472639694316e-05 0 -0.00065159494640536361 0 -0.00046904127043037412 0 0.0001375353265730403 0 0 -0.00028419066248221956 7.0025927499832425e-05 0.00039773852422648852 -0.00032123629615973034 0 -0.00014534769911265559 0.00022231659978950814 0 -1.1650646935325906e-05 8.7776977214619901e-05
leaf_weight=32 37 160 28 234 23 21 32 23 35 67 22 166 26 55 22 21 61 121 285 124 116 68 67 31 63 98 66 5233 1192 461
leaf_count=32 37 160 28 234 23 21 32 23 35 67 22 166 26 55 22 21 61 121 285 124 116 68 67 31 63 98 66 5233 1192 461
internal_value=0 8.26911e-05 0.000299979 -3.51459e-06 9.02203e-05 0.000171542 0.000303624 0.000429111 0.000550452 -7.19094e-06 -9.91459e-05 -0.000166989 -0.00036383 -0.000503278 0 -0.000185532 -3.52206e-05 1.84176e-05 -2.72387e-06 -5.74451e-05 -0.00015553 1.72684e-06 0.000111967 -2.23696e-06 0.000237305 0 3.42236e-05 -1.1181e-06 -3.75814e-05 7.13614e-06
internal_weight=8990 341 60 8649 275 191 111 79 58 8374 336 269 103 77 80 43 84 281 8038 689 240 7349 229 99 130 449 351 7120 1426 5694
internal_count=8990 341 60 8649 275 191 111 79 58 8374 336 269 103 77 80 43 84 281 8038 689 240 7349 229 99 130 449 351 7120 1426 5694
is_linear=0
shrinkage=0.05


Tree=19
num_leaves=31
num_cat=0
split_feature=339 210 358 295 268 40 343 207 71 277 229 328 346 73 238 270 253 207 19 50 238 356 377 289 254 345 311 238 246 299
split_gain=0.000910132 0.00123435 0.00115042 0.000963901 0.00109432 0.00137838 0.00176412 0.00271046 0.00160549 0.00126054 0.00119989 0.00155745 0.000879073 0.00115659 0.00122907 0.00213953 0.000946616 0.0011839 0.000878028 0.0009686 0.000870624 0.000788606 0.000747381 0.000615244 0.000609072 0.000503441 0.000494135 0.000408003 0.000354068 0.000310307
threshold=-0.28768207245179361 -0.90220726948254748 -0.012687856202949875 -0.11622630264596211 1.7217644153583078 -0.32087000420771195 -0.0039682539682537312 1.6857989871595103 0.37665343915343902 1.5514455379921173 -1.5217830810681392 0.0070767468543599952 0.30274312100076445 -1.6922687424744647 -0.34734298705107003 2.3137095914456913 1.5570284529349372 2.3129186683386092 0.091002729141301766 0.93108880530354365 -1.0142027090478367 0.0032243441759670648 0.014032074372258981 -0.018183822085435782 -0.16268613862493095 0.00066137566137601533 -0.00033068783068779993 -0.25848572735967196 -1.1692626711527967 -0.26295166929115937
decision_type=8 10 10 8 8 2 10 10 2 10 8 8 10 2 10 10 10 10 2 2 10 10 10 10 10 10 10 10 10 10
left_child=1 2 -1 18 12 9 21 25 -9 10 28 -12 13 14 15 -5 20 -18 -2 -20 -15 -7 26 -16 -4 -8 -14 -11 -6 -26
right_child=3 -3 24 4 5 6 7 8 -10 27 11 -13 22 16 23 -17 17 -19 19 -21 -22 -23 -24 -25 29 -27 -28 -29 -30 -31
leaf_value=0.00043583570339666094 0 0 0 0.00034662332158700513 0.00013888091612955571 -0.00036651078467202702 9.5196378648418611e-05 0 0.00068243984253286657 0.0002027392406406185 0 -0.00024926512301103043 -0.00045882616409163667 6.3021005173254571e-05 8.8190582063537554e-05 0 -1.6958920212325199e-05 -0.00018366056248447424 0.00033014474358186935 0 -8.2550112835510219e-07 0 0 -0.00010051623184117287 0 -6.0552269428145144e-05 0 0 -6.0472906462053238e-05 0.0003186764453631474
leaf_weight=42 126 179 54 94 38 34 91 20 27 25 115 266 25 575 104 35 730 149 62 21 5732 36 36 72 20 118 21 78 41 24
leaf_count=42 126 179 54 94 38 34 91 20 27 25 115 266 25 575 104 35 730 149 62 21 5732 36 36 72 20 118 21 78 41 24
internal_value=0 8.2732e-05 0.000193948 -3.24351e-06 -6.42132e-06 -5.89023e-05 9.60391e-06 8.45604e-05 0.000427489 -0.000107444 -0.00014475 -0.000182118 0 1.52332e-06 9.72316e-05 0.00021481 -1.84439e-06 -5.0922e-05 0.000101449 0.000228718 4.20344e-06 -0.000192926 -0.000162962 0 3.89752e-05 0 -0.000296354 1.06449e-05 0 0.000194697
internal_weight=8990 319 140 8671 8462 889 326 256 47 563 460 381 7573 7491 305 129 7186 879 209 83 6307 70 82 176 98 209 46 103 79 44
internal_count=8990 319 140 8671 8462 889 326 256 47 563 460 381 7573 7491 305 129 7186 879 209 83 6307 70 82 176 98 209 46 103 79 44
is_linear=0
shrinkage=0.05


Tree=20
num_leaves=31
num_cat=0
split_feature=91 335 223 286 30 303 205 277 91 288 317 78 89 313 335 132 362 85 38 313 50 205 351 323 245 232 273 19 308 323
split_gain=0.00085985 0.00154317 0.00113555 0.000807902 0.00199664 0.00278801 0.00151682 0.00236046 0.00158615 0.00250424 0.00190337 0.00127079 0.00118006 0.000967308 0.00090447 0.000900435 0.000858606 0.00151368 0.00145813 0.00100893 0.00079461 0.00094595 0.000944893 0.000782514 0.000873003 0.00211629 0.000714716 0.000770151 0.000602316 0.000590664
threshold=3.0800826753290553 0.0014586038882820342 -2.2596179586827572 -0.00033068783068780069 2.5350506890670652 -0.00033068783068779993 -1.7982935506793418 1.0650400776677182 1.4499297279232304 -0.00033068783068780015 -0.023826202589868669 0.85234788359788372 1.9960747641447902 0.013197461335139661 0.049523968416265059 1.0000000180025095e-35 -0.1674933862433865 -0.1526524161617516 0.99154681468030292 0.0035879921477547376 1.61911710340278 0.88639416939646787 -0.054369282928204192 -1.2400893474541255 -1.513182457600365 0.49341908320975197 -2.0708898086190346 2.0845485903771332 -0.010000333353335387 -0.17853574507952488
decision_type=2 10 10 8 2 10 10 10 2 10 10 2 2 10 10 2 10 2 2 10 2 10 10 10 10 10 10 2 10 10
left_child=3 2 -2 4 13 -6 7 8 11 -10 -11 -5 29 23 -13 -15 17 -8 -19 -20 26 22 -22 28 25 -25 -18 -28 -1 -9
right_child=1 -3 -4 6 5 -7 16 12 9 10 -12 14 -14 15 -16 -17 20 18 19 -21 21 -23 -24 24 -26 -27 27 -29 -30 -31
leaf_value=-0.00017556716411584091 0 0 0.00051603107069537405 -1.9207508806106149e-05 0.00070926407045977889 0 -4.5338421485559582e-06 0 -5.6585124844429134e-05 0.00068542191411224214 0 -0.00027356813425334631 0 0 0 -0.00025929018729630809 0.00020603044833951284 0 0.00030279649392102488 0 0 0 -0.00032679577216708722 0.00019016258070030009 1.2970978660671396e-05 -1.2802606717620387e-05 -3.8660790268134304e-06 -0.00015271998549249441 0 -0.00060978546241185875
leaf_weight=78 25 44 33 449 25 23 291 23 37 27 21 111 35 79 23 59 38 91 127 25 27 54 66 256 2018 174 4474 92 127 38
leaf_count=78 25 44 33 449 25 23 291 23 37 27 21 111 35 79 23 59 38 91 127 25 27 54 66 256 2018 174 4474 92 127 38
internal_value=0 0.000144006 0.000320694 -1.90611e-06 1.94157e-05 0.000342932 -1.27399e-05 -7.88225e-05 -3.6871e-05 0.0001467 0.000407141 -7.22307e-05 -0.000318363 1.20483e-05 -0.000212466 -0.000111675 -2.2396e-06 5.654e-05 0.000150217 0.000245015 -9.89971e-06 -0.000125911 -0.000224612 2.03725e-05 2.96754e-05 9.64234e-05 -5.10696e-06 -7.96363e-06 -6.62999e-05 -0.00045574
internal_weight=8990 102 58 8888 2839 48 6049 764 668 85 48 583 96 2791 134 138 5285 534 243 152 4751 147 93 2653 2448 430 4604 4566 205 61
internal_count=8990 102 58 8888 2839 48 6049 764 668 85 48 583 96 2791 134 138 5285 534 243 152 4751 147 93 2653 2448 430 4604 4566 205 61
is_linear=0
shrinkage=0.05


Tree=21
num_leaves=31
num_cat=0
split_feature=359 64 260 79 238 315 64 73 376 264 347 326 358 253 197 283 365 73 346 19 344 336 246 238 229 250 387 345 215 373
split_gain=0.000858983 0.00113183 0.000919464 0.000894377 0.000837426 0.000782694 0.000797649 0.000771128 0.00157583 0.00176279 0.00163816 0.0011465 0.00110559 0.000907134 0.00151802 0.00354574 0.00128992 0.000961365 0.00169182 0.00109031 0.00104668 0.00125035 0.00089659 0.000848558 0.000731775 0.0010867 0.000666526 0.000509384 0.000486181 0.000656987
threshold=-0.068841227719630291 -0.9718552680648268 0.040803623223064488 0.65852613248995961 2.3577835259716493 -0.028407501731158771 -0.25675851382181042 -1.9090376702397247 -0.002905548927382704 0.93274364782566688 0.010491696840118971 -0.02510812813523677 -0.037755824410921394 1.6031397409416173 -1.5351652976668777 -0.0016772847394643795 -0.163194444444445 -0.30323842069971091 -0.0052910546652675172 -0.49477875500438995 0.093957181270184195 0.0013227513227519752 -2.0158642887153957 -0.99139576139958685 1.2882570510741627 -0.077016710141649306 -0.0014506515520787964 0.001322751322750976 0.93452826175705195 0.006944444444444268
decision_type=8 2 10 2 8 8 2 2 10 10 10 10 10 10 10 10 10 2 10 2 10 10 10 10 10 10 10 10 10 10
left_child=1 2 -1 -3 7 -6 27 8 11 -10 12 -2 -11 17 15 -15 -17 18 22 -20 23 -22 -9 -19 25 -16 -26 -7 29 -5
right_child=4 3 -4 28 5 6 -8 13 9 10 -12 -13 -14 14 24 16 -18 20 19 -21 21 -23 -24 -25 26 -27 -28 -29 -30 -31
leaf_value=0 2.3428950145314349e-05 -3.9689325500554305e-05 0.00050277399233529128 0.00024916960885918994 0 0 0 -0.0001631793265539438 0 0 0 -0.00029045254699968341 0.00059420426946253007 -0.00062163334667451713 2.1881418899443856e-05 -0.00021491939387765818 2.8355739199881439e-06 6.5173586868494171e-05 0 0.00010136177508168101 -0.00036506208899883172 0 0 -9.7540378832336765e-06 0 -0.00010510478163390425 0.00018039399806914498 -0.00055466793111382494 0 0
leaf_weight=32 36 160 28 79 43 23 48 106 104 20 20 38 47 37 270 85 149 400 292 823 45 87 389 5102 73 304 84 24 20 22
leaf_count=32 36 160 28 79 43 23 48 106 104 20 20 38 47 37 270 85 149 400 292 823 45 87 389 5102 73 304 84 24 20 22
internal_value=0 7.74149e-05 0.00028274 1.5701e-05 -3.45467e-06 -0.000125935 -0.000208821 -8.79816e-07 8.22146e-05 0.000167533 0.000334929 -7.04515e-05 0.000454585 -4.15752e-06 -4.89109e-05 -0.000150975 -5.49631e-05 1.3432e-06 3.59861e-05 7.16895e-05 -7.66952e-06 -0.000147772 -3.4336e-05 -3.39691e-06 -4.2185e-06 -3.66699e-05 8.25464e-05 -0.000361087 0.000130205 0.000179804
internal_weight=8990 341 60 281 8649 138 95 8511 265 191 87 74 67 8246 1002 271 234 7244 1610 1115 5634 132 495 5502 731 574 157 47 121 101
internal_count=8990 341 60 281 8649 138 95 8511 265 191 87 74 67 8246 1002 271 234 7244 1610 1115 5634 132 495 5502 731 574 157 47 121 101
is_linear=0
shrinkage=0.05


Tree=22
num_leaves=31
num_cat=0
split_feature=339 357 352 295 36 56 326 360 220 72 50 357 260 49 68 351 301 273 19 19 207 253 246 303 232 350 352 248 247 374
split_gain=0.000792561 0.00114047 0.000975877 0.000853525 0.000958902 0.00123284 0.000852025 0.00181701 0.00279425 0.00271637 0.00134046 0.00200809 0.00159678 0.0013995 0.000797658 0.00112967 0.000911346 0.000765893 0.000855084 0.000707929 0.000702687 0.00097541 0.0008382 0.000685181 0.000427779 0.000493259 0.000471267 0.000422263 0.00032946 7.95021e-05
threshold=-0.28768207245179361 0.00066137566137508552 0.021516103550457414 -0.11622630264596211 0.0054563492063491505 0.74586640211640221 0.017661477827956743 0.0080401522032902423 -0.62809541262588475 -0.23171550019031797 -0.87547598142693583 -0.0046296296296284836 -0.56021150808952402 -0.74283886966028234 0.062500000000000014 -0.0033004297539523937 -0.0030137195283900238 -0.33686184567111949 -0.050470353079937393 0.55277043742351162 2.3129186683386092 0.8208229850943306 -1.8140406126329915 -0.00033068783068779993 -0.020646597019932718 0.030791088696699779 0.016696132102531794 0.11449309233709294 0.7246471333529757 0.0066467516919603469
decision_type=8 8 10 8 2 2 8 8 10 2 2 10 10 2 2 10 10 10 2 2 10 10 8 10 10 10 10 10 10 10
left_child=1 2 19 17 5 -5 10 8 9 -8 11 12 -6 -13 15 -12 -16 -2 -19 29 22 -22 -9 -10 26 27 -3 -26 -20 -1
right_child=3 24 -4 4 6 -7 7 20 23 -11 14 13 -14 -15 16 -17 -18 18 28 -21 21 -23 -24 -25 25 -27 -28 -29 -30 -31
leaf_value=8.4972636643888296e-05 0 -0.00020910746658425736 0 0 0.00022772482447075629 -0.00039642704459413099 -0.00037550054514402516 0.00010976507709092336 -8.0241600545749123e-05 0 -9.9245209839791772e-05 -2.5013430769185566e-05 -0.00010297260161453437 0.00015636940432922302 7.9677107218893218e-05 5.6876265039253239e-06 -1.9951144788741424e-07 0 0.00037126359171774656 0.00042683446722706434 0 -0.00032304853811030739 -8.7483238973182001e-06 7.0237055999505921e-05 0 0 0 0.00032896835971512554 0 0
leaf_weight=28 96 44 54 38 38 36 143 158 154 97 471 79 219 483 388 385 3064 41 49 49 31 41 2491 146 34 33 33 24 23 20
leaf_count=28 96 44 54 38 38 36 143 158 154 97 471 79 219 483 388 385 3064 41 49 49 31 41 2491 146 34 33 33 24 23 20
internal_value=0 7.6937e-05 0.000177116 -3.26706e-06 -6.28892e-06 -0.000186999 -4.09638e-06 -2.44662e-05 -0.000108862 -0.000236121 7.88472e-06 6.67544e-05 -3.45585e-05 0.000121977 -2.14776e-06 -4.62144e-05 7.33216e-06 9.51147e-05 0.000183454 0.000271922 -5.87647e-06 -0.000160213 0 0 0 5.92026e-05 -9.86384e-05 0.000163463 0.000287129 9.2735e-06
internal_weight=8990 319 151 8671 8462 74 8388 3261 540 240 5127 819 257 562 4308 856 3452 209 113 97 2721 72 2649 300 168 91 77 58 72 48
internal_count=8990 319 151 8671 8462 74 8388 3261 540 240 5127 819 257 562 4308 856 3452 209 113 97 2721 72 2649 300 168 91 77 58 72 48
is_linear=0
shrinkage=0.05


Tree=23
num_leaves=31
num_cat=0
split_feature=286 30 353 205 277 274 258 279 50 202 232 352 313 30 79 247 356 380 14 373 64 319 249 283 59 380 77 255 364 328
split_gain=0.000769813 0.00215114 0.00184469 0.00118625 0.00167639 0.00148848 0.000995066 0.00185302 0.000800378 0.00179476 0.00101013 0.00136793 0.000754103 0.000995018 0.000869719 0.00173321 0.00104006 0.000826061 0.000741222 0.00075425 0.0010046 0.000727342 0.000765454 0.000749214 0.000690566 0.00066752 0.000655345 0.000638874 0.000763079 0.000629142
threshold=-0.00033068783068780069 2.5350506890670652 -0.022985423025698056 -1.7982935506793418 1.0650400776677182 -0.62467123083110854 1.7217644153585583 1.5997434131571764 -1.4143836186716896 -0.60227038033329539 -0.94530696870798614 0.053785425230258289 0.0040169452000938808 0.37630897776481403 -0.97635535487498892 -0.63648291171770255 -0.01080392133665564 -0.045440518777196348 0.0033068783068781996 0.024470899470899577 -0.42379622085969493 -0.0081058136314786072 2.1367942772746304 -0.001264305208165478 0.33993773420920509 -0.031771219935250304 0.74487433862433916 -1.9159232810542659 -0.051605651514809885 -0.025846815846453982
decision_type=8 2 10 10 10 10 8 8 2 10 10 10 10 2 2 10 10 10 2 10 2 10 10 10 2 10 2 10 10 10
left_child=1 12 -3 4 6 -6 29 24 9 25 -11 -12 14 21 15 16 -1 -18 -16 20 -20 22 -14 -23 -8 -5 -24 -17 -29 -2
right_child=3 2 -4 8 5 -7 7 -9 -10 10 11 -13 13 -15 18 27 17 -19 19 -21 -22 23 26 -25 -26 -27 -28 28 -30 -31
leaf_value=0 -0.00017031554729067078 0 0.00061829218444550335 -0.00023887364936459488 0 -0.00045236146567839247 -0.00043890778383841393 3.8909950013103791e-05 -6.4066088980412392e-06 0 0.00037310885885187344 0 0 -0.0003568985856340389 -1.8129908424692371e-05 -0.00017025246231277627 0 0.00064001420038625398 0.00011536693952738972 -0.00011275189206324335 1.2078658143056494e-05 -0.00012214050882636388 0 7.6161364252669188e-06 -6.4207427177257142e-06 0 0.00043621790953619487 0 0.00021691196776716496 1.5620528350145091e-05
leaf_weight=21 50 21 28 31 46 53 49 38 5085 36 87 23 92 25 841 33 20 30 419 58 849 207 22 104 44 82 22 30 54 490
leaf_count=21 50 21 28 31 46 53 49 38 5085 36 87 23 92 25 841 33 20 30 419 58 849 207 22 104 44 82 22 30 54 490
internal_value=0 2.09161e-05 0.000353351 -1.04392e-05 -6.86109e-05 -0.000268507 -3.1632e-05 -0.000155233 -1.12063e-06 8.33249e-05 0.00020567 0.00028119 1.33731e-05 -4.03114e-05 2.62571e-05 0.000133077 0.000328321 0.000452634 1.46769e-05 3.92545e-05 5.01587e-05 -1.13461e-05 6.92845e-05 -6.26887e-05 -0.000288223 -3.0583e-05 0.000241263 0 8.70819e-05 0
internal_weight=8990 2876 49 6114 770 99 671 131 5344 259 146 110 2827 472 2355 188 71 50 2167 1326 1268 447 136 311 93 113 44 117 84 540
internal_count=8990 2876 49 6114 770 99 671 131 5344 259 146 110 2827 472 2355 188 71 50 2167 1326 1268 447 136 311 93 113 44 117 84 540
is_linear=0
shrinkage=0.05


Tree=24
num_leaves=31
num_cat=0
split_feature=91 66 50 203 49 248 31 205 299 16 85 294 332 197 91 213 235 282 20 381 218 281 332 246 253 296 291 369 319 66
split_gain=0.000745475 0.00144563 0.000667975 0.000874114 0.0017957 0.000657999 0.00161983 0.00121033 0.00125584 0.00141127 0.00112596 0.00121868 0.0010243 0.00165641 0.00161841 0.00217415 0.00224829 0.00182927 0.00161659 0.00125179 0.00160219 0.00111271 0.000726279 0.000736705 0.000736105 0.000591646 0.000739512 0.000671676 0.000575789 0.000567506
threshold=3.0800826753290553 -0.80208678589370186 2.1823915423017106 -1.0982362656274527 0.084223231879501606 0.75048652364530322 0.85912698412698396 -0.88483398637065813 -0.06690869290062694 1.5686461199207151 1.2439068555623003 0.00033068783068780297 0.0057617662982509263 -1.6048716751570034 1.1468309827518051 -1.1668946720685469 -2.3283220125360962 -0.0024797992893949013 -0.94996086049688289 1.3935652622052144 1.1096893899315365 1.5831852403079572 -0.12175596692839748 -0.89011491864578052 1.2683395386957257 0.00106093506323951 -0.043505688494817722 0.0096031638287415472 0.020935361659088162 -1.3473526367878197
decision_type=2 2 2 10 2 8 2 10 10 2 2 10 10 10 2 10 10 10 2 10 10 10 8 10 10 10 10 10 8 2
left_child=2 -2 5 -4 -5 12 10 25 -9 -10 28 -12 14 19 22 17 -17 -16 -15 20 -14 -21 24 -24 -1 27 -27 -8 29 -7
right_child=1 -3 3 4 -6 6 7 8 9 -11 11 -13 13 18 15 16 -18 -19 -20 21 -22 -23 23 -25 -26 26 -28 -29 -30 -31
leaf_value=-0.00016944354157017878 0.00042525640434734033 0 0 0 -0.0004310267151151671 -0.00010457536946021749 -6.6202552631493412e-06 -8.2217436057413708e-06 -0.00025152757172852073 0 0 0.00040961209685605373 -1.4539251926850513e-05 0.00022868724669672616 9.1268039330716385e-05 -0.0001263426516759496 0.0002247577562921167 -0.00023300729886808404 -1.9051726496566838e-05 -8.1627213716859459e-05 -0.00033606930212338044 0.00031914116826325776 6.890862594510987e-05 3.7908080774910819e-06 0 0 -0.00019016807706956839 0.00013975122855894534 -0.0001364628591012432 1.5082304877659479e-05
leaf_weight=113 30 72 32 51 45 104 112 194 236 31 36 35 115 72 89 34 314 72 746 49 111 24 520 4118 45 62 82 104 77 1265
leaf_count=113 30 72 32 51 45 104 112 194 236 31 36 35 115 72 89 34 314 72 746 49 111 24 520 4118 45 62 82 104 77 1265
internal_value=0 0.000133854 -1.96691e-06 -0.000115346 -0.000201183 0 -2.3014e-05 -8.00123e-05 -0.000134024 -0.000206674 4.54099e-06 0.000199945 7.95731e-06 -3.40645e-05 1.77482e-05 0.000103359 0.000176065 -2.27675e-05 0 -0.000134829 -0.000194652 0 7.61782e-06 1.2171e-05 -9.43356e-05 0 -8.8172e-05 4.07495e-05 -1.60913e-06 2.33316e-06
internal_weight=8990 102 8888 128 96 8760 2338 821 461 267 1517 71 6422 1117 5305 509 348 161 818 299 226 73 4796 4638 158 360 144 216 1446 1369
internal_count=8990 102 8888 128 96 8760 2338 821 461 267 1517 71 6422 1117 5305 509 348 161 818 299 226 73 4796 4638 158 360 144 216 1446 1369
is_linear=0
shrinkage=0.05


Tree=25
num_leaves=31
num_cat=0
split_feature=359 64 207 325 283 72 207 245 350 34 324 59 31 286 208 359 254 85 59 294 32 79 68 11 65 326 243 197 11 62
split_gain=0.000720296 0.00102803 0.00077597 0.00142339 0.00212038 0.00118465 0.00090048 0.00154438 0.00178394 0.00251331 0.00165156 0.00225043 0.00103841 0.00100939 0.00111995 0.00115142 0.000819779 0.00123295 0.00168464 0.00107088 0.00135413 0.00077528 0.000763845 0.000763487 0.000638131 0.000666759 0.000612008 0.000685101 0.000606626 0.000537063
threshold=-0.068841227719630291 -0.9718552680648268 2.3746433219200731 -0.019578717449025614 -0.0013630672286150667 -0.10304803590084999 1.8334710151102473 0.099682842123087242 0.070324139654847503 0.56051587301587313 0.028100740226453428 -0.44381749244131546 0.085648148148148168 -0.00033068783068780199 -0.92730724068446968 -0.0027503500536649734 -0.63387295254106946 0.25011264913939507 -0.22618889047710497 0.00033068783068789317 0.62268518518518645 0.65852613248995961 0.088707010582010665 0.27075066137566034 0.55523821516233673 -0.047062620481937316 1.503641873302813 -0.52910438335016807 0.015376984126984102 0.59639550264550312
decision_type=8 2 8 8 8 2 10 10 10 2 10 2 2 10 10 10 10 2 2 10 2 2 2 2 2 10 8 10 2 2
left_child=1 22 6 24 5 -5 12 8 10 -10 11 -8 13 -2 15 -15 19 23 -19 20 -14 -3 -1 -18 25 -4 27 -6 -21 -12
right_child=2 21 3 4 26 -7 7 -9 9 -11 29 -13 16 14 -16 -17 17 18 -20 28 -22 -23 -24 -25 -26 -27 -28 -29 -30 -31
leaf_value=0 1.1171703797551437e-05 -3.9238024371586271e-05 0 -4.4726637386759344e-05 0.0002698958321732521 -0.00071891414069299737 0.00056027945917189745 -1.8130583708576222e-05 0.00013489505354141726 -0.00048098320385858533 0.00012527651642971763 6.2132672823800994e-05 -0.00013207619835588032 0 -9.836424570369095e-06 -0.00034972495902052693 3.3744780544916025e-06 1.0871855278679522e-05 0.00015493956305916102 8.3230819765345667e-05 0 0.00011944486815509536 0.00039672868217929938 -6.5748891094787282e-05 0 0.00037135542073970954 -0.00014224184546566884 -1.6376159152931059e-05 -1.8951273329370458e-05 -0.00017204171204089313
leaf_weight=21 120 160 23 35 23 25 63 195 40 24 40 78 440 58 175 89 4467 824 316 202 292 121 39 433 28 27 92 112 404 24
leaf_count=21 120 160 23 35 23 25 63 195 40 24 40 78 440 58 175 89 4467 824 316 202 292 121 39 433 28 27 92 112 404 24
internal_value=0 7.08133e-05 -3.23095e-06 -7.45701e-05 -0.00013346 -0.000409562 0 6.758e-05 0.000148276 -1.84462e-05 0.000224688 0.000320384 -4.10265e-06 -7.85479e-05 -0.0001275 -0.000233483 0 8.20089e-06 5.52021e-05 -3.50432e-05 -7.65661e-05 1.13225e-05 0.000265751 -1.7146e-06 7.79865e-05 0.000203283 -3.83164e-05 0 6.86807e-06 0
internal_weight=8990 341 8649 365 287 60 8284 464 269 64 205 141 7820 442 322 147 7378 6040 1140 1338 732 281 60 4900 78 50 227 135 606 64
internal_count=8990 341 8649 365 287 60 8284 464 269 64 205 141 7820 442 322 147 7378 6040 1140 1338 732 281 60 4900 78 50 227 135 606 64
is_linear=0
shrinkage=0.05


Tree=26
num_leaves=31
num_cat=0
split_feature=50 384 279 344 349 31 91 335 223 246 219 61 14 46 348 85 321 46 53 291 259 54 73 371 21 217 50 225 46 56
split_gain=0.000720805 0.00143433 0.00131234 0.00136522 0.00102861 0.00100862 0.000942283 0.0011502 0.00106962 0.000932627 0.0016025 0.000902214 0.000877954 0.000723637 0.0007178 0.00149514 0.000697449 0.00135204 0.0017725 0.00182708 0.000950834 0.000741473 0.00119429 0.00105704 0.000750832 0.00140376 0.000737881 0.000668191 0.000697032 0.000653217
threshold=1.1240699184160701 0.01138339139812407 0.17295773396117128 -0.017372296302735981 0.1700552621923048 0.12979497354497352 3.0800826753290553 0.0014586038882820342 -2.2596179586827572 -1.6935844899507819 0.72568817617567227 -1.0104101882608698 0.0021494708994708503 0.048445767195767202 0.3428917994410276 0.45412103362556555 0.021111149028490265 0.064732142857142835 -0.71307175845118997 -0.040021353836770406 -0.67140826088587235 0.6812996031746027 -0.26048245878769999 3.0036369328383357 -1.2018366428687697 1.0000000180025095e-35 -1.4143836186716896 1.8066047486882668 0.46808862433862403 0.88442460317460314
decision_type=2 10 10 10 10 2 2 10 10 10 10 2 2 2 10 2 8 2 2 10 10 2 2 10 2 10 2 10 2 2
left_child=6 5 -3 -4 12 13 14 8 -8 10 11 -7 -5 -2 16 -16 21 18 20 -20 -18 22 23 -1 25 -23 -24 -19 -29 -26
right_child=1 2 3 4 -6 9 7 -9 -10 -11 -12 -13 -14 -15 15 -17 17 27 19 -21 -22 24 26 -25 29 -27 -28 28 -30 -31
leaf_value=6.7624198211877292e-05 -0.00032340719241735522 0 0 0 0 0 0 0 0.00053393521710312219 0 0 0.00050051574967898327 -0.00048843051070087036 0 2.5262174606185948e-06 0.0002597031860585959 0 3.529121373954486e-05 6.5070203789529033e-05 -0.00018316616072185492 -0.00039101217336407791 0 0.00012728284705838623 -0.00014170226390860488 -1.8864083516924155e-05 -0.00021124929759682869 -3.9854640025257922e-06 -0.00038204568682067018 0 9.2275275625778243e-05
leaf_weight=1214 37 132 29 20 20 24 22 36 28 331 36 36 70 32 327 82 25 390 150 124 76 214 110 49 1209 143 3839 20 22 143
leaf_count=1214 37 132 29 20 20 24 22 36 28 331 36 36 70 32 327 82 25 390 150 124 76 214 110 49 1209 143 3839 20 22 143
internal_value=0 -4.67591e-05 -0.000139333 -0.000247836 -0.000329546 0 3.896e-06 0.000169078 0.000326381 3.24695e-05 0.000170139 0.000336075 -0.000401557 -0.000173133 1.53366e-06 6.63602e-05 -1.25107e-06 -4.56846e-05 -0.000116122 -2.90547e-05 -0.000302608 3.20811e-06 1.32112e-05 5.5534e-05 -2.43722e-05 -8.97524e-05 0 3.90068e-06 -0.000168209 -3.40505e-06
internal_weight=8990 767 271 139 110 496 8223 86 50 427 96 60 90 69 8137 409 7728 807 375 274 101 6921 5212 1263 1709 357 3949 432 42 1352
internal_count=8990 767 271 139 110 496 8223 86 50 427 96 60 90 69 8137 409 7728 807 375 274 101 6921 5212 1263 1709 357 3949 432 42 1352
is_linear=0
shrinkage=0.05


Tree=27
num_leaves=31
num_cat=0
split_feature=339 210 358 346 217 303 299 91 73 87 369 368 341 351 91 85 66 297 87 19 340 76 328 49 365 38 254 210 76 328
split_gain=0.000676462 0.00102788 0.000970231 0.000754177 0.00140008 0.00123871 0.00181678 0.00134659 0.00091629 0.00129717 0.000977658 0.000904412 0.000853505 0.000774069 0.0012035 0.000845896 0.00170595 0.00131373 0.00114642 0.000912637 0.00188936 0.000760512 0.000756311 0.0012059 0.00104876 0.000585562 0.000493161 0.000458815 0.0004526 0.000310622
threshold=-0.28768207245179361 -0.90220726948254748 -0.012687856202949875 0.090442614644508396 -1.1257976294968552 -0.00033068783068780015 -0.020408265768178526 0.42902558106470451 -1.9090376702397247 0.17294973544973555 -0.030005646250004455 0.83821858081072043 0.01058201058201007 -0.85540231709897319 1.558179200037757 1.6373376912600253 -0.90478308978315991 -0.0049510950709998882 0.28703703703703703 0.50300167457151257 0.015650341839225094 0.15781922366796705 0.023482291563243222 -0.094164926827558379 0.22982804232804246 -0.64901263344355986 -0.16268613862493095 -2.2256728212231942 -0.037590409368307189 0.0052633749474210604
decision_type=8 10 10 10 10 10 10 2 2 2 10 10 10 10 2 2 2 10 2 2 10 2 10 2 10 2 10 10 2 10
left_child=1 2 -1 8 11 -6 -7 -8 9 10 -2 12 25 14 29 19 18 -18 -17 21 -21 -15 23 -11 -25 -5 -4 -12 -13 -10
right_child=3 -3 26 4 5 6 7 -9 13 22 27 28 -14 15 -16 16 17 -19 -20 20 -22 -23 -24 24 -26 -27 -28 -29 -30 -31
leaf_value=0.00039396412248088319 0.00011332810757147421 0 0 0 0 0 0 -0.00067552602753156695 -8.249715615140533e-05 1.129241675412072e-05 -0.00035831913163785563 0 -1.4607622053400605e-05 -6.0696554663978909e-06 -0.00047891489025955725 0 -0.00030082105546933675 4.9092828543028e-05 0.00038969165545008067 -6.9863662568419297e-06 -0.00018365261142371583 3.521948751449623e-05 0 0.00050750474871680913 0 0.00026542607648101442 0.00017184006737600835 0 -0.00034508487147126175 1.0331868188725166e-05
leaf_weight=42 25 179 54 39 94 46 20 36 138 77 26 22 48 4999 21 26 29 270 60 806 209 1410 34 50 20 65 44 22 20 59
leaf_count=42 25 179 54 39 94 46 20 36 138 77 26 22 48 4999 21 26 29 270 60 806 209 1410 34 50 20 65 44 22 20 59
internal_value=0 7.09934e-05 0.000172689 -3.0915e-06 -7.10329e-05 -0.000166992 -0.000289639 -0.000483364 0 9.35866e-05 -3.35392e-05 1.91525e-07 8.10418e-05 -2.84999e-06 -9.57696e-05 0 7.19903e-05 0 0.000269656 -4.00227e-06 -4.83041e-05 2.23435e-06 0.000172458 0.000222418 0.000382982 0.00017319 2.65835e-05 -0.000214059 -0.000173142 -2.93366e-05
internal_weight=8990 319 140 8671 390 196 102 56 8281 254 73 194 152 8027 218 7809 385 299 86 7424 1015 6409 181 147 70 104 98 48 42 197
internal_count=8990 319 140 8671 390 196 102 56 8281 254 73 194 152 8027 218 7809 385 299 86 7424 1015 6409 181 147 70 104 98 48 42 197
is_linear=0
shrinkage=0.05


Tree=28
num_leaves=31
num_cat=0
split_feature=50 370 80 275 207 221 27 91 378 248 207 91 245 235 64 244 91 73 23 326 371 360 352 19 13 312 224 65 357 62
split_gain=0.000656497 0.000974144 0.00125695 0.00178924 0.00112945 0.000903523 0.000850609 0.000809472 0.0010109 0.000825604 0.00133797 0.00149793 0.00202194 0.00188834 0.00140417 0.00105723 0.00139367 0.00101348 0.00134785 0.00118642 0.00151904 0.000761276 0.000756057 0.00104289 0.001087 0.000882335 0.00163105 0.00074828 0.00110045 0.00121322
threshold=1.1240699184160701 0.00022827442862899397 0.30390211640211656 1.1041141422820753 -0.76972565429971718 1.9460323843249971 -1.0048723216880648 3.0800826753290553 -0.0083968670915970361 0.75048652364530322 1.1789728698318753 0.10140952135758251 -2.421426885443958 1.1883832109402916 -0.86985820659830437 1.0116191485445321 -0.43225974650203697 -0.30323842069971091 0.0054563492063491505 0.023701270443991309 -0.54199003038471283 0.044544019707529976 0.012924364817704538 0.92551619966472154 0.0052910052910052499 -0.003601985714238753 0.027824511571638896 0.055883100545004456 -0.0099206349206350641 0.22106481481481502
decision_type=2 10 2 10 10 10 2 2 10 8 8 2 10 10 2 10 2 2 2 10 10 10 10 2 2 10 10 2 10 2
left_child=7 22 -3 4 -4 6 -6 9 -9 17 14 -12 -13 -14 -11 16 -16 18 19 20 -1 -21 23 -2 -25 -24 -27 -19 -29 -30
right_child=1 2 3 -5 5 -7 -8 8 -10 10 11 12 13 -15 15 -17 -18 27 -20 21 -22 -23 25 24 -26 26 -28 28 29 -31
leaf_value=2.9988957388403742e-05 0 0 0 0 0 0 -0.00057880895190711215 0 0.00029567612784030272 0.00011034584583184632 -2.1765673016962881e-06 0 -0.00047001735428583579 0 0 1.2245098163450998e-05 -0.00013414233230402267 4.0751353522566684e-06 0 -5.2736068781685572e-05 0.00023206047438059809 8.1286433413300591e-05 0 0.00042204864280379609 0 -0.00038495315832818796 0 2.7037815259846887e-05 0 -0.00021814464575501785
leaf_weight=258 224 128 27 33 23 26 56 33 53 223 221 38 82 38 372 790 379 3941 848 181 245 215 88 34 25 50 53 92 56 158
leaf_count=258 224 128 27 33 23 26 56 33 53 223 221 38 82 38 372 790 379 3941 848 181 245 215 88 34 25 50 53 92 56 158
internal_value=0 -4.47306e-05 -0.000116385 -0.000207558 -0.000296148 -0.000370271 -0.000459044 3.59729e-06 0.00015673 1.36246e-06 -2.45505e-05 -0.000110366 -0.000229973 -0.00033423 -3.27324e-06 -2.29657e-05 -6.66587e-05 1.14614e-05 4.35903e-05 8.62556e-05 0.000138378 7.40775e-06 0 5.14477e-05 0.000238316 -7.7264e-05 -0.000180167 -5.78255e-07 -7.68259e-05 -0.000144823
internal_weight=8990 767 293 165 132 105 79 8223 86 8137 2143 379 158 120 1764 1541 751 5994 1747 899 503 396 474 283 59 191 103 4247 306 214
internal_count=8990 767 293 165 132 105 79 8223 86 8137 2143 379 158 120 1764 1541 751 5994 1747 899 503 396 474 283 59 191 103 4247 306 214
is_linear=0
shrinkage=0.05


Tree=29
num_leaves=31
num_cat=0
split_feature=286 245 268 22 80 232 337 336 91 352 374 86 261 250 64 261 79 44 352 72 321 302 334 272 352 360 25 322 375 243
split_gain=0.000643 0.00128797 0.00235395 0.00195526 0.00171544 0.00111739 0.00105468 0.00127435 0.00111415 0.00203921 0.00147425 0.00190217 0.00207073 0.000998001 0.00116118 0.00132857 0.00114809 0.00123267 0.000953974 0.000765098 0.000762323 0.000793054 0.000746662 0.0006786 0.000637284 0.000520006 0.00105289 0.000509625 0.00050285 0.00049451
threshold=-0.00033068783068780069 -1.513182457600365 -0.77100489121521332 0.76638837396193205 0.96792328042328057 -0.73682516360706374 0.0040080213975391679 0.00066137566137530756 1.1736775696600203 0.16097238278608941 -0.098657834679069731 0.19411375661375654 -0.56524521680420237 -0.91020033010771095 -0.5526378149978064 0.19158606768510683 -0.61979086562393237 0.20056216931216903 0.24844818107709579 0.64167292796111852 0.014542656605114892 0.13049227961059515 -0.014715390229465703 1.7217644153587981 0.036105691071659181 -0.00034600854694813438 0.090691137566137642 1.0000000180025095e-35 0.027351358912012461 -1.0243824167716291
decision_type=8 10 10 2 2 10 10 10 2 10 10 2 10 10 2 10 2 2 10 2 10 10 10 10 10 10 2 10 10 10
left_child=1 2 3 5 13 -1 8 -8 -2 10 25 -12 -13 14 15 -4 17 -15 -11 20 23 22 -22 24 -9 -10 -27 -25 -18 -21
right_child=6 -3 4 -5 -6 -7 7 19 9 18 11 12 -14 16 -16 -17 28 -19 -20 29 21 -23 -24 27 -26 26 -28 -29 -30 -31
leaf_value=0 -5.5865737481225784e-06 4.6127091772672837e-07 0.0003629234791201984 0 0.00048559392647196846 0.00064254229184712401 -0.00036672139790027298 8.9010965597704604e-06 6.1134252135165015e-05 -0.00039399656087117288 -1.021494694135111e-05 0.00043643691354301837 9.0502228365976311e-05 0 0 0 0 -0.00023653407357988128 0 -5.6937143078020345e-05 0 0 -0.00020714025968766425 -0.0002310721311613267 -9.0607243559193438e-05 -0.00033569350178153719 0 0 0.00015837765220038131 5.4599842303967741e-05
leaf_weight=25 3887 2318 63 21 20 42 33 686 54 26 62 96 174 50 41 23 105 110 37 111 30 29 203 69 193 33 27 38 58 326
leaf_count=25 3887 2318 63 21 20 42 33 686 54 26 62 96 174 50 41 23 105 110 37 111 30 29 203 69 193 33 27 38 58 326
internal_value=0 1.90755e-05 8.74285e-05 0.000331813 3.09744e-05 0.000466268 -9.57853e-06 -4.29788e-05 2.33791e-06 7.2664e-05 0.000117122 0.000171827 0.000232129 0 0.000128133 0.000240733 -3.55466e-05 -0.000138662 -0.00016252 -3.36498e-05 -5.46291e-05 -0.000136243 -0.000171397 -2.78606e-05 -7.26791e-06 0 -0.000135154 -0.000150178 3.50375e-05 1.48234e-05
internal_weight=8990 2876 558 88 470 67 6114 1718 4396 509 446 332 270 450 127 86 323 160 63 1685 1248 262 233 986 879 114 60 107 163 437
internal_count=8990 2876 558 88 470 67 6114 1718 4396 509 446 332 270 450 127 86 323 160 63 1685 1248 262 233 986 879 114 60 107 163 437
is_linear=0
shrinkage=0.05


Tree=30
num_leaves=31
num_cat=0
split_feature=339 357 275 295 346 207 303 84 277 64 256 286 30 76 78 341 337 30 87 273 381 315 336 340 207 366 207 232 301 276
split_gain=0.000613314 0.000958775 0.000800618 0.000733628 0.000825614 0.00134356 0.00203832 0.0014734 0.000754218 0.000706808 0.000705277 0.000648668 0.00252133 0.00100814 0.000955798 0.00156419 0.0014084 0.000757707 0.000924828 0.00064438 0.000627872 0.000587688 0.00113206 0.000919934 0.000521445 0.000471044 0.000374162 0.000357615 0.000445369 0.000387885
threshold=-0.28768207245179361 0.00066137566137508552 1.1297308864454154 -0.11622630264596211 0.090442614644508396 0.47683480286466812 -0.00033068783068789946 0.46064814814814808 0.19544764539566445 -0.40511263483006243 1.7221131701277679 -0.00033068783068780069 2.3980246955555757 -0.3808770628749179 0.93766534391534406 0.011243386243386127 0.070269868877604419 1.8883419703254802 0.19874338624338603 -0.33686184567111949 1.1820586515976172 -0.029115178718344261 0.0019841269841269845 0.016614283279696277 -0.62451186180398366 0.83577995320025 0.049879102436249746 -0.020646597019932718 -0.00052411929383650014 -0.44027148246921927
decision_type=8 10 10 8 10 10 10 2 10 2 10 8 2 2 2 10 10 2 2 10 10 8 10 10 10 10 10 10 10 10
left_child=1 2 9 19 11 26 -7 8 -8 10 -1 12 17 -14 21 16 -16 20 -19 -2 -5 23 -23 -13 -21 -17 -6 29 -29 -3
right_child=3 27 -4 4 5 6 7 -9 -10 -11 -12 14 13 -15 15 25 -18 18 -20 24 -22 22 -24 -25 -26 -27 -28 28 -30 -31
leaf_value=0.00039528711910472687 0 -0.0002187536910836533 0 2.9049752795846058e-05 -3.7173855857936616e-05 2.1947301667291551e-05 -0.00057658813964924546 0 0 0 0 5.2656904590815223e-05 0 0.00059006815386173153 -0.000194409926112035 0 1.8479463924347327e-05 0 -0.00041953655406495562 0 -2.7197858017326816e-05 0 -6.2061377776314423e-05 -6.4165548160638388e-05 0.00022583020566085954 0.00019518496357292072 0.00013260381087585013 0 0.00018316825753164376 0
leaf_weight=60 96 34 21 1990 192 28 49 22 25 49 21 835 20 27 268 50 53 20 22 24 577 3071 957 178 89 40 38 51 40 43
leaf_count=60 96 34 21 1990 192 28 49 22 25 49 21 835 20 27 268 50 53 20 22 24 577 3071 957 178 89 40 38 51 40 43
internal_value=0 6.76888e-05 0.00015981 -2.86636e-06 -5.70936e-06 -8.08254e-05 -0.00021379 -0.000334528 -0.000441411 0.000212241 0.000306678 -1.81212e-06 1.77002e-05 0.000383174 -1.2235e-05 -8.64114e-05 -0.000143694 9.18552e-06 -0.000193589 8.82768e-05 1.44583e-05 -5.19382e-06 -1.45797e-05 2.71897e-05 0.000169266 6.23341e-05 0 0 5.04597e-05 -9.26676e-05
internal_weight=8990 319 151 8671 8462 354 124 96 74 130 81 8108 2656 47 5452 411 321 2609 42 209 2567 5041 4028 1013 113 90 230 168 91 77
internal_count=8990 319 151 8671 8462 354 124 96 74 130 81 8108 2656 47 5452 411 321 2609 42 209 2567 5041 4028 1013 113 90 230 168 91 77
is_linear=0
shrinkage=0.05


Tree=31
num_leaves=31
num_cat=0
split_feature=50 370 65 207 31 246 219 91 298 234 55 363 65 351 326 369 27 64 381 27 41 40 208 374 387 226 381 277 357 210
split_gain=0.000597996 0.000910294 0.00111082 0.00141027 0.00101261 0.00077078 0.00151496 0.000748851 0.00151712 0.00143714 0.00230462 0.00212524 0.00207576 0.00183188 0.00162202 0.00139558 0.00121619 0.00174389 0.00107752 0.00208514 0.00086562 0.000934565 0.0010521 0.00142602 0.00119667 0.000803544 0.000810615 0.000751329 0.00074129 0.00114953
threshold=1.1240699184160701 0.00022827442862899397 0.12502833881796813 0.59171317088260833 0.12979497354497352 -1.6935844899507819 0.72568817617567227 1.1468309827518051 0.0012854846439449565 1.6924708030977744 -0.1776163713524079 0.030625855855607155 0.17980472632248304 0.009795983594612756 0.023701270443991309 0.23568650535566504 1.1241248680491902 -1.0663272403496646 -1.2663215543083897 -0.32472810673855873 2.1437082179264508 0.12302960916026152 -0.97230902999090107 0.022298184384665357 -0.30805910403056003 0.11186158742872941 0.86499795399321944 -0.71122083167899153 -0.0099206349206350641 -2.1638880399415927
decision_type=2 10 2 10 2 10 10 2 10 10 2 10 2 10 10 10 2 2 10 2 2 2 10 10 10 10 10 10 10 10
left_child=7 4 3 -3 -2 6 -6 20 9 10 13 12 -11 -9 -15 18 -12 -18 -10 -20 21 25 23 24 -23 27 -27 -1 -22 -30
right_child=1 2 -4 -5 5 -7 -8 8 15 11 16 -13 -14 14 -16 -17 17 -19 19 -21 28 22 -24 -25 -26 26 -28 -29 29 -31
leaf_value=-7.1864559343409319e-05 -0.00019148660883006106 -4.9850027806468573e-05 0 -0.00039988157253971203 0.00033419388132264528 0 0 0 0 0 2.3243294906289528e-05 0 -0.00068523434547581501 0.00054225223618219903 0 -7.3611735414837192e-05 -0.00044001473500324302 0 2.9448851672283661e-05 0.00050624124612447881 4.142150383384719e-06 0 1.1138477203353453e-05 -1.6440404927853342e-05 0.00022108307000234603 7.8920419670609499e-05 -2.4437040071462841e-05 -5.1048173700493438e-06 -0.00026183573028043847 -4.0188363751401073e-05
leaf_weight=516 60 143 90 60 54 324 36 96 40 22 429 38 28 52 21 21 37 75 74 66 263 33 1114 80 232 508 207 3682 87 502
leaf_count=516 60 143 90 60 54 324 36 96 40 22 429 38 28 52 21 21 37 75 74 66 263 33 1114 80 232 508 207 3682 87 502
internal_value=0 -4.25287e-05 -0.000111795 -0.000178072 0 2.81372e-05 0.000158194 3.61634e-06 4.43701e-05 6.77224e-06 3.6339e-05 -0.000174795 -0.000399722 0.000198823 0.000392549 0.000168698 -5.20522e-06 -0.0001587 0.000224755 0.000290112 -1.32786e-06 4.28463e-06 3.98528e-05 0.000118052 0.000177506 -5.26087e-06 4.20061e-05 -1.45032e-05 -4.91664e-05 -8.14539e-05
internal_weight=8990 767 293 203 474 414 90 8223 999 798 710 88 50 169 73 201 541 112 180 140 7224 6372 1459 345 265 4913 715 4198 852 589
internal_count=8990 767 293 203 474 414 90 8223 999 798 710 88 50 169 73 201 541 112 180 140 7224 6372 1459 345 265 4913 715 4198 852 589
is_linear=0
shrinkage=0.05


Tree=32
num_leaves=31
num_cat=0
split_feature=359 64 275 79 207 325 283 72 73 346 254 86 78 251 264 93 228 241 343 245 382 205 267 77 76 219 264 362 228 261
split_gain=0.000571183 0.000865313 0.000687751 0.000682826 0.00067613 0.00120386 0.00186596 0.00101846 0.000798174 0.00143232 0.00149753 0.00157638 0.00116555 0.00109064 0.000967336 0.00144736 0.0008622 0.00104082 0.00084763 0.00132155 0.000958512 0.000833113 0.000701594 0.00069359 0.000698737 0.000848104 0.000650184 0.00116058 0.000501631 0.000572121
threshold=-0.068841227719630291 -0.9718552680648268 -0.49937482814860001 0.65852613248995961 2.3746433219200731 -0.019578717449025614 -0.0013630672286150667 -0.10304803590084999 -0.27558098468965847 -0.0052910546652675172 -0.8604789238005488 0.25694444444444459 0.37268518518518545 0.58504242312563692 -1.5134967929187264 1.0944910941442152 1.6322713361938896 0.15042508133366683 0.01388888888888923 -0.97106364308316528 -1.4307005258298042 -0.22833033969457711 -1.3239475385760542 0.21742724867724902 1.5873628399097746 0.90605752213411617 0.50266539720991743 -0.056547619047619034 1.9020503119227372 0.061773947998572318
decision_type=8 2 10 2 8 8 8 2 2 10 10 2 2 10 10 2 10 10 10 10 10 10 10 2 2 10 10 10 10 10
left_child=1 2 -1 -3 8 -6 7 -7 9 10 11 13 18 -2 -14 -16 22 -18 20 -20 -11 -13 -12 -10 26 -26 -25 -28 29 -8
right_child=4 3 -4 -5 5 6 28 -9 23 12 16 21 14 -15 15 -17 17 -19 19 -21 -22 -23 -24 24 25 -27 27 -29 -30 -31
leaf_value=0 -0.00048991137231172853 -3.9653665976615443e-05 0.00037029976403879083 0.00011015434571159931 6.724321349405385e-05 -3.3274240965259777e-05 -0.00018469859143286681 -0.00067209930599071606 -5.4029458659077854e-05 -8.8782131774856209e-05 -0.00014449138870386785 -0.0001417234817857943 -6.7356991164884419e-06 0 8.3289490852720294e-05 0.00040729455685073956 0.00021995441531542185 0 -0.00042948671126896276 0 6.0360497959851845e-05 0.00014264229280975575 0 0 0.00025521260084518708 0 2.9876765417811323e-05 -0.00010651526902617434 1.526900706060094e-06 0
leaf_weight=22 46 160 38 121 78 35 86 25 789 115 103 65 136 20 787 47 90 90 27 87 525 38 312 4322 57 49 179 400 119 22
leaf_count=22 46 160 38 121 78 35 86 25 789 115 103 65 136 20 787 47 90 90 27 87 525 38 312 4322 57 49 179 400 119 22
internal_value=0 6.30457e-05 0.000241493 7.08338e-06 -2.88862e-06 -6.94797e-05 -0.000124064 -0.000383321 0 2.37341e-05 -2.92383e-05 -0.000161253 5.01095e-05 -0.000355165 8.64076e-05 0.00010759 0 9.87705e-05 0 -0.000121881 2.57405e-05 0 -3.09845e-05 -1.01223e-05 -2.20389e-06 0.000122757 -5.92921e-06 -5.57172e-05 -3.33822e-05 -0.000118066
internal_weight=8990 341 60 281 8649 365 287 60 8284 2488 764 169 1724 66 970 834 595 180 754 114 640 103 415 5796 5007 106 4901 579 227 108
internal_count=8990 341 60 281 8649 365 287 60 8284 2488 764 169 1724 66 970 834 595 180 754 114 640 103 415 5796 5007 106 4901 579 227 108
is_linear=0
shrinkage=0.05


Tree=33
num_leaves=31
num_cat=0
split_feature=50 384 65 279 352 19 13 312 44 248 19 31 55 203 216 60 302 36 201 373 85 209 244 315 61 16 235 264 366 235
split_gain=0.000560204 0.00109293 0.00109984 0.00103049 0.000790854 0.000836649 0.000901924 0.000798965 0.000816477 0.00072841 0.000966567 0.000957122 0.00100228 0.001346 0.00101455 0.000939544 0.00111642 0.0012639 0.00151472 0.000967926 0.000875366 0.00096081 0.000846972 0.00126994 0.000777377 0.00130527 0.000764222 0.00068357 0.000670145 0.000650308
threshold=1.1240699184160701 0.01138339139812407 0.12502833881796813 0.31480412605531227 0.012924364817704538 0.92551619966472154 0.0052910052910052499 -0.010869993318203484 0.47337962962963004 0.75048652364530322 -0.48610398740868443 0.85912698412698396 1.0000000180025095e-35 0.60986382510762349 2.5227668097223264 0.37781084656084657 -0.064085359335749978 0.51620370370370405 -0.99333347948591 0.016534391534391988 1.2439068555623003 -1.3187722434164522 -1.0846726330920964 -0.020241224771120277 -1.2879383563696298 0.91215984588425714 0.50040766973360495 -0.028360591601176603 1.3020696985113653 1.6760157678543905
decision_type=2 10 2 10 10 2 2 10 2 8 2 2 2 10 10 2 10 2 10 10 2 10 10 10 2 2 10 10 10 10
left_child=9 4 3 -3 5 -2 -7 -6 -9 10 -1 20 -13 -14 26 16 22 18 -18 24 28 -22 -12 -24 -17 -26 -15 -19 -11 -5
right_child=1 2 -4 29 7 6 -8 8 -10 11 15 12 13 14 -16 19 17 27 -20 -21 21 -23 23 -25 25 -27 -28 -29 -30 -31
leaf_value=-5.7096515096443802e-06 0 -1.1771511081859889e-05 0 -0.00037247590742104275 0 0.00038063746509064831 0 -0.00031690238242551555 0 1.7404915172855422e-06 0 0 -3.1915830554726979e-05 -0.00044110013455718016 0 1.6725622834010745e-05 0.00011428636076017007 0.00011985697711369029 -9.3238295431337696e-05 -5.634375263156063e-05 0.00031120836202869879 0 0.0002303109531742865 0 0.00013646417526558152 -5.6420797150589263e-06 -4.0709603690595336e-05 0 -0.00012721837199580296 0
leaf_weight=3035 234 99 72 79 77 36 27 51 71 1223 107 340 285 68 24 529 82 170 631 110 47 21 146 113 686 126 53 322 105 21
leaf_count=3035 234 99 72 79 77 36 27 51 71 1223 107 340 285 68 24 529 82 170 631 110 47 21 146 113 686 126 53 322 105 21
internal_value=0 -4.12299e-05 -0.000122019 -0.000184616 0 5.45448e-05 0.000217154 -7.41e-05 -0.000159098 3.42591e-06 1.28414e-05 -2.05945e-05 -6.55697e-05 -0.000116293 -0.000247541 3.31262e-05 2.89485e-06 -1.6966e-05 -6.23472e-05 6.24097e-05 6.34229e-07 0.000178081 8.19279e-05 0.000132877 7.58826e-05 0.000108258 -0.000307189 3.86387e-05 -4.69984e-06 -0.000305599
internal_weight=8990 767 271 199 496 297 63 199 122 8223 6057 2166 770 430 145 3022 1571 1205 713 1451 1396 68 366 259 1341 812 121 492 1328 100
internal_count=8990 767 271 199 496 297 63 199 122 8223 6057 2166 770 430 145 3022 1571 1205 713 1451 1396 68 366 259 1341 812 121 492 1328 100
is_linear=0
shrinkage=0.05


Tree=34
num_leaves=31
num_cat=0
split_feature=50 202 320 257 301 326 370 252 342 49 49 228 385 19 333 281 333 62 366 58 378 273 77 362 12 58 381 249 89 64
split_gain=0.000526838 0.00147982 0.00109915 0.00105033 0.00196747 0.00198523 0.00186903 0.00155239 0.00115278 0.000873482 0.000734195 0.0013267 0.00127479 0.000878048 0.00121523 0.00123281 0.00174367 0.00256604 0.00119205 0.00107325 0.000928512 0.000901428 0.000720898 0.00071562 0.000613953 0.000736604 0.000816488 0.000745924 0.000596007 0.000541384
threshold=-1.5118022612375797 0.30133178438014407 0.012946577628286439 -0.095992106496687671 0.0004516730169544792 0.017661477827956743 0.031265894197416273 -0.74465477293704552 0.0017953687866234527 -0.66209236048201581 1.9877118060224925 1.9020503119227372 0.099768437184626316 0.61109025803892714 0.02595899470899499 1.0461335211309353 -0.010582010582010311 0.79646164021164012 1.5658524842304431 1.9443650981896952 0.0021550244670588419 1.8422676705541605 0.74487433862433916 -0.00033068783068790174 0.29381613756613756 -0.72626611053850898 -1.5079307863871108 -1.8483272896210967 1.0000000180025095e-35 -0.13616829075648448
decision_type=2 10 10 10 10 10 10 10 10 2 2 10 10 2 10 10 10 2 10 2 10 10 2 10 2 2 10 10 2 2
left_child=1 3 28 4 5 6 7 -1 -7 -5 13 -12 -13 24 15 18 -17 -18 21 20 -16 -15 -11 -8 25 26 -2 -28 -3 -20
right_child=10 2 -4 9 -6 8 23 -9 -10 22 11 12 -14 14 19 16 17 -19 29 -21 -22 -23 -24 -25 -26 -27 27 -29 -30 -31
leaf_value=0.00060262409257586533 -4.1188431256777182e-05 0.00039374499005236135 0 -9.6778136943358577e-06 -0.00038104913765320118 -0.00046024697907172987 -0.00029358083362386546 0 0 0.00029367530464466038 2.7132582270800363e-07 0.0006340829010899944 0 -7.9247394129371929e-05 0.00049030527084751609 9.7586286904233688e-06 -0.00010706651024763644 -0.0006624812079479704 0.00021870248416610465 0 0 4.8566676614680966e-05 0 2.8311071218922609e-06 -5.5394332945679278e-05 3.8018634706865086e-07 0 0.00020734739329329925 0 0
leaf_weight=28 27 59 60 30 43 29 21 30 20 61 222 20 30 674 26 46 136 36 59 20 23 122 30 22 465 6422 28 135 35 31
leaf_count=28 27 59 60 30 43 29 21 30 20 61 222 20 30 674 26 46 136 36 59 20 23 122 30 22 465 6422 28 135 35 31
internal_value=0 5.11588e-05 0.000178767 0 -8.32839e-05 0 0.00012894 0.000329911 -0.000258549 0.000103068 -3.28516e-06 7.61466e-05 0.00031256 -6.51094e-06 -4.65763e-05 -6.25002e-05 -0.000174404 -0.000252686 -2.93071e-05 0.00013557 0.000283746 -5.33735e-05 0.000195092 -2.62642e-05 0 4.03602e-06 0.000101236 0.000155495 0.000285545 0.000127876
internal_weight=8990 468 154 314 193 150 101 58 49 121 8522 272 50 8250 1173 1104 218 172 886 69 49 796 91 43 7077 6612 190 163 94 90
internal_count=8990 468 154 314 193 150 101 58 49 121 8522 272 50 8250 1173 1104 218 172 886 69 49 796 91 43 7077 6612 190 163 94 90
is_linear=0
shrinkage=0.05


Tree=35
num_leaves=31
num_cat=0
split_feature=339 358 257 295 36 316 258 291 288 213 59 57 294 279 51 28 20 207 377 273 222 232 350 276 316 328 255 351 255 33
split_gain=0.000541179 0.000852218 0.00080238 0.000650006 0.000804244 0.000993007 0.000650129 0.00101239 0.00192011 0.00110713 0.00173188 0.000895736 0.000959546 0.000882623 0.000864617 0.00160957 0.00101421 0.000849289 0.00058382 0.000536597 0.000467585 0.000320041 0.000446783 0.000390838 0.000317372 0.000392536 0.000279407 6.64617e-05 0.000226917 2.27988e-05
threshold=-0.28768207245179361 0.0013135429039787818 1.1990237395751151 -0.11622630264596211 0.0054563492063491505 -0.096757674500539084 1.7217644153580911 -0.16823611831061933 -0.00033068783068797286 -0.96357638230358467 0.45142503417477559 -0.33091158461703146 0.00033068783068797297 -0.47158888255696479 -1.9679096868881498 0.10019841269841297 -0.81410142663747098 1.4567422116666651 0.067118511070938483 -0.33686184567111949 -0.95008361474848446 -0.020646597019932718 0.009909448522535615 -0.44027148246921927 -0.034359289189127666 0.054815436818432157 -0.20115543167827152 -0.39142403040884516 -0.99689262152233971 1.0000000180025095e-35
decision_type=8 10 10 8 2 10 8 10 10 10 2 2 10 10 2 2 2 10 10 10 10 10 10 10 10 10 10 10 10 2
left_child=1 2 26 19 5 -5 11 8 -8 10 -9 12 -6 -10 15 -13 -16 -11 -14 -2 -21 23 -23 -3 25 -22 -1 -4 -29 -24
right_child=3 21 27 4 6 -7 7 9 13 17 -12 14 18 -15 16 -17 -18 -19 -20 20 24 22 29 -25 -26 -27 -28 28 -30 -31
leaf_value=0.0003606302897564992 0 -0.00021884416587358152 -1.8137596628867828e-07 0 0 -0.00044846496044847616 -0.00014463000258683811 -0.00025971989490906634 0 -4.5073912681965513e-05 0 0 0.00032131450888209814 0.00037815368766545523 7.8679916434531462e-05 -0.00021655932053007474 -1.6357193855702365e-06 0.00014518793001122292 0 0 0.0003603559166027757 0.00019041467717606213 -4.8631512563814752e-05 0 0 0 0 0.000186441645469799 0 0
leaf_weight=47 96 33 36 51 35 23 34 155 24 506 98 183 59 49 413 131 6622 59 20 20 44 36 24 43 28 21 29 21 21 29
leaf_count=47 96 33 36 51 35 23 34 155 24 506 98 183 59 49 413 131 6622 59 20 20 44 36 24 43 28 21 29 21 21 29
internal_value=0 6.3595e-05 0.000148998 -2.68272e-06 -5.39148e-06 -0.000170866 -3.33353e-06 -4.30221e-05 8.24339e-05 -6.55524e-05 -0.000155658 9.16207e-07 0.000140215 0.000256642 -5.6617e-07 -8.22401e-05 2.36966e-06 -1.63357e-05 0.000242253 8.30275e-05 0.000156863 0 4.64145e-05 -8.93953e-05 0.000206029 0.000269987 0.000267048 0 6.28222e-05 0
internal_weight=8990 319 154 8671 8462 74 8388 925 107 818 253 7463 114 73 7349 314 7035 565 79 209 113 165 89 76 93 65 76 78 42 53
internal_count=8990 319 154 8671 8462 74 8388 925 107 818 253 7463 114 73 7349 314 7035 565 79 209 113 165 89 76 93 65 76 78 42 53
is_linear=0
shrinkage=0.05


Tree=36
num_leaves=31
num_cat=0
split_feature=369 246 244 238 236 79 253 385 22 332 300 60 49 228 385 325 301 269 89 290 385 267 267 53 328 27 315 337 236 261
split_gain=0.000526788 0.000871414 0.00103413 0.000657888 0.00148267 0.00129115 0.00122597 0.000953918 0.00132694 0.00147823 0.00119362 0.000877434 0.000857296 0.00101937 0.00113593 0.000888658 0.00083573 0.000769123 0.0012076 0.000963735 0.000818296 0.00075551 0.000744577 0.000644388 0.000641862 0.00061782 0.000609411 0.000574414 0.000445141 0.000350581
threshold=-0.86475595563538576 1.3865781778347681 -0.093888761691787823 -1.0142027090478367 -0.80243276666086605 -0.35384360397230491 -0.024337142115681554 -0.43611278611414561 -0.74539234687982281 0.011091484095192007 -0.0024012367089945026 0.6846891534391536 1.9877118060224925 1.9020503119227372 0.099768437184626316 -0.17882525834956656 -0.017970663114142301 1.7217644153586547 0.35762882297212356 -0.0003306878306878999 2.8814127056650207 -2.4439730312762307 1.0000000180025095e-35 -0.64121927751340291 0.0076697103633446154 -1.0784093653590598 -0.035714478816883909 0.02351294554442997 -1.0000000180025095e-35 -0.64220559597687343
decision_type=8 10 10 8 10 2 10 10 2 10 10 2 2 10 10 8 10 8 2 10 8 10 10 2 10 2 10 10 10 10
left_child=1 2 -1 4 5 -2 16 10 9 -9 26 -10 15 29 -15 22 -6 20 19 -19 21 -17 -5 -18 -22 -4 -8 -25 -27 -14
right_child=3 -3 25 12 6 -7 7 8 11 -11 -12 -13 13 14 -16 17 23 18 -20 -21 24 -23 -24 27 -26 28 -28 -29 -30 -31
leaf_value=0 -0.00046243053435188425 0 0 0.00027796691373681043 0 0 0.00011215181053865334 0.00032884902223910572 5.3919475011561786e-05 0 -0.00032903275874514434 -0.00012088649793109159 -7.9051598956886244e-05 0.00060111872169284143 0 -0.00014870165358206293 0 0 0 -0.00019282855315492373 0.00023807517500989284 -3.6668829134049852e-06 0 0.00029025029346087591 0 0 -4.9251789959752715e-05 0 -0.00042509455094646406 6.3346404966736116e-05
leaf_weight=112 25 197 28 49 20 33 78 85 375 32 32 80 40 20 29 94 61 38 260 211 61 6351 41 131 30 21 223 24 48 161
leaf_count=112 25 197 28 49 20 33 78 85 375 32 32 80 40 20 29 94 61 38 260 211 61 6351 41 131 30 21 223 24 48 161
internal_value=0 -5.59372e-05 -0.000128435 2.32238e-06 3.69824e-05 -0.0001919 5.30146e-05 2.00488e-05 6.28162e-05 0.000216865 -3.83998e-05 1.2178e-05 -2.62827e-06 8.70536e-05 0.000300142 -6.47253e-06 0.00015819 -9.13781e-06 -6.89591e-05 -0.000147778 -3.71318e-06 -6.56027e-06 0.000146445 0.000192376 0.00014283 -0.000249294 0 0.000248898 -0.000331184 1.012e-05
internal_weight=8990 406 209 8584 1199 58 1141 905 572 117 333 455 7385 250 49 7135 236 7045 509 249 6536 6445 90 216 91 97 301 155 69 201
internal_count=8990 406 209 8584 1199 58 1141 905 572 117 333 455 7385 250 49 7135 236 7045 509 249 6536 6445 90 216 91 97 301 155 69 201
is_linear=0
shrinkage=0.05


Tree=37
num_leaves=31
num_cat=0
split_feature=50 384 65 279 352 312 224 19 14 315 49 241 64 63 80 93 380 59 62 299 91 362 343 229 368 93 381 356 289 80
split_gain=0.000497122 0.000984578 0.00102758 0.000891534 0.000699118 0.000722136 0.00100121 0.000720158 0.000799171 0.000662787 0.000779241 0.000774015 0.00137023 0.00136453 0.0014314 0.00114169 0.00177277 0.00123456 0.00109107 0.000924454 0.00110537 0.00257592 0.00103501 0.000721765 0.00108778 0.000842454 0.000680179 0.000844529 0.000740562 0.000654299
threshold=1.1240699184160701 0.01138339139812407 0.12502833881796813 0.31480412605531227 0.012924364817704538 -0.010869993318203484 0.027824511571638896 0.92551619966472154 0.0052910052910052499 -0.037898855630954763 0.56800702417726068 0.75617667604501959 -0.8004310875932138 0.64252645502645511 0.31894841269841351 0.77399481373919909 -0.0044125096175144643 -0.65363191334723847 0.75942460317460314 0.2529939526667962 1.350791639772525 0.00033068783068700846 0.00066137566137675085 -0.30162276878958988 -1.0476137474859148 0.52126058762727168 0.49308760893118742 -0.019865504299153899 -0.0023753013793000872 0.45585317460317504
decision_type=2 10 2 10 10 10 10 2 2 8 2 8 2 2 2 2 10 2 2 8 2 10 10 10 10 2 8 8 10 2
left_child=9 4 3 -3 7 -6 -7 -2 -9 10 -1 12 13 14 -11 17 -17 -15 -16 20 26 22 -22 24 -12 -26 28 -28 -13 -5
right_child=1 2 -4 29 5 6 -8 8 -10 11 23 19 -14 15 18 16 -18 -19 -20 -21 21 -23 -24 -25 25 -27 27 -29 -30 -31
leaf_value=1.0899879609796962e-05 0 -1.1013592354094916e-05 0 -4.0736345856059968e-05 0 -0.00027600347259591198 0 0.00035176036460199612 0 0 0 2.3084174683660496e-05 -4.036777017291708e-06 0.00027984793418998931 0.00024718556765659754 -0.00044659501355555332 0 0 2.7948166524734454e-06 2.587922075143898e-05 -0.00067399340644579879 0 0 0 0 0.00031166677716320992 0 -0.00012576523758171229 -9.5301849129671363e-05 -0.00045484540965398407
leaf_weight=1280 234 99 72 52 77 69 53 37 26 162 31 558 4136 43 217 35 39 168 113 404 31 57 20 145 29 104 144 336 171 48
leaf_count=1280 234 99 72 52 77 69 53 37 26 162 31 558 4136 43 217 35 39 168 113 404 31 57 20 145 29 104 144 336 171 48
internal_value=0 -3.87967e-05 -0.000115492 -0.000176253 0 -6.92769e-05 -0.000150372 5.16395e-05 0.000202702 3.2747e-06 3.25714e-05 -2.98925e-06 6.27706e-06 6.76056e-05 0.000118923 -3.45802e-06 -0.000186185 3.69986e-05 0.000178673 -3.23461e-05 -5.4004e-05 -0.000217214 -0.000475221 0.000106135 0.000179482 0.000245252 -3.52723e-05 -8.17015e-05 0 -0.000289715
internal_weight=8990 767 271 199 496 199 122 297 63 8223 1589 6634 4913 777 492 285 74 211 330 1721 1317 108 51 309 164 133 1209 480 729 100
internal_count=8990 767 271 199 496 199 122 297 63 8223 1589 6634 4913 777 492 285 74 211 330 1721 1317 108 51 309 164 133 1209 480 729 100
is_linear=0
shrinkage=0.05


Tree=38
num_leaves=31
num_cat=0
split_feature=260 353 19 48 244 370 77 73 284 28 275 85 366 79 59 297 267 251 72 264 354 370 378 288 201 327 19 370 50 264
split_gain=0.000481055 0.00122954 0.00165385 0.00184988 0.00145956 0.00184339 0.0022043 0.00101426 0.000989766 0.000945052 0.00108903 0.000789576 0.00100684 0.0007113 0.00178963 0.00144835 0.00116767 0.00108298 0.00113746 0.0021102 0.00147416 0.0010204 0.00100773 0.000894259 0.000856828 0.000817382 0.00106736 0.000740906 0.000742644 0.000905502
threshold=-0.28327519458720735 0.19755103383580339 -0.059718762984434792 0.26410554983404355 1.2478677749044993 0.19241192133677534 0.41567460317460309 -1.4369786948863492 0.00033068783068700153 0.19031084656084654 -0.84380981735216298 -0.28443869091386814 1.8182711531051645 -0.51022819264281438 0.59912140660162116 0.0023745709734600555 -1.9557837328859107 -1.0866192271926434 0.22145345148162252 -0.77358454673322763 0.025014687463678773 0.60030729330271104 0.0035692828412038084 -0.00033068783068780015 -0.036813074069136094 -0.047110112514044872 0.58665977982108308 0.12979962334798853 -1.4143836186716896 0.88622151777123048
decision_type=10 10 2 2 10 10 2 2 10 2 10 2 10 2 2 10 10 10 2 10 10 10 10 10 10 10 2 10 2 10
left_child=1 2 -1 4 5 6 -4 8 -5 10 -9 -3 -13 14 15 17 22 25 20 -20 -19 27 -15 -16 -24 -2 -27 28 29 -18
right_child=13 11 3 7 -6 -7 -8 9 -10 -11 -12 12 -14 16 23 -17 21 18 19 -21 -22 -23 24 -25 -26 26 -28 -29 -30 -31
leaf_value=-1.0292272878043921e-06 0 0 -6.4959522168944151e-05 0.00038689877051770741 0 0 -0.00053073566779156386 0 0 0 -0.00025117036148022466 0.00032794510785071507 0 0 0 0.00024443512276592231 0.0002053747297120373 -0.00011351750684952104 -2.608357177725002e-06 0.00023090586671645999 0.00015491283334822576 0.00025215126686489291 -0.00050820774845602924 -0.00025761461934570594 0 0 -0.00044197068813667592 -5.8709860178583408e-05 2.1685183782938862e-06 0
leaf_weight=1416 78 126 76 27 75 31 87 44 22 143 96 57 23 84 75 125 103 133 104 213 82 41 29 57 26 37 27 465 4993 95
leaf_count=1416 78 126 76 27 75 31 87 44 22 143 96 57 23 84 75 125 103 133 104 213 82 41 29 57 26 37 27 465 4993 95
internal_value=0 -2.04488e-05 -3.41581e-05 -0.000103881 -0.000202982 -0.000275538 -0.000344393 -8.49265e-06 0.000179511 -5.8758e-05 -0.000154403 8.94738e-05 0.000212702 6.35202e-06 4.6937e-05 7.88761e-05 0 4.07225e-05 7.80749e-05 0.000138551 0 3.37151e-06 -0.00014325 -0.000108454 -0.000312293 -6.39874e-05 -0.000202375 6.79695e-07 6.96392e-06 0.000102588
internal_weight=8990 2223 2017 601 269 194 163 332 49 283 140 206 80 6767 931 799 5836 674 532 317 215 5697 139 132 55 142 64 5656 5191 198
internal_count=8990 2223 2017 601 269 194 163 332 49 283 140 206 80 6767 931 799 5836 674 532 317 215 5697 139 132 55 142 64 5656 5191 198
is_linear=0
shrinkage=0.05


Tree=39
num_leaves=31
num_cat=0
split_feature=385 277 328 366 359 197 372 58 49 91 337 335 73 292 320 258 267 328 88 206 267 208 288 281 64 75 73 16 356 88
split_gain=0.000485158 0.00106684 0.000947769 0.00124879 0.000871652 0.000926237 0.000894929 0.000871003 0.00081737 0.000809512 0.000768567 0.000756618 0.000650953 0.00107969 0.00139668 0.000975527 0.000704961 0.00107631 0.00151204 0.00203887 0.00078496 0.000702652 0.00111179 0.0013311 0.000838658 0.00118346 0.000761504 0.000617403 0.000614666 0.000610339
threshold=-1.7233832620203959 -0.71122083167899153 0.027611411606986883 -0.40609690296621154 -0.043678008388884908 -0.45017370626017739 -0.093061695400465036 2.1776760301625155 0.97852435121737458 -0.42050990539728078 0.01476122824891059 0.034764747787310098 -1.9090376702397247 -0.00033068783068779993 0.0098919622105524147 0.12877418604053428 -1.7223063450056815 0.021210036136639524 0.60747354497354511 1.8244552533520026 -2.3286032187716281 -1.3495423177055217 -0.0003306878306878987 1.2547572737545905 -1.0663272403496646 0.37797619047619052 -0.27558098468965847 -1.5053426069379514 -0.039104910302266253 0.14914021164021155
decision_type=10 10 10 10 10 10 10 2 2 2 10 8 2 10 10 10 10 10 2 10 10 10 10 10 2 2 2 2 10 2
left_child=1 10 3 8 5 6 -2 -8 -3 -4 11 -1 13 14 -6 -15 17 18 19 -14 -19 22 23 -18 25 -23 -24 -5 -26 -16
right_child=4 2 9 27 12 -7 7 -9 -10 -11 -12 -13 16 15 29 -17 21 20 -20 -21 -22 24 26 -25 28 -27 -28 -29 -30 -31
leaf_value=-0.00011593514874039826 0 4.4936085411185216e-05 0 -0.00019369082294961421 0 0 0.0002181293334700605 0 0.00043010453932000093 -0.00027125479660315151 -0.00030523901734178589 7.0492772369758539e-05 -0.00029819653833474302 7.7425860335638395e-05 0 -0.00024000366099069634 3.8856435344683299e-05 0.00024390990286717132 0 0 0 0 6.6953156709816531e-05 0.00046316460896007444 -3.4881795645039586e-05 -0.00028192795431827947 -4.3342875838054513e-05 0 5.3889116516138145e-06 0.00041229838313657083
leaf_weight=151 49 115 32 42 91 215 189 25 29 53 57 51 146 32 20 40 117 40 234 62 52 37 314 35 1154 65 278 245 4966 54
leaf_count=151 49 115 32 42 91 215 189 25 29 53 57 51 146 32 20 40 117 40 234 62 52 37 314 35 1154 65 278 245 4966 54
internal_value=0 -3.80952e-05 0 3.35811e-05 3.2736e-06 6.88604e-05 0.000131977 0.000178477 0.000157448 -0.000148762 -0.000120976 -4.41149e-05 -1.3302e-07 8.06745e-05 0.000159096 -2.9664e-05 -3.35424e-06 -5.87991e-05 -9.64668e-05 -0.000194768 6.77889e-05 1.79081e-07 4.67457e-05 0.000169672 -4.58623e-06 -0.000147314 6.71564e-06 -1.11855e-05 -1.38808e-06 0.000321741
internal_weight=8990 775 516 431 8215 478 263 214 144 85 259 202 7737 237 165 72 7500 534 442 208 92 6966 744 152 6222 102 592 287 6120 74
internal_count=8990 775 516 431 8215 478 263 214 144 85 259 202 7737 237 165 72 7500 534 442 208 92 6966 744 152 6222 102 592 287 6120 74
is_linear=0
shrinkage=0.05


Tree=40
num_leaves=31
num_cat=0
split_feature=286 30 303 206 45 13 60 91 249 283 241 71 228 60 296 234 57 200 381 245 64 381 319 284 348 251 281 387 223 383
split_gain=0.000454417 0.00146486 0.00231863 0.000958338 0.00108492 0.000903252 0.00118948 0.000630388 0.000939333 0.0013074 0.00127468 0.00129111 0.000756372 0.000844642 0.00084271 0.000618124 0.00128279 0.000581528 0.000984912 0.00108493 0.00125117 0.00161805 0.000829208 0.000954752 0.000915594 0.00102136 0.00079513 0.000713158 0.000695449 0.000576121
threshold=-0.00033068783068780069 2.5350506890670652 -0.00033068783068779993 -1.3433130663036237 0.75033068783068813 0.0057870370370370012 0.12847222222222202 1.1468309827518051 1.3091730210746051 -0.0017143555924580831 -1.1052474849572154 0.78009259259259267 1.0538702977797105 0.67840608465608521 -0.00015138042948794475 2.0001228014562815 0.56375750981472217 -0.91164552593396353 1.2258541837049195 -1.4632423595236086 -0.61119912469777538 -1.2663215543083897 -0.0079618399451603077 -0.00033068783068789307 0.1240245145170293 -1.3883939805237144 1.8743044804029056 -0.016781619680426237 0.88751028986227487 -0.18536542658296251
decision_type=10 2 10 10 2 2 2 2 10 10 10 2 10 2 10 10 2 8 10 8 2 10 10 10 10 10 10 8 10 10
left_child=1 17 -3 4 15 6 -6 -5 12 -10 -11 -12 13 -9 -15 29 -17 22 19 20 21 -19 27 24 25 -24 -20 28 -1 -2
right_child=3 2 -4 7 5 -7 -8 8 9 10 11 -13 -14 14 -16 16 -18 18 26 -21 -22 -23 23 -25 -26 -27 -28 -29 -30 -31
leaf_value=0.00025052380942133345 -8.4557940434561467e-05 0.00061739854741184991 0 -5.0074231194492301e-06 0 0 -0.00048960463516782386 9.5162836732962615e-05 -8.3005511310304788e-05 0 0.0003415821469578613 0 -0.00028273035931228172 4.6993832685924107e-06 -0.00020771086694031161 0 -0.00044114141638469022 0 -5.0758096191490355e-06 2.1627771639375743e-05 0 0.00030337277603955222 0 -3.9415676125777772e-08 0 -0.00024016466172119928 -0.00031785384340924153 0 0 3.2813581424366087e-06
leaf_weight=66 222 26 23 4564 22 21 41 193 26 40 114 24 22 48 60 35 28 53 371 1271 83 136 20 459 38 157 25 115 34 653
leaf_count=66 222 26 23 4564 22 21 41 193 26 40 114 24 22 48 60 35 28 53 371 1271 83 136 20 459 38 157 25 115 34 653
internal_value=0 1.61771e-05 0.000290804 -7.91643e-06 -5.21427e-05 -0.000234391 -0.000330166 0 5.26571e-05 0.000136626 0.00019681 0.000270238 0 2.03207e-05 -6.71358e-05 -3.04689e-05 -0.000189312 9.64067e-06 2.61945e-05 4.57881e-05 0.000140259 0.000211775 -2.08402e-05 -5.21331e-05 -0.00014005 -0.000191696 -3.75202e-05 5.39928e-05 0.000155163 -1.32982e-05
internal_weight=8990 2877 49 6113 1022 84 63 5091 527 204 178 138 323 301 108 938 63 2828 1939 1543 272 189 889 674 215 177 396 215 100 875
internal_count=8990 2877 49 6113 1022 84 63 5091 527 204 178 138 323 301 108 938 63 2828 1939 1543 272 189 889 674 215 177 396 215 100 875
is_linear=0
shrinkage=0.05


Tree=41
num_leaves=31
num_cat=0
split_feature=211 326 279 364 80 378 298 207 371 50 197 219 248 264 267 219 51 351 250 202 66 295 73 256 364 76 37 379 282 325
split_gain=0.00045709 0.000786452 0.00128382 0.00116329 0.00124154 0.00103039 0.00179459 0.00092586 0.00147818 0.000713466 0.00123455 0.00115088 0.00114539 0.000532649 0.000990994 0.00133887 0.00142646 0.00105974 0.000859937 0.00102681 0.000650112 0.000713056 0.000610199 0.000577216 0.000576017 0.000550653 0.000724119 0.000544645 0.000754862 0.000565866
threshold=-0.82642608117316907 -0.0037030789403873494 0.85621600955969634 0.16523959257808749 0.064484126984127019 0.48322060135421291 -0.00098085895318350525 2.342966911807435 0.44030116103933103 1.1240699184160701 -1.3461660096184727 -0.58978361831265436 1.133527410429104 1.1688056133231148 -1.1095345771379368 0.20385454109954129 0.75759826624592452 -0.14997330490305158 -1.1394027350153924 -0.80794498736022469 1.2541543633037502 -0.0013698638705588182 -0.058183445616554141 1.0792196281239399 0.0065508485833479799 0.42536932956994505 0.75438503975253257 0.0076346372276770444 -0.0012527109863821326 0.00030262471656195006
decision_type=8 10 10 10 2 10 10 10 10 2 10 10 10 10 10 10 2 10 10 10 2 10 2 10 10 2 2 10 8 10
left_child=1 2 -1 4 -4 6 -6 -3 -9 13 11 -11 -13 14 15 27 -17 -18 19 -15 21 24 -23 -22 -16 -21 -27 28 -2 -29
right_child=9 7 3 -5 5 -7 -8 8 -10 10 -12 12 -14 18 20 16 17 -19 -20 25 23 22 -24 -25 -26 26 -28 29 -30 -31
leaf_value=1.356234236859997e-05 -0.00014775076623515403 2.8680187716957727e-06 0 -3.3258823206589137e-05 5.8919502925643557e-05 0 0.00059466888930665232 0 -0.00046253851803394167 0 0 -0.00033640790454349555 0 0 0 -5.2454192194778877e-06 0 -0.00048559306878282393 3.7587933927822663e-06 0 8.6601238581210607e-05 4.7573190645180313e-05 -5.3889659111777982e-06 0 -8.1510258901479083e-05 0.00038278767421427023 0 0 4.9045847189138734e-06 0.00015146406904163734
leaf_weight=637 140 999 46 20 57 35 53 25 28 98 349 96 35 55 479 96 21 52 706 20 386 652 2841 187 506 61 24 153 62 71
leaf_count=637 140 999 46 20 57 35 53 25 28 98 349 96 35 55 479 96 21 52 706 20 386 652 2841 187 506 61 24 153 62 71
internal_value=0 2.1461e-05 5.77798e-05 0.000167515 0.000214709 0.000286541 0.000362772 -3.06524e-06 -0.000208858 -6.14335e-06 -5.9529e-05 -0.000149712 -0.000247215 -6.36237e-07 -6.98315e-06 -6.80132e-05 -0.000189499 -0.000363067 3.49663e-05 0.000141351 0 -6.20932e-06 3.06658e-06 5.03456e-05 -4.41761e-05 0.000234223 0.000289707 -8.05065e-06 -7.61767e-05 3.10795e-05
internal_weight=8990 1900 848 211 191 145 110 1052 53 7090 578 229 131 6512 5646 595 169 73 866 160 5051 4478 3493 573 985 105 85 426 202 224
internal_count=8990 1900 848 211 191 145 110 1052 53 7090 578 229 131 6512 5646 595 169 73 866 160 5051 4478 3493 573 985 105 85 426 202 224
is_linear=0
shrinkage=0.05


Tree=42
num_leaves=31
num_cat=0
split_feature=369 246 244 377 325 208 359 48 228 288 22 261 367 91 341 255 366 281 75 216 362 248 54 292 59 269 64 275 63 248
split_gain=0.000472745 0.000799372 0.000946625 0.000564436 0.000559498 0.000668442 0.000564721 0.000656559 0.000893799 0.000656323 0.000705862 0.000691557 0.000537187 0.000627913 0.000508789 0.00117171 0.00146486 0.000801908 0.00109069 0.000698853 0.000670632 0.000506281 0.000209596 0.000186116 0.000157861 0.000388841 0.000311169 0.000189119 8.70897e-05 0.000155961
threshold=-0.86475595563538576 1.3865781778347681 -0.093888761691787823 0.067118511070938483 -0.2136708859064306 0.53535599611457818 -0.068841227719630291 1.6534026642930302 1.0000000180025095e-35 0.00033068783068735888 -0.9464791777795899 0.82657030593971681 0.46015211640211656 1.1468309827518051 0.007275132275131998 -2.5124914506119782 0.4786597416381308 3.3520156100199388 0.3184523809523811 -0.42047138518639887 -0.058697089947089991 1.0779722377047904 0.55572089947089964 -0.00033068783068779961 -0.58328445437284937 0.1670564445169497 -0.6758193211503053 -0.95845793375209198 0.47503306878306906 0.17271908639610947
decision_type=8 10 10 10 8 10 8 2 10 10 2 10 10 2 8 8 10 10 2 10 8 10 2 10 2 10 2 10 2 10
left_child=1 2 -1 -4 5 22 7 8 23 14 11 -11 13 -12 17 16 -16 19 -19 -8 -17 -14 -2 -6 26 27 -9 -26 29 -3
right_child=4 28 3 -5 6 -7 9 24 -10 10 12 -13 21 -15 15 20 -18 18 -20 -21 -22 -23 -24 -25 25 -27 -28 -29 -30 -31
leaf_value=0 0 0.00010581796240080241 -0.00032348313572979996 0 0 0 -2.8454488672966986e-05 0.0002021751032631503 0.00028227498812890514 -0.00033847158119897362 -6.8663793679550185e-05 0 0.00015378325887608257 6.0996462552503553e-05 0 5.8292743439344032e-05 0.00045961253089628627 0 -0.00047730369337777034 9.3053679541224593e-06 -5.4241618274844472e-06 0 0.00034183319586919103 0.00014849789410286638 0 0 0 -0.00021879387916341598 -4.2497107382592598e-06 0
leaf_weight=112 20 54 66 31 81 32 1742 24 66 41 554 20 72 72 20 604 35 25 21 3997 950 24 31 21 23 51 24 34 102 41
leaf_count=112 20 54 66 31 81 32 1742 24 66 41 554 20 72 72 20 604 35 25 21 3997 950 24 31 21 23 51 24 34 102 41
internal_value=0 -5.29994e-05 -0.000122526 -0.00023812 2.18952e-06 0.000131589 3.36428e-07 6.55101e-05 0.000134308 -1.63528e-06 -4.55157e-05 -0.000220832 -2.37509e-05 -4.57575e-05 2.33585e-06 2.76182e-05 0.000260967 -3.83207e-06 -0.000212425 -1.28523e-06 1.61258e-05 6.76199e-05 0.000246702 0 0 -4.16466e-05 6.56265e-05 -0.000142507 0 4.76449e-05
internal_weight=8990 406 209 97 8584 83 8501 324 168 8177 783 61 722 626 7394 1609 55 5785 46 5739 1554 96 51 102 156 108 48 57 197 95
internal_count=8990 406 209 97 8584 83 8501 324 168 8177 783 61 722 626 7394 1609 55 5785 46 5739 1554 96 51 102 156 108 48 57 197 95
is_linear=0
shrinkage=0.05


Tree=43
num_leaves=31
num_cat=0
split_feature=339 357 352 91 295 346 89 328 326 360 85 361 211 20 351 230 208 263 299 33 75 336 19 273 217 349 218 355 349 39
split_gain=0.000459244 0.000743312 0.000783136 0.000807802 0.000552067 0.000686106 0.00104484 0.00122299 0.000634079 0.00105435 0.00145366 0.00182354 0.00103422 0.00154332 0.00135354 0.000865578 0.0010706 0.000982791 0.000789165 0.000589093 0.000492177 0.000577544 0.000471398 0.00051855 0.000427606 0.000389755 0.000449055 0.000413329 0.000346178 0.000340504
threshold=-0.28768207245179361 0.00066137566137508552 0.021516103550457414 0.34914836660195053 -0.11622630264596211 0.30274312100076445 0.19222963071201302 0.010420452564930969 0.017661477827956743 0.016309135283109847 1.0872840419157768 0.43685838104402058 -0.82642608117316907 -0.79035694922770883 0.078817343714535984 2.1175642630864977 -2.2459598306223447 -0.43717781553384649 -0.48825510609024597 0.49553672555297157 0.00099206349206345016 -0.00033068783068582181 -0.097060375419510583 -0.33686184567111949 -1.7229980834950795 -0.019070285159366148 -0.44953613640362061 -0.045278607185444568 -0.11407410644337655 -1.3977821634683096
decision_type=8 10 10 2 8 10 2 10 8 8 2 10 10 2 10 10 10 10 10 2 2 10 2 10 10 10 10 10 10 2
left_child=1 2 3 -1 22 8 7 -7 12 10 18 -12 13 14 -6 16 -14 -17 -10 -15 -11 -22 -2 -24 -5 27 -27 -3 -25 -29
right_child=4 25 -4 24 5 6 -8 -9 9 20 11 -13 15 19 -16 17 -18 -19 -20 -21 21 -23 23 28 -26 26 -28 29 -30 -31
leaf_value=0 0 0 0 0 0.00030443175891818088 0 0 -0.00047704572470196077 -0.00016627219291106836 5.6253875025662068e-05 -0.00031896894456926502 1.978475096892581e-05 -0.00012247066139202335 -5.9600101938493281e-06 0 0 -5.9700416356862656e-08 0.00025341145817831288 -4.1340198925330212e-06 7.645874089168373e-05 -4.1699832699790002e-05 9.0662361325607916e-06 0 0 0.00040781337083143081 0 -0.00016667649065262049 0 0.00029874988219886654 0.00025040379457077561
leaf_weight=28 108 26 54 21 106 25 49 33 99 301 112 22 192 507 65 35 3845 69 652 293 938 1119 29 21 48 22 64 21 51 35
leaf_count=28 108 26 54 21 106 25 49 33 99 301 112 22 192 507 65 35 3845 69 652 293 938 1119 29 21 48 22 64 21 51 35
internal_value=0 5.8578e-05 0.000139803 0.000224894 -2.47596e-06 -5.01578e-06 -0.000131893 -0.000277535 -2.79091e-06 -2.05134e-05 -6.72156e-05 -0.000226094 7.47418e-06 5.41721e-05 0.000194148 -2.26939e-06 -7.12298e-06 0.000137929 -3.2184e-05 1.79824e-05 -8.62791e-07 -1.16536e-05 7.63977e-05 0.00015404 0.000316698 0 -8.74285e-05 6.20656e-05 0.00022639 0.000155102
internal_weight=8990 319 151 97 8671 8462 107 58 8355 3243 885 134 5112 971 171 4141 4037 104 751 800 2358 2057 209 101 69 168 86 82 72 56
internal_count=8990 319 151 97 8671 8462 107 58 8355 3243 885 134 5112 971 171 4141 4037 104 751 800 2358 2057 209 101 69 168 86 82 72 56
is_linear=0
shrinkage=0.05


Tree=44
num_leaves=31
num_cat=0
split_feature=385 378 276 250 369 41 359 266 239 258 306 277 73 292 356 64 212 62 371 359 210 321 296 375 253 380 207 85 31 367
split_gain=0.000448572 0.000999951 0.00111859 0.000793007 0.00156499 0.00144112 0.000715627 0.000864474 0.00105585 0.000840098 0.000741695 0.000711665 0.00061373 0.000965404 0.00124947 0.00109772 0.000848392 0.000714905 0.000910491 0.0012534 0.00177367 0.000606216 0.000599587 0.000583465 0.000592204 0.000776626 0.000664281 0.000581914 0.000650281 0.000566862
threshold=-1.7233832620203959 0.31390099657799747 -0.38111765915837353 -0.24536735624760045 0.10206132190801599 1.2228742406200201 -0.043678008388884908 -0.11893891218145165 -0.92906261955483893 0.054557445126252921 0.0003369272364686198 1.0257142516690771 -1.9090376702397247 -0.00033068783068779993 0.069978995897475596 -0.66600651603980443 -0.27116858472402572 0.069609788359788358 1.5357935806209217 -0.0015109233696220384 -0.76888852952511388 0.0068247105410901296 0.00085574093296553199 -0.34504429254430979 0.11770752101213187 0.071423595015365118 1.890699097503717 0.059307719157394106 0.94659391534391502 -0.32556216931216947
decision_type=10 10 10 8 10 2 10 10 10 10 10 10 2 10 10 2 10 2 10 10 10 10 10 10 10 10 10 2 2 8
left_child=1 3 11 4 5 -1 7 8 -2 -9 -11 -3 13 14 15 21 -15 18 19 -14 -21 -8 -6 27 26 -26 -25 -19 -29 -5
right_child=6 2 -4 29 22 -7 12 9 -10 10 -12 -13 17 16 -16 -17 -18 23 -20 20 -22 -23 -24 24 25 -27 -28 28 -30 -31
leaf_value=0.00032546766444474761 -0.00023052454323949174 -0.00036445617904039122 0 -0.00014513336408133583 0 0 2.6630167723097984e-05 4.852013305762171e-06 4.4291883319235485e-05 0.00032177355957261158 0 0 0 -0.00021506661685120597 -8.7358771012193884e-07 0 8.2987801332732168e-05 0 3.0881021596707236e-05 -0.00045756060028713546 -5.7785995336200568e-05 0.00043525218864345005 -0.00021297210919795541 2.2293033677099684e-07 -7.0290310102866787e-06 -9.2897766523073152e-05 9.5496958369418393e-05 0.00018989871161237347 0 0
leaf_weight=80 42 61 115 113 101 32 46 130 205 77 24 20 134 42 34 26 30 324 103 53 145 59 34 4594 1402 381 196 124 44 219
leaf_count=80 42 61 115 113 101 32 46 130 205 77 24 20 134 42 34 26 30 324 103 53 145 59 34 4594 1402 381 196 124 44 219
internal_value=0 -3.66355e-05 -0.000134361 0 6.41657e-05 0.00020869 3.14243e-06 6.25437e-05 0 0.000132077 0.000246209 -0.000279524 0 7.86177e-05 0.000152614 0.00023056 -2.15863e-05 -3.03024e-06 -6.53133e-05 -0.000110213 -0.000190213 0.000304006 -1.87922e-05 9.77701e-08 -3.11993e-06 -2.81862e-05 5.16714e-06 5.32379e-05 0.000130198 -5.39092e-05
internal_weight=8990 775 196 579 247 112 8215 478 247 231 101 81 7737 237 165 131 72 7500 435 332 198 105 135 7065 6573 1783 4790 492 168 332
internal_count=8990 775 196 579 247 112 8215 478 247 231 101 81 7737 237 165 131 72 7500 435 332 198 105 135 7065 6573 1783 4790 492 168 332
is_linear=0
shrinkage=0.05


Tree=45
num_leaves=31
num_cat=0
split_feature=248 31 332 85 32 238 207 210 298 232 342 198 236 377 75 361 296 71 299 55 301 342 31 338 359 352 244 85 77 268
split_gain=0.000431167 0.0010059 0.000928563 0.00110664 0.00107978 0.0013124 0.00125672 0.00102426 0.00117536 0.00147714 0.0010307 0.000981155 0.00116878 0.00139347 0.000909386 0.00111829 0.000869366 0.000866928 0.00103313 0.000845201 0.00124442 0.000988773 0.00087223 0.000813925 0.00111773 0.000778723 0.000978459 0.000700368 0.000867535 0.000654328
threshold=0.78771253426859567 0.85912698412698396 0.0035700917130915559 0.25011264913939507 0.37251984126984106 -0.62270618944118328 0.52724134844334902 -0.58013615131176521 -0.0020459363036350315 1.4739193971029139 -0.042111485350126869 -1.0309710832506871 0.24047771101577156 -0.17383080872228127 0.33432539682539703 0.0004959493076220901 -0.0030532373014550136 0.6696428571428571 -0.059425248411484992 -0.10521847178433076 -0.013244855685240852 -0.080042707673535482 0.99884259259259311 0.018187830687830368 -0.0015109233696220384 0.00060442516246783662 0.051728903588956064 1.2439068555623003 0.64037698412698407 -0.74765789945718597
decision_type=8 2 10 2 2 10 10 10 10 10 10 10 8 10 2 8 10 2 10 2 10 10 2 10 10 10 10 2 2 10
left_child=2 27 3 -1 5 14 -7 8 23 10 -10 12 -9 -14 15 -4 -3 18 -16 -18 -21 -22 -23 24 -5 -13 -27 -2 -29 -8
right_child=1 16 4 7 -6 6 29 11 9 -11 -12 25 13 -15 17 -17 19 -19 -20 20 21 22 -24 -25 -26 26 -28 28 -30 -31
leaf_value=3.3223280819455565e-06 -1.957235314981912e-06 6.7592158450738044e-05 0.00028435301911327167 0 0 -5.3350877310691436e-05 0 0 0 -7.4254188010298774e-05 0.00020095610994463219 0 0 -0.0004755319761403547 0 0 0 6.8259538566225665e-06 -0.00037389019158136968 3.1659006580805695e-06 0 -0.00022168053772015153 0 0.00013538779702063175 -0.00033612011698394865 0 0.00024370350243428288 0 0.00028270008725890902 -0.00041897609427456141
leaf_weight=4300 1411 73 52 26 845 189 25 143 43 39 387 138 37 33 20 37 273 21 40 81 63 306 29 29 38 74 97 27 49 65
leaf_count=4300 1411 73 52 26 845 189 25 143 43 39 387 138 37 33 20 37 273 21 40 81 63 306 29 29 38 74 97 27 49 65
internal_value=0 -1.88575e-05 6.18813e-06 1.59472e-05 -3.05512e-05 -9.32757e-05 -0.000160485 6.14103e-05 0.000108758 0.000142894 0.000174227 8.46833e-07 -7.11676e-05 -0.000238913 0 0.000126105 -6.35024e-05 -0.000102771 -0.000224272 -8.28837e-05 -0.000123266 -0.000161551 -0.000195914 -9.65364e-06 -0.000153487 6.66708e-05 0.000139314 2.55224e-06 0.00015187 -0.000329664
internal_weight=8990 2312 6678 5384 1294 449 279 1084 562 469 430 522 213 70 170 89 825 81 60 752 479 398 335 93 64 309 171 1487 76 90
internal_count=8990 2312 6678 5384 1294 449 279 1084 562 469 430 522 213 70 170 89 825 81 60 752 479 398 335 93 64 309 171 1487 76 90
is_linear=0
shrinkage=0.05


Tree=46
num_leaves=31
num_cat=0
split_feature=369 315 244 331 275 370 301 297 308 249 286 352 326 62 210 341 250 19 229 50 344 268 34 348 73 30 301 208 59 46
split_gain=0.000432505 0.000785945 0.000939704 0.00070834 0.000919112 0.000917927 0.000500054 0.00112284 0.000967982 0.000889394 0.00150611 0.00137011 0.000990519 0.000871397 0.00105291 0.00120668 0.000695677 0.00124626 0.00183154 0.000811676 0.000654152 0.00103719 0.00107726 0.00130842 0.000957045 0.00102372 0.00137509 0.000752233 0.000725162 0.000631197
threshold=-0.86475595563538576 -0.040639692176808316 -0.59897337211053137 0.016466764448761276 -0.72767849491220626 -0.007686024523910511 -0.003085235235574912 7.6786091368491474e-05 -0.021279807209399145 0.73273266968820094 -0.00033068783068780069 -0.022930790143915854 0.021625834579699469 0.67261904761904756 -0.34390373495067933 0.0099206349206349496 0.94229561328942957 1.0016095670595402 -1.1246801490759306 -1.7616943633629047 -0.0042489989832801825 1.7217644153581833 0.89715608465608454 0.1240245145170293 -0.27558098468965847 0.48691110186066006 -0.0013803920910299692 -2.2867637806140864 0.11730629983064102 0.16542658730158846
decision_type=8 10 10 10 10 10 10 10 10 10 10 10 10 2 10 10 8 2 10 2 10 10 2 10 2 2 10 10 2 2
left_child=1 -1 -3 4 -4 -6 7 8 29 -9 12 -12 -11 14 15 -10 20 -18 19 -19 21 28 23 -23 25 27 -27 -22 -8 -2
right_child=6 2 3 -5 5 -7 16 9 13 10 11 -13 -14 -15 -16 -17 17 18 -20 -21 24 22 -24 -25 -26 26 -28 -29 -30 -31
leaf_value=7.5098023662810784e-05 0.00011467493152873302 0 0 0 0 -0.00036551517167969391 1.4755549812167792e-05 0 -0.00025589831198278179 0.00041694795736597494 0.00021278231427417101 0 0 1.453044064665521e-05 0 0 -1.3617280817200407e-05 0 0 -0.00045553354638204317 -7.9073390404369294e-05 -0.00032944900378380432 0 0 0 0 0.00030885721763508601 4.8465557083640263e-05 -6.7780536858603408e-05 -3.3128219011475235e-06
leaf_weight=62 201 132 64 43 20 85 945 344 140 67 93 241 37 207 204 35 1194 22 82 54 110 86 69 22 3007 78 90 808 354 94
leaf_count=62 201 132 64 43 20 85 945 344 140 67 93 241 37 207 204 35 1194 22 82 54 110 86 69 22 3007 78 90 808 354 94
internal_value=0 -5.06576e-05 -8.78687e-05 -0.00015363 -0.00020019 -0.000293842 2.13515e-06 2.70957e-05 -6.58129e-06 7.14253e-05 0.000119091 4.86251e-05 0.0002971 -4.87087e-05 -9.64321e-05 -0.000187526 -3.14034e-06 -3.57087e-05 -0.000170913 -0.000347644 3.86906e-06 -2.33892e-05 -0.000138166 -0.000237041 1.49207e-05 5.51538e-05 0.000175155 2.77301e-05 -3.89163e-06 6.0147e-05
internal_weight=8990 406 344 212 169 105 8584 1663 881 782 438 334 104 586 379 175 6921 1352 158 76 5569 1476 177 108 4093 1086 168 918 1299 295
internal_count=8990 406 344 212 169 105 8584 1663 881 782 438 334 104 586 379 175 6921 1352 158 76 5569 1476 177 108 4093 1086 168 918 1299 295
is_linear=0
shrinkage=0.05


Tree=47
num_leaves=31
num_cat=0
split_feature=385 361 276 366 229 245 359 199 228 35 15 73 292 356 203 49 258 62 329 36 337 375 338 301 274 32 222 242 91 298
split_gain=0.000412704 0.000877418 0.00104187 0.000761488 0.0010129 0.000970903 0.00065592 0.00109669 0.000915446 0.000642123 0.000622902 0.000542651 0.000851425 0.00115238 0.000984272 0.00114977 0.000756077 0.000635597 0.000833484 0.00134714 0.000893975 0.000509515 0.000590824 0.00108767 0.000639415 0.000484946 0.00068587 0.000452465 0.000447378 0.000546623
threshold=-1.7233832620203959 0.20459990607512099 -0.65523386848673471 -0.32420847397027147 -0.24527290786112885 -1.4632423595236086 -0.043678008388884908 -0.63337436608480779 -0.63662853819767007 0.92642195767195801 0.64765211640211617 -1.9090376702397247 -0.00033068783068779993 0.069978995897475596 1.2772397983804014 -0.099631041368659884 0.12877418604053428 0.069609788359788358 -0.016439187396466892 0.31134259259259306 -0.11676177102719175 -0.34504429254430979 0.0016534391534389766 0.008367863487883544 0.5945294000118887 0.42013888888888906 -1.6124900945759029 0.38268118207151741 -0.85050941586847995 0.0010388197540149859
decision_type=10 10 10 8 10 10 10 10 10 2 2 2 10 10 10 2 10 2 10 2 10 10 10 10 10 2 10 10 2 10
left_child=1 3 10 4 5 -1 7 8 -2 -10 -3 12 13 14 15 -8 -14 18 -13 -20 -21 25 24 -24 -23 26 -19 28 -5 -30
right_child=6 2 -4 27 -6 -7 11 -9 9 -11 -12 17 16 -15 -16 -17 -18 21 19 20 -22 22 23 -25 -26 -27 -28 -29 29 -31
leaf_value=0.00042327641262133444 0 -0.00038581121488687225 0 0 0 0 0 0 0.00033132814430572349 0 0 0 6.9118417636999078e-05 0 0 0.00039343078619646742 -0.00020925621210337336 0 0 0 -0.00034134552910570506 -4.4108040085165176e-06 -4.4570386227886636e-05 0.00011126558970450868 3.6304556610672047e-05 0 0.00015262355954424992 0 -0.00019656485632034632 0
leaf_weight=34 72 49 132 67 101 61 33 296 76 34 24 220 32 34 23 75 40 42 115 20 80 3806 1424 106 1237 272 178 164 113 30
leaf_count=34 72 49 132 67 101 61 33 296 76 34 24 220 32 34 23 75 40 42 115 20 80 3806 1424 106 1237 272 178 164 113 30
internal_value=0 -3.5066e-05 -0.000123863 0 7.65777e-05 0.000196772 3.09472e-06 5.99533e-05 0.000156503 0.000247583 -0.000280494 0 7.40182e-05 0.000143684 0.000219031 0.000284508 -1.62618e-05 -2.77195e-06 -6.15155e-05 -0.000131688 -0.000266289 1.38068e-07 -2.82104e-06 -3.04996e-05 4.58536e-06 4.98242e-05 0.000105159 -4.48873e-05 -9.47183e-05 -0.000144872
internal_weight=8990 775 205 570 196 95 8215 478 182 110 73 7737 237 165 131 108 72 7500 435 215 100 7065 6573 1530 5043 492 220 374 210 143
internal_count=8990 775 205 570 196 95 8215 478 182 110 73 7737 237 165 131 108 72 7500 435 215 100 7065 6573 1530 5043 492 220 374 210 143
is_linear=0
shrinkage=0.05


Tree=48
num_leaves=31
num_cat=0
split_feature=237 350 237 39 341 301 62 246 291 60 309 321 48 275 209 72 291 227 32 89 341 77 33 237 19 263 319 320 73 310
split_gain=0.000412856 0.000904916 0.00079243 0.000875862 0.000796638 0.00073718 0.00104302 0.00152258 0.00106074 0.000974401 0.000776391 0.000835286 0.00106221 0.000745593 0.000735865 0.0010409 0.00138692 0.00127189 0.000967794 0.000842227 0.00118817 0.00150133 0.000723547 0.000718967 0.000749556 0.000634514 0.00063271 0.000592639 0.000613487 0.000553959
threshold=-0.55484624022628715 0.30898207326834098 -0.87192928142605608 -1.3462659784663547 0.0013227513227511841 -0.0029513830433449679 0.66550925925925919 -0.8025614059467826 -0.035729481991069172 0.71312830687830708 0.033185669464109911 0.020604509486583215 1.1227037602913053 -0.7671874500848731 -1.555773214168864 0.14592943784095153 -0.16823611831061933 -0.8779202859283245 0.81431878306878314 -0.93322662681024482 -0.0028108465608459028 0.82357804232804221 -0.45800587517483604 -0.33773344466834415 0.2658842268378756 1.5775655717654271 0.0031918753788958147 0.013155487513294541 -0.51866635310128995 -0.00058609316001045897
decision_type=10 10 8 2 10 10 2 10 10 2 10 10 2 10 10 2 10 10 2 2 10 2 2 10 2 10 10 10 2 10
left_child=2 5 27 4 -4 6 10 8 9 -8 11 12 -2 -13 15 16 18 -18 -7 20 26 -22 -3 24 -21 -25 -16 28 -1 -5
right_child=1 22 3 29 -6 14 7 -9 -10 -11 -12 13 -14 -15 19 -17 17 -19 -20 23 21 -23 -24 25 -26 -27 -28 -29 -30 -31
leaf_value=8.8771368116883216e-05 0 -0.0001729003771770119 -0.0002833888145442268 2.3748588516279204e-05 0 0.00027709289876618734 0.0003885952060350177 0 0 0 -0.00019327742463629807 0 0.00013036810035847696 -0.00016884207276531295 -0.0001646791037625114 2.2576150992273665e-05 0 -0.00017305536895802524 0 2.0784985923392189e-05 0.00030734403068439473 0 0 3.870426470425484e-06 0.00024751317424979573 -7.3736719318205789e-05 0.00010008759590166865 -7.6834526274971901e-05 0 -5.5172875819756372e-05
leaf_weight=250 386 119 80 260 84 40 93 216 74 29 41 66 264 90 46 309 174 326 21 295 98 44 191 3313 59 283 33 179 959 568
leaf_count=250 386 119 80 260 84 40 93 216 74 29 41 66 264 90 46 309 174 326 21 295 98 44 191 3313 59 283 33 179 959 568
internal_value=0 6.24372e-06 -1.80385e-05 -5.25783e-05 -0.000164511 1.10439e-05 4.54474e-05 0.000111946 0.000213884 0.000308528 7.18911e-06 2.3612e-05 5.31007e-05 -6.71825e-05 1.45895e-06 -3.91521e-05 -8.20612e-05 -0.000114761 0.000103886 1.11292e-05 0.000107241 0.000196973 -7.51559e-05 4.48341e-06 7.27525e-05 -8.48629e-07 0 3.04702e-06 1.90147e-05 -2.4353e-05
internal_weight=8990 6610 2380 992 164 6300 1259 412 196 122 847 806 650 156 5041 870 561 500 61 4171 221 142 310 3950 354 3596 79 1388 1209 828
internal_count=8990 6610 2380 992 164 6300 1259 412 196 122 847 806 650 156 5041 870 561 500 61 4171 221 142 310 3950 354 3596 79 1388 1209 828
is_linear=0
shrinkage=0.05


Tree=49
num_leaves=31
num_cat=0
split_feature=50 384 65 201 93 347 315 369 244 54 49 27 318 221 278 334 352 279 241 385 269 253 334 89 279 238 230 352 65 318
split_gain=0.000416122 0.000846962 0.000870148 0.000758784 0.000908472 0.000573687 0.000560911 0.000751806 0.000865419 0.000667734 0.000638571 0.000796487 0.000697453 0.000553884 0.000549008 0.000531064 0.000525887 0.000742266 0.000515186 0.00135666 0.00140059 0.00110756 0.000871663 0.00164567 0.000753346 0.000738859 0.000735158 0.000932163 0.000824377 0.000630109
threshold=1.1240699184160701 0.01138339139812407 0.12502833881796813 0.40679458020773424 0.43825948411120658 0.015156422890182293 -0.037898855630954763 -0.86475595563538576 -0.59897337211053137 0.13822751322751362 0.56800702417726068 -1.2348251487241597 0.74950902661041974 1.9460323843249971 1.721764415358882 0.02374333573141545 0.093581832854868444 0.014452375930736399 0.75617667604501959 2.0649333588632839 0.36097357742604247 1.5570284529349372 -0.0031104228845892363 -0.9195066299133059 -0.83314130662483454 -0.55894775423237886 1.9857213693439959 0.0041383294515041644 0.49085883940570502 -0.034451598480419059
decision_type=2 10 2 10 2 10 8 8 10 2 2 2 10 10 10 10 10 10 8 8 10 8 10 2 10 10 10 10 2 10
left_child=6 5 3 4 -3 -2 10 8 -8 -10 14 -12 16 -6 -1 -11 17 -13 19 26 24 25 -23 -24 -21 29 28 -28 -9 -20
right_child=1 2 -4 -5 13 -7 7 18 9 15 11 12 -14 -15 -16 -17 -18 -19 21 20 -22 22 23 -25 -26 -27 27 -29 -30 -31
leaf_value=2.0350024526608792e-05 3.2043188321463273e-05 0 0 0 -0.00035218426403183238 -9.7482369895866554e-05 0 4.2698204989564448e-06 0 -0.00025477184626635489 0 3.655295774510768e-05 0 0 -0.00013941970746013074 0 0 0.00031918063612601435 9.3686198430917636e-05 0 0 0 -0.00055254705920751467 -7.6415466185198185e-05 0.00029408051502735302 -2.464190802869749e-05 0 0.00027595017824591159 -9.3290256005229056e-05 -8.829979240395051e-05
leaf_weight=1229 387 32 72 60 87 109 123 4156 55 109 79 94 21 20 51 25 20 95 297 20 92 104 29 178 106 968 60 55 228 29
leaf_count=1229 387 32 72 60 87 109 123 4156 55 109 79 94 21 20 51 25 20 95 297 20 92 104 29 178 106 968 60 55 228 29
internal_value=0 -3.53339e-05 -0.000106504 -0.000162392 -0.000226679 0 3.16919e-06 -2.53436e-06 -7.84542e-05 -0.000146969 3.01263e-05 9.70102e-05 0.000145931 -0.000296551 1.00679e-05 -0.000207141 0.00017825 0.000205149 4.22707e-07 9.51298e-06 0.000131841 -2.31769e-05 -0.000108036 -0.000167497 0.000240481 0 2.47141e-06 0.000127305 0 6.21424e-05
internal_weight=8990 767 271 199 139 496 8223 6634 312 189 1589 309 230 107 1280 134 209 189 6322 4717 218 1605 311 207 126 1294 4499 115 4384 326
internal_count=8990 767 271 199 139 496 8223 6634 312 189 1589 309 230 107 1280 134 209 189 6322 4717 218 1605 311 207 126 1294 4499 115 4384 326
is_linear=0
shrinkage=0.05


Tree=50
num_leaves=31
num_cat=0
split_feature=211 359 204 252 220 380 373 257 79 85 350 339 351 50 90 344 379 93 264 65 257 13 379 277 64 18 265 326 289 79
split_gain=0.000409937 0.0007688 0.000865764 0.0010431 0.00100432 0.00102387 0.000837336 0.000898299 0.00101774 0.000860517 0.00081176 0.000964023 0.000938782 0.000597279 0.000816049 0.00113641 0.000831749 0.000518452 0.000456164 0.00109147 0.00141527 0.00110505 0.00135194 0.000777455 0.00115737 0.00108803 0.00111653 0.000762346 0.000950174 0.000925516
threshold=-0.82642608117316907 -0.007519807043599557 -1.9184025593767957 -0.043176662787241284 1.539397075498617 0.13319980211993476 -0.0026455026455026016 -0.55659578053839287 -0.71499862348536736 0.17710035548593003 0.12822970038339157 -0.0016992357529597311 0.26573791702484639 1.1240699184160701 0.28802910052910052 0.011314601592235881 0.56719601330674219 0.80691105361468063 1.1688056133231148 0.39558273369528157 -0.36547337041418104 0.0021494708994708508 0.27811720435484549 -0.10584964024861838 -0.69200389932581741 -0.20927309795464896 1.2966800620009244 -0.02510812813523677 -0.063763927644156823 -0.77613688903966493
decision_type=8 10 10 10 10 10 10 10 2 2 10 10 10 2 2 10 10 2 10 2 10 2 10 10 2 2 10 10 10 2
left_child=1 2 -1 4 5 -4 7 8 -3 -8 11 -11 -13 18 17 16 -16 -15 19 -2 21 -21 -23 27 25 26 -25 -20 -29 -30
right_child=13 6 3 -5 -6 -7 9 -9 -10 10 -12 12 -14 14 15 -17 -18 -19 23 20 -22 22 -24 24 -26 -27 -28 28 29 -31
leaf_value=-3.7816625117317521e-05 -4.1325406125896272e-08 -0.00042711869886730836 0.00037742821742423158 1.5786058065649603e-05 0 3.4467229175448476e-05 0 0 -2.9555235454353433e-05 0 -1.0085828538943787e-05 0.00031453482113005967 0 -3.1064693374399718e-05 0 -0.00031909901945382819 -0.0002590763320416688 0.0001441015545658771 5.9858204374250191e-05 0 0 -0.00039251919011398253 0 0.00039779975007939172 0 0 0 -0.0001647101241068255 0.00019690235431897202 -5.7303567651031781e-05
leaf_weight=91 5310 34 86 281 39 79 680 244 101 100 45 96 24 308 126 64 32 48 240 25 196 82 33 71 181 57 28 126 50 113
leaf_count=91 5310 34 86 281 39 79 680 244 101 100 45 96 24 308 126 64 32 48 240 25 196 82 33 71 181 57 28 126 50 113
internal_value=0 2.04521e-05 6.86719e-05 9.89631e-05 0.000188974 0.000243628 0 -6.33014e-05 -0.000166934 2.465e-05 0.000101396 0.000146911 0.000244173 -5.69622e-06 -5.45615e-05 -0.000130132 -2.1809e-05 0 -5.90405e-07 -6.51894e-06 -9.39814e-05 -0.000215508 -0.000283784 3.22847e-05 9.18897e-05 0.000191755 0.000292176 0 -6.0139e-05 0
internal_weight=8990 1900 576 485 204 165 1324 379 135 945 265 220 120 7090 578 222 158 356 6512 5646 336 140 115 866 337 156 99 529 289 163
internal_count=8990 1900 576 485 204 165 1324 379 135 945 265 220 120 7090 578 222 158 356 6512 5646 336 140 115 866 337 156 99 529 289 163
is_linear=0
shrinkage=0.05


Tree=51
num_leaves=31
num_cat=0
split_feature=348 76 277 369 282 224 19 244 383 54 227 319 244 65 200 314 215 50 63 293 279 25 237 314 252 93 64 374 312 203
split_gain=0.000405157 0.00101367 0.00085126 0.000458286 0.00106484 0.000959022 0.000854934 0.000832134 0.000800378 0.000793464 0.000696475 0.000749461 0.000625235 0.000609721 0.0010359 0.0014682 0.00168248 0.000809458 0.000940785 0.000939184 0.000938987 0.000638215 0.000611038 0.000799698 0.000578595 0.000664314 0.000577925 0.000554671 0.000540943 0.000484322
threshold=0.3428917994410276 0.3703546543081831 0.78215558610907654 -0.20329945532254748 -0.0011494316361999044 0.64505990508508237 0.67831811152303811 1.0000000180025095e-35 -0.16835149939358476 0.14533730158730154 1.159198324774384 -0.0066464443091669425 0.92473854282363022 0.49085883940570502 -1.0881888243266096 0.0029655990552126953 -0.026511321319599285 -0.87547598142693583 0.28224206349206354 -0.091160778396969885 1.0292824189187473 0.028604497354497351 2.2523819539344552 -0.010281246096150774 0.70695280378507497 1.4323112422891802 -0.84437983241950632 -0.40546510810816389 -0.0070923174959787163 -0.23846751627503207
decision_type=10 2 10 8 10 10 2 10 8 2 10 10 10 2 8 10 10 2 2 10 10 2 10 10 10 2 2 8 10 10
left_child=3 -2 -3 4 5 6 12 -8 10 -9 11 -5 26 17 29 21 -17 18 20 -20 -10 -16 27 -24 25 -13 -1 -19 -6 -15
right_child=1 2 -4 8 28 -7 7 9 13 -11 -12 24 -14 14 15 16 -18 22 19 -21 -22 -23 23 -25 -26 -27 -28 -29 -30 -31
leaf_value=0 0 0.00031357916042856196 0 0 7.726083161776375e-05 0 0 0 6.2179201761580115e-05 -0.00036336495021124749 -7.8150699934512854e-06 0.00022608713245380848 2.3991495837326446e-05 0.00027191216072337024 0.00011156028355352947 -1.0283685465639153e-05 -0.00032102240524787201 -9.223434238112383e-05 0 0.00016645924194842677 -0.00015877605040366826 -8.6228495687561257e-05 -2.1404298388195514e-05 0.00015003867879464052 0 0 -0.00011814313608603504 -2.9329298489005165e-06 -1.2139946642486503e-05 0
leaf_weight=52 370 57 23 106 284 567 41 26 84 83 104 171 109 26 91 134 109 189 158 240 82 62 47 146 44 22 288 5017 238 20
leaf_count=52 370 57 23 106 284 567 41 26 84 83 104 171 109 26 91 134 109 189 158 240 82 62 47 146 44 22 288 5017 238 20
internal_value=0 4.60004e-05 0.000208634 -2.66084e-06 -2.6279e-05 -5.43872e-05 -9.87896e-05 -0.00021453 2.42813e-06 -0.000287031 6.73838e-05 0.000104753 -4.89511e-05 -1.32543e-06 -5.84421e-05 -9.23864e-05 -0.000170311 2.07069e-06 5.9549e-05 0.000103988 -1.68949e-05 0 -3.00861e-06 8.24055e-05 0.000154212 0.000191549 -8.70374e-05 -7.13707e-06 2.69283e-05 0.00012488
internal_weight=8990 450 80 8540 1688 1166 599 150 6852 109 447 343 449 6405 442 396 243 5963 564 398 166 153 5399 193 237 193 340 5206 522 46
internal_count=8990 450 80 8540 1688 1166 599 150 6852 109 447 343 449 6405 442 396 243 5963 564 398 166 153 5399 193 237 193 340 5206 522 46
is_linear=0
shrinkage=0.05


Tree=52
num_leaves=31
num_cat=0
split_feature=385 277 328 366 91 337 359 199 228 335 241 245 35 239 50 265 331 327 91 348 291 12 386 66 241 285 218 315 387 315
split_gain=0.000385158 0.000884132 0.00074822 0.000931604 0.000687542 0.000679795 0.000581371 0.000960926 0.000799234 0.000570002 0.000549305 0.00054636 0.000539864 0.000533616 0.000481387 0.00092291 0.00108523 0.00106905 0.000706923 0.00218361 0.0029498 0.00182781 0.00175387 0.00141255 0.00254188 0.000657836 0.000456459 0.000443417 0.0006619 0.000556865
threshold=-1.7233832620203959 -0.71122083167899153 0.027611411606986883 -0.40609690296621154 -0.42050990539728078 0.01476122824891059 -0.043678008388884908 -0.63337436608480779 -0.63662853819767007 0.034764747787310098 0.17508815951615878 0.62215575643058962 0.92642195767195801 -0.9471008692265116 1.5741382479881052 0.16299511627349866 0.011247631885261041 -0.16337449920783501 1.1468309827518051 0.004641706379213695 -0.058891517828195898 0.0021494708994708503 -0.011177705542460696 1.4633202758419253 0.13507822224741609 0.00051255770762204122 1.8145422813367476 -0.030784467216459301 -0.41626095036647498 -0.061216268788456867
decision_type=10 10 10 10 2 10 10 10 10 8 10 10 2 10 2 10 10 10 2 10 10 2 10 2 10 10 10 10 10 10
left_child=1 5 3 11 -4 9 7 8 -2 10 -1 -3 26 -9 18 16 17 -16 27 20 21 -20 -22 24 -21 -19 -10 29 -29 -8
right_child=6 2 4 -5 -6 -7 14 13 12 -11 -12 -13 -14 -15 15 -17 -18 25 19 23 22 -23 -24 -25 -26 -27 -28 28 -30 -31
leaf_value=0 0 0.00020631479115171348 0 -5.5970586879471716e-06 -0.00024490084446174764 -0.00028207765045868777 -1.4746083784798134e-05 -0.000151575555063575 0.00038726863814658968 5.6818277916262503e-05 -0.00022511408163038285 0 0 3.0376897622072047e-05 0 0 0 -0.00039565758854573244 7.8775655052179393e-06 0.00037062039585617423 -8.1267928497176436e-05 -0.00029267474984109279 0.00017824186266502886 0 2.3306913966573295e-05 0 0 -0.00010621214530138292 -5.4026322407164787e-06 4.5896930956642195e-05
leaf_weight=94 72 96 32 287 53 57 480 48 56 51 57 48 34 248 21 181 39 67 34 122 79 128 160 122 154 24 20 178 5030 918
leaf_count=94 72 96 32 287 53 57 480 48 56 51 57 48 34 248 21 181 39 67 34 122 79 128 160 122 154 24 20 178 5030 918
internal_value=0 -3.39584e-05 0 3.06376e-05 -0.000131246 -0.000109456 2.89967e-06 5.64312e-05 0.00014681 -3.58896e-05 -0.000100309 0.000137507 0.000231939 0 0 -5.92687e-05 -0.000151626 -0.000234928 2.2315e-06 4.70007e-05 -2.52176e-05 -0.000198785 7.15526e-05 0.000132311 0.000195018 -0.000311851 0.000309137 -2.42712e-06 -9.81013e-06 2.14994e-05
internal_weight=8990 775 516 431 85 259 8215 478 182 202 151 144 110 296 7737 332 151 112 7405 799 401 162 239 398 276 91 76 6606 5208 1398
internal_count=8990 775 516 431 85 259 8215 478 182 202 151 144 110 296 7737 332 151 112 7405 799 401 162 239 398 276 91 76 6606 5208 1398
is_linear=0
shrinkage=0.05


Tree=53
num_leaves=31
num_cat=0
split_feature=330 216 80 333 262 71 207 90 200 43 360 36 316 260 19 219 71 207 370 86 385 370 306 313 62 9 63 299 208 85
split_gain=0.000381323 0.000794824 0.000767329 0.000577094 0.000525301 0.000741921 0.0013657 0.00122413 0.000581054 0.000579745 0.00095398 0.000780337 0.000536373 0.000475205 0.00103224 0.001091 0.00123239 0.00130537 0.000714246 0.0011126 0.000625496 0.000774685 0.000749501 0.000704886 0.000940296 0.000552812 0.000446253 0.00043572 0.000399108 0.000386018
threshold=0.11135189527993108 -0.39660020476829211 0.64930555555555547 -0.0089285714285710343 -0.82683168209461166 0.68287037037037057 0.049879102436249746 0.17294973544973555 1.1668792419041114 -0.81776697109885144 -0.0053930961097531363 0.51620370370370405 -0.11798994561262342 -0.23178387555704261 0.0098503396193730507 -0.75933895770434312 0.83432539682539708 -0.76972565429971718 0.60030729330271104 0.63921957671957708 2.0649333588632839 0.12979962334798853 0.00033400134842558141 -0.0097492344485262655 0.31200396825396809 0.65835781851692354 0.66683201058201103 -0.30432176597610494 -1.2729217027421582 -0.72610080641246044
decision_type=10 10 2 10 8 2 10 2 10 2 10 2 10 10 2 10 2 10 10 2 8 10 10 8 2 2 2 8 8 2
left_child=4 2 3 -2 5 9 -7 -8 -9 10 11 12 -1 14 27 -16 17 -17 20 -20 21 25 -23 -22 -25 -15 29 -6 -29 -11
right_child=1 -3 -4 -5 13 6 7 8 -10 26 -12 -13 -14 18 15 16 -18 -19 19 -21 23 22 -24 24 -26 -27 -28 28 -30 -31
leaf_value=0 0 0 0 -0.00044249677867411039 -6.2012216617163743e-05 0 0 0.00043314642878308383 0 0 0 0 -0.0005237485525536943 9.2906338698016012e-05 1.4408057398834592e-05 4.1401855912527301e-05 2.9687618627173499e-06 -0.00021789482373666273 0.00035964914173832027 0 0 -0.0001259793825955089 0 0 0.00020996163604310506 0 0 0.00012846000017032266 0 0.00013517120190674101
leaf_weight=21 21 132 32 32 259 76 45 59 20 49 104 31 23 168 102 22 59 267 36 32 95 236 236 74 129 5111 128 66 1168 157
leaf_count=21 21 132 32 32 259 76 45 59 20 49 104 31 23 168 102 22 59 267 36 32 95 236 236 74 129 5111 128 66 1168 157
internal_value=0 -6.57022e-05 -0.000185371 -0.000301988 1.35614e-06 4.28012e-05 0.000125684 0.000230179 0.000349018 7.25182e-07 -6.07002e-05 -0.000201355 -0.000336572 -1.6903e-06 -2.36693e-05 -9.02871e-05 -0.000135333 -0.000180853 4.474e-06 0.000166503 1.82326e-06 -9.84433e-07 -6.29929e-05 7.2763e-05 0.000128248 3.61376e-06 4.86187e-05 -2.36864e-07 8.68139e-06 9.61503e-05
internal_weight=8990 217 85 53 8773 713 200 124 79 513 179 75 44 8060 1943 450 348 289 6117 68 6049 5751 472 298 203 5279 334 1493 1234 206
internal_count=8990 217 85 53 8773 713 200 124 79 513 179 75 44 8060 1943 450 348 289 6117 68 6049 5751 472 298 203 5279 334 1493 1234 206
is_linear=0
shrinkage=0.05


Tree=54
num_leaves=31
num_cat=0
split_feature=237 350 339 252 255 237 39 273 348 346 301 85 21 349 207 370 363 370 91 33 207 365 15 265 320 368 299 349 243 219
split_gain=0.000374943 0.000793309 0.000718488 0.000813136 0.000882258 0.00070975 0.000803894 0.000687137 0.000873952 0.000631361 0.000736778 0.000729635 0.000939491 0.000660065 0.000983297 0.000983768 0.000650997 0.000949994 0.000835512 0.000628915 0.000541296 0.000637853 0.000755968 0.000533418 0.000502552 0.000640961 0.000595157 0.000655709 0.00045411 0.000456421
threshold=-0.55484624022628715 0.30898207326834098 -0.28768207245179361 -0.41849801718370883 -0.47360914084038935 -0.87192928142605608 -1.3462659784663547 0.78318851182587457 0.034092730404534401 0.090442614644508396 -0.0029513830433449679 -0.11262971418059099 1.84180185852581 -0.0013363442713429233 0.47683480286466812 2.8351485826999537e-05 -0.65440226506675969 0.34019261823608543 1.9448613012354177 -0.45800587517483604 -0.72677702415596812 -0.30803571428571397 0.90451388888888817 -0.47945640730362155 0.013155487513294541 0.76937403279254146 0.25854472815512608 -0.01619891478468127 -1.5592250363973161 1.0675686861004532
decision_type=10 10 10 10 10 8 2 10 10 10 10 2 2 10 10 10 10 10 2 2 10 10 2 10 10 10 10 10 8 10
left_child=5 2 3 4 -2 24 7 8 23 10 11 -4 -13 14 -11 -16 18 -18 -12 20 -3 -22 -23 -7 26 -26 -1 -28 -8 -30
right_child=1 19 9 -5 -6 6 28 -9 -10 13 16 12 -14 -15 15 -17 17 -19 -20 -21 21 22 -24 -25 25 -27 27 -29 29 -31
leaf_value=0 0.00033635137417767976 0 0 0 0 0 4.7590019870104595e-05 0 0 0 -1.6770521547136964e-05 0.00013761802651953567 0 0 0 -0.00047695572000499436 1.8859500099825674e-06 0.00015961214508910442 -0.00031861401771746925 0 0 -0.00043411860574311153 0 -0.00040341161238534209 -0.00013618135486850028 1.3653452764278139e-05 0.00019819183115963435 0 -6.5466734367813467e-05 1.1828948452979326e-05
leaf_weight=996 57 28 570 112 22 35 128 42 30 70 241 352 196 108 21 34 4383 100 34 191 25 42 24 57 134 45 89 124 557 143
leaf_count=996 57 28 570 112 22 35 128 42 30 70 241 352 196 108 21 34 4383 100 34 191 25 42 24 57 134 45 89 124 557 143
internal_value=0 5.95614e-06 1.04935e-05 0.000107815 0.000231911 -1.71845e-05 -4.98763e-05 -0.00015722 -0.000217462 6.63055e-06 1.05781e-05 4.72432e-05 8.87752e-05 -7.14341e-05 -0.000150662 -0.000310081 9.11156e-07 6.52305e-06 -7.23668e-05 -7.01048e-05 -0.000161238 -0.000221004 -0.000302391 -0.000293967 2.58014e-06 -7.06094e-05 1.75566e-05 9.34398e-05 -2.25607e-05 -4.25351e-05
internal_weight=8990 6610 6300 191 79 2380 992 164 122 6109 5876 1118 548 233 125 55 4758 4483 275 310 119 91 66 92 1388 179 1209 213 828 700
internal_count=8990 6610 6300 191 79 2380 992 164 122 6109 5876 1118 548 233 125 55 4758 4483 275 310 119 91 66 92 1388 179 1209 213 828 700
is_linear=0
shrinkage=0.05


Tree=55
num_leaves=31
num_cat=0
split_feature=66 331 201 354 385 46 239 250 383 44 349 43 299 369 376 370 65 19 53 62 299 281 261 354 366 19 318 350 228 21
split_gain=0.00036844 0.000833804 0.00100802 0.000689964 0.000541266 0.000973249 0.000925602 0.00075572 0.000717666 0.000839319 0.000650908 0.000775994 0.000982133 0.000603125 0.000462042 0.00063249 0.000808248 0.000665178 0.000642199 0.000573085 0.000939784 0.000707047 0.000777925 0.000498224 0.000460212 0.00113574 0.00116503 0.00181863 0.000775988 0.000754734
threshold=-2.0872935010053846 -0.03085820837476216 -0.30804914543143019 0.0095056128819214231 -1.7233832620203959 0.13144841269841304 -1.0214767587869324 -0.25946472105140411 0.30553972347468461 0.57225529100529104 -0.18291164476938757 -0.69766407523028795 0.7068344872323814 0.083414344596763529 -0.083369517326877807 -0.0064976643082760291 -0.29960567685632244 -0.22907290054696647 0.68222166581386057 0.27033730158730207 0.081932564661039167 1.8568149633176232 -0.9372850520674636 0.095912681214877185 -0.68390705796560136 0.55277043742351162 -0.15854231639872243 0.02615381666182293 0.21053778203097043 -2.2760007166070744
decision_type=2 10 10 10 8 2 10 10 10 2 10 2 10 10 8 10 2 2 2 2 10 10 10 10 8 2 10 10 10 2
left_child=1 -1 3 -3 5 6 -2 8 9 -7 -8 12 -12 -9 15 16 17 -6 -19 20 23 -21 -23 -17 25 28 -27 -28 -16 -26
right_child=4 2 -4 -5 14 7 10 13 -10 -11 11 -13 -14 -15 24 19 -18 18 -20 21 -22 22 -24 -25 29 26 27 -29 -30 -31
leaf_value=-4.6112211971602714e-05 0 0 0 0.00053521465325535118 3.7259264392726562e-06 0.00027526944937680164 0 -0.00016084079323465392 0 0 -0.00036260663413472511 0 0 0 -3.8351359047258931e-05 0.00021546900380310072 0 0.00029302112800111673 0 0 0 -0.00044111295514021861 0 0 0.00010645964086293181 0 -0.00028384508998492074 0 4.5084505802623673e-05 0
leaf_weight=22 67 22 39 25 108 65 24 91 87 45 92 29 24 183 692 104 154 93 21 641 150 20 21 25 171 78 142 83 454 5218
leaf_count=22 67 22 39 25 108 65 24 91 87 45 92 29 24 183 692 104 154 93 21 641 150 20 21 25 171 78 142 83 454 5218
internal_value=0 9.1626e-05 0.000184946 0.000340635 -1.23588e-06 -4.35311e-05 -0.000126415 0 7.26528e-05 0.000160453 -0.000189728 -0.000230577 -0.000288366 -5.56518e-05 1.81082e-06 2.90561e-05 8.48248e-05 0.000145884 0.000236617 2.02718e-06 6.66015e-05 -1.70652e-05 -0.000218726 0.000166698 -2.78546e-06 -2.81859e-05 -0.000114728 -0.000175107 -9.33689e-07 3.11683e-06
internal_weight=8990 108 86 47 8882 707 236 471 197 110 169 145 116 274 8175 1337 376 222 114 961 279 682 41 129 6838 1449 303 225 1146 5389
internal_count=8990 108 86 47 8882 707 236 471 197 110 169 145 116 274 8175 1337 376 222 114 961 279 682 41 129 6838 1449 303 225 1146 5389
is_linear=0
shrinkage=0.05


Tree=56
num_leaves=31
num_cat=0
split_feature=286 206 84 320 264 235 51 32 265 382 279 313 323 279 322 247 197 91 39 383 235 218 91 243 205 383 297 63 254 39
split_gain=0.000364891 0.000797902 0.00083186 0.0017805 0.00111073 0.00138474 0.000782725 0.000621959 0.000704724 0.000599238 0.000891715 0.000624798 0.000608406 0.000867167 0.00113615 0.00167089 0.000645793 0.000809125 0.000594028 0.000582604 0.000548706 0.000527687 0.000482437 0.000907228 0.00116243 0.00144519 0.0012848 0.0012752 0.00110613 0.000663652
threshold=-0.00033068783068780069 -1.670362603687259 0.30241402116402105 -0.0031802401955056676 1.9715018394168806 0.87596447175709058 -2.4007656469872196 0.26099537037037007 -0.033213220855388026 -1.6198370307757435 0.65883442321816643 -0.011874784777025039 -1.2400893474541255 1.2189996539064341 -0.014111929331498378 -0.59540977564244113 -2.1640000720374881 1.2446745183894501 0.40036392344822752 -0.17397275520053232 -1.9646902505979351 -0.18445232321645091 1.1468309827518051 1.8357211797601451 -0.24589274948581172 0.34112427790970345 5.4229061146993114e-05 0.85532407407407407 -1.3289359872275519 -1.3462659784663547
decision_type=10 10 2 10 10 10 2 2 10 8 10 10 8 10 10 10 8 2 2 10 10 10 2 10 10 10 10 2 10 2
left_child=6 2 7 -4 5 -5 -1 8 21 10 -8 -12 18 16 20 -16 17 -14 -11 -13 -15 -2 29 24 25 27 -26 -24 -28 -3
right_child=1 22 3 4 -6 -7 9 -9 -10 12 11 19 13 14 15 -17 -18 -19 -20 -21 -22 -23 23 -25 26 -27 28 -29 -30 -31
leaf_value=0.00033449194861668051 0 -5.2126749520623872e-05 3.3803227273804107e-05 -0.00047876920866062544 0 0 0 6.2405883882339351e-06 0 -0.00016069967620822951 0 0 0 -0.00023337195254961968 0.00030348099460084598 4.2044638173770372e-05 1.9276150628062842e-05 -0.00039973835306200407 0 -0.00036325638926899823 0 -0.00034713058725304314 0.00032367285124926671 -3.3329083289662641e-05 0.00011292640740090404 -3.1634245428142892e-05 0 0 -0.00024301097529027591 4.1964718265824415e-07
leaf_weight=20 27 671 45 65 29 42 320 380 56 80 25 20 43 26 114 265 1713 20 117 45 69 39 122 182 144 22 36 25 70 4158
leaf_count=20 27 671 45 65 29 42 320 380 56 80 25 20 43 26 114 265 1713 20 117 45 69 39 122 182 144 22 36 25 70 4158
internal_value=0 -7.00359e-06 -5.79578e-05 -0.0001538 -0.000252592 -0.000327118 1.45892e-05 -1.3419e-05 -0.000115559 1.05882e-05 -4.14145e-05 -0.000180414 2.13459e-05 3.02028e-05 9.19617e-05 0.000133931 1.09005e-05 -0.000137269 -5.44081e-05 -0.00026276 -2.28618e-05 -0.000226541 0 4.16148e-05 8.60985e-05 0.000188568 0 0.000255513 -0.000113814 -5.84733e-06
internal_weight=8990 6113 683 181 136 107 2877 502 122 2857 410 90 2447 2250 474 379 1776 63 197 65 95 66 5430 601 419 169 250 147 106 4829
internal_count=8990 6113 683 181 136 107 2877 502 122 2857 410 90 2447 2250 474 379 1776 63 197 65 95 66 5430 601 419 169 250 147 106 4829
is_linear=0
shrinkage=0.05


Tree=57
num_leaves=31
num_cat=0
split_feature=248 31 332 32 333 70 85 354 387 387 378 227 308 356 44 327 68 387 378 287 368 79 64 205 367 323 16 239 301 84
split_gain=0.000364937 0.000868552 0.000762638 0.000887299 0.00118208 0.00195658 0.000859807 0.000996561 0.00157859 0.00125973 0.00111951 0.00141171 0.00120709 0.00128848 0.00104618 0.000899091 0.000884073 0.00081412 0.000791459 0.000772028 0.00118524 0.00158073 0.000994277 0.000687896 0.000796108 0.000717068 0.000977461 0.000677732 0.000640869 0.000625369
threshold=0.78771253426859567 0.85912698412698396 0.0035700917130915559 0.37251984126984106 0.00033068783068800073 0.19808201058201055 0.25011264913939507 0.010041516060110724 0.052855455722062746 -0.38106131457731235 0.007240116971738598 -0.51628952238701931 -0.019610356576641671 0.016828063970909527 0.77695105820105803 -0.12832312846870311 0.66583994708994709 -0.020408751367615881 -0.75331401538008347 -0.056519436117201886 -0.49179351811673988 -1.2770659841153449 -0.98239919516324792 -0.88483398637065813 0.22189153439153503 -0.12259615287281754 0.96467492822691214 -1.1211635782528306 -0.0075766894128699294 0.25843253968254004
decision_type=8 2 10 2 10 2 2 10 10 10 10 10 10 10 2 10 2 10 10 10 10 2 2 10 10 10 2 10 8 2
left_child=2 28 6 4 19 -6 -1 10 9 -9 11 15 13 -12 -11 -8 -10 -14 -13 20 -4 -22 29 -3 25 -25 -27 -7 -2 -21
right_child=1 23 3 -5 5 27 7 8 16 14 12 18 17 -15 -16 -17 -18 -19 -20 22 21 -23 -24 24 -26 26 -28 -29 -30 -31
leaf_value=3.4405008691964901e-06 0.00010145674220815142 0 0 0 0 0 -0.00014934845513953692 0 4.3953299783048839e-05 0.00028205372010181974 -0.00034960077575484631 0 -0.00011858180833000654 0 0 6.1393476726828911e-05 -0.00026298226913755419 0.00010222139078650322 0.00020810476682148315 0 -0.00051412214703656261 0 -2.5087867217209064e-06 -6.070460281723195e-06 0 -0.000279513224704794 0 -0.00042597612701085718 -5.1440149259618779e-06 0.00040356538698164832
leaf_weight=4300 153 358 48 845 59 34 87 38 138 194 60 48 71 22 43 90 28 99 166 32 32 43 104 118 177 138 34 70 1334 27
leaf_count=4300 153 358 48 845 59 34 87 38 138 194 60 48 71 22 43 90 28 99 166 32 32 43 104 118 177 138 34 70 1334 27
internal_value=0 -1.7214e-05 5.83301e-06 -2.73172e-05 -8.41998e-05 -0.000193934 1.47294e-05 5.48936e-05 0.000113977 0.000187551 6.58502e-06 6.63181e-05 -6.62523e-05 -0.000224131 0.000232584 -1.39847e-05 0 0 0.000156066 -4.13669e-06 -0.000112925 -0.000245679 4.73181e-05 -5.87455e-05 -9.88825e-05 -0.000150347 -0.000220213 -0.000325445 2.46816e-06 0.000219607
internal_weight=8990 2312 6678 1294 449 163 5384 1084 441 275 643 391 252 82 237 177 166 170 214 286 123 75 163 825 467 290 172 104 1487 59
internal_count=8990 2312 6678 1294 449 163 5384 1084 441 275 643 391 252 82 237 177 166 170 214 286 123 75 163 825 467 290 172 104 1487 59
is_linear=0
shrinkage=0.05


Tree=58
num_leaves=31
num_cat=0
split_feature=211 67 302 248 208 53 258 249 232 370 211 245 295 335 50 197 219 248 201 245 355 65 283 362 49 211 266 310 93 44
split_gain=0.000355234 0.000783019 0.000705924 0.00091007 0.000994137 0.000659049 0.000863293 0.000584131 0.000569109 0.00108917 0.000492797 0.000652558 0.00080683 0.00123684 0.000474668 0.00101031 0.000885412 0.000887151 0.000440021 0.00067703 0.000568937 0.000516598 0.00103818 0.00326088 0.00371508 0.00112161 0.00136563 0.000984683 0.000936595 0.00111034
threshold=-0.82642608117316907 0.14724281191712682 -0.0045458213002614314 0.33688448447813707 0.80942610809399562 1.1350674774131753 1.7217644153586684 0.48128002994634606 0.14486352724033194 0.011825638002171681 -0.89139088266182209 -0.57806065032349641 -0.0016835032739505038 0.088756933559580045 1.1240699184160701 -1.3461660096184727 -0.58978361831265436 1.133527410429104 -1.1045631267091374 -1.7389176813041072 -0.079311721267757193 0.063579827090816415 -0.0016838791999352896 0.00033068783068740398 0.29631413384232802 1.0698783377753369 -1.1390231790666803 -2.7673620340978863e-05 1.7852320465480451 0.64897486772486745
decision_type=8 2 10 10 10 2 10 10 10 10 10 10 10 10 2 10 10 10 8 10 10 2 10 10 2 10 10 10 2 2
left_child=1 -1 3 4 5 6 -3 -5 9 -9 11 12 -4 -14 18 16 -16 -18 19 20 -2 28 23 24 -23 26 -24 -27 -20 -30
right_child=14 2 10 7 -6 -7 -8 8 -10 -11 -12 -13 13 -15 15 -17 17 -19 21 -21 -22 22 25 -25 -26 27 -28 -29 29 -31
leaf_value=0.00022666243841968508 0 0.00020303900329847487 0 5.6308870911372415e-05 0 0 0 -0.00038372348080871016 0 0 5.6501653572088966e-05 0 -0.00024171289456789911 3.5757637962880447e-06 0 0 -0.00029458697155801465 0 -1.973017895201489e-06 3.8917279686811375e-06 0.00025148593335764418 0 0.0002194584775499261 2.2126213468088524e-06 -0.00087117867020631602 -0.00028965160805886111 -3.101749109288912e-06 -1.7177599911499704e-05 0.00024476076396796133 0
leaf_weight=47 21 252 91 139 169 39 24 35 127 26 167 630 130 24 98 349 96 35 4977 406 64 26 74 53 28 62 512 181 85 23
leaf_count=47 21 252 91 139 169 39 24 35 127 26 167 630 130 24 98 349 96 35 4977 406 64 26 74 53 28 62 512 181 85 23
internal_value=0 1.90485e-05 1.10724e-05 4.74954e-05 9.20467e-05 0.000144583 0.000172698 -3.16811e-06 -7.37313e-05 -0.000200055 -1.24799e-05 -3.13641e-05 -0.000100838 -0.000171062 -5.29312e-06 -4.8903e-05 -0.000130611 -0.000216092 -6.53845e-07 4.38721e-05 0.000175854 -5.11592e-06 -3.93418e-05 -0.000190505 -0.00047173 -1.37797e-05 1.65048e-05 -0.000107356 2.01455e-07 0.000146571
internal_weight=8990 1900 1853 811 484 315 276 327 188 61 1042 875 245 154 7090 578 229 131 6512 491 85 6021 936 107 54 829 586 243 5085 108
internal_count=8990 1900 1853 811 484 315 276 327 188 61 1042 875 245 154 7090 578 229 131 6512 491 85 6021 936 107 54 829 586 243 5085 108
is_linear=0
shrinkage=0.05


Tree=59
num_leaves=31
num_cat=0
split_feature=348 85 326 369 282 312 357 62 383 219 68 342 65 363 380 340 50 338 295 54 250 237 314 268 317 312 221 344 12 42
split_gain=0.000341785 0.000713767 0.000637251 0.000420272 0.00095634 0.000898684 0.000824368 0.000841824 0.000654023 0.000794739 0.000663054 0.000541613 0.000506051 0.00145195 0.000863151 0.00116666 0.000724779 0.000938048 0.00184639 0.000876651 0.000589771 0.000524983 0.000726519 0.000530119 0.000502756 0.000482061 0.000451978 0.000418878 0.000643153 0.000661806
threshold=0.3428917994410276 0.45412103362556555 0.022569753706999377 -0.20329945532254748 -0.0011494316361999044 -0.0066226133750106877 -0.040343915343915453 0.89203042328042315 -0.16835149939358476 0.53222833444997431 0.058366402116402101 0.027635030741107517 0.49085883940570502 -0.60272801761307282 0.0062500306907750111 0.030072847065202014 -0.87547598142693583 0.00066137566137408632 0.00037397159559417198 0.84871031746031711 -0.46719573312790347 2.2523819539344552 -0.010281246096150774 1.7217644153584428 -0.067657110145949731 -0.0070923174959787163 -1.2354971512212136 -0.0039761483796392988 0.017030423280423101 -0.17658549383660796
decision_type=10 2 10 8 10 10 10 2 8 10 2 10 2 10 10 10 2 10 10 2 10 10 10 8 10 10 10 10 2 2
left_child=3 -2 -3 4 5 6 -1 11 9 10 -5 -8 16 -14 15 -15 17 19 -19 -10 -16 23 -23 -18 -12 -6 -26 -7 29 -29
right_child=1 2 -4 8 25 27 7 -9 12 -11 24 -13 13 14 20 -17 21 18 -20 -21 -22 22 -24 -25 26 -27 -28 28 -30 -31
leaf_value=0 0 0.00028065256015245789 0 0 7.2745539647857754e-05 2.0652278600982174e-05 -0.00023123985550436857 0 0.00014622964171959893 0 0 0 -0.00032070224158413466 0 0 0.00029600648632869023 -9.5344225375687424e-07 -0.00015872213140439418 0.00013236068537709672 -2.1051173303305304e-06 -0.00020391976144926253 -1.9432285971986027e-05 0.00014156043121773006 -6.3584334692265039e-05 0 -1.0941196630415708e-05 0.00027332523767059928 0 0 -0.00017655144986911966
leaf_weight=43 348 53 49 88 284 290 199 35 296 195 38 52 47 222 55 36 4825 118 94 56 82 47 146 381 23 238 103 147 258 142
leaf_count=43 348 53 49 88 284 290 199 35 296 195 38 52 47 222 55 36 4825 118 94 56 82 47 146 381 23 238 103 147 258 142
internal_value=0 4.22885e-05 0.000159251 -2.40851e-06 -2.50515e-05 -5.17549e-05 -0.000124812 -0.000158502 2.44021e-06 6.11334e-05 0.000120454 -0.00019237 -8.76201e-07 -5.30129e-05 -8.43308e-06 3.08987e-05 2.1507e-06 5.65335e-05 -6.08177e-06 0.000108437 -0.000118941 -2.6052e-06 7.64719e-05 -6.49862e-06 0.000179976 2.5018e-05 0.000228298 -1.70538e-05 -4.61835e-05 -9.79697e-05
internal_weight=8990 450 102 8540 1688 1166 329 286 6852 447 252 251 6405 442 395 258 5963 564 212 352 137 5399 193 5206 164 522 126 837 547 289
internal_count=8990 450 102 8540 1688 1166 329 286 6852 447 252 251 6405 442 395 258 5963 564 212 352 137 5399 193 5206 164 522 126 837 547 289
is_linear=0
shrinkage=0.05


Tree=60
num_leaves=31
num_cat=0
split_feature=73 275 300 66 221 44 341 253 332 315 301 321 367 238 241 342 324 332 79 199 288 76 347 40 237 295 311 31 246 248
split_gain=0.000334518 0.000783373 0.00114359 0.000691775 0.000653486 0.000837817 0.00076362 0.000519641 0.000661827 0.00104926 0.00116564 0.00133297 0.00106712 0.000536454 0.000738444 0.00120988 0.00155276 0.00058994 0.00052154 0.00052024 0.000489065 0.000667975 0.000626275 0.00075577 0.000546723 0.000617066 0.000640849 0.000474384 0.000767581 0.000653625
threshold=-1.9090376702397247 0.29040139500085099 0.0007959285922395366 1.1987112090102903 -1.1187607093880643 0.26240079365079405 0.0013227513227513999 1.5570284529349372 -0.014173899109665376 -0.036785870533188929 -0.0051177073729650182 -0.0093236819456426739 -0.40972222222222271 -1.0142027090478367 -0.27978911316852906 0.0042265497349148204 -0.31693326404072658 -0.0060533069831356081 -0.044351144297194743 0.25844991600974526 0.00033068783068735888 0.016434963027755555 -0.010907053249340879 0.24965640479981652 2.2523819539344552 -0.002585175415686015 -0.00033068783068793123 0.49900793650793657 -0.068596562954810814 0.94813081274110922
decision_type=2 10 10 2 10 2 10 8 8 8 10 10 10 10 10 10 10 10 2 10 10 2 10 2 10 10 10 2 10 10
left_child=1 4 3 -3 5 -1 -7 13 27 -10 -11 -12 -13 14 -2 17 -17 18 -16 -19 24 -22 -23 -24 -15 -26 -27 28 -9 -29
right_child=7 2 -4 -5 -6 6 -8 8 9 10 11 12 -14 20 15 16 -18 19 -20 -21 21 22 23 -25 25 26 -28 29 -30 -31
leaf_value=0 0 0.00042813072711063264 0 0 7.5653572740681788e-05 -0.0004896399177173903 0 0.00022283231404807941 3.4078680607396357e-05 0 0 0 -0.00021438567604830294 0 -0.00025720300281630959 0 0.00029149377717052789 0.0002205225494380406 0 0 0 0 -0.00019759120757634815 0 0 0 0.00017339121133162365 0 0 -0.00024634271191459589
leaf_weight=42 305 40 41 24 101 21 21 62 158 153 118 61 310 5955 24 50 119 51 124 33 372 75 162 42 49 20 151 190 88 28
leaf_count=42 305 40 41 24 101 21 21 62 158 153 118 61 310 5955 24 50 119 51 124 33 372 75 162 42 49 20 151 190 88 28
internal_value=0 5.26229e-05 0.000162103 0.00029612 0 -0.000112007 -0.000273519 -1.94635e-06 -3.32826e-05 -6.01909e-05 -9.11798e-05 -0.000129894 -0.000176684 2.24957e-06 4.40007e-05 8.95035e-05 0.000192064 0 -4.42849e-05 0.000118673 -1.33677e-06 -4.29968e-05 -0.00010147 -0.000147481 2.24617e-06 7.96962e-05 0.000131098 1.16307e-05 8.80833e-05 -1.80652e-05
internal_weight=8990 290 105 64 185 84 42 8700 1168 800 642 489 371 7532 706 401 169 232 148 84 6826 651 279 204 6175 220 171 368 150 218
internal_count=8990 290 105 64 185 84 42 8700 1168 800 642 489 371 7532 706 401 169 232 148 84 6826 651 279 204 6175 220 171 368 150 218
is_linear=0
shrinkage=0.05


Tree=61
num_leaves=31
num_cat=0
split_feature=73 344 275 273 64 241 254 328 349 254 296 293 63 223 292 49 353 344 63 339 59 217 310 44 246 215 214 208 260 292
split_gain=0.000337254 0.000976277 0.000873104 0.00120849 0.00129777 0.00119652 0.00101342 0.00111851 0.00110948 0.00107364 0.00106382 0.00102876 0.000810376 0.000779246 0.000881671 0.000773631 0.00075327 0.000723236 0.000829713 0.000643142 0.00101914 0.000752964 0.000616656 0.000622585 0.00148629 0.000608274 0.000684017 0.000605991 0.000605861 0.000497949
threshold=-0.30323842069971091 0.069734458720874873 0.29040139500085099 1.5167785136228251 -0.92936719002633539 0.85515202095059262 -0.8604789238005488 0.0066848385915656014 -0.36811637261587876 0.62863162979052178 -0.00099807824934250423 -0.017545659905636054 0.64252645502645511 -1.0211578264268872 -0.0003306878306878987 0.22752018946254252 -0.12482620956434064 0.048994467227366459 0.84771825396825407 -0.00065061817898631736 -0.031635278920758195 -0.024176043561716185 0.0028028852491600591 0.22900132275132304 -1.7510813317289806 -0.79959549511103989 0.34692102086014215 -0.84155011686212056 -1.0000000180025095e-35 -0.00033068783068780015
decision_type=2 10 10 10 2 10 10 10 10 10 10 10 2 10 10 2 10 10 2 10 2 10 10 2 10 10 10 10 10 10
left_child=2 -2 6 22 5 12 7 19 15 10 -10 -12 -5 14 -11 -8 -9 18 -18 21 27 -1 23 24 -4 -3 29 -21 -15 -27
right_child=1 25 3 4 -6 -7 8 16 9 13 11 -13 -14 28 -16 -17 17 -19 -20 20 -22 -23 -24 -25 -26 26 -28 -29 -30 -31
leaf_value=-0.00023017934533805045 -1.9842761511930119e-06 0 -0.00035510909322073267 0.00053077969163099769 2.0178937743846322e-05 0 0 0 -1.5475940420448251e-05 0 0.00014041677504567763 -3.1022822719730915e-06 0 -5.4593631635048102e-05 -0.00019913039888404634 -0.00041201579934217931 -0.00028089585618448434 0 0 0.00036337278019679236 0 0 0.000125246765716435 2.0780924704620341e-05 0 -0.00034533885733562273 0 0 6.9635473951713657e-05 0
leaf_weight=50 5973 96 40 49 183 48 20 36 169 54 433 84 25 143 109 24 138 20 21 37 58 55 103 499 141 60 29 27 230 36
leaf_count=50 5973 96 40 49 183 48 20 36 169 54 433 84 25 143 109 24 138 20 21 37 58 55 103 499 141 60 29 27 230 36
internal_value=0 -6.6593e-06 1.42584e-05 4.98152e-05 0.000136031 0.0002687 -5.4658e-06 -7.26684e-05 1.40515e-05 2.66295e-05 6.98683e-05 0.000107433 0.00039917 -1.93858e-05 -0.000114062 -0.000221163 -0.000154446 -0.000197896 -0.000235479 0 8.27377e-05 -8.57061e-05 9.8339e-06 -3.11743e-07 -8.60507e-05 -0.00011034 -0.000183503 0.000229756 8.60567e-06 -0.000248253
internal_weight=8990 6194 2796 1088 305 122 1708 442 1266 1222 686 517 74 536 163 44 215 179 159 227 122 105 783 680 181 221 125 64 373 96
internal_count=8990 6194 2796 1088 305 122 1708 442 1266 1222 686 517 74 536 163 44 215 179 159 227 122 105 783 680 181 221 125 64 373 96
is_linear=0
shrinkage=0.05


Tree=62
num_leaves=31
num_cat=0
split_feature=66 331 201 352 385 277 63 257 318 325 87 306 329 206 288 309 227 64 73 267 202 279 222 254 38 384 267 227 207 260
split_gain=0.000324935 0.000731031 0.000901358 0.000640932 0.000495391 0.000825685 0.000638367 0.000925287 0.00074383 0.000620253 0.000584938 0.000576999 0.000564661 0.000511262 0.000529175 0.000417311 0.000548905 0.000930482 0.000445781 0.000778432 0.000800663 0.000820556 0.000706383 0.000895746 0.00118315 0.000806272 0.00057858 0.000949604 0.000809157 0.000473732
threshold=-2.0872935010053846 -0.03085820837476216 -0.30804914543143019 -0.0023471690113169292 -1.7233832620203959 -0.71122083167899153 0.51802248677248708 -0.95657284426101497 -0.15769468839273679 -0.031245933541116707 0.10085978835978851 0.00050454091062204786 4.7739590058881739e-15 0.47663597454187484 -0.00033068783068779961 0.033185669464109911 -0.57614411833502344 -0.63643213091756634 -0.27558098468965847 -0.46807285598741472 0.29382801400388259 -0.31108707378646289 -0.016277589239347752 -0.84503642171264814 -0.48128214235619943 0.0096023279450514493 -1.7223063450056815 -0.93035752054987431 0.049879102436249746 0.10392182282257691
decision_type=2 10 10 10 8 10 2 10 10 10 2 10 10 10 10 10 10 2 2 10 8 10 10 10 2 10 10 10 10 10
left_child=1 -1 3 -3 5 9 7 8 -7 -2 -11 12 -12 14 -8 18 17 -17 22 20 21 -20 26 25 -25 -24 27 -6 -28 -21
right_child=4 2 -4 -5 15 6 13 -9 -10 10 11 -13 -14 -15 -16 16 -18 -19 19 29 -22 -23 23 24 -26 -27 28 -29 -30 -31
leaf_value=-3.0940640422097303e-05 0 0.00050736326512447428 0 0 1.6820036963689991e-05 0 0.00019446971247804017 0 -0.00033672588870345931 0 -0.0002924582328348239 0 0 0 0 -0.0004137147282425493 0 0 0 -5.4599221765788056e-06 0 -0.00017781168418434662 -0.00017242109478739884 -2.2956934421800133e-07 0.00011140565532563529 2.0076726427127078e-05 -1.766256564847205e-05 -0.00011855751692372467 6.874450838606227e-05 3.1561302358094113e-05
leaf_weight=22 36 25 39 22 165 32 86 172 45 27 107 27 20 109 46 27 133 23 43 4088 175 191 73 240 641 94 491 242 474 1075
leaf_count=22 36 25 39 22 165 32 86 172 45 27 107 27 20 109 46 27 133 23 43 4088 175 191 73 240 641 94 491 242 474 1075
internal_value=0 8.59745e-05 0.000173956 0.000321186 -1.22378e-06 -4.16924e-05 0 -6.14569e-05 -0.00020544 -0.000123165 -0.000163546 -0.000202296 -0.000246913 5.21252e-05 0.000120974 1.66492e-06 -7.16493e-05 -0.000214831 3.97016e-06 -3.03553e-06 -6.97266e-05 -0.000130563 2.21661e-05 5.30983e-05 7.53229e-05 -3.41997e-05 0 -5.14021e-05 1.96018e-05 1.2804e-06
internal_weight=8990 108 86 47 8882 707 490 249 77 217 181 154 127 241 132 8175 183 50 7992 5572 409 234 2420 1048 881 167 1372 407 965 5163
internal_count=8990 108 86 47 8882 707 490 249 77 217 181 154 127 241 132 8175 183 50 7992 5572 409 234 2420 1048 881 167 1372 407 965 5163
is_linear=0
shrinkage=0.05


Tree=63
num_leaves=31
num_cat=0
split_feature=248 369 56 93 301 247 387 44 283 77 297 76 355 63 66 264 50 215 385 216 237 291 326 371 49 387 80 334 361 353
split_gain=0.00032645 0.000751089 0.000884671 0.00082169 0.000700391 0.000822618 0.000653054 0.000686108 0.000705809 0.000614916 0.000614864 0.000807267 0.00095895 0.000711787 0.000590758 0.000590639 0.00053986 0.000678384 0.000832796 0.00054777 0.000665954 0.000539816 0.000482832 0.000848368 0.000771555 0.000691067 0.000663299 0.000557358 0.000541349 0.000703908
threshold=0.78771253426859567 -0.19088412450393449 0.79910714285714313 -0.30889185971164945 -0.0034184199886549966 0.35114354032007494 -0.19248510955342721 0.70667989417989407 -0.0010053505092399064 0.34871031746031755 0.0014923688482498811 0.15781922366796705 0.060182808970966346 0.82986111111111105 1.38929571531118 0.29741970469544093 1.3246811624406372 -0.58604730331216126 1.6270667741074918 0.91440665813220179 2.154897303997144 -0.0062893911034305186 -0.20377287538615527 -2.2067476432590394 -0.73604861408009448 -0.036374599602342232 0.86673280423280408 0.00036496351985396141 1.2366018340666407 0.038453332766554625
decision_type=8 8 2 2 8 10 10 2 10 2 10 2 10 2 2 10 2 10 10 10 10 10 10 10 2 10 2 10 10 10
left_child=10 2 -2 -4 5 6 -3 8 -8 21 16 -12 13 15 -5 -13 22 -18 19 20 -19 -6 24 25 -1 -24 -27 -26 -25 -30
right_child=1 4 3 14 9 -7 7 -9 -10 -11 11 12 -14 -15 -16 -17 17 18 -20 -21 -22 -23 23 28 27 26 -28 -29 29 -31
leaf_value=-3.3494191970811597e-05 -6.6909706244444849e-06 0 0 -0.00029414634602048886 -0.00014722725193433002 -5.8151917417960616e-05 0.00023083785075526497 0 0 0 0 0 0 0 0 0.0002991051707847045 0 -0.00028523443749620402 0 0 0 0 0 6.1042412117281913e-06 0.00012985690747264249 -0.00025207833197664445 0 0 -0.00019487437491246147 0
leaf_weight=141 324 39 47 95 153 66 155 32 77 1240 369 35 54 23 22 105 135 99 24 36 20 62 41 4910 265 86 22 202 78 33
leaf_count=141 324 39 47 95 153 66 155 32 77 1240 369 35 54 23 22 105 135 99 24 36 20 62 41 4910 265 86 22 202 78 33
internal_value=0 -1.6405e-05 -7.15669e-05 -0.000169185 0 5.97845e-05 0.000101981 0.000134602 0.000167349 -1.72253e-05 5.38827e-06 5.43461e-05 0.000131414 0.000194129 -0.000240114 0.000237854 0 -6.3094e-05 -0.000128261 -0.000180055 -0.00023177 -9.56767e-05 4.14478e-06 0 4.63491e-05 -0.000118259 -0.000187807 8.11623e-05 2.66803e-06 -0.000104194
internal_weight=8990 2312 488 164 1824 369 303 264 232 1455 6678 586 217 163 117 140 6092 314 179 155 119 215 5778 5170 608 149 108 467 5021 111
internal_count=8990 2312 488 164 1824 369 303 264 232 1455 6678 586 217 163 117 140 6092 314 179 155 119 215 5778 5170 608 149 108 467 5021 111
is_linear=0
shrinkage=0.05


Tree=64
num_leaves=31
num_cat=0
split_feature=237 350 237 39 382 358 86 279 333 356 64 237 19 73 15 378 37 64 208 64 66 33 310 381 55 70 345 91 320 368
split_gain=0.000319343 0.000708225 0.000631648 0.000682392 0.000631504 0.000718745 0.000702063 0.000912307 0.000556368 0.000599128 0.00070888 0.000543679 0.00099367 0.00101839 0.000784403 0.000726369 0.000912665 0.000863221 0.000692925 0.000916787 0.00088477 0.000511691 0.000491417 0.000508931 0.000482888 0.000589434 0.000471089 0.00064998 0.000414305 0.000554867
threshold=-0.55484624022628715 0.30898207326834098 -0.87192928142605608 -1.3462659784663547 -1.6678718189890003 -0.11179140598811664 0.84490740740740711 -0.5069953991076489 -0.049603174603175031 0.016828063970909527 -0.028983057168758146 -0.33773344466834415 0.039221393622132596 -1.3277578799715746 0.08515211640211641 0.58641757471386902 0.068753276701370061 0.074888226738043573 -1.2900630152703891 -1.0663272403496646 2.1324441231608504 -0.45800587517483604 -0.00058609316001045897 -0.18543577659765703 -0.1776163713524079 0.62070105820105814 0.0098379629629624949 -0.56313816413827233 0.013155487513294541 0.75309455981283768
decision_type=10 10 8 2 10 10 2 10 10 10 2 10 2 2 2 10 2 2 10 2 2 2 10 8 2 2 10 2 10 8
left_child=2 8 28 4 -4 -6 7 -7 9 10 -2 12 -10 -14 -15 18 17 -17 20 -20 -13 24 -5 -24 -3 -26 27 -25 -1 -30
right_child=1 21 3 22 5 6 -8 -9 11 -11 -12 15 13 14 -16 16 -18 -19 19 -21 -22 -23 23 26 25 -27 -28 -29 29 -31
leaf_value=1.6418404757595883e-05 0.00029045796820967952 0 0 2.3940927123563002e-05 0 0 0 -0.00043742358737293674 0 0 0 6.3907035766880231e-05 0 0 0.00027481089768129118 -0.00015422016573758256 0 0 -0.00016142401060589208 3.6299483259299113e-06 -0.00010288434850144286 0 0 -1.9260966515941047e-05 0 -0.00037391466267283651 0 -0.00021873556221398889 -0.00012518515521301699 9.7999849252879231e-06
leaf_weight=1209 59 51 23 260 20 44 20 57 395 44 35 900 37 25 114 245 493 128 86 3673 66 191 240 169 30 38 45 114 134 45
leaf_count=1209 59 51 23 260 20 44 20 57 395 44 35 900 37 25 114 245 493 128 86 3673 66 191 240 169 30 38 45 114 134 45
internal_value=0 5.40702e-06 -1.59448e-05 -4.68262e-05 -0.000146333 -0.000189981 -0.000238519 -0.000292415 9.73452e-06 0.000111471 0.000184806 6.64292e-06 5.3355e-05 0.00015277 0.000218747 9.7714e-07 -4.0057e-05 -9.91977e-05 9.55676e-06 0 4.73264e-05 -6.63901e-05 -2.10639e-05 -5.04666e-05 -0.000149054 -0.00023787 -9.1037e-05 -0.000117325 2.52586e-06 -6.33465e-05
internal_weight=8990 6610 2380 992 164 141 121 101 6300 138 94 6162 571 176 139 5591 866 373 4725 3759 966 310 828 568 119 68 328 283 1388 179
internal_count=8990 6610 2380 992 164 141 121 101 6300 138 94 6162 571 176 139 5591 866 373 4725 3759 966 310 828 568 119 68 328 283 1388 179
is_linear=0
shrinkage=0.05


Tree=65
num_leaves=31
num_cat=0
split_feature=339 210 337 376 377 351 15 376 19 66 254 91 61 85 279 63 252 281 234 235 32 221 292 91 64 302 377 318 367 365
split_gain=0.00033287 0.000599496 0.000605022 0.000709827 0.00119086 0.000439279 0.000603419 0.000458375 0.000533349 0.000454565 0.00146251 0.00152912 0.00137836 0.00118052 0.00158134 0.000797647 0.000709267 0.00110493 0.00138605 0.000874881 0.00098161 0.000678663 0.000675542 0.00113524 0.00051737 0.000501703 0.0010398 0.000452396 0.000428927 0.000358684
threshold=-0.28768207245179361 -0.90220726948254748 0.0076321768373367191 0.16651897688854364 -0.05411820906599573 -0.85540231709897319 0.60400132275132312 -0.02071374786873403 0.10350993189040351 -0.90478308978315991 -0.90467579726538205 0.41457730832960205 -2.0227520986405945 1.7105254298217887 2.0219659184516185 0.51372354497354511 -0.97808154308827644 1.8568149633176232 0.13785890473430926 -1.2622854862989097 0.79546957671957708 -2.0652422304287859 -0.00033068783068785143 0.49213828922360608 -0.6557240515665459 -0.043694383508916017 -0.12699904985588892 -0.15788754271131236 0.040674603174603009 -0.26884920634920645
decision_type=8 10 10 10 10 8 2 10 2 2 10 2 2 2 10 2 10 10 10 10 2 10 10 2 2 10 10 10 10 10
left_child=1 2 3 4 -1 6 7 -2 -9 13 11 -11 -13 16 -15 -14 19 27 -19 29 -21 22 24 -24 -12 26 -23 -18 -27 -7
right_child=5 -3 -4 -5 -6 9 -8 8 -10 10 21 12 15 14 -16 -17 17 18 -20 20 -22 25 23 -25 -26 28 -28 -29 -30 -31
leaf_value=0 0 0 0 0 0.00043557482387482328 -0.00017611578848872507 0 0 -0.00039955650514638709 0 0.00015491008318399321 0 -0.00043666350408174309 0 0.00045853929729950857 -4.4354016488114608e-05 -3.0614320911094344e-05 0 -0.00041172883816620694 0.00027119959403515344 0 0 0 -0.00022078842392934267 -3.0343538637728273e-05 1.0562774562879947e-05 0.0001416738264283046 4.6191091534599804e-05 -1.712011150651837e-05 1.9960118015444346e-05
leaf_weight=43 42 179 30 22 45 28 100 33 32 185 51 67 68 68 37 57 337 43 37 87 62 274 187 125 76 3826 198 386 2202 63
leaf_count=43 42 179 30 22 45 28 100 33 32 185 51 67 68 68 37 57 337 43 37 87 62 274 187 125 76 3826 198 386 2202 63
internal_value=0 4.98701e-05 0.000127915 0.0001859 0.000251657 -2.10885e-06 -7.40874e-05 -0.00015716 -0.000241324 0 -4.93571e-06 -0.000100838 -0.000199652 2.88891e-05 0.000191325 -0.000297917 7.72631e-06 -9.37118e-06 -0.000187769 8.57364e-05 0.000162808 0 -5.98763e-05 -0.000102206 4.77389e-06 4.33957e-06 5.40005e-05 3.4771e-06 0 0
internal_weight=8990 319 140 110 88 8671 207 107 65 8464 7316 377 192 1148 105 125 1043 803 80 240 149 6939 439 312 127 6500 472 723 6028 91
internal_count=8990 319 140 110 88 8671 207 107 65 8464 7316 377 192 1148 105 125 1043 803 80 240 149 6939 439 312 127 6500 472 723 6028 91
is_linear=0
shrinkage=0.05


Tree=66
num_leaves=31
num_cat=0
split_feature=348 302 47 267 359 254 338 369 318 324 19 263 277 225 219 44 376 252 73 363 222 44 244 12 220 304 313 338 304 252
split_gain=0.000311093 0.000609046 0.000664939 0.00100783 0.000370291 0.000616088 0.000898668 0.000817236 0.00108522 0.00107441 0.00101429 0.00103782 0.000934097 0.000724626 0.000820497 0.000684929 0.00104653 0.00136001 0.000657969 0.000845868 0.0010001 0.000665623 0.000657155 0.00064175 0.000723571 0.000527632 0.00055331 0.000469512 0.000428631 0.000405855
threshold=0.41633877474222941 -0.0088432398688754448 0.41964285714285765 0.53296820494572805 -0.068841227719630291 -0.63387295254106946 -0.0016534391534401836 -0.21516730607741147 -0.15887318097310962 -0.041334213958652381 0.15355000532458954 -0.21256103566754883 -0.28682980022775822 -2.693536648563065 -0.94720401066775251 0.18535052910052904 0.0043809945759112354 -0.36725306418722697 -0.27558098468965847 -0.70593201351755364 -0.090280401297681903 0.23561507936507903 0.59302541006387299 0.29381613756613756 -0.82505395842401208 -0.052680257828916492 -0.010399196098747619 0.0014054232804227298 -0.04548588910286621 0.52469894692667396
decision_type=10 10 2 10 8 10 8 8 10 10 2 10 8 10 10 2 10 10 2 10 10 2 10 2 10 10 10 10 10 10
left_child=4 2 -2 -4 25 6 15 10 12 -10 -8 -12 -9 14 -7 -6 22 -18 19 21 -21 -15 -17 27 -25 26 -1 -20 -27 -28
right_child=1 -3 3 -5 5 13 7 8 9 -11 11 -13 -14 18 -16 16 17 -19 23 20 -22 -23 -24 24 -26 28 29 -29 -30 -31
leaf_value=0 0 0 0.0003388745594240452 0 0 0 0 -0.00016303406905613247 7.2907712055434557e-06 0.00017267614109611336 0 -0.00028227190822231919 0 -0.00020480838580338312 -0.00038041621993003248 0 -0.00052579837666719034 0 8.1954148956640356e-06 1.4468694507061362e-06 8.4143813089183558e-05 0 -0.00014234744721990401 -0.00026732438440936121 -1.9906821277638526e-05 -0.00019610501460185894 0.00022848584901770283 -3.1842494117740909e-05 1.5578248152132688e-05 0
leaf_weight=67 48 200 56 26 107 42 204 123 467 157 22 87 141 59 26 197 37 28 3450 950 765 86 151 48 257 27 86 929 121 26
leaf_count=67 48 200 56 26 107 42 204 123 467 157 22 87 141 59 26 197 37 28 3450 950 765 86 151 48 257 27 86 929 121 26
internal_value=0 4.72756e-05 0.000131811 0.000218586 -2.14827e-06 -4.74686e-06 -3.15538e-05 -3.32973e-06 1.66693e-05 5.69347e-05 -7.60246e-05 -0.000199572 -5.95569e-05 1.47476e-06 -0.000159195 -8.7114e-05 -0.000117045 -0.000324541 3.91077e-06 2.95031e-05 4.1253e-05 -7.49444e-05 -6.38428e-05 -5.18482e-06 -7.53076e-05 4.87674e-05 0.000108206 0 0 0.000176199
internal_weight=8990 330 130 82 8660 8333 1721 1201 888 624 313 109 264 6612 68 520 413 65 6544 1860 1715 145 348 4684 305 327 179 4379 148 112
internal_count=8990 330 130 82 8660 8333 1721 1201 888 624 313 109 264 6612 68 520 413 65 6544 1860 1715 145 348 4684 305 327 179 4379 148 112
is_linear=0
shrinkage=0.05


Tree=67
num_leaves=31
num_cat=0
split_feature=286 30 72 206 84 258 93 299 32 77 358 310 310 221 255 382 234 73 22 380 328 50 54 348 383 380 207 385 288 23
split_gain=0.000310986 0.00107779 0.00105176 0.00063197 0.000665082 0.0016338 0.00130175 0.000597054 0.000547986 0.000765997 0.000569391 0.000493521 0.000555108 0.000669127 0.000851751 0.000488248 0.000782805 0.000600816 0.000764264 0.00072557 0.000488245 0.000459595 0.00112907 0.00150174 0.000985423 0.000836895 0.000779258 0.000446221 0.000757508 0.000536292
threshold=-0.00033068783068780069 2.5350506890670652 0.14592943784095153 -1.670362603687259 0.30241402116402105 0.077669355760216066 -0.059981692947700352 -0.059425248411484992 0.26099537037037007 0.66418650793650802 0.075604121250653952 0.24059635147399508 0.002691423083054562 1.1597860027343199 -0.31603377220160067 -1.6198370307757435 1.4954828416286676 -1.9462096019913993 -1.8804834001685657 -0.006358457978597353 -0.0091635243183611197 -1.5118022612375797 0.6812996031746027 -0.056860703951008416 -0.19146334465575829 -0.014793351332961223 0.37379057398554644 -1.62664576297632 -0.00033068783068779993 0.0054563492063491505
decision_type=10 2 2 10 2 10 2 10 2 2 10 10 10 10 10 8 10 2 2 10 10 2 2 10 10 10 10 8 10 2
left_child=1 11 -3 4 8 -6 -7 -8 9 10 -2 12 15 14 -14 16 20 19 -19 -17 -1 22 23 -5 -25 -24 -26 28 -23 -30
right_child=3 2 -4 21 5 6 7 -9 -10 -11 -12 -13 13 -15 -16 17 -18 18 -20 -21 -22 27 25 24 26 -27 -28 -29 29 -31
leaf_value=0 -0.00029642515135378119 0 0.00050662492625246764 -2.4643111772233719e-05 0 0 0 -0.00057553450367193819 6.7106323793158929e-06 0 0 -0.00011479683030793565 0.00028863372911849019 0 0 0.00027536953717258156 2.0529088964047761e-05 -9.6923980617858691e-05 1.721608874298737e-05 0 -0.00015239404698633239 0 -0.00030000619349103289 0 0 0 0.00040546904517079017 0 -0.00019478668907197373 0
leaf_weight=59 54 27 22 40 99 25 20 37 380 44 24 73 67 122 74 48 132 152 1905 26 170 204 25 38 20 59 72 4737 117 118
leaf_count=59 54 27 22 40 99 25 20 37 380 44 24 73 67 122 74 48 132 152 1905 26 170 204 25 38 20 59 72 4737 117 118
internal_value=0 1.31856e-05 0.000248948 -6.73456e-06 -5.21409e-05 -0.000138173 -0.00030309 -0.000434831 -1.1142e-05 -0.000107658 -0.000206494 7.32393e-06 1.23787e-05 8.24342e-05 0.000156609 2.97581e-06 -4.7898e-05 1.39421e-05 6.34691e-06 0.000157298 -0.000109157 -1.01588e-07 6.4469e-05 0.000147723 0.000239168 -4.45424e-05 0.00032795 -4.2374e-06 -5.24614e-05 -0.000114872
internal_weight=8990 2877 49 6113 683 181 82 57 502 122 78 2828 2755 263 141 2492 361 2131 2057 74 229 5430 254 170 130 84 92 5176 439 235
internal_count=8990 2877 49 6113 683 181 82 57 502 122 78 2828 2755 263 141 2492 361 2131 2057 74 229 5430 254 170 130 84 92 5176 439 235
is_linear=0
shrinkage=0.05


Tree=68
num_leaves=31
num_cat=0
split_feature=211 67 387 79 48 64 303 378 32 251 222 215 211 245 70 350 208 89 36 323 31 238 12 347 39 298 315 28 73 50
split_gain=0.000314695 0.000664166 0.000657887 0.00065231 0.0005867 0.000765441 0.00112468 0.000877085 0.000531664 0.000527286 0.000689877 0.000481445 0.000458923 0.000945684 0.00101414 0.000868552 0.000559103 0.00076088 0.00128844 0.00122859 0.000913759 0.000888124 0.000783609 0.000672341 0.000772177 0.000660318 0.000450349 0.00102506 0.000588044 0.000390561
threshold=-0.82642608117316907 0.14724281191712682 -0.021441790944083491 -0.90008415462794089 -0.32848719489879846 -0.86152383841989233 -0.00033068783068780069 0.28378753927664385 0.37053571428571402 -0.33145623065817981 0.3537303733389891 -1.8459407901682867 -0.72365430087351645 -0.049683774878586932 0.6383928571428571 -0.057644317690673123 -1.3097646345338529 -0.70450959632645482 0.041832010582010602 -0.64199375707040673 0.95188492063492103 1.2914210657100853 0.96544312169312219 -0.0030955248082799032 1.1605584981018804 0.00089215238610751435 -0.036785870533188929 0.054894179894180002 1.5710189980024853 -0.12070133643503249
decision_type=8 2 10 2 2 2 10 10 2 10 10 8 10 8 2 10 10 2 2 10 2 10 2 10 2 10 10 2 2 2
left_child=1 -1 3 8 29 6 -6 -8 -3 -7 -11 -2 13 14 15 -13 17 18 -14 -20 21 -19 -22 24 25 -18 27 -25 -28 -4
right_child=11 2 4 -5 5 9 7 -9 -10 10 -12 12 16 -15 -16 -17 23 20 19 -21 22 -23 -24 26 -26 -27 28 -29 -30 -31
leaf_value=0.0002094747827826078 4.9315055940951041e-05 -0.00026947989940100537 -0.00015237793029531423 0 0 0 0.00034462370061953207 0 0 0.00012496451028703423 0 0 -0.00012975501886867182 0 0 -0.00036294264389516201 -8.9428600602690884e-05 6.6012553468965243e-05 -2.2117350553799728e-06 0.00018264924876156875 -0.00016785867044691303 -8.3298406702856439e-05 0 -1.6524430107935287e-05 5.6542857928868794e-06 0 -3.5124291723355601e-06 0.00010244119896548629 -0.00013592570181054586 0
leaf_weight=47 358 47 46 560 38 430 76 22 28 235 145 23 38 177 50 65 761 481 62 248 130 101 96 287 427 303 3072 320 91 226
leaf_count=47 358 47 46 560 38 430 76 22 28 235 145 23 38 177 50 65 761 481 62 248 130 101 96 287 427 303 3072 320 91 226
internal_value=0 1.7737e-05 1.01645e-05 -2.69256e-05 3.36067e-05 5.38987e-05 0.000172155 0.000264158 -0.00016687 2.78525e-05 7.15642e-05 -5.16252e-06 -8.80297e-06 -6.90991e-05 -0.000167373 -0.000269613 -5.06294e-06 2.50214e-05 8.68551e-05 0.000129564 0 3.15018e-05 -8.68828e-05 -1.26241e-05 -4.11042e-05 -6.45667e-05 -3.34477e-08 3.79629e-05 -8.90688e-06 -1.8586e-05
internal_weight=8990 1900 1853 635 1218 946 136 98 75 810 380 7090 6732 315 138 88 6417 1156 348 310 808 582 226 5261 1491 1064 3770 607 3163 272
internal_count=8990 1900 1853 635 1218 946 136 98 75 810 380 7090 6732 315 138 88 6417 1156 348 310 808 582 226 5261 1491 1064 3770 607 3163 272
is_linear=0
shrinkage=0.05


Tree=69
num_leaves=31
num_cat=0
split_feature=248 31 55 203 341 66 297 76 355 251 293 301 366 54 38 39 325 249 367 224 89 50 245 248 258 62 65 229 362 19
split_gain=0.000317769 0.000695665 0.000650841 0.000962922 0.00073649 0.000544711 0.000544412 0.000716793 0.000859142 0.000667975 0.000640156 0.00051817 0.000587872 0.000529874 0.000549646 0.00052927 0.000553035 0.000514351 0.000470983 0.000646 0.000467191 0.000457936 0.000787836 0.000535636 0.000751258 0.000661512 0.00063994 0.00179512 0.00120094 0.000846457
threshold=0.78771253426859567 0.85912698412698396 1.0000000180025095e-35 0.60269454724115223 0.011904761904761982 1.4518806112580152 0.0014923688482498811 0.15781922366796705 0.060182808970966346 0.957976617213672 -0.018870163991424601 -0.0075766894128699294 1.2177616423135857 0.36706349206349209 -0.58685464655741393 1.3151769965066902 -0.010616869786760795 1.7677855325941498 -0.36491402116402122 -0.098965704879028824 -0.63650623664245731 1.1240699184160701 -1.9382951408789681 0.36801018579988759 -0.8676025471419706 0.75148809523809501 0.49085883940570502 -1.4055533605879209 0.00033068783068740398 0.091002729141301766
decision_type=8 2 2 10 10 2 10 2 10 10 10 8 10 2 2 2 10 10 10 10 2 2 10 10 10 2 2 10 10 2
left_child=6 11 18 17 5 20 21 -8 9 10 -9 13 -13 -2 -15 16 -14 -4 19 -3 -5 23 -23 26 -25 -26 29 28 -28 -1
right_child=1 2 3 4 -6 -7 7 8 -10 -11 -12 12 15 14 -16 -17 -18 -19 -20 -21 -22 22 -24 24 25 -27 27 -29 -30 -31
leaf_value=-6.7984448863664955e-06 0 0 -5.7283020891036446e-05 0 0 0 0 0.00028054215471813625 0 0 0 5.5568136129656516e-07 0 0 0.00025225325172778106 0 -0.0002627673504767698 0.00012839542451103194 2.143395104475012e-05 -0.00027889021314015538 -0.00038125955026880904 -0.00022393489249015951 -8.8957883671306314e-06 -5.228645107802564e-05 9.826410394631097e-05 0 -0.00039434085932618174 0 0 4.435293713918144e-05
leaf_weight=3570 71 23 273 40 20 25 369 111 54 31 21 1217 23 20 62 33 61 32 305 34 73 59 406 108 486 119 58 227 39 1020
leaf_count=3570 71 23 273 40 20 25 369 111 54 31 21 1217 23 20 62 33 61 32 305 34 73 59 406 108 486 119 58 227 39 1020
internal_value=0 -1.63967e-05 -5.34789e-05 -9.27854e-05 -0.000198902 -0.000242124 5.08697e-06 5.11569e-05 0.000123771 0.000183195 0.000232545 8.16814e-07 -5.7224e-06 9.04568e-05 0.000177182 -0.000113668 -0.00018364 -2.13782e-05 0 -0.000134782 -0.000289176 0 -4.6973e-05 4.59124e-06 4.52064e-05 7.0879e-05 -2.85171e-07 -6.90363e-05 -0.000249252 3.47995e-06
internal_weight=8990 2312 825 463 158 138 6678 586 217 163 132 1487 1334 153 82 117 84 305 362 57 113 6092 465 5627 713 605 4914 324 97 4590
internal_count=8990 2312 825 463 158 138 6678 586 217 163 132 1487 1334 153 82 117 84 305 362 57 113 6092 465 5627 713 605 4914 324 97 4590
is_linear=0
shrinkage=0.05


Tree=70
num_leaves=31
num_cat=0
split_feature=260 207 260 281 54 211 282 64 65 378 56 56 278 311 67 221 370 245 253 380 79 202 379 91 44 253 245 50 236 212
split_gain=0.000303054 0.000977501 0.000814785 0.00129958 0.00131081 0.00150933 0.00158313 0.000729024 0.000851034 0.000871855 0.000896017 0.000867 0.00078498 0.000784959 0.000734124 0.000679449 0.000593543 0.000540741 0.000755774 0.00130639 0.000721611 0.000535445 0.000520599 0.00055806 0.000705768 0.000487873 0.000449615 0.000446022 0.000433186 0.000398336
threshold=-1.3055703620275183 1.8070494174128682 -0.28327519458720735 1.8404749285869397 0.84871031746031711 0.51977301388840857 -0.0009291184011029906 -0.8004310875932138 -0.43007412171271392 -1.1419631057774604 0.15591931216931201 0.20519179894179904 -1.1808600203482154 0.00033068783068790011 0.46705697824221354 1.9286244805325834 -0.022605765561967996 -1.3590217372070288 0.11770752101213187 -0.021912567778736066 0.5884469516812616 -0.18569744280517855 -0.2210738648536256 -0.13096894685754248 0.73396164021164012 -0.14909003324891512 -2.2935518517223836 -1.2080224323328548 1.3120398459560587 -1.872023891422578
decision_type=8 10 10 10 2 10 10 2 2 10 2 2 10 10 2 10 10 10 10 10 2 10 10 2 2 10 10 2 10 10
left_child=1 -1 3 29 5 6 28 8 14 11 25 -10 -12 -13 16 17 -4 18 26 -20 21 -19 -17 -24 -25 -11 -9 -22 -5 -2
right_child=2 -3 7 4 -6 -7 -8 15 9 10 12 13 -14 -15 -16 22 -18 20 19 -21 27 -23 23 24 -26 -27 -28 -29 -30 -31
leaf_value=2.4709497036545819e-06 -7.5673897756605701e-05 0.00026384327035890832 0 -0.0005595072825804445 0 0 0 0.00012299927984828885 6.1020767850938223e-05 0.00011468362207626448 -9.2436835100102277e-06 -0.00029164216405601232 0.00011786015604351788 0 0 0 -0.00034313808195111619 0 0 -0.00023772297704012402 9.9447897799352764e-05 8.7382707079899254e-05 -4.9311944322213623e-06 -0.00018349049344352567 0 -7.0639078776573818e-05 -2.304116680336974e-05 -3.2690141855734638e-06 0 -6.4130711434407302e-07
leaf_weight=415 236 45 22 54 39 51 21 63 38 41 62 50 699 21 95 180 32 402 95 108 109 470 238 182 30 136 319 3375 20 1342
leaf_count=415 236 45 22 54 39 51 21 63 38 41 62 50 699 21 95 180 32 402 95 108 109 470 238 182 30 136 319 3375 20 1342
internal_value=0 3.8959e-05 -2.63651e-06 -3.32785e-05 -0.000161783 -0.000235777 -0.000353667 4.60812e-06 4.02779e-05 5.8697e-05 7.66672e-05 -5.00444e-05 0.000100935 -0.000179813 -5.55689e-05 -2.15267e-06 -0.000205997 3.1374e-06 -4.03702e-05 -0.000118313 1.0129e-05 5.08042e-05 -5.15711e-05 -8.13311e-05 -0.000143484 0 0 0 -0.000462536 -1.50354e-05
internal_weight=8990 460 8530 1763 185 146 95 6767 1196 1047 938 109 761 71 149 5571 54 4941 585 203 4356 872 630 450 212 177 382 3484 74 1578
internal_count=8990 460 8530 1763 185 146 95 6767 1196 1047 938 109 761 71 149 5571 54 4941 585 203 4356 872 630 450 212 177 382 3484 74 1578
is_linear=0
shrinkage=0.05


Tree=71
num_leaves=31
num_cat=0
split_feature=339 357 352 91 275 295 36 56 207 382 72 242 368 258 58 261 275 351 31 262 344 19 335 217 237 352 350 237 23 72
split_gain=0.000300907 0.000563935 0.000589646 0.00053043 0.000535723 0.000394231 0.000477219 0.000665534 0.000446554 0.000901846 0.0013485 0.00145597 0.000550871 0.000461638 0.000647534 0.000835229 0.000633821 0.0012745 0.000773164 0.00038048 0.000348283 0.000329983 0.000355404 0.000331701 0.000167184 0.000303379 0.000338449 0.000288183 0.000236312 1.00267e-06
threshold=-0.28768207245179361 0.00066137566137508552 0.023860023347056506 0.34914836660195053 -0.11382337331796565 -0.11622630264596211 0.0054563492063491505 0.74586640211640221 2.4032785117037041 0.90306142163998326 -0.10304803590084999 -1.020250543730699 -0.24935892495232981 1.7217644153580911 -0.52681670990201546 0.73878253196577337 -0.70051806827934426 0.013030837014770038 0.97007275132275106 -0.78297600811803725 0.0043697103620432979 -0.097060375419510583 -0.04087336794865503 -1.2379085163338095 -0.19719940225323682 -0.0019915875262743739 0.030791088696699779 -0.9397472895284712 0.0028108465608465004 -0.23171550019031797
decision_type=8 10 10 2 10 8 2 2 8 10 2 10 10 10 2 10 10 10 2 10 10 2 10 10 10 10 10 10 2 2
left_child=1 2 3 -1 -5 21 7 -7 13 10 12 -12 -10 14 15 -8 17 -15 -18 -16 29 -2 -23 -24 27 -26 -27 -3 -29 -11
right_child=5 24 -4 4 -6 6 8 -9 9 20 11 -13 -14 16 19 -17 18 -19 -20 -21 -22 22 23 -25 25 26 -28 28 -30 -31
leaf_value=0 0 0 0 0.00035699603645029753 0 0 0.00012186029232702991 -0.00028650205313270641 6.8646370077708976e-05 -9.8000628411166718e-06 0 -0.00035968315389873313 -9.8718890451541576e-05 -0.00018326729612832605 3.6522716667151846e-05 0 5.4110960997568403e-05 0 -6.4404007893915653e-05 -3.6912416834309119e-06 0.00017088062272962832 0 0 0.00027465804009192403 0 0.00020398644256078058 0 0 -0.00024343259173554774 0
leaf_weight=28 108 26 51 49 23 38 257 36 81 26 21 79 102 173 651 157 293 159 259 6069 37 36 20 45 29 40 21 24 28 24
leaf_count=28 108 26 51 49 23 38 257 36 81 26 21 79 102 173 651 157 293 159 259 6069 37 36 20 45 29 40 21 24 28 24
internal_value=0 4.71126e-05 0.000118397 0.000189437 0.00026118 -2.25246e-06 -4.4832e-06 -0.000132421 -2.75687e-06 -5.64685e-05 -0.000106685 -0.000256648 0 0 3.94468e-06 6.46325e-05 -3.43486e-05 -8.89505e-05 0 0 4.94076e-05 6.41126e-05 0.000129078 0.000198804 0 2.66538e-05 0.000116021 -6.73204e-05 -0.000143604 0
internal_weight=8990 319 151 100 72 8671 8462 74 8388 370 283 100 183 8018 7134 414 884 332 552 6720 87 209 101 65 168 90 61 78 52 50
internal_count=8990 319 151 100 72 8671 8462 74 8388 370 283 100 183 8018 7134 414 884 332 552 6720 87 209 101 65 168 90 61 78 52 50
is_linear=0
shrinkage=0.05


Tree=72
num_leaves=31
num_cat=0
split_feature=332 197 211 72 371 54 301 248 301 85 354 373 387 58 216 351 354 21 302 217 373 361 332 342 367 370 248 63 362 237
split_gain=0.000302151 0.000802073 0.000965613 0.000987376 0.000635207 0.0009942 0.00063327 0.000514094 0.00073256 0.000684951 0.000820109 0.00144106 0.00129475 0.000843124 0.000791417 0.000904256 0.000888054 0.00131775 0.000704789 0.000697467 0.000678721 0.000626704 0.000618013 0.000616721 0.000746352 0.000610186 0.000467519 0.00055026 0.000467191 0.000569946
threshold=0.0054255755342591536 -1.6048716751570034 -0.82642608117316907 -0.23714444348962496 -0.51126466051863384 0.22437169312169303 -0.0025466359947799995 0.78771253426859567 -0.0023009199022150368 0.25011264913939507 0.010041516060110724 0.001322751322751299 -0.38106131457731235 2.5180145092136805 0.088631451347822063 0.010974449748543615 -0.031114109993686908 1.2516283013413003 -0.017095953021228679 -0.68445286811719941 -0.0033068783068783045 0.0060259582743638082 -0.057414927416862264 -0.0093824045076473222 -0.34193121693121636 0.0061461793799344475 1.1096149433453706 0.71213624338624315 0.0019841269841269636 -0.83931431573132687
decision_type=10 10 10 2 10 2 10 8 10 2 10 10 10 2 10 10 10 2 10 10 10 10 8 10 10 10 10 2 10 10
left_child=7 2 -2 6 5 -5 -4 9 26 -1 14 12 -12 -14 16 21 -11 -18 -13 -20 -17 -16 -10 -24 -25 -26 -9 28 -28 -30
right_child=1 -3 3 4 -6 -7 -8 8 22 10 11 18 13 -15 15 20 17 -19 19 -21 -22 -23 23 24 25 -27 27 -29 29 -31
leaf_value=1.8911404876961234e-06 9.4246701747485223e-06 0 0 0 1.5401491151020496e-05 -0.00028984804012145959 -0.00030170226642599655 -2.1021416293679512e-05 1.5478732307702708e-05 1.0192576149981057e-05 0 0.00010415359004064733 0.00026994498144987253 0 6.9329386469342544e-05 0 -0.00028939830880864208 0 0 -0.00022028761300003721 0.00027380884634692381 -0.00013067728314110797 0 -0.00021594408321029578 0 -0.0001098106228324715 0 0 0 0.00020949112864176121
leaf_weight=4375 117 1295 31 20 117 49 99 160 253 226 41 90 185 33 123 29 71 90 62 52 73 57 386 122 278 230 70 92 40 124
leaf_count=4375 117 1295 31 20 117 49 99 160 253 226 41 90 185 33 123 29 71 90 62 52 73 57 386 122 278 230 70 92 40 124
internal_value=0 -1.92342e-05 -7.81408e-05 -0.000126373 -2.0635e-05 -0.000154033 -0.000239095 3.99768e-06 -1.84774e-05 1.20683e-05 4.69812e-05 9.90231e-05 0.000177286 0.00022843 3.48195e-06 7.34755e-05 -3.46103e-05 -0.000128505 0 -8.29226e-05 0.000192504 0 -4.01993e-05 -5.89849e-05 -8.97636e-05 -4.95833e-05 2.79513e-05 6.73188e-05 0.000110404 0.000156544
internal_weight=8990 1728 433 316 186 69 130 7262 1755 5507 1132 463 259 218 669 282 387 161 204 114 102 180 1269 1016 630 508 486 326 234 164
internal_count=8990 1728 433 316 186 69 130 7262 1755 5507 1132 463 259 218 669 282 387 161 204 114 102 180 1269 1016 630 508 486 326 234 164
is_linear=0
shrinkage=0.05


Tree=73
num_leaves=31
num_cat=0
split_feature=260 207 260 281 342 340 81 59 64 65 324 368 374 379 351 257 358 67 221 370 379 332 44 235 370 211 325 92 345 358
split_gain=0.000284405 0.000856148 0.000734474 0.00114666 0.00122981 0.00115627 0.00122892 0.000677064 0.000650172 0.000756224 0.000956355 0.00126502 0.00108793 0.0010125 0.00135504 0.00089281 0.000888002 0.000652939 0.000636775 0.000527717 0.00049124 0.000574818 0.000720235 0.000472426 0.000465669 0.000467938 0.000642002 0.000383525 0.000453529 0.000422224
threshold=-1.3055703620275183 1.8070494174128682 -0.28327519458720735 1.8404749285869397 0.045897324636558247 0.0012131906843890208 0.67030423280423312 -0.35537271961884648 -0.8004310875932138 -0.43007412171271392 0.01874260092665914 0.83821858081072043 -1.0000000180025095e-35 -0.0009661071694778699 -0.0029043321293319708 0.30911492343200536 -0.003654653091491072 0.46705697824221354 1.9286244805325834 -0.022605765561967996 -0.2210738648536256 -0.014636558520194186 0.7584325396825401 0.45354346697673192 0.124629867335523 -0.6080992218950152 0.038215109041712277 0.62318121693121664 -0.0019841269841269836 0.04384620603213394
decision_type=8 10 10 10 10 10 2 2 2 2 10 10 10 10 10 10 10 2 10 10 10 10 2 10 10 10 10 2 8 10
left_child=1 -1 3 27 5 23 -7 -3 9 17 13 12 -12 16 -15 -13 -11 19 24 -4 -20 -22 -23 -5 -10 -26 -27 28 29 -2
right_child=2 7 8 4 -6 6 -8 -9 18 10 11 15 -14 14 -16 -17 -18 -19 20 -21 21 22 -24 -25 25 26 -28 -29 -30 -31
leaf_value=2.8264733029699742e-06 -0.00012532152160066209 0.00046118644476643108 0 0 6.4501370815339519e-05 -0.00057896442441603222 0 0 8.8353919404270292e-06 -7.9533702328339894e-05 0.00013951206621630189 -0.00026071004262129418 -6.144002123790907e-06 9.9761244221000023e-06 0.00027259497217799319 0 0.00011044572072963135 0 0 -0.00032274622678309908 0 -0.00017405461125254618 0 -0.00017376773478453391 4.303864299226598e-07 -0.00011328674300505716 7.462862587171954e-05 1.2129612465769942e-05 -5.3734509486447825e-06 0
leaf_weight=415 214 21 22 54 21 39 27 24 4503 106 182 67 246 135 155 29 127 95 180 32 190 199 61 44 143 274 21 580 712 72
leaf_count=415 214 21 22 54 21 39 27 24 4503 106 182 67 246 135 155 29 127 95 180 32 190 199 61 44 143 274 21 580 712 72
internal_value=0 3.782e-05 -2.49046e-06 -3.16015e-05 -0.000152542 -0.000210826 -0.000389616 0.000248952 4.3553e-06 3.80521e-05 5.55437e-05 0 4.41325e-05 0.000103664 0.000167622 -0.000155668 2.57025e-06 -5.12787e-05 -1.98191e-06 -0.000193442 -4.9853e-05 -7.87892e-05 -0.000127544 -3.9174e-05 3.11085e-06 -4.43178e-05 -8.29456e-05 -1.42456e-05 -3.45831e-05 -8.97973e-05
internal_weight=8990 460 8530 1763 185 164 66 45 6767 1196 1047 524 428 523 290 96 233 149 5571 54 630 450 260 98 4941 438 295 1578 998 286
internal_count=8990 460 8530 1763 185 164 66 45 6767 1196 1047 524 428 523 290 96 233 149 5571 54 630 450 260 98 4941 438 295 1578 998 286
is_linear=0
shrinkage=0.05


Tree=74
num_leaves=31
num_cat=0
split_feature=333 345 246 78 345 348 66 218 66 254 221 40 364 319 69 359 200 256 258 48 48 221 219 207 382 73 332 33 374 366
split_gain=0.000292907 0.000678263 0.000557157 0.000479262 0.000457733 0.000403297 0.000511364 0.000565137 0.000362832 0.00135048 0.00110869 0.00176489 0.000955693 0.000804894 0.000898465 0.000772212 0.000907146 0.000928386 0.000836365 0.000804763 0.000736426 0.0006489 0.000707302 0.000485734 0.00100304 0.000739732 0.000469469 0.0004523 0.000311374 0.000203291
threshold=-0.049603174603175031 0.0092592592592591408 0.51063297688841436 0.52190806878306917 -1.0000000180025095e-35 -0.39174725364107255 0.24008612269265903 -0.63313056832543935 -0.90478308978315991 -1.0085853125446553 -1.6205485815146476 1.8326140227251042 0.045939785902828219 0.0085808832468284076 0.80079965797728592 -0.0048118664048626405 0.79362850883807912 0.39628467903054676 -1.2154264638224459 2.1285418050176004 1.5117874714062551 -2.6506172062486195 -0.9624868890460011 2.3746433219200731 1.0115263403876307 -0.27558098468965847 0.01212776794367232 -0.8808271814639167 -0.010078472774891987 0.721708722219641
decision_type=8 10 10 2 10 8 2 10 2 8 10 2 10 10 2 10 10 10 10 2 2 8 10 8 10 2 10 2 10 10
left_child=1 3 -3 29 -5 6 7 -2 10 12 11 20 13 14 -10 18 17 -17 27 -20 26 22 -11 25 -25 -23 -7 -12 -18 -1
right_child=5 2 -4 4 -6 8 -8 -9 9 21 15 -13 -14 -15 -16 16 28 -19 19 -21 -22 23 -24 24 -26 -27 -28 -29 -30 -31
leaf_value=0.00013043127206709999 0 0.00031141769793748025 0 0 -0.00021052342283808305 0.00023776847974205187 0 -0.00027556115753589846 -0.00029577011417031605 0 -0.00018141960107626761 0.00056065370433063433 0 0 0 -0.00030436045794208442 -1.1124916240060911e-05 0 8.4455333975787947e-05 -4.1391852750454875e-05 -8.9390849099835064e-07 3.1163137724381873e-05 -0.00031022494514552386 -0.00013523164515699283 6.7987439882499971e-05 -4.9511088525283684e-06 0 0 0.00014276347852439138 0
leaf_weight=63 32 39 29 39 40 60 118 49 116 44 56 24 78 28 25 65 21 59 517 109 98 1920 35 183 54 4918 20 80 38 33
leaf_count=63 32 39 29 39 40 60 118 49 116 44 56 24 78 28 25 65 21 59 517 109 98 1920 35 183 54 4918 20 80 38 33
internal_value=0 5.37911e-05 0.000187693 0 -8.94501e-05 -1.81651e-06 -7.21731e-05 -0.000168971 0 -4.2326e-06 2.59841e-05 0.000132465 -0.000119163 -0.000186759 -0.000236773 0 -8.87573e-05 -0.000172893 2.53073e-05 5.45536e-05 4.63747e-05 0 -0.000142656 1.3291e-06 -6.78313e-05 4.4583e-06 0.00016663 -7.25151e-05 3.46113e-06 7.66935e-05
internal_weight=8990 243 68 175 79 8747 199 81 8548 7401 1147 202 247 169 141 945 183 124 762 626 178 7154 79 7075 237 6838 80 136 59 96
internal_count=8990 243 68 175 79 8747 199 81 8548 7401 1147 202 247 169 141 945 183 124 762 626 178 7154 79 7075 237 6838 80 136 59 96
is_linear=0
shrinkage=0.05


Tree=75
num_leaves=31
num_cat=0
split_feature=237 350 237 39 382 39 331 339 210 229 354 292 245 324 276 322 310 365 307 67 13 384 339 347 254 52 345 299 335 332
split_gain=0.000271238 0.000596798 0.000549134 0.000587291 0.000574169 0.000541418 0.00061844 0.000528623 0.000633384 0.000934003 0.000534179 0.000505763 0.000654926 0.00047769 0.000607905 0.000507954 0.000434829 0.00042842 0.000422716 0.000422021 0.000932587 0.000733768 0.00050475 0.000761153 0.000536782 0.000420568 0.000512949 0.000393517 0.000463835 0.00057782
threshold=-0.55484624022628715 0.30898207326834098 -0.87192928142605608 -1.3462659784663547 -1.6678718189890003 -1.9017646818769747 0.0088970993721869691 -0.28768207245179361 -0.90220726948254748 1.8018309522402893 -0.21364867168870691 -0.00033068783068780199 -1.1482638552584323 0.037914792346011091 -1.3314789178266253 -0.0074673551237795502 -0.00058609316001045897 -0.055059523809523468 -0.00033068783068780199 -0.099889552631511391 0.0057870370370370012 -0.0011026342725304588 -0.018281193579154458 -0.0019849013064020533 -1.2089577985619184 -0.47171799845177992 0.0098379629629624949 0.25854472815512608 0.0032110812440498964 -0.03102356570592393
decision_type=10 10 8 2 10 2 10 10 10 10 10 10 10 10 10 8 10 10 10 2 2 10 10 10 10 2 10 10 10 10
left_child=2 7 27 4 -4 -6 -7 8 9 -2 13 -3 18 14 -9 -16 -5 -18 -13 20 21 -12 23 -21 -24 -19 -27 -1 29 -29
right_child=1 11 3 16 5 6 -8 10 -10 -11 19 12 -14 -15 15 -17 17 25 -20 22 -22 -23 24 -25 -26 26 -28 28 -30 -31
leaf_value=-6.8728199174728602e-06 0.00028561562191262141 0 0 2.2496151251540531e-05 0 -0.00032461691431611887 0 0 0 0 0.00050962328602703502 0 -1.2027443680636612e-05 0 0 0.00020101846726597574 0 0 -0.00034756952052772259 -0.00010599709126679532 0 0 5.623368478979025e-05 0 0 -0.00014240578279467144 0 0 0 0.00017934556815124667
leaf_weight=1124 68 76 23 260 39 70 32 64 97 26 20 28 164 213 78 136 240 61 42 273 20 21 455 439 4390 230 37 33 121 110
leaf_count=1124 68 76 23 260 39 70 32 64 97 26 20 28 164 213 78 136 240 61 42 273 20 21 455 439 4390 230 37 33 121 110
internal_value=0 4.83987e-06 -1.48272e-05 -4.3642e-05 -0.000136372 -0.00017833 -0.000239178 8.87054e-06 9.25503e-05 0.000184993 5.43435e-06 -6.09264e-05 -0.000101579 5.55551e-05 9.87141e-05 0.000140555 -1.92231e-05 -4.71219e-05 -0.000239742 1.63022e-07 0.000131366 0.000287021 -3.79798e-07 -4.04563e-05 4.47841e-06 -8.43155e-05 -0.000112557 2.16622e-06 5.95709e-05 0.000121048
internal_weight=8990 6610 2380 992 164 141 102 6300 191 94 6109 310 234 491 278 214 828 568 70 5618 61 41 5557 712 4845 328 267 1388 264 143
internal_count=8990 6610 2380 992 164 141 102 6300 191 94 6109 310 234 491 278 214 828 568 70 5618 61 41 5557 712 4845 328 267 1388 264 143
is_linear=0
shrinkage=0.05


Tree=76
num_leaves=31
num_cat=0
split_feature=353 281 255 89 363 89 220 207 77 49 385 381 342 71 52 379 355 241 374 72 261 315 199 279 91 348 254 54 287 319
split_gain=0.000270252 0.000817867 0.000729487 0.000485206 0.000683566 0.000653858 0.000816337 0.000742312 0.000421576 0.000405439 0.000355646 0.000818352 0.000503626 0.000829012 0.000775765 0.000665711 0.000385532 0.000549479 0.00070676 0.000995116 0.00073743 0.000663604 0.000574158 0.000590272 0.000545614 0.000955068 0.00170611 0.00143526 0.00082702 0.00107825
threshold=0.17384541259759365 1.9684212400860683 -2.0110841473586283 -0.97699314999633691 -0.022832971341470172 -0.49432831106456648 -0.4508340024427861 0.23043897577563943 0.24917328042328055 -0.23984400296597846 -1.7233832620203959 -0.34989173597044693 -0.014475025894597036 0.68998015873015917 -0.37673905603288999 -0.80020144657204229 -0.046974193898529963 0.46327481969322898 -0.0041385232055690382 -0.067070201145662631 0.22307806923435428 -0.033276673609117562 0.59119731637289874 0.046920316137127306 1.1468309827518051 -0.031573203560863954 0.52408413454066061 0.17642195767195804 -0.056519436117201886 -0.0043051358400372211
decision_type=10 10 10 2 10 2 10 10 2 2 8 10 10 2 2 10 8 10 10 2 10 10 10 10 2 10 10 2 10 10
left_child=10 3 -3 4 -2 6 7 -5 9 -7 11 -1 -13 14 -14 -16 17 18 19 20 -12 -19 23 -20 -18 28 27 -27 29 -26
right_child=1 2 -4 5 -6 8 -8 -9 -10 -11 16 12 13 -15 15 -17 24 21 22 -21 -22 -23 -24 -25 25 26 -28 -29 -30 -31
leaf_value=1.2060506048882623e-05 0.00023990773357815848 0.00044481639009668608 0 0 0 0 0 -0.00051884994749732739 4.0169214371551056e-05 -0.0001318846832387487 -0.00022241947026949637 0 0 0 0 -0.00026709305419004361 0 0 9.7366176181505409e-06 3.141075906658491e-06 0 -9.019081080623437e-05 -2.4646220887785955e-05 0.00015621007052014557 0 0 -6.4159577126140531e-06 0.00023566261116033483 3.4690193340597074e-05 -0.00028204590190950918
leaf_weight=286 52 22 22 21 42 143 55 20 557 74 106 116 25 94 20 139 4901 204 294 262 102 465 151 149 34 71 169 211 124 59
leaf_count=286 52 22 22 21 42 143 55 20 557 74 106 116 25 94 20 139 4901 204 294 262 102 465 151 149 34 71 169 211 124 59
internal_value=0 2.40086e-05 0.000240418 8.92086e-06 0.000117073 0 -0.000125533 -0.000294113 1.24632e-05 -3.56079e-05 -3.44166e-06 -3.80309e-05 -8.70727e-05 -0.000123578 -0.000185274 -0.000227838 0 -2.08109e-05 0 -4.42392e-05 -0.00012792 -5.63458e-05 3.77553e-05 7.03102e-05 6.18781e-06 4.85884e-05 9.27112e-05 0.000169823 -2.00836e-05 -0.00014678
internal_weight=8990 1008 44 964 94 870 96 41 774 217 7982 680 394 278 184 159 7302 1733 1064 470 208 669 594 443 5569 668 451 282 217 93
internal_count=8990 1008 44 964 94 870 96 41 774 217 7982 680 394 278 184 159 7302 1733 1064 470 208 669 594 443 5569 668 451 282 217 93
is_linear=0
shrinkage=0.05


Tree=77
num_leaves=31
num_cat=0
split_feature=330 216 355 80 238 277 299 374 378 377 19 75 357 385 291 336 30 19 325 79 277 232 267 329 326 379 207 239 342 381
split_gain=0.000272368 0.000603373 0.000618486 0.000605277 0.000444633 0.000923069 0.00111239 0.000479016 0.00061578 0.000534005 0.000497241 0.000451412 0.000595242 0.000566625 0.000636061 0.000607727 0.000819173 0.000432541 0.000428291 0.000509844 0.00044192 0.00101099 0.00062221 0.000369853 0.000374643 0.000334396 0.000480304 0.000350044 0.000339792 0.000329555
threshold=0.11135189527993108 -0.39660020476829211 -0.034861841536600206 0.64930555555555547 -2.1284998876220649 0.29444519570095357 0.025963413304107789 0.13318644607755339 0.0029915513438701076 0.028766215597281378 0.058980954808524062 0.87797619047619058 0.0033068783068774259 -1.7233832620203959 -0.058891517828195898 -0.0016534391534400448 -0.81039194551117644 -0.26446804580244293 -0.13158054216872603 0.64162758971710765 -1.67996338436884 -0.78958818358442073 -1.4695409005409952 -0.0049758095985308328 -0.06132708909982814 0.03506060291074576 -0.49177097719333768 -0.14957682589568863 -0.030050777154656493 0.00578432078051594
decision_type=10 10 10 2 8 10 10 10 10 10 2 2 10 8 10 10 2 2 8 2 8 10 10 10 10 10 10 10 10 10
left_child=4 2 -2 -4 5 7 -7 8 29 10 -10 13 25 14 -6 -16 -17 -14 19 -15 21 -20 -22 24 -19 27 -27 -13 -29 -1
right_child=1 -3 3 -5 11 6 -8 -9 9 -11 -12 12 17 18 15 16 -18 23 20 -21 22 -23 -24 -25 -26 26 -28 28 -30 -31
leaf_value=-0.00010398275951440373 0 0 -0.00038092892306277638 0 0 0.00045413667829904519 0 -0.00018833887052511664 0 0 0.00028450952156910844 0 1.2057472961729419e-05 0.0001806712134569219 0 0 -0.00027734975160285756 0 -3.2168722453244222e-05 0 -5.7036114068968315e-05 0.00012409550837496274 -8.9122306745227119e-07 0 0.00025161578715931159 0 0.00013167904794899143 0 -0.00012162927078459296 3.0700467528697947e-05
leaf_weight=70 28 132 36 21 315 30 33 24 27 28 55 188 228 70 106 82 88 37 127 65 562 213 5881 20 84 100 99 33 138 70
leaf_count=70 28 132 36 21 315 30 33 24 27 28 55 188 228 70 106 82 88 37 127 65 562 213 5881 20 84 100 99 33 138 70
internal_value=0 -5.55743e-05 -0.000160014 -0.00025542 1.08903e-06 5.76195e-05 0.000233041 0 3.70156e-05 0.000130742 0.000197949 -5.77208e-07 3.1619e-05 -5.21811e-06 -5.23433e-05 -0.000107819 -0.000166737 8.08882e-05 -4.68804e-07 8.66175e-05 -2.94043e-06 5.10324e-05 -6.56538e-06 0.000156666 0.000190349 0 5.09859e-05 -2.97777e-05 -8.35201e-05 -9.78506e-07
internal_weight=8990 217 85 57 8773 337 63 274 250 110 82 8436 927 7509 591 276 170 369 6918 135 6783 340 6443 141 121 558 199 359 171 140
internal_count=8990 217 85 57 8773 337 63 274 250 110 82 8436 927 7509 591 276 170 369 6918 135 6783 340 6443 141 121 558 199 359 171 140
is_linear=0
shrinkage=0.05


Tree=78
num_leaves=31
num_cat=0
split_feature=333 345 356 78 345 343 69 24 324 298 19 259 260 261 260 76 253 238 299 325 375 292 243 351 32 50 328 241 19 374
split_gain=0.000268072 0.000601838 0.000599471 0.000418422 0.000411108 0.000374941 0.00110328 0.000780076 0.000690279 0.000493743 0.000418316 0.000377317 0.000349349 0.000862209 0.0004917 0.000468134 0.000411229 0.000759001 0.000702919 0.000698466 0.000676104 0.000800763 0.00062829 0.00061021 0.000562728 0.000555634 0.000400449 0.000415375 0.000367719 0.000290801
threshold=-0.049603174603175031 0.0092592592592591408 0.016038070124841156 0.52190806878306917 -1.0000000180025095e-35 0.03753306878306855 -0.33512575443982667 0.98892195767195801 -0.087094298428467706 -0.00093349800801001404 0.31313589505668105 -0.43885942623208107 -1.3055703620275183 -0.27011452779272888 -2.528218043425011 -0.098263201550151738 0.09672820694190068 -0.39503926434546172 0.98445020504373415 0.012390357936851617 -0.19748144759674482 -0.00033068783068780069 2.0740014173114569 0.012391399659103521 0.33085317460317504 -2.2362441891424596 0.05471417887489774 1.3187283840573627 1.0016095670595402 0.011080530805828106
decision_type=8 10 10 2 10 10 2 2 10 10 2 10 8 10 10 2 8 10 10 10 8 10 10 10 2 2 10 10 2 10
left_child=1 3 -3 -1 -5 12 7 8 -7 29 -11 -10 13 14 -2 -16 17 19 20 25 24 -22 -21 -20 -18 -14 28 -28 -19 -8
right_child=5 2 -4 4 -6 6 9 -9 11 10 -12 -13 16 -15 15 -17 18 26 23 22 21 -23 -24 -25 -26 -27 27 -29 -30 -31
leaf_value=7.2462558012950136e-05 0 0.00027538468019507745 0 0 -0.00019781986078002621 0 -0.00011813702198109005 0 0 0 0.00030430318544719261 -0.0003693001106682077 0.00022496554460204308 0 0 0.00025019958720360773 0.00013094775399481807 -2.6252825298351742e-06 -0.00027020701948025401 0.00017045915404392242 1.627985411743501e-05 -4.7519258777917291e-05 0 0 0 9.6319222506911154e-07 -8.2648240095652031e-05 1.1837898726365484e-05 6.5807768001004455e-05 0
leaf_weight=96 29 48 20 39 40 21 56 31 22 33 24 61 31 274 43 86 126 3881 53 175 616 1385 66 34 247 854 306 57 206 30
leaf_count=96 29 48 20 39 40 21 56 31 22 33 24 61 31 274 43 86 126 3881 53 175 616 1385 66 34 247 854 306 57 206 30
internal_value=0 5.14885e-05 0.000177644 0 -8.27355e-05 -1.71425e-06 -5.88472e-05 -0.000165799 -0.000233258 7.2259e-06 0.000144113 -0.000298203 0 4.39524e-05 0.000137527 0.000180787 -2.19248e-06 4.60718e-06 -1.963e-05 4.16826e-05 -1.22152e-05 -2.53805e-05 0.000120779 -0.000164306 4.49979e-05 1.44832e-05 -3.65131e-06 -5.40421e-05 0 -2.54915e-05
internal_weight=8990 243 68 175 79 8747 278 135 104 143 57 83 8469 432 158 129 8037 5576 2461 1126 2374 2001 241 87 373 885 4450 363 4087 86
internal_count=8990 243 68 175 79 8747 278 135 104 143 57 83 8469 432 158 129 8037 5576 2461 1126 2374 2001 241 87 373 885 4450 363 4087 86
is_linear=0
shrinkage=0.05


Tree=79
num_leaves=31
num_cat=0
split_feature=348 76 277 321 66 65 354 10 322 54 331 241 284 327 235 199 375 359 259 49 220 254 230 359 372 48 76 248 241 356
split_gain=0.000268038 0.000648856 0.000667556 0.000362565 0.000713848 0.000907993 0.000867262 0.000987959 0.000948332 0.000435918 0.000979189 0.000720948 0.00147203 0.000803326 0.000582422 0.000698166 0.000580234 0.000496919 0.000569421 0.000482486 0.000474888 0.000437422 0.000936607 0.000850518 0.000750776 0.000693285 0.000518938 0.000494121 0.000375088 0.000366986
threshold=0.3428917994410276 0.39053155858649657 0.78215558610907654 0.021111149028490265 -0.15913088492293945 -0.11434778366731106 0.0083046846240159029 0.98263888888888917 0.0092627096658543535 0.68468915343915304 0.013917110298286685 0.75617667604501959 -0.00033068783068789307 -0.16317565636804696 -1.4114345369340981 -0.5871297528626056 0.030276865477720075 -0.056987669363062536 -0.47686007164737537 -0.61412614569825885 -0.84277483046474611 -0.61686819398184001 1.1671393845004998 -0.016864933926834965 -0.00048994595047013856 1.4140813181877403 1.5088972833397232 0.71516178326029944 0.091871306093809418 -0.0033750877008095754
decision_type=10 2 10 10 2 2 10 2 10 2 10 10 10 10 10 8 10 8 10 2 10 10 10 10 10 2 2 10 10 10
left_child=3 -2 -3 9 5 -5 7 8 -7 17 11 14 13 -13 15 -11 -16 18 -1 -20 -21 22 25 27 -24 -19 -25 -23 -12 -6
right_child=1 2 -4 4 29 6 -8 -9 -10 10 28 12 -14 -15 16 -17 -18 21 19 20 -22 23 24 26 -26 -27 -28 -29 -30 -31
leaf_value=0 0 0.00026443558535626811 0 0 4.9811663084300115e-05 0 0 0 -0.00051589043282577465 0.00012924372281346283 0.00010468138739624602 0 0 -0.0002251839370757409 -6.5007225670488965e-05 -1.1534062797266947e-05 1.3638163591256671e-05 0 0 0 0.00023131096415770713 0.00014089401224336604 0 8.2534481720350306e-07 0.00028412408334747407 -9.010071047466732e-05 0.00013039683432451195 0 0 -3.1435815582329245e-05
leaf_weight=77 372 56 22 168 237 23 78 31 45 141 168 26 252 190 553 95 255 381 60 21 100 194 78 4216 36 449 81 91 161 333
leaf_count=77 372 56 22 168 237 23 78 31 45 141 168 26 252 190 553 95 255 381 60 21 100 194 78 4216 36 449 81 91 161 333
internal_value=0 3.74667e-05 0.000169882 -2.11674e-06 -3.20426e-05 -8.88476e-05 -0.000167928 -0.000268838 -0.000376088 8.19013e-07 -1.96032e-05 -3.85843e-05 -9.18741e-05 -0.000187919 -9.90039e-06 5.14163e-05 -3.40012e-05 8.18392e-06 7.72151e-05 0.000127897 0.000185534 4.05483e-06 -2.53857e-05 1.12119e-05 9.53469e-05 -4.80012e-05 4.43437e-06 9.5823e-05 5.24209e-05 0
internal_weight=8990 450 78 8540 915 345 177 99 68 7625 1841 1512 468 216 1044 236 808 5784 258 181 121 5526 944 4582 114 830 4297 285 329 570
internal_count=8990 450 78 8540 915 345 177 99 68 7625 1841 1512 468 216 1044 236 808 5784 258 181 121 5526 944 4582 114 830 4297 285 329 570
is_linear=0
shrinkage=0.05


Tree=80
num_leaves=31
num_cat=0
split_feature=73 365 253 75 253 323 72 324 79 56 72 213 54 311 50 321 259 310 50 303 265 361 73 346 19 322 47 344 370 27
split_gain=0.000255864 0.000566689 0.000872183 0.000545457 0.000399905 0.000576406 0.000780767 0.00084859 0.000874984 0.00106862 0.000510629 0.000821287 0.000502616 0.000465847 0.000423045 0.000394204 0.00036144 0.000357602 0.000332039 0.000557703 0.000865214 0.000745291 0.000428471 0.000781875 0.000724471 0.000497408 0.000389561 0.000363553 0.000408625 0.000334857
threshold=-1.9090376702397247 -0.12681878306878297 1.8199176925170206 0.11937830687830701 1.5570284529349372 -0.1716144152721909 -0.85748547643121786 0.0063829256564969386 0.31682270786528605 0.087632275132275159 0.40253926102895604 -0.83648644414421025 0.84424603174603208 -0.00033068783068790174 -2.7957776129254568 -0.0055398946567781484 -0.6547137421331215 0.00086438655534748509 1.2983294445077003 -0.00033068783068789946 0.24905259169708144 -0.45067233719141242 -0.27558098468965847 -0.0052910546652675172 -0.50554252253602849 0.0085003002635277731 0.78488756613756616 0.062566419910917243 0.039367255117000545 -1.8695063141295372
decision_type=2 8 10 2 8 10 2 10 2 2 2 10 2 8 2 8 10 10 2 10 10 10 2 10 2 10 2 10 10 2
left_child=1 2 -1 -4 14 13 -7 10 9 -9 11 -8 -12 17 -2 16 -15 -6 22 26 21 -21 23 25 -25 -16 -20 29 -29 -24
right_child=4 -3 3 -5 5 6 7 8 -10 -11 12 -13 -14 15 18 -17 -18 -19 19 20 -22 -23 27 24 -26 -27 -28 28 -30 -31
leaf_value=0 0.00018682056555817939 0 0 0.00035975567462098875 -0.00018915600612466043 6.7280274444244206e-05 0 0 0 -0.00029175527358477537 0.00012384296169612542 -0.00014934818853247554 -2.5727355450092726e-05 0 0 0 0.0001623718386514554 0 0 0 0 -0.00019314182609976322 -0.00012033096814117282 0 7.7927266207546242e-05 -0.00010690286610488265 0.00013779521472810202 0 -0.0002076884142475248 2.1828975374314182e-06
leaf_weight=49 31 178 20 43 44 66 93 30 73 128 90 149 53 44 333 272 90 36 54 33 195 161 56 288 784 124 58 157 45 5213
leaf_count=49 31 178 20 43 44 66 93 30 73 128 90 149 53 44 333 272 90 36 54 33 195 161 56 288 784 124 58 157 45 5213
internal_value=0 4.61312e-05 0.000134704 0.00025844 -1.60107e-06 -2.91383e-05 -5.96521e-05 -8.13762e-05 -0.000161733 -0.000228191 -2.01492e-05 -7.24972e-05 3.3488e-05 3.39894e-06 2.00568e-06 3.46062e-05 0.000104765 -9.24012e-05 5.72832e-07 -3.78632e-05 -7.13956e-05 -0.000146158 4.03853e-06 2.76665e-05 5.24593e-05 -1.95509e-05 3.39587e-05 -1.65136e-06 -6.76093e-05 0
internal_weight=8990 290 112 63 8700 1168 682 616 231 158 385 242 143 486 7532 406 134 80 7501 501 389 194 7000 1529 1072 457 112 5471 202 5269
internal_count=8990 290 112 63 8700 1168 682 616 231 158 385 242 143 486 7532 406 134 80 7501 501 389 194 7000 1529 1072 457 112 5471 202 5269
is_linear=0
shrinkage=0.05


Tree=81
num_leaves=31
num_cat=0
split_feature=369 246 315 244 301 250 207 66 229 298 269 252 308 250 357 251 21 202 85 380 311 67 20 344 59 284 380 73 20 14
split_gain=0.000250065 0.000543825 0.000439846 0.000541978 0.000316744 0.000860972 0.000662867 0.000633191 0.000754111 0.000906517 0.000647032 0.000539492 0.000498635 0.000498446 0.000586773 0.000755779 0.000500771 0.000497642 0.000597349 0.000685776 0.000494479 0.000488195 0.000483879 0.000471553 0.000708691 0.000660225 0.000600479 0.000591284 0.000812346 0.00147528
threshold=-0.89996147956708061 1.5369523719312157 -0.018853130768613998 -0.71404710645147917 -0.003085235235574912 0.84363681892076858 -1.0056769495561106 1.8591912316209502 -0.50745754726893144 0.0009359833733434687 -0.041439227363785282 0.72916516145814858 -0.014286686222028775 0.94229561328942957 0.00066137566137494674 -0.29767380235934499 1.2848575181350801 -1.1220980674290419 -0.46110052402475193 0.19389168769367562 -0.00033068783068779961 1.8352398011144779 0.43831377555611434 -0.0042489989832801825 0.46846371502170153 0.00033068783068799379 -0.14509170722693046 -0.27558098468965847 -0.80075893202736637 0.004464285714285701
decision_type=8 10 10 10 10 10 10 2 10 10 10 10 8 8 10 8 2 10 2 10 10 2 2 10 2 10 10 2 2 2
left_child=1 2 -1 -4 5 7 -7 8 9 12 -9 -11 -2 23 15 21 20 -8 -19 -20 -16 -15 -18 24 -6 26 -26 28 29 -25
right_child=4 -3 3 -5 13 6 17 10 -10 11 -12 -13 -14 14 16 -17 22 18 19 -21 -22 -23 -24 27 25 -27 -28 -29 -30 -31
leaf_value=0 8.9365616303289675e-05 6.3929218562525157e-06 0 -0.00022629269083930615 0 -3.5989679976069324e-05 0 -0.00025509902471947116 -1.96185450672094e-05 0.00020839045311187964 0 0 -2.8606084444912461e-05 -0.00014557545793679512 -7.5061653593270484e-06 0 -0.00014486028073580693 0 0.0002221214424797322 0 8.8167239986468467e-05 -7.1947764864322644e-06 0 0.00023676713813422734 0 0 -0.00018989640870428141 0 1.5095046146293274e-05 0
leaf_weight=84 133 151 56 86 1192 41 58 47 639 124 50 25 225 273 120 242 85 116 182 31 245 192 200 137 45 93 152 3016 853 97
leaf_count=84 133 151 56 86 1192 41 58 47 639 124 50 25 225 273 120 242 85 116 182 31 245 192 200 137 45 93 152 3016 853 97
internal_value=0 -3.99248e-05 -9.29749e-05 -0.000146604 1.6717e-06 2.15513e-05 8.27097e-05 0 1.08732e-05 5.91599e-05 -0.000122095 0.000164619 1.27153e-06 -2.39351e-06 -2.99911e-05 -6.16513e-05 0 0.000108208 0.000132487 0.000184704 4.30247e-05 -9.92018e-05 -4.49515e-05 3.41713e-06 -1.94613e-05 -8.96787e-05 -0.000142166 1.28997e-05 4.45851e-05 0.000130674
internal_weight=8990 377 226 142 8613 1671 428 1243 1146 507 97 149 358 6942 1357 707 650 387 329 213 365 465 285 5585 1482 290 197 4103 1087 234
internal_count=8990 377 226 142 8613 1671 428 1243 1146 507 97 149 358 6942 1357 707 650 387 329 213 365 465 285 5585 1482 290 197 4103 1087 234
is_linear=0
shrinkage=0.05


Tree=82
num_leaves=31
num_cat=0
split_feature=248 207 64 326 364 201 250 245 379 321 250 332 32 50 367 297 49 76 80 54 200 85 53 229 279 307 64 331 66 383
split_gain=0.000257211 0.000599715 0.000691364 0.000774721 0.000752582 0.000640683 0.00110943 0.000886182 0.00109491 0.000888962 0.000581156 0.000557191 0.000911907 0.000641861 0.000832196 0.000585907 0.000561113 0.000648585 0.000634292 0.000484187 0.000638671 0.000662274 0.000922262 0.000580619 0.000566249 0.000464706 0.000895748 0.0014641 0.00102033 0.000868443
threshold=0.78771253426859567 1.0749318964116257 -0.86152383841989233 0.020761203377023977 0.064217216154653381 -0.49448891732087619 -1.3066553369046765 -2.5235401801239878 1.0068316117434473 -0.034756121122492926 -0.44176189106981806 0.0095981892956169008 0.37251984126984106 -1.1549963195240747 -0.24785052910052896 0.001317489472635103 -0.53604151645285592 0.15781922366796705 0.27876984126984106 0.34904100529100507 1.0235895420864753 -0.088436766962576449 -0.68165432258096892 1.7142461792773291 -0.32726767591724565 -0.00033068783068779993 -0.58952172045270246 0.0026185577204161374 1.6778766236244851 -0.061204321889698085
decision_type=8 10 2 10 10 10 10 10 10 10 10 10 2 2 10 10 2 2 2 2 10 2 2 10 10 10 2 10 2 10
left_child=11 2 3 4 -2 -3 -7 -8 9 -9 -5 15 13 -13 -15 25 -17 -18 -19 -4 23 -22 -23 24 -21 -1 27 29 -29 -27
right_child=1 5 19 10 -6 6 7 8 -10 -11 -12 12 -14 14 -16 16 17 18 -20 20 21 22 -24 -25 -26 26 -28 28 -30 -31
leaf_value=-1.2597954369826414e-05 0.00024320635652476418 0 5.1811592133417928e-06 -0.00016612743089408332 0 0 0 0 0 -0.00032634341421441482 5.8809229795514769e-05 0 0 0 -0.0002115705045260083 0 3.1285991440798826e-05 0 0.00029475922023212324 -2.2100314398514725e-05 0 0 -0.00037499856558123449 -0.00016131723506203666 9.816821184978511e-05 8.3553676436140558e-05 3.1938189802536534e-06 0.0001812658531303238 0 -9.6585635099304741e-05
leaf_weight=1923 88 166 911 40 28 63 26 20 22 127 100 86 672 76 151 166 239 22 74 351 100 34 50 57 129 117 2670 287 50 145
leaf_count=1923 88 166 911 40 28 63 26 20 22 127 100 86 672 76 151 166 239 22 74 351 100 34 50 57 129 117 2670 287 50 145
internal_value=0 -1.45053e-05 0 7.37462e-05 0.000169348 -6.84273e-05 -0.000117896 -0.000180566 -0.000225207 -0.00027733 0 4.84179e-06 -2.84731e-05 -9.91566e-05 -0.000143601 1.14846e-05 6.41493e-05 0.000101685 0.000224705 -1.43398e-05 -4.59362e-05 -0.000129427 -0.000237396 -8.00059e-06 0 5.43858e-06 1.75782e-05 7.33382e-05 0.000142888 0
internal_weight=8990 2312 1888 256 116 424 258 195 169 147 140 6678 985 313 227 5693 501 335 96 1632 721 184 84 537 480 5192 3269 599 337 262
internal_count=8990 2312 1888 256 116 424 258 195 169 147 140 6678 985 313 227 5693 501 335 96 1632 721 184 84 537 480 5192 3269 599 337 262
is_linear=0
shrinkage=0.05


Tree=83
num_leaves=31
num_cat=0
split_feature=211 359 204 252 247 248 373 257 27 34 219 85 345 229 358 215 352 247 85 197 366 263 247 281 338 85 60 248 213 222
split_gain=0.000245371 0.00054041 0.000645452 0.000769939 0.000805627 0.00093257 0.00062027 0.000667648 0.000641783 0.000620254 0.000557081 0.000553488 0.000580009 0.000660195 0.000567243 0.00043123 0.000415499 0.000608022 0.000968059 0.00107865 0.00112764 0.000841718 0.000810196 0.00087118 0.00116032 0.00053702 0.00146469 0.00112825 0.000779423 0.000702258
threshold=-0.82642608117316907 -0.007519807043599557 -1.9184025593767957 -0.043176662787241284 0.58381966985952793 1.2375531103413986 -0.0026455026455026016 -0.55659578053839287 -0.44928488977132092 0.033399470899470908 -0.99701944091838091 0.17710035548593003 0.0053736772486775311 1.8720294584258308 0.21838908573896634 -1.9140470292062919 -0.0052642416228460545 -0.14979985765703174 -0.64267453672749342 -1.4958866385776504 -1.5328518435457432 1.2052497985047237 0.22645760223953046 1.8568149633176232 -0.00033068783068793123 1.2136590496436661 0.62615740740740711 -0.9832875764716289 -1.3609603580907954 -0.4301574821791167
decision_type=8 10 10 10 10 10 10 10 2 2 10 2 10 10 10 8 8 10 2 10 10 10 10 10 10 2 2 10 10 10
left_child=1 2 -1 4 5 9 7 8 -3 -4 -10 -8 13 14 -13 -2 17 18 -17 20 -20 -21 -19 -24 -25 -18 27 -27 -29 -28
right_child=15 6 3 -5 -6 -7 11 -9 10 -11 -12 12 -14 -15 -16 16 25 22 19 21 -22 -23 23 24 -26 26 29 28 -30 -31
leaf_value=-3.14440894379006e-05 5.259968936306626e-05 0 0 9.1956664796871241e-06 0 0 0 0 0 0.000338876191377292 -0.00036817955206609672 0.00020586961817264699 0 0 0 0 -3.9087791323525079e-06 7.6710250737455771e-05 0 0 -0.00021267310563362931 -0.00012736222458387632 -3.4610997779743887e-06 0 -0.00046729193667582501 0 -0.00018681388084130506 0 0.00023336936840584325 0
leaf_weight=91 297 70 21 281 60 26 680 244 22 97 43 148 59 34 24 451 3946 274 28 375 230 159 870 26 25 61 60 32 172 84
leaf_count=91 297 70 21 281 60 26 680 244 22 97 43 148 59 34 24 451 3946 274 28 375 230 159 870 26 25 61 60 32 172 84
internal_value=0 1.58756e-05 5.63595e-05 8.31442e-05 0.000160452 0.000224592 0 -5.57009e-05 -0.000145123 0.00028511 -0.000261444 1.99057e-05 8.14384e-05 0.000124765 0.000168024 -4.35602e-06 -7.58299e-06 -2.42007e-05 -4.86979e-05 -8.23231e-05 -0.000171466 -2.98686e-05 0 -2.11636e-05 -0.000224702 5.72166e-07 5.60163e-05 0.000131778 0.000190723 -4.87035e-05
internal_weight=8990 1900 576 485 204 144 1324 379 135 118 65 945 265 206 172 7090 6793 2438 1243 792 258 534 1195 921 51 4355 409 265 204 144
internal_count=8990 1900 576 485 204 144 1324 379 135 118 65 945 265 206 172 7090 6793 2438 1243 792 258 534 1195 921 51 4355 409 265 204 144
is_linear=0
shrinkage=0.05


Tree=84
num_leaves=31
num_cat=0
split_feature=348 383 300 321 54 72 283 378 284 19 252 293 19 54 331 348 342 341 318 19 300 359 52 46 254 42 65 359 229 64
split_gain=0.000242216 0.000591051 0.000773875 0.00033828 0.00069182 0.000769159 0.00118555 0.000967531 0.000688603 0.000901865 0.000611794 0.000411815 0.00039881 0.000398366 0.000880702 0.000680625 0.000843138 0.00118185 0.00104145 0.0005555 0.000877107 0.000428609 0.000536426 0.000587479 0.000368319 0.000812843 0.000846148 0.000754889 0.000607112 0.000451934
threshold=0.3428917994410276 -0.022132772258243835 -0.0081843553119659972 0.021111149028490265 0.70932539682539708 0.25691367591044606 -0.001295926488540988 0.00055932665200036935 -0.00033068783068797286 0.95335719684167908 -0.7660244894747047 -0.062581571477007256 0.14193507266641153 0.68468915343915304 0.013917110298286685 -0.087296948490008561 -0.00066489371500067418 -0.014550264550264888 -0.16006696029744402 0.10350993189040351 0.0029477186588949549 -0.056987669363062536 0.53097630564735165 0.48875661375661456 -0.61686819398184001 -0.14187629162780649 -0.43442911475373741 -0.016864933926834965 -2.2152472325118691 -1.1059143605698099
decision_type=8 8 10 10 2 2 10 10 10 2 10 10 2 2 10 10 10 10 10 2 10 10 2 2 10 2 2 10 10 2
left_child=3 2 -2 13 5 6 7 -5 9 -6 -9 12 -10 21 15 19 17 -17 -18 -15 -21 22 -1 -24 25 28 -27 -26 -23 -29
right_child=1 -3 -4 4 8 -7 -8 10 11 -11 -12 -13 -14 14 -16 16 18 -19 -20 20 -22 24 23 -25 27 26 -28 29 -30 -31
leaf_value=0 0.00020790108820036322 0 0 -1.5816607734453588e-05 0 0 0 0 0 0.0004385412066734535 -0.00037063752844554041 6.5073659009746925e-05 -0.00020301089614787487 -1.9110170130314132e-05 4.9199572819725878e-05 -0.00014685652837433539 2.6874023407256656e-05 4.1731745975970243e-05 -0.00012178400164185664 0.00019394935098842838 0 0.00029517501273045705 0.00018746310673598094 0 9.0228772745035905e-05 9.8136202612547939e-07 -0.0001034893205722004 -9.8169428089283045e-05 0 7.6322972887413496e-06
leaf_weight=95 92 269 110 113 43 250 225 44 35 22 81 59 43 281 329 110 84 333 565 93 46 21 118 45 285 202 404 99 297 4197
leaf_count=95 92 269 110 113 43 250 225 44 35 22 81 59 43 281 329 110 84 333 565 93 46 21 118 45 285 202 404 99 297 4197
internal_value=0 3.47387e-05 0.00010062 -2.0848e-06 -3.09859e-05 -5.72116e-05 -9.58769e-05 -0.000174147 3.68252e-05 0.000175083 -0.000277182 0 -9.98895e-05 7.3573e-07 -1.87458e-05 -3.68392e-05 -5.84453e-05 0 -9.48391e-05 7.43521e-06 9.70194e-05 7.82696e-06 7.20691e-05 0.000128225 3.90665e-06 -2.32904e-05 -6.04219e-05 1.04842e-05 3.17481e-05 4.02805e-06
internal_weight=8990 471 202 8519 915 713 463 238 202 65 125 137 78 7604 1841 1512 1092 443 649 420 139 5763 258 163 5505 924 606 4581 318 4296
internal_count=8990 471 202 8519 915 713 463 238 202 65 125 137 78 7604 1841 1512 1092 443 649 420 139 5763 258 163 5505 924 606 4581 318 4296
is_linear=0
shrinkage=0.05


Tree=85
num_leaves=31
num_cat=0
split_feature=353 316 208 225 260 19 48 322 244 333 277 261 29 383 380 335 207 73 385 324 276 60 302 287 371 228 383 322 24 352
split_gain=0.000241274 0.000775305 0.000941703 0.00114276 0.000471219 0.00127896 0.00117411 0.000983467 0.00129035 0.000919394 0.0005204 0.000732164 0.000715795 0.00048812 0.00046151 0.000755324 0.000441252 0.000407813 0.000772338 0.000932261 0.00114456 0.0011363 0.000891157 0.000823911 0.000797599 0.00118372 0.00117381 0.00110497 0.000691351 0.000679558
threshold=0.17384541259759365 -0.028622125686890005 -1.2900630152703891 1.7381284805174122 -0.28327519458720735 -0.059718762984434792 0.26410554983404355 -0.011275538328892941 1.2478677749044993 0.016534391534390989 0.63032404963967614 -1.3524189359265453 0.52166005291005313 0.11967555643887724 -0.01173723294835141 0.0071158894034126794 1.0749318964116257 -0.30323842069971091 -0.48219984720377079 0.028100740226453428 -1.0524563183804687 0.81927910052910058 0.044355658362664759 -0.0027700901878091595 -1.0974632332273038 0.99397681760644196 0.31345700466822207 -0.011099057308952302 0.5431547619047622 0.0093350381061895766
decision_type=8 8 10 10 10 2 2 10 10 10 10 10 2 10 8 10 10 2 10 10 10 2 10 10 10 10 10 10 2 10
left_child=4 2 3 16 5 -1 7 -7 9 -9 11 12 -8 -12 15 -3 -2 18 24 20 -20 -22 23 -21 26 -26 27 -6 -24 -28
right_child=1 14 -4 -5 17 6 10 8 -10 -11 13 -13 -14 -15 -16 -17 -18 -19 19 22 21 -23 28 -25 25 -27 29 -29 -30 -31
leaf_value=0 0 -0.00013413830534244879 1.851184925534607e-05 0 -5.1991938983976474e-05 0 0 -0.00037101720073288665 0 0 -0.00023578806271477905 -1.2231795443768074e-05 0.00032092720932497027 0 2.5028923964460923e-05 0 0.00054437151879609862 -4.2168585525468858e-06 0 0 0.00018547883809605614 0 0 -0.00015226138174876254 0 -0.00025676716934876096 -0.00019797676225288436 0.00014487592453159444 0.00011606837208565108 0
leaf_weight=1374 26 161 351 45 61 69 20 111 64 21 45 202 35 25 291 126 29 4233 106 168 314 50 161 125 130 76 72 214 232 53
leaf_count=1374 26 161 351 45 61 69 20 111 64 21 45 202 35 25 291 126 29 4233 106 168 314 50 161 125 130 76 72 214 232 53
internal_value=0 2.26991e-05 7.33882e-05 0.000215843 -3.02695e-06 -2.45932e-05 -8.60724e-05 -0.000166059 -0.000223196 -0.000313642 -5.93452e-06 9.94738e-06 0.000182024 -0.000135501 -8.20926e-06 -5.93232e-05 0.00036944 3.21177e-06 2.38949e-05 4.90725e-05 0.000104195 0.000147905 4.00946e-06 -5.35496e-05 -1.58843e-05 -9.99255e-05 1.49141e-05 8.30288e-05 5.96445e-05 -9.49168e-05
internal_weight=8990 1029 451 100 7961 1966 592 265 196 132 327 257 55 70 578 287 55 5995 1762 1156 470 364 686 293 606 206 400 275 393 125
internal_count=8990 1029 451 100 7961 1966 592 265 196 132 327 257 55 70 578 287 55 5995 1762 1156 470 364 686 293 606 206 400 275 393 125
is_linear=0
shrinkage=0.05


Tree=86
num_leaves=31
num_cat=0
split_feature=353 316 208 221 333 260 281 62 257 77 70 274 242 339 325 228 273 24 274 344 369 40 89 364 249 363 77 359 73 9
split_gain=0.000234015 0.00071382 0.000867519 0.000942529 0.000500598 0.00042477 0.000912758 0.00141279 0.00139726 0.000956221 0.000636836 0.000576825 0.000573347 0.000783527 0.000859716 0.000426887 0.000406598 0.001071 0.00085539 0.000637825 0.00053374 0.000705625 0.000675858 0.000525169 0.000802499 0.00087976 0.00117093 0.000614555 0.00124093 0.000944573
threshold=0.17384541259759365 -0.028622125686890005 -1.2900630152703891 1.814783449452088 -0.0059523809523810136 -0.28327519458720735 1.8568149633176232 0.28356481481481505 -0.1800086646620522 0.24487433862433902 0.6881613756613757 0.48343197020825784 0.22566144782902228 0.0011876490144524523 -0.020224546503106341 0.8147109157048672 2.1564698246686378 0.85664682539682513 0.29301967192324246 -0.013473453685664811 -0.11900792132035666 -0.0096428820778655475 0.46346848884084907 0.0065508485833479799 1.8083639500645587 0.027550468343032906 0.79877645502645511 -0.0033987010652041234 0.10786795294666902 1.8652285817232801
decision_type=8 8 10 10 10 10 10 2 10 2 2 10 10 10 10 10 10 2 10 10 10 2 2 10 10 10 2 10 2 2
left_child=5 2 3 4 -2 6 11 10 9 -9 -8 12 -1 14 -14 -13 23 20 19 -19 -18 -22 -23 27 -25 -26 -27 28 29 -7
right_child=1 -3 -4 -5 -6 16 7 8 -10 -11 -12 15 13 -15 -16 -17 17 18 -20 -21 21 22 -24 24 25 26 -28 -29 -30 -31
leaf_value=-8.2102430190101501e-07 0 -6.9713399316337219e-06 1.7586519629050916e-05 0 0.00052224668746980556 0.00020375169570940356 -3.1151498700966421e-05 0 0 -0.00044071398360714665 0.00027037818852141147 0 0 0 -0.000203194572789054 0.00011256343470163314 -0.00013812297499934037 0 0 0.00032426526143669804 -1.0758584770736921e-05 0.00025500472409981876 0 -1.6511457813937569e-06 -2.7664111456393239e-06 -0.00024962853323072645 0 7.1441035580122029e-07 0 0
leaf_weight=795 25 578 351 46 29 178 51 22 43 65 21 479 76 134 162 118 59 20 37 71 108 56 22 1469 238 129 27 3254 272 55
leaf_count=795 25 578 351 46 29 178 51 22 43 65 21 479 76 134 162 118 59 20 37 71 108 56 22 1469 238 129 27 3254 272 55
internal_value=0 2.23118e-05 7.09182e-05 0.000207958 0.000351529 -3.02266e-06 -2.34989e-05 -0.000126393 -0.000227957 -0.000343109 0 -8.87536e-06 -3.14155e-05 -8.33439e-05 -0.000138139 2.68097e-05 2.85857e-06 5.34393e-05 0.000170936 0.000254088 0 3.33386e-05 0.000158352 0 -2.21932e-05 -8.60756e-05 -0.000181061 1.02544e-05 6.18146e-05 0.000146931
internal_weight=8990 1029 451 100 54 7961 1966 202 130 87 72 1764 1167 372 238 597 5995 373 128 91 245 186 78 5622 1863 394 156 3759 505 233
internal_count=8990 1029 451 100 54 7961 1966 202 130 87 72 1764 1167 372 238 597 5995 373 128 91 245 186 78 5622 1863 394 156 3759 505 233
is_linear=0
shrinkage=0.05


Tree=87
num_leaves=31
num_cat=0
split_feature=260 207 72 301 375 19 345 333 54 257 48 291 362 308 19 198 351 267 297 315 301 241 376 75 251 280 319 331 365 217
split_gain=0.000240074 0.000638419 0.000550978 0.00103215 0.000791434 0.000852491 0.00118331 0.000454631 0.000415378 0.000756036 0.00112892 0.000891946 0.000570942 0.000745949 0.00104202 0.000817729 0.000533336 0.000648823 0.000452775 0.000541194 0.000437776 0.000394767 0.0003605 0.000347404 0.00045996 0.00074049 0.00038079 0.000339276 0.00029064 0.000258679
threshold=-1.3055703620275183 1.8070494174128682 -0.47365161319302546 -0.0020409184765744766 -0.11048378114785272 -0.17466376181431598 -0.0082671957671950052 -0.049603174603175031 0.86557539682539708 1.0000000180025095e-35 1.3010829871311154 -0.041690804469521663 -0.061507936507937025 -0.014706942603145421 -0.085694154876167883 -1.2342882046167272 0.22037610622091916 -0.2227671734077786 -0.0015615163871099955 -0.016953260176143455 -0.0013803920910299692 0.021790302383505458 0.012686377213003809 0.58961640211640209 -0.45706125164780437 1.3055833058979827 0.0022321250319859436 0.0046224802818585218 -0.089120370370370502 0.98666039852426268
decision_type=8 10 2 10 10 2 10 8 2 10 2 10 10 8 2 8 10 10 10 10 10 10 10 2 10 10 10 10 10 10
left_child=1 -1 3 23 -5 -6 -7 22 12 10 28 -12 13 14 -9 -15 21 -18 20 -20 -14 -11 -4 24 25 -2 -25 29 -10 -28
right_child=2 -3 7 4 5 6 -8 8 9 16 11 -13 18 15 -16 -17 17 -19 19 -21 -22 -23 -24 26 -26 -27 27 -29 -30 -31
leaf_value=3.0243235546791939e-06 0 0.00021868941468081361 0.00013187436328901547 0 -1.7768327607867815e-05 0 -0.00035544001730062344 1.0178242563176752e-06 5.6554889089868311e-05 3.4798596975609362e-05 -0.00030657788979467651 0 -8.6658331098399846e-05 -7.9764250020138006e-05 0.0001595088246340397 3.103242477843262e-05 0.00029266404245414734 0 2.6633868655142107e-05 -9.5349001552393662e-06 0 -7.2800910408623293e-05 0 0 0 0.0003604061666408345 -0.00029281390384210186 0 -5.4429633980269145e-05 0
leaf_weight=415 47 45 118 94 131 38 87 311 76 112 84 58 304 221 232 662 34 38 1509 3166 370 168 99 177 122 28 31 30 163 20
leaf_count=415 47 45 118 94 131 38 87 311 76 112 84 58 304 221 232 662 34 38 1509 3166 370 168 99 177 122 28 31 30 163 20
internal_value=0 3.50321e-05 -2.04078e-06 -4.16547e-05 -0.000106586 -0.0001525 -0.000253603 1.44052e-06 0 -3.63262e-05 -8.65137e-05 -0.000199836 3.23836e-06 3.17294e-05 7.79574e-05 0 3.80463e-06 0.00013421 -3.42284e-06 1.07051e-06 -4.20024e-05 -1.19133e-05 7.28637e-05 0 5.73762e-05 0.000154763 -2.91725e-05 -0.000120194 0 -0.000198813
internal_weight=8990 460 8530 805 350 256 125 7725 7508 733 381 142 6775 1426 543 883 352 72 5349 4675 674 280 217 455 197 75 258 81 239 51
internal_count=8990 460 8530 805 350 256 125 7725 7508 733 381 142 6775 1426 543 883 352 72 5349 4675 674 280 217 455 197 75 258 81 239 51
is_linear=0
shrinkage=0.05


Tree=88
num_leaves=26
num_cat=0
split_feature=86 86 85 73 237 369 199 380 370 50 303 318 215 20 335 227 222 253 250 50 336 198 19 88 88
split_gain=0.000227484 0.000759699 0.00118155 0.00048695 0.000332369 0.000441437 0.000308816 0.000524086 0.000451177 0.000268109 0.000491295 0.00067218 0.000744452 0.000374226 0.000904212 0.00137633 0.000669146 0.000316935 0.000860554 0.000407951 0.000216816 0.00027988 0.000177533 0.000130232 0.000154435
threshold=0.0056216931216930511 0.014880952380952351 0.37113726182379508 0.32300063923006456 0.93066058138488383 0.16237602906455853 -2.2958608289923572 -0.020091541649626229 0.01945722020357377 1.8662252048319852 -0.00033068783068779993 -0.15872550474187727 0.42225376416741645 -0.79035694922770883 -0.020617654814304994 -0.052054377981720475 2.4366132603842012 0.69143037320455958 -0.74199887898028327 -1.5118022612375797 0.007936507936507459 0.22794560454685556 -0.12917681676025011 0.012235449735449752 0.032738095238095254
decision_type=2 2 2 2 10 10 8 10 10 2 10 10 10 2 10 10 10 8 8 2 10 10 2 2 2
left_child=4 2 23 -4 5 22 7 -3 -9 13 20 -12 -13 14 15 -8 -16 19 -19 -15 21 -11 -1 -2 -25
right_child=1 6 3 -5 -6 -7 9 8 -10 10 11 12 -14 17 16 -17 -18 18 -20 -21 -22 -23 -24 24 -26
leaf_value=0 -8.6342227336115611e-05 0 0.0004350255608320747 0 0 0 0.00021111096428347461 -0.00035081502787012362 0 0.00012395276266058807 0 0 -0.00041059324391094846 8.8003953027805887e-05 3.3463291003964527e-06 3.0675467950192555e-06 -0.00021204114861778832 2.6628310622460336e-05 -4.6660382756789822e-05 3.7376434413283548e-07 -0.00010594489971674391 0 -0.00029366461132022162 0.0001180583909190024 0
leaf_weight=20 26 39 32 20 44 23 149 26 22 58 23 26 32 140 567 286 37 519 1160 5576 31 33 34 37 30
leaf_count=20 26 39 32 20 44 23 149 26 22 58 23 26 32 140 567 286 37 519 1160 5576 31 33 34 37 30
internal_value=0 8.43657e-07 0.000114539 0.000305341 -6.81474e-05 -0.000134431 -4.74221e-07 -9.42674e-05 -0.000208161 0 -5.62149e-05 -0.000151851 -0.000247205 1.83669e-06 3.02043e-05 8.58521e-05 -1.60408e-06 -1.4732e-06 -2.10279e-05 3.39628e-06 0 4.60234e-05 -0.000214834 0 4.41858e-05
internal_weight=8990 8869 145 52 121 77 8724 87 48 8637 203 81 58 8434 1039 435 604 7395 1679 5716 122 91 54 93 67
internal_count=8990 8869 145 52 121 77 8724 87 48 8637 203 81 58 8434 1039 435 604 7395 1679 5716 122 91 54 93 67
is_linear=0
shrinkage=0.05


Tree=89
num_leaves=31
num_cat=0
split_feature=260 261 260 281 54 211 282 79 59 323 296 268 59 213 267 296 353 350 227 254 16 370 362 370 246 257 294 359 277 247
split_gain=0.000225362 0.00061706 0.000479934 0.000862825 0.00104021 0.00113927 0.00117591 0.000469523 0.000958512 0.000803175 0.000981694 0.000892039 0.000713377 0.000861333 0.000683294 0.000603743 0.000446509 0.000440473 0.000419225 0.000511024 0.000417046 0.000412376 0.000504132 0.000431211 0.000520883 0.000381734 0.000351939 0.000335509 0.000396341 0.000523126
threshold=-1.3055703620275183 -0.27011452779272888 -0.28327519458720735 1.8404749285869397 0.84871031746031711 0.51977301388840857 -0.0009291184011029906 -0.51022819264281438 0.59912140660162116 -0.55566584894584792 -0.0063637030674118513 -1.2330884734455332 -0.31006200777105247 -0.77302524367862124 -1.9557837328859107 -0.0018843735057044034 -0.099747029530755774 0.0055987029709817513 1.4260079242254495 1.024896334551358 -2.4362196024255947 0.60030729330271104 0.00082671957671781604 0.12979962334798853 -0.46617427983760301 0.7227934156493272 -0.00033068783068799368 0.037315682632961929 0.54869085949464225 -0.10693162704393978
decision_type=8 10 10 10 2 10 10 2 2 10 10 10 2 10 10 10 10 10 10 10 2 10 8 10 10 10 10 10 8 10
left_child=1 18 3 27 5 6 -5 8 9 12 20 -12 13 -4 15 -9 -17 25 19 -1 -11 23 -23 26 -25 -10 -16 28 -2 -30
right_child=2 -3 7 4 -6 -7 -8 14 17 10 11 -13 -14 -15 21 16 -18 -19 -20 -21 -22 22 -24 24 -26 -27 -28 -29 29 -31
leaf_value=0.00020564124381374779 2.0150413088705131e-05 0 0 -0.0003944866865255352 0 0 0 0 -0.0002135168167394859 -0.00026241979476027372 0.00030089843607780203 7.3102812297877974e-05 8.107765174085067e-05 -0.00022659791561064122 -2.6975209659852097e-05 0 -0.00025042557055144081 0 0 0 0 0 0.00032988385144528439 0 -9.3160343551377351e-05 0 9.9313391597798323e-06 -6.5250438277963279e-05 0 -9.5694827667325595e-05
leaf_weight=104 855 291 38 74 39 51 21 47 60 20 72 517 63 69 711 23 69 51 25 40 20 20 21 200 265 21 4480 234 276 213
leaf_count=104 855 291 38 74 39 51 21 47 60 20 72 517 63 69 711 23 69 51 25 40 20 20 21 200 265 21 4480 234 276 213
internal_value=0 3.4066e-05 -1.85852e-06 -2.54705e-05 -0.000130306 -0.000198272 -0.000300571 3.5545e-06 3.67104e-05 6.09304e-05 8.86908e-05 0.000109483 -1.23803e-05 -0.000114117 -8.78572e-07 -0.000110805 -0.0001869 -7.19791e-05 0.000110816 0.000147255 -9.22905e-05 9.27761e-07 0.000158755 0 -4.63354e-05 -0.000148382 3.91272e-06 -1.0004e-05 0 -3.62765e-05
internal_weight=8990 460 8530 1763 185 146 95 6767 931 799 629 589 170 107 5836 139 92 132 169 144 40 5697 41 5656 465 81 5191 1578 1344 489
internal_count=8990 460 8530 1763 185 146 95 6767 931 799 629 589 170 107 5836 139 92 132 169 144 40 5697 41 5656 465 81 5191 1578 1344 489
is_linear=0
shrinkage=0.05


Tree=90
num_leaves=31
num_cat=0
split_feature=248 369 91 44 275 347 76 265 30 247 73 207 263 333 19 78 258 331 297 381 89 50 215 385 216 202 213 326 371 275
split_gain=0.000227444 0.000553215 0.000859626 0.00091339 0.00101447 0.000577969 0.000541717 0.000519911 0.00052602 0.000492326 0.000478925 0.000498452 0.000717436 0.000604655 0.000864034 0.000496808 0.000491472 0.000439318 0.000377897 0.000552651 0.00116368 0.000400177 0.00053455 0.000724225 0.000466802 0.00045876 0.000384989 0.000365622 0.000610516 0.000581015
threshold=0.78771253426859567 -0.19088412450393449 -0.37188538278653732 0.19097222222222202 -1.5031727776643187 0.019987287720631994 1.2571569320996407 -0.72196866976119123 -0.49833877766118245 -0.927359027998642 1.3321129942555154 1.2105919149141091 1.4394344744630505 -0.0049603174603178859 0.21729140568094404 0.5672949735449736 0.69995120408208822 -0.006994377834055431 0.001317489472635103 0.82030159251364065 -0.19413886158513946 1.3246811624406372 -0.58604730331216126 1.6270667741074918 0.91440665813220179 -0.99986993319021067 0.88009532452480965 -0.20377287538615527 -2.2067476432590394 0.054541624597127712
decision_type=8 8 2 2 10 10 2 8 2 10 2 8 10 10 2 2 10 10 10 10 2 2 10 10 10 10 10 10 10 10
left_child=18 2 -2 -4 -5 6 -6 8 -3 -10 11 13 16 17 -15 -14 -13 -9 21 -20 26 27 -23 24 25 -24 -21 -1 29 -29
right_child=1 7 3 4 5 -7 -8 10 9 -11 -12 12 15 14 -16 -17 -18 -19 19 20 -22 22 23 -25 -26 -27 -28 28 -30 -31
leaf_value=4.0667154290715609e-05 0 0 0 0 -0.00028948279182690654 0 0 -0.00012451314109103472 0 -0.00023407121352674379 -5.6960057928619391e-05 -2.8644113540492145e-05 0 2.0060707381478854e-05 0.00014965622481961553 -0.0003854071351381364 0.00015824374739699748 6.3213386945152458e-06 0 0.00035236987510628621 0 0 0 0 0 -0.00025501245391110954 0 -0.00018842063942477538 2.3991119332932441e-06 0
leaf_weight=602 218 93 57 31 138 24 20 71 34 68 205 182 25 593 226 22 43 262 433 51 139 135 20 24 36 98 28 83 4966 63
leaf_count=602 218 93 57 31 138 24 20 71 34 68 205 182 25 593 226 22 43 262 433 51 139 135 20 24 36 98 28 83 4966 63
internal_value=0 -1.35076e-05 -6.08095e-05 -0.000120991 -0.000171085 -0.0002195 -0.000254231 0 -7.79441e-05 -0.00015649 8.38317e-06 2.13044e-05 -3.01348e-05 3.77912e-05 6.19403e-05 -0.000208151 0 -6.5928e-06 4.68779e-06 4.09437e-05 0.000106487 0 -5.41693e-05 -0.000112526 -0.000162429 -0.000210493 0.000260854 3.78144e-06 0 -0.000101248
internal_weight=8990 2312 488 270 213 182 158 1824 195 102 1629 1424 272 1152 819 47 225 333 6678 651 218 6027 313 178 154 118 79 5714 5112 146
internal_count=8990 2312 488 270 213 182 158 1824 195 102 1629 1424 272 1152 819 47 225 333 6678 651 218 6027 313 178 154 118 79 5714 5112 146
is_linear=0
shrinkage=0.05


Tree=91
num_leaves=31
num_cat=0
split_feature=348 362 362 17 257 346 333 34 260 211 19 246 360 21 54 284 255 351 331 339 250 363 308 344 60 244 374 232 216 237
split_gain=0.000225179 0.000457516 0.000273738 0.000628542 0.000397397 0.0006627 0.000901324 0.000845246 0.000891711 0.000514336 0.000570561 0.0011992 0.000677198 0.000476579 0.00106257 0.000625879 0.00047588 0.000638771 0.00129537 0.000633673 0.000486483 0.000440499 0.000431393 0.000638738 0.000482259 0.000398637 0.000385297 0.000376018 0.000355964 0.000318402
threshold=0.41633877474222941 -0.028769841269841525 0.2615740740740739 -0.71276454509372533 -0.017486640985003837 0.010334102283931947 -0.010582010582010311 0.038690476190476206 -0.75408027801021993 -0.63655121339440124 0.81015489388690154 -0.43369642429234789 -0.036473046390244949 -1.0149304967739148 0.74983465608465616 -0.00033068783068797286 -2.5124914506119782 -0.041540920071122416 -0.00093900369362001624 0.022866663734018137 -1.1290771196542195 -0.0010566196692373129 -0.014706942603145421 -0.00076046169759812199 0.6397156084656086 1.3218273861119647 -0.11545057265495394 1.0556324342183621 -1.0719524167861747 -0.79091910190130055
decision_type=8 8 10 2 10 10 10 2 10 10 2 10 10 2 2 10 10 10 10 10 10 10 10 10 2 10 10 10 10 10
left_child=2 -2 4 27 5 16 21 -8 -9 10 28 12 -12 14 -11 -16 17 -1 -19 26 -21 25 23 -15 -24 -7 -18 -4 -6 -23
right_child=1 -3 3 -5 9 6 7 8 -10 13 11 -13 -14 22 15 -17 19 18 -20 20 -22 29 24 -25 -26 -27 -28 -29 -30 -31
leaf_value=0 0.00012922331137038239 0 0.00020279078584784597 0 -5.6030100188022399e-05 0.00015737551028231086 2.1086170474187942e-05 0 -0.00014456099877103198 0 0 0 0.00040977098422639272 -4.0195307693428852e-06 -0.00026934714758138821 0 -5.1015367701082783e-05 0.00029614552652601402 0 0 -9.5137006221131175e-05 5.2649388625018788e-06 0 7.628136001286999e-05 -5.9688479234953738e-05 0 8.4501452085675522e-06 0 2.9931332323290914e-05 -0.00010754952140619929
leaf_weight=47 101 250 75 268 107 82 72 87 438 79 20 74 43 345 75 20 315 66 38 72 338 26 2096 424 395 30 2005 27 898 77
leaf_count=47 101 250 75 268 107 82 72 87 438 79 20 74 43 345 75 20 315 66 38 72 338 26 2096 424 395 30 2005 27 898 77
internal_value=0 3.93787e-05 -1.4635e-06 3.94853e-05 -3.90089e-06 -1.64458e-05 -5.68406e-05 -9.00792e-05 -0.000114848 5.13083e-06 3.46411e-05 0.000136274 0.000296413 -3.22775e-06 -8.39581e-05 -0.000202083 -3.32366e-06 7.97812e-05 0.000156777 -9.75449e-06 -6.70548e-05 1.22084e-05 0 3.37587e-05 -9.0045e-06 9.61703e-05 0 0.000145058 1.57999e-05 -3.0598e-05
internal_weight=8990 351 8639 370 8269 3693 812 597 525 4576 1142 137 63 3434 174 95 2881 151 104 2730 410 215 3260 769 2491 112 2320 102 1005 103
internal_count=8990 351 8639 370 8269 3693 812 597 525 4576 1142 137 63 3434 174 95 2881 151 104 2730 410 215 3260 769 2491 112 2320 102 1005 103
is_linear=0
shrinkage=0.05


Tree=92
num_leaves=31
num_cat=0
split_feature=286 30 320 337 246 307 300 47 246 317 91 208 279 57 30 252 91 340 374 88 261 348 306 310 367 279 331 36 329 71
split_gain=0.000228073 0.000843529 0.00167243 0.000502203 0.000640091 0.00120662 0.0014871 0.00105344 0.00101739 0.000917007 0.000683978 0.000591292 0.000700882 0.000775894 0.000467253 0.000431642 0.000413134 0.000785732 0.00107359 0.0012913 0.000659569 0.00059537 0.000442764 0.000402125 0.000434491 0.000565341 0.000407371 0.00055726 0.000401946 0.000368746
threshold=-0.00033068783068780069 2.3980246955555757 0.019690050953149466 0.0040080213975391679 -1.7889572514640029 -0.00033068783068780459 -0.015784294297715305 0.70056216931216919 -2.2985594317974227 -0.055580683796366319 1.2794827322021154 -1.3097646345338529 1.1119018908453948 2.0493144433129404 1.8883419703254802 -0.42736788789040808 1.1736775696600203 0.018076045499009877 -0.098657834679069731 0.25727513227513227 -0.56524521680420237 1.0000000180025095e-35 0.00033355571617256502 0.24059635147399508 -0.46527777777777773 1.1119018908453948 -0.2346816845324057 0.75702711640211762 -0.02329824184715764 0.51884920634920617
decision_type=10 2 10 10 10 10 10 2 10 10 2 10 10 2 2 10 2 10 10 2 10 10 10 10 8 10 8 2 10 2
left_child=1 14 -3 16 5 -5 7 -7 10 -10 -8 28 -13 15 23 -14 -2 18 -18 -20 -21 22 -19 24 25 -1 -26 -28 -6 -16
right_child=3 2 -4 4 11 6 8 -9 9 -11 -12 12 13 -15 29 -17 17 21 19 20 -22 -23 -24 -25 26 -27 27 -29 -30 -31
leaf_value=0 -1.6319286780412027e-06 0.00041056122038932641 0 0 0 0 0 -0.00047937251554329386 0 -0.00037719871542506243 0.0003275281943047587 -5.4150480922199162e-06 -0.00030494765902994685 0 -0.00030765234876715979 0 -1.4676311380088566e-05 -0.00032299332008387796 0 0.00033576629403923874 7.4388102595815991e-05 0 0 -9.9512905257085769e-05 -3.8837477206322751e-05 -0.00016081201473591732 5.7789855917814487e-05 1.7116884924383656e-06 0.00013198835545292822 0
leaf_weight=312 3886 39 22 117 34 24 27 53 23 30 21 1118 59 84 20 20 106 27 74 85 132 58 27 70 167 67 1054 1104 108 22
leaf_count=312 3886 39 22 117 34 24 27 53 23 30 21 1118 59 84 20 20 106 27 74 85 132 58 27 70 167 67 1054 1104 108 22
internal_value=0 1.18183e-05 0.000198589 -5.24747e-06 -2.84641e-05 -9.80063e-05 -0.000181253 -0.000352289 -1.18418e-06 -0.000193592 0.000107277 -1.05281e-05 -2.43186e-05 -0.000123237 5.99012e-06 -0.000236301 2.69071e-06 4.55074e-05 8.37724e-05 0.000136802 0.00019991 -4.54791e-05 -0.000178321 1.01993e-05 1.48921e-05 -2.9139e-05 2.42211e-05 3.14194e-05 7.86201e-05 -0.000152618
internal_weight=8990 2877 61 6113 1718 295 178 77 101 53 48 1423 1281 163 2816 79 4395 509 397 291 217 112 54 2774 2704 379 2325 2158 142 42
internal_count=8990 2877 61 6113 1718 295 178 77 101 53 48 1423 1281 163 2816 79 4395 509 397 291 217 112 54 2774 2704 379 2325 2158 142 42
is_linear=0
shrinkage=0.05


Tree=93
num_leaves=31
num_cat=0
split_feature=353 316 208 225 380 335 15 36 260 19 236 319 323 320 200 71 360 12 251 268 385 310 369 376 369 293 211 283 19 49
split_gain=0.000217516 0.000660483 0.000758148 0.000915558 0.000396177 0.000678028 0.000547422 0.000577603 0.000349149 0.001008 0.000978527 0.000860357 0.00112807 0.00107458 0.000860139 0.000641509 0.000647449 0.00043087 0.00057824 0.000371366 0.000366186 0.000691582 0.000578509 0.00095853 0.000557442 0.000620798 0.000522144 0.000637853 0.000519972 0.000472546
threshold=0.17384541259759365 -0.028622125686890005 -1.2900630152703891 1.7381284805174122 -0.01173723294835141 0.0071158894034126794 0.70370370370370472 0.59837962962962965 -0.28327519458720735 -0.059718762984434792 -0.60428413476835752 0.011614940131314479 -0.72950485575375135 -0.0048706915388312946 0.28227306046691181 0.88657407407407407 -0.095494096793777059 0.0051256613756613008 0.76825664752649836 -1.1346227400414832 2.0649333588632839 0.002041165320124994 -0.19088412450393449 0.0034787548679340312 -0.62465303927452631 -0.041690804469521663 -0.34169254477536765 -0.001295926488540988 -0.070055066384784384 1.0707777434800201
decision_type=8 8 10 10 8 10 2 2 10 2 10 10 10 10 10 2 10 2 10 10 10 10 10 10 10 10 10 10 2 2
left_child=8 2 3 -2 5 6 7 -3 9 -1 11 12 -11 -14 17 16 -16 19 -19 -12 22 24 23 26 -22 28 -10 -28 -26 -24
right_child=1 4 -4 -5 -6 -7 -8 -9 20 10 14 -13 13 -15 15 -17 -18 18 -20 -21 21 -23 29 -25 25 -27 27 -29 -30 -31
leaf_value=0 0.00033519242057946942 0 1.7398425684380474e-05 0 2.4051651540473378e-05 0 0 -0.00027244379450271593 6.107485246511898e-05 0 -0.00016477172067689319 0 0 -0.00039133933304563641 0 0 -0.00022917959910984521 0.0002049313854308418 0 4.1411976423512518e-06 0 -5.5440114794319488e-05 2.7350083540099262e-07 -9.4551778278829997e-05 0 0 -0.00010125434239343621 2.5991697596918289e-05 0.00023900150815844121 5.4728921651529708e-05
leaf_weight=1374 55 20 351 45 291 126 69 72 245 30 34 25 30 87 21 27 104 62 20 152 48 59 4249 406 65 39 186 115 118 465
leaf_count=1374 55 20 351 45 291 126 69 72 245 30 34 25 30 87 21 27 104 62 20 152 48 59 4249 406 65 39 186 115 118 465
internal_value=0 2.16754e-05 6.84359e-05 0.000197431 -6.16721e-06 -5.42205e-05 -0.000125543 -0.000205982 -2.75199e-06 -2.13405e-05 -7.5949e-05 -0.000181695 -0.00023075 -0.000301613 -2.07087e-05 -0.000121498 -0.000175408 1.78298e-05 0.000118989 0 2.51015e-06 5.38192e-05 0 -3.60044e-05 9.62177e-05 0.000132413 0 -3.60405e-05 0.000172465 6.70681e-06
internal_weight=8990 1029 451 100 578 287 161 92 7961 1966 592 172 147 117 420 152 125 268 82 186 5995 329 5666 952 270 222 546 301 183 4714
internal_count=8990 1029 451 100 578 287 161 92 7961 1966 592 172 147 117 420 152 125 268 82 186 5995 329 5666 952 270 222 546 301 183 4714
is_linear=0
shrinkage=0.05


Tree=94
num_leaves=31
num_cat=0
split_feature=330 216 262 207 259 259 323 65 376 241 267 355 308 85 208 55 387 328 254 377 19 19 379 32 14 67 315 210 300 344
split_gain=0.000215422 0.000484711 0.000354326 0.000496209 0.00117054 0.000761963 0.000566862 0.000469653 0.000688069 0.000796072 0.000331648 0.00116243 0.00124853 0.00076258 0.000455239 0.000998342 0.00136665 0.00106156 0.00081213 0.000656402 0.000616644 0.000469216 0.000903812 0.00101183 0.000482101 0.000452449 0.000426057 0.000515134 0.00041789 0.000406524
threshold=0.11135189527993108 -0.56302375388125736 -0.82683168209461166 0.049879102436249746 0.5766061089317015 1.3904160016021767 -0.20930293287757726 -0.16314775757727026 0.0071573538089073361 0.10767292311716835 -1.6486186839782813 -0.046974193898529963 -0.0097090429285513462 -0.47296862192350714 -1.3097646345338529 -0.5810843304535509 0.026861514156072883 -0.025846815846453982 -1.5411325730431844 0.16209451160729868 1.5420129853600202 0.72201302173178206 -0.27076047998775155 0.47032076719576649 0.0047949735449735508 0.18138228435622575 -0.036935443795248095 -1.2839698288526014 0.062373889495574493 -0.0039761483796392988
decision_type=10 10 8 10 10 10 10 2 10 10 10 8 10 2 10 2 10 10 10 10 2 2 10 2 2 2 10 10 10 10
left_child=2 -2 3 -1 7 6 -6 -5 9 -9 11 12 13 -4 15 16 17 -12 20 -20 -17 26 24 -24 -23 -13 28 -28 -16 -27
right_child=1 -3 10 4 5 -7 -8 8 -10 -11 14 25 -14 -15 21 18 -18 -19 19 -21 -22 22 23 -25 -26 29 27 -29 -30 -31
leaf_value=-1.8116996486849093e-06 -0.00016980937910128692 0 0 9.701161463496659e-05 0 0 0.00033864989079795873 0 5.093894824702338e-06 -0.00030885180418771627 0 0.00013551481716013097 0 -0.00036404235729241101 4.6494290453716619e-05 0 0 0.00035362271499664815 -3.5553495580218332e-05 7.9544770035953766e-05 0.00026168872126008989 -6.7049267326623247e-06 -0.00014377864831045247 0 0.0001195528911639645 7.1951555771811862e-05 -9.4830143569655959e-05 -6.5419872107021335e-07 -1.8770870230624881e-05 -5.0133739288911626e-05
leaf_weight=270 60 157 23 102 22 52 73 34 119 41 22 57 67 66 893 35 57 77 586 146 52 89 281 199 98 65 155 4578 211 303
leaf_count=270 60 157 23 102 22 52 73 34 119 41 22 57 67 66 893 35 57 77 586 146 52 89 281 199 98 65 155 4578 211 303
internal_value=0 -4.89983e-05 1.4057e-06 3.54339e-05 6.94137e-05 0.000185492 0.00027065 0 -3.31456e-05 -0.000160323 -9.84545e-07 -3.77057e-05 -0.000154626 -0.000277345 1.20004e-06 3.3512e-05 0.000151244 0.000265534 4.96692e-06 -5.75934e-06 0.000152524 -2.87546e-06 -4.28132e-05 -8.26732e-05 3.27671e-05 0 8.32327e-07 -4.79667e-06 2.94915e-05 -1.49728e-05
internal_weight=8990 217 8773 713 443 147 95 296 194 75 8060 581 156 89 7479 975 156 99 819 732 87 6504 667 480 187 425 5837 4733 1104 368
internal_count=8990 217 8773 713 443 147 95 296 194 75 8060 581 156 89 7479 975 156 99 819 732 87 6504 667 480 187 425 5837 4733 1104 368
is_linear=0
shrinkage=0.05


Tree=95
num_leaves=31
num_cat=0
split_feature=348 383 302 255 321 54 352 273 78 284 19 299 44 218 80 357 75 14 19 54 331 348 342 353 23 91 20 335 365 216
split_gain=0.00020531 0.000535506 0.000384458 0.000492436 0.0002984 0.000624548 0.000716462 0.000690074 0.00121895 0.000606227 0.0006853 0.000580795 0.000459185 0.000546018 0.000515674 0.000400994 0.000400246 0.000318251 0.000345395 0.000314774 0.000776928 0.000552231 0.000730211 0.000945577 0.000725202 0.000479166 0.00041167 0.0011975 0.000679355 0.000776289
threshold=0.3428917994410276 -0.022132772258243835 -0.0016561621405188976 1.1305291259538561 0.021111149028490265 0.70932539682539708 -0.020321170444381417 0.22438950747401828 0.62078373015873012 -0.00033068783068797286 0.95335719684167908 0.57980118313023343 0.51967592592592615 -0.37798237313077832 0.13657407407407404 0.013227513227513062 0.34027777777777807 0.0051256613756613008 0.14193507266641153 0.68468915343915304 0.013917110298286685 -0.087296948490008561 -0.00066489371500067418 -0.21545716255516281 0.0024801587301587504 1.1965103715096601 -0.79035694922770883 -0.0020222583588600514 -0.37020502645502645 1.9219995574952706
decision_type=8 8 10 10 10 2 10 10 2 10 2 10 2 10 2 10 2 2 2 2 10 10 10 10 2 2 2 10 10 10
left_child=4 2 3 -2 19 6 12 -8 -9 10 -7 -10 15 -14 -15 16 -6 18 -11 26 21 25 23 -23 -24 -21 27 28 -1 -30
right_child=1 -3 -4 -5 5 9 7 8 11 17 -12 -13 13 14 -16 -17 -18 -19 -20 20 -22 22 24 -25 -26 -27 -28 -29 29 -31
leaf_value=0 0.00023617641221406637 0 0 0 0 0 -2.8565430755555822e-06 0 -0.00029478350862533598 0 0.00039661598449248434 0 1.6477201551551309e-05 0 -0.00021743177933720702 0 0.00023788082432200697 5.5528685617297664e-05 -0.00018511195513128093 0 4.7484321905979487e-05 -0.00014288870260001252 0 3.482912479643408e-05 -0.00011352624673582484 0.00016757099507830328 2.3138945136163091e-06 -6.1360303255552386e-06 0.00022692788218112061 0
leaf_weight=54 72 269 101 29 22 43 227 104 116 35 22 27 58 22 60 25 52 59 43 377 329 95 130 348 519 43 5282 248 154 25
leaf_count=54 72 269 101 29 22 43 227 104 116 35 22 27 58 22 60 25 52 59 43 377 329 95 130 348 519 43 5282 248 154 25
internal_value=0 3.22734e-05 9.51431e-05 0.00016614 -1.62839e-06 -2.88404e-05 -5.39418e-05 -9.03026e-05 -0.0001504 3.50024e-05 0.000164572 -0.000245672 0 -3.80527e-05 -0.000137497 9.76565e-05 0.000162121 0 -8.86226e-05 9.88872e-07 -1.62006e-05 -3.33669e-05 -5.28618e-05 0 -8.66827e-05 5.41861e-06 7.34786e-06 5.22225e-05 0.000135764 0.000182954
internal_weight=8990 471 202 101 8519 915 713 474 247 202 65 143 239 140 82 99 74 137 78 7604 1841 1512 1092 443 649 420 5763 481 233 179
internal_count=8990 471 202 101 8519 915 713 474 247 202 65 143 239 140 82 99 74 137 78 7604 1841 1512 1092 443 649 420 5763 481 233 179
is_linear=0
shrinkage=0.05


Tree=96
num_leaves=31
num_cat=0
split_feature=339 357 374 275 357 347 59 65 243 248 325 318 206 277 284 75 385 206 93 218 286 16 251 288 241 295 37 353 310 341
split_gain=0.000206581 0.00044144 0.000471444 0.000504484 0.000325504 0.000698141 0.000713002 0.000733585 0.000793592 0.000703687 0.00122845 0.000594979 0.000566973 0.00061766 0.000771244 0.000562637 0.000557278 0.000653681 0.000802938 0.000493847 0.000597035 0.000752732 0.00080216 0.000474786 0.000478266 0.000432809 0.000448547 0.000412895 0.000454768 0.000663703
threshold=-0.28768207245179361 0.00066137566137508552 0.0087210039302695625 0.68138982230174683 -0.00033068783068800062 -0.0042059761560849776 0.25570348210719956 0.36447890927455234 -0.88673514491934291 0.57439268474140448 -0.0020802482857892319 -0.15830686892279214 1.4964110507305139 0.4501287602629534 -0.00049603174602980127 0.96263227513227512 0.27177372441047132 -0.11481181977352634 0.40996827483719456 1.3182019880032498 -0.00033068783068799368 0.69238844352587703 -1.133061124973648 -0.00033068783068779993 -0.52658722390586366 0.00039169606390226935 -0.78397275749730289 -0.0057938060140883532 0.00043501051099953397 -0.01058201058201101
decision_type=8 10 10 10 8 10 2 2 10 10 10 10 10 10 10 2 10 10 2 8 8 2 10 10 10 10 2 8 10 10
left_child=1 2 3 -1 5 6 7 9 -9 -2 -11 16 13 14 -13 19 25 18 -18 20 21 22 -6 -14 -25 -7 -27 28 29 -21
right_child=4 -3 -4 -5 15 11 -8 8 -10 10 -12 12 23 -15 -16 -17 17 -19 -20 27 -22 -23 -24 24 -26 26 -28 -29 -30 -31
leaf_value=0.00026388355294511403 -2.8055798266713254e-06 0 0 0 0 -4.1335738253133738e-05 7.4217674741872309e-06 0 -0.00033721604089604598 0 -0.00022097148663102352 -4.5275146450474716e-05 2.8749599827322722e-06 0 9.4947436676269537e-05 9.1090187977354138e-05 0 0 -0.0002479037442292943 0 3.4040923017043372e-06 0 0.00017748076837685798 0 -0.00017451472988183836 0.00013718575323163736 0 0 0 -0.00014552719669216047
leaf_weight=58 479 168 69 24 41 264 261 20 56 90 132 66 116 402 569 187 48 154 95 159 3930 96 183 43 88 93 117 483 280 219
leaf_count=58 479 168 69 24 41 264 261 20 56 90 132 66 116 402 569 187 48 154 95 159 3930 96 183 43 88 93 117 483 280 219
internal_value=0 3.9677e-05 0.000103094 0.000184165 -1.27533e-06 -1.47357e-05 -4.82523e-05 -7.33863e-05 -0.00024033 -4.81235e-05 -0.000123346 0 2.29731e-05 4.15874e-05 7.24955e-05 5.29219e-06 -3.24056e-05 -8.61094e-05 -0.000163751 1.38699e-06 1.00967e-05 7.6643e-05 0.000129568 -3.49277e-05 -0.000106517 0 5.47926e-05 -2.66712e-05 -5.29334e-05 -8.8791e-05
internal_weight=8990 319 151 82 8671 3093 1038 777 76 701 222 2055 1284 1037 635 5578 771 297 143 5391 4250 320 224 247 131 474 210 1141 658 378
internal_count=8990 319 151 82 8671 3093 1038 777 76 701 222 2055 1284 1037 635 5578 771 297 143 5391 4250 320 224 247 131 474 210 1141 658 378
is_linear=0
shrinkage=0.05


Tree=97
num_leaves=31
num_cat=0
split_feature=385 277 203 359 257 15 63 257 350 89 206 361 245 359 197 372 58 51 384 354 259 207 68 275 277 275 378 379 379 366
split_gain=0.000197874 0.000576619 0.000515053 0.00059059 0.000608384 0.000721906 0.000442668 0.0004649 0.000667354 0.000748037 0.000407729 0.000436712 0.000585535 0.000306122 0.000672477 0.000661945 0.000583727 0.000372091 0.000306732 0.000296673 0.000504084 0.000751516 0.000649885 0.000789383 0.000380855 0.000656812 0.000669019 0.000711493 0.000523103 0.000667342
threshold=-1.7233832620203959 -0.71122083167899153 0.9040126247548802 -0.076614603320361949 1.2719720469569065 0.028604497354497351 0.51802248677248708 1.0000000180025095e-35 -0.065894300392920421 1.0636835442401502 1.4964110507305139 0.21765418178522752 -1.3930113244436655 -0.043678008388884908 -0.45017370626017739 -0.093061695400465036 2.1776760301625155 -2.1418111081508893 0.80281706469446934 0.34902891260801711 -1.0000000180025095e-35 -0.99783700451049528 0.017526455026455053 1.1168326692856212 -1.065776406952373 -0.19959812381285938 -0.65985520668967679 -0.50233652731140377 -0.29051617067923624 -0.2368352369239948
decision_type=8 10 10 10 10 2 2 10 10 2 10 10 10 8 10 10 2 2 10 10 10 10 2 10 8 10 10 10 10 10
left_child=1 2 3 -1 5 -5 7 8 -3 -10 11 12 -8 14 15 -2 17 -17 -19 24 -21 -22 -23 -24 25 26 -15 -28 -27 -30
right_child=13 6 -4 4 -6 -7 10 -9 9 -11 -12 -13 -14 19 -16 16 -18 18 -20 20 21 22 23 -25 -26 28 27 -29 29 -31
leaf_value=0 0 0 0 0 0 -0.0002852222893603534 0.00035718778601442859 0 -0.00027599340708455805 0 -1.1338412938078905e-05 0 3.6553728059125406e-05 -7.7612223726799377e-06 -4.1742024764550429e-06 0 0 0.00022276065385807686 0 0 0 0 -0.00027991888689673648 0 -2.1181131356248232e-06 6.3975820491180758e-05 0 0.00013887820194937296 -0.00010642222732470575 1.6940885446659707e-06
leaf_weight=32 49 28 62 20 27 98 32 119 67 49 46 47 127 92 215 21 25 147 21 116 35 30 95 23 6335 187 97 313 195 240
leaf_count=32 49 28 62 20 27 98 32 119 67 49 46 47 127 92 215 21 25 147 21 116 35 30 95 23 6335 187 97 313 195 240
internal_value=0 -2.44073e-05 -8.89263e-05 -0.000133966 -0.00017911 -0.000228677 0 -3.9497e-05 -0.000104469 -0.000167081 5.25522e-05 9.10777e-05 0.000132695 2.34931e-06 4.11801e-05 9.72484e-05 0.000139108 0.000172124 0.000197133 0 -4.88706e-05 -0.000103846 -0.000161303 -0.000215372 1.9142e-06 2.9087e-05 7.18642e-05 0.000101921 0 -3.52936e-05
internal_weight=8990 754 239 177 145 118 515 263 144 116 252 206 159 8236 478 263 214 189 168 7758 299 183 148 118 7459 1124 502 410 622 435
internal_count=8990 754 239 177 145 118 515 263 144 116 252 206 159 8236 478 263 214 189 168 7758 299 183 148 118 7459 1124 502 410 622 435
is_linear=0
shrinkage=0.05


Tree=98
num_leaves=31
num_cat=0
split_feature=35 383 228 31 55 348 55 334 37 210 324 61 21 357 220 288 387 368 328 321 229 322 315 76 351 80 19 197 242 364
split_gain=0.000203653 0.000426396 0.000349383 0.000322117 0.00079926 0.001053 0.000747054 0.000493115 0.000487379 0.00132108 0.000605446 0.000487162 0.00044638 0.000474065 0.000504702 0.000446378 0.000352582 0.000354808 0.000346851 0.000499671 0.00047788 0.000516843 0.000333338 0.00051745 0.00059002 0.000393678 0.000662286 0.000557944 0.000392032 0.000315947
threshold=0.99421296296296313 0.020024158077133401 -0.96247139377224822 0.97007275132275106 -0.18349174120871894 -0.042084459513779919 1.4424980916384402 -0.056144392000607092 -1.6139520315164149 -1.0349889428838626 0.016007037908184144 0.93724566517117369 -0.89984023821563541 0.0026455026455027429 1.2171758216657833 -0.00033068783068723734 -0.021441790944083491 0.24629462695528551 -0.025846815846453982 0.01170687921955438 -1.8062618891393518 0.023521340717322706 -0.036785870533188929 -0.34224191761769646 0.0080891231942629722 0.91501322751322756 -0.50033851211343483 -1.5988515430264829 1.0679208404686322 0.014505338292729529
decision_type=2 10 10 2 2 10 2 10 2 10 10 2 2 10 10 10 10 10 8 10 10 10 10 2 8 2 2 10 10 10
left_child=3 2 -2 8 11 6 7 -6 9 10 15 -5 13 14 -7 -1 17 -14 19 -10 -21 -22 23 28 -25 27 -27 -24 -20 -18
right_child=1 -3 -4 4 5 12 -8 -9 18 -11 -12 -13 16 -15 -16 -17 29 -19 22 20 21 -23 25 24 -26 26 -28 -29 -30 -31
leaf_value=0.00041049853174099946 0 -4.647567862219965e-06 0.00010215388932808411 0 0 -0.00023170392661898132 0 -0.00032102119303953672 0 -2.7583963345003036e-05 0 0.00012690595951588056 -0.00015160456755730287 0 0 0 0.00013106957355522248 0 8.2517113649102058e-06 0 -0.00029115871130030199 0 -4.812311063619694e-05 6.9237508599941013e-05 0 0 0.00011047800690088092 0 -7.6664595957165232e-05 0
leaf_weight=42 130 267 231 290 27 67 52 81 322 81 50 83 42 85 24 24 95 63 237 24 54 51 754 715 428 224 193 4015 185 54
leaf_count=42 130 267 231 290 27 67 52 81 322 81 50 83 42 85 24 24 95 63 237 24 54 51 754 715 428 224 193 4015 185 54
internal_value=0 2.75852e-05 6.52661e-05 -1.93115e-06 -2.93499e-05 -6.77344e-05 -0.000181212 -0.000256731 9.62061e-07 7.87935e-05 0.0001961 1.79662e-05 -1.38528e-05 -8.10024e-05 -0.00016029 0.000300738 1.30124e-05 -2.76935e-05 -4.73725e-07 -4.34148e-05 -0.000127523 -0.000177039 1.65493e-06 2.23725e-05 4.13343e-05 -3.63328e-06 4.1e-05 -8.5852e-06 -1.71384e-05 7.52316e-05
internal_weight=8990 628 361 8362 963 590 160 108 7399 197 116 373 430 176 91 66 254 105 7202 451 129 105 6751 1565 1143 5186 417 4769 422 149
internal_count=8990 628 361 8362 963 590 160 108 7399 197 116 373 430 176 91 66 254 105 7202 451 129 105 6751 1565 1143 5186 417 4769 422 149
is_linear=0
shrinkage=0.05


Tree=99
num_leaves=31
num_cat=0
split_feature=237 237 19 253 312 202 251 237 39 273 279 301 250 206 307 63 251 32 207 203 356 338 79 301 53 305 387 349 19 48
split_gain=0.000196732 0.000486231 0.000784299 0.00104254 0.000979576 0.000775489 0.000614683 0.000464517 0.00050751 0.000512068 0.000676839 0.000435801 0.00101178 0.000576035 0.000874427 0.000766352 0.000739961 0.000649817 0.000545335 0.00075213 0.000754169 0.000472412 0.000632635 0.000928153 0.000538531 0.000514346 0.000405427 0.000717682 0.0008043 0.000692805
threshold=-0.55484624022628715 -0.33773344466834415 -0.027927480904374496 0.87542251505626634 0.0030312283595969052 -0.88053323752637747 -1.3677607423706155 -0.87192928142605608 -1.3462659784663547 0.78318851182587457 -0.4546882925228069 -0.0031436526769300639 0.73225205830949125 -1.1680917104150137 -0.00033068783068779961 0.70155423280423312 -0.56719276947181185 0.67055224867724972 -0.091216347717503934 0.76193161177603663 0.020247864258137408 -0.046130952380952543 -0.93963082065443293 -0.0011639384282150498 -0.72040463320603088 -0.00033068783068793123 -0.10596313593179933 -0.01482741701155321 0.90592056636908513 -0.12495381413235748
decision_type=10 10 2 10 10 10 10 8 2 10 10 10 10 10 10 2 10 2 10 10 10 10 2 10 2 10 10 10 2 2
left_child=7 2 -2 4 5 -4 -7 -1 9 10 -9 12 26 14 15 16 -13 -17 -14 20 -20 24 23 -23 -15 -24 29 28 -28 -3
right_child=1 11 3 -5 -6 6 -8 8 -10 -11 -12 13 18 21 -16 17 -18 -19 19 -21 -22 22 25 -25 -26 -27 27 -29 -30 -31
leaf_value=3.1664707905448063e-06 0 -9.2228921569870189e-06 0 0 0 0 0.0003729817332720005 0 -1.5875560646986762e-05 0 -0.00030111232146332284 -0.00011208474619688472 0 0 0 -0.00028722910522732263 2.3258144595442485e-05 0 0.00030488388370618889 0 0 -1.1632401357941495e-05 -3.8065992302685898e-05 0.00016544780624505454 -0.00015116794330344307 9.5129257322570505e-06 0 1.1381882902186687e-05 -0.00023700514088942842 0.00013523540782923264
leaf_weight=1388 404 82 24 63 23 22 85 61 828 42 61 167 130 33 464 85 150 37 92 52 34 57 701 146 106 2983 159 307 73 131
leaf_count=1388 404 82 24 63 23 22 85 61 828 42 61 167 130 33 464 85 150 37 92 52 34 57 701 146 106 2983 159 307 73 131
internal_value=0 4.46336e-06 4.65742e-05 0.000123439 0.000195908 0.000252573 0.000310146 -1.23011e-05 -3.89811e-05 -0.000125086 -0.000177519 0 2.91785e-05 -6.15855e-06 -4.24172e-05 -9.31611e-05 -3.22873e-05 -0.000210227 0.000105543 0.000164088 0.000230086 7.32936e-07 5.19607e-06 9.11261e-05 -8.8043e-05 0 0 -2.51488e-05 -9.50154e-05 5.6181e-05
internal_weight=8990 6610 621 217 154 131 107 2380 992 164 122 5989 1060 4929 903 439 317 122 308 178 126 4026 3887 203 139 3684 752 539 232 213
internal_count=8990 6610 621 217 154 131 107 2380 992 164 122 5989 1060 4929 903 439 317 122 308 178 126 4026 3887 203 139 3684 752 539 232 213
is_linear=0
shrinkage=0.05


Tree=100
num_leaves=31
num_cat=0
split_feature=264 49 348 363 200 243 300 348 349 19 63 386 73 371 363 332 281 353 280 89 338 257 77 21 77 241 274 207 246 258
split_gain=0.000196394 0.000590219 0.000952865 0.000551499 0.000638959 0.00062513 0.000555729 0.000661845 0.000747323 0.00102352 0.000521563 0.000451265 0.000453878 0.000379792 0.000908485 0.000527412 0.000371611 0.0011642 0.00123674 0.000992241 0.000968751 0.000577245 0.000552231 0.000863092 0.000359247 0.000477273 0.000464452 0.00079507 0.000654011 0.000602893
threshold=1.1688056133231148 1.2922175411117653 -0.096129076837266389 -0.23129207326978216 -0.27882451963807292 1.9360918132419365 -0.028629704195680113 0.047953801022259886 0.13657479213458615 0.50300167457151257 0.28224206349206354 -0.18313179131387419 -0.043839621608898892 1.4398405630883924 0.0019920503171512267 -0.0064324703338035629 1.8568149633176232 -0.019218622346762689 1.7217644153584557 -0.026325737877541448 -0.00033068783068700836 -1.0600169784399374 0.44659391534391507 1.3550360313413379 0.07390873015873016 -0.20824615825140644 0.56657431145887804 -0.76135746785955261 1.0523498371285667 -0.64098535524856703
decision_type=10 2 10 10 10 10 10 10 10 2 2 10 2 10 10 10 10 10 10 2 10 10 2 2 2 10 10 10 10 10
left_child=16 3 -3 4 -2 -6 10 8 9 -8 -5 -12 -13 14 -4 -16 24 20 22 -20 21 -18 -19 -24 25 -1 -26 -28 29 -29
right_child=1 2 13 6 5 -7 7 -9 -10 -11 11 12 -14 -15 15 -17 17 18 19 -21 -22 -23 23 -25 26 -27 27 28 -30 -31
leaf_value=0 0 0.00035444032877090978 0 -4.5487335073340547e-05 0.0002171718397829044 0 -1.8157675299854877e-05 2.0851546006861215e-05 8.3430566428570507e-06 -0.00024082154924818071 0 0.00023716520884394109 0 -0.00012354438453911475 0.00042572275536876668 0 -0.0005455513385811846 0 0.00047071328310062095 0 0 0 -0.00028229435065114304 0 -4.6608538212297939e-06 -9.7814268321893007e-05 -1.7169117510256071e-05 0 0 0.00011558848399930531
leaf_weight=170 110 34 33 72 93 31 188 129 66 124 85 66 59 23 23 24 26 63 23 23 56 20 50 29 5404 216 578 192 529 451
leaf_count=170 110 34 33 72 93 31 188 129 66 124 85 66 59 23 23 24 26 63 23 23 56 20 50 29 5404 216 578 192 529 451
internal_value=0 1.91949e-05 0.000117776 1.09551e-06 7.25065e-05 0.00015096 -1.37536e-05 -4.94143e-05 -8.66171e-05 -0.000122722 3.26305e-05 8.32208e-05 0.000143699 0 8.63245e-05 0.000246767 -2.84897e-06 -5.84932e-05 0 0.0002392 -0.000195519 -0.000370406 -5.65341e-05 -0.0001523 -4.4939e-08 -4.75884e-05 1.82204e-06 2.46973e-05 4.96103e-05 8.38338e-05
internal_weight=8990 1160 137 1023 234 124 789 507 378 312 282 210 125 103 80 47 7830 290 188 46 102 46 142 79 7540 386 7154 1750 1172 643
internal_count=8990 1160 137 1023 234 124 789 507 378 312 282 210 125 103 80 47 7830 290 188 46 102 46 142 79 7540 386 7154 1750 1172 643
is_linear=0
shrinkage=0.05


Tree=101
num_leaves=31
num_cat=0
split_feature=60 235 362 274 312 207 356 81 54 72 271 370 268 385 353 319 375 33 64 260 324 19 212 63 227 345 20 380 371 266
split_gain=0.000194037 0.000514754 0.00030846 0.000283501 0.000656877 0.000501077 0.000722024 0.000845619 0.000780706 0.00046076 0.000524436 0.000562653 0.000448529 0.000577473 0.000428461 0.000496674 0.000737835 0.000572224 0.000420657 0.00054686 0.000304398 0.000285669 0.000271599 0.000295211 0.000274967 0.000245006 0.000265338 0.000160734 0.000173141 0.000117773
threshold=0.023644179894179902 0.83945656816172154 -0.019510582010582013 0.56657431145887804 0.056193233499715618 -0.75374033139536056 0.013097749448545583 0.62318121693121664 0.15228174603174602 2.0530013309904702 2.4861414785762306 7.0274460143016096e-05 1.7217644153584504 -0.97952718658850946 0.17808388865432126 -0.0065644465265026755 0.19127059917002687 0.033910861164253556 -0.66600651603980443 0.13797785497110823 0.028100740226453428 0.36977255998086056 -1.7342494763804563 0.24685846560846603 -1.0096928248630046 -0.0019841269841269489 0.89419651897907559 -0.066892141026475324 -0.78308222104020342 1.1931785307688227
decision_type=2 10 10 10 10 10 10 2 2 2 10 10 10 10 8 10 10 2 2 10 10 2 10 2 10 10 2 10 10 10
left_child=1 2 -1 9 5 22 12 8 -8 10 14 -12 20 -14 15 17 -17 -2 19 -16 -7 -20 27 -24 -25 -11 -27 -5 -29 -9
right_child=3 -3 -4 4 -6 6 7 29 -10 25 11 -13 13 -15 18 16 -18 -19 21 -21 -22 -23 23 24 -26 26 -28 28 -30 -31
leaf_value=-0.00025789779869123331 -6.924564929629073e-05 0 0 0 -0.00014764530995049364 4.3783656768463945e-05 0 -2.0276617698600789e-05 0.000176160626097113 0 0 -0.00029385185447378012 0 -0.00025333643159921947 0.0001925739344252798 -8.150226054267173e-06 5.4216390858870711e-05 0 2.9418990564562696e-05 0 -4.7777602047219985e-06 -7.9723691090136001e-05 1.0462525038925667e-05 0 -7.4298758034554302e-05 0.00024455484915130555 0 0 0.00013829291197485318 6.0353069855383613e-05
leaf_weight=38 648 100 31 59 52 577 134 157 263 34 22 33 24 35 85 3869 540 720 347 38 383 65 114 64 348 38 23 31 55 63
leaf_count=38 648 100 31 59 52 577 134 157 263 34 22 33 24 35 85 3869 540 720 347 38 383 65 114 64 348 38 23 31 55 63
internal_value=0 -5.30581e-05 -0.000159727 1.01284e-06 1.62787e-05 2.2147e-05 3.77823e-05 8.14992e-05 0.000125083 -3.78649e-06 -6.16202e-06 -0.000162306 6.40028e-06 -0.000116999 -4.00676e-06 -8.68107e-06 0 -3.50118e-05 3.71152e-05 0.000120544 1.92034e-05 5.17334e-08 -8.52384e-06 -3.10943e-05 -5.47257e-05 0.000102687 0.000162595 3.88583e-05 8.49221e-05 0
internal_weight=8990 169 69 8821 2359 2307 1636 617 397 6462 6367 55 1019 59 6312 5777 4409 1368 535 123 960 412 671 526 412 95 61 145 86 220
internal_count=8990 169 69 8821 2359 2307 1636 617 397 6462 6367 55 1019 59 6312 5777 4409 1368 535 123 960 412 671 526 412 95 61 145 86 220
is_linear=0
shrinkage=0.05


Tree=102
num_leaves=31
num_cat=0
split_feature=288 198 349 77 274 339 319 77 229 58 55 354 72 361 19 373 354 358 295 19 39 264 228 320 64 244 52 24 32 385
split_gain=0.000185012 0.00102052 0.000610004 0.00116508 0.000392276 0.000337567 0.000431495 0.000562357 0.00063909 0.000322987 0.0011212 0.00123866 0.00105627 0.00111531 0.000844519 0.000727555 0.000681743 0.000881573 0.000356665 0.000513369 0.000771986 0.000655596 0.000312473 0.000440344 0.000293221 0.000288252 0.00028512 0.00025784 0.000245507 0.000212298
threshold=0.00082671957671950306 0.92175504133941255 0.011021803242293684 0.56861772486772511 -0.53905826089080244 -0.28768207245179361 -0.010537515405005691 0.23991402116402102 1.7013163754740186 -0.52681670990201546 -0.18349174120871894 -0.033838050147768133 -0.26102498912548394 0.0003736605311983055 -0.12917681676025011 0.0024801587301588883 -0.10844876384754386 0.0026498859089103791 -0.11622630264596211 2.8460745117285779 0.85808196507995171 1.7421229229835042 -0.87407435211986473 -0.015034783949917639 -0.16082406617813896 1.3944599752977471 -0.37673905603288999 0.98991402116402105 0.94733796296296213 -1.470982963175703
decision_type=10 10 10 2 10 8 10 2 10 2 2 10 2 10 2 10 10 10 8 2 2 10 10 8 2 10 2 2 2 10
left_child=5 2 3 -2 24 6 -1 -8 25 10 11 -7 16 -14 -13 -16 -12 -18 29 22 21 -21 23 -20 -4 27 -24 -9 -3 -11
right_child=1 28 4 -5 -6 9 7 8 -10 18 12 14 13 -15 15 -17 17 -19 19 20 -22 -23 26 -25 -26 -27 -28 -29 -30 -31
leaf_value=-9.7376810574882986e-06 0 0.0001306034877097575 0.0001609521875794696 -0.00031756884397914238 -0.00010306456894428035 0 0 0.00034788170776458644 0 0 3.1614195388726309e-05 0 0 0.00033414510968923994 0.0004339243022567483 0 -0.0002135593999299646 0 1.7158468129452944e-05 -0.00035731009022473264 0 0 3.3752357909857443e-05 -3.3121721067388975e-05 0 0 -8.0130553338579335e-07 0 0 9.0027017722259651e-05
leaf_weight=53 74 69 41 68 61 76 60 52 73 24 36 47 100 35 56 21 118 74 449 39 40 20 651 1631 22 20 4761 27 34 158
leaf_count=53 74 69 41 68 61 76 60 52 73 24 36 47 100 35 56 21 118 74 449 39 40 20 651 1631 22 20 4761 27 34 158
internal_value=0 -3.46741e-05 -9.55646e-05 -0.000166835 0 1.47525e-06 5.5008e-05 9.13394e-05 0.000139358 0 3.61869e-05 0.000132937 -3.37073e-06 9.14863e-05 0.000231188 0.00033677 -8.14718e-05 -0.000128709 -3.00285e-06 -5.27366e-06 -0.000119828 -0.000238187 -3.09098e-06 -1.98639e-05 7.24999e-05 0.000223268 2.43179e-06 0.000267513 7.40206e-05 6.42036e-05
internal_weight=8990 369 266 142 124 8621 285 232 172 8336 563 200 363 135 124 77 228 192 7773 7591 99 59 7492 2080 63 99 5412 79 103 182
internal_count=8990 369 266 142 124 8621 285 232 172 8336 563 200 363 135 124 77 228 192 7773 7591 99 59 7492 2080 63 99 5412 79 103 182
is_linear=0
shrinkage=0.05


Tree=103
num_leaves=31
num_cat=0
split_feature=330 80 216 333 262 215 385 260 382 43 259 207 233 57 267 355 308 91 208 55 387 244 254 324 91 253 254 250 12 382
split_gain=0.000196488 0.000439267 0.000391583 0.000362942 0.000329037 0.000470632 0.000864544 0.000448814 0.000425915 0.000368683 0.000427634 0.000469716 0.000366925 0.000361736 0.000312617 0.000983461 0.00104829 0.0006465 0.000436106 0.00079926 0.00118062 0.000935054 0.000691294 0.000563361 0.000552333 0.000444624 0.000512697 0.000564352 0.000380309 0.0005394
threshold=0.11135189527993108 0.64930555555555547 -0.39660020476829211 -0.0089285714285710343 -0.82683168209461166 0.57748561369386631 0.84966266100324972 0.80118571907076841 -0.23055316636952192 -0.86742624990164141 -0.38080383917127875 -0.13446719571686264 1.5458871644499086 2.0238083650930254 -1.6486186839782813 -0.046974193898529963 -0.0097090429285513462 0.037697743126625105 -1.3097646345338529 -0.5810843304535509 0.026861514156072883 -0.86826169969616662 -1.5411325730431844 0.14989615779360474 1.0315766100626564 0.69143037320455958 -0.070795041156605579 0.25650437641945495 0.25314153439153403 0.86191400443180888
decision_type=10 2 10 10 8 10 10 10 10 2 10 10 10 2 10 8 10 2 10 2 10 10 10 10 2 10 10 10 2 10
left_child=4 2 3 -2 5 7 12 9 13 -1 -11 -12 -7 -9 15 16 17 -6 19 20 21 -16 24 -24 -21 28 27 -27 -20 -30
right_child=1 -3 -4 -5 14 6 -8 8 -10 10 11 -13 -14 -15 18 -17 -18 -19 25 22 -22 -23 23 -25 -26 26 -28 -29 29 -31
leaf_value=-8.4037531561214392e-08 0 0 0 -0.00032844350423382428 0 0.00032087966355532146 0 -0.00027786279594049882 0 0 0 0.00017165220541495892 0 0 0 0 0 -0.00032897875972685018 6.6815123000298186e-06 0 0 0.00033459791193848833 -3.1263771106648351e-05 7.569618580161223e-05 0.00022292528345640536 -8.8033542073717753e-06 0 -0.00014133721981761626 -8.1536567870440179e-05 1.5779827397535705e-05
leaf_weight=146 21 83 81 32 20 49 40 32 72 134 52 129 30 29 25 425 67 69 5022 24 57 74 585 147 63 304 544 191 310 133
leaf_count=146 21 83 81 32 20 49 40 32 72 134 52 129 30 29 25 425 67 69 5022 24 57 74 585 147 63 304 544 191 310 133
internal_value=0 -4.69381e-05 -0.000108425 -0.000219374 1.21303e-06 3.40395e-05 0.000128834 6.61404e-06 -6.18547e-05 3.72203e-05 7.0373e-05 0.000120499 0.000228727 -0.000160504 -1.0709e-06 -3.67044e-05 -0.000144103 -0.000256503 1.02918e-06 3.26844e-05 0.000138786 0.000245202 6.3558e-06 -2.94703e-06 0.000141947 -2.94786e-06 -3.32443e-05 -7.00599e-05 1.89768e-06 -4.10386e-05
internal_weight=8990 217 134 53 8773 713 119 594 133 461 315 181 79 61 8060 581 156 89 7479 975 156 99 819 732 87 6504 1039 495 5465 443
internal_count=8990 217 134 53 8773 713 119 594 133 461 315 181 79 61 8060 581 156 89 7479 975 156 99 819 732 87 6504 1039 495 5465 443
is_linear=0
shrinkage=0.05


Tree=104
num_leaves=31
num_cat=0
split_feature=369 315 244 54 331 290 325 79 50 348 376 326 360 323 277 237 202 317 268 360 350 354 376 275 237 322 207 30 207 328
split_gain=0.000194598 0.00048279 0.000484673 0.000565388 0.00034187 0.000397062 0.000261574 0.000379632 0.000199332 0.000783619 0.000728507 0.000706444 0.00130542 0.00115982 0.000596587 0.000636494 0.000502091 0.000375591 0.000349802 0.000704647 0.000798733 0.000891431 0.00067341 0.00059998 0.000356457 0.000410948 0.000393997 0.000501181 0.000310731 0.000298834
threshold=-0.89996147956708061 -0.040639692176808316 -0.59897337211053137 0.16650132275132304 0.015570844909387318 -0.0003306878306878999 -0.2136708859064306 0.75761688804424254 -0.8529117608812079 0.19382595257358584 -0.3115436905348396 0.023701270443991309 0.014839237978226507 -0.010052633175557267 -1.3038293927522506 2.3518775967174834 0.30899447235450878 -0.076992518356370596 1.7217644153581833 -0.041742981130269981 0.015315399439304047 0.0056209527795247358 -0.01721553040460749 -0.49937482814860001 2.2523819539344552 -0.0069823577843275411 1.0749318964116257 -0.55412127607593031 -0.65108971466735921 -0.025846815846453982
decision_type=8 10 10 2 10 10 8 2 2 10 10 10 10 10 10 10 10 10 8 8 10 10 10 10 10 10 10 2 10 8
left_child=1 -1 -3 -4 5 -5 7 -2 9 11 -11 14 13 -13 16 -16 -8 -12 24 23 21 -21 -22 -20 26 -26 29 -28 -27 -10
right_child=6 2 3 4 -6 -7 8 -9 18 10 17 12 -14 -15 15 -17 -18 -19 19 20 22 -23 -24 -25 25 28 27 -29 -30 -31
leaf_value=6.2209475062546241e-05 0.00016435633269536209 0 0 0 0 -0.00027560132480286157 -0.00011572925918543751 0 -4.5475411283195408e-05 0 0 -0.00038640964157302495 0 0 7.1144196380132352e-05 -7.1943397331600861e-05 1.6004547639132448e-05 0.00027364120521655445 -0.00027699283351725776 -5.5132842173146516e-06 0 0.00013859405750125595 -0.00012996693120277572 0 0 0 0 -8.5770407490277727e-05 0.0001666108861871435 6.3863647824736251e-06
leaf_weight=55 60 123 73 21 27 78 114 23 279 27 20 49 125 46 614 55 64 69 54 266 77 135 197 68 95 26 412 298 97 5343
leaf_count=55 60 123 73 21 27 78 114 23 279 27 20 49 125 46 614 55 64 69 54 266 77 135 197 68 95 26 412 298 97 5343
internal_value=0 -3.51513e-05 -6.73185e-05 -0.000115833 -0.000179982 -0.000223257 1.54442e-06 9.00863e-05 9.56744e-08 1.96544e-05 0.000144194 1.41709e-06 -7.28513e-05 -0.000215871 2.66164e-05 5.18989e-05 -4.03078e-05 0.000218021 -2.37331e-06 -3.38391e-05 -5.89879e-06 3.05584e-05 -7.74872e-05 -0.000147345 6.92538e-07 6.39241e-05 -6.95763e-07 -3.63842e-05 0.000124842 2.92254e-06
internal_weight=8990 377 322 199 126 99 8613 83 8530 1183 116 1067 220 95 847 669 178 89 7347 797 675 401 274 122 6550 218 6332 710 123 5622
internal_count=8990 377 322 199 126 99 8613 83 8530 1183 116 1067 220 95 847 669 178 89 7347 797 675 401 274 122 6550 218 6332 710 123 5622
is_linear=0
shrinkage=0.05


Tree=105
num_leaves=31
num_cat=0
split_feature=73 222 363 15 250 216 48 376 357 357 213 310 203 67 322 279 264 337 369 253 229 216 366 63 267 271 339 310 332 301
split_gain=0.00018494 0.000278372 0.000291836 0.000263767 0.000501517 0.000529629 0.00048329 0.000463693 0.000289459 0.000550403 0.000640504 0.000862326 0.00084112 0.000515514 0.00102261 0.000711811 0.000934823 0.000549436 0.00068154 0.000614051 0.00050561 0.000498808 0.000770316 0.000664171 0.000930712 0.000698164 0.000588349 0.000468733 0.000387103 0.000365874
threshold=1.6166646439674353 -0.77538091696487343 0.13622977005357911 0.016699735449735454 -0.27551963027150034 -0.59767237644497018 0.092457616617707766 0.095501106925225634 -0.00033068783068800062 -0.010582010582010982 -1.2670563272287321 -0.0017896522000550028 0.63810913712365791 0.74649114775610415 0.011667850983989704 -1.2367226658683641 -0.64549189212138358 0.0020000008888898073 -0.14051710018829242 1.8475645141682975 1.0000000180025095e-35 -0.99541126518869649 0.096203575987588386 0.50512566137566106 -0.2227671734077786 1.7217644153584863 -0.010303278039531355 4.6843012097036458e-05 -0.015546778593149407 -0.00064968256532493818
decision_type=2 10 10 2 10 10 2 10 8 8 10 10 10 2 10 10 10 10 10 10 10 10 10 2 10 10 10 10 10 8
left_child=3 -2 -3 4 5 6 -1 -8 9 21 12 20 28 14 17 -16 -17 18 -10 -19 -12 22 26 25 -25 -23 -5 -13 -11 -15
right_child=1 2 -4 8 -6 -7 7 -9 13 10 11 27 -14 29 15 16 -18 19 -20 -21 -22 23 -24 24 -26 -27 -28 -29 -30 -31
leaf_value=0 0 -0.00011813656367752051 0 0 0 0 0.00027729882154587938 0 -4.5501901090110761e-05 0 0.00013036958274651383 -8.5797950867262212e-05 0 -1.4307531167927365e-05 0 0 0.00035151464715526051 -0.00012109546940546118 0.00011688258556701481 8.1531551855039722e-05 0 0 0 0.00014297290734874917 5.1858859748300371e-06 -0.00020259531953270359 -0.00024379459159333219 0 -0.0003769428993939177 1.346159700752079e-05
leaf_weight=58 145 134 57 31 258 43 73 31 46 22 115 436 40 2101 20 26 66 127 183 23 100 717 141 207 517 45 72 439 42 2675
leaf_count=58 145 134 57 31 258 43 73 31 46 22 115 436 40 2101 20 26 66 127 183 23 100 717 141 207 517 45 72 439 42 2675
internal_value=0 -3.64284e-05 -7.73022e-05 1.3739e-06 3.81972e-05 9.6992e-05 0.000141673 0.000207027 -9.75765e-08 -1.32876e-05 -3.973e-05 -2.29638e-05 -0.00016723 6.27576e-06 5.51934e-05 0.000190096 0.000251606 2.09894e-06 6.24337e-05 -5.66812e-05 5.67294e-05 2.07343e-06 -6.0337e-05 1.56891e-05 5.15002e-05 -1.17777e-05 -0.000165222 -4.82635e-05 -0.000279683 1.98816e-07
internal_weight=8990 336 191 8654 463 205 162 104 8191 2924 1194 1090 104 5267 491 112 92 379 229 150 215 1730 244 1486 724 762 103 875 64 4776
internal_count=8990 336 191 8654 463 205 162 104 8191 2924 1194 1090 104 5267 491 112 92 379 229 150 215 1730 244 1486 724 762 103 875 64 4776
is_linear=0
shrinkage=0.05


Tree=106
num_leaves=31
num_cat=0
split_feature=211 340 91 254 365 387 334 31 314 215 241 216 291 310 49 352 250 296 298 334 246 385 304 365 341 258 355 379 359 357
split_gain=0.000192319 0.000455152 0.000537766 0.000692539 0.000575503 0.00077824 0.00052889 0.000467004 0.000379006 0.000375448 0.000357469 0.000353927 0.000477842 0.000375568 0.000349265 0.000347683 0.00051092 0.000468589 0.000584109 0.000810856 0.000432328 0.000426417 0.000694974 0.000725917 0.000725871 0.000560903 0.000466017 0.000415326 0.000603834 0.000587783
threshold=-0.82642608117316907 0.001256924584792485 1.0241125223984302 1.4565697686409029 -0.42873677248677239 0.21685542877526517 -0.0037150598226929547 0.97833994708994709 0.0012842500484713251 -1.9140470292062919 1.270798621642065 -1.3916845134614004 -0.083527042331588128 0.0028774654351199085 -0.47439759723916891 -0.0052642416228460545 -1.0536792080742041 -8.3483820694507646e-05 0.0019173651037799335 -0.0058752608177413288 -0.64862333785499648 1.0723720360156419 -0.04765508990215838 0.13723544973544979 0.0066137566137560453 1.0475512536426186 0.021450993973752944 -0.63847375044666255 -0.0055345712709098374 -0.0085978835978839634
decision_type=8 10 2 10 10 10 10 2 10 8 10 10 10 10 2 8 10 10 10 10 10 8 8 10 10 10 8 10 10 10
left_child=1 2 7 4 -4 6 -6 11 -9 -2 -3 14 -13 -14 -1 16 -11 -18 19 -19 -20 27 23 24 -23 26 -24 28 29 -17
right_child=9 10 3 -5 5 -7 -8 8 -10 15 -12 12 13 -15 -16 21 17 18 20 -21 -22 22 25 -25 -26 -27 -28 -29 -30 -31
leaf_value=0 4.9200393458542707e-05 0 0 0 0 0 0.00032234117792035539 -0.00017202087015211805 0 1.853952384468297e-05 -8.8996949225095091e-05 0 9.6425670755497016e-05 0 -0.00015124513933848757 0 -1.2515110744757775e-06 0 0.00010622515086766764 -0.00010566568644758874 -3.6744011052972928e-05 0.00018241451761140292 8.681676304229179e-05 0 0 -0.00014135882610524561 -3.3301523331167923e-05 -1.2063122824534427e-05 0 0.0001898355296910598
leaf_weight=71 297 697 28 20 28 23 87 52 34 464 122 234 395 67 42 63 890 278 84 624 98 190 143 149 54 68 119 3285 183 101
leaf_count=71 297 697 28 20 28 23 87 52 34 464 122 234 395 67 42 63 890 278 84 624 98 190 143 149 54 68 119 3285 183 101
internal_value=0 1.4049e-05 3.64899e-05 0.000118474 0.000161708 0.000204621 0.000259114 1.38546e-05 -8.3073e-05 -3.86228e-06 -9.4673e-06 3.03471e-05 4.70366e-05 7.69282e-05 -2.819e-05 -6.91899e-06 -2.21255e-05 -3.42173e-05 -5.66686e-05 -7.40089e-05 1.80641e-06 4.46107e-07 3.64901e-05 8.28167e-05 0.00013594 -3.54217e-06 1.31906e-05 -5.35314e-06 4.37494e-05 0.000115098
internal_weight=8990 1900 1081 186 166 138 115 895 86 7090 819 809 696 462 113 6793 2438 1974 1084 902 182 4355 723 393 244 330 262 3632 347 164
internal_count=8990 1900 1081 186 166 138 115 895 86 7090 819 809 696 462 113 6793 2438 1974 1084 902 182 4355 723 393 244 330 262 3632 347 164
is_linear=0
shrinkage=0.05


Tree=107
num_leaves=31
num_cat=0
split_feature=385 59 37 332 279 246 348 324 381 281 346 12 296 360 350 35 85 29 370 87 370 75 207 275 49 288 308 333 366 30
split_gain=0.000182743 0.000498641 0.000535401 0.000485477 0.00071723 0.000707876 0.00050296 0.000468542 0.00041748 0.000354492 0.000390482 0.000314213 0.000313636 0.000503909 0.000308733 0.000281012 0.000384903 0.000275397 0.000520528 0.000608921 0.00057464 0.000613878 0.00053382 0.000698914 0.000507993 0.000358678 0.000788746 0.000583934 0.000422974 0.00102591
threshold=-1.7233832620203959 0.47716208203086158 -0.49322817932125995 0.0081516085802797473 1.2189996539064341 -1.6935844899507819 -0.16907961490598269 0.0075928163447696049 -1.1669420002758646 -1.0000000180025095e-35 -0.012831128291701513 0.0024801587301587001 0.0004234333389139811 -0.032638127385136516 -0.02200828999255033 0.99222883597883615 0.96155684282767884 0.89360119047618947 0.41008595271787684 0.39914021164021157 0.14012513253709505 0.49107142857142855 -0.35730620888330339 0.29040139500085099 -0.89842690530291136 0.00033068783068795909 -0.010101353658760191 0.0023148148148143953 0.44348954994718343 -0.17765036408111348
decision_type=8 2 2 10 10 10 10 10 10 10 10 2 10 10 10 2 2 2 10 2 10 2 10 10 2 10 10 10 8 2
left_child=1 3 -3 4 12 7 -5 -6 -8 -4 -11 -10 -1 -14 -13 17 -17 18 20 -20 22 24 -2 -24 -22 28 27 -27 -19 -30
right_child=15 2 9 6 5 -7 8 -9 11 10 -12 14 13 -15 -16 16 -18 25 19 -21 21 -23 23 -25 -26 26 -28 -29 29 -31
leaf_value=4.7933970160758127e-06 -3.8315599794914151e-06 0 0 0 0.00030807687741715224 0 0 0 0 0 -0.00028470368874416194 0 -0.000169000180848083 0 -0.00031615565314603491 1.3872618470513472e-05 0.00018503129525956598 -1.5445291358772956e-05 0.00022112278457267601 0 0 0 2.4190957046909006e-06 7.7955727749227032e-05 -0.00015611818726776861 -0.00029077680071371318 0 0 0 0.00013565937319733813
leaf_weight=200 1963 26 22 20 51 96 28 20 23 21 60 20 73 45 49 620 46 2652 62 45 25 178 979 575 158 55 147 24 540 167
leaf_count=200 1963 26 22 20 51 96 28 20 23 21 60 20 73 45 49 620 46 2652 62 45 25 178 979 575 158 55 147 24 540 167
internal_value=0 -2.37103e-05 -0.000113754 0 1.84091e-05 0.000106882 -8.65426e-05 0.000227461 -0.000138587 -0.000170838 -0.000219159 -0.00019073 -1.2354e-05 -8.37338e-05 -0.000244651 1.99914e-06 3.32268e-05 -8.81427e-08 8.26923e-06 0.0001189 3.92447e-06 -5.38899e-05 1.12818e-05 3.35891e-05 -0.000118782 -1.07726e-05 -7.36689e-05 -0.000201101 -5.05028e-06 2.68676e-05
internal_weight=8990 754 129 625 485 167 140 71 120 103 81 92 318 118 69 8236 666 7570 3985 107 3878 361 3517 1554 183 3585 226 79 3359 707
internal_count=8990 754 129 625 485 167 140 71 120 103 81 92 318 118 69 8236 666 7570 3985 107 3878 361 3517 1554 183 3585 226 79 3359 707
is_linear=0
shrinkage=0.05


Tree=108
num_leaves=31
num_cat=0
split_feature=50 279 288 80 337 246 72 349 73 387 34 254 322 92 284 253 204 319 357 69 77 374 362 322 204 255 268 232 32 76
split_gain=0.00017677 0.000491487 0.000942919 0.000906907 0.000678868 0.000508382 0.000401769 0.000339359 0.000324062 0.00111064 0.00102503 0.000988448 0.00105431 0.00122561 0.000642702 0.000431332 0.000598464 0.000485774 0.000414738 0.000503573 0.00055462 0.0003641 0.000416688 0.000430039 0.000559528 0.000365736 0.000659183 0.000536399 0.000668385 0.0005133
threshold=1.1240699184160701 0.52851908878386922 -0.00033068783068780069 0.10995370370370401 -0.0021551757505615591 -1.7889572514640029 0.14592943784095153 0.13657479213458615 -1.5788418710008199 0.11021195638697757 0.41832010582010609 0.94684201053147155 -0.011651720568737331 0.86011904761904756 -0.00082671957671984198 1.5570284529349372 0.49376912474254109 0.0018163751326494423 0.034060846560845993 -1.0362763950616347 0.89269179894179918 0.085638523591839336 0.097222222222222501 -0.013399008205704164 -1.8014356773288074 -1.1987229465315263 1.7217644153580576 0.24718334629124789 0.659308862433862 -0.80574914675378195
decision_type=2 10 10 2 10 10 2 10 2 10 2 10 10 2 10 8 10 10 8 2 2 10 10 10 10 10 10 10 2 2
left_child=8 -2 5 -4 -5 6 -3 -6 9 11 -11 12 -1 14 -14 21 18 -18 19 -17 -21 25 -23 -24 -25 27 -27 28 -10 -28
right_child=1 2 3 4 7 -7 -8 -9 15 10 -12 -13 13 -15 -16 16 17 -19 -20 20 -22 22 23 24 -26 26 29 -29 -30 -31
leaf_value=0 8.15041154475052e-07 0 0 0 -0.00037651120951427702 -5.0990429048453698e-05 0.00028008887936477978 0 0.00011130215269355951 0 -0.00026981168482844982 -5.4988805798678674e-06 0 0 0.00028315742869994444 0 -1.6035099685378219e-05 0.00010445823626000308 1.3825390776305819e-05 -0.00011012737736504602 0 6.8496265769748734e-06 0 0 0.00018981928594521535 -2.4517883363862042e-07 0 0 0 -0.00010964259427157164
leaf_weight=76 443 36 64 57 62 58 27 20 302 50 45 102 25 24 158 103 123 120 66 495 62 645 48 21 125 4545 49 573 207 259
leaf_count=76 443 36 64 57 62 58 27 20 302 50 45 102 25 24 158 103 123 120 66 495 62 645 48 21 125 4545 49 573 207 259
internal_value=0 -2.30187e-05 -7.10237e-05 -0.000140171 -0.000212103 3.71592e-06 0.000133321 -0.000311277 2.07688e-06 4.19685e-05 -8.70498e-05 8.68021e-05 0.000137721 0.000196608 0.000245877 0 -3.15791e-05 2.29186e-05 -5.67069e-05 -7.13357e-05 -9.10463e-05 4.0644e-06 3.49021e-05 0.000102358 0.00014587 0 -6.15466e-06 2.59823e-05 6.37883e-05 -7.7101e-05
internal_weight=8990 767 324 203 139 121 63 82 8223 480 95 385 283 207 183 7743 969 243 726 660 557 6774 839 194 146 5935 4853 1082 509 308
internal_count=8990 767 324 203 139 121 63 82 8223 480 95 385 283 207 183 7743 969 243 726 660 557 6774 839 194 146 5935 4853 1082 509 308
is_linear=0
shrinkage=0.05


Tree=109
num_leaves=31
num_cat=0
split_feature=333 345 356 78 345 348 320 371 73 343 69 217 348 298 265 369 241 307 287 335 236 11 344 75 374 364 366 331 19 379
split_gain=0.000178114 0.000433175 0.000416173 0.000307713 0.000304941 0.000299186 0.000383878 0.000460651 0.000253872 0.000297593 0.000895397 0.000644358 0.000605548 0.000397512 0.000315956 0.000462148 0.000705554 0.000376835 0.000506948 0.000471817 0.000374378 0.000282018 0.00025363 0.000268158 0.000240446 0.000192819 0.000137295 0.000112684 8.60579e-05 4.54612e-05
threshold=-0.049603174603175031 0.0092592592592591408 0.016038070124841156 0.52190806878306917 -1.0000000180025095e-35 -0.39174725364107255 -0.012837402397478643 0.50203400853838509 1.6166646439674353 0.03753306878306855 -0.33512575443982667 -2.1894348498824989 0.13018798769201584 -0.00093349800801001404 0.26169145761557139 0.35278051546750216 0.75617667604501959 -0.00033068783068780015 -0.0058360292069153932 0.11889942363792901 -0.12435408512167996 0.025049603174603075 -0.016027555882740772 0.77099867724867766 0.011080530805828106 -0.02151051197765581 0.721708722219641 0.0073055280311786494 -0.20932573656609546 0.23757227121697586
decision_type=8 10 10 2 10 8 10 10 2 10 2 10 10 10 10 10 10 8 10 10 10 2 10 2 10 10 10 10 2 10
left_child=1 3 28 26 -5 6 -2 25 9 14 11 -11 -13 24 17 16 -16 18 -7 -19 -17 -15 23 -10 -12 -8 -1 -27 -3 -24
right_child=5 2 -4 4 -6 8 7 -9 22 10 13 12 -14 21 15 20 -18 19 -20 -21 -22 -23 29 -25 -26 27 -28 -29 -30 -31
leaf_value=0.00010504609571803779 0 0 0 0 -0.00017143845393922193 0 0 0 -0.00019933658558010073 0 -0.00010636864447945724 -0.00030820420770699285 0 0 4.4345356887281314e-05 1.1588193378827049e-05 -9.0256338824469686e-06 1.1031205704194136e-05 -5.4761398561754387e-05 -9.2517012894523931e-05 -6.5153633038047252e-05 0.00028230306345934127 -2.5051365809811846e-05 0 0 -0.00028087215152379215 0 0 0.00031971236011288319 0
leaf_weight=63 47 21 20 39 40 1022 23 60 48 24 55 63 34 32 1778 183 739 3165 708 107 274 21 181 21 29 46 33 23 27 64
leaf_count=63 47 21 20 39 40 1022 23 60 48 24 55 63 34 32 1778 183 739 3165 708 107 274 21 181 21 29 46 33 23 27 64
internal_value=0 4.21326e-05 0.000149127 0 -7.25403e-05 -1.25357e-06 -6.18528e-05 -0.000106384 0 1.84055e-06 -4.96264e-05 -0.000153922 -0.000214797 6.06397e-06 4.13283e-06 1.72969e-05 2.66893e-05 -2.69466e-06 -2.22445e-05 6.11421e-06 -2.3489e-05 0.00013561 -4.39525e-05 -0.000134005 -1.62847e-05 -0.00017662 6.06117e-05 -0.00022035 0.00023047 0
internal_weight=8990 243 68 175 79 8747 199 152 8548 8234 258 121 97 137 7976 2974 2517 5002 1730 3272 457 53 314 69 84 92 96 69 48 245
internal_count=8990 243 68 175 79 8747 199 152 8548 8234 258 121 97 137 7976 2974 2517 5002 1730 3272 457 53 314 69 84 92 96 69 48 245
is_linear=0
shrinkage=0.05


Tree=110
num_leaves=31
num_cat=0
split_feature=248 31 296 31 203 86 55 332 355 93 354 250 219 355 215 241 224 10 13 295 324 265 252 223 355 77 77 308 279 223
split_gain=0.00017642 0.00051112 0.000520902 0.000579734 0.000588193 0.000658912 0.000551425 0.000412075 0.000517487 0.000835238 0.00058607 0.000600221 0.000756752 0.000525016 0.000726547 0.00066492 0.000589648 0.000532263 0.000537518 0.000469131 0.000890577 0.000537604 0.000848559 0.000636537 0.000382644 0.000464019 0.000386556 0.000386504 0.000445429 0.000561216
threshold=0.78771253426859567 0.85912698412698396 -0.0030532373014550136 0.99421296296296313 -1.0178566232201927 0.014880952380952351 -0.5471962871766064 0.0039395304496198111 0.052376161486934809 0.13055514202013904 0.0067418435051761491 1.0931742898159778 1.0001105407753863 0.017181760137872041 -0.35672929680703913 -1.1052474849572154 -0.76726215680526588 0.98396164021164012 0.0014880952380952001 0.00046816482821152033 0.017053114009852214 -1.2807978118872907 0.78336440435351273 0.94467681172027007 -0.064206450999854989 0.6185515873015871 0.49718915343915354 -0.0037339650817181653 -0.88886729017015653 0.73051108990272551
decision_type=8 2 10 2 10 2 2 10 10 2 10 10 10 10 10 10 10 2 2 10 10 10 10 10 10 2 2 10 10 10
left_child=7 24 -3 4 -4 -6 -7 19 13 -10 -11 12 -12 14 -9 -15 -17 18 -16 -1 21 -21 23 -23 26 -26 -2 28 -27 -30
right_child=1 2 3 -5 5 6 -8 8 9 10 11 -13 -14 15 17 16 -18 -19 -20 20 -22 22 -24 -25 25 27 -28 -29 29 -31
leaf_value=2.2867472709786354e-06 0 5.1694741816910955e-05 0 3.4309213422350006e-06 0 0 -0.00014579594808243479 2.456050553439699e-05 0 0 -0.00026050947167379781 0 0 0 0 0.00027526191183572987 0 0 -0.00013455449655286548 0 0 0.00019293364247505249 0 0 -3.3772623014154063e-06 0 -7.7253686649575253e-05 0 0.00017802101473795263 0
leaf_weight=4367 151 73 130 136 54 25 407 357 147 47 129 48 29 50 25 56 48 97 247 105 512 243 134 37 555 156 245 144 161 75
leaf_count=4367 151 73 130 136 54 25 407 357 147 47 129 48 29 50 25 56 48 97 247 105 512 243 134 37 555 156 245 144 161 75
internal_value=0 -1.2009e-05 -4.40708e-05 -6.00209e-05 -8.21436e-05 -0.000107597 -0.000129755 4.01421e-06 -2.01931e-05 -6.73654e-05 -0.000124193 -0.000161401 -0.000208448 0 -1.65264e-05 8.50326e-05 0.000163315 -6.98194e-05 -0.000107251 1.06809e-05 4.1383e-05 8.76968e-05 0.000113518 0.000163172 2.41875e-06 2.07306e-05 -3.54008e-05 5.50157e-05 8.12565e-05 0.000125227
internal_weight=8990 2312 825 752 616 486 432 6678 1280 400 253 206 158 880 726 154 104 369 272 5398 1031 519 414 280 1487 1091 396 536 392 236
internal_count=8990 2312 825 752 616 486 432 6678 1280 400 253 206 158 880 726 154 104 369 272 5398 1031 519 414 280 1487 1091 396 536 392 236
is_linear=0
shrinkage=0.05


Tree=111
num_leaves=31
num_cat=0
split_feature=330 64 304 262 207 259 278 378 88 66 84 44 238 279 350 265 70 50 352 255 359 350 91 331 236 376 277 348 233 245
split_gain=0.000173661 0.000396682 0.000363027 0.000279152 0.0004051 0.000929639 0.000979943 0.000554208 0.00036088 0.000494934 0.000368222 0.000376807 0.000252592 0.000585058 0.000592889 0.000612583 0.0010442 0.000507582 0.000826054 0.000641863 0.000565622 0.000368029 0.000545437 0.00070034 0.000379584 0.000342619 0.000410109 0.000261029 0.000211954 0.000186262
threshold=0.11135189527993108 -0.63643213091756634 -0.062581571477007256 -0.82683168209461166 0.049879102436249746 0.5766061089317015 -0.72474779133097089 -0.29006130214345205 0.49041005291005307 0.90258995822407606 0.51868386243386211 0.62748015873015917 1.0248856057705782 0.29260391112432821 -0.094381964925731157 0.43342345766164941 0.094246031746031758 0.65594891251294418 0.00060442516246783662 0.92039117934959236 0.02059084034799508 -0.38669409981180791 3.0800826753290553 0.010222161477935589 -0.031044404059928202 -0.069575351839907526 -0.67018927336180367 -0.021573975103392259 -0.82979952120301326 0.21188229345839746
decision_type=10 2 10 8 10 10 10 10 2 2 2 2 8 10 10 10 2 2 10 10 10 8 2 10 10 10 10 10 10 10
left_child=3 2 -2 4 -1 8 -7 -8 9 -6 11 -10 17 -14 27 16 -16 21 29 20 -20 25 24 -24 -23 -5 -27 -15 -4 -19
right_child=1 -3 28 12 5 6 7 -9 10 -11 -12 -13 13 14 15 -17 -18 18 19 -21 -22 22 23 -25 -26 26 -28 -29 -30 -31
leaf_value=-6.5594209419816395e-07 0 0 0 0 0 0 0 0.00032601318061797961 0.00017241697606672831 -0.00020709770321820903 0 0 0 -6.0521505216335796e-06 0 0 -0.00023967205960901945 -5.413113384293958e-05 0.00021306377953815168 0 0 1.8648667618751069e-05 0.00027515569349429104 0 -8.9786054140904481e-06 -0.00025718139808469026 -1.5188854083156975e-05 0.00012591089063718883 -0.00033704233416114967 2.1615052801668097e-05
leaf_weight=270 37 135 20 60 85 52 21 74 81 37 67 26 606 27 34 131 134 136 140 104 49 1688 41 24 4523 42 137 41 25 143
leaf_count=270 37 135 20 60 85 52 21 74 81 37 67 26 606 27 34 131 134 136 140 104 49 1688 41 24 4523 42 137 41 25 143
internal_value=0 -4.40959e-05 -0.000131229 1.17017e-06 3.1411e-05 6.2235e-05 0.00016573 0.000261239 0 -5.38345e-05 5.61209e-05 0.000117112 -8.84999e-07 -2.51652e-05 -7.52531e-05 -0.000109115 -0.000174054 1.74332e-06 4.72298e-05 0.00010677 0.000161726 -1.48348e-06 4.4934e-08 0.000144583 -6.64989e-07 -6.25138e-05 -9.99985e-05 1.60416e-07 -0.000226876 0
internal_weight=8990 217 82 8773 713 443 147 95 296 122 174 107 8060 973 367 299 168 7087 572 293 189 6515 6276 65 6211 239 179 68 45 279
internal_count=8990 217 82 8773 713 443 147 95 296 122 174 107 8060 973 367 299 168 7087 572 293 189 6515 6276 65 6211 239 179 68 45 279
is_linear=0
shrinkage=0.05


Tree=112
num_leaves=31
num_cat=0
split_feature=36 207 367 36 257 379 222 372 264 379 199 66 320 59 369 330 349 264 227 19 204 375 284 311 76 293 369 232 323 22
split_gain=0.000173609 0.000347919 0.000294351 0.00026571 0.000293661 0.000428582 0.000331619 0.000268027 0.000254482 0.00070641 0.000932658 0.000655886 0.000632687 0.00062906 0.000614836 0.000620304 0.000582451 0.0003974 0.000872133 0.00112041 0.000685885 0.000616132 0.00066714 0.000422132 0.000394617 0.000698296 0.000635416 0.00040427 0.000354525 0.000636068
threshold=0.99785052910052918 -0.57006495413162683 -0.47139550264550245 0.98908730158730152 1.0405196840415418 0.1318488156709717 -1.872653033597184 0.015822553162459955 1.1688056133231148 0.21502745778698004 0.98136383056261112 0.033692523589451552 0.011356429049834806 1.1372406387230085 -0.50303812092157985 -0.036170414799383786 0.06096524656871994 0.50266539720991743 -0.59842647643297686 0.56525799536346411 1.4010758873526037 0.024832125197055969 -0.00033068783068800756 -0.00033068783068779993 0.15781922366796705 -0.023530497410188641 0.0063916612196300857 -0.89389690279014633 -0.49755141587058088 -0.23563399203462096
decision_type=2 10 10 2 10 10 10 10 10 10 10 2 10 2 10 10 10 8 8 2 10 10 8 10 2 10 10 10 8 2
left_child=3 -2 -3 8 5 6 -5 -8 17 13 11 12 -11 14 -10 -16 -12 24 19 -19 -21 22 -20 -23 28 26 -26 -27 29 -1
right_child=1 2 -4 4 -6 -7 7 -9 9 10 16 -13 -14 -15 15 -17 -18 18 21 20 -22 23 -24 -25 25 27 -28 -29 -30 -31
leaf_value=-7.5741614305942857e-05 0 0 0.00010126511140979805 0 0 0 -0.00018776716026014842 0 -3.0832243366938112e-05 0.00018869122796325629 -0.00025850346304917229 -4.7572306181197805e-05 0 -3.5737839534584308e-05 -7.780977967803553e-06 0.00011232637893866431 0 0 -0.00017004560107940442 -0.00029500167672893437 0 0 0 0.00011305413326354551 0.00012163594916882314 0 0 -0.00013157591096478309 2.2439880439918035e-06 0
leaf_weight=436 149 50 197 20 133 66 113 20 51 81 60 148 41 91 42 523 23 131 81 89 22 76 267 150 268 35 253 76 4609 689
leaf_count=436 149 50 197 20 133 66 113 20 51 81 60 148 41 91 42 523 23 131 81 89 22 76 267 150 268 35 253 76 4609 689
internal_value=0 3.23884e-05 7.21219e-05 -1.46763e-06 -4.40362e-05 -8.04182e-05 -0.000127489 -0.000157875 0 2.32007e-05 -2.55e-05 2.1526e-06 0.000103414 5.45879e-05 7.60507e-05 9.45503e-05 -0.000175517 -3.0218e-06 -3.60049e-05 -0.000115654 -0.000233151 0 -4.41068e-05 6.17858e-05 4.21093e-07 3.85451e-05 6.75543e-05 -5.25486e-05 -2.90955e-06 -2.84654e-05
internal_weight=8990 396 247 8594 352 219 153 133 8242 1060 353 270 122 707 616 565 83 7182 816 242 111 574 348 226 6366 632 521 111 5734 1125
internal_count=8990 396 247 8594 352 219 153 133 8242 1060 353 270 122 707 616 565 83 7182 816 242 111 574 348 226 6366 632 521 111 5734 1125
is_linear=0
shrinkage=0.05


Tree=113
num_leaves=31
num_cat=0
split_feature=369 246 244 377 41 301 347 343 349 71 19 213 353 209 28 18 307 317 70 381 223 62 19 53 328 18 384 369 72 27
split_gain=0.000165712 0.000490734 0.000472313 0.00039366 0.000254061 0.00024243 0.000718658 0.00057882 0.00069149 0.000718452 0.0010396 0.000519085 0.000528893 0.000497826 0.000539169 0.000505002 0.000481122 0.000485363 0.000436511 0.000404249 0.000555166 0.000388478 0.000651312 0.00105794 0.000697014 0.000757799 0.000679647 0.000510228 0.000592999 0.000756392
threshold=-0.86475595563538576 1.3865781778347681 -0.093888761691787823 0.067118511070938483 0.30876155861767557 -0.003085235235574912 0.013611503910535118 0.012235449735450045 -0.05952414834499304 0.32705026455026459 1.3283389776454002 -1.2155633463741726 0.050939969450739177 -1.9052352573117808 0.46908068783068807 -0.030968231478704974 -0.00033068783068790174 -0.10604648662610013 0.15839947089947101 0.13106969584298325 1.0819455125459803 0.74487433862433916 1.0016095670595402 0.8878242376356712 0.0094904908467126573 -0.88607627257968347 0.37207317112642108 -0.076047794992481529 -0.40194502178169295 -0.15606350864288795
decision_type=8 10 10 10 2 10 10 10 10 2 2 10 10 8 2 2 10 10 2 10 10 2 2 2 10 2 10 10 2 2
left_child=1 2 -1 4 -4 6 7 8 13 18 -11 -8 16 15 -15 -2 -13 -18 -10 20 -9 27 24 26 -23 -26 -24 -7 29 -29
right_child=5 -3 3 -5 -6 21 11 19 9 10 -12 12 -14 14 -16 -17 17 -19 -20 -21 -22 22 23 -25 25 -27 -28 28 -30 -31
leaf_value=0 0.00019215571031795314 3.5774360659211463e-06 0 0 -0.00032032337585152695 3.2116256783916019e-05 4.1183273975517547e-05 -0.00018227426005714483 7.6527160817189434e-05 7.9758977768912146e-05 0.00037787451497536166 0 0 -0.00010118077180194281 2.3233637109793998e-05 0 0 -0.00019043134397979226 -4.3157328990046672e-05 8.4114019749779447e-06 0 -4.0994226085395543e-05 -0.0002427786289570212 5.8994169274634441e-05 0.00023638983769808236 1.5639303646483961e-06 0 0 1.2340284798926364e-06 -0.00014005620811587474
leaf_weight=112 56 197 23 31 43 1226 77 75 142 413 47 32 68 170 78 49 28 149 139 112 28 793 114 25 43 447 30 281 3787 175
leaf_count=112 56 197 23 31 43 1226 77 75 142 413 47 32 68 170 78 49 28 149 139 112 28 793 114 25 43 447 30 281 3787 175
internal_value=0 -3.13046e-05 -8.80817e-05 -0.000169905 -0.000239364 1.37854e-06 1.88644e-05 3.79654e-05 5.43295e-05 8.17942e-05 0.000121161 -3.76365e-05 -7.75977e-05 0 -4.19037e-05 8.77308e-05 -0.000119595 -0.00015388 0 -2.20423e-05 -0.00010363 -2.10082e-06 -2.55191e-05 -0.000120824 -9.06e-06 3.24171e-05 -0.00018676 3.20277e-06 -3.97385e-06 -5.81777e-05
internal_weight=8990 406 209 97 66 8584 1663 1309 1094 741 460 354 277 353 248 105 209 177 281 215 103 6921 1452 169 1283 490 144 5469 4243 456
internal_count=8990 406 209 97 66 8584 1663 1309 1094 741 460 354 277 353 248 105 209 177 281 215 103 6921 1452 169 1283 490 144 5469 4243 456
is_linear=0
shrinkage=0.05


Tree=114
num_leaves=31
num_cat=0
split_feature=86 86 85 237 369 261 50 303 318 215 60 365 332 93 49 368 259 310 385 78 385 89 316 202 350 232 36 275 379 364
split_gain=0.000165456 0.000593816 0.000893677 0.000243476 0.00036163 0.000216426 0.000207265 0.000319125 0.000512767 0.000484861 0.000252613 0.000572426 0.000558248 0.00070084 0.000495122 0.000783183 0.000897088 0.000719983 0.000454167 0.00052831 0.000396283 0.000375352 0.000259045 0.000243288 0.000119918 0.000271653 0.000119019 2.55534e-05 8.16486e-05 7.47222e-05
threshold=0.0056216931216930511 0.014880952380952351 0.37113726182379508 0.93066058138488383 0.16237602906455853 0.67163594716164188 1.8662252048319852 -0.00033068783068779993 -0.15872550474187727 0.46088172169507741 0.88326719576719614 -0.063988095238094997 -0.048011027640663145 0.14196995787605751 1.2922175411117653 0.10628525385881431 -0.97272977280812067 -0.0014891157537449959 -0.059937695840762653 0.85234788359788372 -0.78762652714758563 -0.80443010683653238 -0.09922984899236624 0.29382801400388259 0.01478501364300583 0.35332667600998374 0.27860449735449705 -0.97658702109575679 -0.030193377303276644 0.00050406122899993033
decision_type=2 2 2 10 10 10 2 10 10 10 2 10 10 2 2 10 10 10 8 2 10 2 10 10 10 10 2 10 10 10
left_child=3 2 27 4 -1 -4 10 24 -9 -10 14 20 -13 -14 18 16 -16 -17 19 -3 22 -20 -12 -22 26 -26 -8 29 -29 -2
right_child=1 6 5 -5 -6 -7 7 8 9 -11 11 12 13 -15 15 17 -18 -19 21 -21 23 -23 -24 -25 25 -27 -28 28 -30 -31
leaf_value=-0.00018838548254320234 0 -3.4075708876661666e-06 0.00037035298581651361 0 0 0 0.00012716907672616061 0 0 -0.00036819366273367475 0 0 0 -0.00019377847528898783 0 -0.00017538089766017096 0.00015479410524608413 2.6340067890722163e-05 5.6232772189474099e-05 -6.4540054199374361e-05 -6.1367270171174424e-05 4.0495729414758319e-06 0.00012496967904761789 9.1284728538319223e-06 -0.00013518020571191012 0 0 0 9.330658874089614e-05 -9.3387993903290391e-05
leaf_weight=54 20 2280 31 44 23 21 29 23 30 28 23 76 110 136 79 55 231 154 418 475 183 4087 99 114 44 26 24 21 29 23
leaf_count=54 20 2280 31 44 23 21 29 23 30 28 23 76 110 136 79 55 231 154 418 475 183 4087 99 114 44 26 24 21 29 23
internal_value=0 8.5255e-07 0.000101351 -5.79867e-05 -0.000114788 0.000267377 -2.45827e-07 -5.03559e-05 -0.000127353 -0.000211432 3.6772e-07 -2.67923e-05 -7.80635e-05 -0.000116819 3.59795e-06 5.07791e-05 0.000103076 -2.89088e-06 0 -1.57644e-05 6.88351e-07 1.00024e-05 8.58581e-05 -1.7485e-05 0 -4.25201e-05 5.70884e-05 0 3.13459e-05 -1.84409e-05
internal_weight=8990 8869 145 121 77 52 8724 204 81 58 8520 741 322 246 7779 519 310 209 7260 2755 419 4505 122 297 123 70 53 93 50 43
internal_count=8990 8869 145 121 77 52 8724 204 81 58 8520 741 322 246 7779 519 310 209 7260 2755 419 4505 122 297 123 70 53 93 50 43
is_linear=0
shrinkage=0.05


Tree=115
num_leaves=31
num_cat=0
split_feature=203 376 276 376 248 385 373 88 347 245 260 203 365 348 91 61 342 65 352 358 255 368 310 72 89 268 246 78 206 335
split_gain=0.000164238 0.000404605 0.000486027 0.000359914 0.000580465 0.000966607 0.000411889 0.000372842 0.000371011 0.000332664 0.00030768 0.000292963 0.000989025 0.00073625 0.000678658 0.00127742 0.00088024 0.00051807 0.000553998 0.000354634 0.000318658 0.000845321 0.000894327 0.000354452 0.000776949 0.000616099 0.000293799 0.000384077 0.000435421 0.000375165
threshold=1.4044140229654565 -0.043587290463462325 -1.1954166238410731 0.04159677943491092 0.93797382584935274 -0.99760013284703064 0.00066137566137494674 0.14914021164021155 0.0052666793341801252 1.7817654915010854 -0.71491758994422139 0.74018093070211888 -0.073247354497354436 0.19382595257358584 0.059344836485321205 0.049653371178609657 0.0030828545371845988 0.37670339951791054 0.0044965415453790411 0.0013564914149646284 -2.4737759964463786 -0.0039525897535568335 2.5820929156983311e-05 -0.05686050510425119 0.38491793782521655 0.96373038858558535 -1.9739265567916024 0.41650132275132307 1.4847823203851547 0.023881067957534977
decision_type=10 10 10 10 8 10 10 2 10 10 10 8 10 8 2 2 10 2 10 10 10 10 10 2 2 10 8 2 8 10
left_child=11 2 -2 4 -3 -6 7 -5 -7 10 -9 20 17 14 -14 16 -16 26 -19 -15 21 22 -1 24 25 -23 29 -28 -29 -13
right_child=1 3 -4 6 5 8 -8 9 -10 -11 -12 12 13 19 15 -17 -18 18 -20 -21 -22 23 -24 -25 -26 -27 27 28 -30 -31
leaf_value=0.00031459554107037452 0 0 9.5540042684290113e-05 0 2.9244265401035225e-05 -0.00025031260150612023 0 0 0 0 0.00018313353652752644 -0.00019759470191923554 -2.4017015075859408e-05 0 -0.00031679425945741835 0 -4.7862665427542844e-05 0 0.00027569119665427061 0.00013296314216457115 -1.5482143469481781e-07 -0.00036955940652447016 0 5.1873063668866785e-05 0 0 -1.3023023655193332e-05 0.00010140451527373646 0 0
leaf_weight=52 130 336 282 73 32 84 289 20 45 27 118 40 438 63 113 93 115 36 38 56 5774 31 72 45 21 20 274 205 48 20
leaf_count=52 130 336 282 73 32 84 289 20 45 27 118 40 438 63 113 93 115 36 38 56 5774 31 72 45 21 20 274 205 48 20
internal_value=0 1.55757e-05 5.74453e-05 0 -3.17671e-05 -0.000110099 2.74834e-05 7.74397e-05 -0.00018339 0.000119558 0.000152023 -2.86934e-06 -2.25669e-05 -5.8846e-05 -7.93211e-05 -0.00013918 -0.00020315 1.80607e-05 0.00014279 2.97229e-05 1.33953e-06 5.78654e-05 0.000153407 -7.38478e-07 -0.000102995 -0.000230171 0 1.42316e-05 6.34969e-05 -0.0001022
internal_weight=8990 1436 412 1024 497 161 527 238 129 165 138 7554 1539 878 759 321 228 661 74 119 6015 241 124 117 72 51 587 527 253 60
internal_count=8990 1436 412 1024 497 161 527 238 129 165 138 7554 1539 878 759 321 228 661 74 119 6015 241 124 117 72 51 587 527 253 60
is_linear=0
shrinkage=0.05


Tree=116
num_leaves=31
num_cat=0
split_feature=351 387 224 351 307 375 308 277 254 255 199 315 346 284 64 255 87 200 357 50 363 346 277 299 19 246 257 36 205 299
split_gain=0.000160439 0.000253536 0.000333752 0.000189478 0.000803757 0.000651313 0.000508749 0.000662043 0.00109739 0.000853706 0.00045267 0.000451716 0.000623154 0.000679369 0.000518582 0.0004416 0.000519754 0.00045099 0.000403424 0.00043556 0.000568606 0.000358789 0.000776158 0.000693278 0.000683385 0.000599479 0.000413727 0.000700232 0.000856187 0.00052119
threshold=-1.5568851295373671 -0.028429022762717967 1.288595615952308 -0.019805519367230181 -0.00033068783068779961 0.059265206691073387 0.0025445347537389478 0.14008913796196096 -1.0192406086288475 -0.6643200045286396 -0.97658378911294919 -0.014849128900138118 0.0055484141694763902 0.00033068783068797297 0.18822284656453855 1.194307832903714 0.025462962962962955 1.7854285156222203 0.0013227513227510315 0.023774692594220503 0.025365539806048863 0.0045823202445365871 -1.065776406952373 0.19518637724072602 -0.33169105514604497 -2.3221532650779295 -0.93350510845759271 0.47652116402116407 -2.0148245760340009 0.0077251457978424485
decision_type=8 10 10 10 8 8 10 10 10 10 10 10 10 10 2 10 2 10 10 2 10 10 10 10 2 10 10 2 10 10
left_child=1 -1 -3 4 11 15 21 8 -8 10 -10 18 13 14 -13 16 -6 -18 -2 20 -20 22 23 24 -5 -25 27 28 -23 -28
right_child=3 2 -4 6 5 -7 7 -9 9 -11 -12 12 -14 -15 -16 -17 17 -19 19 -21 -22 26 -24 25 -26 -27 29 -29 -30 -31
leaf_value=0 -1.5438050356945251e-05 -0.00019488240538360343 0 0 0 -4.6691797944892321e-06 0 0 0 0 -0.00045755224818582032 -0.00015768023742840389 1.1891977533749139e-05 0 0 0 0.00011668219005481889 0 0.00022936491282262982 0 0 0 -1.0378800690666497e-06 -0.00024902365329282654 0.00013421780147017444 5.5007253361594634e-06 -3.8656792700466415e-05 0 -0.00019999110479169206 2.8198751721524414e-05
leaf_weight=23 342 49 24 129 59 429 24 93 20 30 43 233 226 188 122 370 537 135 67 182 73 41 3628 24 308 146 591 177 141 536
leaf_count=23 342 49 24 129 59 429 24 93 20 30 43 233 226 188 122 370 537 135 67 182 73 41 3628 24 308 146 591 177 141 536
internal_value=0 -6.42379e-05 -0.000118725 7.14541e-07 1.14926e-05 3.75956e-05 -3.82705e-06 -8.04151e-05 -0.000160426 -0.000248675 -0.000353643 -1.2889e-05 -4.07125e-05 -7.18114e-05 -0.000112561 5.86037e-05 8.17469e-05 9.59296e-05 1.18067e-05 5.62626e-05 0.000122678 -1.40432e-07 6.37888e-06 5.89371e-05 9.3751e-05 -1.16293e-06 -2.20837e-05 -6.98578e-05 -0.000138697 -2.42452e-06
internal_weight=8990 96 73 8894 2963 1530 5931 210 117 93 63 1433 769 543 355 1101 731 672 664 322 140 5721 4235 607 437 170 1486 359 182 1127
internal_count=8990 96 73 8894 2963 1530 5931 210 117 93 63 1433 769 543 355 1101 731 672 664 322 140 5721 4235 607 437 170 1486 359 182 1127
is_linear=0
shrinkage=0.05


Tree=117
num_leaves=31
num_cat=0
split_feature=211 53 73 318 318 63 51 247 31 48 215 342 315 211 215 352 247 85 377 366 247 281 338 362 364 301 371 304 381 40
split_gain=0.000169076 0.00041953 0.000567323 0.000620473 0.000913903 0.000675571 0.000590003 0.000338405 0.000360172 0.000569351 0.000327777 0.000319982 0.000420447 0.000426519 0.000482315 0.000304253 0.000492516 0.000734653 0.000800516 0.000777237 0.000589888 0.000601383 0.000856464 0.000488107 0.000521412 0.000439783 0.000395097 0.000648747 0.000709946 0.0006927
threshold=-0.82642608117316907 0.039523428290383307 -0.28499692266421245 -0.15911392468940858 -0.049940057885421822 0.093336640211640357 1.1140624404611053 0.14290849877983183 0.85532407407407407 0.88269338192675117 -1.9140470292062919 0.025802335643947561 -0.016673226790649084 -0.89139088266182209 0.76939888211280649 -0.0052642416228460545 -0.14979985765703174 -0.64267453672749342 -0.002440937306778745 -1.0933346436898526 0.22645760223953046 1.8568149633176232 -0.00033068783068793123 -0.00066137566137597348 -0.044808274044039496 0.0013002318461499132 1.1867321832421893 -0.04765508990215838 0.49308760893118742 -1.1839684611902197
decision_type=8 2 2 10 10 2 2 10 2 2 8 10 10 10 10 8 10 2 10 10 10 10 10 10 10 10 8 8 10 2
left_child=1 2 3 -1 5 -5 -7 8 9 -3 -2 12 -9 14 -14 16 17 -12 19 -19 23 -22 -23 -18 -25 -20 -17 28 29 -28
right_child=10 7 -4 4 -6 6 -8 11 -10 -11 15 -13 13 -15 -16 26 20 18 25 -21 21 22 -24 24 -26 -27 27 -29 -30 -31
leaf_value=0 4.5909946720237981e-05 0 1.3250189947966939e-06 0 0 0.00028030244239164503 0 0 -4.4123702139300841e-05 0.0001080305832120873 0 0 -0.00020952204523775765 0 0 -4.8642193964081246e-06 0 0 8.2228622562917528e-06 -0.00015514076696536251 -1.1532099595758245e-06 0 -0.00039438866171723522 0 0.00016885359194934225 -0.00011201631886440562 0 -3.3573672247390811e-06 0 0.00018343170879776442
leaf_weight=104 297 226 666 28 51 124 39 102 141 180 451 80 113 22 24 3687 112 72 299 334 870 26 25 31 131 87 50 298 141 179
leaf_count=104 297 226 666 28 51 124 39 102 141 180 451 80 113 22 24 3687 112 72 299 334 870 26 25 31 131 87 50 298 141 179
internal_value=0 1.32437e-05 3.62976e-05 8.91481e-05 0.000133299 0.000185651 0.000225252 -7.40052e-06 9.82177e-06 4.0875e-05 -3.55133e-06 -4.96801e-05 -7.92977e-05 -0.0001301 -0.000165589 -6.45053e-06 -2.06802e-05 -4.27702e-05 -7.20384e-05 -0.000122542 0 -1.68221e-05 -0.000185742 6.65528e-05 0.000122546 -5.94966e-06 3.67667e-07 3.67252e-05 8.25099e-05 0.000136912
internal_weight=8990 1900 1012 346 242 191 163 888 547 406 7090 341 261 159 137 6793 2438 1243 792 406 1195 921 51 274 162 386 4355 668 370 229
internal_count=8990 1900 1012 346 242 191 163 888 547 406 7090 341 261 159 137 6793 2438 1243 792 406 1195 921 51 274 162 386 4355 668 370 229
is_linear=0
shrinkage=0.05


Tree=118
num_leaves=31
num_cat=0
split_feature=333 345 246 78 346 313 257 346 330 345 211 209 50 333 265 301 266 314 331 197 63 30 354 57 296 89 301 312 54 81
split_gain=0.000159304 0.00042472 0.000287173 0.000252078 0.000330013 0.000339707 0.000223612 0.000614946 0.000597259 0.000751119 0.000712135 0.000743753 0.000432882 0.000668151 0.000457235 0.000383694 0.00051391 0.000511545 0.000513514 0.000742696 0.00068749 0.000484434 0.000827348 0.000359335 0.000351022 0.000428928 0.000359063 0.000328204 0.000326227 0.000320859
threshold=-0.04778439153439145 0.0092592592592591408 0.51063297688841436 0.52190806878306917 -0.022651446978248332 -0.0035233597217052509 -1.0000000180025095e-35 0.010334102283931947 -0.01330588149052203 0.013558201058201562 -0.94923564691993723 -1.875826716881732 -1.5684761137222198 -0.0066137566137565154 0.82394301146272564 -0.0089846995916500454 -1.6018726338362519 -0.00011327342306960418 -0.013791477744617418 -1.5603626721942689 0.73296957671957708 -0.6861312158306534 0.0062342151539229737 1.4905099924875624 0.0015438758819399381 -0.010997494452935052 -0.0012893773195949974 -0.085528557258008855 0.74222883597883615 0.5209986772486771
decision_type=10 10 10 2 10 10 10 10 10 10 10 10 2 10 10 10 10 10 10 10 2 2 10 2 10 2 10 10 2 2
left_child=1 3 -3 -1 -5 -6 7 15 29 10 -10 -12 13 -8 -15 16 27 21 20 -20 -19 -17 -23 28 25 -11 -26 -2 -18 -9
right_child=6 2 -4 4 5 -7 12 8 9 24 11 -13 -14 14 -16 17 23 18 19 -21 -22 22 -24 -25 26 -27 -28 -29 -30 -31
leaf_value=4.9121842711944517e-05 0 0.00022679152666904131 0 0 0 -0.000264223712690285 0 0.00016141162867056312 0 -0.00010686236715099893 0 -0.00017179968598132734 1.5479521198391476e-06 0.0002329805962641299 0 0 -0.00014244011964614097 0.00011264469797438029 -9.2936037032407325e-05 1.3476344643776508e-05 -3.1277985805749912e-06 -0.00011090394765455892 1.7532342896115389e-06 6.0519311437498831e-05 0.00020376519950485975 0 0 0.00021154155080436887 0 0
leaf_weight=113 20 42 30 20 37 29 35 40 79 118 69 296 4656 74 42 778 58 252 196 903 107 363 148 146 36 144 29 66 34 30
leaf_count=113 20 42 30 20 37 29 35 40 79 118 69 296 4656 74 42 778 58 252 196 903 107 363 148 146 36 144 29 66 34 30
internal_value=0 3.77168e-05 0.000141689 0 -6.44183e-05 -0.000133742 -1.20238e-06 -1.05328e-05 -4.84128e-05 -6.464e-05 -0.00010716 -0.000137274 5.35074e-06 8.94382e-05 0.000157474 0 5.12925e-05 -6.22806e-06 1.16648e-05 -9.59212e-07 6.42237e-05 -3.03449e-05 -6.84985e-05 0 0 -3.247e-05 9.61009e-05 0.00015756 -6.28005e-05 5.8829e-05
internal_weight=8990 271 72 199 86 66 8719 3912 841 771 444 365 4807 151 116 3071 324 2747 1458 1099 359 1289 511 238 327 262 65 86 92 70
internal_count=8990 271 72 199 86 66 8719 3912 841 771 444 365 4807 151 116 3071 324 2747 1458 1099 359 1289 511 238 327 262 65 86 92 70
is_linear=0
shrinkage=0.05


Tree=119
num_leaves=31
num_cat=0
split_feature=260 261 72 301 349 369 387 324 227 66 333 319 336 265 203 78 258 360 383 311 215 353 261 34 54 75 215 374 319 264
split_gain=0.00015965 0.000443485 0.000392456 0.000734689 0.000635635 0.000609787 0.000506241 0.000603884 0.00036222 0.000531756 0.00030981 0.000323108 0.000516702 0.00051764 0.000418697 0.000548608 0.000835745 0.000540731 0.000386202 0.000376566 0.000475673 0.000431654 0.000371832 0.000637656 0.000373351 0.000256578 0.000346489 0.000302134 0.000286135 0.000254547
threshold=-1.3055703620275183 -0.27011452779272888 -0.47365161319302546 -0.0020194938803123059 -0.078300240165081081 -0.27230529488717992 -0.29600452867925287 -0.12530720057135175 1.4260079242254495 1.6778766236244851 -0.049603174603175031 0.0037852859074492544 -0.0072751322751313787 -1.113970866529302 1.4044140229654565 0.39856150793650708 1.2283330961751622 -0.034731355197370022 0.64468689506066146 -0.00033068783068780069 -0.69546175231629193 0.025968716227166014 -0.2398009253523051 0.20519179894179898 0.38144841269841306 0.58961640211640209 0.51877429620466953 -0.0026586924546402632 0.0022321250319859436 -0.42197558761176268
decision_type=8 10 2 10 10 10 10 10 10 2 8 8 8 10 10 2 10 10 10 10 10 10 8 2 2 2 10 10 10 10
left_child=1 8 3 25 -5 -6 -7 -8 9 29 -4 14 13 -13 15 16 -12 -17 -15 21 -21 -16 23 -14 -24 26 -2 -28 -27 -1
right_child=2 -3 10 4 5 6 7 -9 -10 -11 11 12 22 18 19 17 -18 -19 -20 20 -22 -23 24 -25 -26 28 27 -29 -30 -31
leaf_value=0 0 0 6.0299909705285473e-05 0 0 0 0 -0.0002493387429526388 0 0 -1.2481371750898592e-05 0 -9.0624655353653745e-06 0.00013523688511773285 -0.00010572112916875845 -5.3742801472550919e-05 -0.00011310375082718828 5.6006398039385928e-06 0 0 6.6533110574229265e-05 1.4936084253469885e-05 8.9065192663462412e-06 8.4516198870021554e-05 -4.8166764978104658e-05 0 0 0.00017553321118563998 -0.000104170163024895 0.00021414288505287521
leaf_weight=28 110 291 217 106 38 23 41 140 25 21 1008 96 231 226 112 438 323 2828 33 342 537 68 475 325 466 178 20 68 81 95
leaf_count=28 110 291 217 106 38 23 41 140 25 21 1008 96 231 226 112 438 323 2828 33 342 537 68 475 325 466 178 20 68 81 95
internal_value=0 2.87763e-05 -1.45782e-06 -3.49672e-05 -9.00242e-05 -0.000134968 -0.000170521 -0.000199396 9.38596e-05 0.000128927 1.38727e-06 0 1.78014e-05 7.26755e-05 -6.24887e-06 -1.34502e-05 -4.06628e-05 -8.28374e-07 0.000110604 2.02886e-05 3.67669e-05 -3.23942e-05 1.44469e-06 3.66515e-05 -1.40464e-05 0 4.90564e-05 0.000123465 -2.52134e-05 0.000173946
internal_weight=8990 460 8530 805 348 242 204 181 169 144 7725 7508 1852 355 5656 4597 1331 3266 259 1059 879 180 1497 556 941 457 198 88 259 123
internal_count=8990 460 8530 805 348 242 204 181 169 144 7725 7508 1852 355 5656 4597 1331 3266 259 1059 879 180 1497 556 941 457 198 88 259 123
is_linear=0
shrinkage=0.05


Tree=120
num_leaves=31
num_cat=0
split_feature=326 360 299 69 300 378 345 379 61 68 325 363 384 243 315 299 85 55 201 374 277 56 19 340 14 380 222 373 38 378
split_gain=0.00016115 0.000657235 0.000728664 0.000737794 0.000606262 0.000684746 0.000733193 0.000520971 0.000513469 0.000577097 0.000910507 0.000910984 0.000521756 0.000520564 0.000725902 0.000519693 0.000507515 0.000828084 0.000624176 0.000518372 0.000418268 0.000359512 0.000443835 0.000357548 0.000348938 0.000337034 0.000475933 0.000785975 0.00092615 0.000574016
threshold=0.017661477827956743 0.012108889514845013 -0.48825510609024597 0.9910897685198059 -0.011317770012552185 0.28378753927664385 0.0082671957671959524 -0.26114839225065606 -0.16294665921354959 0.038690476190476206 0.016691050502193775 -0.36125610322297613 0.019155100816370705 -1.2023002647843677 0.00088851794616301449 0.044440901501847936 -0.80177269310967081 -0.5471962871766064 -0.65923357204453548 -0.021506205220965354 -0.57893883838951743 0.34209656084656104 -0.14129715781662447 -0.0041029427730140114 0.0018187830687830002 0.0062500306907750111 1.0000000180025095e-35 -0.0019841269841270001 0.11626306246125802 0.4013968705196706
decision_type=10 10 10 2 10 10 10 10 2 2 10 10 10 10 10 10 2 2 10 10 10 2 2 10 2 10 10 10 2 10
left_child=8 2 3 7 -4 6 -6 -2 25 10 11 -10 16 14 20 -13 -11 19 -19 -18 -14 24 -23 -8 -15 26 -1 -28 -29 -30
right_child=1 -3 4 -5 5 -7 23 -9 9 12 -12 15 13 21 -16 -17 17 18 -20 -21 -22 22 -24 -25 -26 -27 27 28 29 -31
leaf_value=0 0 1.229509389518375e-06 7.6919340588001473e-05 0 -3.5334708632517714e-05 2.1450528058441334e-05 0 -0.00033972964095255122 0 0 0 0.00041894637430239974 0 4.6238149090879928e-05 0 0 0 0.00010893977946946877 -1.2347095776278763e-05 0.00018182542170434651 -0.00034339895229747934 0 0.00017551417482589859 -0.00033442826274683433 -7.0828410799526429e-05 -1.8676441453814803e-05 -1.1986640093333897e-05 0 0.00023988961898642317 0
leaf_weight=1525 21 2768 98 35 329 145 21 57 28 246 28 47 20 41 70 20 20 135 292 187 36 186 58 46 200 1982 109 89 123 28
leaf_count=1525 21 2768 98 35 329 145 21 57 28 246 28 47 20 41 70 20 20 135 292 187 36 186 58 46 200 1982 109 89 123 28
internal_value=0 -8.29873e-06 -5.00143e-05 -0.000174486 -2.01556e-05 -4.69918e-05 -8.46749e-05 -0.000260204 5.41589e-06 2.94593e-05 0.000140032 0.000222076 1.69757e-05 -1.25308e-05 -0.000105239 0.00032224 4.31428e-05 6.77076e-05 1.43085e-05 0.000153656 -0.000239256 1.26387e-06 5.27877e-05 -0.000252028 -3.01633e-05 -3.35179e-06 1.01882e-05 6.29724e-05 0.000117832 0.000193354
internal_weight=8990 3520 752 113 639 541 396 78 5470 1614 123 95 1491 611 126 67 880 634 427 207 56 485 244 67 241 3856 1874 349 240 151
internal_count=8990 3520 752 113 639 541 396 78 5470 1614 123 95 1491 611 126 67 880 634 427 207 56 485 244 67 241 3856 1874 349 240 151
is_linear=0
shrinkage=0.05


Tree=121
num_leaves=31
num_cat=0
split_feature=36 338 56 15 347 254 73 374 283 61 88 338 42 350 76 206 384 19 358 347 59 375 303 275 212 60 385 351 205 277
split_gain=0.000153042 0.000305013 0.000404241 0.000285814 0.00050807 0.000382815 0.000416046 0.00028311 0.000551348 0.000365748 0.00038365 0.000497825 0.000247113 0.000309731 0.000233731 0.000618527 0.000471884 0.000377461 0.000268478 0.000550105 0.000689548 0.000513556 0.000446034 0.000567924 0.000315616 0.000233379 0.00021263 0.000173707 0.000291468 0.0001475
threshold=0.0086805555555558283 -0.00033068783068780459 0.74586640211640221 0.016699735449735454 0.010491696840118971 0.17929206864932823 1.6780833946108802 -0.3625100804619576 -0.0015360380158343787 -0.16294665921354959 0.88326719576719614 0.023809523809523978 -1.1529105272981248 -0.078836621075805816 -1.0582384222869148 -0.66628246298981908 0.24282109404074401 -0.070055066384784384 -0.00067159783152309627 -0.0079147165274598957 0.25570348210719956 -0.053220845539212351 0.00082671957671949698 -0.56659394313070555 1.438369468685426 0.54034391534391613 -0.24058768045345913 0.010974449748543615 -0.44756360672884249 0.4501287602629534
decision_type=2 10 2 2 8 10 2 8 8 2 2 10 2 10 2 10 10 2 8 10 2 10 10 10 10 2 10 10 8 10
left_child=1 -1 -3 4 5 6 12 8 25 10 11 -10 -2 -14 15 29 17 -17 19 20 -16 -21 23 -20 -24 26 -5 28 -6 -9
right_child=3 2 -4 7 27 -7 -8 14 9 -11 -12 -13 13 -15 18 16 -18 -19 22 21 -22 -23 24 -25 -26 -27 -28 -29 -30 -31
leaf_value=0 0 0 -0.00024748357540468137 0 0 0 0 2.2213575776791305e-06 -0.00018367236881678921 0 0 0 0 0.00023965445922110703 -8.5406761885690023e-05 0 0 0.00019564653978252182 -2.3022255663439039e-05 1.6439902700724028e-05 7.7521987747648259e-06 -3.9190685667806938e-05 0.00011214878033810269 1.3880340470436244e-05 0 0 0.00019206331985309054 0 -0.00016830008467432606 -6.6144498900231303e-05
leaf_weight=81 21 25 35 20 20 146 20 182 151 42 70 21 23 93 497 85 35 111 1523 1340 182 600 162 3200 65 21 33 60 42 84
leaf_count=81 21 25 35 20 20 146 20 182 151 42 70 21 23 93 497 85 35 111 1523 1340 182 600 162 3200 65 21 33 60 42 84
internal_value=0 -5.16678e-05 -0.000137678 8.18533e-07 4.10756e-05 8.03709e-05 0.000136215 -6.19409e-07 -4.44329e-05 -8.34697e-05 -0.000109328 -0.000149624 0.000169846 0.000198461 7.05849e-07 3.42477e-05 9.59878e-05 0.0001299 -8.36437e-07 -1.43298e-05 -5.30762e-05 0 5.29286e-06 9.217e-07 7.41827e-05 3.78184e-05 0.000113946 -1.55542e-05 -8.64218e-05 -5.94675e-07
internal_weight=8990 141 60 8849 425 303 157 8424 358 284 242 172 137 116 8066 497 231 196 7569 2619 679 1940 4950 4723 227 74 53 122 62 266
internal_count=8990 141 60 8849 425 303 157 8424 358 284 242 172 137 116 8066 497 231 196 7569 2619 679 1940 4950 4723 227 74 53 122 62 266
is_linear=0
shrinkage=0.05


Tree=122
num_leaves=31
num_cat=0
split_feature=211 359 373 38 328 73 72 240 88 30 85 386 378 351 296 19 353 215 348 78 243 210 385 304 75 314 313 235 19 77
split_gain=0.000153065 0.000398462 0.000459612 0.000468679 0.000443781 0.000610146 0.000499744 0.000491294 0.000430663 0.000540113 0.000430584 0.000584748 0.000489672 0.000396535 0.000642397 0.000635647 0.000370566 0.000294226 0.000282024 0.000263808 0.000318422 0.000308463 0.000259571 0.000630919 0.000606068 0.000514077 0.000504726 0.000732061 0.000502316 0.000516952
threshold=-0.82642608117316907 -0.007519807043599557 -0.0026455026455026016 0.82120816926557716 0.025337661409714943 0.23091127001177503 -0.46288739806404744 -1.2068019576251452 0.14914021164021155 0.13891227844631804 0.30835715566285005 -0.0045095718862481196 0.32755811721173672 0.060270655535045965 0.00048070869899301266 -0.73537680723264787 -0.18455097481151947 -1.9140470292062919 -0.055687002268920364 0.81498015873015917 -1.1367639750433753 0.67878090274929292 -0.059937695840762653 -0.038227420081765377 0.50429894179894208 0.0094459098308538065 0.0009058791062319661 -0.97174356148383845 -0.22907290054696647 0.51934523809523803
decision_type=8 10 10 2 10 2 2 10 2 2 2 10 10 10 10 2 10 8 10 2 10 10 8 10 2 8 8 10 2 2
left_child=1 4 3 -3 5 6 -1 -8 9 -4 19 -12 -13 14 15 -5 -9 -2 -6 21 -21 -10 23 -19 -25 -24 27 -27 -26 -30
right_child=17 2 8 13 18 -7 7 16 10 -11 11 12 -14 -15 -16 -17 -18 22 -20 20 -22 -23 25 24 28 26 -28 -29 29 -31
leaf_value=0 4.3462579676787235e-05 0 -0.00015548983818943759 0 -0.00014879197055238917 0 0 0 8.0232439461616037e-05 0 0 0.0002020491311550857 0 0 0 -0.00028686460173227822 0.00021887464651217347 -3.7650736125853721e-05 0 0 -0.00011532737228775843 0 -6.6066114128571574e-06 -2.0528333027902609e-05 0 0 -5.6577451101666381e-07 0.00012953847819509315 0 0.00015952832660105862
leaf_weight=32 297 161 71 29 32 231 21 21 187 76 41 115 31 70 43 76 153 1679 86 70 78 276 3391 505 202 253 268 252 88 155
leaf_count=32 297 161 71 29 32 231 21 21 187 76 41 115 31 70 43 76 153 1679 86 70 78 276 3391 505 202 253 268 252 88 155
internal_value=0 1.26705e-05 0 -4.88384e-05 4.75251e-05 7.24573e-05 0.000131556 0.00016294 1.60942e-05 -5.00651e-05 3.45511e-05 0.00010372 0.000154216 -9.75613e-05 -0.000143912 -0.000210867 0.00019185 -3.30864e-06 -6.88785e-06 5.18618e-06 -4.04821e-05 3.05866e-05 -6.0902e-06 -1.84984e-05 1.00885e-05 5.43428e-07 3.83735e-05 6.89334e-05 5.60638e-05 0.000104502
internal_weight=8990 1900 1324 379 576 458 227 195 945 147 798 187 146 218 148 105 174 7090 118 611 148 463 6793 2629 950 4164 773 505 445 243
internal_count=8990 1900 1324 379 576 458 227 195 945 147 798 187 146 218 148 105 174 7090 118 611 148 463 6793 2629 950 4164 773 505 445 243
is_linear=0
shrinkage=0.05


Tree=123
num_leaves=31
num_cat=0
split_feature=35 383 382 307 328 49 31 55 333 30 236 376 33 64 61 54 373 374 374 328 321 368 353 260 260 281 384 231 29 358
split_gain=0.000157347 0.000336836 0.00029399 0.000304792 0.000384393 0.000465174 0.000246579 0.000613629 0.000860708 0.000768407 0.000783979 0.000481857 0.000383591 0.00113946 0.00037271 0.000323801 0.000416777 0.000316325 0.000460923 0.000273583 0.000468754 0.000415691 0.000322752 0.000235433 0.000574654 0.000562734 0.000389528 0.000439043 0.000312356 0.000213293
threshold=0.99421296296296313 0.020024158077133401 -1.4093359063806192 -0.0003306878306878999 0.019825658926838966 -0.97134959113361341 0.97007275132275106 -0.18349174120871894 -0.00099206349206301648 0.40719754003214309 0.088082474102110328 -0.0395961452096074 -1.6905614343559849 -0.98239919516324792 0.93724566517117369 0.73296957671957708 -0.000661375661375702 -0.1910552367627085 0.038804151650982228 -0.025846815846453982 0.01170687921955438 1.5321100397601179 0.063275960137073775 -1.3055703620275183 -0.68175728712599915 1.8568149633176232 -0.017497704326647708 -0.94703185108706978 0.89360119047618947 -0.019356028020651631
decision_type=2 8 10 10 10 2 2 2 10 2 10 10 2 2 2 2 10 10 10 8 10 10 10 8 8 10 10 10 2 10
left_child=6 2 -2 -4 5 -5 12 14 9 10 11 -9 13 -1 -8 16 -10 -17 -19 20 -14 22 -22 26 25 -25 -21 -28 -26 -3
right_child=1 29 3 4 -6 -7 7 8 15 -11 -12 -13 19 -15 -16 17 -18 18 -20 23 21 -23 -24 24 28 -27 27 -29 -30 -31
leaf_value=0.00038963368095724704 0 -7.4664861328531694e-05 0 0 0 0.00017422281601368373 0 0 -1.554300167443348e-05 0 0 -0.00028719746562248208 0 0 0.00011019395055307751 0 0.0001003868553857916 -0.00016419445823384217 0 0 -0.00022936973421613211 0 0 -1.9347185945876633e-05 1.6915290180720961e-05 -0.00018700574251755017 0 0.00011708802780720904 -5.8029043610137456e-06 7.7489496387961384e-06
leaf_weight=25 66 94 65 22 49 159 290 24 84 39 22 113 322 141 83 35 115 97 61 150 70 20 40 648 2790 71 46 195 2881 173
leaf_count=25 66 94 65 22 49 159 290 24 84 39 22 113 322 141 83 35 115 97 61 150 70 20 40 648 2790 71 46 195 2881 173
internal_value=0 2.42068e-05 5.7848e-05 8.11506e-05 0.000108431 0.000142284 -1.74014e-06 -2.57392e-05 -5.95818e-05 -0.000146353 -0.000196835 -0.000243427 7.07955e-07 7.60988e-05 1.43923e-05 -2.97546e-06 2.63554e-05 -5.91095e-05 -9.62777e-05 -3.32054e-07 -3.84965e-05 -0.000118985 -0.000161766 1.47505e-06 -5.60893e-08 -4.288e-05 3.92761e-05 8.0879e-05 4.49236e-06 -2.56316e-06
internal_weight=8990 628 361 295 230 181 8362 963 590 198 159 137 7399 166 373 392 199 193 158 7233 452 130 110 6781 6390 719 391 241 5671 267
internal_count=8990 628 361 295 230 181 8362 963 590 198 159 137 7399 166 373 392 199 193 158 7233 452 130 110 6781 6390 719 391 241 5671 267
is_linear=0
shrinkage=0.05


Tree=124
num_leaves=31
num_cat=0
split_feature=369 246 315 244 301 294 259 237 211 273 336 251 62 320 263 216 62 383 284 219 262 253 352 303 216 91 385 261 329 284
split_gain=0.000153223 0.000399538 0.000308871 0.000368059 0.000221295 0.000585415 0.000516104 0.000602733 0.000519539 0.000771605 0.000444348 0.000389693 0.000384146 0.000450056 0.000593174 0.000369989 0.000341593 0.000434125 0.000498679 0.000503923 0.000751428 0.000441208 0.000489216 0.000528409 0.00041836 0.000599303 0.000599754 0.000733013 0.000474248 0.000622678
threshold=-0.89996147956708061 1.5369523719312157 -0.018853130768613998 -0.9200946256011574 -0.003085235235574912 -0.00033068783068784796 -0.18976050704424208 -0.51144913045095797 2.275682891136475 -0.12315036239854375 0.012896825396825131 -0.89809343511614481 0.69560185185185219 0.017594350639036364 -0.78251997312505173 0.41773698545625804 0.73164682539682557 -0.37761658880667831 -0.00049603174602988454 -0.73674483248130163 0.066771987619117776 -0.74345216139293713 0.075762188929450094 -0.00033068783068779961 -0.096288579187047751 0.037697743126625105 1.1811463828384303 1.1222303695005094 -0.019771958844306683 0.00016534391534352158
decision_type=8 10 10 10 10 8 10 10 10 10 10 10 2 10 10 10 2 10 10 10 10 10 8 10 10 2 10 10 10 10
left_child=1 2 -1 -4 5 10 12 -8 9 -9 -2 -12 13 -7 -15 -14 17 18 -6 -20 -21 22 23 -19 25 -18 27 -27 -26 -30
right_child=4 -3 3 -5 16 6 7 8 -10 -11 11 -13 15 14 -16 -17 24 21 19 20 -22 -23 -24 -25 28 26 -28 -29 29 -31
leaf_value=0 0 5.1731626312058861e-06 0 -0.00018210576156224556 -6.0040009800245333e-05 0 0 5.0751338495172561e-06 0 0.00016973272904646406 0 -0.00018777277035182411 0.00013757979983768562 0 -0.0003018131830273731 0 0 -8.870977984159227e-05 0 0.00013784576318042935 0 4.4648279424338926e-06 3.7090900506418042e-05 0 -5.9318329244111958e-05 -0.00018438745512505867 0 0 7.110199158685826e-05 -1.7949072609200808e-05
leaf_weight=84 382 151 50 92 60 231 235 188 64 270 26 66 78 34 33 64 309 435 194 279 120 3996 108 211 257 197 71 42 343 320
leaf_count=84 382 151 50 92 60 231 235 188 64 270 26 66 78 34 33 64 309 435 194 279 120 3996 108 211 257 197 71 42 343 320
internal_value=0 -3.12024e-05 -7.7612e-05 -0.00012255 1.35946e-06 1.80295e-05 3.83572e-05 6.34865e-05 9.34388e-05 0.000113075 -2.27553e-05 -0.000121355 0 -3.69522e-05 -0.00015111 6.24009e-05 -1.93312e-06 3.1862e-06 4.16855e-05 6.04168e-05 9.26345e-05 -1.0546e-06 -3.69333e-05 -5.70514e-05 -2.31533e-05 -5.49735e-05 -0.000104235 -0.000142696 0 2.05845e-05
internal_weight=8990 377 226 142 8613 1671 1197 757 522 458 474 92 440 298 67 142 6942 5403 653 593 399 4750 754 646 1539 619 310 239 920 663
internal_count=8990 377 226 142 8613 1671 1197 757 522 458 474 92 440 298 67 142 6942 5403 653 593 399 4750 754 646 1539 619 310 239 920 663
is_linear=0
shrinkage=0.05


Tree=125
num_leaves=31
num_cat=0
split_feature=348 63 44 363 210 327 266 361 281 378 207 321 250 378 54 80 264 358 27 321 281 223 321 376 91 269 286 350 379 50
split_gain=0.000143601 0.000365582 0.00032062 0.000200587 0.00076662 0.000549989 0.000404941 0.000314495 0.000305263 0.000867879 0.0010942 0.0013333 0.00112087 0.000668856 0.000916403 0.000823025 0.000693474 0.000499043 0.000390715 0.000320586 0.000707033 0.000541069 0.000529724 0.000648311 0.000761766 0.000585249 0.000521118 0.000361622 0.000597397 0.000327245
threshold=0.41633877474222941 0.54447751322751314 0.60995370370370405 0.8688713707089456 -1.0648438953971462 -0.011600399907835011 1.1359823822918871 0.2400511604364175 1.8568149633176232 0.32282887664690313 1.1481844232287495 -0.0027532906940885 -0.57558789970242807 0.0068841933825615773 0.29216269841269804 0.85995370370370339 1.8717506326237945 0.012627950067148371 -1.3540763038195198 0.021111149028490265 1.2547572737545905 -1.8285270335925425 0.02913543384884432 0.014929797102003929 -0.095701670958224835 -0.50711868004193139 -0.00033068783068780015 -0.38669409981180791 -0.37358218642458935 -0.12070133643503249
decision_type=8 2 2 10 8 10 10 10 10 10 10 10 10 10 2 2 10 10 2 10 10 10 10 10 2 10 10 10 10 2
left_child=3 -2 -3 8 5 6 7 -5 19 13 -11 -12 -13 15 -15 16 -10 -16 -17 20 27 -22 23 24 -21 -25 -23 28 -1 -29
right_child=1 2 -4 4 -6 -7 -8 -9 9 10 11 12 -14 14 17 18 -18 -19 -20 22 21 26 -24 25 -26 -27 -28 29 -30 -31
leaf_value=2.0728679534314901e-05 0 0.00014795104570451266 0 0.00037061388945024685 0 0 0 0 -0.00015518755859468986 0 0 0 -0.00056638043141855443 0 0.00033487486547951963 0 0 0 0.00019346350324483773 0 0 0.000212137388963917 0 -0.00015552346874340018 -0.00024964426196023718 7.558260700394866e-05 0 1.9039934921197553e-05 -0.00010489074755763288 -4.810628206386326e-06
leaf_weight=72 205 94 52 40 247 32 21 20 159 30 26 23 37 24 42 24 81 20 38 63 43 99 462 41 90 82 78 2030 213 4502
leaf_count=72 205 94 52 40 247 32 21 20 159 30 26 23 37 24 42 24 81 20 38 63 43 99 462 41 90 82 78 2030 213 4502
internal_value=0 3.13149e-05 9.28024e-05 -1.30463e-06 3.40626e-05 0.000143666 0.000213864 0.000280292 -3.44684e-06 -4.13177e-05 -0.000161557 -0.000258778 -0.000389099 0 0.000117194 -4.02579e-05 -9.34763e-05 0.000236505 8.50523e-05 -3.48356e-07 2.28292e-06 9.05397e-05 -3.22093e-05 -8.7005e-05 -0.000155685 0 0.000133513 0 -5.56215e-05 1.83632e-06
internal_weight=8990 351 146 8639 360 113 81 60 8279 504 116 86 60 388 86 302 240 62 62 7775 7037 220 738 276 153 123 177 6817 285 6532
internal_count=8990 351 146 8639 360 113 81 60 8279 504 116 86 60 388 86 302 240 62 62 7775 7037 220 738 276 153 123 177 6817 285 6532
is_linear=0
shrinkage=0.05


Tree=126
num_leaves=31
num_cat=0
split_feature=247 281 62 93 320 347 244 48 315 267 364 332 281 346 366 228 234 77 339 359 20 242 379 354 351 323 385 362 24 238
split_gain=0.000159487 0.000751496 0.000918308 0.000626045 0.000570343 0.000484187 0.000578365 0.000725781 0.00053731 0.000525702 0.000520108 0.000518935 0.000435708 0.000426596 0.000404531 0.000447062 0.000684231 0.00137671 0.00112929 0.000901009 0.000789439 0.00079045 0.000706961 0.000512941 0.000402204 0.000376512 0.000519132 0.000688854 0.00130036 0.000337237
threshold=0.14290849877983183 1.8568149633176232 0.23693783068783103 1.0579255934107812 -0.0049925877922452058 0.0063575646138049899 0.18776427536514637 0.053285113101783958 -0.026383928945278853 -1.5833729230112077 -0.044808274044039496 -0.025688624687098701 -1.3658673311096436 -0.064131402017814518 2.4263380377784585 1.4989558801718754 -0.066930315468176405 0.44361772486772505 -0.013251498347839506 -0.005857254252002563 -0.77525730439312135 -1.1838346132844217 0.07995022709143336 -0.17818910110495376 -0.0092668417500931782 -0.50746604193309997 -0.059937695840762653 -0.054232804232804077 0.51430224867724839 1.7347629911290892
decision_type=8 10 2 2 10 10 10 2 8 8 10 10 10 10 10 10 10 2 10 10 2 10 10 10 8 8 10 10 2 10
left_child=14 3 -3 5 -4 8 -7 -8 12 11 -9 -10 -2 -14 15 25 17 23 19 -18 21 -20 -21 -17 -11 26 27 -1 -29 -25
right_child=1 2 4 -5 -6 6 7 10 9 24 -12 -13 13 -15 -16 16 18 -19 20 22 -22 -23 -24 29 -26 -27 -28 28 -30 -31
leaf_value=0 -2.1462082768311413e-05 0 0 0.00016575620009191377 -0.00025235791558242556 0 0 0 0 3.270259042246084e-05 -0.00016716263728736892 -0.00014218555157030448 0 9.1694712526080353e-05 -7.3293259865232215e-05 0 0 0 0 -0.00034945430863570891 0 0.00024171705387791354 0 0.00028533389485916379 -2.4663832313332222e-05 7.875508115510279e-06 0 0 -0.00025478439087157526 0
leaf_weight=85 81 49 39 53 92 395 112 36 50 580 209 135 80 402 151 28 29 141 26 49 289 82 34 107 633 4264 540 90 107 22
leaf_count=85 81 49 39 53 92 395 112 36 50 580 209 135 80 402 151 28 29 141 26 49 289 82 34 107 633 4264 540 90 107 22
internal_value=0 -9.56391e-06 -0.000109101 -1.27516e-06 -0.00018402 -6.38711e-06 -4.12915e-05 -8.74069e-05 4.44976e-06 -9.25234e-06 -0.00013614 -8.80162e-05 4.73488e-05 6.92858e-05 4.62422e-06 7.47041e-06 4.22656e-05 0.000102834 0 -0.00013277 4.6188e-05 0.000161536 -0.000225579 0.000204876 0 9.65627e-07 -2.87929e-05 -8.3765e-05 -0.00013704 0.000247004
internal_weight=8990 2946 180 2766 131 2713 752 357 1961 1398 245 185 563 482 6044 5893 807 298 509 112 397 108 83 157 1213 5086 822 282 197 129
internal_count=8990 2946 180 2766 131 2713 752 357 1961 1398 245 185 563 482 6044 5893 807 298 509 112 397 108 83 157 1213 5086 822 282 197 129
is_linear=0
shrinkage=0.05


Tree=127
num_leaves=31
num_cat=0
split_feature=339 357 275 374 351 328 354 264 36 47 333 66 32 19 254 19 25 318 371 87 313 225 235 258 317 335 355 200 60 227
split_gain=0.000143244 0.000321361 0.00039566 0.000367689 0.000227552 0.000388438 0.000411069 0.000317015 0.000246793 0.000370051 0.000337153 0.000210419 0.000821945 0.00101729 0.000608031 0.000684229 0.000726302 0.000505404 0.000572083 0.000474853 0.000452087 0.000388514 0.000515059 0.00036849 0.000191379 0.000115864 0.000214374 0.000280056 0.000165473 9.23936e-05
threshold=-0.28768207245179361 0.00066137566137508552 1.1297308864454154 0.0087210039302695625 -0.85540231709897319 0.0052633749474210604 -0.072732071832483022 -0.84373157342297278 0.0054563492063491505 0.98892195767195801 0.0019841269841262559 -0.90478308978315991 0.26967592592592604 1.0724083117514953 -0.94535794904365267 0.29545496407300503 0.84292328042328057 -0.15830686892279214 -2.6082208201840351 0.234457671957672 0.0050160091296418416 -2.2694064660729851 1.1883832109402916 -0.80736022127109808 -0.015269729733632558 0.0010130636069770051 -0.081304240853936574 0.37414899256776402 0.67030423280423301 0.061199170551601186
decision_type=10 8 10 10 8 10 10 10 2 2 10 2 2 2 8 2 2 10 10 2 10 8 10 10 10 10 10 10 2 10
left_child=1 2 3 -1 5 6 -2 -8 9 10 -6 12 13 -10 15 -13 -17 18 -14 -15 -19 23 -23 -16 -9 26 -3 -28 29 -27
right_child=4 25 -4 -5 8 -7 7 24 11 -11 -12 14 17 19 21 16 -18 20 -20 -21 -22 22 -24 -25 -26 28 27 -29 -30 -31
leaf_value=0.00021186503134674713 0 0 0 0 -0.00023767994590946463 0 0 -0.00021793022055164387 0 0 0 0 6.7868721491149412e-05 0 0 -0.00020972229230345485 0 6.1604763884120619e-05 -6.8660546099916315e-05 0.00036964695313965775 -2.8163733124841255e-05 -2.3788730704330455e-07 4.4450589540308359e-05 -9.2911895493465288e-05 0 -0.00014944570558370635 0.00020930304076391371 0 0 0
leaf_weight=68 23 20 21 62 42 63 20 81 68 22 20 123 64 22 55 115 47 465 355 46 113 6000 697 209 20 40 29 39 21 20
leaf_count=68 23 20 21 62 42 63 20 81 68 22 20 123 64 22 55 115 47 465 355 46 113 6000 697 209 20 40 29 39 21 20
internal_value=0 3.28303e-05 8.71801e-05 0.00012818 -1.22902e-06 -5.30106e-05 -0.000103816 -0.000145982 0 -8.51866e-05 -0.000157242 8.93533e-07 2.12988e-05 0.000137381 -1.6073e-06 -7.34041e-05 -0.000141525 4.37351e-07 -3.58649e-05 0.00027398 3.5404e-05 6.14971e-07 3.66713e-06 -5.78504e-05 -0.000182663 0 2.09671e-05 9.18616e-05 -5.56243e-05 -0.000105159
internal_weight=8990 320 151 130 8670 207 144 121 8463 84 62 8379 1133 136 7246 285 162 997 419 68 578 6961 6697 264 101 169 88 68 81 60
internal_count=8990 320 151 130 8670 207 144 121 8463 84 62 8379 1133 136 7246 285 162 997 419 68 578 6961 6697 264 101 169 88 68 81 60
is_linear=0
shrinkage=0.05


Tree=128
num_leaves=31
num_cat=0
split_feature=326 360 378 300 91 25 264 61 241 68 384 39 54 264 360 54 265 16 349 346 85 310 35 47 377 380 222 373 38 378
split_gain=0.000147177 0.000566717 0.000629029 0.000856659 0.000832519 0.000744925 0.000663435 0.000447224 0.000674585 0.000796955 0.000717699 0.000545935 0.000836417 0.000504415 0.000477125 0.000455691 0.000455547 0.00042392 0.000409981 0.000383557 0.000573829 0.000516254 0.000305679 0.000431439 0.00042798 0.00028169 0.000423713 0.000686646 0.000799563 0.000494309
threshold=0.017661477827956743 0.012108889514845013 0.28378753927664385 -0.011866140967927484 -0.51961614492575137 0.007440476190476151 2.2659322180788117 -0.16294665921354959 0.79109996127921012 0.031084656084656635 0.012944343595175019 -0.027170656934536998 0.27562830687830703 1.5225412321500584 -0.044844114248822502 0.084490740740740769 1.2812774239354707 0.86544584740708463 -0.38796492210836148 -0.0026498859089103782 -0.83511576485384886 0.001755979130474983 0.95783730158730374 0.76173941798941802 0.026884336693985048 0.0062500306907750111 1.0000000180025095e-35 -0.0019841269841270001 0.11626306246125802 0.41931354595021247
decision_type=10 10 10 10 2 2 10 2 10 2 10 2 2 10 10 2 10 2 10 10 2 10 2 2 10 10 10 10 2 10
left_child=7 2 3 -2 -5 -6 -7 25 9 13 19 12 -12 16 -11 -16 -9 -14 -17 -10 -21 -22 23 -4 -25 26 -1 -28 -29 -30
right_child=1 -3 22 4 5 6 -8 8 10 14 11 -13 17 -15 15 18 -18 -19 -20 20 21 -23 -24 24 -26 -27 27 28 29 -31
leaf_value=0 3.8101132116669079e-05 7.4671934933641383e-07 0 0 0 -0.00022991298169159808 0 0.00037081067384780282 -1.2557300173227614e-05 -2.7129311295716795e-06 0 0 -0.0003901949388519664 0 0 0 0 0 9.5230351455466897e-05 0 0.00017997801056048377 0 -4.9457227782243606e-05 0.00024998457879942042 0 -1.7055359309248552e-05 -8.0749400075522684e-06 0 0.00022288305002250518 0
leaf_weight=1525 73 2768 81 177 56 205 23 45 118 331 44 131 40 20 133 20 20 24 486 59 121 22 67 44 26 1982 109 89 124 27
leaf_count=1525 73 2768 81 177 56 205 23 45 118 331 44 131 40 20 133 20 20 24 486 59 121 22 67 44 26 1982 109 89 124 27
internal_value=0 -7.96517e-06 -4.66762e-05 -7.74507e-05 -0.000106596 -0.000160524 -0.000200646 5.14169e-06 2.75926e-05 5.20892e-05 -9.69771e-06 -8.15375e-05 -0.00016532 0.000211352 3.29587e-05 5.92576e-05 0.000278861 -0.000280558 8.17633e-05 2.83462e-05 7.6975e-05 0.000135621 5.78278e-06 6.34004e-05 0.000155083 -2.9594e-06 9.2811e-06 5.91333e-05 0.000110472 0.000180615
internal_weight=8990 3520 752 534 461 284 228 5470 1614 1055 559 239 108 85 970 639 65 64 506 320 202 143 218 151 70 3856 1874 349 240 151
internal_count=8990 3520 752 534 461 284 228 5470 1614 1055 559 239 108 85 970 639 65 64 506 320 202 143 218 151 70 3856 1874 349 240 151
is_linear=0
shrinkage=0.05


Tree=129
num_leaves=31
num_cat=0
split_feature=60 235 362 274 312 62 19 264 81 11 347 72 271 378 73 213 208 19 19 341 365 298 342 215 363 375 68 358 351 229
split_gain=0.000142587 0.000395595 0.000254933 0.000201008 0.000503319 0.00039999 0.000636421 0.000624597 0.00071428 0.000533285 0.000463756 0.000355699 0.000391163 0.000351554 0.000596488 0.000612077 0.00039215 0.000619805 0.000548402 0.000348646 0.000317277 0.000325888 0.000278352 0.000263127 0.000251684 0.000250273 0.000173561 0.000118961 0.000110572 4.93963e-05
threshold=0.023644179894179902 0.83945656816172154 -0.019510582010582013 0.56657431145887804 0.056193233499715618 0.070271164021164012 0.091002729141301766 0.50266539720991743 0.62053571428571419 0.024801587301587203 0.0002020502977845007 2.0530013309904702 1.8948451422548416 -1.1697449425179633 -0.14152603084111695 1.3270727556487347 -0.97230902999090107 0.92551619966472154 0.61109025803892714 0.00066137566137499531 -0.063988095238094997 0.00045729948870845005 0.012298498611399785 -0.55881752115691985 0.14136259355820155 0.19127059917002687 0.83035714285714246 0.099393204359756335 -0.015264976733520006 1.8961882219087498
decision_type=2 10 10 10 10 2 2 10 2 2 10 2 10 8 2 10 8 2 2 10 10 10 10 10 10 10 2 10 10 10
left_child=1 2 -1 11 5 9 20 8 -8 27 -11 12 13 14 15 -2 17 -15 -18 -14 23 -22 24 -7 -13 -9 -12 28 -5 -16
right_child=3 -3 -4 4 -6 6 7 25 -10 10 26 22 19 16 29 -17 18 -19 -20 -21 21 -23 -24 -25 -26 -27 -28 -29 -30 -31
leaf_value=-0.00022784703676381057 -0.00016582587721447912 0 0 0 -0.00012861638842982906 0 0.00016847095140405601 3.566705819662096e-05 0 0 -0.00031249133724464473 0.00020662216188268957 0 0 2.7325035942179043e-05 0 0 7.0661745513026075e-05 -5.6894712244570093e-05 -0.00025179981493796865 9.7733511448599402e-06 -4.766109081944077e-05 0 6.6997606706480962e-05 0 -0.00010730305485365463 0 0 0.00011156959425062778 -1.9223661159225342e-05
leaf_weight=38 144 100 31 30 52 321 224 165 67 48 33 49 51 1052 140 55 3885 455 503 31 605 348 25 340 21 36 20 24 46 51
leaf_count=38 144 100 31 30 52 321 224 165 67 48 33 49 51 1052 140 55 3885 455 503 31 605 348 25 340 21 36 20 24 46 51
internal_value=0 -4.55996e-05 -0.000139287 7.41697e-07 1.36723e-05 1.90521e-05 2.69676e-05 7.8252e-05 0.000125362 -3.89921e-05 -0.000127323 -3.2051e-06 -5.38317e-06 -3.14571e-06 -4.91163e-05 -0.000110528 0 2.19003e-05 -7.6609e-06 -0.000115763 8.23288e-06 -5.95632e-06 9.00474e-05 3.62512e-05 0.000144663 0 -0.000229564 3.10314e-07 6.25155e-05 0
internal_weight=8990 169 69 8821 2359 2307 2106 492 291 201 101 6462 6367 6285 390 199 5895 1507 4388 82 1614 953 95 661 70 201 53 100 76 191
internal_count=8990 169 69 8821 2359 2307 2106 492 291 201 101 6462 6367 6285 390 199 5895 1507 4388 82 1614 953 95 661 70 201 53 100 76 191
is_linear=0
shrinkage=0.05


Tree=130
num_leaves=31
num_cat=0
split_feature=247 356 244 364 56 364 78 267 217 85 29 276 202 285 208 76 339 361 366 208 331 362 203 50 320 252 321 91 354 84
split_gain=0.000142123 0.000423737 0.000640327 0.000593937 0.00055848 0.000711983 0.000655752 0.000438102 0.000683517 0.000439157 0.000934094 0.000756923 0.000655402 0.000792278 0.000617706 0.000409443 0.000407598 0.000416209 0.000356757 0.000415826 0.000523942 0.000704863 0.000709735 0.000734722 0.000519086 0.000484762 0.000398266 0.000678191 0.000390235 0.000829041
threshold=0.14290849877983183 0.037676761616168404 0.18776427536514637 -0.044808274044039496 0.97189153439153453 0.052932222318205054 0.21345899470899501 -1.5833729230112077 -1.8095361928605889 -0.024151657939607097 0.7584325396825401 -1.2643374107727816 -0.42780540858966615 -0.0018903614199511363 -0.63031583076314057 -0.74480245252225141 0.0014174375287787507 0.0012024354706499376 2.4263380377784585 -1.3097646345338529 -0.027237291842680752 0.00033068783068740398 1.3262298008964271 0.91238638753668966 0.01493369541645684 -0.93317786687873994 0.0068247105410901296 1.0926224061113503 -0.10396443057039283 0.55572089947089964
decision_type=8 10 10 10 2 10 2 8 10 2 2 10 10 10 10 2 10 10 10 10 10 10 10 2 10 10 10 2 10 2
left_child=18 7 -3 -4 5 6 -5 8 -2 16 11 -11 13 -12 -14 -13 -9 -18 19 20 24 -22 23 -23 26 28 -1 -28 -21 -30
right_child=1 2 3 4 -6 -7 -8 9 -10 10 12 15 14 -15 -16 -17 17 -19 -20 25 21 22 -24 -25 -26 -27 27 -29 29 -31
leaf_value=-5.027571756041563e-05 -0.00025404234415839341 0 0 0 0 0 -0.00026920220820192425 1.1619956997472321e-05 -8.1431334806059491e-06 0 -0.00020583171340888136 0 0.00013786305093673799 0 0 0.00023619206580146763 0 -8.6415399266487878e-05 -6.8895132833300373e-05 0 0 0.00018155199795061866 0 0 -0.00015860589369755414 4.5115144975162652e-06 0 0.00026428901949246641 -0.00017245312767569644 0
leaf_weight=67 40 342 70 30 44 30 127 902 308 49 67 39 122 116 126 117 156 261 151 67 399 240 132 68 55 4594 40 36 140 55
leaf_count=67 40 342 70 30 44 30 127 902 308 49 67 39 122 116 126 117 156 261 151 67 399 240 132 68 55 4594 40 36 140 55
internal_value=0 -9.21882e-06 -4.51284e-05 -9.83176e-05 -0.000137911 -0.000175939 -0.000219535 0 -5.0836e-05 1.00039e-05 4.4884e-05 0.000132793 0 -6.86179e-05 5.59407e-05 0.00018786 -3.02644e-06 -4.66903e-05 4.1666e-06 6.8883e-06 3.5665e-05 5.50259e-05 9.88783e-05 0.000140444 -2.11209e-05 0 0 0.000104187 -6.53228e-05 -0.0001036
internal_weight=8990 2946 643 301 231 187 157 2303 348 1955 636 205 431 183 248 156 1319 417 6044 5893 1037 839 440 308 198 4856 143 76 262 195
internal_count=8990 2946 643 301 231 187 157 2303 348 1955 636 205 431 183 248 156 1319 417 6044 5893 1037 839 440 308 198 4856 143 76 262 195
is_linear=0
shrinkage=0.05


Tree=131
num_leaves=31
num_cat=0
split_feature=385 378 276 71 375 211 223 354 258 207 300 325 323 232 87 358 34 79 46 273 318 333 314 93 323 249 277 277 380 380
split_gain=0.000140827 0.000416491 0.000554788 0.000421173 0.000329841 0.000437673 0.000469529 0.000380798 0.000397811 0.000502709 0.000602328 0.000562699 0.000357549 0.000327198 0.000495272 0.000430541 0.000324511 0.000358494 0.000301195 0.000298934 0.000404348 0.000342664 0.000323258 0.000288287 0.000286859 0.000302241 0.000284592 0.000422973 0.000457738 0.00071097
threshold=-1.7233832620203959 0.31390099657799747 -0.38111765915837353 0.83961640211640209 -0.3847819553223622 0.43418902320039515 1.0819455125459803 0.34902891260801711 -0.14711250436237402 -0.99783700451049528 -0.052601235770374448 0.016691050502193775 -0.32278988536002334 -0.67723092949571284 0.77000661375661383 -0.040380416930721134 0.83564814814814814 0.74867924262703411 0.49470899470899665 1.9395081465168478 -0.15900170066188504 -0.016203703703703495 -0.016273237812494564 0.087509339426499758 0.59763406483283643 0.3488143927050969 -1.065776406952373 -0.84291273714241532 -0.0053242727653522995 -0.25088609697722569
decision_type=8 10 10 2 10 8 10 10 10 10 10 10 8 10 2 10 2 2 2 10 10 10 10 2 8 10 10 10 10 10
left_child=1 13 3 -3 5 6 16 26 -9 -10 -11 -12 -7 14 15 -1 17 -2 23 20 -15 -22 -23 -17 25 -14 -6 28 29 -28
right_child=4 2 -4 -5 7 12 -8 8 9 10 11 -13 24 19 -16 18 -18 -19 -20 -21 21 22 -24 -25 -26 -27 27 -29 -30 -31
leaf_value=0 0.00019034679678913043 -0.00025607889653692464 0 0 2.5047253058183586e-05 -0.00012904614340397753 0 0 0 0 -0.00024822513080823125 0 0 0 -1.774147613907373e-05 0 0 0 0 1.9776045011701284e-05 0 0 -0.000158715254777787 0.00023933446220941219 -1.8699487553388451e-05 0.00017370344120667689 0 2.4573779303716205e-07 0 -0.00016452595087337459
leaf_weight=27 133 58 115 23 1103 52 114 110 31 23 99 24 35 77 55 33 44 64 22 76 25 22 146 75 50 49 61 5929 167 148
leaf_count=27 133 58 115 23 1103 52 114 110 31 23 99 24 35 77 55 33 44 64 22 76 25 22 146 75 50 49 61 5929 167 148
internal_value=0 -2.08828e-05 -8.35863e-05 -0.000184379 1.67874e-06 3.9563e-05 7.39353e-05 -3.35446e-07 -5.72884e-05 -0.000104576 -0.000147847 -0.000195385 0 0 5.0031e-05 0.000105596 0.000113665 0.000141138 0.000147438 -2.8801e-05 -6.09884e-05 -0.000102165 -0.000130714 0.00018201 1.39926e-05 9.29044e-05 1.19683e-06 -2.1829e-06 -5.37634e-05 -0.000103304
internal_weight=8990 754 196 81 8236 541 355 7695 287 177 146 123 186 558 212 157 241 197 130 346 270 193 168 108 134 84 7408 6305 376 209
internal_count=8990 754 196 81 8236 541 355 7695 287 177 146 123 186 558 212 157 241 197 130 346 270 193 168 108 134 84 7408 6305 376 209
is_linear=0
shrinkage=0.05


Tree=132
num_leaves=31
num_cat=0
split_feature=80 273 77 378 375 374 9 91 238 353 36 270 260 318 297 63 299 361 85 89 260 91 340 256 244 346 66 91 279 322
split_gain=0.000136048 0.000261387 0.000241848 0.000739129 0.00106487 0.000659007 0.000684715 0.000470376 0.00046475 0.00040628 0.000710773 0.000422474 0.000512113 0.000405951 0.000405503 0.000510504 0.000466265 0.000389847 0.000374474 0.000356372 0.000327212 0.000598213 0.00112692 0.000410679 0.000692919 0.000486958 0.000316934 0.000250972 0.000249382 0.000345374
threshold=0.98181216931216964 -0.50730797670729 0.22833994708994701 0.0045280496771379361 -1.7319479184152439e-14 0.34287981928341532 2.0887732556143557 -0.90421140207111239 -0.99139576139958685 0.17384541259759365 0.56845238095238104 -1.1134091118325111 0.97040094482741335 -0.041190146141614141 0.00022643739090405515 0.25942460317460309 -0.60681573023263879 -1.4615547746121764 -0.41722464087427075 0.53394636793717065 -0.28327519458720735 0.31312708830616359 0.0011876017788574891 -0.90077966528849329 -1.4442627998531414 -0.19340617053937345 -1.3169039436285896 -0.38070459679990848 1.4443005923097456 -0.00046100469331855626
decision_type=2 10 2 10 10 10 2 2 10 8 2 10 10 10 10 2 10 10 2 2 10 2 10 10 10 10 2 2 10 10
left_child=2 -2 3 8 5 6 7 -5 18 17 11 -11 13 -13 -10 -16 -17 19 -1 27 21 -19 -23 24 -22 -25 -20 -4 29 -6
right_child=1 -3 9 4 28 -7 -8 -9 14 10 -12 12 -14 -15 15 16 -18 20 26 -21 23 22 -24 25 -26 -27 -28 -29 -30 -31
leaf_value=0 0 8.6572397622197426e-05 0 0 0 0 0 -0.00022451093316781424 1.674076079679679e-05 0 0 0.00020403984078572093 0 0 0 0 -0.00014899622799462224 0 0 0 -2.9500357445092434e-05 0 -0.00018671719135596431 -9.4271537671615922e-05 7.8636774550958999e-05 4.1213456543300647e-06 0.00018533867158402814 -0.00024383340597500019 7.0454833326013554e-05 -0.0001001730928926413
leaf_weight=56 92 131 24 36 202 30 62 190 412 49 510 148 37 24 70 24 151 1172 30 33 137 194 141 129 461 4125 85 42 89 104
leaf_count=56 92 131 24 36 202 30 62 190 412 49 510 148 37 24 70 24 151 1172 30 33 137 194 141 129 461 4125 85 42 89 104
internal_value=0 3.84072e-05 -1.12122e-06 -1.94635e-05 -5.78272e-05 -0.000125958 -0.000152434 -0.000192818 7.5369e-06 2.0987e-06 3.67516e-05 0.000104424 0.000136054 0.000173001 -4.65077e-06 -6.10155e-05 -0.000111803 -1.24859e-06 8.35612e-05 -9.96808e-05 0 -2.00588e-05 -7.91992e-05 6.60444e-06 4.55023e-05 0 0.000136064 -0.00016845 0 -2.43284e-05
internal_weight=8990 223 8767 1541 713 318 288 226 828 7226 768 258 209 172 657 245 175 6458 171 99 6359 1507 335 4852 598 4254 115 66 395 306
internal_count=8990 223 8767 1541 713 318 288 226 828 7226 768 258 209 172 657 245 175 6458 171 99 6359 1507 335 4852 598 4254 115 66 395 306
is_linear=0
shrinkage=0.05


Tree=133
num_leaves=31
num_cat=0
split_feature=248 207 346 250 359 247 275 348 236 301 340 255 383 59 295 314 263 39 315 299 297 250 380 245 385 277 87 50 303 54
split_gain=0.000134116 0.000383476 0.000438519 0.000820521 0.000467461 0.000402789 0.000491213 0.000494361 0.000448795 0.00057945 0.000438619 0.000387562 0.000385182 0.000360694 0.000356884 0.000353043 0.000586903 0.000331062 0.000311281 0.000530619 0.000303197 0.00054237 0.000400871 0.00043866 0.000446275 0.000505075 0.000300624 0.000276668 0.000393684 0.000404701
threshold=0.78771253426859567 1.0749318964116257 -0.003309073123742397 -1.3066553369046765 -0.027669179200019874 -0.096945055840580927 -1.6951527144947858 0.0056410960993142365 0.07624552169365055 -0.0034559996115154363 -0.0010656594017944829 1.3173682864857954 -0.2073201529567836 0.20235158056752053 0.0004664179442703254 -0.00945327938944787 0.37371205721252093 0.97903577216788162 -0.014209120167501419 0.49205345348797358 0.001317489472635103 0.25650437641945495 0.17567858354963148 0.68517027314160084 1.8323074482520061 1.4997557977818188 0.051256613756613757 1.3246811624406372 -0.0003306878306878987 0.076223544973545013
decision_type=8 10 10 10 10 10 8 8 10 10 10 10 10 2 10 10 10 2 10 10 10 10 10 10 10 10 2 2 10 2
left_child=20 5 3 -3 -5 6 -2 8 9 -8 11 12 -7 15 -12 16 -4 -6 19 -15 27 -22 23 24 25 -23 -16 -1 -29 -30
right_child=1 2 13 4 17 10 7 -9 -10 -11 14 -13 -14 18 26 -17 -18 -19 -20 -21 21 22 -24 -25 -26 -27 -28 28 29 -31
leaf_value=2.4841109456018604e-06 3.8085957704432216e-05 0 0 0 -0.00036348876580070771 0 0 0 0 -0.0001328200239194009 -3.7912717550461918e-05 0 0.00014912678758276438 -0.00027500929110615019 0 -2.7549493982078948e-06 0.00029760317557866816 0 0 0 0 0.00022222733070997544 0 0 0 0 0.00012855685556991582 3.2448365859734097e-06 0 -0.00011748582569251778
leaf_weight=5714 233 32 52 20 48 62 105 463 141 288 257 70 164 39 28 126 27 24 34 22 351 135 50 70 23 22 77 79 42 192
leaf_count=5714 233 32 52 20 48 62 105 463 141 288 257 70 164 39 28 126 27 24 34 22 351 135 50 70 23 22 77 79 42 192
internal_value=0 -1.04915e-05 -5.34847e-05 -0.000136361 -0.000217549 0 -1.77141e-05 -3.57717e-05 -6.85775e-05 -9.61454e-05 3.0718e-05 7.6161e-05 0.000109003 -2.53405e-06 0 1.58117e-05 0.000108601 -0.000276884 -9.46734e-05 -0.000163362 3.47822e-06 3.58923e-05 8.55176e-05 0.000113059 0.000154401 0.000185558 7.05195e-05 0 -4.57874e-05 -8.36938e-05
internal_weight=8990 2312 424 124 92 1888 1230 997 534 393 658 296 226 300 362 205 79 72 95 61 6678 651 300 250 180 157 105 6027 313 234
internal_count=8990 2312 424 124 92 1888 1230 997 534 393 658 296 226 300 362 205 79 72 95 61 6678 651 300 250 180 157 105 6027 313 234
is_linear=0
shrinkage=0.05


Tree=134
num_leaves=31
num_cat=0
split_feature=258 378 64 257 207 322 12 67 248 15 213 313 382 344 87 341 216 265 355 277 346 344 279 328 39 88 63 76 246 371
split_gain=0.000141227 0.000396532 0.00049464 0.00045094 0.000687361 0.000745904 0.000477917 0.000599422 0.000398251 0.000588956 0.000732319 0.000331138 0.000318916 0.000669927 0.000643365 0.000516025 0.000413841 0.000416079 0.000317456 0.000477351 0.000307181 0.000442747 0.000949377 0.000685346 0.000798419 0.000380678 0.000461449 0.000309302 0.00068186 0.000722845
threshold=-0.64098535524856703 0.0016792382410374398 -0.79146747067339984 -0.081770421385761669 0.59171317088260833 0.014734140994164121 0.0031415343915343506 1.9862703912369752 0.75981500442423744 0.88905423280423312 -0.71620140359946038 -0.0025156813004041374 1.8683583020893815 0.015490959757295841 0.48181216931216903 -0.000661375661375702 2.4612923504032005 -0.85829989269656581 0.0053435464058781976 -0.20311444846606355 -0.19340617053937345 -0.029757547757935304 -0.67314911508534658 -0.010769644858809378 0.098797152594423357 0.45800264550264558 0.094990079365079513 -1.1082483721500946 -1.9041349522651629 -0.51126466051863384
decision_type=10 8 2 8 10 10 2 2 10 2 10 10 8 10 2 10 10 10 8 10 10 10 10 10 2 2 2 2 10 10
left_child=1 2 8 4 -3 6 -6 -8 9 10 -1 -5 20 14 15 16 17 -14 -15 -20 25 22 -22 -24 -25 26 -2 -23 29 -29
right_child=12 3 -4 11 5 -7 7 -9 -10 -11 -12 -13 13 18 -16 -17 -18 -19 19 -21 21 27 23 24 -26 -27 -28 28 -30 -31
leaf_value=0 0 -1.2378866398020641e-05 -7.9609486698556436e-06 -3.7262158358735654e-05 0 0 -0.0003576813898310059 0 0 0 0.00023636675947579568 4.4191183338045433e-05 0 0 0 0 0 0.00023010480080616681 -0.00022817921295208759 0 -2.1248353867586825e-05 4.5087157218930939e-05 0 0.00020868114525809711 0 0 -0.0002162309425264527 -0.00013312354335025467 1.6980530140683412e-07 -3.774567570721416e-06
leaf_weight=62 24 319 689 295 23 33 67 21 35 35 99 214 33 23 259 92 22 136 44 47 198 315 73 163 92 98 61 206 4793 419
leaf_count=62 24 319 689 295 23 33 67 21 35 35 99 214 33 23 259 92 22 136 44 47 198 315 73 163 92 98 61 206 4793 419
internal_value=0 -1.22323e-05 6.98562e-06 -3.55645e-05 -7.13399e-05 -0.000167158 -0.000230273 -0.000283603 7.31863e-05 0.000106721 0.000151669 0 3.13929e-06 3.63568e-05 6.41804e-05 0.000116486 0.000163866 0.000190955 -5.20468e-05 -0.000110021 0 1.62313e-06 4.59175e-05 0.000101696 0.000141485 -6.40634e-05 -0.000141469 -1.56945e-06 -5.20566e-06 -5.44212e-05
internal_weight=8990 1892 920 972 463 144 111 88 231 196 161 509 7098 656 542 283 191 169 114 91 6442 6259 526 328 255 183 85 5733 5418 625
internal_count=8990 1892 920 972 463 144 111 88 231 196 161 509 7098 656 542 283 191 169 114 91 6442 6259 526 328 255 183 85 5733 5418 625
is_linear=0
shrinkage=0.05


Tree=135
num_leaves=31
num_cat=0
split_feature=36 207 382 36 257 379 229 89 46 369 207 39 72 70 301 80 211 246 251 345 209 213 382 238 247 266 241 345 242 321
split_gain=0.000139816 0.000292912 0.000229226 0.000219704 0.000251684 0.000344697 0.000300785 0.000208747 0.000205482 0.000172938 0.00046271 0.000589708 0.00038377 0.000343733 0.000235276 0.000453232 0.000507079 0.000439002 0.000314734 0.000750778 0.000472788 0.000308188 0.000611238 0.000496176 0.000588159 0.000465593 0.000334804 0.000310739 0.000166484 0.000157853
threshold=0.99785052910052918 -0.57006495413162683 -1.6942566252242681 0.98908730158730152 1.0405196840415418 0.1318488156709717 1.2460677489576375 1.4649421027307163 0.67179232804232802 -0.70742080369770843 -0.23378841310150236 -0.17437363168845596 -0.46288739806404744 0.25826719576719609 -0.0029513830433449679 0.22172619047619055 0.033936024963563016 1.1073245793072077 0.2721621025099053 0.0013227513227529466 -1.788331784686052 -0.98333627438533677 -1.2234193778677429 -0.38803055839736261 0.42228498009751064 -0.90122420411981863 0.76480095768800693 -0.0023148148148149357 0.088202815135077869 -0.0087342028685698497
decision_type=2 10 10 2 10 10 10 2 2 8 10 2 2 2 10 2 8 10 10 10 10 10 8 10 10 10 10 10 10 10
left_child=3 -2 -3 9 5 6 29 8 -4 10 -1 12 -12 -14 15 16 17 -11 20 -20 -17 22 25 24 -23 -16 -25 -24 -18 -5
right_child=1 2 7 4 -6 -7 -8 -9 -10 14 11 -13 13 -15 21 18 28 -19 19 -21 -22 23 27 26 -26 -27 -28 -29 -30 -31
leaf_value=0 0 0 0.0001449666587988235 0 0 0 0 0 0 0.00016047610706735731 0 0 0 -0.00035225011411604124 0 8.9443168876948427e-05 4.0101030053379816e-05 0 4.0909225940463247e-06 -0.00011350529674479515 0 5.7858015183958007e-05 -3.9141963816373347e-05 7.0705473003064023e-07 -3.8527428130833673e-06 -0.00013868186376848619 -3.4866697595744606e-05 1.8767936216532605e-05 -6.4019098883598953e-05 -0.00019525317422825351
leaf_weight=272 149 47 127 24 133 66 45 43 30 159 20 148 20 39 71 206 103 56 348 170 532 786 389 2903 489 179 777 514 61 84
leaf_count=272 149 47 127 24 133 66 45 43 30 159 20 148 20 39 71 206 103 56 348 170 532 786 389 2903 489 179 777 514 61 84
internal_value=0 2.88697e-05 6.55708e-05 -1.50272e-06 -4.0188e-05 -7.39409e-05 -0.000115986 9.04063e-05 0.000117185 0 -2.8371e-05 -8.28411e-05 -0.000195809 -0.000259904 1.9883e-06 1.91451e-05 6.75929e-05 0.000118092 5.41079e-07 -2.48662e-05 2.51495e-05 -1.78591e-06 -2.5552e-05 2.73568e-06 3.02704e-05 -9.54919e-05 -5.44612e-06 -6.4394e-07 0 -0.000161273
internal_weight=8990 396 247 8594 352 219 153 200 157 8242 499 227 79 59 7743 1635 379 215 1256 518 738 6108 1153 4955 1275 250 3680 903 164 108
internal_count=8990 396 247 8594 352 219 153 200 157 8242 499 227 79 59 7743 1635 379 215 1256 518 738 6108 1153 4955 1275 250 3680 903 164 108
is_linear=0
shrinkage=0.05


Tree=136
num_leaves=31
num_cat=0
split_feature=248 369 91 44 275 68 310 265 255 77 352 362 30 229 223 62 332 85 210 369 298 342 66 326 47 208 32 333 284 356
split_gain=0.000132231 0.000349773 0.000607914 0.000611244 0.000721693 0.000486486 0.000487856 0.000343112 0.000378696 0.000611133 0.000719033 0.000448532 0.000364815 0.000364382 0.000406112 0.000362647 0.000342168 0.000399929 0.000559005 0.000698449 0.000640225 0.000800882 0.000622242 0.00102936 0.000926969 0.000428978 0.000388101 0.000680306 0.000495872 0.000365426
threshold=0.78771253426859567 -0.19088412450393449 -0.38070459679990848 0.19097222222222202 -1.7267735060706302 0.013888888888889001 -0.0011801464938399062 -0.72196866976119123 -1.1987229465315263 0.65443121693121709 0.013605186383495617 -0.031415343915343973 -0.49833877766118245 -1.5568862977479454 0.69245080971509521 0.6997354497354501 0.0057617662982509263 0.043851411900099904 -0.58013615131176521 0.17086923586858915 -0.0021369232663801525 -0.042111485350126869 -0.23572129172396697 -0.085290876091780751 0.78488756613756616 -1.886646382201826 0.36656746031746007 0.00033068783068800073 -0.00033068783068712632 -0.03584389852249336
decision_type=8 8 2 2 10 2 10 8 8 2 10 10 2 10 10 2 10 2 10 10 10 10 2 10 2 10 2 10 10 10
left_child=16 2 -2 -4 -5 -6 -7 12 9 13 11 -11 -3 -9 -15 -14 17 -1 19 20 -19 -22 23 -20 -25 -21 27 -18 -29 -24
right_child=1 7 3 4 5 6 -8 8 -10 10 -12 -13 15 14 -16 -17 26 18 22 25 21 -23 29 24 -26 -27 -28 28 -30 -31
leaf_value=6.7226949470909804e-08 0 0 0 0 0 0 -0.00027523640074676302 0.00010502492939295318 -5.4748549038523899e-06 0 0 0.00020144608107146192 -0.00019519480114262358 -0.00010020715885120787 7.7475845797394003e-07 0 0 0 0 -0.00018584620770766192 0 0.00013418920185149231 -1.5086109004994073e-05 -0.00034178626317386894 0 0 0 -0.00025926194291455177 0 6.046801588878091e-05
leaf_weight=4112 217 93 57 24 47 32 111 57 1114 32 72 134 68 129 91 34 202 80 134 32 55 454 132 51 20 82 840 65 47 372
leaf_count=4112 217 93 57 24 47 32 111 57 1114 32 72 134 68 129 91 34 202 80 134 32 55 454 132 51 20 82 840 65 47 372
internal_value=0 -1.04808e-05 -4.80816e-05 -9.88349e-05 -0.000139665 -0.00017737 -0.000224258 0 7.08405e-06 4.39529e-05 0.000102937 0.000161281 -6.3068e-05 0 -3.5739e-05 -0.000128582 3.38682e-06 9.19358e-06 3.22285e-05 6.38256e-05 8.81167e-05 0.00011013 0 -7.25171e-05 -0.000226636 -1.78243e-05 -2.00751e-05 -6.76001e-05 -0.000167261 3.07623e-05
internal_weight=8990 2312 488 271 214 190 143 1824 1629 515 238 166 195 277 220 102 6678 5524 1412 703 589 509 709 205 71 114 1154 314 112 504
internal_count=8990 2312 488 271 214 190 143 1824 1629 515 238 166 195 277 220 102 6678 5524 1412 703 589 509 709 205 71 114 1154 314 112 504
is_linear=0
shrinkage=0.05


Tree=137
num_leaves=31
num_cat=0
split_feature=203 376 250 12 345 9 237 241 242 44 313 324 320 261 363 246 263 89 76 20 199 261 376 50 37 204 224 290 339 357
split_gain=0.000136631 0.000317519 0.000435891 0.000562777 0.000688568 0.000607262 0.000271016 0.000450148 0.000387429 0.000541454 0.000521455 0.000525106 0.000346381 0.000337492 0.000466201 0.000604583 0.000324653 0.000443957 0.000317916 0.000331389 0.000408125 0.000262348 0.00034749 0.00062742 0.000322772 0.000277008 0.000271434 0.000372601 0.000245767 0.000421247
threshold=1.4044140229654565 -0.043587290463462325 -0.49398453131099168 0.0038029100529100007 -0.0033068783068780218 1.776359440745453 -0.55484624022628715 0.92536847082684826 -0.30330283061619195 0.71345899470899521 -0.015147224375834155 -0.09758123764768338 0.01338327562965025 -0.20164570197213025 0.036905670270003819 -1.2346812972238739 0.37371205721252093 -0.24455185925947195 -0.82493006279582681 -0.48596840409261993 -0.85076257686900703 0.67163594716164188 0.04159677943491092 -0.30296887609926343 -0.3052128292670398 -1.1356821422090004 1.3963207665532325 -0.0003306878306878974 -0.28768207245179361 -0.0019841269841269983
decision_type=10 10 10 2 10 2 10 10 10 2 10 10 10 8 10 10 10 2 2 2 10 10 10 2 2 10 10 10 10 10
left_child=6 2 -2 -4 -5 -6 7 12 -9 10 -10 -12 13 14 15 -1 -15 -18 -14 -20 -21 22 -3 24 -24 -23 27 -27 29 -8
right_child=1 21 3 4 5 -7 28 8 9 -11 11 -13 18 16 -16 -17 17 -19 19 20 -22 25 23 -25 -26 26 -28 -29 -30 -31
leaf_value=0.00025445797455759297 0 -8.6179071302677432e-06 0 0 0.0002647652073037244 0 0.00017017747532055761 0 0 0 0 -0.00025174403825103475 0 1.1489000768566127e-05 0 1.8150420108031635e-05 -0.00014552048358943383 0 0 0 -0.00017924601377118332 0 0.0002841134971006875 1.6038608619286037e-06 0 0 0 -0.00014902102337198408 0 0
leaf_weight=53 165 343 56 58 97 36 58 161 96 51 44 107 31 400 166 189 91 229 35 63 108 90 42 288 31 34 71 125 5555 117
leaf_count=53 165 343 56 58 97 36 58 161 96 51 44 107 31 400 166 189 91 229 35 63 108 90 42 288 31 34 71 125 5555 117
internal_value=0 1.38814e-05 5.09679e-05 9.35009e-05 0.000136626 0.000199334 -2.93002e-06 -1.99683e-05 -6.34597e-05 -9.72178e-05 -0.000129923 -0.000190348 -1.6774e-06 5.97019e-06 4.49209e-05 9.06401e-05 -9.16156e-06 -5.05904e-05 -5.91514e-05 -8.87778e-05 -0.000119732 0 1.60044e-05 5.32414e-05 0.000188282 -3.85427e-05 -7.12477e-05 -0.000107734 1.62136e-06 5.99581e-05
internal_weight=8990 1436 412 247 191 133 7554 1824 459 298 247 151 1365 1128 408 242 720 320 237 206 171 1024 704 361 73 320 230 159 5730 175
internal_count=8990 1436 412 247 191 133 7554 1824 459 298 247 151 1365 1128 408 242 720 320 237 206 171 1024 704 361 73 320 230 159 5730 175
is_linear=0
shrinkage=0.05


Tree=138
num_leaves=31
num_cat=0
split_feature=35 31 55 333 376 218 23 378 34 77 378 80 369 367 85 298 259 33 64 380 238 92 352 254 339 351 242 246 319 62
split_gain=0.000127916 0.00028709 0.000527402 0.000541209 0.000621156 0.000638656 0.000569742 0.000384148 0.000350542 0.000311837 0.000303641 0.000547177 0.000275933 0.00028289 0.000325459 0.000414326 0.000381026 0.000263232 0.000854443 0.00022561 0.000280122 0.000275898 0.000206335 0.000204646 0.000832896 0.000456466 0.000449392 0.000701226 0.000378374 0.000430619
threshold=0.99222883597883615 0.97007275132275106 -0.18349174120871894 -0.00099206349206301648 -0.0395961452096074 0.71464133912581296 0.029183201058201103 0.32282887664690313 0.6160714285714286 0.72569444444444464 -0.022245320938060861 0.62781084656084651 0.0016228373340450022 -0.39732142857142844 -0.7512835521995439 0.0018208394539790398 -0.13083338065601594 -1.6905614343559849 -0.98239919516324792 -0.045440518777196348 0.16670082408328415 0.5785383597883601 -0.037703632251750545 -0.63387295254106946 -0.031813167319203105 -0.02365382315685045 1.0525555523618226 -0.068596562954810814 0.0044141702410567816 0.26339285714285704
decision_type=2 2 2 10 10 10 2 10 2 2 10 2 10 10 2 10 10 2 2 10 10 2 10 10 8 10 10 10 10 2
left_child=1 17 9 4 -4 6 -6 10 -9 -3 22 -12 13 -2 -15 16 -16 18 -1 -11 21 -21 -5 24 28 26 -25 -28 29 -19
right_child=12 2 3 7 5 -7 -8 8 -10 19 11 -13 -14 14 15 -17 -18 23 -20 20 -22 -23 -24 25 -26 -27 27 -29 -30 -31
leaf_value=0.00033388034780546872 0 -2.0144510994618718e-05 0 0 -0.00027599379199807063 0 0 0 -0.00017662333723240161 0 0.00013033546686562489 0 -5.8003958534210959e-07 0 0 0 0.0002086249996901404 0 0 0.00021677848675856883 0 0 -8.6092819230532223e-05 5.9846750818296114e-06 0 -4.233852567259518e-06 0.00014083519176745894 0 0 -0.00017151421930523543
leaf_weight=25 78 180 44 27 104 23 22 23 60 67 114 64 332 116 37 62 103 53 140 57 35 22 95 1172 1387 3914 201 228 51 154
leaf_count=25 78 180 44 27 104 23 22 23 60 67 114 64 332 116 37 62 103 53 140 57 35 22 95 1172 1387 3914 201 228 51 154
internal_value=0 -1.9494e-06 -2.82007e-05 -5.95221e-05 -0.000131825 -0.000181442 -0.000227129 -1.00109e-05 -0.000109617 7.93069e-06 9.1292e-07 5.6588e-05 1.9902e-05 4.96927e-05 7.27883e-05 0.000111198 0.000158841 7.2637e-07 6.33193e-05 6.34555e-05 0.000106463 0.000158754 -3.93477e-05 -1.8615e-08 -1.61383e-05 3.88313e-06 2.68488e-05 7.21812e-05 -9.86287e-05 -0.000129192
internal_weight=8990 8262 937 576 193 149 126 383 83 361 300 178 728 396 318 202 140 7325 165 181 114 79 122 7160 1645 5515 1601 429 258 207
internal_count=8990 8262 937 576 193 149 126 383 83 361 300 178 728 396 318 202 140 7325 165 181 114 79 122 7160 1645 5515 1601 429 258 207
is_linear=0
shrinkage=0.05


Tree=139
num_leaves=31
num_cat=0
split_feature=362 17 292 361 362 229 323 241 19 256 348 212 224 261 377 299 204 261 282 247 352 374 224 247 261 39 267 375 347 39
split_gain=0.000128522 0.000500892 0.00027367 0.000325295 0.000268962 0.000454777 0.000456909 0.000392791 0.000423863 0.000385668 0.000197337 0.000281333 0.000383307 0.000442851 0.000406631 0.000224986 0.000437736 0.000699628 0.000450495 0.000351017 0.000272254 0.000447625 0.000367522 0.000270613 0.000502438 0.000988154 0.000471686 0.000703181 0.000480892 0.00036549
threshold=0.2615740740740739 -0.71276454509372533 -0.00033068783068789946 -0.18734805986107048 0.19527116402116404 1.0486115895852015 0.80277275023089478 -1.4396043152617446 -0.22907290054696647 -0.58351600491975153 0.41633877474222941 -2.494365812658212 -1.2039642418015011 0.87112698241987696 0.0871163669283707 -0.48825510609024597 -0.14859987394581936 -0.44046272598649167 -0.0027813398956249009 -0.80556873824787545 0.014351918852803515 0.00084317052021799798 -1.3962163085498216 0.19270290812490448 -0.24961315711916826 -1.8578452657831697 -1.5833729230112077 0.12336438325591627 0.0063575646138049899 -2.1261676149726747
decision_type=8 2 10 10 10 10 10 10 2 10 8 10 10 10 10 10 10 10 10 10 10 10 10 10 10 2 10 10 10 2
left_child=4 2 -2 -4 10 6 7 -6 -9 -10 15 -12 -13 14 -14 16 17 19 -19 -1 21 -18 -22 24 25 -17 27 -25 -28 -26
right_child=1 -3 3 -5 5 -7 -8 8 9 -11 11 12 13 -15 -16 23 20 18 -20 -21 22 -23 -24 26 29 -27 28 -29 -30 -31
leaf_value=-0.00011950156580200171 0 0 0 0.00023978611594214014 0 2.0851178607790536e-06 0 -1.0138440233722389e-05 0 -0.00030505928439885461 -3.9147967459147402e-06 0 0.00020961028377144975 0 0 0.00022693321297318297 1.4094582993881228e-05 0 -0.00014191275553876261 4.1333459908435471e-05 0 -0.00010281139884905527 0.00011520187283521617 -6.8371297170566854e-06 -0.00011453520920307563 2.0196860762085809e-05 1.2306108733267668e-05 -0.0002146949819089392 -4.5286657324200401e-05 1.4085992983941483e-06
leaf_weight=41 25 283 28 53 26 108 27 93 20 64 58 82 97 38 47 70 143 46 225 170 50 110 115 243 69 1104 1343 71 487 3654
leaf_count=41 25 283 28 53 26 108 27 93 20 64 58 82 97 38 47 70 143 46 225 170 50 110 115 243 69 1104 1343 71 487 3654
internal_value=0 2.79271e-05 0.000121089 0.000166189 -1.4401e-06 -4.51833e-05 -8.90999e-05 -0.000120906 -0.000149363 -0.000243856 0 3.86763e-05 6.69636e-05 0.00010847 0.000150171 -1.20482e-06 -2.50528e-05 -5.86446e-05 -0.000112106 0 1.72811e-06 -1.69996e-05 6.07215e-05 1.13369e-06 8.25798e-06 3.68004e-05 -1.28062e-05 -6.98087e-05 -2.90037e-07 0
internal_weight=8990 389 106 81 8601 338 230 203 177 84 8263 322 264 182 144 7941 900 482 271 211 418 253 165 7041 4897 1174 2144 314 1830 3723
internal_count=8990 389 106 81 8601 338 230 203 177 84 8263 322 264 182 144 7941 900 482 271 211 418 253 165 7041 4897 1174 2144 314 1830 3723
is_linear=0
shrinkage=0.05


Tree=140
num_leaves=31
num_cat=0
split_feature=333 345 78 325 355 255 253 299 238 301 302 288 324 217 271 73 66 387 211 313 255 351 253 345 58 301 227 58 351 310
split_gain=0.000127352 0.00032449 0.000201288 0.000258001 0.00022393 0.000193681 0.000164647 0.000701054 0.000572771 0.000661792 0.000502381 0.0004054 0.00036781 0.000452666 0.000354334 0.00035416 0.000658179 0.000939731 0.000717009 0.000430552 0.000424243 0.000353494 0.000513369 0.000370622 0.000348528 0.000540295 0.000505193 0.000344002 0.000823644 0.000887157
threshold=-0.04778439153439145 0.0092592592592591408 0.52190806878306917 -0.020709095584239941 -0.022022520137754294 0.9783232910006705 0.09672820694190068 0.98445020504373415 -0.38803055839736261 0.0013002318461499132 0.031368929620030024 -0.00090939153439192888 -0.18564758985690347 -0.31829477126175804 -0.92250494014320183 -1.6594057954440098 1.5447279409944052 0.11021195638697757 1.0698783377753369 -0.013617644058743326 -1.7627331524243484 -0.35207272652485216 -0.75415067245606615 -0.0099206349206349478 1.1357854524229551 -0.043552680246989987 -0.031665566605866169 -0.17272574366308899 0.014440426522120299 -0.00079821879619296199
decision_type=10 10 2 10 10 10 8 8 10 10 10 10 10 10 10 2 2 10 10 10 10 10 10 10 2 10 10 2 10 10
left_child=1 2 -1 -4 -5 -3 8 15 9 -2 11 -11 -9 -14 -13 16 17 18 -8 -18 -19 22 -10 -24 25 -23 -27 28 29 -17
right_child=6 5 3 4 -6 -7 7 12 21 10 -12 14 13 -15 -16 27 19 20 -20 -21 -22 24 23 -25 -26 26 -28 -29 -30 -31
leaf_value=4.4489061188816452e-05 1.110298319231288e-05 0.00019736136173843029 0 0 -0.00019737057597284739 0 0.00017717339691786626 0 -1.0151250150590896e-05 0 0 0 -0.00034228976050781836 0 0.00020272376134555857 -0.00031949740693802898 -0.00018036338872980543 -0.00021718777141040298 0 0 0 0.00013164150273247817 0 0.00011476264017316464 0 0 -6.9008060571702778e-05 -5.7397118040032631e-06 0 0
leaf_weight=113 996 41 21 27 38 31 190 34 141 20 23 24 35 23 148 54 39 25 37 64 26 33 43 212 3260 356 688 2116 93 39
leaf_count=113 996 41 21 27 38 31 190 34 141 20 23 24 35 23 148 54 39 25 37 64 26 33 43 212 3260 356 688 2116 93 39
internal_value=0 3.3568e-05 0 -5.69618e-05 -0.00011916 0.000124452 -1.21643e-06 -1.16603e-05 2.81829e-06 3.39933e-05 0.000116735 0.000147637 -0.0001496 -0.000226503 0.000173835 -5.0614e-06 3.61843e-05 8.3712e-05 0.000135584 -4.35546e-05 -4.91361e-05 -4.10241e-06 3.88557e-05 8.55471e-05 -9.17845e-06 -3.38847e-05 -4.39177e-05 -1.40611e-05 -8.18069e-05 -0.0001884
internal_weight=8990 271 199 86 65 72 8719 2775 5944 1211 215 192 92 58 172 2683 381 278 227 103 51 4733 396 255 4337 1077 1044 2302 186 93
internal_count=8990 271 199 86 65 72 8719 2775 5944 1211 215 192 92 58 172 2683 381 278 227 103 51 4733 396 255 4337 1077 1044 2302 186 93
is_linear=0
shrinkage=0.05


Tree=141
num_leaves=31
num_cat=0
split_feature=286 30 355 30 206 228 235 202 377 31 84 323 241 381 245 64 374 386 382 23 93 301 78 50 54 348 295 380 232 201
split_gain=0.000128708 0.000437092 0.000926061 0.000320552 0.000319403 0.000400806 0.000566739 0.000570979 0.00067381 0.000755606 0.000393473 0.000318138 0.000444442 0.000324687 0.000448919 0.000867231 0.000746492 0.000317152 0.000483376 0.000366572 0.000301542 0.000282099 0.000243607 0.000238807 0.000560668 0.000877389 0.000571158 0.000383515 0.000349019 0.00027097
threshold=-0.00033068783068780069 2.3980246955555757 0.060182808970966346 1.8883419703254802 -1.670362603687259 -0.21620618145890444 0.45354346697673192 -0.94681627294837967 0.073844032257652306 0.97569444444444464 0.64666005291005313 -1.2400893474541255 0.23002822979497081 1.377324153704359 -1.6426579728991353 -0.5526378149978064 -0.024181359287757848 0.032400860477564637 -0.75065490696189296 0.0028108465608465004 0.56331797108237047 -0.0027583712635800279 0.73007605820105859 -1.5118022612375797 0.6812996031746027 -0.056860703951008416 -0.021458694247719217 -0.014793351332961223 -0.90774357204622003 -0.99333347948591
decision_type=10 2 10 2 8 10 10 10 10 2 2 8 10 10 8 2 8 10 10 2 2 10 2 2 2 10 10 10 10 8
left_child=1 3 -3 11 5 -2 10 -8 9 -9 -7 12 -1 14 15 -13 -16 19 -19 -15 -14 -5 -22 24 25 -6 -27 -26 -28 -25
right_child=4 2 -4 21 23 6 7 8 -10 -11 -12 13 20 17 16 -17 -18 18 -20 -21 22 -23 -24 29 27 26 28 -29 -30 -31
leaf_value=0 0 0.00029495383158267802 0 0 -3.9257899976504313e-07 1.2637519892364776e-05 0 -0.00031289581769815251 0 0 -0.00016017878407156196 0.00013497073284240386 0 0 -4.3433157103106839e-05 -7.1524622041895645e-06 3.0790950392221432e-05 0 0.00016862825329105901 -8.4439791686285819e-05 -0.00026347403690169701 -0.00025054631474483451 0 2.9224636220093498e-05 -0.00019731466110890352 0 0 0 0.00029086650054872468 -7.3806729992064011e-06
leaf_weight=123 239 41 20 20 40 199 40 85 36 28 37 234 32 99 415 87 1345 83 46 246 42 22 22 538 25 30 24 59 76 4657
leaf_count=123 239 41 20 20 40 199 40 85 36 28 37 234 32 99 415 87 1345 83 46 246 42 22 22 538 25 30 24 59 76 4657
internal_value=0 8.51317e-06 0.000143629 3.80579e-06 -4.30427e-06 -3.70531e-05 -6.70965e-05 -0.000132714 -0.000178639 -0.000238671 0 7.59743e-06 -4.52462e-05 1.40853e-05 2.37189e-05 8.08897e-05 1.0447e-05 -1.76587e-05 2.81685e-05 -4.92859e-05 -0.000127395 -0.000127282 -0.000189979 0 4.69943e-05 0.000106916 0.00017834 -1.48051e-05 0.000235801 -2.62685e-06
internal_weight=8990 2877 61 2816 6113 664 425 189 149 113 236 2774 219 2555 2081 321 1760 474 129 345 96 42 64 5449 254 170 130 84 100 5195
internal_count=8990 2877 61 2816 6113 664 425 189 149 113 236 2774 219 2555 2081 321 1760 474 129 345 96 42 64 5449 254 170 130 84 100 5195
is_linear=0
shrinkage=0.05


Tree=142
num_leaves=31
num_cat=0
split_feature=385 277 203 359 15 328 12 361 274 338 375 247 318 238 345 354 297 58 259 208 47 277 275 353 354 379 365 259 277 19
split_gain=0.00012886 0.000366906 0.000353636 0.000433833 0.000387263 0.00031437 0.000354032 0.000339293 0.000337641 0.000297669 0.000273972 0.000419437 0.000516859 0.00040412 0.000335886 0.000317878 0.000353316 0.000438126 0.000467343 0.000295069 0.000273425 0.000245593 0.000386265 0.000511074 0.000633878 0.000382216 0.000501436 0.000426506 0.000346331 0.000536751
threshold=-1.7233832620203959 -0.71122083167899153 0.9040126247548802 -0.076614603320361949 0.028604497354497351 0.027611411606986883 0.0057870370370370012 -0.19484591126821496 0.11779038709470305 -0.0062830687830690282 -0.3847819553223622 -0.29899194042500599 -0.15887318097310962 0.87951837011697409 -0.0099206349206350086 0.34902891260801711 9.1027090026507565e-05 2.0886470842927651 -1.0000000180025095e-35 0.86118854575913362 0.19262566137566128 -1.065776406952373 -0.19959812381285938 0.070946201259878966 -0.060856016057381883 -0.29051617067923624 -0.27513227513227551 -0.13083338065601594 -0.84291273714241532 0.46816156993372254
decision_type=8 8 10 10 2 10 2 10 10 10 10 10 8 10 10 10 10 2 10 10 2 10 10 10 10 10 10 10 10 2
left_child=1 2 3 -1 -5 6 9 -7 -9 -3 11 -2 -13 14 -14 21 17 18 -17 -16 -6 22 23 24 -12 27 -27 -24 29 -23
right_child=10 5 -4 4 20 7 -8 8 -10 -11 15 12 13 -15 19 16 -18 -19 -20 -21 -22 28 25 -25 -26 26 -28 -29 -30 -31
leaf_value=0 0 0 0 0 0 0 0 -0.0002387556702015353 0 0.00011611918976312122 0 0 0 0 0.00020889504883022151 0 0 0 -0.00026475239788468867 0 -0.00021878417914272241 0 0 -3.5246314241831677e-06 0.00012417009242071146 -0.00010490476498525923 0 0.00011600429509308236 1.7589773872785018e-07 -0.0001443394868487682
leaf_weight=32 247 39 62 23 21 23 256 40 22 135 108 83 21 23 129 42 109 80 56 38 101 269 49 110 287 147 279 123 5929 107
leaf_count=32 247 39 62 23 21 23 256 40 22 135 108 83 21 23 129 42 109 80 56 38 101 269 49 110 287 147 279 123 5929 107
internal_value=0 -2.00002e-05 -7.13997e-05 -0.000108971 -0.000148217 0 2.11498e-05 -8.35138e-05 -0.000152371 7.86689e-05 1.57786e-06 3.6099e-05 7.72205e-05 0.000120119 0.000146846 -1.99836e-07 -5.23e-05 -9.67928e-05 -0.000167852 0.00017117 -0.000184487 1.14436e-06 2.33201e-05 5.56732e-05 8.48104e-05 0 -2.92777e-05 5.85657e-05 -1.94237e-06 -4.86301e-05
internal_weight=8990 754 239 177 145 515 430 85 62 174 8236 541 294 211 188 7695 287 178 98 167 122 7408 1103 505 395 598 426 172 6305 376
internal_count=8990 754 239 177 145 515 430 85 62 174 8236 541 294 211 188 7695 287 178 98 167 122 7408 1103 505 395 598 426 172 6305 376
is_linear=0
shrinkage=0.05


Tree=143
num_leaves=31
num_cat=0
split_feature=211 53 201 297 207 328 252 329 373 307 17 54 19 201 359 215 352 250 85 369 74 385 352 271 255 277 31 385 267 46
split_gain=0.000123587 0.000357981 0.00043338 0.000470822 0.000439206 0.000726124 0.000530254 0.000265867 0.000279125 0.000261341 0.000594522 0.00061544 0.0005104 0.000444411 0.000387998 0.000260896 0.000275863 0.000433018 0.000488205 0.000506372 0.00079205 0.000556897 0.00034001 0.000345407 0.000335419 0.000843944 0.000740778 0.000592125 0.000442042 0.000534413
threshold=-0.82642608117316907 0.039523428290383307 -0.80607034333166727 -0.0012258962837315421 -0.15043865781623009 0.055039998480621806 1.0000000180025095e-35 -0.017872088727695964 -0.00066137566137619553 -0.00033068783068789307 -0.40213862802924838 0.69923941798941802 0.17753289410496501 1.7004603945992243 -0.0089227129127400478 -1.8459407901682867 -0.0034323973526177993 -1.0536792080742041 -0.49362118419482798 -0.17469425655437348 0.047696532055872161 -0.49455342731126067 -0.047656112272264399 0.2506997786922473 -2.4737759964463786 -0.84291273714241532 0.95916005291005313 2.5510766588996732 -1.6690042050585632 0.20287698412698404
decision_type=8 2 10 10 10 10 10 10 10 10 2 2 2 10 10 8 8 10 2 10 2 10 10 10 8 10 2 10 8 2
left_child=1 2 -1 -4 7 6 -6 -5 -9 12 11 14 -3 -14 -11 -2 17 22 -19 20 -20 -21 23 -17 25 -18 -27 28 29 -26
right_child=15 9 3 4 5 -7 -8 8 -10 10 -12 -13 13 -15 -16 16 24 18 19 21 -22 -23 -24 -25 27 26 -28 -29 -30 -31
leaf_value=-3.2679614664899352e-05 3.63326084870449e-05 0 -1.4072999193032135e-06 -4.3814279315086186e-06 0.00021011396812725872 0 0 0 9.6984439416288599e-05 0 0 0 0.00019918553140788094 0 -0.00024941867285821511 0.00011336397572356234 -6.606150671047781e-06 0 0 -7.2147260731113334e-05 -0.00016265735234558275 0 -5.4000646651947585e-06 0 0 0.00031910487143091729 0 0.00011068582603525448 0 -0.00013214254450285014
leaf_weight=130 358 185 178 176 164 28 81 91 164 21 492 33 64 20 73 144 46 875 57 379 218 502 250 71 136 47 37 112 3712 146
leaf_count=130 358 185 178 176 164 28 81 91 164 21 492 33 64 20 73 144 46 875 57 379 218 502 250 71 136 47 37 112 3712 146
internal_value=0 1.09871e-05 3.24983e-05 4.77759e-05 6.73111e-05 0.000122582 0.000155401 2.06832e-05 5.75778e-05 -7.89874e-06 -2.98769e-05 -0.000126657 2.40874e-05 0.000130495 -0.000194983 -3.35054e-06 -6.20406e-06 -1.94877e-05 -3.0463e-05 -5.18273e-05 -0.000117378 -2.56802e-05 1.76955e-05 6.77859e-05 4.43081e-07 8.01757e-05 0.000187104 -8.65524e-07 -5.24819e-06 -6.56307e-05
internal_weight=8990 1900 1012 882 704 273 245 431 255 888 619 127 269 84 94 7090 6732 2496 2031 1156 275 881 465 215 4236 130 84 4106 3994 282
internal_count=8990 1900 1012 882 704 273 245 431 255 888 619 127 269 84 94 7090 6732 2496 2031 1156 275 881 465 215 4236 130 84 4106 3994 282
is_linear=0
shrinkage=0.05


Tree=144
num_leaves=31
num_cat=0
split_feature=326 377 299 220 339 85 324 253 303 314 29 368 93 60 381 286 229 385 211 211 319 64 326 34 321 223 359 252 249 354
split_gain=0.000126086 0.000449941 0.000771527 0.000871259 0.000630355 0.000714151 0.000993525 0.000620621 0.000450071 0.00044358 0.000349502 0.000515184 0.000376004 0.000376458 0.000371562 0.0007244 0.000789212 0.000649745 0.000572048 0.000644712 0.000598108 0.000504106 0.00100573 0.000584469 0.000416167 0.000602359 0.000624419 0.00040604 0.000354012 0.000380785
threshold=0.017661477827956743 0.056732882062105812 -0.48825510609024597 0.71793960074974728 -0.069128928721473734 1.0872840419157768 0.049879877247677458 -0.75415067245606615 -0.00033068783068779993 0.0027340210683464432 0.27025462962962965 -0.55533838514304301 -0.077050208134605488 0.55911044973544921 -0.25300039405383629 -0.00033068783068780069 -0.81362900297521623 -1.2403578815010072 0.049785223419499078 -0.9872915941536986 0.0081654563973943012 -0.84437983241950632 -0.0010544334580526169 0.19841269841269835 0.0015467276575185445 0.036557300492503129 -0.026232857978169984 -1.315180254704575 -1.2575301954428484 0.11266724265586704
decision_type=10 10 10 10 10 2 10 10 10 10 2 10 2 2 10 8 10 10 10 10 10 2 10 2 10 10 10 10 10 10
left_child=10 2 3 -2 7 8 -7 -4 9 -6 11 -1 -13 -14 15 16 -12 18 19 -16 -21 22 27 -24 28 26 -26 -19 -17 -30
right_child=1 -3 4 -5 5 6 -8 -9 -10 -11 14 12 13 -15 17 24 -18 21 -20 20 -22 -23 23 -25 25 -27 -28 -29 29 -31
leaf_value=0 -0.00024553863090860743 1.5775317210328902e-06 0 0 -8.6291669786177399e-05 -0.00029117925952002724 0 0.00019522879983463183 3.1507944594555218e-05 0 0.00014831665287383676 0 0 -0.00027417763966412935 0 -4.8112524306324723e-06 1.6737185771299676e-05 -0.00011018302785162647 0 -0.00015389651137478886 0 0 0 0.00035084734060099386 0 6.6902262602679799e-06 -0.00013590148840803492 5.676638917708006e-05 8.6354097046375188e-05 0
leaf_weight=55 88 2530 21 52 266 59 27 65 285 127 222 59 26 51 97 201 465 45 285 252 23 2522 20 44 79 273 192 145 319 95
leaf_count=55 88 2530 21 52 266 59 27 65 285 127 222 59 26 51 97 201 465 45 285 252 23 2522 20 44 79 273 192 145 319 95
internal_value=0 -7.75571e-06 -3.66551e-05 -0.000149549 -1.21637e-05 -3.17854e-05 -0.000171317 0.000103912 -6.69042e-06 -4.71119e-05 4.34934e-06 -5.93107e-05 -0.000120011 -0.000193949 7.60084e-06 2.58329e-05 6.65487e-05 -7.47012e-07 -4.67088e-05 -8.77274e-05 -0.000127549 8.33102e-06 7.56174e-05 0.000248781 0 -3.01078e-05 -8.56095e-05 0 2.98264e-05 5.87147e-05
internal_weight=8990 3520 990 140 850 764 86 86 678 393 5470 191 136 77 5279 1846 687 3433 657 372 275 2776 254 64 1159 544 271 190 615 414
internal_count=8990 3520 990 140 850 764 86 86 678 393 5470 191 136 77 5279 1846 687 3433 657 372 275 2776 254 64 1159 544 271 190 615 414
is_linear=0
shrinkage=0.05


Tree=145
num_leaves=31
num_cat=0
split_feature=330 216 262 44 200 363 280 19 267 355 32 28 354 363 57 315 208 89 57 32 353 62 19 37 87 203 27 277 319 31
split_gain=0.000119679 0.000253813 0.00020911 0.000300651 0.00028402 0.000393592 0.000496441 0.000439696 0.000231025 0.000658443 0.000701443 0.000592208 0.000502029 0.000339885 0.000759388 0.000533486 0.000330228 0.000483174 0.000630381 0.000562849 0.00048697 0.000639466 0.000471867 0.000671778 0.000588078 0.000529071 0.000332177 0.000328738 0.000251634 0.000556297
threshold=0.11135189527993108 -0.56302375388125736 -0.82683168209461166 0.27794312169312207 1.2858296012669108 -0.1995454742716497 -1.6442221945043232 -0.61827519143480736 -1.6486186839782813 -0.046974193898529963 0.62268518518518645 0.0066137566137566507 -0.21364867168870691 0.016607746787445438 0.18622008827160702 -0.0031558207036472825 -0.97230902999090107 -1.0377391021731996 0.42299641696755258 0.48652447089947076 -0.021066452221201844 0.69560185185185219 0.61109025803892714 0.80964938224725069 0.38591269841269854 -0.16549488081406807 -0.98714326088560977 -0.091216806766082362 -0.031336491392097703 0.62971230158730118
decision_type=10 10 8 2 10 10 10 2 8 10 2 2 10 10 2 10 8 2 2 2 10 2 2 2 2 10 2 10 8 2
left_child=2 -2 3 -1 5 -5 -7 -8 9 10 11 -4 -13 14 -11 27 17 20 19 -19 -10 -22 28 25 -25 -24 -20 -15 29 -18
right_child=1 -3 8 4 -6 6 7 -9 16 13 -12 12 -14 15 -16 -17 22 18 26 -21 21 -23 23 24 -26 -27 -28 -29 -30 -31
leaf_value=0 -0.00012438376396012139 0 0 0 0 0 0 0.00019119122803476599 0 0.00018215624388627776 0 0 -0.00038175807333725088 -0.00021333045132640346 0 0 -0.00015203776585491727 0 3.0240195311389402e-05 0.00019172203015458368 0.00021633545483221454 0 -6.5822531845496132e-05 0 -0.0002972059909255765 2.1605049657682582e-05 -2.6283537126387871e-05 0 3.1777128378243146e-06 0
leaf_weight=278 60 157 39 85 98 54 53 145 87 68 51 20 46 58 177 72 85 23 388 82 101 38 314 22 48 271 691 30 5241 108
leaf_count=278 60 157 39 85 98 54 53 145 87 68 51 20 46 58 177 72 85 23 388 82 101 38 314 22 48 271 691 30 5241 108
internal_value=0 -3.68805e-05 6.67133e-07 2.69518e-05 5.40186e-05 7.66333e-05 0.000108424 0.000145689 -1.03802e-06 -3.22415e-05 -0.000119506 -0.000194672 -0.000287498 0 3.83858e-05 -5.52414e-05 6.29967e-07 2.29723e-05 5.55901e-06 0.000123794 9.20428e-05 0.000150076 -3.7229e-06 -4.3923e-05 -0.00019909 -1.67796e-05 -1.32363e-06 -0.00014382 2.03313e-07 -5.46343e-05
internal_weight=8990 217 8773 713 435 337 252 198 8060 561 156 105 66 405 245 160 7499 1410 1184 105 226 139 6089 655 70 585 1079 88 5434 193
internal_count=8990 217 8773 713 435 337 252 198 8060 561 156 105 66 405 245 160 7499 1410 1184 105 226 139 6089 655 70 585 1079 88 5434 193
is_linear=0
shrinkage=0.05


Tree=146
num_leaves=31
num_cat=0
split_feature=258 259 19 311 382 354 329 360 89 203 60 315 371 382 92 34 283 207 300 54 85 356 217 378 229 244 347 325 247 370
split_gain=0.000119974 0.000383336 0.000393466 0.000605272 0.000286172 0.000471468 0.000456453 0.000547815 0.000366264 0.000376331 0.000283555 0.000280759 0.000606532 0.000275024 0.000490389 0.000417368 0.000575158 0.000346808 0.000466703 0.000342696 0.000334375 0.000601878 0.00027359 0.000307752 0.000557316 0.000465444 0.000297639 0.000286507 0.000306306 0.000270461
threshold=-0.64098535524856703 -0.67140826088587235 -0.46146470279749291 0.00033068783068780297 1.8683583020893815 0.1293258816179482 -0.008373899728789545 0.007450390772854921 1.3164515108054904 1.9943198812631817 0.97337962962962965 -0.029115178718344261 -0.78308222104020342 1.3474425307666269 0.37318121693121703 0.24041005291005219 -0.0013028885646534803 2.3746433219200731 -0.011866140967927484 0.39699074074074109 -0.20161159813782548 0.059677456252900114 -1.297324214253597 -0.0056274410878450884 -1.1246801490759306 -1.0204340884703778 -0.0059912697999308642 0.0024490902277100051 -0.63061291974333777 0.16262507949287225
decision_type=10 10 2 10 8 10 10 10 2 10 2 10 10 10 2 2 10 10 10 2 2 10 8 8 10 10 10 10 10 10
left_child=1 22 -3 -4 10 6 7 8 9 -6 13 -12 -13 17 15 -15 -17 20 -19 -20 -2 -22 26 24 25 -24 -1 -28 -29 -25
right_child=4 2 3 -5 5 -7 -8 -9 -10 -11 11 12 -14 14 -16 16 -18 18 19 -21 21 -23 23 29 -26 -27 27 28 -30 -31
leaf_value=-3.605588920544745e-06 0 0 0 -0.00021638620201664289 0.00020792452245546229 -3.2675267965492177e-05 0 0 0 0 0 0 -0.00023447045973257541 0 1.0522300211591045e-05 -0.00022749248972760212 -8.3237920285555781e-07 0 0 -0.00024533224671373203 3.829318868470439e-05 -2.5623539257607052e-05 0 -1.5124257839359028e-05 -9.402044437616895e-06 0.00017382170714724693 0 0 0.00018095967289864063 -0.00012797282980075343
leaf_weight=98 3527 118 98 79 143 118 203 135 31 26 67 33 53 93 166 82 119 142 60 44 1682 374 38 629 363 85 185 27 82 90
leaf_count=98 3527 118 98 79 143 118 203 135 31 26 67 33 53 93 166 82 119 142 60 44 1682 374 38 629 363 85 185 27 82 90
internal_value=0 -1.14605e-05 -6.39503e-05 -0.000111215 2.69158e-06 3.41878e-05 5.81482e-05 9.3994e-05 0.000147104 0.00017613 0 -6.7667e-05 -0.000127648 1.1185e-06 -3.48902e-05 -7.75271e-05 -0.000118231 4.81846e-06 -5.06275e-05 -0.000131406 8.15796e-06 2.42338e-05 0 -1.35221e-05 9.77069e-06 0.000106933 3.43863e-05 6.40482e-05 0.000132753 -3.62189e-05
internal_weight=8990 1892 295 177 7098 656 538 335 200 169 6442 153 86 6289 460 294 201 5829 246 104 5583 2056 1597 1205 486 123 392 294 109 719
internal_count=8990 1892 295 177 7098 656 538 335 200 169 6442 153 86 6289 460 294 201 5829 246 104 5583 2056 1597 1205 486 123 392 294 109 719
is_linear=0
shrinkage=0.05


Tree=147
num_leaves=31
num_cat=0
split_feature=27 363 64 35 29 346 324 270 372 362 198 76 299 75 319 346 225 201 303 203 319 282 255 56 64 60 232 336 370 327
split_gain=0.000119259 0.0003122 0.000350158 0.000357242 0.000572721 0.000279345 0.000530677 0.000755932 0.000270874 0.000243927 0.000405247 0.000357171 0.000288149 0.000540158 0.000384691 0.000527872 0.000380996 0.000376976 0.000334986 0.000285306 0.000324622 0.000452412 0.000382568 0.000305085 0.00033006 0.000270648 0.000213172 0.000178654 0.000165704 0.000164639
threshold=-1.6493203103553298 0.053458395332218862 -0.35131661301210099 0.17493386243386252 0.85300925925925919 0.30274312100076445 -0.0081080755877384041 -0.068787468192416296 0.013491234556740063 0.26934523809523808 1.0498836047604427 0.14424827905791751 -0.51488938880278623 0.70667989417989385 -0.0043051358400372211 -0.017985770193252659 -1.8480958080436549 -0.87256892499891803 -0.00033068783068780015 1.4044140229654565 -0.0039999705922912345 -0.0013441034904000391 -2.4737759964463786 0.3346560846560846 0.084344014169804124 0.27662037037037007 0.51107168027018479 -1.0000000180025095e-35 0.0080662528343115065 -0.080563429762790142
decision_type=2 8 2 2 2 10 10 10 10 8 8 2 10 2 10 10 10 10 10 10 8 10 8 2 2 2 10 10 10 10
left_child=1 2 3 -1 8 9 7 -7 26 12 11 -11 13 16 -15 -16 17 -2 -18 20 21 -14 -22 25 -25 -21 -5 -13 29 -3
right_child=5 28 -4 4 -6 6 -8 -9 -10 10 -12 27 19 14 15 -17 18 -19 -20 23 22 -23 -24 24 -26 -27 -28 -29 -30 -31
leaf_value=0 0 -0.00012311639064964243 0 0.00037877874318959458 0 0 0 -0.00033493697195280045 0 4.5338713237738046e-06 -2.4843562845072505e-06 0 -5.1899487599076294e-05 0 0 -0.00022330797893840479 -1.3765110952637663e-05 -0.00015445395287346148 5.8011949085749652e-05 7.6730036885077453e-06 9.2550736265084761e-05 0 0 6.9745718606752097e-05 0 -7.9737327565828153e-05 0 0.00026971052158066537 8.4260649232978799e-06 0
leaf_weight=30 24 54 66 38 34 20 61 35 20 155 101 30 738 108 23 88 289 77 249 88 114 707 4612 447 505 115 20 40 82 20
leaf_count=30 24 54 66 38 34 20 61 35 20 155 101 30 738 108 23 88 289 77 249 88 114 707 4612 447 505 115 20 40 82 20
internal_value=0 2.75032e-05 7.12326e-05 0.000116581 0.000158731 -1.62334e-06 -7.88097e-05 -0.000192782 0.000233446 0 4.17406e-05 8.37973e-05 -2.25619e-06 -2.97884e-05 -9.81766e-05 -0.000166327 0 -9.4186e-05 1.01678e-05 2.86178e-07 -3.28141e-06 -2.43536e-05 2.10394e-06 2.36746e-05 3.76518e-05 -1.72416e-05 0.000291397 0.000187726 0 -7.42422e-05
internal_weight=8990 364 208 142 112 8626 116 55 78 8510 326 225 8184 858 219 111 639 101 538 7326 6171 1445 4726 1155 952 203 58 70 156 74
internal_count=8990 364 208 142 112 8626 116 55 78 8510 326 225 8184 858 219 111 639 101 538 7326 6171 1445 4726 1155 952 203 58 70 156 74
is_linear=0
shrinkage=0.05


Tree=148
num_leaves=31
num_cat=0
split_feature=326 360 72 220 219 348 91 308 54 286 347 361 22 337 337 62 352 9 238 257 322 351 232 227 241 258 207 56 344 254
split_gain=0.000110479 0.000473938 0.000538392 0.00117331 0.00108824 0.000734343 0.000390886 0.00035245 0.000415013 0.000345653 0.000370784 0.000347114 0.00034482 0.00077113 0.000575874 0.000629057 0.000550496 0.000686783 0.000544051 0.000454506 0.000419299 0.000729657 0.000825246 0.000329951 0.000513998 0.000329947 0.000308985 0.000299748 0.000283338 0.000279547
threshold=0.017661477827956743 0.012108889514845013 -0.24428763354665398 -0.59689049154772478 -0.081998802945291757 0.068083392468682988 1.0926224061113503 -0.008403559158191241 0.42245370370370405 -0.00033068783068780069 0.0018307100958974978 0.18520433863513203 -0.72498115860291301 0.0040080213975391679 0.00067114104036458254 0.47371031746031755 -0.049132295354624982 1.0409435648235303 0.068042112448534989 -0.065988862401764423 -0.0058202980159326448 -0.045439470747462123 -1.1096281996795263 -0.40469035500348299 0.95481191534909315 0.91063464074202283 -0.31994323908384775 0.35995370370370405 -0.030865537471356636 -0.63387295254106946
decision_type=10 10 2 10 10 10 2 10 2 10 10 10 2 10 10 2 10 2 10 10 10 10 10 10 8 10 10 2 10 10
left_child=12 2 3 4 -2 -6 7 8 -5 11 -11 -4 13 14 16 -16 17 -1 20 25 -15 -22 -23 24 -18 -20 -12 -8 -25 -14
right_child=1 -3 9 6 5 -7 27 -9 -10 10 26 -13 29 18 15 -17 23 -19 19 -21 21 22 -24 28 -26 -27 -28 -29 -30 -31
leaf_value=0 0 5.7769529404870193e-07 0 0 -0.0003989862217353556 0 0 0 -0.00025161565491408001 0 0 0.00021013233001725986 -2.0058719791790041e-05 -3.9433445442310655e-05 0.00031199550464737941 0 0.00016656879851326557 0.00029367016487389703 -0.00027700929605252114 0 -1.4086987761631118e-05 0 0.00022406061714462519 5.2224812722254018e-05 0 0 -0.0001831336980311029 0.00027193386042959734 -4.0289261353633275e-05 6.528027717812876e-06
leaf_weight=21 95 2768 66 51 64 28 20 113 34 142 28 35 1429 113 53 45 76 43 44 58 46 20 95 91 26 25 56 20 289 2996
leaf_count=21 95 2768 66 51 64 28 20 113 34 142 28 35 1429 113 53 45 76 43 44 58 46 20 95 91 26 25 56 20 289 2996
internal_value=0 -7.23881e-06 -4.26545e-05 -7.99075e-05 -0.000173739 -0.00030143 0 -3.48233e-05 -0.000114791 0 -2.83761e-05 8.21373e-05 4.09533e-06 3.01494e-05 6.58299e-05 0.000191463 3.40936e-05 0.000176642 -1.46894e-05 -0.000105805 9.32463e-06 7.4586e-05 0.000153477 4.76194e-06 8.99674e-05 -0.000192444 -0.000114834 0.000135568 -4.97223e-06 -9.28181e-07
internal_weight=8990 3520 752 425 187 92 238 198 85 327 226 101 5470 1045 644 98 546 64 401 127 274 161 115 482 102 69 84 40 380 4425
internal_count=8990 3520 752 425 187 92 238 198 85 327 226 101 5470 1045 644 98 546 64 401 127 274 161 115 482 102 69 84 40 380 4425
is_linear=0
shrinkage=0.05


Tree=149
num_leaves=31
num_cat=0
split_feature=237 237 19 73 335 266 237 39 367 31 350 387 310 369 350 378 19 379 367 249 275 370 266 276 339 331 334 346 33 19
split_gain=0.000114805 0.000379175 0.000628282 0.000678492 0.00061844 0.000411047 0.000356656 0.000399756 0.000364178 0.000384117 0.000532474 0.000408543 0.000308882 0.00032057 0.00029035 0.000295687 0.000495858 0.000606332 0.000704927 0.000367197 0.000488566 0.00103111 0.000550173 0.000346921 0.0003354 0.000557395 0.000463 0.000302753 0.000273572 0.00032042
threshold=-0.55484624022628715 -0.33773344466834415 -0.027927480904374496 -0.9727277643765978 0.049523968416265059 -1.567138407310211 -0.87192928142605608 -1.3462659784663547 -0.43882275132275095 0.12979497354497352 0.040518002075498057 -0.10979254744413734 -0.00058609316001045897 -0.11115614906891945 0.30898207326834098 0.58641757471386902 0.45011611725825401 -0.32035214613684299 -0.3902116402116399 1.3247274300106884 0.29040139500085099 7.0274460143016096e-05 1.1433076699870057 -2.1116080288054078 0.0015692434038734606 0.002496468823295944 0.00033760973598666143 0.017160641401668401 0.60084387844563814 0.12866113799705903
decision_type=10 10 2 2 10 10 10 2 10 2 10 10 10 10 10 10 2 10 10 10 10 10 10 10 10 10 10 10 2 2
left_child=6 2 -2 -4 5 -5 -1 8 -8 -10 11 -11 -9 -14 15 19 24 -18 -19 23 22 -22 -21 -3 25 -17 -26 -25 29 -16
right_child=1 14 3 4 -6 -7 7 12 9 10 -12 -13 13 -15 28 16 17 18 -20 20 21 -23 -24 27 26 -27 -28 -29 -30 -31
leaf_value=3.2362345834997882e-06 0 8.4811991154627676e-05 0 0 0 0.00028043303077804712 0 2.219286034590978e-05 0 0 0 -0.00034522350573692843 0 -6.6798630919761754e-05 0 9.0697545521624431e-05 0 0 -0.00018097910223225961 3.453538308023723e-05 0 0.00015491217404334085 -5.5581217073468083e-05 4.3309041742698968e-07 0 -1.0673185557968365e-05 -0.00012492981659736234 -4.3887577078462146e-05 0 -0.00015878948764223288
leaf_weight=1408 404 115 69 21 40 87 29 259 40 21 22 52 199 350 85 200 60 29 153 566 178 207 228 3112 119 220 110 413 107 87
leaf_count=1408 404 115 69 21 40 87 29 259 40 21 22 52 199 350 85 200 60 29 153 566 178 207 228 3112 119 220 110 413 107 87
internal_value=0 3.04246e-06 4.0308e-05 0.00010901 0.00016992 0.000232075 -9.74065e-06 -3.36804e-05 -0.00011001 -0.00014642 -0.000201381 -0.000266401 -1.19887e-05 -3.72214e-05 0 1.60491e-06 -2.36108e-05 -8.46892e-05 -0.00013364 7.30504e-06 3.15698e-05 7.88149e-05 2.3579e-06 0 0 2.57068e-05 -4.94793e-05 -3.34236e-06 -5.04784e-05 -9.00351e-05
internal_weight=8990 6610 621 217 148 108 2380 972 164 135 95 73 808 549 5989 5710 891 242 182 4819 1179 385 794 3640 649 420 229 3525 279 172
internal_count=8990 6610 621 217 148 108 2380 972 164 135 95 73 808 549 5989 5710 891 242 182 4819 1179 385 794 3640 649 420 229 3525 279 172
is_linear=0
shrinkage=0.05


Tree=150
num_leaves=31
num_cat=0
split_feature=27 259 346 65 62 337 64 345 244 50 356 23 306 259 241 385 202 340 360 344 60 356 76 231 202 334 274 261 305 265
split_gain=0.000114448 0.00029763 0.000245364 0.000802043 0.000483476 0.000405136 0.000238951 0.000255508 0.000280072 0.000215671 0.000674259 0.000713027 0.000609061 0.000840253 0.000528731 0.000592819 0.000495788 0.000397473 0.000359564 0.000352661 0.000332468 0.000357387 0.000462426 0.000461223 0.000759327 0.000390784 0.000350785 0.000565152 0.000445505 0.000325255
threshold=-1.6493203103553298 1.7217644153584517 0.090442614644508396 0.16841997216021004 0.18931878306878303 0.016449090317842755 -0.32742006699082143 -0.011904761904761937 1.5357219430040818 -1.1549963195240747 0.025595399035446002 0.0061177248677248006 0.00033366701271608361 0.91727211132377973 0.85515202095059262 -0.50579981420905062 -0.80921376811354884 0.0084138364766104552 -0.051747911207705048 0.0011357217599946014 0.33779761904761907 0.014571144962950757 -0.57707540024492288 0.70932393256399795 -1.0500930087261804 0.0060328228326607886 0.5945294000118887 0.38468882096478135 0.00033068783068799379 -0.72196866976119123
decision_type=2 10 10 2 2 10 2 10 10 2 10 2 10 10 10 10 10 10 10 10 2 10 2 10 10 10 10 10 10 8
left_child=1 6 9 -4 -5 -6 7 -1 -9 10 11 14 13 17 15 -2 -13 -12 -14 -18 21 23 25 24 -11 -23 29 28 -28 -22
right_child=2 -3 3 4 5 -7 -8 8 -10 20 12 16 18 -15 -16 -17 19 -19 -20 -21 26 22 -24 -25 -26 -27 27 -29 -30 -31
leaf_value=0 0 -7.4691084261644606e-07 0 0 -0.00033571133399775918 0 0 0.00018725858263710039 0 2.5964354780677517e-05 0 -0.00011185517274323637 -3.2031655830400009e-05 0 0 0.00021791775314150015 0.00013504433544839743 -0.0004591512963482183 0.00012322289412356805 0 -3.8939618135944524e-05 0.00015210760761364794 -9.0331622821431523e-06 0 -8.3397621800109938e-05 0 9.3938325831168423e-05 -2.0942127080849224e-06 0 2.0339474403708745e-06
leaf_weight=20 80 142 271 22 43 22 90 84 28 126 23 76 31 53 87 137 64 23 58 42 533 90 607 415 670 27 391 458 198 4079
leaf_count=20 80 142 271 22 43 22 90 84 28 126 23 76 31 53 87 137 64 23 58 42 533 90 607 415 670 27 391 458 198 4079
internal_value=0 2.71663e-05 -1.42076e-06 -4.19712e-05 -0.000173963 -0.000243017 6.75253e-05 0.000110401 0.000141637 0 2.74163e-05 6.29159e-05 -3.7757e-05 -0.000133856 0.000110405 0.000152192 0 -0.000289972 1.30535e-05 5.20402e-05 -2.06833e-06 -2.03574e-05 1.24963e-06 -3.74028e-05 -5.98049e-05 9.72578e-05 3.30204e-06 2.97475e-05 6.29909e-05 -1.61793e-06
internal_weight=8990 364 8626 358 87 65 222 132 112 8268 674 486 188 99 304 217 182 46 89 106 7594 1935 724 1211 796 117 5659 1047 589 4612
internal_count=8990 364 8626 358 87 65 222 132 112 8268 674 486 188 99 304 217 182 46 89 106 7594 1935 724 1211 796 117 5659 1047 589 4612
is_linear=0
shrinkage=0.05


Tree=151
num_leaves=31
num_cat=0
split_feature=344 211 342 244 343 50 347 255 73 285 334 252 296 261 25 200 324 368 70 258 301 348 213 211 343 331 241 367 40 246
split_gain=0.000108708 0.000318461 0.000562668 0.000658816 0.000601721 0.000586036 0.000815104 0.000791033 0.000572072 0.000739068 0.000895477 0.000544866 0.000532686 0.000562804 0.00052091 0.000587142 0.000505862 0.000487147 0.000316001 0.000304477 0.00043009 0.000549069 0.000937982 0.000426496 0.000449481 0.000372217 0.000371941 0.00046532 0.000306205 0.000296626
threshold=0.00065389902167285708 -1.0099221078111482 -0.032088314551498069 -0.05526904779405422 0.041253306878307368 -0.37845226514973546 -0.021678349784773978 1.305434766412972 -0.27558098468965847 0.00033156499888732134 0.0050050155923312646 0.20608399927206217 -0.00011146579515450282 0.68206672761669107 0.021329365079365104 0.76664185778923088 0.19010452316828155 1.6678767367048855 0.28604497354497355 1.0475512536426186 -0.0030419409720472408 0.028007160502989684 -0.96357638230358467 1.4502042354229669 -0.0016534391534377411 -0.013289819063964535 -0.42833855938822379 -0.13723544973544999 -0.13653763232925495 0.79535926296683079
decision_type=8 10 10 10 10 2 10 10 2 10 10 10 10 10 2 10 10 10 2 8 10 8 10 10 10 8 10 10 2 10
left_child=19 12 5 8 14 6 -3 17 9 10 -4 -6 -2 16 18 -16 29 -8 -5 -1 -21 22 23 24 -22 -23 27 -24 -27 -14
right_child=1 2 3 4 11 -7 7 -9 -10 -11 -12 -13 13 -15 15 -17 -18 -19 -20 20 21 25 26 -25 -26 28 -28 -29 -30 -31
leaf_value=1.0290738640569074e-06 0 -5.0869524382907392e-06 0.00024691412673764511 -4.0875891302666117e-05 -0.00029702533408418693 2.2476802119246923e-06 0.00027654569969869639 0 -6.2648190670077533e-06 0 0 0 0.00024873757556211632 0 -6.7183715647522996e-06 -0.00010978502906200399 0 0 4.1299572007876983e-05 1.2638655246428779e-05 -0.00025769177398689269 9.3923011184126503e-05 0 0 0 0 0 -0.00014907402143705844 -9.4876474557565598e-05 0
leaf_weight=4273 218 23 96 121 44 486 102 25 444 205 40 46 92 91 543 268 31 20 386 355 113 89 56 20 28 199 329 107 101 39
leaf_count=4273 218 23 96 121 44 486 102 25 444 205 40 46 92 91 543 268 31 20 386 355 113 89 56 20 28 199 329 107 101 39
internal_value=0 6.88018e-06 0 -1.15697e-05 -3.35062e-05 4.11892e-05 0.000123055 0.000177085 2.1407e-05 7.20868e-05 0.000163094 -0.000167521 4.49844e-05 9.50167e-05 -2.05496e-05 -4.69512e-05 0.000150918 0.000232328 1.18235e-05 -4.49585e-06 -2.49726e-05 -4.25844e-05 -7.06777e-05 -0.00018173 -0.000212753 0 -2.41472e-05 -8.63736e-05 -2.19466e-05 0.000194444
internal_weight=8990 3320 2849 2193 1408 656 170 147 785 341 136 90 471 253 1318 811 162 122 507 5670 1397 1042 653 161 141 389 492 163 300 131
internal_count=8990 3320 2849 2193 1408 656 170 147 785 341 136 90 471 253 1318 811 162 122 507 5670 1397 1042 653 161 141 389 492 163 300 131
is_linear=0
shrinkage=0.05


Tree=152
num_leaves=31
num_cat=0
split_feature=248 31 335 31 203 86 75 383 332 268 215 371 251 372 245 27 297 381 380 347 93 383 26 355 67 335 36 280 77 335
split_gain=0.000108915 0.000338359 0.000386347 0.00049476 0.000456269 0.000476701 0.000511504 0.000309527 0.000293435 0.00038689 0.000499149 0.000630062 0.000357744 0.000422932 0.000698695 0.000354286 0.000352735 0.000472456 0.000549677 0.000438275 0.00043594 0.000364037 0.000592262 0.000447521 0.00038994 0.000349495 0.000472135 0.000559263 0.000467339 0.000410893
threshold=0.78771253426859567 0.85912698412698396 0.034764747787310098 0.99421296296296313 -1.0178566232201927 0.012235449735449752 0.94411375661375663 0.04770466620822595 0.0095981892956169008 -0.28764219930764634 -0.23016030734850107 0.62131253064556857 0.8605502119311762 -0.00055541043812912239 -0.76176371368687523 -0.077052787659439542 0.0012703838113050649 0.36479678190562653 0.071423595015365118 0.021280036186587973 -0.84491015794708291 -0.039569544075847667 0.12217948252374151 0.040414883817997745 2.1035037852869807 0.034011216717855126 0.59102182539682391 -0.79220249462943315 0.20667989417989405 -0.012635444756387502
decision_type=8 2 10 2 10 2 2 10 10 10 10 10 10 10 10 2 10 10 10 10 2 10 2 10 2 10 2 10 2 10
left_child=8 -2 3 4 -3 -6 -7 -4 16 10 -10 -12 13 15 -15 -11 25 21 19 20 -19 24 -23 -24 -18 26 27 29 -29 -1
right_child=1 2 7 -5 5 6 -8 -9 9 12 11 -13 -14 14 -16 -17 17 18 -20 -21 -22 22 23 -25 -26 -27 -28 28 -30 -31
leaf_value=-0.000117032740765452 1.5156735190794315e-06 0 -2.6507683591252681e-05 2.4984527646463822e-07 0 -0.00014933728443911447 0 8.0495433076109826e-05 0 0 0 -0.0002695705731600329 -6.2425927502972279e-05 0.00021357594800086962 0 -0.0001721172860254645 0.0001187767374012248 0 0 0 0.00021288627730983525 0 0 -0.00031813597274604944 0 -2.130725468525069e-05 0 0 7.1182860461278737e-05 0
leaf_weight=90 1487 107 132 109 34 308 30 105 189 221 92 58 162 67 166 30 109 24 79 21 131 84 52 29 25 1060 2808 332 784 65
leaf_count=90 1487 107 132 109 34 308 30 105 189 221 92 58 162 67 166 30 109 24 79 21 131 84 52 29 25 1060 2808 332 784 65
internal_value=0 -9.63648e-06 -3.5795e-05 -5.86514e-05 -8.24883e-05 -0.000108749 -0.00012861 0 2.93642e-06 -2.09358e-05 -6.42311e-05 -0.000132793 0 2.32931e-05 7.50806e-05 -4.87903e-06 7.94532e-06 4.65495e-05 9.66267e-05 0.000146044 0.000176864 0 -4.57636e-05 -0.000150069 6.48708e-05 2.80992e-06 1.03033e-05 3.56268e-05 5.01292e-05 -3.65182e-05
internal_weight=8990 2312 825 588 479 372 338 237 6678 985 339 150 646 484 233 251 5693 554 255 176 155 299 165 81 134 5139 4079 1271 1116 155
internal_count=8990 2312 825 588 479 372 338 237 6678 985 339 150 646 484 233 251 5693 554 255 176 155 299 165 81 134 5139 4079 1271 1116 155
is_linear=0
shrinkage=0.05


Tree=153
num_leaves=31
num_cat=0
split_feature=333 271 229 366 362 348 310 328 380 247 281 62 93 356 370 375 245 257 330 343 296 347 239 252 361 267 198 64 350 319
split_gain=0.000113024 0.000209089 0.000215278 0.000261478 0.000242179 0.000153672 0.000584408 0.000371817 0.000198495 0.000157289 0.000521973 0.000694643 0.000567867 0.000509354 0.000508555 0.000590235 0.00112288 0.000986752 0.000432073 0.000489895 0.000425376 0.000418736 0.000377305 0.000361383 0.000342465 0.000309532 0.00029194 0.000442577 0.000272396 0.000245981
threshold=-0.04778439153439145 1.6449889131286795 1.9904019897256136 1.1695187264439935 0.15856481481481452 -0.39174725364107255 0.00064715706824650121 0.0089047833379946612 -0.058043169587088488 0.14290849877983183 1.8568149633176232 0.23693783068783103 1.0579255934107812 0.011858727511855795 0.023297368174849013 -0.081303325374969024 -1.269294170685012 0.63846384925531496 0.0084305430982305907 0.00066137566137536307 -0.0010246881409634726 0.0063575646138049899 -0.52045014138143497 -0.71968967283867469 1.1640890191697477 -1.5833729230112077 1.4053485154045704 0.22527994715234254 0.020256043423949936 0.0093823809221923477
decision_type=10 8 10 10 10 8 10 10 10 8 10 2 2 8 10 10 10 10 10 10 10 10 10 10 10 8 10 2 10 10
left_child=1 2 3 4 -1 6 7 8 -2 13 12 -12 21 14 26 17 -17 -16 19 23 -21 25 -23 -15 29 -11 28 -28 -7 -13
right_child=5 -3 -4 -5 -6 9 -8 -9 -10 10 11 24 -14 18 15 16 -18 -19 -20 20 -22 22 -24 -25 -26 -27 27 -29 -30 -31
leaf_value=0.00016243473604841643 0 0 0 0 0 3.7611048341813631e-06 0 0 -0.00026695151895313001 -5.3128512292501311e-05 0 -0.00024887189255212288 0.00015846083154619369 -3.7769521737771093e-05 -0.00020226262497699093 9.0896747788994997e-05 -5.771424150364809e-05 0 -3.8998678790101142e-05 0 9.0821884490536439e-05 0 -6.3441687462358664e-05 2.9592254798364384e-05 0 1.1982647494546193e-05 9.6257479729036969e-05 0 -3.5375951074738712e-05 0
leaf_weight=98 24 64 45 38 26 2065 96 24 46 194 48 77 51 236 128 174 416 85 151 124 533 192 530 706 21 1648 200 398 532 20
leaf_count=98 24 64 45 38 26 2065 96 24 46 194 48 77 51 236 128 174 416 85 151 124 533 192 530 706 21 1648 200 398 532 20
internal_value=0 3.14597e-05 6.18027e-05 9.05541e-05 0.000126406 -1.27837e-06 -4.57808e-05 -0.000140572 -0.000199464 0 -1.00393e-05 -9.71489e-05 -2.59412e-06 4.43226e-06 -4.35529e-06 -4.04705e-05 -5.40548e-06 -0.000114088 2.73641e-05 3.67598e-05 7.12296e-05 -7.75369e-06 -4.06005e-05 7.40655e-06 -0.000167267 2.40832e-06 3.15764e-06 3.53544e-05 -2.33202e-06 -0.000206994
internal_weight=8990 271 207 162 124 8719 190 94 70 8529 2781 166 2615 5748 3998 803 590 213 1750 1599 657 2564 722 942 118 1842 3195 598 2597 97
internal_count=8990 271 207 162 124 8719 190 94 70 8529 2781 166 2615 5748 3998 803 590 213 1750 1599 657 2564 722 942 118 1842 3195 598 2597 97
is_linear=0
shrinkage=0.05


Tree=154
num_leaves=31
num_cat=0
split_feature=357 256 307 357 316 78 249 198 253 250 319 215 381 220 259 283 61 207 213 319 238 333 68 348 268 247 377 370 44 293
split_gain=0.000108801 0.000390447 0.000438184 0.000263847 0.000489709 0.000500673 0.00040491 0.000371427 0.00024368 0.000509906 0.000749067 0.000531559 0.000622211 0.000447336 0.000398048 0.00039776 0.000620183 0.000293432 0.000245971 0.000236581 0.000233682 0.000432248 0.000503437 0.000472361 0.00041062 0.000405267 0.000391449 0.0002309 0.000516788 0.000572086
threshold=0.09986772486772498 -0.87222458722023077 -0.00033068783068784796 0.036375661375661859 -0.035155981894975701 0.29150132275132307 0.91763147656912969 -1.2488708458210545 1.7218956655191018 -0.093624406574041377 0.0037430407310440898 -1.5541896897376899 1.5199160865191785 1.504243826328665 -0.52654863224301973 -0.0012714927365822819 -0.10135462330588148 0.51289316524982531 0.68287069544616286 -0.0042010014273194665 -1.0142027090478367 -1.0000000180025095e-35 0.14872685185185205 -0.39174725364107255 0.35964196036215362 -0.46425911156446492 -0.029411639396567876 -0.043603454979718403 0.31663359788359807 -0.058891517828195898
decision_type=10 10 10 8 10 2 10 10 8 10 10 10 10 10 10 10 2 10 10 10 10 10 2 10 10 10 10 10 2 10
left_child=3 2 -2 8 -5 -6 -7 -8 20 13 11 -11 -13 15 -15 16 -10 -17 -12 -16 21 22 -1 -24 26 -26 -23 28 -22 -30
right_child=1 -3 -4 4 5 6 7 -9 9 10 18 12 -14 14 19 17 -18 -19 -20 -21 27 24 23 -25 25 -27 -28 -29 29 -31
leaf_value=0 0 0 -0.00023864865246531384 0 0 0 0 0.00023450894651480853 0 0 0 -0.00017441791802263445 0 0 0 -8.3360454798937273e-07 -0.00016345199703477362 8.3877388581905541e-05 0.00011122048139560991 0.00026796221178629988 5.2047150316075354e-05 -0.00010025338063307076 0 0.00015596875927135061 0 0.00012787302997867753 0 -6.7689376852466754e-06 1.765335396980892e-05 -6.7762103118230107e-05
leaf_weight=140 21 143 41 335 134 80 21 92 160 40 106 218 116 41 21 72 91 126 50 37 603 152 30 169 34 91 78 4901 571 276
leaf_count=140 21 143 41 335 134 80 21 92 160 40 106 218 116 41 21 72 91 126 50 37 603 152 30 169 34 91 78 4901 571 276
internal_value=0 -3.62288e-05 -0.00014161 5.65013e-07 3.12888e-05 7.566e-05 0.000127196 0.000191241 -1.32371e-06 -2.37784e-05 -5.95948e-05 -0.000100127 -0.000123302 1.74365e-06 0.000104266 -9.74622e-06 -5.93145e-05 2.78487e-05 5.55046e-06 0.000188867 1.4028e-06 2.92404e-05 7.02625e-05 0.000121366 0 6.17137e-05 -4.88946e-05 -8.52276e-07 1.56971e-05 -4.282e-06
internal_weight=8990 205 62 8785 662 327 193 113 8123 1078 530 374 334 548 99 449 251 198 156 58 7045 694 339 199 355 125 230 6351 1450 847
internal_count=8990 205 62 8785 662 327 193 113 8123 1078 530 374 334 548 99 449 251 198 156 58 7045 694 339 199 355 125 230 6351 1450 847
is_linear=0
shrinkage=0.05


Tree=155
num_leaves=31
num_cat=0
split_feature=353 316 77 260 380 335 35 15 281 234 223 48 247 281 249 203 239 267 227 302 50 356 87 327 58 301 204 308 350 207
split_gain=0.000108323 0.000406417 0.000421362 0.000365654 0.000285881 0.000506704 0.000386817 0.000438248 0.000279321 0.000356549 0.000346894 0.00021925 0.000366788 0.000560398 0.000452192 0.000459407 0.000471778 0.00035484 0.000308112 0.00056929 0.00034952 0.000524265 0.000624646 0.000451723 0.000304199 0.000276923 0.000217043 0.000208004 0.00025472 0.000270968
threshold=0.17384541259759365 -0.028622125686890005 0.33614417989418005 0.9219003103432063 -0.01173723294835141 0.0071158894034126794 0.76355820105820082 0.87748015873015917 -1.0053070310623036 -1.8336126637581136 1.3662349712471222 1.5117874714062551 -0.51627462190680273 0.04734477292244707 2.6111771755459041 -1.0178566232201927 1.9846940574756562 -2.1386441209200253 -2.3271855308746558 0.0015388125416877509 -1.5118022612375797 0.020247864258137408 0.14715608465608451 -0.16317565636809703 1.1357854524229551 -0.00023015790160718638 -1.2424517161437925 -0.012195726562078455 -0.096823373514317801 -0.84966770727052365
decision_type=8 10 2 8 10 10 2 2 10 10 10 2 10 10 10 10 10 10 10 8 2 10 2 10 2 10 10 10 10 10
left_child=11 2 -2 8 5 6 -3 26 -4 -10 -11 18 17 -14 15 -15 -17 -13 19 25 21 22 -20 -24 -23 -1 -8 28 -6 -30
right_child=1 4 3 -5 27 -7 7 -9 9 10 -12 12 13 14 -16 16 -18 -19 20 -21 -22 24 23 -25 -26 -27 -28 -29 29 -31
leaf_value=-0.00030407574293735194 0 0 0 0 0 0 0 0 0 0.00020600126585523207 0 0.000184847100573624 0 0 0 -0.00022821867595584959 0 0 0 0 -3.1017548731362663e-07 -0.00015335402535231104 0 0.00023030331788792912 9.1239745037639887e-06 0 -0.00026142643560315862 0 0 0.00016462258293713233
leaf_weight=31 170 34 48 62 26 126 22 39 23 133 36 26 187 21 20 122 26 141 60 44 7038 32 33 92 67 21 66 149 24 71
leaf_count=31 170 34 48 62 26 126 22 39 23 133 36 26 187 21 20 122 26 141 60 44 7038 32 33 92 67 21 66 149 24 71
internal_value=0 1.49893e-05 5.09151e-05 8.68221e-05 -6.48272e-06 -4.74165e-05 -0.000108949 -0.000150512 0.000115291 0.000142296 0.000168148 -2.23002e-06 -3.28961e-05 -6.31528e-05 -0.000123859 -0.000154404 -0.000187019 5.3017e-06 0 -8.89317e-05 1.18255e-06 5.57615e-05 0.000108872 0.000173266 0 -0.000204708 -0.000212411 1.85181e-05 7.11259e-05 0.000114622
internal_weight=8990 1029 472 302 557 287 161 127 240 192 169 7961 543 376 189 169 148 167 7418 96 7322 284 185 125 99 52 88 270 121 95
internal_count=8990 1029 472 302 557 287 161 127 240 192 169 7961 543 376 189 169 148 167 7418 96 7322 284 185 125 99 52 88 270 121 95
is_linear=0
shrinkage=0.05


Tree=156
num_leaves=31
num_cat=0
split_feature=237 237 297 19 235 385 377 255 336 64 364 381 221 360 316 349 370 281 259 350 301 250 326 65 378 333 64 198 89 265
split_gain=0.000105952 0.000340032 0.000652657 0.000782335 0.000318094 0.000397178 0.000320665 0.000402496 0.000739153 0.000448467 0.000389703 0.000339529 0.00040545 0.000294489 0.000288511 0.000285399 0.000364496 0.000275232 0.000271705 0.000261007 0.000283723 0.000698551 0.000430686 0.000395517 0.000350688 0.000411773 0.000526054 0.000281674 0.000266766 0.00046944
threshold=-0.55484624022628715 -0.33773344466834415 9.1027090026507565e-05 0.16378481501111153 -1.8650140137772737 0.36611805187532026 1.0000000180025095e-35 -0.89530700494126014 0.006283068783069252 -0.086667389529693134 -0.10318594224641954 0.9309812347566786 1.3326631976504866 -0.04960980621673771 0.0040992908864416798 0.091856036171080666 0.064768845207749018 0.26723068889130003 1.1433732901967919 0.30898207326834098 -0.0031436526769300639 0.73225205830949125 0.018787001034472731 -0.23475223350634147 0.70687151159373218 -0.031746031746031488 0.074888226738043573 0.81291068673841715 -0.31944930375887343 0.28612721742636654
decision_type=10 10 10 2 8 10 10 10 10 2 10 8 10 10 10 10 10 10 10 10 10 10 10 2 10 10 2 10 2 10
left_child=4 2 -2 -4 5 -1 11 8 9 10 -8 14 -13 -14 17 16 -16 -6 -19 20 21 28 23 -23 -22 -26 -27 -21 29 -3
right_child=1 19 3 -5 6 -7 7 -9 -10 -11 -12 12 13 -15 15 -17 -18 18 -20 27 24 22 -24 -25 25 26 -28 -29 -30 -31
leaf_value=0 0 -9.6843611535256144e-05 1.2985167620814808e-05 0.00022247832404520139 -1.2605520630880611e-05 0.00010531162615403357 0 -1.3997943677220413e-05 0 0 -0.00024677113246728889 0 0 -0.00016477037252297824 0.00018983327268215765 0 0 0.00011847764211509001 0 -8.1887923752610548e-05 1.4280940552139212e-06 0 0 0.00023864698545615355 6.8541767631604731e-05 -9.8713535577432028e-05 0 0 2.8349773753340651e-05 0
leaf_weight=215 316 164 215 90 469 118 33 805 55 32 103 165 43 85 73 43 26 92 23 200 4121 82 132 79 41 313 234 79 375 169
leaf_count=215 316 164 215 90 469 118 33 805 55 32 103 165 43 85 73 43 26 92 23 200 4121 82 132 79 41 313 234 79 375 169
internal_value=0 2.97112e-06 3.82442e-05 9.12435e-05 -9.31523e-06 3.08416e-05 -1.82915e-05 -3.80256e-05 -0.000102306 -0.000157746 -0.000197414 0 -4.37323e-05 -0.000110854 1.9925e-05 8.4288e-05 0.000131859 0 7.30102e-05 0 1.61573e-06 2.63114e-05 9.12297e-05 0.000147736 -2.57253e-06 -3.91084e-05 -5.63274e-05 -4.77967e-05 0 -3.31225e-05
internal_weight=8990 6610 621 305 2380 333 2047 1028 223 168 136 1019 293 128 726 142 99 584 115 5989 5710 1001 293 161 4709 588 547 279 708 333
internal_count=8990 6610 621 305 2380 333 2047 1028 223 168 136 1019 293 128 726 142 99 584 115 5989 5710 1001 293 161 4709 588 547 279 708 333
is_linear=0
shrinkage=0.05


Tree=157
num_leaves=31
num_cat=0
split_feature=321 18 86 378 386 381 358 75 197 354 356 59 206 374 352 241 321 27 20 275 70 330 76 90 211 349 219 339 89 31
split_gain=0.000106937 0.00043321 0.000556414 0.000487257 0.000438165 0.000438245 0.000432929 0.000339646 0.000408466 0.000536532 0.000606123 0.000316492 0.000242674 0.000467401 0.000647682 0.000424192 0.000493953 0.000438107 0.000430959 0.000397291 0.0005481 0.000346664 0.000373917 0.00037784 0.000558205 0.000977204 0.000372429 0.000392169 0.000388276 0.000339989
threshold=0.021111149028490265 0.27150647660186861 0.27083333333333354 0.0014150270568333292 0.010130659534573117 -0.53489044425293775 -0.016134040876729698 0.48578042328042309 -1.5053497043936801 0.010041516060110724 0.014571144962950757 -0.72296093520276583 1.4964110507305139 0.0026755880775580893 0.017765543123176911 0.88786354330085826 -0.0076249829857733811 0.62995213603247358 0.78995782825400462 1.0786163227231909 0.20667989417989405 0.11687696438311233 0.16527829381406803 0.4383267195767197 -0.60100564343028928 0.051680139502159071 1.0189479909155519 0.13952741293741541 -0.17123327341106998 0.62384259259259311
decision_type=10 2 2 10 10 10 10 2 10 10 10 2 8 8 10 10 10 2 2 10 2 10 2 2 10 10 10 10 2 2
left_child=12 2 4 6 -2 -6 -3 8 9 10 -4 -9 21 14 -14 18 -17 -18 -15 20 -16 22 26 -24 -25 -26 27 29 -29 -1
right_child=1 3 7 -5 5 -7 -8 11 -10 -11 -12 -13 13 15 19 16 17 -19 -20 -21 -22 -23 23 24 25 -27 -28 28 -30 -31
leaf_value=0 -3.5466638051884896e-06 0 -0.00034470974868808186 -1.3833644813023691e-06 0 -0.00032400527592113071 0.00018605476633099498 0.00013745042425602246 0 0 0 0 -4.3074791891241476e-06 0.00011451506785663804 0 0 -0.00033251240993628189 0 0 0 -0.00020616212371391614 -6.445346236983952e-05 1.004117285337429e-05 0 0.00017440985241886067 0 2.9413642864149885e-05 0.00017080923401342481 0 -3.0603448096679308e-05
leaf_weight=2518 108 39 38 116 21 44 74 53 213 60 26 187 552 151 64 171 23 26 221 36 128 153 1180 125 200 101 964 59 83 1256
leaf_count=2518 108 39 38 116 21 44 74 53 213 60 26 187 552 151 64 171 23 26 221 36 128 153 1180 125 200 101 964 59 83 1256
internal_value=0 -1.57532e-05 -3.76126e-05 3.39994e-05 -0.000118724 -0.000232992 0.000114499 -4.61271e-06 -4.3892e-05 -0.000116024 -0.000216767 2.97125e-05 1.74398e-06 -1.64471e-05 -4.34414e-05 1.06766e-05 -3.18939e-05 -0.000172367 4.92918e-05 -0.000116223 -0.000145635 6.25661e-06 8.69645e-06 2.97622e-05 7.26389e-05 0.000110007 7.38723e-07 -5.04396e-06 7.28238e-05 -9.30047e-06
internal_weight=8990 979 750 229 173 65 113 577 337 124 64 240 8011 1372 780 592 220 49 372 228 192 6639 6486 1606 426 301 4880 3916 142 3774
internal_count=8990 979 750 229 173 65 113 577 337 124 64 240 8011 1372 780 592 220 49 372 228 192 6639 6486 1606 426 301 4880 3916 142 3774
is_linear=0
shrinkage=0.05


Tree=158
num_leaves=31
num_cat=0
split_feature=244 351 203 371 19 348 325 56 226 254 16 218 315 352 351 246 199 294 254 349 241 289 344 273 346 352 53 62 215 344
split_gain=0.000111125 0.000280362 0.000334196 0.000436181 0.000395291 0.000184977 0.000178363 0.000439646 0.000339071 0.000213912 0.000443681 0.000247376 0.000226899 0.00050013 0.000367054 0.000465737 0.00032638 0.000479731 0.000427554 0.000390146 0.000328732 0.000571865 0.000463951 0.000305267 0.000558621 0.000386483 0.000164093 0.000155679 0.000145495 0.000172421
threshold=-1.9420039641850833 -0.014793950998168269 -0.5824124945849799 -0.85922462873223548 -0.34755136339842896 0.013832391519813582 -0.13158054216872603 0.69560185185185219 -0.47062886277040328 1.8238787657633087 -0.76674550746704184 1.4793981255045949 -0.036168454616081057 0.041586482042607405 -0.0080103856621603336 0.41368753836039218 0.96028597117965098 0.00033068783068800767 -0.57928163804691646 -0.14034223294572873 0.75617667604501959 -0.0011641448797944374 -0.02784050551610134 1.3862725614867879 0.10731414569609622 -0.031011656153758668 -0.59692921242081887 0.29877645502645506 -0.037041965645118725 -0.0054255869134210181
decision_type=10 10 10 10 2 10 10 2 10 10 2 10 10 10 10 10 10 10 10 10 10 10 10 10 10 10 2 2 10 10
left_child=1 28 -3 -4 -5 -6 7 8 -2 12 11 -11 13 23 26 -16 20 18 -18 -19 22 -22 -14 25 -25 -8 -15 -10 -1 -30
right_child=6 2 3 4 5 -7 9 -9 27 10 -12 -13 16 14 15 -17 17 19 -20 -21 21 -23 -24 24 -26 -27 -28 -29 29 -31
leaf_value=-6.5178866830653477e-06 0 0 0 0 -0.00030048093327109099 0 -1.3360896982302822e-05 0 0 -0.00031883882784560673 0 0 6.9776786910807109e-05 -2.2547254716694683e-05 -0.00015060828179346358 0 -5.8884480845265861e-05 0 2.0469853151372838e-05 -9.3227208485769915e-05 0 -9.4101933243008058e-05 3.5716294865655972e-06 0.00014155414080180761 0 3.9627027988556363e-05 5.9127497966970493e-05 0.00020879023338101141 0 0.00010110672908842211
leaf_weight=156 27 127 55 55 48 22 406 51 24 22 140 22 311 38 104 110 240 76 564 345 945 212 3589 163 33 827 113 64 24 77
leaf_count=156 27 127 55 55 48 22 406 51 24 22 140 22 311 38 104 110 240 76 564 345 945 212 3589 163 33 827 113 64 24 77
internal_value=0 -2.16896e-05 -5.60933e-05 -0.000100021 -0.00015205 -0.000235278 1.21499e-06 5.25306e-05 0.000116324 0 -5.30956e-05 -0.000192148 1.3976e-06 1.74613e-05 -2.78828e-05 -7.47701e-05 -2.39413e-06 -2.59452e-05 0 -6.93288e-05 2.32254e-06 -1.96882e-05 1.01347e-05 3.25431e-05 9.76933e-05 1.81248e-05 5.4816e-06 0.000165227 0 5.94324e-05
internal_weight=8990 564 307 180 125 70 8426 166 115 8260 184 44 8076 1794 365 214 6282 1225 804 421 5057 1157 3900 1429 196 1233 151 88 257 101
internal_count=8990 564 307 180 125 70 8426 166 115 8260 184 44 8076 1794 365 214 6282 1225 804 421 5057 1157 3900 1429 196 1233 151 88 257 101
is_linear=0
shrinkage=0.05


Tree=159
num_leaves=31
num_cat=0
split_feature=73 275 254 66 323 92 14 362 232 384 384 93 348 349 254 342 91 378 275 245 276 62 92 49 344 292 276 336 245 313
split_gain=0.000110915 0.00041708 0.000653489 0.000802428 0.000642568 0.000576734 0.000645707 0.00058232 0.000562327 0.000694111 0.000584282 0.000689842 0.000524058 0.000512877 0.000692426 0.000644289 0.000798306 0.000490736 0.000441165 0.000513234 0.000427149 0.000422865 0.000411517 0.000400241 0.00037738 0.000437276 0.000381911 0.000405218 0.000361833 0.000344365
threshold=-0.27558098468965847 0.29040139500085099 -0.8604789238005488 -0.92200487280130095 -0.42135407487466953 0.47106481481481505 0.0051256613756613008 0.027447089947090154 -0.93804807830296733 -0.66906385738837559 0.047154790421991687 1.1639131419901152 0.005198148540022208 -0.36811637261587876 0.62863162979052178 -0.0026525226155583131 0.31312708830616359 -0.35534141000961061 0.88614558794192833 0.099682842123087242 -0.72116786059377913 0.7084986772486771 0.64252645502645511 0.22752018946254252 0.062566419910917243 -0.00033068783068780015 -1.0820666449968723 0.0082671957671960217 0.42301449989176493 -0.0020960423218056852
decision_type=2 10 10 2 10 2 2 10 10 10 10 2 10 10 10 10 2 10 10 10 10 2 2 2 10 10 10 10 10 10
left_child=1 2 3 5 -5 7 29 -1 12 -10 11 28 18 23 15 -15 -17 22 -3 -20 -19 -9 -16 -4 -2 26 -26 -28 -11 -7
right_child=24 8 13 4 -6 6 -8 21 9 10 -12 -13 -14 14 17 16 -18 20 19 -21 -22 -23 -24 -25 25 -27 27 -29 -30 -31
leaf_value=0 -6.9357187298371457e-07 0 0 0 -0.00023677452917622322 -0.00022639662847301107 0 0.00021545743954618976 -2.8578478081759622e-05 0.00011757352422995141 8.4395500716381312e-06 0.00035285218264863359 2.7906069646432773e-05 0 -0.0001437872487002411 0 0.00017120282822580819 -4.3653708961889484e-05 -0.0002556273781928133 0 5.8374274213140957e-05 0 0 -0.00027246171536309455 0 0 -0.0002492241061914469 0 0 0
leaf_weight=104 5874 60 20 24 92 71 59 60 124 214 324 42 137 314 116 202 193 164 56 25 222 20 42 26 45 98 66 41 133 22
leaf_count=104 5874 60 20 24 92 71 59 60 124 214 324 42 137 314 116 202 193 164 56 25 222 20 42 26 45 98 66 41 133 22
internal_value=0 7.77556e-06 -5.05594e-06 -5.86488e-05 -0.000175033 -3.55181e-06 -8.76713e-05 3.8789e-05 3.24087e-05 5.46547e-05 7.61437e-05 0.000119668 -1.65857e-05 9.74648e-06 1.93391e-05 5.38119e-05 9.63005e-05 -1.64018e-05 -9.52403e-05 -0.000171409 2.07551e-06 0.000147081 -9.31408e-05 -0.000142563 -4.12105e-06 -6.46286e-05 -0.000118555 -0.000169929 7.69453e-05 -0.000172906
internal_weight=8990 2866 1751 452 116 336 152 184 1115 837 713 389 278 1299 1253 709 395 544 141 81 386 80 158 46 6124 250 152 107 347 93
internal_count=8990 2866 1751 452 116 336 152 184 1115 837 713 389 278 1299 1253 709 395 544 141 81 386 80 158 46 6124 250 152 107 347 93
is_linear=0
shrinkage=0.05


Tree=160
num_leaves=31
num_cat=0
split_feature=258 259 329 310 207 72 73 386 65 50 202 338 282 363 41 73 207 213 202 66 369 30 318 300 311 69 354 279 217 319
split_gain=0.000107364 0.000337785 0.000315263 0.000472825 0.000350977 0.000557436 0.00026652 0.000294248 0.000281789 0.00066251 0.000739354 0.000530082 0.000514534 0.000825867 0.000462796 0.000355891 0.000476913 0.000473928 0.000403434 0.000505642 0.000263874 0.000262057 0.000226772 0.000350211 0.000326139 0.000315679 0.000435229 0.000285904 0.000221832 0.000273432
threshold=-0.64098535524856703 -0.67140826088587235 -0.020212713219960234 -0.00062215478849639999 -0.93356379665570977 -0.30236236574496644 1.3532257264095751 -0.013202211990168187 -0.16646440797434423 -0.26209601580687741 -0.9683192254972709 -0.05084325396825367 -0.0034638676295301036 -0.0005497526667087026 1.5904707919250802 -1.6594057954440098 1.1481844232287495 0.44322873740842222 -0.58614693483808666 1.6141552282955451 0.016187747603710893 -0.75161444502213681 -0.1582775650781362 0.056476001387153703 -0.00033068783068697366 -0.059569518477111005 -0.042748848747871319 0.028228479004201796 -1.297324214253597 -0.0037806366591308645
decision_type=10 10 10 10 10 2 2 10 2 2 10 10 10 10 2 2 10 10 10 2 10 2 10 10 10 2 10 10 8 8
left_child=1 28 -3 4 -4 -6 8 -8 9 10 -2 -12 13 20 -13 18 21 -18 -14 -20 -10 -17 25 24 -24 26 -11 -25 -1 -30
right_child=6 2 3 -5 5 -7 7 -9 12 22 11 14 15 -15 -16 16 17 -19 19 -21 -22 -23 23 27 -26 -27 -28 -29 29 -31
leaf_value=3.0743422015693855e-05 -4.5219506738419298e-06 0 0 0 0 -0.00035943503546389161 0 -6.0801211723132756e-05 -0.00029884745326732594 0 0 0.00012729403103329767 0 0 0 -4.4492261987236991e-06 -9.6829699899237786e-05 0 0.00016138541634471007 0 0 2.8200704713950095e-05 0 0 6.2021096902945284e-05 5.2927843341476519e-06 -8.7037510840868223e-05 -9.134437188119466e-05 -4.4399201764565721e-05 0
leaf_weight=392 197 76 20 135 23 41 253 327 45 138 48 426 122 62 106 1720 252 343 120 46 25 841 608 200 479 355 279 106 440 765
leaf_count=392 197 76 20 135 23 41 253 327 45 138 48 426 122 62 106 1720 252 343 120 46 25 841 608 200 479 355 279 106 440 765
internal_value=0 -1.0884e-05 -6.01761e-05 -9.2057e-05 -0.000190088 -0.000247176 2.49732e-06 -2.85729e-05 6.02957e-06 1.7724e-05 5.7596e-05 8.73111e-05 -2.19361e-06 -9.93362e-05 0.00010393 8.06463e-08 -3.3016e-06 -4.45079e-05 5.44878e-05 0.000105933 -0.000219199 4.32099e-06 1.10295e-06 1.52164e-05 3.07447e-05 -1.78862e-05 -4.9603e-05 -2.36021e-05 0 -1.2356e-05
internal_weight=8990 1892 295 219 84 64 7098 580 6518 2942 777 580 3576 132 532 3444 3156 595 288 166 70 2561 2165 1393 1087 772 417 306 1597 1205
internal_count=8990 1892 295 219 84 64 7098 580 6518 2942 777 580 3576 132 532 3444 3156 595 288 166 70 2561 2165 1393 1087 772 417 306 1597 1205
is_linear=0
shrinkage=0.05


Tree=161
num_leaves=31
num_cat=0
split_feature=336 329 43 384 39 49 362 17 379 250 300 380 205 371 318 384 73 379 64 27 17 355 252 197 250 77 85 264 343 316
split_gain=0.000105615 0.000241189 0.0002119 0.000316704 0.00022538 0.000178641 0.000145962 0.000359523 0.000211629 0.000531582 0.000625868 0.000410706 0.000514356 0.000267826 0.000347368 0.000317216 0.000247993 0.000516084 0.000566024 0.000477751 0.000390087 0.000304913 0.000248693 0.000470111 0.000621812 0.000390273 0.000383778 0.00035602 0.000257792 0.000195166
threshold=-0.043650793650793961 -0.023298241847164534 -0.75734930271927492 0.089894309106356055 1.1035922037106702 0.12399355584785152 0.2615740740740739 -0.89016838486410688 0.73115608710887303 1.0000000180025095e-35 -0.027835817147150218 -0.15173235670248816 -1.9598444120166967 -0.12111685690666099 -0.15856760752127391 0.21837032237380974 -1.9090376702397247 0.0052067899417188044 -0.83826510728275139 -1.2670179356989948 -0.99392901731605543 -0.043673119908898876 -0.81098905979256564 -1.724993803328567 0.59377117514522404 0.23627645502645503 -0.15968345051590446 1.2300903879268723 0.00033068783068745949 -0.036689463509376234
decision_type=8 10 2 10 2 2 8 2 10 10 10 10 10 10 10 10 2 10 2 2 2 10 10 8 10 2 2 10 10 10
left_child=1 -1 3 4 5 -3 8 -8 16 10 -10 -12 -13 14 -11 29 17 20 19 -19 -2 -22 23 24 -18 28 -27 -25 -24 -15
right_child=6 2 -4 -5 -6 -7 7 -9 9 13 11 12 -14 15 -16 -17 22 18 -20 -21 21 -23 25 27 -26 26 -28 -29 -30 -31
leaf_value=0 -0.00018379667015532307 -0.00025774299276251107 0 0 0 0 0.00011856767528171117 0 0 0 0 0 -0.00024665116376536923 0 -0.00011180836457273208 0 -0.00017660207594558108 0 0 0.00028674665016811785 -2.1942832649478474e-05 9.9905132205235867e-05 -4.3524672335751782e-05 -2.4839435523493467e-05 0 0 2.9883802501381209e-05 3.6168715776807451e-05 0 0.00017390497093330666
leaf_weight=70 27 48 74 40 22 22 90 290 63 38 46 22 94 30 80 47 104 23 40 55 26 81 625 835 59 3570 1657 302 450 60
leaf_count=70 27 48 74 40 22 22 90 290 63 38 46 22 94 30 80 47 104 23 40 55 26 81 625 835 59 3570 1657 302 450 60
internal_value=0 -3.07352e-05 -6.47389e-05 -0.000102709 -0.000154037 -0.00019802 6.07836e-07 3.11088e-05 -1.83308e-07 -3.28619e-05 -9.0593e-05 -0.000145084 -0.000195533 0 -3.35481e-05 6.25641e-05 1.17764e-06 5.00248e-05 0.000127541 0.000206679 0 2.3619e-05 0 -2.03291e-05 -0.000101858 3.66035e-06 9.97801e-06 -4.23608e-06 -2.24055e-05 0.000121482
internal_weight=8990 276 206 132 92 70 8714 380 8334 480 225 162 116 255 118 137 7854 252 118 78 134 107 7602 1300 163 6302 5227 1137 1075 90
internal_count=8990 276 206 132 92 70 8714 380 8334 480 225 162 116 255 118 137 7854 252 118 78 134 107 7602 1300 163 6302 5227 1137 1075 90
is_linear=0
shrinkage=0.05


Tree=162
num_leaves=31
num_cat=0
split_feature=228 205 229 91 327 266 76 19 313 378 283 265 273 332 205 325 236 52 375 321 197 19 9 313 32 332 63 64 351 253
split_gain=0.000104387 0.000423763 0.000292033 0.000499933 0.00077839 0.000491203 0.00044919 0.000240114 0.000278423 0.000227219 0.000294853 0.000260802 0.000227725 0.000262361 0.000224598 0.000210924 0.000247592 0.000216016 0.000527283 0.000611197 0.000538587 0.000343231 0.000340753 0.000444345 0.000358659 0.000284426 0.000677827 0.00056282 0.000557598 0.000300362
threshold=-0.87407435211986473 1.2472809064924193 -1.3666710342892199 -0.57822804894252688 -0.037543683599826787 1.4212882292197755 1.1523351983899401 0.11432511246312851 -0.0057892311267752064 0.005646407306849067 -0.0035068627564681649 0.69667496323633604 -1.0750025648937744 0.029488070362220679 2.3650325318394283 -0.2136708859064306 1.0000000180025095e-35 -0.33324619342802847 -0.0081066112709127763 0.021111149028490265 1.7640802986143023 -0.77933379236553091 1.6602147637417504 -0.023780499638220511 0.46221891534391407 0.0085709653503980038 0.59705687830687804 -0.07797181803661514 0.037067463308290367 -1.0000000180025095e-35
decision_type=10 10 10 2 10 10 2 2 10 10 10 10 10 10 10 10 10 2 10 10 10 2 2 10 2 10 2 2 10 10
left_child=1 2 7 -4 5 6 -5 -1 -9 11 -11 12 -3 14 -14 16 -2 18 22 20 21 -20 -17 -24 -25 29 -27 28 -28 -19
right_child=15 9 3 4 -6 -7 -8 8 -10 10 -12 -13 13 -15 -16 17 -18 25 19 -21 -22 -23 23 24 -26 26 27 -29 -30 -31
leaf_value=-1.4691745435763347e-05 0.00017466652251551073 0 -1.2966947455675979e-06 -0.00016971930776291772 0 0 0 0.00012263520913237064 0 -0.00014097079386146401 3.4281410768104716e-08 0 0.00012328225334774627 0 0 9.4172380942362702e-06 0 2.0549416189696434e-05 0 -1.2764423693993681e-05 0 0.00015182112643506441 0 0 -0.00023223563807090418 1.6970915787500699e-06 -0.00017254604994135195 0 0 -5.1222798272133734e-06
leaf_weight=355 39 65 643 253 177 51 26 81 73 37 291 121 214 23 22 219 20 1646 29 83 81 241 32 29 53 455 174 109 84 3264
leaf_count=355 39 65 643 253 177 51 26 81 73 37 291 121 214 23 22 219 20 1646 29 83 81 241 32 29 53 455 174 109 84 3264
internal_value=0 -9.12796e-06 -2.473e-05 -3.89492e-05 -7.68321e-05 -0.000122326 -0.000148653 0 5.82927e-05 1.78883e-05 -6.7064e-07 4.27983e-05 6.72851e-05 8.86583e-05 0.00010679 2.98222e-06 9.85426e-05 1.34385e-06 2.66292e-05 6.50743e-05 9.772e-05 0.000131901 -8.47046e-06 -8.6633e-05 -0.000154794 -1.16771e-06 -2.89505e-05 -8.05572e-05 -0.000121168 2.46569e-06
internal_weight=8990 2432 1659 1150 507 330 279 509 154 773 328 445 324 259 236 6558 59 6499 767 434 351 270 333 114 82 5732 822 367 258 4910
internal_count=8990 2432 1659 1150 507 330 279 509 154 773 328 445 324 259 236 6558 59 6499 767 434 351 270 333 114 82 5732 822 367 258 4910
is_linear=0
shrinkage=0.05


Tree=163
num_leaves=31
num_cat=0
split_feature=73 275 254 232 19 49 371 15 348 382 329 65 61 256 351 260 341 315 340 54 356 341 351 360 374 275 209 344 292 276
split_gain=0.000103895 0.000393965 0.000581306 0.000511119 0.000612081 0.00060532 0.000820679 0.000513407 0.000475441 0.000465067 0.000808591 0.000578043 0.000742377 0.000435592 0.000537245 0.000421514 0.000470972 0.000521527 0.000788907 0.000446845 0.000503821 0.00049777 0.000420284 0.000465557 0.000407337 0.000363187 0.000361567 0.000346916 0.000397996 0.000336753
threshold=-0.27558098468965847 0.29040139500085099 -0.8604789238005488 -0.93804807830296733 0.86315293268756921 -0.35034270265794648 2.4471551698243377 0.46015211640211606 -0.0017313563486860415 0.12720981420759764 -0.025438478901795066 -0.12712230326223398 0.77507681037628862 0.026099345706906998 0.25343211075331101 -0.26372189603360813 0.0072751322751329972 -0.0049161101548791377 -0.00055361667153991368 0.60400132275132312 -0.012769644010826474 -0.0039682539682539325 0.36580955152827055 0.067243247095737077 0.12749427349756451 0.88614558794192833 0.22849121559102167 0.062566419910917243 -0.00033068783068780015 -1.0820666449968723
decision_type=2 10 10 10 2 2 10 2 10 10 10 2 2 10 10 10 10 10 10 2 10 8 10 10 10 10 10 10 10 10
left_child=1 2 9 8 26 -6 7 -7 13 10 -1 -12 -13 14 25 16 17 18 -4 22 21 -21 23 -17 -22 -3 -5 -2 29 -29
right_child=27 3 15 4 5 6 -8 -9 -10 -11 11 12 -14 -15 -16 19 -18 -19 -20 20 24 -23 -24 -25 -26 -27 -28 28 -30 -31
leaf_value=0 -6.5458509112832853e-07 0 0 6.1959971976544519e-05 0 0.00030790947022425551 0 0 2.0968871133491236e-05 0 0 -0.00029733017645606423 0 0 0 9.8019989412090477e-05 5.7227030958586714e-05 0 -0.00018016324184551828 0 -9.6381722397773814e-05 0.0001597404544884959 -6.3525281326848792e-06 0 0 -0.00031310797393359368 -2.3618725681360045e-06 0 0 -0.00016164680421945336
leaf_weight=54 5874 29 63 302 55 89 24 23 152 213 68 89 28 30 21 429 60 80 142 27 190 69 79 103 57 46 344 45 98 107
leaf_count=54 5874 29 63 302 55 89 24 23 152 213 68 89 28 30 21 429 60 80 142 27 190 69 79 103 57 46 344 45 98 107
internal_value=0 7.53887e-06 -4.86394e-06 3.14989e-05 5.27182e-05 0.000137232 0.000193809 0.000252797 -1.44048e-05 -5.54826e-05 -0.00010336 -0.000157229 -0.000226754 -9.67116e-05 -0.000153638 8.90344e-06 -3.21049e-05 -6.84629e-05 -0.000113457 2.89759e-05 -4.4608e-06 7.34748e-05 5.5926e-05 7.45703e-05 -5.50038e-05 -0.000219293 1.99743e-05 -3.97661e-06 -6.20075e-05 -0.000113419
internal_weight=8990 2866 1751 1115 837 191 136 112 278 452 239 185 117 126 96 1299 345 285 205 954 343 96 611 532 247 75 646 6124 250 152
internal_count=8990 2866 1751 1115 837 191 136 112 278 452 239 185 117 126 96 1299 345 285 205 954 343 96 611 532 247 75 646 6124 250 152
is_linear=0
shrinkage=0.05


Tree=164
num_leaves=31
num_cat=0
split_feature=347 357 59 227 354 14 295 275 36 341 227 279 211 18 20 13 348 320 60 337 378 348 91 352 26 333 369 277 58 261
split_gain=0.000108007 0.000390571 0.000624601 0.00051901 0.000440245 0.000459333 0.000465479 0.000435967 0.000562032 0.000424699 0.000397104 0.000503105 0.000384523 0.000533181 0.000417458 0.000337822 0.000311065 0.000313058 0.000306397 0.000512305 0.000319265 0.000308633 0.000510507 0.000450061 0.000472402 0.000385149 0.000590677 0.000439427 0.000538606 0.00030079
threshold=-0.0042059761560849776 -0.00066137566137601511 0.25570348210719956 -1.1035651862720168 -0.21364867168870691 0.0014880952380952001 -0.025912376923373791 0.36199693337819822 0.58647486772486801 -0.0019841269841270599 -0.36436332503926527 0.17295773396117128 -0.37581827402645046 -1.0640613029472299 1.6102219481991202 0.016286375661375505 0.13403853690279735 -0.01634900641945591 0.035879629629629602 0.010233903597364093 -0.38305897381241105 0.1240245145170293 0.43763843921153528 0.029479411569015141 0.11461137708651752 0.0019841269841270053 0.13048498540013853 1.3222798466980972 -0.72626611053850898 0.74816211377611286
decision_type=8 10 2 10 10 2 10 10 2 10 10 10 10 2 2 2 10 10 2 10 10 8 2 10 2 10 10 10 2 10
left_child=1 2 3 7 -5 -6 -7 -1 -9 12 -11 -12 -3 -14 15 -15 17 -13 19 20 -2 25 -23 24 -24 -20 27 28 -27 -26
right_child=18 9 -4 4 5 6 -8 8 -10 10 11 16 13 14 -16 -17 -18 -19 21 -21 -22 22 23 -25 29 26 -28 -29 -30 -31
leaf_value=-4.8084530342055003e-05 0 1.1739973315666291e-05 1.9383164548728153e-05 0 0 0 -0.00012974820534423056 0.00026065188260677969 0 0 8.99775881980139e-07 0 5.1545948093631837e-05 -0.00014175314306278034 0 0 0 0.00018010172862947143 7.0419677635678684e-06 0 -0.00016264773240079423 3.9945855576434315e-06 0 0 0.00023867665961111934 1.3026214840459205e-05 1.8882794823574738e-05 3.4288182140137471e-07 -9.8834123384879783e-05 0
leaf_weight=77 20 290 269 65 86 33 435 34 38 329 309 24 49 214 140 29 41 142 4385 59 102 724 27 86 93 44 272 84 467 23
leaf_count=77 20 290 269 65 86 33 435 34 38 329 309 24 49 214 140 29 41 142 4385 59 102 724 27 86 93 44 272 84 467 23
internal_value=0 -8.86717e-06 -3.33598e-05 -5.83433e-05 -7.94921e-05 -9.51134e-05 -0.000114725 0 0.000112447 4.15192e-06 3.07417e-05 5.89159e-05 -2.00435e-05 -5.29487e-05 -7.93789e-05 -0.000119259 0.000121334 0.000151783 3.19684e-06 -5.86078e-05 -0.000124836 5.80639e-06 3.20781e-05 9.9001e-05 0.000153474 8.67491e-08 -2.93209e-05 -5.97582e-05 -7.94188e-05 0.000198001
internal_weight=8990 2604 1037 768 619 554 468 149 72 1567 845 516 722 432 383 243 207 166 6386 181 122 6205 953 229 143 5252 867 595 511 116
internal_count=8990 2604 1037 768 619 554 468 149 72 1567 845 516 722 432 383 243 207 166 6386 181 122 6205 953 229 143 5252 867 595 511 116
is_linear=0
shrinkage=0.05


Tree=165
num_leaves=31
num_cat=0
split_feature=35 31 55 348 236 234 378 34 11 247 77 369 367 91 283 208 208 336 209 359 62 77 219 375 326 221 76 202 198 386
split_gain=0.000107043 0.000238424 0.000415548 0.000432325 0.000438472 0.000333875 0.000244291 0.000374799 0.000304496 0.000364559 0.000232998 0.000228813 0.000239617 0.00034612 0.000426844 0.000224895 0.00076773 0.000493329 0.000552964 0.000387628 0.000930014 0.000642638 0.000792091 0.000440708 0.000385482 0.00031714 0.000409449 0.000517011 0.000435449 0.000266417
threshold=0.99222883597883615 0.97007275132275106 -0.18349174120871894 -0.042084459513779919 0.11042804559376197 2.0666771719166488 0.32282887664690313 0.6160714285714286 0.26248346560846569 -0.37636353475618267 0.72569444444444464 0.0016228373340450022 -0.39732142857142844 -0.83564591001628796 -0.0015304043485191707 -1.2900630152703891 -1.5364877520299254 -0.01653439153439101 1.5288608521705289 -0.0029083608562252557 0.36259920634920606 0.41567460317460309 -0.56843846174855306 0.19763431061406569 -0.15171997475318333 1.9709580713890347 0.022608672716635806 -0.74080133508990686 1.4971945562693469 0.11095488073843586
decision_type=2 2 2 10 10 10 10 2 2 10 2 10 10 2 10 8 10 10 10 10 2 2 10 10 10 10 2 10 10 10
left_child=1 15 10 4 5 -4 8 -8 -5 -10 -3 12 -2 -14 -15 16 19 -18 24 20 23 29 -23 -1 -19 -17 -27 -28 -29 -21
right_child=11 2 3 6 -6 -7 7 -9 9 -11 -12 -13 13 14 -16 25 17 18 -20 21 -22 22 -24 -25 -26 26 27 28 -30 -31
leaf_value=0.00015384630959911213 0 -1.7178961130858478e-05 -0.00019876600799307591 5.6678506579575707e-05 0 0 0 -0.0001614039884582117 -0.00011066896466956475 0 5.4509296983166503e-05 0 0 0 0.00015860571516577591 0 0 0 0 -5.9570920393678695e-06 -5.9942621438162542e-06 0 -0.00015961403260621307 0 0.00024780752912367137 0 0 -0.00019106272425096241 0 7.7450174787121922e-05
leaf_weight=170 78 180 116 158 20 20 26 62 95 79 181 332 135 50 133 5589 28 46 36 208 304 89 154 34 98 250 70 116 20 113
leaf_count=170 78 180 116 158 20 20 26 62 95 79 181 332 135 50 133 5589 28 46 36 208 304 89 154 34 98 250 70 116 20 113
internal_value=0 -1.66326e-06 -2.56206e-05 -5.344e-05 -0.000130441 -0.00016604 -1.29137e-05 -8.79057e-05 0 -3.81471e-05 4.92302e-06 1.83344e-05 4.54099e-05 6.67149e-05 0.000111617 7.1905e-07 2.02596e-05 0.000108388 0.000142907 0 3.46537e-05 -2.52238e-05 -8.94639e-05 0.000119698 0.000187397 -2.59172e-06 -4.27475e-05 -9.4924e-05 -0.000152124 7.84785e-06
internal_weight=8990 8262 937 576 156 136 420 88 332 174 361 728 396 318 183 7325 1280 208 180 1072 508 564 243 204 144 6045 456 206 136 321
internal_count=8990 8262 937 576 156 136 420 88 332 174 361 728 396 318 183 7325 1280 208 180 1072 508 564 243 204 144 6045 456 206 136 321
is_linear=0
shrinkage=0.05


Tree=166
num_leaves=31
num_cat=0
split_feature=50 279 288 80 384 336 331 246 290 59 34 322 255 343 232 32 299 213 283 65 325 349 252 238 383 213 351 241 364 207
split_gain=9.9588e-05 0.000362796 0.000594603 0.000595431 0.000486698 0.000541017 0.000424427 0.00026463 0.000196636 0.000297097 0.000211955 0.000190905 0.000177307 0.000628883 0.000757454 0.000807735 0.00063325 0.000583949 0.000343008 0.000797817 0.00123406 0.00120405 0.000351591 0.000302356 0.000503079 0.000391545 0.000262863 0.000260649 0.000352373 0.000349129
threshold=1.1240699184160701 0.52851908878386922 -0.00033068783068780069 0.10995370370370401 -0.94508618864868177 -0.0049603174603168867 0.0066820949548085382 -1.8409523575996485 -0.00033068783068780069 -0.77783766664779497 0.73247354497354511 -0.0038292153355882759 -1.2458135914647845 0.00066137566137498837 0.96604989453114531 0.37251984126984106 -0.51488938880278623 0.78010826097228558 -0.0014531760068149378 -0.22023138376874848 -0.0048677726093958032 0.0048724399776405589 -0.058809543719672792 -0.2787705688963063 -0.38637782686266814 -0.98333627438533677 -0.01244886104524767 0.92536847082684826 0.030037230457593381 0.65427843125593943
decision_type=2 10 10 2 10 10 10 10 10 2 2 10 8 10 10 2 10 10 10 2 10 10 10 10 8 10 10 10 10 10
left_child=12 8 7 -4 -5 -6 -7 11 10 -10 -2 -3 13 18 15 16 -15 -18 19 22 -21 -22 -1 24 -20 -26 -16 29 -29 -17
right_child=1 2 3 4 5 6 -8 -9 9 -11 -12 -13 -14 14 26 27 17 -19 23 20 21 -23 -24 -25 25 -27 -28 28 -30 -31
leaf_value=8.8070446204826901e-05 0 0 0 0 0 -0.00033467677984991176 0 -3.2731872656643753e-05 0.00010116869765431029 0 -0.00012512057003808785 0.00017234781444433255 -1.781456930051452e-06 0 1.1777224025402229e-05 0 0.00026231235721138146 0 -3.7531629556562586e-05 0 0 -0.00036231671428223232 -2.1481436319794307e-05 -9.0750357362609035e-06 0 0.00010972251688219665 -8.1686241174985219e-05 -0.00017259007861258739 0 0.00011309270954309619
leaf_weight=109 78 23 64 20 29 69 21 62 105 216 44 36 6324 38 101 132 129 51 60 103 74 67 115 344 59 250 99 34 21 113
leaf_count=109 78 23 64 20 29 69 21 62 105 216 44 36 6324 38 101 132 129 51 60 103 74 67 115 344 59 250 99 34 21 113
internal_value=0 -1.72871e-05 -5.91608e-05 -0.000113597 -0.000171881 -0.000211472 -0.00027226 0 2.06071e-06 3.22019e-05 -3.62565e-05 0.000100341 1.54888e-06 1.52718e-05 5.28027e-05 8.65124e-05 0.000163637 0.00020302 -3.31465e-06 -3.97328e-05 -0.000105428 -0.000202716 9.53134e-06 1.35801e-05 4.82436e-05 8.10817e-05 -9.51739e-06 1.37715e-05 -4.94645e-05 4.83815e-05
internal_weight=8990 767 324 203 139 119 90 121 443 321 122 59 8223 1899 718 518 218 180 1181 468 244 141 224 713 369 309 200 300 55 245
internal_count=8990 767 324 203 139 119 90 121 443 321 122 59 8223 1899 718 518 218 180 1181 468 244 141 224 713 369 309 200 300 55 245
is_linear=0
shrinkage=0.05


Tree=167
num_leaves=31
num_cat=0
split_feature=322 365 380 80 230 349 382 322 365 13 354 295 294 355 283 321 72 250 29 303 347 24 365 206 301 347 71 349 252 73
split_gain=9.99381e-05 0.000425117 0.000664688 0.000549943 0.000505817 0.000438654 0.000380629 0.00049795 0.000539738 0.00053906 0.000493631 0.000441121 0.000401433 0.000477784 0.000470369 0.000424459 0.000486919 0.000384594 0.000582371 0.000520885 0.000330328 0.000249541 0.000238247 0.000207662 0.000328138 0.000369365 0.000453105 0.000596456 0.000424011 0.000326155
threshold=0.0085003002635277731 -0.40360449735449733 0.073818588953376355 0.14963624338624301 1.1359012601286771 0.15410639343998447 -1.2234193778677429 0.015624276175422004 0.48313492063492058 0.0014880952380952001 0.01333339248336868 -0.0028691484272996416 0.00033068783068800767 -0.051887056029306537 -0.00094033885789419197 0.021609219648314641 0.20210335955603051 -0.57558789970242807 0.9581679894179892 -0.00033068783068779993 0.0040199871445734678 0.98660714285714313 -0.77678571428571408 1.4964110507305139 0.019058374025357597 -0.015338585683979026 0.66435185185185208 0.0078014465262008512 0.87612857934727362 0.90950323320320858
decision_type=10 10 10 2 10 10 10 8 10 2 10 10 10 10 10 10 2 10 2 10 10 2 10 8 10 10 2 10 10 2
left_child=23 2 3 -2 5 22 7 8 9 -3 -11 17 13 -13 -15 20 -17 -8 19 -19 -14 -9 -5 24 25 26 27 -1 -29 -27
right_child=1 6 -4 4 -6 -7 11 21 -10 10 -12 12 15 14 -16 16 -18 18 -20 -21 -22 -23 -24 -25 -26 29 -28 28 -30 -31
leaf_value=0 0 0 8.5788463992437356e-06 0 0 0 2.2120365273311037e-05 -1.0565329903494525e-05 0 -0.00024718853704988039 0 0 6.3309813069684889e-05 0.00012536722543372299 0 -0.00015830273065545501 0 -0.00018615369680798272 1.3653378438101489e-06 0 -1.4248061150495606e-05 0.00011704950571633545 -0.00026761924570612268 -1.3611173358182175e-05 6.9611179665965273e-05 2.1610047460591868e-05 3.0723972642810169e-05 -0.0001395600028934701 0 -3.7957224055055086e-06
leaf_weight=276 76 20 117 20 50 24 99 176 63 96 46 145 261 283 124 81 39 114 58 70 125 44 101 1317 218 2705 144 210 44 1844
leaf_count=276 76 20 117 20 50 24 99 176 63 96 46 145 261 283 124 81 39 114 58 70 125 44 101 1317 218 2705 144 210 44 1844
internal_value=0 -9.3044e-06 -5.6889e-05 -0.00010359 -0.000148182 -0.000195549 0 -3.95427e-05 -9.28555e-05 -0.000142469 -0.00018066 1.35163e-05 3.18817e-05 6.13659e-05 8.96723e-05 0 -8.23797e-05 -2.87991e-05 -7.02829e-05 -0.000120015 2.52467e-05 0 -0.000234251 2.89418e-06 7.80843e-06 4.27031e-06 -2.84133e-05 -5.39157e-05 -0.000109237 1.02125e-05
internal_weight=8990 2232 388 271 195 145 1844 445 225 162 142 1399 1058 552 407 506 120 341 242 184 386 220 121 6758 5441 5223 674 530 254 4549
internal_count=8990 2232 388 271 195 145 1844 445 225 162 142 1399 1058 552 407 506 120 341 242 184 386 220 121 6758 5441 5223 674 530 254 4549
is_linear=0
shrinkage=0.05


Tree=168
num_leaves=31
num_cat=0
split_feature=354 292 274 203 350 348 239 63 377 328 357 214 62 264 264 247 250 40 340 228 221 264 284 76 361 49 385 377 208 260
split_gain=9.88117e-05 0.000318168 0.0002467 0.000182264 0.000175299 0.000430412 0.000361464 0.000276125 0.000244563 0.000190246 0.000358431 0.000404788 0.000483248 0.000291481 0.000731653 0.000541347 0.000721439 0.000483609 0.000492922 0.000351544 0.000323232 0.000388893 0.000621648 0.000412354 0.00030754 0.000392675 0.00021915 0.000414764 0.000230094 0.000186141
threshold=-0.25619668909058563 -0.0003306878306878987 0.12606240985759226 -1.2347214681093126 -0.30215018170403191 -0.040941318818334342 0.78520685098572063 0.29877645502645506 -0.041912212001124639 -0.025846815846453982 -0.0099206349206350641 -0.14213808475063519 0.75942460317460314 1.1688056133231148 1.7880828836084757 0.29380813744880535 -0.75681396101609255 -0.30727938762958246 0.010551802610935026 -1.3873344422800211 -2.0652422304287859 0.50266539720991743 -0.00033068783068800756 0.15781922366796705 -0.21529199357030496 -0.3957591751475979 -0.86579330489520956 0.10977557073751411 0.35410581632128563 -0.31997581243060991
decision_type=10 8 10 10 10 10 10 2 10 10 10 10 2 10 10 10 10 2 10 10 10 10 10 2 10 2 10 10 10 10
left_child=1 2 3 -1 5 6 7 -2 -9 10 26 -12 -13 20 17 19 -17 -15 -19 -16 24 23 -23 -22 -11 -26 -6 28 -28 -7
right_child=4 -3 -4 -5 9 29 -8 8 -10 13 11 12 -14 14 15 16 -18 18 -20 -21 21 22 -24 -25 25 -27 27 -29 -30 -31
leaf_value=0 0 0 0 0.00017542677704330243 -1.510210881064004e-05 -7.0769888745644867e-05 0 0 -0.00030160833873424603 0 -0.00018813414172710367 0 -0.00015317947171131826 0 -3.8055560863593091e-05 1.9460637028245241e-05 -0.00012690329127424546 0.00018347734553623933 0 6.5344515387717397e-05 7.7550141787518237e-07 -0.00011508605246143366 0 4.845501275938364e-05 0 -0.0001256287404976544 0.00021985130626405293 0 0 3.1931342338404054e-05
leaf_weight=22 26 429 78 68 29 59 34 22 41 135 64 222 54 160 50 71 169 149 30 284 5036 175 506 529 128 162 45 21 26 166
leaf_count=22 26 429 78 68 29 59 34 22 41 135 64 222 54 160 50 71 169 149 30 284 5036 175 506 529 128 162 45 21 26 166
internal_value=0 1.95373e-05 7.80236e-05 0.000134918 -1.50899e-06 -3.62474e-05 -0.000111608 -0.000165384 -0.000222625 0 -3.11886e-05 -6.22544e-05 -1.48979e-05 1.88996e-06 2.86373e-05 0 -6.27892e-05 8.71916e-05 0.000145412 3.48931e-05 -1.02159e-06 1.07524e-06 -3.35149e-05 6.20709e-06 -4.35925e-05 -7.37219e-05 1.47949e-05 7.8514e-05 0.00015023 0
internal_weight=8990 597 168 90 8393 348 123 89 63 8045 461 340 276 7584 913 574 240 339 179 334 6671 6246 681 5565 425 290 121 92 71 225
internal_count=8990 597 168 90 8393 348 123 89 63 8045 461 340 276 7584 913 574 240 339 179 334 6671 6246 681 5565 425 290 121 92 71 225
is_linear=0
shrinkage=0.05


Tree=169
num_leaves=31
num_cat=0
split_feature=80 213 359 383 258 378 257 201 19 321 229 369 382 343 265 360 336 258 343 208 216 76 53 310 281 37 256 238 79 238
split_gain=9.624e-05 0.000197911 0.000252189 0.000169321 0.000169291 0.000350323 0.000448985 0.000611091 0.000534518 0.000671484 0.000304661 0.000312844 0.000239771 0.000426363 0.000434169 0.000457675 0.000434391 0.000252376 0.000563214 0.000722844 0.000666917 0.000407219 0.000494594 0.000314739 0.000511754 0.000737761 0.000499647 0.000459412 0.000345217 0.000303082
threshold=0.98181216931216964 0.24548126743371737 0.018606375609044993 0.36932901351500108 -0.64098535524856703 0.0016792382410374398 -0.081770421385761669 -0.75824654163740746 -0.29954913611335648 0.02913543384884432 -1.2987005459006145 -0.018060073647298776 1.8683583020893815 0.013888888888888591 -0.29680007634912964 0.0065963848244099408 -0.0046296296296298436 1.0475512536426186 0.0092592592592589829 -1.1295207569590235 -0.90920554857778313 -1.5244699373509401 -0.92323749286286383 -0.014213210750835035 1.8568149633176232 -0.52597995617061544 -0.5649152251839793 1.1673479945857708 0.47558798233692456 0.61843765673633089
decision_type=2 10 10 10 10 10 10 10 2 10 8 10 8 10 10 10 10 10 10 10 10 2 2 10 10 2 10 10 2 10
left_child=4 2 3 -2 5 10 7 -7 -9 -10 11 -1 17 14 -14 16 -16 23 21 20 -20 29 -23 26 28 -26 27 -6 -25 -19
right_child=1 -3 -4 -5 12 6 -8 8 9 -11 -12 -13 13 -15 15 -17 -18 18 19 -21 -22 22 -24 24 25 -27 -28 -29 -30 -31
leaf_value=0.00015691410391513927 0.00015006149621849926 0 0 0 0.00018434128248190235 0 0 -7.2641337189951351e-06 -0.00022249193099273544 0 -4.9931679908282119e-06 0 0 -4.2487635599448278e-05 0 0 0.00018922362348108214 0.00012225030323435385 0 0 0.00022414737810728345 1.1382429897944955e-06 -5.4267699829959954e-05 3.3888222508897346e-05 -0.00016316106998402982 0 0 0 -5.9571425065413421e-07 0
leaf_weight=62 79 90 32 22 98 99 444 159 140 27 729 82 228 93 39 153 135 62 39 327 77 350 1213 874 112 84 194 28 2835 84
leaf_count=62 79 90 32 22 98 99 444 159 140 27 729 82 228 93 39 153 135 62 39 327 77 350 1213 874 112 84 194 28 2835 84
internal_value=0 3.22931e-05 7.39278e-05 0.000115894 -9.51765e-07 -1.5269e-05 -3.83547e-05 -7.51535e-05 -0.000109761 -0.000177364 1.98604e-06 7.19953e-05 1.88693e-06 3.10268e-05 5.23583e-05 8.9278e-05 0.000146789 -2.9051e-07 -1.49359e-05 3.00176e-05 0.000137855 -2.95151e-05 -3.86627e-05 5.98586e-06 7.63594e-07 -7.62411e-05 5.40736e-05 0.000131636 6.18284e-06 3.41503e-05
internal_weight=8990 223 133 101 8767 1742 869 425 326 167 873 144 7025 648 555 327 174 6377 2152 443 116 1709 1563 4225 3905 196 320 126 3709 146
internal_count=8990 223 133 101 8767 1742 869 425 326 167 873 144 7025 648 555 327 174 6377 2152 443 116 1709 1563 4225 3905 196 320 126 3709 146
is_linear=0
shrinkage=0.05


Tree=170
num_leaves=31
num_cat=0
split_feature=248 361 213 310 85 91 324 248 380 331 331 380 254 47 380 339 302 367 247 305 277 248 216 241 264 246 47 65 344 249
split_gain=9.88169e-05 0.000309358 0.000413183 0.000547426 0.000459908 0.000397494 0.000553329 0.000383264 0.000391439 0.000350074 0.000446205 0.000507415 0.000560746 0.000629814 0.000463391 0.000321661 0.000371714 0.000313861 0.000231094 0.000225613 0.000219857 0.000208282 0.000458537 0.000572441 0.000441052 0.000600118 0.000635365 0.000244494 0.000601293 0.000295704
threshold=0.78771253426859567 0.00055800652701393238 1.1891658745384883 -0.00052150203588502409 -0.53936439466436281 -0.57822804894252688 0.14623872660735518 1.0948895479859544 0.045109691711846985 -0.02307440532729443 0.0095026590702277109 0.15379377723011159 0.41690247477808368 0.37590939153439179 0.12697929499775748 0.1621580771423323 0.10981820113991315 0.22189153439153503 -0.89290543735947259 0.00033068783068785187 0.81532883788908617 0.38114488676522451 2.0886145916421888 -0.64167044623076952 -1.5571729595605857 0.56074728709421817 0.99090608465608521 0.49085883940570502 -0.041580946691832342 1.4262409416578865
decision_type=8 8 10 10 2 2 10 8 10 8 8 10 10 2 10 10 10 10 10 10 8 10 10 10 10 10 2 2 10 10
left_child=21 9 3 7 -5 -4 17 8 -3 19 11 12 13 -11 20 16 -6 -7 -16 -2 -12 27 23 -23 -25 26 -26 29 -29 -1
right_child=1 2 5 4 15 6 -8 -9 -10 10 14 -13 -14 -15 18 -17 -18 -19 -20 -21 -22 22 -24 24 25 -27 -28 28 -30 -31
leaf_value=-1.5403095728294882e-06 0 -0.00017904556729272358 0 0 0.00014732567208871684 -0.00024475759500297019 0 1.4371455088091589e-05 0 0 5.670006618245647e-05 0 0 -0.00015775481856358735 0 0 0 0 -0.00016692976650003818 8.7456122859116473e-05 0 -3.2825014118980358e-06 -4.3428022950374001e-05 -3.88421850842292e-06 0.00020281384648196664 2.1916936009570783e-05 0 -0.00017761826150981591 0 3.0847217410504067e-05
leaf_weight=4576 123 60 189 148 231 58 24 154 36 70 242 118 208 283 27 31 29 32 54 84 111 232 133 39 169 290 36 66 341 796
leaf_count=4576 123 60 189 148 231 58 24 154 36 70 242 118 208 283 27 31 29 32 54 84 111 232 133 39 169 290 36 66 341 796
internal_value=0 -9.00285e-06 8.50855e-06 3.37716e-05 6.96934e-05 -3.24338e-05 -0.000107256 -9.31775e-06 -9.93237e-05 -2.59502e-05 -3.89068e-05 -6.42166e-05 -8.51576e-05 -0.000124474 0 0.00010619 0.000125348 -0.000172978 -0.000107074 1.95574e-05 2.5449e-05 2.98851e-06 2.54062e-05 4.38886e-05 7.37407e-05 8.99551e-05 0.000161768 0 -3.78139e-05 2.32849e-06
internal_weight=8990 2312 992 689 439 303 114 250 96 1320 1113 679 561 353 434 291 260 90 81 207 353 6678 899 766 534 495 205 5779 407 5372
internal_count=8990 2312 992 689 439 303 114 250 96 1320 1113 679 561 353 434 291 260 90 81 207 353 6678 899 766 534 495 205 5779 407 5372
is_linear=0
shrinkage=0.05


Tree=171
num_leaves=31
num_cat=0
split_feature=354 324 206 271 60 39 350 379 359 85 328 357 57 203 64 264 264 40 340 335 48 347 211 368 344 237 353 62 319 371
split_gain=9.37567e-05 0.000278779 0.000336365 0.000468492 0.000420764 0.000269293 0.000204487 0.000352437 0.000374969 0.000326347 0.00017227 0.000325703 0.000310118 0.000354277 0.000329608 0.000212717 0.000627369 0.000449908 0.000437353 0.000314533 0.000422011 0.000307897 0.000583152 0.000560772 0.000304099 0.000397183 0.000356071 0.000236536 0.000229764 0.000153041
threshold=-0.22014479847951776 0.035234056754887562 0.90636694273613561 0.83220207323293738 0.8282076719576722 0.91791301061799413 -0.38669409981180791 -0.22763942421617869 -0.016039014279530025 -0.23467905969771699 -0.025846815846453982 -0.0099206349206350641 1.4033516124805001 0.2169119471521252 0.17458154045190852 1.1688056133231148 1.7880828836084757 -0.30727938762958246 0.010551802610935026 0.088756933559580045 1.4685893676531252 -0.0055367026114465775 -0.45710119269138821 -0.79472494235405899 0.0027146270220398416 0.63394306205490958 -0.085528748388281714 0.30307539682539703 0.0041187584442443645 -1.0492971531205078
decision_type=10 10 8 10 2 2 10 10 10 2 10 10 2 10 2 10 10 2 10 10 2 10 10 10 10 10 10 2 10 10
left_child=1 2 3 4 5 -1 7 -2 -9 -10 11 29 -13 -14 -15 21 17 -17 -19 20 -18 22 27 -24 25 -23 -26 -12 -21 -8
right_child=6 -3 -4 -5 -6 -7 10 8 9 -11 15 12 13 14 -16 16 19 18 -20 28 -22 24 23 -25 26 -27 -28 -29 -30 -31
leaf_value=0.00019880965646128885 0 -7.3536719892557442e-06 0 0 0 0 0 0 0 -0.00024432340141125126 -2.507996580822693e-05 0 0 -0.00018844160605465814 0 0 9.6382613347616768e-06 0.00017212112282538792 0 0.00019419751407232709 -6.9360365367042149e-05 2.9282018611279241e-06 3.5776915515973607e-06 -6.9895718078751484e-05 6.5570260259894566e-05 -4.3687285088401823e-05 4.5469873640037025e-06 3.1743756053376431e-05 0 6.4521857922432532e-05
leaf_weight=117 80 297 160 74 30 47 25 35 69 53 208 69 119 104 47 160 272 146 30 31 253 2911 218 714 395 520 1187 503 20 96
leaf_count=117 80 297 160 74 30 47 25 35 69 53 208 69 119 104 47 160 272 146 30 31 253 2911 218 714 395 520 1187 503 20 96
internal_value=0 1.7028e-05 4.56244e-05 8.03768e-05 0.000122301 0.000155249 -1.70923e-06 -4.75181e-05 -9.49541e-05 -0.000138846 0 -3.00264e-05 -5.97746e-05 -8.57681e-05 -0.000137881 1.44748e-06 2.43709e-05 7.92361e-05 0.000135535 0 -1.89155e-05 -9.42598e-07 -2.03159e-05 -4.73471e-05 4.40986e-06 -2.68062e-06 2.29471e-05 8.08767e-06 0.000108219 1.20102e-05
internal_weight=8990 725 428 268 194 164 8265 237 157 122 8028 460 339 270 151 7568 912 336 176 576 525 6656 1643 932 5013 3431 1582 711 51 121
internal_count=8990 725 428 268 194 164 8265 237 157 122 8028 460 339 270 151 7568 912 336 176 576 525 6656 1643 932 5013 3431 1582 711 51 121
is_linear=0
shrinkage=0.05


Tree=172
num_leaves=31
num_cat=0
split_feature=237 237 39 382 358 86 237 297 19 310 220 381 295 345 46 299 326 384 64 349 265 283 241 376 261 307 87 338 284 364
split_gain=9.55471e-05 0.000297966 0.000373103 0.000337893 0.000413503 0.000367373 0.000293849 0.00057155 0.000662461 0.000268788 0.000255223 0.000248817 0.000337265 0.000266665 0.000240992 0.000236964 0.000311934 0.00030273 0.000255444 0.000301579 0.000233664 0.000298765 0.000222594 0.000346046 0.000404219 0.000249272 0.000211214 0.000411827 0.00046344 0.000355108
threshold=-0.55484624022628715 -0.87192928142605608 -1.3462659784663547 -1.6678718189890003 -0.11179140598811664 0.84490740740740711 -0.33773344466834415 9.1027090026507565e-05 0.16378481501111153 -0.00058609316001045897 -0.89092314703884801 -0.18543577659765703 0.00033704079469696306 0.0098379629629624949 0.13409391534391504 0.25854472815512608 -0.075877988829416557 0.24282109404074401 0.47070363503188456 0.058765440416864718 1.506022572471664 -0.001269667316984425 0.71054155101995831 0.098067292645727985 0.24752470043193767 -0.00033068783068789946 0.041997354497354505 0.00066137566137586268 -0.00033068783068697366 -0.015139199883685532
decision_type=10 10 2 10 10 2 10 8 2 10 10 10 10 10 2 8 10 10 2 10 10 10 8 10 10 10 2 10 10 10
left_child=1 15 3 -3 -5 -6 7 -2 14 -4 -10 -11 -13 -14 -9 20 -17 18 19 -18 22 -22 23 24 -1 -25 27 28 29 -8
right_child=6 2 9 4 5 -7 26 8 10 11 -12 12 13 -15 -16 16 17 -19 -20 -21 21 -23 -24 25 -26 -27 -28 -29 -30 -31
leaf_value=9.5996898041080648e-05 0 0 2.2014645369832529e-05 0 -0.00021260310824294825 0 0 -2.0305950343804966e-05 0 0 0.00027103399398314439 0 -0.00014490589181821275 0 6.6218224501996131e-05 0 0.0002551701513912861 0 0 0 -0.00019017437968253738 0 -2.4418504578415795e-05 0 0 -8.5085212232105848e-05 1.607647984879619e-06 0 0 -0.00021861454819912867
leaf_weight=224 316 23 259 20 101 20 40 79 29 240 61 156 131 22 136 121 54 33 37 20 37 38 433 44 266 101 5715 110 49 75
leaf_count=224 316 23 259 20 101 20 40 79 29 240 61 156 131 22 136 121 54 33 37 20 37 38 433 44 266 101 5715 110 49 75
internal_value=0 -8.72752e-06 -3.0673e-05 -0.000103938 -0.000136202 -0.000173641 2.95133e-06 3.57138e-05 8.53219e-05 -9.60396e-06 0.000206721 -3.36277e-05 -6.34135e-05 -0.00011673 1.1186e-05 2.87259e-06 4.73091e-05 9.7618e-05 0.000138462 0.000193295 -3.059e-06 -8.89993e-05 0 2.16702e-05 4.63881e-05 -2.73745e-05 0 -4.32729e-05 -9.69628e-05 -0.0001532
internal_weight=8990 2380 972 164 141 121 6610 621 305 808 90 549 309 153 215 1408 265 144 111 74 1143 75 1068 635 490 145 5989 274 164 115
internal_count=8990 2380 972 164 141 121 6610 621 305 808 90 549 309 153 215 1408 265 144 111 74 1143 75 1068 635 490 145 5989 274 164 115
is_linear=0
shrinkage=0.05


Tree=173
num_leaves=31
num_cat=0
split_feature=235 243 378 247 19 323 264 384 357 250 329 302 357 246 290 222 17 235 295 66 339 32 21 332 19 358 19 206 311 355
split_gain=9.32064e-05 0.000257683 0.000298112 0.000499629 0.000384657 0.000407725 0.000335823 0.000287939 0.000239221 0.00040015 0.000515595 0.000301365 0.000209836 0.000358972 0.000458646 0.000548267 0.000422665 0.000216061 0.000405552 0.000443104 0.000495641 0.000245862 0.000481965 0.000485981 0.000433203 0.000556226 0.000197516 0.000177394 0.000140106 0.000138878
threshold=1.1883832109402916 1.5985644817672944 -0.36666895793386978 2.1391077117525912 -0.48610398740868443 0.98921680975369974 -1.9158016732135252 -0.012871847802298551 0.10615079365079351 0.49800791025786217 -0.018947429203597998 0.031368929620030024 0.037367724867725008 0.21676686088189409 -0.00033068783068780069 1.2548871416937015 -1.1548875009545096 0.81205257467561121 -0.01827565788328708 -0.88421305757329083 -0.19884698090576816 0.27827380952380959 -0.45050302728314096 -0.040622690755106709 1.3283389776454002 0.01623416554931734 0.55277043742351162 -2.4028985199068811 -0.00033068783068779993 -0.011430755122163403
decision_type=10 10 10 10 2 10 10 10 10 10 10 10 8 8 10 10 2 10 10 2 10 2 2 10 2 10 2 8 10 10
left_child=8 2 -2 4 -4 6 -6 -5 12 10 -10 -12 17 14 28 16 -16 21 -19 -20 -21 24 23 -23 26 -26 -1 -24 -14 -3
right_child=1 29 3 7 5 -7 -8 -9 9 -11 11 -13 13 -15 15 -17 -18 18 19 20 -22 22 27 -25 25 -27 -28 -29 -30 -31
leaf_value=2.0825040363919229e-05 0 1.7868526153976435e-05 0 -0.00018924405389704013 0 0 0.00018293059038827379 0 0 0 -0.00027928123607148775 0 -9.3222636053597754e-05 0 0 0 0.00019015521014551138 1.3671403463626705e-05 0 0 -0.00011852046774828924 0 -5.577114091079023e-05 -7.8028692873285987e-05 0.00015947494568859595 0 -3.120937545254961e-05 1.8873870810274957e-06 1.9554633734573021e-05 -2.5271847234401853e-05
leaf_weight=655 142 285 55 20 29 34 169 43 21 43 47 22 38 293 22 39 136 147 84 38 281 183 137 419 116 37 219 4785 50 401
leaf_count=655 142 285 55 20 29 34 169 43 21 43 47 22 38 293 22 39 136 147 84 38 281 183 137 419 116 37 219 4785 50 401
internal_value=0 1.30171e-05 4.14095e-05 6.73722e-05 9.94268e-05 0.000127951 0.00015597 0 -2.06753e-06 -6.88497e-05 -0.000134557 -0.000205577 -2.58863e-07 2.78959e-05 6.87437e-05 0.000112486 0.000156345 -3.25505e-06 -3.34468e-05 -6.30369e-05 -9.21476e-05 0 -4.8849e-06 -4.71181e-05 2.16818e-05 0.000101011 2.06442e-06 0 0 -6.15379e-08
internal_weight=8990 1178 492 350 287 232 198 63 7812 133 90 69 7679 578 285 197 158 7101 550 403 319 6551 5524 602 1027 153 874 4922 88 686
internal_count=8990 1178 492 350 287 232 198 63 7812 133 90 69 7679 578 285 197 158 7101 550 403 319 6551 5524 602 1027 153 874 4922 88 686
is_linear=0
shrinkage=0.05


Tree=174
num_leaves=31
num_cat=0
split_feature=41 367 252 19 352 375 307 76 369 263 49 358 350 355 342 35 354 378 353 356 249 354 20 376 87 265 76 369 366 301
split_gain=9.20986e-05 0.00037456 0.000361651 0.000323618 0.000397282 0.000550386 0.000314922 0.000311749 0.000420838 0.000231794 0.000250471 0.00024508 0.000245161 0.000238734 0.000212064 0.000181534 0.00026554 0.000297517 0.000308687 0.000487896 0.000293761 0.000217642 0.000463811 0.000464472 0.000575018 0.000526565 0.000342656 0.000711907 0.000562313 0.000584401
threshold=2.2066804638188353 0.023644179894180054 0.24978346990010483 -0.35822580715604596 0.056550310122162391 0.19127059917002687 -0.00033068783068789946 -0.43691705268607495 0.16647913788341653 0.592484203103535 -0.034237986138416394 -0.13074057540192149 -0.03356612294901859 0.058486265462643024 -0.049863909991054133 0.99222883597883615 0.014774227795548269 0.4013968705196706 -0.12074387470853525 -0.054258185333344471 -1.6907142752645206 0.044562261484347727 -0.71491740490556943 0.017918489443491285 0.41832010582010609 1.5476010766613848 -0.3808770628749179 0.0011203041297794261 -0.57561870433589379 0.0025130691595699477
decision_type=2 10 10 2 10 10 10 2 10 10 2 8 10 10 10 2 10 10 10 10 10 8 2 10 2 10 2 10 10 10
left_child=15 7 3 -3 5 6 -5 8 -2 10 -9 -11 -13 -12 -14 21 17 18 -17 -20 -21 26 23 24 25 -23 27 28 -1 -30
right_child=1 2 -4 4 -6 -7 -8 9 -10 11 13 12 14 -15 -16 16 -18 -19 19 20 -22 22 -24 -25 -26 -27 -28 -29 29 -31
leaf_value=0 0.000154278967904752 0 0 0 0 0 -0.00027543009271702905 -1.3016401669580567e-06 0 0 0.000156801988097919 0 0 0 -0.00020592944375624371 0 0 0 0 0 0.00015996986646765288 0.00024453952396036137 0 0 0 0 0 0 -0.00015153629233088885 0
leaf_weight=141 77 133 99 23 36 35 79 184 42 24 50 24 22 22 55 66 194 95 59 31 180 91 1587 135 80 23 4581 528 247 47
leaf_count=141 77 133 99 23 36 35 79 184 42 24 50 24 22 22 55 66 194 95 59 31 180 91 1587 135 80 23 4581 528 247 47
internal_value=0 -1.5187e-05 -5.28388e-05 -8.15391e-05 -0.000128183 -0.000167301 -0.000225967 5.31743e-06 8.10842e-05 -5.2424e-06 5.9607e-06 -6.81408e-05 -0.000108654 9.38442e-05 -0.000153069 1.6303e-06 2.75753e-05 5.1405e-05 7.48491e-05 9.91389e-05 0.000135475 0 1.39537e-05 6.82419e-05 0.000117806 0.000190284 -5.55416e-06 -3.26656e-05 -8.03268e-05 -0.00011969
internal_weight=8990 905 405 306 173 137 102 500 119 381 256 125 101 72 77 8085 625 431 336 270 211 7460 1916 329 194 114 5544 963 435 294
internal_count=8990 905 405 306 173 137 102 500 119 381 256 125 101 72 77 8085 625 431 336 270 211 7460 1916 329 194 114 5544 963 435 294
is_linear=0
shrinkage=0.05


Tree=175
num_leaves=31
num_cat=0
split_feature=27 363 64 313 35 306 346 65 200 224 363 245 291 361 307 345 19 251 320 236 346 60 19 357 29 241 242 303 85 377
split_gain=9.42644e-05 0.000245273 0.000276941 0.000288565 0.000416015 0.000215718 0.000192762 0.000621911 0.000452767 0.000292796 0.0001871 0.000374805 0.000430883 0.000444449 0.000595537 0.000239473 0.000448407 0.000964228 0.00050236 0.000353591 0.000273918 0.000349204 0.000305007 0.000238456 0.000439466 0.000354402 0.000306868 0.000539255 0.000275562 0.000239044
threshold=-1.6493203103553298 0.053458395332218862 -0.35131661301210099 0.0050160091296418416 0.17493386243386252 0.00033636059122497958 0.090442614644508396 0.15852332540888103 -0.92792690453699822 -0.43608279094135011 0.65280272493487368 -0.53536346657896183 -0.011236427926029966 0.2400511604364175 -0.0003306878306878974 -0.0033068783068799785 0.61109025803892714 -0.42933132453590711 0.021748628456259692 0.61506362428189221 -0.019564742966209931 0.62847222222222221 -0.57751836014710389 -0.040343915343915453 0.93138227513227512 0.73369883319720608 0.18768369825399847 -0.00033068783068779993 -0.20161159813782548 0.0011488227549854015
decision_type=2 10 2 10 2 10 10 2 10 10 8 8 10 10 10 10 2 10 10 10 10 2 2 10 2 10 8 10 2 10
left_child=1 2 3 4 -1 -6 10 -8 -9 -10 15 12 13 14 -12 16 20 19 -19 -18 21 -2 -22 24 25 -17 28 -28 -25 -26
right_child=6 -3 -4 -5 5 -7 7 8 9 -11 11 -13 -14 -15 -16 23 17 18 -20 -21 22 -23 -24 26 29 -27 27 -29 -30 -31
leaf_value=0 4.8877964470434987e-05 0 0 0 0.00024640747384289426 0 0 0 -0.00028224112210504127 0 0 0 0 0 0.00026688141261689818 0.00011598806833799205 0 -0.00014960061007701186 0 0.00017431471717758166 0 -1.282065068237963e-05 -5.4614536383510256e-05 0 -7.54341909121197e-05 0 -4.087903372832196e-05 1.0069196716253888e-05 3.4495058708862635e-05 2.5940784341715331e-05
leaf_weight=24 438 156 66 21 63 34 267 20 49 22 23 332 59 42 71 195 119 238 53 30 307 290 411 2758 96 96 1069 776 789 76
leaf_count=24 438 156 66 21 63 34 267 20 49 22 23 332 59 42 71 195 119 238 53 30 307 290 411 2758 96 96 1069 776 789 76
internal_value=0 2.48557e-05 6.34627e-05 0.000103781 0.000136365 0.000184126 -1.11467e-06 -3.70899e-05 -0.000149914 -0.000211462 0 2.92174e-05 8.43152e-05 0.000134557 0.000194922 -1.51579e-06 -1.74164e-05 -6.20215e-05 -0.000118285 1.43327e-05 -3.82712e-07 1.74346e-05 -2.5411e-05 2.75235e-06 3.71895e-05 7.72847e-05 0 -1.67411e-05 8.39612e-06 -1.59868e-06
internal_weight=8990 364 208 142 121 97 8626 358 91 71 8268 527 195 136 94 7741 1886 440 291 149 1446 728 718 5855 463 291 5392 1845 3547 172
internal_count=8990 364 208 142 121 97 8626 358 91 71 8268 527 195 136 94 7741 1886 440 291 149 1446 728 718 5855 463 291 5392 1845 3547 172
is_linear=0
shrinkage=0.05


Tree=176
num_leaves=31
num_cat=0
split_feature=244 351 203 371 375 364 369 315 350 329 80 19 276 361 85 202 91 370 378 73 297 73 375 375 238 281 238 238 19 20
split_gain=8.98319e-05 0.00023302 0.000280857 0.000352493 0.000401709 0.000187702 0.000147823 0.000272968 0.000417393 0.000355848 0.000166456 0.000521109 0.00079156 0.000357899 0.000395265 0.00024788 0.000224284 0.000193389 0.00018242 0.000415882 0.000550422 0.000294989 0.000532937 0.000438953 0.00043435 0.000263402 0.000428953 0.000346904 0.000132406 0.000226945
threshold=-1.9420039641850833 -0.014793950998168269 -1.2963862417492706 -0.85922462873223548 -0.46762918910167633 -0.039895139083484958 -0.93973599558017473 -0.017731029606557976 -0.0016847806056683454 -0.021505071102388414 0.85995370370370339 -0.49477875500438995 0.3851836417025773 0.58568954893959779 -0.79884177521556443 -0.81401929284048935 0.7396233638811196 -0.25877815742425547 -1.1419631057774604 -0.57710228636089445 -1.0000000180025095e-35 -0.27558098468965847 0.19127059917002687 0.098793004829767869 0.39804721765524931 0.51414438638799453 -0.26964909308106694 -1.0142027090478367 -0.66972459223657832 1.2207735207531754
decision_type=10 10 10 10 10 10 10 10 10 10 2 2 10 10 2 10 2 10 8 2 10 2 10 10 10 10 10 10 2 2
left_child=1 -1 -3 -4 -5 -6 7 -2 9 -9 18 28 15 14 -14 16 -13 -17 19 20 -8 22 23 -20 -24 27 -27 -23 -12 -30
right_child=6 2 3 4 5 -7 10 8 -10 -11 11 12 13 -15 -16 17 -18 -19 21 -21 -22 25 24 -25 -26 26 -28 -29 29 -31
leaf_value=0 0 0 0 0 0 -0.00020906246873385209 0 0 0 -0.00020854657356007565 0 -0.00016467486492301926 0 0 0.00017498886514910267 -1.838622657411482e-05 0 5.5213641519385765e-05 1.5913946956227657e-05 0 -0.00021337137980696497 5.3256588674090593e-05 0.00011643251885283782 -6.448624520314138e-05 0 -9.3980652940726733e-05 0 -3.5647894023083493e-06 -9.4109722820184881e-05 0
leaf_weight=257 113 110 60 20 29 88 112 34 107 67 319 38 30 26 184 25 20 204 1465 299 62 288 230 181 113 202 210 3945 104 48
leaf_count=257 113 110 60 20 29 88 112 34 107 67 319 38 30 26 184 25 20 204 1465 299 62 288 230 181 113 202 210 3945 104 48
internal_value=0 -1.9347e-05 -5.08378e-05 -8.71162e-05 -0.000131675 -0.000169928 1.26262e-06 -3.0707e-05 -6.88056e-05 -0.000141655 3.14604e-06 2.23004e-05 5.80387e-05 0.000125048 0.00014736 0 -9.01786e-05 2.53497e-05 0 -2.94919e-05 -9.12984e-05 2.5917e-06 1.91297e-05 4.03199e-06 7.69857e-05 -3.41376e-06 -4.15847e-05 0 -7.07756e-06 -4.82851e-05
internal_weight=8990 564 307 197 137 117 8426 321 208 101 8105 998 527 240 214 287 58 229 7107 473 174 6634 1989 1646 343 4645 412 4233 471 152
internal_count=8990 564 307 197 137 117 8426 321 208 101 8105 998 527 240 214 287 58 229 7107 473 174 6634 1989 1646 343 4645 412 4233 471 152
is_linear=0
shrinkage=0.05


Tree=177
num_leaves=31
num_cat=0
split_feature=385 59 37 252 85 348 348 80 375 247 85 323 354 217 76 308 319 312 369 19 68 264 14 56 305 378 243 62 91 386
split_gain=9.09731e-05 0.00029509 0.000358931 0.000237311 0.00042933 0.000260812 0.000339808 0.000236722 0.000190432 0.000325576 0.000405577 0.000357857 0.000238053 0.000293748 0.000691816 0.000447856 0.000206319 0.000360388 0.000351538 0.000631827 0.00054714 0.000375145 0.000437522 0.000371929 0.000298831 0.000335018 0.000264952 0.000788841 0.000354881 0.000226307
threshold=-1.7233832620203959 0.47716208203086158 -0.49322817932125995 1.6856473669713952 -0.53936439466436281 -0.1247481091311279 -0.32394123269357417 0.7786044973544971 -0.3847819553223622 -0.29899194042500599 -0.010855075681296948 -0.90305744202554816 0.34902891260801711 0.15069438717397529 -0.10126049958388549 -0.013002915175968964 0.0013582914145408994 -0.0049751654265843817 -0.19611645166993399 0.019604410490453205 0.013723544973545002 1.0176851123773736 0.0047949735449735508 0.22900132275132304 -0.00033068783068779592 -0.033764875114712815 1.1338941628091941 0.3840939153439144 0.86762490413163063 0.016239980799935553
decision_type=8 2 2 10 2 10 10 2 10 10 2 10 10 10 2 10 10 10 10 2 2 10 2 2 10 10 10 2 2 10
left_child=1 3 -3 5 -5 6 -1 -4 9 -2 -11 -12 16 14 -14 -16 18 24 19 29 -21 23 -23 -20 -18 -26 28 -28 -19 -10
right_child=8 2 7 4 -6 -7 -8 -9 12 10 11 -13 13 -15 15 -17 17 26 21 20 -22 22 -24 -25 25 -27 27 -29 -30 -31
leaf_value=0 0 0 -0.00017661834022366515 0 -0.00014981789220191289 0 0.00015911820438171585 0 1.6707398168316404e-05 0 0 0.00018587733540012758 0 0 0 -0.00027757352193823523 0 0 -5.0889903520523217e-05 0 -0.00012994441642006385 0 0.00010383986582349087 1.7947636050074981e-06 0 8.5941638655959521e-05 -9.2154681441447689e-05 8.2661695047169592e-06 0.00011734955731878381 -3.9594452568317404e-05
leaf_weight=25 247 26 78 38 71 429 62 25 448 181 20 93 95 103 35 54 255 682 361 68 230 223 188 3246 224 398 273 446 85 281
leaf_count=25 247 26 78 38 71 429 62 25 448 181 20 93 95 103 35 54 255 682 361 68 230 223 188 3246 224 398 273 446 85 281
internal_value=0 -1.66637e-05 -8.56525e-05 0 -6.92067e-05 1.17073e-05 9.1094e-05 -0.000133753 1.47981e-06 3.02187e-05 6.66907e-05 0.000143285 0 -4.51282e-05 -8.4646e-05 -0.000184974 1.18692e-06 1.38724e-05 -3.76385e-06 -3.02192e-05 -9.18978e-05 1.75436e-06 4.76758e-05 -2.09319e-06 3.93154e-05 5.81393e-05 0 -2.29174e-05 1.9265e-05 0
internal_weight=8990 754 129 625 109 516 87 103 8236 541 294 113 7695 287 184 89 7408 2363 5045 1027 298 4018 411 3607 877 622 1486 719 767 729
internal_count=8990 754 129 625 109 516 87 103 8236 541 294 113 7695 287 184 89 7408 2363 5045 1027 298 4018 411 3607 877 622 1486 719 767 729
is_linear=0
shrinkage=0.05


Tree=178
num_leaves=31
num_cat=0
split_feature=321 321 376 344 249 235 324 239 384 332 290 353 341 220 381 19 327 291 206 50 356 293 244 382 326 250 216 208 326 318
split_gain=8.88788e-05 0.000376139 0.00046059 0.000586871 0.000422756 0.000582414 0.000256662 0.000239677 0.000326854 0.000303634 0.000405535 0.000410327 0.000400542 0.000263752 0.000226177 0.000220464 0.000217643 0.000208709 0.000196962 0.000284243 0.000438222 0.000606561 0.000509453 0.000363897 0.000352033 0.000631207 0.00047225 0.000326318 0.00028057 0.000374591
threshold=0.021111149028490265 0.02913543384884432 0.014306661566839908 0.023910969774698049 -0.93201262429369713 1.0170988932793044 -0.26217147187888312 0.65951357288282464 1.0000000180025095e-35 -0.010538172595653593 -0.0003306878306878987 0.030103569826485547 -0.012566137566136932 1.2318089983262583 1.2900460676775478 -0.14129715781662447 -0.072504458884449174 -0.022731187038379726 1.4964110507305139 -0.87547598142693583 -0.02322151856041654 -0.066765696312256026 1.8799279088814715 1.659167879950133 -0.11080604165662457 -0.38192705407694622 -0.58608123836864723 -1.3276800910128024 0.023701270443991309 -0.10498634404936112
decision_type=10 10 10 10 10 10 10 10 10 10 10 10 10 10 10 2 10 10 8 2 10 10 10 10 10 10 10 10 10 10
left_child=18 2 3 4 -2 6 -6 9 17 13 16 12 -12 14 15 -3 -11 -9 19 20 24 28 23 -23 27 -26 -27 -1 -22 -30
right_child=1 7 -4 -5 5 -7 -8 8 -10 10 11 -13 -14 -15 -16 -17 -18 -19 -20 -21 21 22 -24 -25 25 26 -28 -29 29 -31
leaf_value=0.00013375742485366966 0 0 0 0 0 0 -0.00031394630881830508 0.00021098205973508674 0 0 0 0 -0.00017144264113846234 -5.4519961319131296e-06 0 0.00017408791846184655 0.00011562695226652249 0 -1.4464701590529868e-05 1.3714164808613285e-06 4.3802808978826973e-05 0.00021136013720216194 0 0 0 0 -0.00030487849330651794 0 -0.00015153791969945929 0
leaf_weight=51 22 55 161 30 20 38 70 43 74 24 28 70 125 65 27 63 41 23 1372 5910 231 128 25 35 46 22 38 80 52 21
leaf_count=51 22 55 161 30 20 38 70 43 74 24 28 70 125 65 27 63 41 23 1372 5910 231 128 25 35 46 22 38 80 52 21
internal_value=0 -1.41725e-05 -5.77092e-05 -0.000112699 -0.000158159 -0.000193806 -0.000263747 1.2668e-06 6.4321e-05 -6.43049e-06 -4.71831e-05 -8.59945e-05 -0.000132199 2.56565e-05 7.40548e-05 0.000107358 9.09257e-06 0.000145365 1.78537e-06 5.89685e-06 3.57216e-05 6.41447e-05 0.000137171 0.000171781 -2.19735e-06 -8.58943e-05 -0.000198195 2.74019e-05 2.51165e-06 -5.96311e-05
internal_weight=8990 979 341 180 150 128 90 638 140 498 288 223 153 210 145 118 65 66 8011 6639 729 492 188 163 237 106 60 131 304 73
internal_count=8990 979 341 180 150 128 90 638 140 498 288 223 153 210 145 118 65 66 8011 6639 729 492 188 163 237 106 60 131 304 73
is_linear=0
shrinkage=0.05


Tree=179
num_leaves=31
num_cat=0
split_feature=288 198 318 34 220 31 91 36 353 228 377 91 314 296 54 220 19 41 244 79 275 91 337 238 56 58 72 249 367 79
split_gain=9.23521e-05 0.000595859 0.000341121 0.000515645 0.000698093 0.000422598 0.000440306 0.000149728 0.000144047 0.000336984 0.000448102 0.000530806 0.000278816 0.000338387 0.00029552 0.000281174 0.000308266 0.000255523 0.000302174 0.00033199 0.000254035 0.000234591 0.000397015 0.000237124 0.000315129 0.000173621 0.000431027 0.000604984 0.000275076 0.000190696
threshold=0.00066137566137578982 0.80429966424157551 2.8735162027210714 0.89715608465608454 1.4789430319673771 0.94262566137566106 -0.35639500320611744 0.95254629629629617 0.12979453479501091 2.2879131854578203 -0.002440937306778745 0.059344836485321205 -0.011390050056869659 5.67888767565028e-05 0.65558862433862408 -0.023780032711411239 -0.43135317965892245 2.1437082179264508 1.2478677749044993 1.2235627536792852 1.3475819829665834 3.0800826753290553 -0.0030742982540148222 -2.5676143104418494 0.69560185185185219 -0.52681670990201546 -0.20783109290794197 -1.825547069224696 0.28984788359788399 -0.89171352995575237
decision_type=10 10 10 2 10 2 2 2 8 10 10 2 10 10 2 10 2 2 8 2 10 2 10 10 2 2 2 10 10 2
left_child=8 2 3 4 5 6 -2 -3 21 12 -11 -12 17 15 20 16 -14 18 19 -10 -15 23 -23 24 -1 26 28 -28 -25 -27
right_child=1 7 -4 -5 -6 -7 -8 -9 9 10 11 -13 13 14 -16 -17 -18 -19 -20 -21 -22 22 -24 25 -26 29 27 -29 -30 -31
leaf_value=-0.00017366659724964097 0 8.900318477439388e-05 0 0 0 0 -0.00033289932510921402 0 0.00013593695335717515 0 0 0.00038849787539763846 0 8.1970656188429713e-05 -1.3275567633836071e-05 0 -0.00013455536527850066 0 0 0 0 0 0.00016867828224234751 -3.4033650116360157e-05 0 -3.1149079053102561e-05 0 0.00015278988156204013 7.0253003608683264e-05 -1.2285241566754504e-07
leaf_weight=47 22 87 69 47 90 26 67 38 158 40 53 24 73 228 140 275 119 51 49 26 40 32 54 231 31 579 26 126 85 6057
leaf_count=47 22 87 69 47 90 26 67 38 158 40 53 24 73 228 140 275 119 51 49 26 40 32 54 231 31 579 26 126 85 6057
internal_value=0 -2.20934e-05 -6.58355e-05 -9.43579e-05 -0.000131259 -0.000214158 -0.000266654 5.02312e-05 1.23968e-06 1.69853e-05 0.000100815 0.000173108 4.20117e-06 -4.80544e-06 2.1202e-05 -3.82312e-05 -8.49306e-05 4.95417e-05 7.57091e-05 0.000106587 5.78607e-05 -8.36946e-07 7.9687e-05 -2.49844e-06 -9.00076e-05 -8.32542e-07 2.74901e-05 9.70069e-05 0 -3.58382e-06
internal_weight=8990 446 321 252 205 115 89 125 8544 1276 117 77 1159 875 408 467 192 284 233 184 268 7268 86 7182 78 7104 468 152 316 6636
internal_count=8990 446 321 252 205 115 89 125 8544 1276 117 77 1159 875 408 467 192 284 233 184 268 7268 86 7182 78 7104 468 152 316 6636
is_linear=0
shrinkage=0.05


Tree=180
num_leaves=31
num_cat=0
split_feature=29 313 238 89 384 60 350 274 207 325 353 202 72 321 360 342 245 206 255 330 347 342 318 275 375 346 71 348 313 207
split_gain=8.58716e-05 0.00017747 0.000153062 0.000156003 0.000124585 0.000113471 0.000227457 0.000156329 0.000359634 0.000389919 0.000425345 0.000327264 0.000269995 0.000263776 0.000430346 0.000502802 0.000408369 0.000294086 0.000388805 0.000293137 0.000247985 0.000221231 0.000205416 0.000162078 0.000159474 0.000156186 0.000162976 0.000143757 0.000274411 0.000132296
threshold=0.99884259259259311 -0.021617923302488014 0.1270286875861649 0.79241594605792609 -0.13609619060669678 0.023644179894179902 0.016011005403208992 0.56657431145887804 -0.75374033139536056 -0.023771488169254503 -0.23067876559071129 -1.1134801623226884 2.0530013309904702 0.021609219648314641 -0.039627823274747447 -0.011277011319142187 -1.7591466153829649 1.4964110507305139 -1.2656802835272123 0.032536594648401036 0.0032742837073299618 0.012298498611399785 -0.11404314268571372 -0.32451096463466739 0.14143186599722982 -0.02573893494462853 0.37665343915343902 -0.07413476798119599 -0.0057892311267752064 -1.5311658136064275
decision_type=2 10 10 2 10 2 10 10 10 10 10 10 2 10 10 10 10 10 10 10 10 10 10 10 10 10 2 10 10 10
left_child=5 -2 3 4 -3 6 25 12 20 27 22 -12 13 17 15 -15 -16 19 -19 -7 -9 24 -11 -22 -14 -1 -27 -10 -29 -25
right_child=1 2 -4 -5 -6 7 -8 8 9 10 11 -13 21 14 16 -17 -18 18 -20 -21 23 -23 -24 29 -26 26 -28 28 -30 -31
leaf_value=0 -2.9103842659717663e-06 0 0 0 0.00015301508733555903 6.022354209509157e-06 0 0 2.732974825449474e-05 0 0 6.9129268923251514e-05 0.00017835625338795963 0 3.9270074595673688e-05 -0.00016353084230754793 -4.7819089305033702e-05 0 -5.885697075928419e-05 -5.2844546741517888e-05 0 0 -9.6485390597970413e-05 0 0 -0.00020081550920996225 0 -6.6426762346225065e-05 0 -9.0501011379660973e-05
leaf_weight=20 38 20 142 21 74 4462 64 445 128 84 143 806 47 43 207 120 309 343 490 213 28 24 58 22 21 41 29 216 148 184
leaf_count=20 38 20 142 21 74 4462 64 445 128 84 143 806 47 43 207 120 309 343 490 213 28 24 58 22 21 41 29 216 148 184
internal_value=0 2.6515e-05 5.0313e-05 9.47574e-05 0.000122993 -9.10611e-07 -4.34472e-05 0 1.11243e-05 2.54709e-05 4.27928e-05 5.65402e-05 -4.20235e-06 -6.21967e-06 -3.60824e-05 -0.000109476 -3.19327e-06 -1.62999e-06 -2.95154e-05 2.26972e-06 -1.49589e-05 7.70332e-05 -1.38706e-05 -5.74231e-05 0.000127071 -9.76716e-05 -0.000133535 -2.78063e-06 -2.7106e-05 -7.55738e-05
internal_weight=8990 295 257 115 94 8695 154 8541 2262 1583 1091 949 6279 6187 679 163 516 5508 833 4675 679 92 142 234 68 90 70 492 364 206
internal_count=8990 295 257 115 94 8695 154 8541 2262 1583 1091 949 6279 6187 679 163 516 5508 833 4675 679 92 142 234 68 90 70 492 364 206
is_linear=0
shrinkage=0.05


Tree=181
num_leaves=31
num_cat=0
split_feature=354 324 206 271 60 59 350 363 60 56 47 328 355 346 320 349 330 279 387 367 272 313 352 91 253 283 50 73 63 324
split_gain=8.57358e-05 0.000246296 0.000299733 0.000415203 0.000376054 0.000366652 0.00016985 0.000311893 0.000308059 0.000411324 0.000277894 0.000161998 0.000352513 0.000340196 0.000359793 0.000298635 0.00027569 0.000608409 0.000652004 0.000245812 0.000490074 0.000411438 0.000370553 0.000288296 0.000305522 0.000566471 0.000248268 0.00021219 0.000211336 0.000264054
threshold=-0.22014479847951776 0.035234056754887562 0.90636694273613561 0.83220207323293738 0.8282076719576722 -0.8389461520102679 -0.38669409981180791 -0.095934401677108525 0.93733465608465616 0.36987433862433905 0.45320767195767203 0.012060367620735786 -0.0062865859736965781 0.037689955641991006 -0.0047384900244732192 0.030337990461705936 0.0035447054454553766 0.29260391112432821 0.099480427571491253 -0.46527777777777773 1.7217644153584557 -0.012943867251992367 0.011806412559737913 2.8370665771584238 1.3873633247797212 -0.0012756952866062007 0.070803201743590213 -0.22720988751318097 0.34540343915343907 -0.066615536974405684
decision_type=10 10 8 10 2 2 10 10 2 2 2 10 10 10 10 10 10 10 10 10 10 10 10 2 10 10 2 2 2 10
left_child=1 2 3 4 5 -1 7 -2 9 -9 -11 19 16 14 -14 -16 17 -13 -19 20 21 -8 -23 24 27 -26 -25 -21 29 -22
right_child=6 -3 -4 -5 -6 -7 11 8 -10 10 -12 12 13 -15 15 -17 -18 18 -20 23 28 22 -24 26 25 -27 -28 -29 -30 -31
leaf_value=0 0 -5.3616389774070695e-06 0 0 0 0.0001814661440475714 0 0 0 0 -0.00023184762752106802 0 0 0 9.9172085923220584e-05 0 5.0727049983099071e-05 -0.00013011888958448209 1.8833108832604826e-06 2.4571641997903412e-05 0 -0.00012223455775322502 0 0.00017665722549808899 -6.7199291761754545e-05 1.0287836921530617e-05 0 -2.6209555849837976e-06 0 0.00014282080275002191
leaf_weight=29 80 297 160 74 30 135 161 35 21 32 69 704 299 429 366 220 136 209 47 865 24 252 134 42 479 281 21 3269 24 66
leaf_count=29 80 297 160 74 30 135 161 35 21 32 69 704 299 429 366 220 136 209 47 865 24 252 134 42 479 281 21 3269 24 66
internal_value=0 1.65052e-05 4.33564e-05 7.61354e-05 0.000115561 0.000146713 -1.42594e-06 -4.31484e-05 -8.81655e-05 -0.00012096 -0.000172823 0 1.06464e-05 2.89857e-05 4.69925e-05 6.97822e-05 -6.77985e-06 -2.01389e-05 -8.63692e-05 -4.84396e-06 -3.35999e-05 -5.75456e-05 -8.57696e-05 -1.8669e-10 -2.37317e-06 -3.19738e-05 0.000104811 1.85984e-06 3.74258e-05 8.7394e-05
internal_weight=8990 725 428 268 194 164 8265 237 157 136 101 8028 2410 1314 885 586 1096 960 256 5618 661 547 386 4957 4894 760 63 4134 114 90
internal_count=8990 725 428 268 194 164 8265 237 157 136 101 8028 2410 1314 885 586 1096 960 256 5618 661 547 386 4957 4894 760 63 4134 114 90
is_linear=0
shrinkage=0.05


Tree=182
num_leaves=31
num_cat=0
split_feature=228 205 15 273 91 301 318 353 49 18 199 199 73 377 77 91 13 297 66 276 49 325 297 356 51 284 375 66 326 208
split_gain=8.83162e-05 0.000350984 0.000302237 0.000320218 0.000659056 0.000479907 0.000408673 0.00042419 0.000325046 0.000317887 0.000312466 0.000194585 0.000278816 0.000311688 0.000272966 0.000215627 0.000188695 0.000180515 0.000351261 0.000361528 0.000887863 0.000553009 0.000455525 0.000496094 0.000433199 0.000442245 0.000420332 0.000379902 0.000718898 0.000356089
threshold=-0.87407435211986473 1.2472809064924193 0.045138888888888902 -1.0000000180025095e-35 -0.54544875310880458 -0.0030419409720472408 -0.028848231164988577 0.12979453479501091 -0.62638233930439846 -0.65985643609547184 -0.79367441227596858 -0.8695802054963947 1.0865511160829402 0.11811458616845644 0.37185846560846608 -0.99949465173922636 0.0064484126984126512 5.6765843398975953e-05 2.1324441231608504 -0.16086111605296619 1.6698672543817352 -0.011927769763169225 0.0010100172923324659 0.020247864258137408 0.78703622079279612 -0.00033068783068799368 0.11939610664188384 -0.97096341970504485 -0.16946998074776168 -1.6741132245487618
decision_type=10 10 2 8 2 10 10 10 2 2 10 10 2 10 2 2 2 10 2 10 2 10 10 10 2 10 10 2 10 10
left_child=1 2 -1 4 -4 8 7 -6 -5 -7 -11 -3 13 14 -13 -16 -10 -2 19 21 22 24 23 -21 25 -19 -22 28 -23 -20
right_child=17 11 3 5 6 9 -8 -9 16 10 -12 12 -14 -15 15 -17 -18 18 29 20 26 27 -24 -25 -26 -27 -28 -29 -30 -31
leaf_value=1.6463785307793611e-05 -2.2952432964774242e-06 -8.3292354785473256e-06 -6.0740169214715344e-06 0 -0.00016519684269728592 0 0 0 0.00017105350334972703 0 -0.00010774193811028059 0 0 0 0 0.00013249435965512383 0 0 -0.00017634815277948785 -8.0368990413063357e-05 0.00023931246119667668 0 1.4913077202905911e-05 0 0 0.00014675389353596176 0 -1.9779353941106306e-06 0.00020643652301155087 0
leaf_weight=250 4117 218 465 70 221 210 49 26 68 88 178 68 138 106 51 192 34 134 43 389 53 66 428 155 82 249 31 688 65 58
leaf_count=250 4117 218 465 70 221 210 49 26 68 88 178 68 138 106 51 192 34 134 43 389 53 66 428 155 82 249 31 688 65 58
internal_value=0 -8.0747e-06 -2.2405e-05 -3.28505e-05 -5.52248e-05 0 -0.000115524 -0.000141869 6.41489e-05 -3.21322e-05 -6.95256e-05 1.62121e-05 3.48589e-05 5.7344e-05 8.31474e-05 0.000107956 0.000122047 3.08007e-06 1.41941e-05 1.98261e-05 0 3.76853e-05 -1.53627e-05 -4.83704e-05 8.2638e-05 0.00010544 0.000153835 6.0515e-06 8.63295e-05 -6.67257e-05
internal_weight=8990 2432 1659 1409 761 648 296 247 172 476 266 773 555 417 311 243 102 6558 2441 2340 1056 1284 972 544 465 383 84 819 131 101
internal_count=8990 2432 1659 1409 761 648 296 247 172 476 266 773 555 417 311 243 102 6558 2441 2340 1056 1284 972 544 465 383 84 819 131 101
is_linear=0
shrinkage=0.05


Tree=183
num_leaves=31
num_cat=0
split_feature=349 19 294 54 91 253 363 294 217 380 244 46 263 264 385 368 75 353 264 211 345 371 319 335 237 288 272 358 317 353
split_gain=8.5266e-05 0.000335117 0.000470283 0.000487131 0.000611108 0.000730426 0.000542551 0.000324187 0.000419465 0.000413622 0.000321631 0.000290277 0.000513464 0.000285999 0.000256612 0.000242432 0.000315553 0.000226611 0.000407089 0.0002759 0.000280435 0.000344361 0.000272587 0.000378806 0.000601418 0.000513591 0.00048301 0.00059825 0.000407138 0.000588264
threshold=-0.10251774846530025 2.228098564264791 0.00033068783068784807 0.42245370370370405 0.36711447186883805 0.79428510202214808 -0.1995454742716497 0.00033068783068799379 -0.91891822296284376 0.012535253185275598 0.37916558210937074 0.42278439153439157 0.54598228854304187 0.02868020046505328 0.71314625184265579 -0.39776130018067363 0.29001322751322756 0.12979453479501091 1.2010517803401617 0.47490757070346029 -0.00066137566137569766 -0.93359804134301017 0.0012784342704437737 0.0062230636426008909 1.7615153484249955 -0.00033068783068779961 -0.86700118727097342 0.055902516277345243 -0.081300176480772077 -0.040293765555883147
decision_type=8 2 10 2 2 10 10 10 10 10 10 2 10 10 10 10 2 8 10 8 10 10 10 10 10 10 10 10 10 10
left_child=1 2 3 -1 13 6 -6 8 -4 15 -10 12 -11 -5 -3 -9 -17 22 19 20 -19 -22 23 24 -2 28 -26 -28 -25 -30
right_child=17 14 7 4 5 -7 -8 9 10 11 -12 -13 -14 -15 -16 16 -18 18 -20 -21 21 -23 -24 25 26 -27 27 -29 29 -31
leaf_value=0 -2.4766539349445124e-06 0.00017467690366016619 0 4.9618727313072422e-08 0 0 -0.00029079090583928891 0 0 0 0.00023680423631327005 0 0.00015542485591934864 -6.9104200859811525e-05 0 0 -0.00011128671489700068 0 0.00011282353147286549 -2.3005010304111386e-05 0 8.7895676091335963e-05 1.4896324150113092e-05 0 0 0 0.00019631343206658999 0 -9.6999939701810074e-07 -0.00011007872025345022
leaf_weight=448 2376 39 61 189 26 51 87 140 51 95 48 134 97 182 29 81 169 236 125 313 73 275 1835 252 30 668 109 43 317 411
leaf_count=448 2376 39 61 189 26 51 87 140 51 95 48 134 97 182 29 81 169 236 125 313 73 275 1835 252 30 668 109 43 317 411
internal_value=0 -9.26036e-06 -1.55849e-05 -4.02373e-05 -7.24599e-05 -0.000159651 -0.000230494 6.37297e-06 7.26292e-05 -1.4587e-06 0.000138217 3.21127e-05 7.43521e-05 -2.04109e-05 8.99903e-05 -4.23392e-05 -7.22455e-05 2.60439e-06 2.45093e-05 6.61767e-06 3.10556e-05 6.0269e-05 -2.74097e-07 -8.08162e-06 2.20885e-06 -2.70873e-05 9.08031e-05 0.000133456 -5.04366e-05 -6.94423e-05
internal_weight=8990 1927 1859 983 535 164 113 876 160 716 99 326 192 371 68 390 250 7063 1022 897 584 348 6041 4206 2558 1648 182 152 980 728
internal_count=8990 1927 1859 983 535 164 113 876 160 716 99 326 192 371 68 390 250 7063 1022 897 584 348 6041 4206 2558 1648 182 152 980 728
is_linear=0
shrinkage=0.05


Tree=184
num_leaves=31
num_cat=0
split_feature=27 27 369 313 374 245 346 65 62 45 237 385 59 38 264 212 197 264 41 293 40 206 367 216 36 198 334 358 27 50
split_gain=8.7146e-05 0.000228937 0.000316388 0.000227928 0.000198934 0.000244759 0.000167674 0.000545028 0.000388144 0.000243754 0.000437124 0.00018596 0.000602214 0.000522581 0.000609098 0.000363783 0.000357511 0.000344795 0.0002264 0.000383974 0.000381887 0.000745556 0.000351669 0.000292061 0.000291215 0.000283953 0.000365902 0.000239019 0.000335915 0.000269829
threshold=-1.6493203103553298 -1.8695063141295372 -0.20329945532254748 0.0037664928945619906 -0.021506205220965354 0.96153913360885623 0.090442614644508396 0.15852332540888103 0.18931878306878303 0.78869047619047616 0.038217509846065707 2.0649333588632839 -0.6469382285621641 -0.35047613793638693 -0.66038340792061023 -1.5133994864774787 0.42104755658941717 -0.05872630733843192 0.81237261937565319 -0.04765508990215838 0.22768680920127601 -0.8739737732742231 -0.30092592592592593 2.2898810641118073 0.95486111111111105 1.4853435307273644 -0.0037150598226929547 0.02472242862544655 -0.31370494345753192 -1.3296251128147147
decision_type=2 2 10 10 10 10 10 2 2 2 10 8 2 2 10 10 10 10 2 10 2 10 10 10 2 10 10 10 2 2
left_child=1 -1 -3 4 -4 -6 11 -8 -9 10 -10 18 15 -14 -15 17 -16 -13 20 25 27 -22 24 -23 -21 26 -20 29 -29 -2
right_child=6 2 3 -5 5 -7 7 8 9 -11 -12 12 13 14 16 -17 -18 -19 19 22 21 23 -24 -25 -26 -27 -28 28 -30 -31
leaf_value=0 5.6197135542713715e-05 0 0 0 0.00020671977914956069 0 0 0 0 0 -0.00040579554026669773 0 0 0 0.00019960905210304628 0 0 -0.00024498827815944965 0 0.00013188591572181656 0 0.00015729369922713767 0 0 0 0 -5.2899782137662927e-05 0 7.6259660137282311e-05 -1.0383002063937785e-05
leaf_weight=124 142 58 47 38 76 21 267 23 21 20 27 25 109 74 137 73 47 33 552 105 309 147 389 51 38 716 1020 686 223 3392
leaf_count=124 142 58 47 38 76 21 267 23 21 20 27 25 109 74 137 73 47 33 552 105 309 147 389 51 38 716 1020 686 223 3392
internal_value=0 2.39941e-05 5.70685e-05 9.29394e-05 0.000121942 0.000164892 -9.77784e-07 -3.45486e-05 -0.000140174 -0.00020133 -0.000264683 0 3.00326e-05 6.88388e-05 0.000108636 -4.05148e-05 0.000157534 -0.00013913 -1.41849e-06 -1.31943e-05 4.28019e-06 4.54041e-05 2.03746e-05 0.000121186 8.76776e-05 -2.31854e-05 -3.51275e-05 0 2.2437e-05 -6.29144e-06
internal_weight=8990 364 240 182 144 97 8626 358 91 68 48 8268 498 367 258 131 184 58 7770 2820 4950 507 532 198 143 2288 1572 4443 909 3534
internal_count=8990 364 240 182 144 97 8626 358 91 68 48 8268 498 367 258 131 184 58 7770 2820 4950 507 532 198 143 2288 1572 4443 909 3534
is_linear=0
shrinkage=0.05


Tree=185
num_leaves=31
num_cat=0
split_feature=385 277 342 257 337 328 12 361 338 274 359 197 372 58 382 62 381 344 64 358 58 241 238 358 93 301 323 333 73 323
split_gain=8.11534e-05 0.000256691 0.000244712 0.000312801 0.000393235 0.000188953 0.000271046 0.00024999 0.00024333 0.000242687 0.000181551 0.000455022 0.000465509 0.000370773 0.000239092 0.000187795 0.000518802 0.000523892 0.000366276 0.000260834 0.000401437 0.000518136 0.00046957 0.000313214 0.000448932 0.000455058 0.000295134 0.000256829 0.000528127 0.000368732
threshold=-1.7233832620203959 -0.71122083167899153 -0.03101653718227004 1.2719720469569065 0.0023140734424854487 0.027611411606986883 0.0057870370370370012 -0.21196401638560688 -0.0062830687830690282 0.11779038709470305 -0.043678008388884908 -0.45017370626017739 -0.093061695400465036 2.1776760301625155 -1.6198370307757435 0.069609788359788358 -1.0541469280537541 -0.023251455619103963 -0.48684773969056444 0.035335752536188265 0.93751690464339055 0.94196700460038574 0.39804721765524931 0.017378501357912062 0.058086655808228214 0.0010029765644550272 0.44536758498728496 -0.00099206349206401568 0.23605270146301952 -1.0000000180025095e-35
decision_type=8 10 10 10 10 10 2 8 10 10 10 8 10 2 10 2 10 10 2 10 2 10 10 10 2 10 10 10 2 8
left_child=1 2 -1 4 -4 6 8 -7 -3 -9 11 12 -2 14 -14 16 27 -18 -19 23 21 22 -21 -17 -25 -26 -22 28 -12 -29
right_child=10 5 3 -5 -6 7 -8 9 -10 -11 15 -13 13 -15 -16 19 17 18 -20 20 26 -23 -24 24 25 -27 -28 29 -30 -31
leaf_value=0 0 0 0 0 -0.00023895297644994183 0 0 -0.00019781892579452407 0.00010255103646944742 0 0.0001688385137471735 -2.4576495337293098e-06 0 0 0.00015940491025562601 2.021128189774548e-07 0 -0.00026855086559132284 0 0.00016157849758722953 -5.9210708128491856e-06 -2.0766589145781104e-06 0 0 -0.0001192810006639561 0 5.3100502572456839e-05 0 0 -0.00011015886297033062
leaf_weight=53 49 39 90 40 56 23 256 40 135 22 64 216 20 25 169 5397 51 55 62 157 880 45 92 179 216 85 254 82 51 87
leaf_count=53 49 39 90 40 56 23 256 40 135 22 64 216 20 25 169 5397 51 55 62 157 880 45 92 179 216 85 254 82 51 87
internal_value=0 -1.56472e-05 -5.87887e-05 -8.79077e-05 -0.000123272 0 1.7708e-05 -6.2977e-05 6.83137e-05 -0.000124495 1.48876e-06 3.1392e-05 7.81869e-05 0.000113789 0.000139863 0 -3.1597e-05 -0.000101984 -0.000161602 1.57515e-06 2.1142e-05 7.45024e-05 0.00010841 -2.32873e-06 -4.11936e-05 -8.02068e-05 2.89366e-06 0 6.63656e-05 -2.82682e-05
internal_weight=8990 754 239 186 146 515 430 85 174 62 8236 479 263 214 189 7757 452 168 117 7305 1428 294 249 5877 480 301 1134 284 115 169
internal_count=8990 754 239 186 146 515 430 85 174 62 8236 479 263 214 189 7757 452 168 117 7305 1428 294 249 5877 480 301 1134 284 115 169
is_linear=0
shrinkage=0.05


Tree=186
num_leaves=31
num_cat=0
split_feature=248 207 65 362 62 245 247 350 56 327 332 25 77 61 66 299 246 368 350 274 332 32 50 367 299 311 348 62 211 384
split_gain=8.45513e-05 0.000258902 0.000338398 0.000479195 0.000445146 0.000337907 0.00030924 0.000381677 0.000430916 0.000392141 0.000358033 0.000313091 0.000341304 0.000299642 0.000339803 0.000235466 0.000292142 0.000418568 0.000223773 0.000275824 0.000215862 0.00042646 0.000370913 0.000397031 0.000272401 0.000379984 0.000250993 0.000431187 0.000379563 0.000324208
threshold=0.78771253426859567 1.0749318964116257 -0.22921990308008447 -0.0048776455026462986 0.43601190476190504 -1.7807208654123685 -0.096945055840580927 0.020945558665775969 0.47222222222222232 -0.065126372250226175 -0.0029719888957609459 0.014384920634920601 0.9685846560846566 -1.7096580060989248 -0.90478308978315991 -0.30432176597610494 -0.84220902661976049 1.0121381686819939 -0.0052179233616810863 -2.2994364926734807 0.0095981892956169008 0.37251984126984106 -1.1549963195240747 -0.24785052910052896 -0.32975722501178689 0.0059523809523810501 0.17388351909866154 0.72734788359788405 -0.556046361416763 0.51941396266802553
decision_type=8 10 2 10 2 10 10 10 2 10 10 2 2 2 2 8 8 10 10 10 10 2 2 10 10 10 8 2 10 10
left_child=20 6 -3 4 -4 -5 7 15 -9 10 -10 12 -8 -7 -15 18 17 -17 19 -2 26 22 -22 -24 -25 -26 -1 28 -28 -30
right_child=1 2 3 5 -6 13 11 8 9 -11 -12 -13 -14 14 -16 16 -18 -19 -20 -21 21 -23 23 24 25 -27 27 -29 29 -31
leaf_value=2.5363276257279616e-06 0 5.2513389152587362e-06 0 3.7236495582241993e-06 -0.00034979638700460315 0 0.00010990899181639342 0 -0.00020059275896272579 0 0 0 0 0 -0.00017466220698632515 0.00012598285044180025 0 0 0 -0.0001198420940366137 0 0 0 0 -0.00022976083439216124 0 0 -5.1823820641402016e-06 0.00013034860598164783 0
leaf_weight=5095 25 78 24 141 31 38 176 174 104 117 21 461 21 27 85 128 432 43 76 110 86 672 76 28 93 30 169 171 219 39
leaf_count=5095 25 78 24 141 31 38 176 174 104 117 21 461 21 27 85 128 432 43 76 110 86 672 76 28 93 30 169 171 219 39
internal_value=0 -8.26872e-06 -4.35767e-05 -6.90292e-05 -0.000221054 -2.30537e-05 0 -1.51357e-05 -5.45016e-05 -9.77501e-05 -0.000162259 2.73229e-05 8.03981e-05 -8.15213e-05 -0.000124824 0 2.06183e-05 7.59411e-05 -3.9674e-05 -8.12427e-05 2.82502e-06 -1.73864e-05 -6.60016e-05 -0.000100444 -0.00014742 -0.000179466 7.20048e-06 3.85725e-05 6.77989e-05 0.000106222
internal_weight=8990 2312 424 346 55 291 1888 1230 416 242 125 658 197 150 112 814 603 171 211 135 6678 985 313 227 151 123 5693 598 427 258
internal_count=8990 2312 424 346 55 291 1888 1230 416 242 125 658 197 150 112 814 603 171 211 135 6678 985 313 227 151 123 5693 598 427 258
is_linear=0
shrinkage=0.05


Tree=187
num_leaves=31
num_cat=0
split_feature=203 376 250 12 354 359 248 385 275 317 373 245 229 356 203 381 348 342 384 347 200 19 323 335 32 351 387 277 39 380
split_gain=8.2304e-05 0.000222291 0.000341888 0.000428919 0.000333107 0.00021126 0.0003027 0.000495624 0.000531577 0.000449129 0.000253382 0.000314461 0.000239774 0.000194552 0.000191487 0.000643114 0.000489487 0.000445953 0.000553192 0.000696299 0.000353767 0.000328241 0.000422378 0.000446311 0.000292123 0.000237023 0.000216301 0.00072122 0.00027913 0.000256603
threshold=1.4044140229654565 -0.043587290463462325 -0.49398453131099168 0.0038029100529100007 -0.12607737482022041 0.012347497732625225 0.93797382584935274 -0.99760013284703064 -1.4154483342913398 -0.086807278182762446 0.00066137566137494674 1.8343286922673816 -1.3356471930831177 -0.055791598224453058 0.74018093070211888 -0.25300039405383629 0.19382595257358584 0.025802335643947561 -0.43099759251071351 0.032330839035516042 -0.96327298768889846 -0.16193256298011596 0.8378784465805964 -0.022922570834129515 0.50000000000000056 -0.15659429740779521 -0.41626095036647498 -0.71122083167899153 -1.5280572578447746 -0.0010502052584712149
decision_type=10 10 10 2 10 10 8 10 10 10 10 10 10 10 8 10 10 10 10 10 10 2 10 10 2 10 8 10 2 10
left_child=14 2 -2 -4 -5 6 -3 -8 -9 -10 11 12 -7 -14 26 20 17 18 -17 -20 24 -22 23 -23 25 -16 27 28 -1 -28
right_child=1 5 3 4 -6 10 7 8 9 -11 -12 -13 13 -15 15 16 -18 -19 19 -21 21 22 -24 -25 -26 -27 29 -29 -30 -31
leaf_value=0 0 0 0 0 0.00014853786060271864 0 9.7527552015967919e-06 0 0 -0.00022986662962996428 0 0 0 0.00014371970366420462 0 0 2.5200079332492394e-05 0 -0.0001402746053129628 0 0 0 0 0.00015850312038267523 0 -0.00018218277800074857 1.6748050022877529e-05 0 -0.00025059817490591065 -3.8704299988486999e-06
leaf_weight=27 165 367 56 33 158 26 35 70 21 89 225 35 22 134 20 94 100 240 376 49 255 60 57 149 92 47 2438 189 47 3314
leaf_count=27 165 367 56 33 158 26 35 70 21 89 225 35 22 134 20 94 100 240 376 49 255 60 57 149 92 47 2438 189 47 3314
internal_value=0 1.0967e-05 4.20436e-05 8.00439e-05 0.00011788 0 -2.12837e-05 -6.88769e-05 -0.000111925 -0.00018045 2.44579e-05 6.43114e-05 9.61667e-05 0.000120948 -2.0911e-06 -1.80871e-05 -4.82706e-05 -6.45393e-05 -9.0768e-05 -0.000115386 1.26914e-05 3.80273e-05 7.69132e-05 0.000112153 -3.88726e-05 -0.000120278 1.17063e-06 -4.16761e-05 -0.000174642 3.99966e-06
internal_weight=8990 1436 412 247 191 1024 582 215 180 110 442 217 182 156 7554 1539 859 759 519 425 680 521 266 209 159 67 6015 263 74 5752
internal_count=8990 1436 412 247 191 1024 582 215 180 110 442 217 182 156 7554 1539 859 759 519 425 680 521 266 209 159 67 6015 263 74 5752
is_linear=0
shrinkage=0.05


Tree=188
num_leaves=31
num_cat=0
split_feature=228 205 66 291 295 379 373 17 273 384 27 346 15 291 212 286 29 348 266 378 242 363 376 265 273 319 205 273 286 384
split_gain=8.45732e-05 0.000313539 0.000287019 0.000297228 0.000290338 0.000317376 0.000435308 0.000202144 0.00042272 0.000565792 0.000554344 0.00023046 0.000216512 0.000199612 0.00025338 0.00024143 0.00020456 0.000188279 0.000187928 0.000178065 0.000236211 0.000390736 0.000411774 0.000211464 0.000196436 0.000180495 0.000185434 0.000169862 0.000162828 0.000295823
threshold=-0.87407435211986473 1.2472809064924193 1.0831024118299801 -0.043505688494817722 -0.0043478534837770857 -0.56583385461916313 -0.013558201058200962 -0.097571520852987828 -0.040021623919795912 0.14488689943627064 -0.31227083835860042 -0.019564742966209931 0.0071097883597883013 -0.10033534773108331 0.67884319575288721 -0.00033068783068779993 0.95916005291005313 -0.029136929976438294 0.412253226480986 0.005646407306849067 0.3955002981758961 -0.13036050454917839 -0.05048955162389037 0.69667496323633604 -1.0750025648937744 0.018638567988892369 2.3650325318394283 -0.958432214562285 -0.00033068783068780069 -0.021132617387150662
decision_type=10 10 2 10 10 10 10 2 10 10 2 10 2 8 8 10 2 10 10 10 10 10 10 10 10 10 10 10 10 10
left_child=1 2 3 7 -5 -6 -7 8 10 -10 -1 -9 -13 15 17 16 -4 -15 -19 23 -21 -22 -23 24 -3 26 -26 -24 29 -2
right_child=28 19 13 4 5 6 -8 11 9 -11 -12 12 -14 14 -16 -17 -18 18 -20 20 21 22 27 -25 25 -27 -28 -29 -30 -31
leaf_value=1.0888090054124358e-06 4.0776242067081499e-05 0 -0.00016023851416887937 0 0 0 -0.00013991338075198376 0 0.00015261841672630007 0 -0.00014053138948219907 0 -7.3658564122238985e-05 0 0 0 0 0.00013492735908737604 0 1.7505424726098082e-05 0 0 0 0 0.00011574229626992448 0 0 -0.00024818060703632732 -1.2511863144981893e-06 0
leaf_weight=215 719 65 49 63 46 24 242 44 102 40 75 32 316 44 146 56 28 106 31 192 46 22 20 121 190 48 21 48 4592 1247
leaf_count=215 719 65 49 63 46 24 242 44 102 40 75 32 316 44 146 56 28 106 31 192 46 22 20 121 190 48 21 48 4592 1247
internal_value=0 -7.98891e-06 -2.15726e-05 -3.51952e-05 -7.53864e-05 -9.56869e-05 -0.000117134 -1.08301e-05 3.19912e-06 8.23508e-05 -1.83375e-05 -3.90396e-05 -5.80678e-05 3.06763e-06 3.30654e-05 -3.30899e-05 -9.85834e-05 7.39765e-05 0.000103257 1.46958e-05 -4.39252e-07 -6.25049e-05 -0.000129396 3.70825e-05 5.93267e-05 7.93599e-05 9.93357e-05 -0.000193051 2.92764e-06 1.52308e-05
internal_weight=8990 2432 1659 1199 375 312 266 824 432 142 290 392 348 460 327 133 77 181 137 773 328 136 90 445 324 259 211 68 6558 1966
internal_count=8990 2432 1659 1199 375 312 266 824 432 142 290 392 348 460 327 133 77 181 137 773 328 136 90 445 324 259 211 68 6558 1966
is_linear=0
shrinkage=0.05


Tree=189
num_leaves=31
num_cat=0
split_feature=258 259 19 311 382 344 87 16 350 240 60 319 38 371 202 283 207 211 211 207 371 54 337 288 274 27 50 217 347 50
split_gain=8.10912e-05 0.000285749 0.000318714 0.000417131 0.000210176 0.00041134 0.000443142 0.000371965 0.000417389 0.000302012 0.000209394 0.000243412 0.000458657 0.000226234 0.000204366 0.000192355 0.00018249 0.000293801 0.000498175 0.000258223 0.000470121 0.000729278 0.000333684 0.000245946 0.000245382 0.000238333 0.00022838 0.000179813 0.000224918 0.000205488
threshold=-0.64098535524856703 -0.67140826088587235 -0.46146470279749291 0.00033068783068780297 1.8683583020893815 0.015490959757295841 0.48181216931216903 0.35160788405279403 0.16071190694521215 -0.82319211237176571 0.97337962962962965 -0.0095253192356043997 -0.2535961992387849 -0.78308222104020342 -0.40037972684407291 -0.0018680206584756329 2.3746433219200731 -1.0401606288658305 0.015523406475563432 1.8613866585999419 -0.52481532456090485 0.27562830687830703 -0.001350439713566331 0.00033068783068735888 -0.39415612140706274 -0.30496108991942739 0.13648962658997651 -1.297324214253597 -0.0059912697999308642 -0.8529117608812079
decision_type=10 10 2 10 8 10 2 2 10 10 2 10 2 10 10 10 10 10 10 10 10 2 10 10 10 2 2 8 10 2
left_child=1 27 -3 -4 10 6 7 8 9 -6 16 -12 -13 -14 -7 -5 19 -18 26 23 22 -22 -21 25 -25 -2 -19 28 -1 -29
right_child=4 2 3 15 5 14 -8 -9 -10 -11 11 12 13 -15 -16 -17 17 18 -20 20 21 -23 -24 24 -26 -27 -28 29 -30 -31
leaf_value=0 -5.2836144784239863e-07 0 0 0 0 0 0 0 0 0.00020187733312995935 0 0 0 -0.00025652465657676783 -0.00010424385358644066 -0.0002452638058128667 1.3645133791677204e-05 -0.00019481979337238243 0 5.5539542545318572e-05 0 0.00018067426709564535 -9.6861679681781282e-05 0 -6.0975562587411015e-05 2.283781108870086e-05 0 3.1392711936972476e-05 5.4766000773181449e-05 -2.1557148263551674e-05
leaf_weight=98 3745 118 98 26 23 55 259 103 27 130 51 37 22 43 59 53 42 77 112 48 93 114 73 299 300 1357 29 160 294 1045
leaf_count=98 3745 118 98 26 23 55 259 103 27 130 51 37 22 43 59 53 42 77 112 48 93 114 73 299 300 1357 29 160 294 1045
internal_value=0 -9.17625e-06 -5.4412e-05 -9.71206e-05 2.4729e-06 2.94451e-05 5.20009e-05 9.53482e-05 0.000139477 0.000172338 0 -5.80227e-05 -0.000104921 -0.000186759 -3.39241e-05 -0.000185209 1.13167e-06 -3.83863e-05 -7.13376e-05 3.6658e-06 4.70427e-05 9.58177e-05 0 2.92361e-07 -2.89562e-05 4.70677e-06 -0.000148995 0 2.85591e-05 -1.03754e-05
internal_weight=8990 1892 295 177 7098 656 542 283 180 153 6442 153 102 65 114 79 6289 260 218 6029 328 207 121 5701 599 5102 106 1597 392 1205
internal_count=8990 1892 295 177 7098 656 542 283 180 153 6442 153 102 65 114 79 6289 260 218 6029 328 207 121 5701 599 5102 106 1597 392 1205
is_linear=0
shrinkage=0.05


Tree=190
num_leaves=31
num_cat=0
split_feature=50 279 288 80 384 337 246 290 59 210 244 215 319 76 18 80 207 66 275 28 248 50 91 298 248 245 17 258 386 50
split_gain=8.20692e-05 0.000303522 0.000481375 0.000488857 0.000424243 0.000443344 0.000226168 0.000161773 0.000243522 0.000154295 0.000148844 0.000164523 0.000143567 0.000137705 0.000704927 0.000296831 0.000363766 0.000336244 0.000170024 0.00028879 0.000254618 0.000304811 0.000421774 0.000490087 0.00029861 0.000454748 0.000506216 0.000401673 0.000784541 0.000236099
threshold=1.1240699184160701 0.52851908878386922 -0.00033068783068780069 0.10995370370370401 -0.94508618864868177 -0.010471299867295223 -1.8409523575996485 -0.00033068783068780069 -0.77783766664779497 -2.2072325466564355 0.13843636352417329 -0.7772855553625424 -0.007090975856711478 -1.0582384222869148 0.26327048700395606 0.33697089947089959 -0.8765505977464878 1.6141552282955451 -1.8401231742364956 0.0099206349206348004 0.75048652364530322 0.68729298860636612 -0.38070459679990848 0.00040215933122103592 0.36801018579988759 -1.4219759117460984 0.14752965820827305 0.98346000597664773 -0.040701711666811295 0.40964605458737308
decision_type=2 10 10 2 10 10 10 10 2 10 10 10 10 2 2 2 10 2 8 2 10 2 2 10 10 10 2 10 10 2
left_child=13 7 6 -4 -5 -6 9 10 12 -3 -2 -12 -9 14 -1 -16 -17 -18 19 -15 24 22 -22 -24 27 26 -26 -20 -29 -21
right_child=1 2 3 4 5 -7 -8 8 -10 -11 11 -13 -14 18 15 16 17 -19 20 29 21 -23 23 -25 25 -27 -28 28 -30 -31
leaf_value=-6.3082536865193127e-06 0 0 0 0 0 -0.0002551673734246999 -3.2909700496603268e-05 0 0 0.00015435299388735619 0 -0.00014707831025692953 0.0001254791834186492 0 0 0 0.00026810314968866181 0 5.2188375171758385e-06 0.00010233736393474263 0 3.5860264892117253e-05 -8.6196787873838788e-05 0 0.00018257262016568285 5.9379396898677334e-06 0 3.1260690294648613e-05 -6.1325952119509617e-05 0
leaf_weight=208 53 22 64 20 34 85 62 26 216 37 27 42 79 149 29 32 64 22 4104 164 744 154 465 371 95 583 24 262 691 62
leaf_count=208 53 22 64 20 34 85 62 26 216 37 27 42 79 149 29 32 64 22 4104 164 744 154 465 371 95 583 24 262 691 62
internal_value=0 -1.56595e-05 -5.40363e-05 -0.000102883 -0.000155695 -0.000192917 0 1.13013e-06 2.94086e-05 9.18104e-05 -3.22878e-05 -8.5013e-05 9.1842e-05 1.44054e-06 3.18988e-05 0.000119918 0.000155548 0.000209164 0 3.29152e-05 -1.57853e-06 -1.87882e-05 -2.72809e-05 -5.16493e-05 2.73523e-06 3.35035e-05 0.000126451 -5.47806e-07 -3.06253e-05 7.06438e-05
internal_weight=8990 767 324 203 139 119 121 443 321 59 122 69 105 8223 355 147 118 86 7868 375 7493 1734 1580 836 5759 702 119 5057 953 226
internal_count=8990 767 324 203 139 119 121 443 321 59 122 69 105 8223 355 147 118 86 7868 375 7493 1734 1580 836 5759 702 119 5057 953 226
is_linear=0
shrinkage=0.05


Tree=191
num_leaves=31
num_cat=0
split_feature=289 359 332 45 44 200 91 341 356 316 203 363 358 315 347 317 238 250 91 359 264 17 340 200 318 44 203 344 279 258
split_gain=7.82834e-05 0.000297203 0.000457184 0.000228256 0.000168475 0.000546751 0.000387301 0.000339147 0.000145469 0.000330167 0.000277101 0.000407011 0.000513669 0.000232436 0.000354077 0.000434157 0.000367458 0.000325342 0.000811817 0.000822376 0.000651882 0.000489077 0.000437868 0.000401826 0.000265048 0.000388794 0.000229545 0.000219498 0.000213594 0.000150655
threshold=-0.27192543959875665 -0.00057083908162014463 -0.0097909640911139541 0.70072751322751314 0.027612433862433856 1.1336764967868174 -0.87864631577518193 -0.0046296296296300032 0.059677456252900114 -0.023480202596106056 1.3046638226692917 0.63273905009713238 -0.11596695251787124 -0.030784467216459301 -0.0029417256796619435 -0.067508164362996212 1.1050249778239862 -0.49398453131099168 1.0028792482519853 -0.017701103939901371 1.8980637614447347 0.53317466663400659 -0.0081231948270286108 -0.45063485933540076 -0.15690608769421333 0.18030753968253979 1.5964494945489924 0.0030030120301057579 -0.60856723734876239 0.91063464074202283
decision_type=10 8 10 2 2 10 2 10 10 8 10 10 10 10 10 10 10 10 2 10 10 2 10 10 10 2 10 10 10 10
left_child=1 2 -1 -4 5 6 -2 -8 13 10 11 12 -10 14 24 -16 -17 20 23 -20 21 -15 -22 -19 26 -26 -6 29 -29 -11
right_child=4 -3 3 -5 8 -7 7 -9 9 27 -12 -13 -14 17 15 16 -18 18 19 -21 22 -23 -24 -25 25 -27 -28 28 -30 -31
leaf_value=0 0 -3.4528877042838133e-07 0.00015933678890734802 0 4.1675695757976883e-05 1.1764633560889078e-05 0 -0.0002235842590968173 0 6.0106499718198061e-07 0 3.9962559823038773e-06 -0.00010117223449392993 -5.3419711564603306e-05 -2.1529282860816974e-07 7.9084941666615659e-05 0 2.1185982844474472e-05 -5.4161180729442114e-06 0.00011865302808432316 0 1.7266571016715997e-07 0.00013556404058507205 -1.4258268767249712e-05 1.3483697940833406e-05 -8.1095105222034314e-05 -1.6341997756003355e-05 0 9.7974257666166948e-05 -6.1045865942238321e-05
leaf_weight=94 30 234 104 21 393 67 21 72 81 210 128 71 401 997 202 561 72 1170 115 297 30 434 99 2382 68 224 148 47 115 102
leaf_count=94 30 234 104 21 393 67 21 72 81 210 128 71 401 997 202 561 72 1170 115 297 30 434 99 2382 68 224 148 47 115 102
internal_value=0 2.02791e-05 6.51268e-05 0.000128705 -1.04795e-06 -4.75912e-05 -0.000120524 -0.000172067 0 -1.64583e-05 -4.0411e-05 -5.71268e-05 -7.65006e-05 2.65729e-06 1.92812e-05 4.24568e-05 6.39696e-05 -1.4575e-06 5.15969e-06 7.18962e-05 -2.14761e-05 -3.36733e-05 7.50188e-05 -1.17533e-06 0 -4.19554e-05 1.65634e-05 7.40991e-06 5.93432e-05 -3.54534e-06
internal_weight=8990 453 219 125 8537 190 123 93 8347 1155 681 553 482 7192 1668 835 633 5524 3964 412 1560 1431 129 3552 833 292 541 474 162 312
internal_count=8990 453 219 125 8537 190 123 93 8347 1155 681 553 482 7192 1668 835 633 5524 3964 412 1560 1431 129 3552 833 292 541 474 162 312
is_linear=0
shrinkage=0.05


Tree=192
num_leaves=31
num_cat=0
split_feature=258 259 266 310 77 382 343 360 58 365 78 277 85 346 36 63 349 246 273 310 207 218 377 264 17 234 84 368 271 15
split_gain=8.28543e-05 0.000255974 0.000257817 0.00032786 0.000315402 0.000189139 0.000352484 0.000315771 0.000435945 0.00036822 0.000434073 0.000271986 0.000191784 0.000185314 0.00028841 0.000422341 0.00045024 0.000502091 0.000386331 0.00053441 0.000264304 0.000275424 0.000563914 0.000260617 0.000251652 0.000234545 0.000224648 0.000292061 0.000428386 0.000232452
threshold=-0.64098535524856703 -0.67140826088587235 0.412253226480986 6.022147286849356e-05 0.80629960317460292 1.8683583020893815 0.013888888888888591 0.0095990250557200802 1.9711438840085054 -0.74206349206349187 0.92113095238095211 -0.20311444846606355 0.035156179831956458 -0.19340617053937345 0.56183862433862453 0.72238756613756616 0.03565084755536236 -0.90225378228401443 0.81092848310099197 7.6169439144485609e-05 -0.78665205464883459 -2.0862951473369131 -0.0052650602287540932 -0.17969030948724704 0.44743258697827565 2.169480891824112 0.47123015873015905 -1.1565200077340874 -0.53278393429999393 0.11491402116402101
decision_type=10 10 10 10 2 8 10 10 2 10 2 10 2 10 2 2 10 10 8 10 10 10 10 10 2 10 2 10 10 2
left_child=1 -1 -3 4 -4 13 7 8 9 -7 -11 12 -8 26 15 16 17 -15 -17 -20 24 22 -22 -18 25 -16 27 -2 -29 -30
right_child=5 2 3 -5 -6 6 11 -9 -10 10 -12 -13 -14 14 20 18 23 -19 19 -21 21 -23 -24 -25 -26 -27 -28 28 29 -31
leaf_value=0 0 0 -0.00025462986264416327 0 0 0 0 0 0 0.00017228890888358055 0 0 -0.00024597127546701952 9.7056698108747622e-05 -7.0529536511390085e-05 0 -4.3771076470965978e-05 1.6084135394898981e-05 -0.00022120871428783469 0 -0.0001901284548746656 3.2759435765819438e-06 0 2.134436932225275e-05 0 0 0 0 -0.00024384000046709194 0
leaf_weight=1597 34 173 47 53 22 27 22 231 92 174 36 53 21 386 403 347 261 793 51 41 57 3191 79 332 236 82 40 29 57 23
leaf_count=1597 34 173 47 53 22 27 22 231 92 174 36 53 21 386 403 347 261 793 51 41 57 3191 79 332 236 82 40 29 57 23
internal_value=0 -9.22897e-06 -5.21023e-05 -0.000108811 -0.00018106 2.54511e-06 2.81207e-05 4.78584e-05 7.93527e-05 0.000115485 0.0001394 -3.49171e-05 -0.000135996 0 1.3907e-06 1.65305e-05 2.87172e-05 4.68407e-05 -2.12691e-05 -0.000112443 -5.64364e-06 0 -6.93368e-05 0 -3.30927e-05 -5.40815e-05 -4.96398e-05 -8.41282e-05 -0.000126395 -0.00018743
internal_weight=8990 1892 295 122 69 7098 656 560 329 237 210 96 43 6442 6259 2211 1772 1179 439 92 4048 3327 136 593 721 485 183 143 109 80
internal_count=8990 1892 295 122 69 7098 656 560 329 237 210 96 43 6442 6259 2211 1772 1179 439 92 4048 3327 136 593 721 485 183 143 109 80
is_linear=0
shrinkage=0.05


Tree=193
num_leaves=31
num_cat=0
split_feature=322 365 380 80 230 349 382 297 229 316 206 295 277 293 85 21 250 217 303 365 24 322 211 13 285 91 293 250 60 375
split_gain=8.36301e-05 0.000355849 0.000531484 0.0004656 0.000392106 0.00036666 0.000342386 0.00064915 0.000490462 0.000382189 0.000369222 0.000356354 0.000355882 0.000349638 0.000572474 0.000575828 0.000306638 0.000513529 0.000523302 0.00021625 0.000214916 0.000249022 0.000232899 0.000168631 0.000257928 0.000314356 0.000330278 0.000347926 0.000387293 0.000208608
threshold=0.0085003002635277731 -0.40360449735449733 0.073818588953376355 0.14963624338624301 1.1359012601286771 0.15410639343998447 -1.2234193778677429 0.0020684254147398389 0.38458661258821397 -0.1268960068636012 -1.4707134639058177 -0.0028691484272996416 -1.136391708905828 -0.066765696312256026 -0.55216670008190694 1.8509926479202601 -0.57558789970242807 0.3487104558874134 -0.00033068783068779993 -0.77678571428571408 0.98627645502645511 0.010346597580769697 0.033936024963563016 0.015624999999999951 -0.0059242066549377572 0.088793775834675306 0.0047393719772865781 1.251905773700553 0.20949074074074103 -0.045673028950357623
decision_type=10 10 10 2 10 10 10 10 10 10 10 10 10 10 2 2 10 8 10 10 2 10 10 2 10 2 10 10 2 10
left_child=23 2 3 -2 5 19 7 8 9 -3 -9 16 -11 20 -15 -16 -8 18 -18 -5 22 -22 -13 -1 29 -26 27 28 -27 -25
right_child=1 6 -4 4 -6 -7 11 10 -10 12 -12 13 -14 14 15 -17 17 -19 -20 -21 21 -23 -24 24 25 26 -28 -29 -30 -31
leaf_value=0 0 0 1.9257843585280849e-06 0 0 0 1.8221106681453277e-05 0.00021502599825125291 0 0 0 5.0715542633233321e-05 -0.0001693277530811938 0 0.00012583901215990574 0 -0.00019666178872820061 0 0 -0.00024310617714679413 0 -0.00015317659428049741 -8.3755920821257511e-06 0 3.8644235701308204e-06 0 0 0 0.0001798719963665637 -9.255998442428141e-05
leaf_weight=5942 76 28 117 20 50 24 99 25 108 35 72 251 177 158 295 78 91 94 57 101 22 46 208 43 477 25 30 34 139 68
leaf_count=5942 76 28 117 20 50 24 99 25 108 35 72 251 177 158 295 78 91 94 57 101 22 46 208 43 477 25 30 34 139 68
internal_value=0 -8.35011e-06 -5.18967e-05 -9.35692e-05 -0.000134655 -0.000176453 0 -3.73539e-05 -7.59212e-05 -0.000116033 4.94536e-05 1.29576e-05 -0.00014052 2.9618e-05 5.82538e-05 9.30941e-05 -2.40686e-05 -6.2022e-05 -0.000122298 -0.000211839 0 -8.21064e-05 1.3051e-05 2.81213e-06 2.4126e-05 3.87349e-05 8.97336e-05 0.000115929 0.000146713 -2.36072e-05
internal_weight=8990 2232 388 271 195 145 1844 445 348 240 97 1399 212 1058 531 373 341 242 148 121 527 68 459 6758 816 705 228 198 164 111
internal_count=8990 2232 388 271 195 145 1844 445 348 240 97 1399 212 1058 531 373 341 242 148 121 527 68 459 6758 816 705 228 198 164 111
is_linear=0
shrinkage=0.05


Tree=194
num_leaves=31
num_cat=0
split_feature=235 13 286 376 66 91 372 286 356 379 19 264 17 265 63 216 348 386 76 15 76 352 198 247 338 85 316 77 251 75
split_gain=8.04678e-05 0.000285586 0.000557606 0.000322068 0.000358714 0.000374423 0.000344924 0.000261573 0.000303846 0.00041537 0.000272785 0.000339447 0.00025437 0.000357489 0.00020829 0.000195669 0.000380552 0.000346568 0.0003287 0.000338023 0.000306882 0.000523245 0.000314793 0.000301472 0.000331671 0.000276762 0.000213928 0.000195347 0.000184489 0.000414728
threshold=1.1883832109402916 0.0033068783068781996 -0.00033068783068780199 0.017048235908639329 1.0980400941797701 -0.63259166682860535 -0.0015747451072577465 -0.0003306878306878974 0.12171861815208 0.5069003861710687 -0.42417509826161498 -0.61369600043719685 -0.038063050155371682 1.7070908629279806 0.28224206349206354 -0.98327411895876227 -0.024460625324396908 -0.021150182396599933 -0.60102307671540389 0.7296626984126986 0.44226857500506156 0.010996185776413371 1.3008489514660122 -0.68932870869037177 -0.0023148148148112164 -0.67631968526677044 -0.073031638313808087 0.23991402116402102 -1.3959003351419155 0.26157407407407401
decision_type=10 2 10 10 2 2 10 10 10 10 2 10 2 10 2 8 10 10 2 2 2 10 10 10 10 2 10 2 8 2
left_child=15 7 12 14 5 -5 -7 -2 9 10 -9 -12 13 27 -4 16 17 -1 -19 25 22 26 23 -18 -25 -20 -22 -3 29 -17
right_child=1 2 3 4 -6 6 -8 8 -10 -11 11 -13 -14 -15 -16 28 20 18 19 -21 21 -23 -24 24 -26 -27 -28 -29 -30 -31
leaf_value=0 0 0 -5.5687377657413247e-05 0 0 0 -0.00021132742391948651 0 0 0 0 0.00025140360868901345 0 0 2.9636177235302517e-05 -2.4171834159685881e-05 0 0 0 0 0 0 3.5436723895883137e-06 0 -0.00018325606087141627 -0.00023340029487018988 0.00024153544478814007 0.00018930081502055625 -1.6851677740099636e-06 5.7289434650107708e-05
leaf_weight=83 106 24 95 42 142 21 88 45 31 25 40 77 81 21 257 144 49 33 42 23 20 42 145 40 75 86 42 83 6563 425
leaf_count=83 106 24 95 42 142 21 88 45 31 25 40 77 81 21 257 144 49 33 42 23 20 42 145 40 75 86 42 83 6563 425
internal_value=0 1.22399e-05 0 -2.59424e-05 -6.50258e-05 -0.0001189 -0.000167807 5.24165e-05 8.41494e-05 0.00011097 0.000143595 0.000185384 6.77526e-05 0.000111612 0 -1.77716e-06 -2.74872e-05 -7.40654e-05 -0.000112539 -0.000144463 0 7.67467e-05 -2.23245e-05 -7.56531e-05 -0.000121276 -0.000176673 0.000175893 0.000152462 0 2.78872e-05
internal_weight=8990 1178 854 645 293 151 109 324 218 187 162 117 209 128 352 7812 680 267 184 151 413 104 309 164 115 128 62 107 7132 569
internal_count=8990 1178 854 645 293 151 109 324 218 187 162 117 209 128 352 7812 680 267 184 151 413 104 309 164 115 128 62 107 7132 569
is_linear=0
shrinkage=0.05


Tree=195
num_leaves=31
num_cat=0
split_feature=349 67 375 348 248 257 301 315 200 328 268 255 357 348 360 386 374 41 379 301 343 326 321 19 356 39 220 34 365 368
split_gain=7.93758e-05 0.000333227 0.00038941 0.000405531 0.000485076 0.000433399 0.000487404 0.000402748 0.000388567 0.000471983 0.000365258 0.000477898 0.000811869 0.000295314 0.000353379 0.000393879 0.000201449 0.000399031 0.00041711 0.000328718 0.000426623 0.000449247 0.000512443 0.000633571 0.000414619 0.000553862 0.000538745 0.000456125 0.000417649 0.000474874
threshold=-0.10251774846530025 2.186031285154153 0.023799685644630645 0.0027265203634788686 -0.6983458294520446 -0.60060380719591022 0.0060578379872701102 -0.0023980750817181869 -0.24009131636952818 -0.0085475494199758178 -1.3091213307911622 -0.055434574827280765 -0.025132275132274947 -0.078793886607736494 0.0061202222074804866 0.012408091378454946 -0.3625100804619576 0.16239105288478353 -0.22763942421617869 -0.0031436526769300639 0.011243386243386133 0.017661477827956743 0.019623758404294426 0.029305984042973052 -0.039104910302266253 1.1035922037106702 1.467060296225186 0.78356481481481421 -0.073247354497354436 0.085159994966639327
decision_type=8 2 10 10 10 10 10 10 10 10 10 10 10 10 10 10 8 2 10 10 10 8 10 2 8 2 10 2 10 10
left_child=1 2 7 13 -5 -6 -7 10 9 -3 -1 12 -12 -4 15 -15 17 -2 -19 20 21 22 23 -18 25 26 27 -21 29 -26
right_child=16 8 3 4 5 6 -8 -9 -10 -11 11 -13 -14 14 -16 -17 19 18 -20 24 -22 -23 -24 -25 28 -27 -28 -29 -30 -31
leaf_value=0 0 0 6.8408374699031083e-06 -1.2116823066450209e-05 0 0.00016490962704716059 0 0 0 0.00018355585240410784 0 -5.7095678723364422e-06 -0.00016351262457365453 0 0 -0.00028447709139171147 1.2156458832982183e-05 0 -0.00017057485989794543 -9.8901396044837368e-05 -1.990886608424019e-05 0 0 0.00017006327006475469 6.7857929888734614e-05 1.487062433265886e-05 0 0 -2.4998765424570935e-06 1.9985435677641971e-06
leaf_weight=111 201 25 88 96 91 158 23 286 104 76 121 302 249 77 85 35 205 51 83 475 212 421 102 205 521 316 165 69 3090 947
leaf_count=111 201 25 88 96 91 158 23 286 104 76 121 302 249 77 85 35 205 51 83 475 212 421 102 205 521 316 165 69 3090 947
internal_value=0 -8.96491e-06 -1.82776e-05 5.98365e-06 4.65889e-05 8.56811e-05 0.000130434 -3.77737e-05 4.48544e-05 0.000117004 -5.68657e-05 -7.1599e-05 -0.000111853 -2.89073e-05 -7.02392e-05 -0.000128667 2.48337e-06 -3.3564e-05 -0.000101263 5.02186e-06 2.94251e-05 4.59944e-05 7.77676e-05 0.000103324 0 -2.87151e-05 -5.51917e-05 -8.02824e-05 6.4783e-06 2.87811e-05
internal_weight=8990 1927 1722 653 368 272 181 1069 205 101 783 672 370 285 197 112 7063 335 134 6728 1145 933 512 410 5583 1025 709 544 4558 1468
internal_count=8990 1927 1722 653 368 272 181 1069 205 101 783 672 370 285 197 112 7063 335 134 6728 1145 933 512 410 5583 1025 709 544 4558 1468
is_linear=0
shrinkage=0.05


Tree=196
num_leaves=31
num_cat=0
split_feature=48 372 47 272 311 326 243 279 227 378 316 226 384 48 288 352 361 378 232 304 383 217 59 252 379 236 362 50 264 280
split_gain=8.17936e-05 0.000308148 0.000349091 0.000346765 0.000288693 0.000338186 0.000318219 0.000452681 0.000249714 0.000454392 0.000553046 0.000245405 0.000261954 0.000267783 0.00026408 0.000399758 0.000255595 0.000288527 0.00033713 0.00018472 0.000342321 0.000286178 0.000289398 0.000236358 0.000416029 0.000335803 0.000316398 0.000630464 0.000264003 0.000157514
threshold=1.5117874714062551 -0.00055541043812912239 0.74388227513227512 1.1477853952221659 0.00082671957671975025 -0.59653387142417746 -1.6795353414510372 0.29260391112432821 -2.3271855308746558 0.0062135449833968801 -0.11580370780759151 0.11186158742872941 0.012944343595175019 0.74156538691297602 -0.00033068783068780459 -0.046331560570602719 -1.1693228730632848 1.4089373508454193 -1.4986986950212695 -0.2372289897975359 -1.0000000180025095e-35 -1.7229980834950795 -0.7826812235607099 -1.2398954055795628 -0.076245185190515027 0.40432757405325614 -0.056547619047619034 -0.026303258306189344 0.42343469830366504 -0.12892569408115162
decision_type=2 10 2 10 10 10 10 10 8 10 10 10 10 2 10 10 10 10 10 8 10 10 2 8 10 10 10 2 10 10
left_child=8 3 -3 4 5 -2 -7 -8 9 10 -1 19 16 14 -14 -16 -13 18 -18 20 -10 -22 -23 24 25 -21 27 -25 -28 -15
right_child=1 2 -4 -5 -6 6 7 -9 11 -11 -12 12 13 29 15 -17 17 -19 -20 23 21 22 -24 26 -26 -27 28 -29 -30 -31
leaf_value=0 0 0 0.00016127313782377146 0 0 0 0 -0.00019124824999934906 0 0 -0.00030093541296893358 0 1.0689886103001304e-05 0.0001167497450394446 0 -9.8170769398863079e-05 0 0 9.2372624622662095e-05 -0.00015418239872539997 0 0 -0.00012216977102637075 6.4493387413118534e-05 0 0 3.6165725850577302e-06 0 -2.7154545282275406e-05 0
leaf_weight=31 52 52 41 169 26 46 98 140 220 38 34 52 114 65 54 189 25 32 415 99 48 39 183 602 192 23 4144 894 823 50
leaf_count=31 52 52 41 169 26 46 98 140 220 38 34 52 114 65 54 189 25 32 415 99 48 39 183 602 192 23 4144 894 823 50
internal_value=0 -1.73929e-05 4.59118e-05 -3.79011e-05 -6.709e-05 -8.36459e-05 -0.000106081 -0.000129493 1.36927e-06 -7.43268e-05 -0.000161861 2.91883e-06 2.62028e-05 0 -2.21939e-05 -5.81865e-05 5.05417e-05 6.4725e-05 7.8313e-05 0 -2.98985e-05 -6.92134e-05 -9.51161e-05 1.8697e-06 -3.89386e-05 -0.000111439 4.62654e-06 2.49083e-05 -4.75824e-07 6.54836e-05
internal_weight=8990 624 93 531 362 336 284 238 8366 103 65 8263 996 472 357 243 524 472 440 7267 490 270 222 6777 314 122 6463 1496 4967 115
internal_count=8990 624 93 531 362 336 284 238 8366 103 65 8263 996 472 357 243 524 472 440 7267 490 270 222 6777 314 122 6463 1496 4967 115
is_linear=0
shrinkage=0.05


Tree=197
num_leaves=31
num_cat=0
split_feature=380 267 207 211 23 249 386 372 360 283 300 328 13 64 211 60 285 87 375 300 236 33 248 226 280 23 380 217 277 70
split_gain=8.04267e-05 0.000215461 0.000278895 0.000506998 0.000273559 0.000271565 0.000312043 0.000186 0.000534999 0.000527292 0.00045074 0.00044944 0.000508318 0.00070315 0.000437568 0.000492776 0.000437386 0.000406103 0.000383211 0.000356074 0.000241961 0.00046646 0.000375906 0.000340397 0.00047683 0.000302317 0.000266863 0.000238532 0.000350128 0.00023201
threshold=-0.18344885073933712 -1.6374905160451336 -0.59520960343194351 0.68918553385547232 0.0014880952380952001 -1.5130055312845634 0.5227177560621864 0.012229387321490039 0.067243247095737077 -0.0013662472609803076 0.0087532166616898239 0.0047415794208078297 0.0028108465608465004 0.039336533771793809 -0.35693724416699679 0.40691137566137608 0.0003365870204524273 0.154431216931217 -0.15509758180272157 0.063661817714028082 -1.0000000180025095e-35 -1.0777371758611793 0.91283031543693183 2.099877993618946 -1.003452168025045 0.031084656084655955 0.088092928646103533 -1.7875160248291713 0.089615869528785294 0.35152116402116407
decision_type=10 8 10 10 2 10 10 10 10 10 10 10 2 2 10 2 10 2 10 10 10 2 10 10 10 2 10 10 10 2
left_child=1 -1 -3 4 -4 -6 -7 10 9 17 20 12 -12 16 -10 -16 -14 -9 -19 -20 21 22 26 27 -25 -26 -2 28 -22 -23
right_child=7 2 3 -5 5 6 -8 8 14 -11 11 -13 13 -15 15 -17 -18 18 19 -21 23 29 -24 24 25 -27 -28 -29 -30 -31
leaf_value=-3.7857721365146999e-05 0.00018345541756509368 0 0 -3.749511681623989e-06 0 0.00011672811897935603 0 0 0 0 0 0 -0.00019317954069276568 -2.6243650673252186e-06 0 -0.0002079180997056775 0 0 0.00017027784815444404 0 -7.3456321881724843e-05 -3.9806321300684332e-05 0 0 0.00021798615465264386 0 0 -5.5101472716663293e-07 0 2.9821482598467514e-05
leaf_weight=136 99 535 81 231 67 339 44 66 75 437 157 689 176 231 32 64 64 54 185 39 305 179 36 39 56 20 25 3931 265 333
leaf_count=136 99 535 81 231 67 339 44 66 75 437 157 689 176 231 32 64 64 54 185 39 305 179 36 39 56 20 25 3931 265 333
internal_value=0 1.0968e-05 1.9945e-05 3.98993e-05 6.82993e-05 8.38075e-05 0.000100121 -1.94776e-06 1.75388e-05 3.8953e-05 -5.51363e-06 -3.17488e-05 -6.24707e-05 -8.88858e-05 -5.10085e-05 -0.000126553 -0.000151052 8.52952e-05 0.000112484 0.000141338 7.53028e-08 2.89227e-05 0.000103902 -3.04168e-06 7.89752e-05 0.000158424 0.000146629 -6.24975e-06 -3.67737e-05 0
internal_weight=8990 1433 1297 762 531 450 383 7557 952 781 6605 1317 628 471 171 96 240 344 278 224 5288 672 160 4616 115 76 124 4501 570 512
internal_count=8990 1433 1297 762 531 450 383 7557 952 781 6605 1317 628 471 171 96 240 344 278 224 5288 672 160 4616 115 76 124 4501 570 512
is_linear=0
shrinkage=0.05


Tree=198
num_leaves=31
num_cat=0
split_feature=41 285 92 254 341 313 283 294 247 327 62 87 19 312 238 228 322 345 345 365 347 297 23 212 248 331 301 331 315 387
split_gain=8.05335e-05 0.000189945 0.000254981 0.000320702 0.000316106 0.000357532 0.000250145 0.000308846 0.000260276 0.00035245 0.00042073 0.000190498 0.000267357 0.000465967 0.000486869 0.000189525 0.000286112 0.000330084 0.000367698 0.000289901 0.000326954 0.000245555 0.000354941 0.000434056 0.000339677 0.000332898 0.000553639 0.000387617 0.00038863 0.000319031
threshold=0.19148569706615051 -0.0024169204879421753 0.42080026455026454 -1.5411325730431844 0.021825396825396987 -0.026719988952833559 -0.0014831339879813608 -0.00033068783068780459 -0.78577465708003846 -0.16352185394655785 0.86127645502645511 0.31712962962962959 0.41880643819341107 -0.055612817555107601 -0.87420240058904519 -0.87407435211986473 0.0061517296972595789 0.00033068783068782725 -0.0079365079365080089 0.077380952380952106 0.0018307100958974978 0.0010100172923324659 0.0054563492063491505 1.7926611933573204 0.98877276199013731 -0.0093519265032431225 -0.0013339328666425174 -0.035283724101404339 0.0055716090951634526 0.008954479823844121
decision_type=2 8 2 10 10 10 10 10 10 10 2 2 2 10 10 10 10 10 10 10 10 10 2 10 10 10 10 10 10 10
left_child=1 2 3 -1 5 -5 7 -3 -9 -10 -11 -8 -13 -14 -15 16 -2 18 -18 20 -20 25 23 24 -23 26 29 28 -28 -17
right_child=15 6 -4 4 -6 -7 11 8 9 10 -12 12 13 14 -16 21 17 -19 19 -21 -22 22 -24 -25 -26 -27 27 -29 -30 -31
leaf_value=0 0 0 0 0 0 -0.00020585488357290386 3.3237789176836043e-05 0 0 0.00013535616433990857 0 2.58951969877755e-06 0 0 -0.00015783048945245987 0 0 0 -0.00025521612687706658 0 0 0.0001269098832600428 0 0 0 3.0574476799362632e-06 0.0001091638740728922 -5.6031012304668304e-05 0 -0.00014305210736608731
leaf_weight=29 1045 228 273 29 20 79 435 131 32 236 38 2219 115 88 122 133 52 216 70 76 46 211 233 64 63 2256 129 128 46 148
leaf_count=29 1045 228 273 29 20 79 435 131 32 236 38 2219 115 88 122 133 52 216 70 76 46 211 233 64 63 2256 129 128 46 148
internal_value=0 5.16615e-06 -2.30573e-05 -7.42504e-05 -0.000114105 -0.000150796 9.8692e-06 3.81874e-05 6.313e-05 8.84124e-05 0.000109288 1.86831e-06 -1.53134e-06 -4.50393e-05 -9.31851e-05 -4.34005e-06 -1.93597e-05 -5.27321e-05 -9.2854e-05 -0.000125463 -0.000179688 8.21497e-07 3.18219e-05 6.58409e-05 9.64683e-05 -3.65174e-06 -3.81257e-05 0 5.68986e-05 -8.91305e-05
internal_weight=8990 4074 430 157 128 108 3644 665 437 306 274 2979 2544 325 210 4916 1505 460 244 192 116 3411 571 338 274 2840 584 303 175 281
internal_count=8990 4074 430 157 128 108 3644 665 437 306 274 2979 2544 325 210 4916 1505 460 244 192 116 3411 571 338 274 2840 584 303 175 281
is_linear=0
shrinkage=0.05


Tree=199
num_leaves=31
num_cat=0
split_feature=27 27 369 85 346 65 200 227 241 54 255 232 229 346 257 374 278 259 366 67 302 377 229 379 387 91 277 201 292 354
split_gain=7.89724e-05 0.000202003 0.000277047 0.000242989 0.000147887 0.000458226 0.000377079 0.000253749 0.000179634 0.000306248 0.000507058 0.00052709 0.000727808 0.000368507 0.000340911 0.000285919 0.000267693 0.000278078 0.000261519 0.000451667 0.000480226 0.00129258 0.000285124 0.000263598 0.000208236 0.000337875 0.000209212 0.000185694 0.000126259 0.000258989
threshold=-1.6493203103553298 -1.8695063141295372 -0.20329945532254748 0.19342506934329154 0.090442614644508396 0.15852332540888103 -0.92792690453699822 0.20102998067599306 0.82308751931894275 0.63508597883597917 0.49255036953883102 1.10977676812353 -0.79016737519042179 0.00065141282627280384 -0.58274288330914292 0.0026325776952183665 -0.42573462861502714 -1.0234385596134585 2.4263380377784585 1.2622114594253753 0.0081527342570100764 -0.0043606402238071098 -1.351482576011876 -0.019451840834173392 -0.41626095036647498 -0.58734246325269879 -1.0402664963188217 -0.62044096408034999 -0.00033068783068779993 0.018547485062687278
decision_type=2 2 10 2 10 2 10 10 8 2 10 10 10 8 10 10 8 10 10 2 10 10 10 10 8 2 10 10 10 10
left_child=1 -1 -3 -4 8 28 -7 -8 18 13 11 12 -11 16 -15 -16 27 -18 19 20 21 -2 -20 -22 25 -21 -26 -10 -6 -30
right_child=4 2 3 -5 5 6 7 -9 9 10 -12 -13 -14 14 15 -17 17 -19 22 24 23 -23 -24 -25 26 -27 -28 -29 29 -31
leaf_value=0 1.2465445893583615e-05 0 2.4557966408734269e-06 0.00018840808655189701 -2.5505907838366955e-05 0 -0.00024641087295269046 0 0 0 0 0 -0.000182450593225194 -2.8363946378609344e-06 0.00010053974578333501 0 0 -5.5620444155058198e-05 -0.00017142283702662912 0 5.1022874433201494e-05 0.00023141747960961551 0 -3.6242747755674562e-05 2.7090008931210019e-05 -0.00010345939171739249 0 8.184848661691959e-05 0 0.00012326951345359099
leaf_weight=124 342 58 126 56 170 20 51 20 39 111 276 99 165 195 209 188 115 536 41 82 144 108 112 216 794 122 4293 81 41 56
leaf_count=124 342 58 126 56 170 20 51 20 39 111 276 99 165 195 209 188 115 536 41 82 144 108 112 216 794 122 4293 81 41 56
internal_value=0 2.26673e-05 5.36888e-05 8.72014e-05 -1.09561e-06 -3.25784e-05 -0.00012941 -0.000186323 0 -1.27102e-05 -4.09343e-05 -7.92971e-05 -0.000115392 0 3.04259e-05 5.93517e-05 -2.19978e-05 -3.84643e-05 4.44751e-06 6.80535e-06 4.17245e-05 7.61623e-05 -5.6858e-05 0 5.13903e-07 -4.75902e-05 3.42676e-06 2.56585e-05 0 4.59467e-05
internal_weight=8990 364 240 182 8626 358 91 71 8268 2014 651 375 276 1363 592 397 771 651 6254 6101 810 450 153 360 5291 204 5087 120 267 97
internal_count=8990 364 240 182 8626 358 91 71 8268 2014 651 375 276 1363 592 397 771 651 6254 6101 810 450 153 360 5291 204 5087 120 267 97
is_linear=0
shrinkage=0.05


Tree=200
num_leaves=31
num_cat=0
split_feature=73 386 372 301 224 371 49 315 366 354 324 356 371 29 92 339 319 47 369 253 350 362 85 224 50 331 236 80 249 222
split_gain=8.0122e-05 0.000287267 0.000280872 0.0002122 0.000235275 0.000142413 0.000143254 0.000169445 0.000190002 0.000134312 0.000243568 0.000307602 0.000212029 0.00019716 0.000196618 0.000149961 0.000323912 0.000333757 0.000396686 0.000286566 0.000201352 0.000354561 0.000415718 0.00063986 0.000240691 0.00033288 0.000274181 0.000226146 0.000531349 0.000245287
threshold=1.3532257264095751 0.013211057457645394 0.010902680492100083 -0.0029513830433449679 1.3677443044488999 -0.21309983850785144 -0.094164926827558379 -0.041537600381294164 -0.4788185710999649 -0.23620173916543311 0.035234056754887562 0.059677456252900114 0.083769428164071527 0.95453042328042315 0.23561507936507903 -0.21931316835313894 -0.0088688524931281303 0.83217592592592615 -0.20329945532254748 -0.8709211720802118 -0.23293500660993965 -0.041832010582010519 -0.67280102037718315 -0.58056160196152751 1.0671568617586802 0.012413074135490977 -1.4718281439132797 0.88591269841269871 -0.87788114499490877 -1.7250465950892391
decision_type=2 10 10 10 10 10 2 10 10 10 10 8 10 2 2 10 10 2 10 10 10 10 2 10 2 10 10 2 10 10
left_child=9 5 3 -3 -5 6 7 -2 -9 10 11 12 14 -14 -1 16 -11 -18 -19 -20 21 -17 -23 -24 27 26 -26 29 -29 -22
right_child=1 2 -4 4 -6 -7 -8 8 -10 15 -12 -13 13 -15 -16 20 17 18 19 -21 24 22 23 -25 25 -27 -28 28 -30 -31
leaf_value=7.8418961821732482e-05 0 0 0 -0.00020623733215985676 0 3.5901982675984761e-05 0 0 -0.00013568707038467674 -1.5663946654177762e-05 0 0 0.00022007340550587044 0 0 3.0706186931204526e-06 0 0 0 0.00016153933536759037 -3.268979525710426e-05 0 0 -0.00017863914386703056 0 1.6969764810074846e-05 -6.9163605790167326e-05 -1.7381334635111889e-05 6.3003848601297664e-05 3.0305854172772193e-06
leaf_weight=93 56 21 88 64 40 207 124 30 73 68 260 77 55 21 109 129 25 29 37 141 530 94 72 127 73 133 423 228 474 5089
leaf_count=93 56 21 88 64 40 207 124 30 73 68 260 77 55 21 109 129 25 29 37 141 530 94 72 127 73 133 423 228 474 5089
internal_value=0 -1.63252e-05 -6.51876e-05 -0.000113365 -0.000143318 0 -1.77396e-05 -5.30185e-05 -9.19051e-05 1.24859e-06 2.38096e-05 5.19303e-05 7.87949e-05 0.000169087 2.00167e-05 0 3.3975e-05 7.00673e-05 9.76268e-05 0.00012904 -1.96606e-06 -3.54975e-05 -6.95323e-05 -0.000111073 0 -2.9423e-05 -5.19425e-05 3.00573e-06 2.97756e-05 0
internal_weight=8990 703 213 125 104 490 283 159 103 8287 615 355 278 76 202 7672 300 232 207 178 7372 422 293 199 6950 629 496 6321 702 5619
internal_count=8990 703 213 125 104 490 283 159 103 8287 615 355 278 76 202 7672 300 232 207 178 7372 422 293 199 6950 629 496 6321 702 5619
is_linear=0
shrinkage=0.05


Tree=201
num_leaves=31
num_cat=0
split_feature=36 350 36 257 379 222 376 266 285 49 208 378 210 320 31 211 360 274 336 218 205 275 203 54 310 273 12 77 323 343
split_gain=7.90059e-05 0.000194855 0.000163801 0.000196822 0.000262473 0.000235162 0.000227543 0.000167901 0.000157744 0.00017132 0.000124252 0.000385483 0.000401134 0.000411032 0.000630703 0.00033522 0.000531031 0.000449122 0.000235983 0.000303903 0.000225367 0.000217178 0.000213935 0.000327622 0.000382295 0.000448645 0.000308814 0.000284104 0.000273338 0.000338614
threshold=0.99785052910052918 -0.00316705111900605 0.98908730158730152 1.0405196840415418 0.1318488156709717 -1.872653033597184 0.15781732013283686 1.2896690980683692 0.00066755684148400729 -1.1832180444091647 -1.3097646345338529 0.45417533635604962 -2.4117621555668411 0.019690050953149466 0.96908068783068801 0.63225962515506917 0.020630078602350003 -1.1230522173032702 0.006283068783069252 2.0513356833533289 -1.2677055265690746 -0.74192705288408234 1.3046638226692917 0.38144841269841306 -2.3128829361007682e-05 -0.91724436875224069 0.0038029100529100007 0.82060185185185219 -0.09866187914155046 -0.0085978835978836651
decision_type=2 10 2 10 10 10 10 10 10 2 8 10 10 10 2 10 10 10 10 10 10 10 10 2 10 10 2 2 10 10
left_child=2 -2 10 4 5 -4 7 -7 9 -3 11 12 18 14 -14 16 17 -13 19 -1 -17 -15 23 -12 25 -25 28 -28 29 -24
right_child=1 8 3 -5 -6 6 -8 -9 -10 -11 22 15 13 21 -16 20 -18 -19 -20 -21 -22 -23 26 24 -26 -27 27 -29 -30 -31
leaf_value=-9.2155413945725964e-05 0 0 0 0 0 -0.0001858106138008223 0 0 0 0.00010190039655041362 1.2090746707354057e-06 0 9.5909405207852575e-05 3.2463785161381574e-05 0 0.00011735887853345797 2.2165794651443672e-05 -0.00014932216068013932 4.7210360166964351e-05 0 0 -7.153704157280442e-05 0 0 -5.4349258161891337e-07 -6.7502842203516147e-05 5.1507066434384801e-05 0 0 -0.00013630428684932512
leaf_weight=144 155 22 20 133 66 91 21 21 75 144 3168 72 501 63 195 45 52 153 64 82 67 93 35 244 1277 704 604 418 171 90
leaf_count=144 155 22 20 133 66 91 21 21 75 144 3168 72 501 63 195 45 52 153 64 82 67 93 35 244 1277 704 604 418 171 90
internal_value=0 2.16984e-05 -1.13252e-06 -3.45591e-05 -6.45378e-05 -0.000101226 -0.000127292 -0.000155927 5.28582e-05 8.01861e-05 0 1.31333e-05 2.98728e-05 4.85089e-05 6.6005e-05 -2.31543e-05 -5.97391e-05 -0.000100882 -7.6412e-06 -4.53025e-05 2.26973e-05 0 -2.63341e-06 -7.6659e-06 -2.25489e-05 -4.69142e-05 1.41643e-05 2.95484e-05 -2.20585e-05 -8.13269e-05
internal_weight=8990 396 8594 352 219 153 133 112 241 166 8242 1531 1142 852 696 389 277 225 290 226 112 156 6711 5393 2225 948 1318 1022 296 125
internal_count=8990 396 8594 352 219 153 133 112 241 166 8242 1531 1142 852 696 389 277 225 290 226 112 156 6711 5393 2225 948 1318 1022 296 125
is_linear=0
shrinkage=0.05


Tree=202
num_leaves=31
num_cat=0
split_feature=353 346 18 50 80 204 55 347 246 203 63 40 319 243 332 91 45 76 238 375 246 237 23 286 19 267 256 371 293 80
split_gain=7.67233e-05 0.000367354 0.0003887 0.000509047 0.000368463 0.000459318 0.000448382 0.000356206 0.000348836 0.00049648 0.000251144 0.00020288 0.000173283 0.000205233 0.000146245 0.000431891 0.00048871 0.000261773 0.000290039 0.000272968 0.000339656 0.000225493 0.0001952 0.000516723 0.000529935 0.000420545 0.00053503 0.000348262 0.000435633 0.000553337
threshold=-0.19715370743052982 -0.0013297880178795979 1.2682281012496401 -0.21930303125959147 0.87400793650793662 -1.6832474059606974 1.0243227811775053 -0.0055367026114465775 1.6384242532705804 -1.3158520895308972 0.23363095238095202 -1.1187627591311298 0.000294922668935993 1.1050899636070735 -0.05307679741026481 1.2794827322021154 0.78869047619047616 -0.10870785792437949 0.21832056021688426 0.0022944832720713797 0.54363369233687309 -0.69429140923707766 0.0054563492063491505 -0.00033068783068789307 -0.49477875500438995 -1.4067344591938271 1.5067136411535926 -1.3137367091506067 -0.071550421820330432 0.178240740740741
decision_type=8 10 2 2 2 10 2 10 10 10 2 2 10 10 10 2 2 2 8 10 10 10 2 10 2 10 10 10 10 2
left_child=1 4 3 7 5 -1 8 -3 9 -7 -4 -9 13 -5 15 17 -17 18 21 -19 -21 -2 23 24 -16 -26 -27 28 -25 -30
right_child=14 2 10 12 -6 6 -8 11 -10 -11 -12 -13 -14 -15 22 16 -18 19 -20 20 -22 -23 -24 27 25 26 -28 -29 29 -31
leaf_value=0 0 0 0 -8.2849212729055528e-05 0 0 0 0 0 -0.00024777534857021484 -0.00010891220050427099 0.00017887976522593623 4.2380341123225578e-05 0 0 0.00022271039810768876 0 0 0 -0.00014570344101633872 0 0.00011312137358029917 -1.0955638884681993e-05 0 0 0.00011428983556513518 0 1.4955790520912157e-06 0 -0.00013467819310169642
leaf_weight=35 27 31 37 110 69 30 80 23 22 104 93 99 106 57 427 54 23 135 202 81 53 137 2813 133 150 393 143 3083 55 185
leaf_count=35 27 31 37 110 69 30 80 23 22 104 93 99 106 57 427 54 23 135 202 81 53 137 2813 133 150 393 143 3083 55 185
internal_value=0 -1.39462e-05 3.11559e-06 3.42782e-05 -5.65414e-05 -8.60724e-05 -0.00011563 0.000107622 -0.00016554 -0.000195966 -6.05179e-05 0.000147704 0 -3.81062e-05 1.47128e-06 2.31955e-05 0.000137684 1.4204e-06 3.56607e-05 -2.65822e-05 -8.06652e-05 8.51804e-05 0 5.73646e-06 3.57293e-05 6.32617e-05 8.41602e-05 -2.47672e-06 -4.87023e-05 -9.06738e-05
internal_weight=8990 896 556 426 340 271 236 153 156 134 130 122 273 167 8094 712 77 635 366 269 134 164 7382 4569 1113 686 536 3456 373 240
internal_count=8990 896 556 426 340 271 236 153 156 134 130 122 273 167 8094 712 77 635 366 269 134 164 7382 4569 1113 686 536 3456 373 240
is_linear=0
shrinkage=0.05


Tree=203
num_leaves=31
num_cat=0
split_feature=351 387 336 339 58 275 40 229 252 358 342 320 289 342 197 86 382 234 385 46 275 199 86 215 19 347 241 85 318 211
split_gain=7.59838e-05 0.000122908 0.000171839 0.000115308 0.000282991 0.000338663 0.000487637 0.000347055 0.000151086 0.000130142 0.000343962 0.000329035 0.000650973 0.000268777 0.000381915 0.00060533 0.000312638 0.000254134 0.000281847 0.000254069 0.000252417 0.000558018 0.000393463 0.00041211 0.000391326 0.000350339 0.000345432 0.000211854 0.00026097 0.000305949
threshold=-1.5568851295373671 -0.029776493162496472 -0.0016534391534400448 -0.21931316835313894 2.1482389489723057 -0.12679949342884911 1.0000000180025095e-35 1.7013163754740186 0.38791447380856331 -0.00067159783152309627 0.069713968291098286 0.0061135860019218566 -0.0097090429285513462 -0.0013531807988715978 -1.5603626721942689 0.86276455026455012 0.0051603231516808021 2.0794390846937931 1.2244800208562732 0.0021494708994708503 -0.42465873756154177 0.74231489570582909 0.28935185185185203 -1.0572980054950063 -0.12249002172356789 -0.0023408525230240724 1.4539737289649943 -0.24151171520607598 -0.034833567990682816 -0.60100564343028928
decision_type=8 10 10 10 2 8 2 10 10 10 10 10 10 10 10 2 10 10 10 2 10 10 2 10 2 10 10 2 10 10
left_child=1 -1 -3 4 5 6 7 8 -2 10 13 -12 -13 17 15 -15 -16 18 -5 27 21 25 24 -24 -22 -21 -23 -11 29 -29
right_child=3 2 -4 9 -6 -7 -8 -9 -10 19 11 12 -14 14 16 -17 -18 -19 -20 20 22 26 23 -25 -26 -27 -28 28 -30 -31
leaf_value=0 0.00025460293771714573 0 -0.00013452265817559699 -2.5424535100367806e-05 -1.9413332317105107e-05 0 0 0 0 0 0 0.00015032701727230556 0 -0.00010618302078877742 4.6625033523461054e-06 0 -4.5920876413554313e-05 8.105495543386458e-05 4.6892036927569432e-05 3.8335703318301423e-05 0 -6.9513828152250644e-05 4.5198217634020285e-05 -4.79072643260346e-06 0.00011181194442869461 -1.3519443501235057e-05 0 0 0 0.00027156875006354044
leaf_weight=22 66 23 51 633 64 110 29 34 23 116 401 120 104 343 679 98 415 93 145 499 257 528 480 2490 183 818 84 20 26 36
leaf_count=22 66 23 51 633 64 110 29 34 23 116 401 120 104 343 679 98 415 93 145 499 257 528 480 2490 183 818 84 20 26 36
internal_value=0 -4.42131e-05 -8.17426e-05 4.86298e-07 2.98393e-05 6.095e-05 0.000109398 0.000157133 0.000209405 -4.73157e-08 -8.91602e-06 2.05517e-05 6.96332e-05 -1.86494e-05 -3.13505e-05 -7.3069e-05 -9.95837e-06 0 -5.51631e-06 3.90456e-06 8.83119e-07 -1.24791e-05 9.90837e-06 1.6061e-06 5.45746e-05 2.33323e-06 -5.25185e-05 6.00952e-05 0.000123147 0.000183911
internal_weight=8990 96 74 8894 326 262 152 123 89 8568 3031 625 224 2406 1535 441 1094 871 778 5537 5339 1929 3410 2970 440 1317 612 198 82 56
internal_count=8990 96 74 8894 326 262 152 123 89 8568 3031 625 224 2406 1535 441 1094 871 778 5537 5339 1929 3410 2970 440 1317 612 198 82 56
is_linear=0
shrinkage=0.05


Tree=204
num_leaves=31
num_cat=0
split_feature=322 381 380 248 382 297 229 361 224 374 215 378 279 277 327 218 380 254 238 285 290 274 205 223 370 342 59 44 34 225
split_gain=7.59995e-05 0.000330779 0.000385787 0.000338379 0.000283805 0.00056761 0.00042772 0.000379862 0.000420587 0.00036091 0.000400331 0.000354105 0.000488242 0.000508816 0.000325121 0.000311116 0.000278573 0.000382326 0.000245283 0.000350906 0.000223855 0.00018864 0.000198168 0.000181276 0.000178245 0.000245474 0.00024128 0.000368741 0.000217521 0.000205837
threshold=0.0085003002635277731 -1.4553529616933341 0.073818588953376355 -0.93470181515197404 -1.2234193778677429 0.0020684254147398389 0.38458661258821397 0.61574383280791756 -0.74695835456275328 0.22494606835087708 -0.94554150434120354 -0.73670552776402332 -0.63891304774010493 1.1056172509960034 -0.018432264061716493 0.078573481462251238 -0.25593449972294297 -0.84503642171264814 0.16670082408328415 -0.00049140053095358949 -0.0003306878306878999 -1.184483432974283 -1.3524280120628276 -0.44858887859096558 0.30779980946359337 0.067072611259700807 1.581185220610023 0.69659391534391502 0.91418650793650802 1.945808941165952
decision_type=10 10 10 10 10 10 10 10 10 10 10 10 10 10 10 10 10 10 10 10 10 10 10 10 8 8 2 2 2 10
left_child=24 2 3 -2 5 6 9 11 -9 10 -3 21 23 -14 15 -7 -5 -18 19 -10 -19 -6 -23 -13 29 26 27 28 -26 -1
right_child=1 4 -4 16 7 14 -8 8 18 -11 -12 12 13 -15 -16 -17 17 20 -20 -21 -22 22 -24 -25 25 -27 -28 -29 -30 -31
leaf_value=4.2146597595649954e-06 0 0 0 0 0 0 0 0 0 0 -0.00018817146960270912 -5.3770705877224946e-05 8.0340972364149749e-05 0 0 0.00023992484483820718 0 0 0 -0.00026624418492041829 -0.00019733901017169052 -0.0001195877985816646 0 1.3800087922918854e-05 0.00018674622072244545 0 0 0 0 -2.5066672202762481e-05
leaf_weight=5898 41 46 111 30 46 34 108 68 22 62 133 144 610 140 32 31 29 25 24 42 128 77 57 192 91 31 27 33 23 655
leaf_count=5898 41 46 111 30 46 34 108 68 22 62 133 144 610 140 32 31 29 25 24 42 128 77 57 192 91 31 27 33 23 655
internal_value=0 -7.90017e-06 -5.15153e-05 -8.73402e-05 0 -3.41775e-05 -7.06087e-05 1.15107e-05 -5.32336e-05 -0.000107953 -0.000143966 2.34414e-05 3.64801e-05 5.96166e-05 4.53441e-05 0.000124709 -0.000114417 -0.000138103 -0.000130215 -0.000181304 -0.000170083 -2.74398e-05 -6.72904e-05 -2.89681e-07 2.73866e-06 4.91019e-05 7.97822e-05 0.000107862 0.000151915 5.24532e-07
internal_weight=8990 2232 364 253 1868 446 349 1422 156 241 179 1266 1086 750 97 65 212 182 88 64 153 180 134 336 6758 205 174 147 114 6553
internal_count=8990 2232 364 253 1868 446 349 1422 156 241 179 1266 1086 750 97 65 212 182 88 64 153 180 134 336 6758 205 174 147 114 6553
is_linear=0
shrinkage=0.05


Tree=205
num_leaves=31
num_cat=0
split_feature=211 53 73 318 318 36 300 378 303 89 274 88 45 382 211 354 210 200 207 62 326 32 215 197 332 221 54 247 331 50
split_gain=7.53132e-05 0.000281592 0.000322054 0.00036638 0.000520989 0.000332542 0.000270062 0.00019509 0.000287056 0.000362066 0.000421862 0.000248865 0.000222431 0.000193058 0.00031352 0.000362462 0.00038289 0.000347212 0.000249999 0.000354875 0.000450754 0.000201814 0.00017514 0.000206508 0.000319218 0.000386711 0.000383592 0.000468784 0.000467508 0.000375034
threshold=-0.82642608117316907 0.039523428290383307 -0.28499692266421245 -0.15911392468940858 -0.049940057885421822 0.98908730158730152 0.1217792832558099 0.0070632306149828192 -0.00033068783068780069 0.25364824644177336 -0.83927109454822013 0.056547619047619062 0.50760582010582012 -0.34471256194265087 -0.97915378555339705 0.18878797523074911 1.7069110965831642 2.4744917191467239 0.15062936992377909 0.78621031746031711 0.12726925748475451 0.88872354497354511 -1.8459407901682867 -1.4583903688980444 0.0085709653503980038 -1.1789213070028179 0.21858465608465602 1.0010091563827144 0.012621478434309942 1.0671568617586802
decision_type=8 2 2 10 10 2 10 10 10 2 10 2 2 10 10 10 10 10 10 2 10 2 8 8 10 10 2 10 10 2
left_child=1 2 3 -1 5 6 -5 8 9 10 -4 -9 -13 18 15 16 17 -15 -3 20 21 -20 -2 24 25 -24 -26 28 -28 -27
right_child=22 13 7 4 -6 -7 -8 11 -10 -11 -12 12 -14 14 -16 -17 -18 -19 19 -21 -22 -23 23 -25 26 29 27 -29 -30 -31
leaf_value=0 3.0011439515586358e-05 -4.3024884887952916e-06 0 0.0001951435762359083 0 0 0 0 2.4586421399405311e-06 0 -0.00023627315279123158 0.00010576632447477266 0 -0.00012756322373547893 3.2082494724180929e-06 0 0 0 0.00021610560396981258 0 0 0 4.4354426282116833e-05 0 0 -5.6363206619435837e-06 -0.00018104265643067256 0 0 -0.0001037318287611132
leaf_weight=104 358 238 25 140 51 21 30 40 269 78 49 143 62 246 148 40 43 21 68 38 22 24 261 4914 78 1093 144 86 26 130
leaf_count=104 358 238 25 140 51 21 30 40 269 78 49 143 62 246 148 40 43 21 68 38 22 24 261 4914 78 1093 144 86 26 130
internal_value=0 8.90254e-06 2.82039e-05 6.8209e-05 0.000102149 0.000141544 0.000165516 0 -1.24407e-05 -7.1666e-05 -0.000150857 4.1521e-05 7.137e-05 -7.46475e-06 -3.13948e-05 -6.03054e-05 -8.38331e-05 -0.000108366 1.02751e-05 6.59615e-05 0.000116514 0.000170451 -2.30561e-06 -4.76733e-06 -1.91864e-05 -5.44143e-06 -6.52712e-05 -9.64492e-05 -0.000144553 -2.01591e-05
internal_weight=8990 1900 1012 346 242 191 170 666 421 152 74 245 205 888 498 350 310 267 390 152 114 92 7090 6732 1818 1484 334 256 170 1223
internal_count=8990 1900 1012 346 242 191 170 666 421 152 74 245 205 888 498 350 310 267 390 152 114 92 7090 6732 1818 1484 334 256 170 1223
is_linear=0
shrinkage=0.05


Tree=206
num_leaves=31
num_cat=0
split_feature=330 330 45 310 12 330 311 228 281 263 233 302 20 371 299 62 381 344 273 247 356 323 340 31 44 323 232 208 200 47
split_gain=7.34419e-05 0.000300578 0.000244057 0.000296748 0.000256323 0.000215279 0.000211048 0.000192203 0.000216953 0.000213725 0.000170103 0.000195972 0.000243758 0.000206246 0.000155394 0.000138197 0.000430364 0.00049553 0.00021486 0.000171017 0.000426067 0.000321174 0.000116342 0.000190654 0.00015831 5.52251e-05 4.44253e-05 6.54497e-05 3.77108e-05 1.27233e-07
threshold=0.032536594648401036 0.020131262112000784 0.61144179894179918 5.4958408073985117e-05 0.01496362433862425 0.0084305430982305907 0.00066137566137549925 2.0103816339229779 -0.42157396687151788 0.81635625187347027 -1.1657902775104516 -0.11931425911941344 2.0484656225938056 1.3974413029563437 0.20530584352500006 0.069609788359788358 -1.0541469280537541 -0.013805618776582705 1.5788773979550534 0.14290849877983183 0.014571144962950757 -0.15495418963571847 -6.2177238839944402e-05 0.91451719576719614 0.63078703703703709 0.71983285121657825 0.8415000006673673 -0.84155011686212056 -0.11263344601564 0.74851190476190521
decision_type=10 10 2 10 2 10 10 10 10 10 8 10 2 10 10 2 10 10 10 8 8 10 10 2 2 10 10 10 10 2
left_child=1 5 3 4 14 10 25 8 -7 28 11 -1 13 -13 -2 16 18 -18 -12 20 -17 -21 23 24 -4 -3 27 -24 -10 -5
right_child=2 6 22 29 -6 7 -8 -9 9 -11 15 12 -14 -15 -16 19 17 -19 -20 21 -22 -23 26 -25 -26 -27 -28 -29 -30 -31
leaf_value=0 -0.00017641255504319256 0.00014692885638417186 0.00016122166064524044 3.3644721140045892e-06 0 0 0 0 -0.00023916018380080117 0 -1.0417710356369279e-05 0.0001241241981136683 0 0 0 -4.7651223945468135e-07 0 -0.00015219594051088696 9.456867673531669e-05 9.3354987873771149e-06 3.0279459052974089e-05 -2.5028299108179412e-05 -0.00010780036742557803 0 0 0 0 0 0 0
leaf_weight=30 82 66 44 28 22 51 24 34 38 21 244 133 40 37 22 3710 51 114 57 1039 1454 1418 25 40 24 22 33 21 22 44
leaf_count=30 82 66 44 28 22 51 24 34 38 21 244 133 40 37 22 3710 51 114 57 1039 1454 1418 25 40 24 22 33 21 22 44
internal_value=0 1.06959e-06 -2.12417e-05 -6.29055e-05 -0.000109999 0 8.24085e-05 -5.63674e-05 -8.73643e-05 -0.000138275 1.12026e-06 4.25992e-05 6.63754e-05 9.49963e-05 -0.000144265 0 -2.65369e-05 -9.22214e-05 0 1.50495e-06 7.21548e-06 -8.46205e-06 0 5.03325e-05 0.000104978 0.000120955 -1.4659e-05 -5.27057e-05 -0.000186256 0
internal_weight=8990 8605 385 198 126 8493 112 166 132 81 8327 240 210 170 104 8087 466 165 301 7621 5164 2457 187 108 68 88 79 46 60 72
internal_count=8990 8605 385 198 126 8493 112 166 132 81 8327 240 210 170 104 8087 466 165 301 7621 5164 2457 187 108 68 88 79 46 60 72
is_linear=0
shrinkage=0.05


Tree=207
num_leaves=31
num_cat=0
split_feature=350 337 331 237 85 362 318 232 43 382 34 77 315 385 237 19 261 326 228 301 250 228 326 378 267 257 348 283 200 89
split_gain=7.26428e-05 0.000254384 0.000259741 0.000128874 0.000242801 0.000528067 0.000361009 0.00048638 0.000365734 0.000232775 0.000209115 0.000205433 0.000343502 0.000375103 0.000196897 0.0004087 0.000540744 0.000522642 0.000358681 0.000195323 0.000467825 0.000337157 0.000366329 0.000236672 0.000373106 0.000370839 0.000264459 0.000193995 0.000183063 0.000180725
threshold=0.30898207326834098 0.017591380834026969 0.0074696376570146461 -0.55484624022628715 -0.32450918536467094 -0.046461640211639975 -0.15870090711616369 -0.94530696870798614 -0.75228532778715096 -1.2068985301570236 0.44279100529100507 0.6297949735449736 -0.018853130768613998 -0.43611278611414561 -0.33773344466834415 -0.31689277421486295 -0.71960514814959831 -0.15171997475318333 -1.6681909789814084 -0.0031436526769300639 0.73225205830949125 -1.4188364408006715 0.018787001034472731 0.70687151159373218 -1.1095345771379368 1.0835132893776771 -0.20082379824991436 -0.00132065314130627 0.15882993081451155 -0.31944930375887343
decision_type=10 10 10 10 2 10 10 10 2 10 2 2 10 10 10 2 10 10 10 10 10 10 10 10 10 10 10 10 10 2
left_child=3 2 -2 4 9 11 -7 -8 -9 10 27 12 -6 -14 15 -5 -17 -18 -19 20 29 -22 -23 -21 25 -25 -26 -1 -29 -16
right_child=1 -3 -4 14 5 6 7 8 -10 -11 -12 -13 13 -15 19 16 17 18 -20 23 21 22 -24 24 26 -27 -28 28 -30 -31
leaf_value=0 -0.00014733462729694502 0 0 0 0 0 0 -0.00013481193174912507 0 1.8927055179045337e-05 0 -1.0843410600271758e-05 0 0.00019756379581012756 -2.6770288960113466e-05 0 0 0 0.00020531102132995564 1.2788237579480385e-06 0 0.00016519516600915855 0 -0.00016706268953043304 7.7297417150030151e-05 0 -2.5980297433337517e-05 -0.00014964217762559055 0 2.3835057466535079e-05
leaf_weight=84 67 360 28 304 100 216 101 278 75 929 102 135 47 60 333 99 36 27 124 4121 58 125 110 88 64 22 414 77 31 375
leaf_count=84 67 360 28 304 100 216 101 278 75 929 102 135 47 60 333 99 36 27 124 4121 58 125 110 88 64 22 414 77 31 375
internal_value=0 -1.93989e-05 -9.2131e-05 1.10094e-06 -8.4027e-06 -2.72739e-05 -5.4924e-05 -8.02437e-05 -0.00010828 3.12565e-06 -2.97931e-05 1.22791e-05 5.14999e-05 0.00011466 5.26619e-06 3.32966e-05 7.65375e-05 0.000127212 0.000169369 1.49371e-06 2.2025e-05 7.51479e-05 0.000103081 -1.80925e-06 -3.19506e-05 -0.000117951 -1.68098e-06 -6.38777e-05 -0.00010834 0
internal_weight=8990 455 95 8535 2235 1012 670 454 353 1223 294 342 207 107 6300 590 286 187 151 5710 1001 293 235 4709 588 110 478 192 108 708
internal_count=8990 455 95 8535 2235 1012 670 454 353 1223 294 342 207 107 6300 590 286 187 151 5710 1001 293 235 4709 588 110 478 192 108 708
is_linear=0
shrinkage=0.05


Tree=208
num_leaves=31
num_cat=0
split_feature=50 303 318 228 255 343 46 73 294 383 368 32 13 300 213 87 378 367 76 260 255 311 30 203 364 320 302 19 304 91
split_gain=7.04338e-05 0.000183278 0.000326485 0.000184296 0.000109658 0.000357895 0.000617515 0.00057234 0.000656929 0.000377926 0.000336664 0.000501371 0.000593568 0.000558832 0.000404221 0.000441681 0.000366527 0.000639577 0.000321076 0.000320216 0.000306329 0.000434234 0.000665086 0.000484626 0.000249478 0.000329918 0.000312666 0.000217087 0.00021485 0.000292854
threshold=1.8662252048319852 -0.00033068783068779993 -0.15872550474187727 -0.18141619754189947 -1.2458135914647845 0.00066137566137498837 0.17344576719576701 -0.30323842069971091 0.00033068783068800767 0.27617431832699019 -0.047906349022791637 0.37251984126984106 0.0018187830687830002 -0.073559982739955329 -0.99504746081121798 0.52331349206349287 0.0052864270883630224 -0.32556216931216947 0.56613243240309918 0.49844656733288356 -0.60677001174823242 -0.00033068783068779592 -0.63879798618129591 1.2383024211162303 0.040564140887122964 0.0055599659188931292 0.035956219324987444 0.17753289410496501 0.042971214900352279 -0.79076542300426544
decision_type=2 10 10 10 8 10 2 2 10 10 10 2 2 10 10 2 10 10 2 10 8 10 2 10 10 10 10 2 8 2
left_child=4 -2 -3 -4 5 10 7 8 9 -7 14 12 -12 -14 16 -16 -1 -18 -13 -17 21 24 -23 -24 25 26 -6 -26 -22 -30
right_child=1 2 3 -5 20 6 -8 -9 -10 -11 11 18 13 -15 15 19 17 -19 -20 -21 28 22 23 -25 27 -27 -28 -29 29 -31
leaf_value=1.8894711221214852e-07 0 0 0 -0.0002236768472126102 -0.00011932049949047307 0.00023165154967772617 0 0 0 0 1.8147460474154657e-05 -1.8758206180445078e-05 0 -0.00016302679309802655 0 0.00014829018970635537 -0.00025026320767115509 0 8.1413976663537738e-05 0 -6.3936001341731937e-08 0 -0.00027626227722678877 0 0 6.9196427354366937e-07 0 0.00013449743734042952 0 9.2799470652513291e-05
leaf_weight=76 132 24 22 38 131 125 370 200 66 22 34 339 54 176 226 140 42 44 103 63 5793 110 62 45 70 135 56 50 94 148
leaf_count=76 132 24 22 38 131 125 370 200 66 22 34 339 54 176 226 140 42 44 103 63 5793 110 62 45 70 135 56 50 94 148
internal_value=0 -2.81339e-05 -8.64989e-05 -0.000155083 7.57718e-07 1.11625e-05 3.83446e-05 8.07731e-05 0.000139147 0.000198025 -1.39431e-06 -2.80899e-05 -8.27987e-05 -0.000119452 2.20364e-05 5.23522e-05 -2.73819e-05 -0.000109791 0 0.000105959 -1.72851e-06 -3.43936e-05 -9.26911e-05 -0.000181496 0 -2.84182e-05 -7.61463e-05 5.50203e-05 1.01042e-06 4.73705e-05
internal_weight=8990 216 84 60 8774 2080 783 413 213 147 1297 706 264 230 591 429 162 86 442 203 6694 659 217 107 442 322 187 120 6035 242
internal_count=8990 216 84 60 8774 2080 783 413 213 147 1297 706 264 230 591 429 162 86 442 203 6694 659 217 107 442 322 187 120 6035 242
is_linear=0
shrinkage=0.05


Tree=209
num_leaves=31
num_cat=0
split_feature=211 340 85 66 381 258 374 241 229 334 201 282 349 268 341 50 366 260 332 260 215 197 368 222 72 332 325 368 368 277
split_gain=7.06747e-05 0.000257627 0.000387409 0.000438553 0.00057527 0.00043861 0.000485981 0.000239733 0.000202638 0.000242783 0.00016752 0.000261612 0.000347834 0.000281598 0.000259921 0.000337188 0.000242884 0.000158725 0.00019725 0.00018626 0.000158187 0.000185219 0.000392464 0.000462002 0.000399771 0.000747697 0.000343052 0.000364162 0.000286957 0.000286054
threshold=-0.82642608117316907 0.001256924584792485 0.30835715566285005 1.4518806112580152 -1.2218760522546923 1.7217644153587817 0.13951200485433193 1.270798621642065 2.0970105199378155 0.017560449864768918 -0.79861170674391813 -0.0022648658604900169 -0.088898031788775825 -1.2330884734455332 -0.0059523809523810275 -0.05122256096358669 0.70297906506639996 0.0093257944059186998 0.0043111023754939812 -0.82681698311129614 -1.9140470292062919 -1.4583903688980444 -0.1509379026666969 0.13055604710157193 -0.13984972657360398 1.0000000180025095e-35 -0.025584258157247571 -0.84067769013569249 -0.05519857376982331 -0.13591352186292696
decision_type=8 10 2 2 10 10 10 10 10 10 10 10 10 10 10 2 10 10 10 10 8 8 10 10 2 10 10 10 10 10
left_child=1 2 17 4 -4 6 -6 10 9 -9 16 14 -13 -14 -12 -16 -3 18 -1 -20 -2 22 23 26 25 -24 -22 -28 -27 -26
right_child=20 7 3 -5 5 -7 -8 8 -10 -11 11 12 13 -15 15 -17 -18 -19 19 -21 21 -23 24 -25 29 28 27 -29 -30 -31
leaf_value=0 3.1653560244537689e-05 -0.00011863501323492699 0 0 0.00023247854418458606 0 0 -0.0001504243977493684 0 0 0 -1.4144121468587849e-06 0 8.8822591675505964e-05 -0.00019397899812209504 0 0 3.519853622133159e-05 0 -0.00011896177766875852 0 0 1.4552461720076945e-07 0 0 0 -8.6262492247915171e-06 -0.00015322691604739274 -0.00013777393246017016 6.8352778820987355e-05
leaf_weight=411 297 66 55 62 121 21 22 78 20 24 42 134 51 278 43 60 23 295 24 70 76 4957 334 330 293 21 164 191 161 266
leaf_count=411 297 66 55 62 121 21 22 78 20 24 42 134 51 278 43 60 23 295 24 70 76 4957 334 330 293 21 164 191 161 266
internal_value=0 8.66828e-06 2.60301e-05 7.77432e-05 0.000112953 0.000160619 0.000192995 -8.14375e-06 -7.31673e-05 -0.000106601 0 1.2545e-05 3.66116e-05 6.72881e-05 -2.98154e-05 -8.69123e-05 -6.02183e-05 1.60923e-06 -8.1163e-06 -7.47933e-05 -2.1871e-06 -4.40315e-06 -1.79978e-05 -4.55035e-05 0 -3.02196e-05 -7.95912e-05 -0.000100527 -0.000113372 3.07339e-05
internal_weight=8990 1900 1081 281 219 164 143 819 122 102 697 608 463 329 145 103 89 800 505 94 7090 6793 1836 761 1075 516 431 355 182 559
internal_count=8990 1900 1081 281 219 164 143 819 122 102 697 608 463 329 145 103 89 800 505 94 7090 6793 1836 761 1075 516 431 355 182 559
is_linear=0
shrinkage=0.05


Tree=210
num_leaves=31
num_cat=0
split_feature=322 322 343 347 359 54 199 67 273 39 381 347 36 263 247 55 60 384 243 216 267 371 351 378 288 72 50 369 215 349
split_gain=7.04442e-05 0.00028203 0.000450845 0.000458545 0.000668726 0.000581147 0.000553763 0.000264861 0.000454988 0.000638408 0.000292212 0.000355558 0.000335758 0.000317686 0.000347354 0.000311078 0.000245439 0.000232587 0.000399148 0.000368364 0.000237326 0.000624811 0.000755379 0.000268109 0.00037442 0.000348093 0.000227404 0.000226105 0.000277785 0.000302292
threshold=0.0085003002635277731 0.011667850983989704 1.0000000180025095e-35 0.0012527773847830772 0.013016055480824852 0.71750992063492192 -0.99446197667829594 0.72164304749426955 -0.040021623919795912 -0.28066767392035946 -0.87790437048290337 0.0035992012247240139 0.88409391534391502 0.13241745003885427 -0.62481694640279695 -0.79489600874168687 0.74222883597883615 0.76105195351323951 1.0241315488063465 0.61308009668252239 -2.2622378954207272 0.99898494636070956 0.025167189432282248 0.32282887664690313 -0.0003306878306878987 0.23942571675717503 1.0016457395009668 -1.0000000180025095e-35 -0.07513021557435258 0.0030846294960796277
decision_type=10 10 10 10 10 2 10 2 10 2 10 10 2 10 10 2 2 8 8 10 10 10 10 10 8 2 2 10 10 10
left_child=17 2 3 4 5 6 -2 8 -3 26 15 13 16 -12 -15 -9 -13 20 19 -19 21 23 -23 24 -1 -26 -10 -4 -29 -30
right_child=1 7 27 -5 -6 -7 -8 10 9 -11 11 12 -14 14 -16 -17 -18 18 -20 -21 -22 22 -24 -25 25 -27 -28 28 29 -31
leaf_value=0 0 0 -4.9500272636688836e-05 0 0 0 -0.00023654830252275614 3.1629530255050106e-06 0.00025843785431191909 0 0 -9.4794620112410722e-05 1.1575982382629139e-05 0 0.00010452096512452324 -6.8632074069111944e-05 0 0.00012459330597274431 0 0 1.8795384433400195e-06 -0.000270191148219156 0 -0.00010811190756931343 0.00024262917930515019 0 0 0 0 0.00017197751570009693
leaf_weight=54 20 69 97 100 70 32 136 66 59 44 242 184 147 149 217 315 63 164 190 149 6033 55 22 35 35 21 26 90 46 60
leaf_count=54 20 69 97 100 70 32 136 66 59 44 242 184 147 149 217 315 63 164 190 149 6033 55 22 35 35 21 26 90 46 60
internal_value=0 -7.60081e-06 -3.57667e-05 -7.39827e-05 -0.000109707 -0.000159382 -0.000199793 8.36082e-07 5.70738e-05 0.000117512 -3.60379e-06 6.41902e-06 -2.36831e-05 3.4149e-05 6.40812e-05 -4.30777e-05 -6.48982e-05 2.64156e-06 3.53483e-05 7.2075e-05 0 -5.07487e-05 -0.000166369 0 4.85969e-05 0.000146015 0.000199258 0 4.08565e-05 9.81355e-05
internal_weight=8990 2232 651 358 258 188 156 1581 198 129 1383 1002 394 608 366 381 247 6758 503 313 6255 222 77 145 110 56 85 293 196 106
internal_count=8990 2232 651 358 258 188 156 1581 198 129 1383 1002 394 608 366 381 247 6758 503 313 6255 222 77 145 110 56 85 293 196 106
is_linear=0
shrinkage=0.05


Tree=211
num_leaves=31
num_cat=0
split_feature=73 244 370 237 63 251 336 34 255 253 332 315 321 301 92 374 50 49 10 274 285 54 87 253 203 258 77 228 202 241
split_gain=7.28958e-05 0.000225916 0.000316548 0.000304775 0.000220199 0.000297188 0.000204238 0.000172096 0.000152437 0.000147099 0.000328141 0.000440331 0.000536256 0.000649204 0.000496088 0.000174114 0.000368022 0.000377903 0.000367388 0.000365769 0.000410669 0.000298512 0.00032113 0.000265058 0.000368982 0.000403969 0.000411972 0.000323031 0.000424581 0.000252474
threshold=-1.9090376702397247 0.37916558210937074 -1.0000000180025095e-35 0.15831230335667976 0.48429232804232808 -1.270532455884172 -0.0042989417989416053 0.49437830687830703 -1.8825727018970972 1.5570284529349372 -0.014173899109665376 -0.036785870533188929 -0.0096513375540364429 -0.0051177073729650182 0.81564153439153408 -0.0033134560129414376 0.21071152185264602 -0.63390182897507941 0.097718253968253968 -1.5865323078061919 0.00088183444374884134 0.66914682539682557 0.10879629629629602 -0.90349587586686597 1.2481234740840577 1.0623360257095991 0.70056216931216919 -0.18141619754189947 0.35784708688164185 0.95481191534909315
decision_type=2 10 10 10 2 10 10 2 10 10 10 10 10 10 2 8 2 2 2 10 10 2 2 10 10 10 2 10 10 10
left_child=1 2 -1 -4 5 -3 -6 -7 -8 15 -11 -12 -13 -14 -15 23 17 29 21 -19 -21 22 -18 27 25 -25 -27 -2 -29 -17
right_child=9 4 3 -5 6 7 8 -9 -10 10 11 12 13 14 -16 16 18 19 -20 20 -22 -23 -24 24 -26 26 -28 28 -30 -31
leaf_value=0 -6.0303047491710332e-07 0 0 0.00021624825616241972 0 0 0.0001696073209444065 -0.00025518148677401335 0 1.1789493334230701e-05 1.4462354750003414e-05 2.5254993879159312e-06 0 -0.00014320806033015746 0 1.6492506826253658e-07 0 -4.4951864199101841e-06 0 5.6373904410414802e-05 0 0 -0.00014735904430225534 -1.0226068222738082e-05 1.028736584958046e-05 -0.00010873334831262296 0 0 0.00015449559687324193 -7.0938831660328025e-05
leaf_weight=37 229 23 51 49 30 21 34 25 20 368 158 117 129 312 64 364 46 277 2805 1250 238 47 115 958 504 295 92 113 86 133
leaf_count=37 229 23 51 49 30 21 34 25 20 368 158 117 129 312 64 364 46 277 2805 1250 238 47 115 958 504 295 92 113 86 133
internal_value=0 2.47693e-05 7.36053e-05 0.000123799 0 -8.17005e-05 3.25777e-05 -0.000161622 0.000105299 -6.9961e-07 -1.77236e-05 -3.80569e-05 -5.94352e-05 -8.36872e-05 -0.000117137 1.22638e-06 6.78638e-06 2.23623e-05 -3.2481e-06 3.39741e-05 4.44951e-05 -6.75748e-05 -0.00010262 -9.45811e-06 -1.91793e-05 -3.39382e-05 -7.9702e-05 2.08534e-05 7.06453e-05 -8.81495e-06
internal_weight=8990 290 137 100 153 69 84 46 54 8700 1148 780 622 505 376 7552 5275 2262 3013 1765 1488 208 161 2277 1849 1345 387 428 199 497
internal_count=8990 290 137 100 153 69 84 46 54 8700 1148 780 622 505 376 7552 5275 2262 3013 1765 1488 208 161 2277 1849 1345 387 428 199 497
is_linear=0
shrinkage=0.05


Tree=212
num_leaves=31
num_cat=0
split_feature=73 275 254 66 84 62 323 363 64 342 246 323 318 41 349 254 342 260 378 376 92 64 197 255 370 49 344 292 276 336
split_gain=7.41486e-05 0.000283458 0.00046326 0.00056198 0.000610261 0.000479454 0.000467225 0.000421167 0.000520263 0.000563395 0.000638356 0.000637714 0.000420124 0.000400689 0.000384379 0.000503253 0.000506467 0.000551058 0.000356039 0.000333661 0.000311508 0.000301121 0.000300772 0.000299834 0.000286206 0.000272651 0.000255716 0.000328469 0.000267593 0.000297982
threshold=-0.27558098468965847 0.29040139500085099 -0.8604789238005488 -0.92200487280130095 0.10201719576719602 0.61458333333333315 -0.42135407487466953 -0.73034338717441016 -0.8004310875932138 -0.023881740517502911 0.16568499258267991 -0.80679525532013951 -0.14679076035212177 2.0626512439238804 -0.36811637261587876 0.62863162979052178 -0.0026525226155583131 0.11185482220419574 -0.35534141000961061 -0.52682722447867081 0.64252645502645511 -0.26768760758834892 -1.4348100821884355 0.8320954720643472 -0.046863581973783007 0.22752018946254252 0.062566419910917243 -0.00033068783068780015 -1.0820666449968723 0.0082671957671960217
decision_type=2 10 10 2 2 2 10 10 2 10 10 10 10 2 10 10 10 10 10 10 2 2 10 10 10 2 10 10 10 10
left_child=1 2 3 4 5 13 -5 -3 9 -9 11 -11 19 -1 25 16 -16 -18 20 -6 -17 22 23 -10 -20 -4 -2 28 -28 -30
right_child=26 7 14 6 12 -7 -8 8 21 10 -12 -13 -14 -15 15 18 17 -19 24 -21 -22 -23 -24 -25 -26 -27 27 -29 29 -31
leaf_value=0.00020731962076535896 0 -3.8050422170220471e-05 0 0 0 0 -0.00019912651397973447 0 -0.00014018827092518107 0 0 0.00020581374396159538 0 0 0 -0.0001225073271694339 0.00011962378329245377 0 8.4854550681836595e-05 -0.00016685994626717345 0 4.3766304648845085e-05 0 0 -8.0144330580176074e-06 -0.00022814943714919713 0 0 -0.00021043729161977439 0
leaf_weight=63 5874 137 20 24 21 64 92 73 82 33 41 178 63 21 314 116 294 101 97 104 42 351 198 22 289 26 45 98 66 41
leaf_count=63 5874 137 20 24 21 64 92 73 82 33 41 178 63 21 314 116 294 101 97 104 42 351 198 22 289 26 45 98 66 41
internal_value=0 6.80206e-06 -3.30253e-06 -4.88513e-05 -3.09781e-07 5.87841e-05 -0.000146266 2.71531e-05 4.14019e-05 9.5186e-05 0.000131419 0.000167885 -7.34186e-05 0.000142611 8.70033e-06 1.74678e-05 4.69746e-05 8.46462e-05 -1.18008e-05 -0.000128455 -7.80723e-05 6.96704e-06 -1.92525e-05 -9.10977e-05 2.38903e-06 -0.000121178 -2.93523e-06 -5.26033e-05 -9.97441e-05 -0.000142743
internal_weight=8990 2866 1751 452 336 148 116 1115 978 325 252 211 188 84 1299 1253 709 395 544 125 158 653 302 104 386 46 6124 250 152 107
internal_count=8990 2866 1751 452 336 148 116 1115 978 325 252 211 188 84 1299 1253 709 395 544 125 158 653 302 104 386 46 6124 250 152 107
is_linear=0
shrinkage=0.05


Tree=213
num_leaves=31
num_cat=0
split_feature=235 13 286 376 259 38 286 356 363 272 17 265 19 199 204 78 384 202 361 50 279 344 60 360 326 242 284 360 27 265
split_gain=7.22214e-05 0.000252897 0.000425597 0.000268688 0.000241476 0.000292302 0.00022459 0.000271686 0.000312701 0.000290777 0.000222134 0.000306626 0.000212252 0.000162225 0.000161107 0.000183487 0.000159751 0.000363771 0.000408665 0.000223468 0.000486326 0.000490718 0.00039396 0.000186496 0.000486012 0.000556279 0.000644979 0.000332129 0.000494536 0.000463158
threshold=1.1883832109402916 0.0033068783068781996 -0.00033068783068780199 0.017048235908639329 0.36033079406488172 -0.15571988464631847 -0.0003306878306878974 0.12171861815208 0.29731279430410273 -0.18742495526257 -0.038063050155371682 1.7070908629279806 -0.42417509826161498 0.1519676157902852 -1.9837024802743384 0.7934854497354501 -1.5444558503618011 -0.45711460382378472 -0.2677566792966371 1.1240699184160701 0.54966659091365955 -0.010300600507152506 0.64335317460317465 -0.011660349579211497 -0.11633519997723761 0.18768369825399847 -0.00033068783068699448 -0.0028796185751464583 -0.32772824993888794 1.0279762336291252
decision_type=10 2 10 10 10 2 10 10 10 10 2 10 2 10 10 2 10 10 10 2 10 10 2 10 10 10 10 10 2 10
left_child=16 6 10 13 -5 -6 -2 8 9 -8 11 -3 -11 -4 -15 -16 17 -1 -19 23 -21 -22 -23 24 -18 -26 -27 28 -25 -30
right_child=1 2 3 4 5 -7 7 -9 -10 12 -12 -13 -14 14 15 -17 19 18 -20 20 21 22 -24 27 25 26 -28 -29 29 -31
leaf_value=0 0 0.00013839202758499157 -2.5219942470644899e-05 0 0 -0.00018677754383737187 0 0 0 0 0 0 0.0002037051870292656 0 0.00013301764039084718 0 5.0197262447348751e-06 0 0.00019400500703661914 0 0 -0.00022146931954479299 0 0 0 -0.00011857585186142268 0 0 0.00014876551457995284 0
leaf_weight=85 106 107 181 177 49 67 21 31 40 28 81 21 98 28 65 78 1226 54 60 368 63 83 41 344 500 324 208 4244 150 62
leaf_count=85 106 107 181 177 49 67 21 31 40 28 81 21 98 28 65 78 1226 54 60 368 63 83 41 344 500 324 208 4244 150 62
internal_value=0 1.15984e-05 0 -2.27771e-05 -5.85971e-05 -0.000117763 4.93939e-05 7.87395e-05 0.000104199 0.00013829 5.90583e-05 0.000100142 0.000167552 0 4.1196e-05 6.95972e-05 -1.68083e-06 4.07705e-05 0.000104264 -3.44777e-06 -3.4178e-05 -9.98194e-05 -0.000157822 -3.22469e-07 -1.27944e-05 -3.88001e-05 -7.43887e-05 4.50301e-06 4.08429e-05 0.000101008
internal_weight=8990 1178 854 645 293 116 324 218 187 147 209 128 126 352 171 143 7812 199 114 7613 555 187 124 7058 2258 1032 532 4800 556 212
internal_count=8990 1178 854 645 293 116 324 218 187 147 209 128 126 352 171 143 7812 199 114 7613 555 187 124 7058 2258 1032 532 4800 556 212
is_linear=0
shrinkage=0.05


Tree=214
num_leaves=31
num_cat=0
split_feature=41 367 252 307 306 357 283 76 369 310 49 203 248 300 368 201 379 246 237 377 48 41 276 276 265 382 382 329 241 37
split_gain=7.10048e-05 0.000248811 0.000285094 0.000237715 0.000308784 0.000291681 0.000466702 0.000223448 0.00030746 0.000257429 0.000253016 0.000138591 0.00024739 0.000266379 0.000236242 0.000325545 0.000285269 0.000222976 0.000372086 0.000350865 0.000210587 0.000339504 0.000195736 0.000566479 0.000607171 0.000392003 0.000375593 0.000196695 0.000264009 0.000423157
threshold=2.2066804638188353 0.023644179894180054 0.24978346990010483 -0.00033068783068789946 -0.032354606647343361 0.04183201058201054 -0.0010053505092399064 -0.43691705268607495 0.16647913788341653 -0.00096753208925343104 -0.055246717383133442 1.4044140229654565 1.846145554295336 -0.009166775279684956 0.69876698163047457 -0.71008235986374857 0.2715690698008294 1.4506602686045553 0.55532170230176725 -0.27258733517428518 0.16443305167380304 1.6549226371871852 -2.1615589588609958 -1.73394691357044 0.75414274129200354 0.71469852758740704 -1.7958674029350461 -0.026471285231366878 0.92536847082684826 1.0319357089764485
decision_type=2 10 10 10 10 10 10 2 10 10 2 10 10 10 10 10 10 10 10 10 2 2 8 8 10 10 10 10 10 2
left_child=11 7 3 -3 -5 6 -6 8 -2 10 -9 22 13 17 20 -16 -17 18 19 -13 -15 -22 -1 24 25 26 -24 -25 -29 -30
right_child=1 2 -4 4 5 -7 -8 9 -10 -11 -12 12 -14 14 15 16 -18 -19 -20 -21 21 -23 23 27 -26 -27 -28 28 29 -31
leaf_value=3.8032830556855318e-05 0.00013057653002586486 0 0 0 -0.00020973752760795742 0 0 -0.00015030501332011578 0 0 0 0 -2.3002334947300081e-05 3.4387709579202611e-06 0 0.00018222904451399536 0 0 0 0.00013572322253524178 -0.00010091154031464179 0 0 1.9908165813777341e-05 0 0 -0.0002493593248915588 0 -5.2958096970442096e-05 1.272973096997568e-05
leaf_weight=295 77 73 99 39 108 37 49 57 42 302 22 21 191 345 44 63 68 73 83 212 137 38 26 1014 96 45 79 4391 631 233
leaf_count=295 77 73 99 39 108 37 49 57 42 302 22 21 191 345 44 63 68 73 83 212 137 38 26 1014 96 45 79 4391 631 233
internal_value=0 -1.32751e-05 -4.38902e-05 -6.98413e-05 -9.46303e-05 -0.000121373 -0.000151137 1.52893e-06 6.77033e-05 -6.03212e-06 -9.11675e-05 1.4924e-06 1.68407e-05 2.84747e-05 1.97497e-06 5.69726e-05 0.00010268 6.2957e-05 8.15011e-05 0.00011401 -6.92772e-06 -5.59099e-05 -6.47186e-07 -3.16663e-06 -7.75888e-05 -0.000141361 -0.000194586 0 -4.13411e-06 -2.94579e-05
internal_weight=8990 905 405 306 233 194 157 500 119 381 79 8085 1275 1084 695 175 131 389 316 233 520 175 6810 6515 246 150 105 6269 5255 864
internal_count=8990 905 405 306 233 194 157 500 119 381 79 8085 1275 1084 695 175 131 389 316 233 520 175 6810 6515 246 150 105 6269 5255 864
is_linear=0
shrinkage=0.05


Tree=215
num_leaves=31
num_cat=0
split_feature=36 207 367 339 36 257 379 222 376 49 53 35 208 220 243 383 220 66 284 378 326 378 363 19 362 23 273 14 369 361
split_gain=7.16155e-05 0.000194245 0.000145356 0.000145592 0.000127304 0.000171927 0.000237515 0.000203744 0.000198426 0.000136868 0.000124044 0.000144266 0.000112867 0.000326994 0.000861192 0.000354125 0.000295814 0.000609799 0.000626823 0.000375194 0.000408119 0.000394319 0.000325347 0.000196283 0.000492229 0.000614215 0.000578524 0.000276922 0.000404264 0.00020152
threshold=0.99785052910052918 -0.57006495413162683 -0.5248015873015871 0.024410133279303487 0.98908730158730152 1.0405196840415418 0.1318488156709717 -1.872653033597184 0.15781732013283686 -1.1035874988174248 1.4548670708846103 0.96841931216931221 -1.3097646345338529 -2.1163517999547605 1.5231972006276562 0.080151898546062042 -1.0363463805295499 -0.97096341970504485 -0.00033068783068712632 0.3854031863396068 0.015001879106626871 -0.31006470493001065 0.016607746787445438 0.61109025803892714 -0.043154761904761495 0.0028108465608465004 2.182641884487492 0.0047949735449735508 -0.44742878565372046 0.37266462801317507
decision_type=2 10 10 10 2 10 10 10 10 2 2 2 8 10 10 10 10 2 10 10 10 10 10 2 10 2 10 2 10 8
left_child=4 -2 -3 10 12 6 7 -6 9 -9 11 -4 13 14 15 -1 17 22 -19 21 -21 -18 -15 29 27 -26 -27 -25 -29 -14
right_child=1 2 3 -5 5 -7 -8 8 -10 -11 -12 -13 23 16 -16 -17 19 18 -20 20 -22 -23 -24 24 25 26 -28 28 -30 -31
leaf_value=0.00031959928341814903 0 0 0 0 0 0 0 0 0 -0.00017108610893706375 0 0.00012292209311260793 -2.8780719172868207e-06 0 0 0 0 -0.00017469304728400084 0 -8.017104000142363e-05 1.8968482571120134e-05 6.8513261130283425e-05 0.00015871968118655994 -8.1542416014826642e-06 0 -0.00012073098591199764 0 0 0.00012190522675686454 2.4131290579555477e-05
leaf_weight=40 149 42 26 20 20 133 66 20 21 92 23 136 5136 54 74 23 314 110 117 169 137 455 38 134 145 321 44 21 118 792
leaf_count=40 149 42 26 20 20 133 66 20 21 92 23 136 5136 54 74 23 314 110 117 169 137 455 38 134 145 321 44 21 118 792
internal_value=0 2.08802e-05 5.16152e-05 7.05794e-05 -8.59356e-07 -3.03631e-05 -5.86795e-05 -9.38408e-05 -0.000118136 -0.0001449 8.65221e-05 0.000102281 0 1.2622e-05 8.78327e-05 0.00022557 1.63807e-06 -3.60579e-05 -8.88534e-05 1.74772e-05 -1.94588e-05 3.86764e-05 3.98755e-05 -2.3871e-06 -2.59895e-05 -5.77038e-05 -9.41166e-05 1.49482e-05 7.31548e-05 0
internal_weight=8990 396 247 205 8594 352 219 153 133 112 185 162 8242 1531 137 63 1394 319 227 1075 306 769 92 6711 783 510 365 273 139 5928
internal_count=8990 396 247 205 8594 352 219 153 133 112 185 162 8242 1531 137 63 1394 319 227 1075 306 769 92 6711 783 510 365 273 139 5928
is_linear=0
shrinkage=0.05


Tree=216
num_leaves=31
num_cat=0
split_feature=309 275 310 245 289 229 377 54 93 299 372 32 376 60 363 358 277 85 246 80 380 300 19 277 211 197 217 299 285 215
split_gain=6.81785e-05 0.000204524 0.000241673 0.000156419 0.000128642 0.000281435 0.000369012 0.000270201 0.000210021 0.000234318 0.000142636 0.000451429 0.000646704 0.000535605 0.00049358 0.000293503 0.00023661 0.00033126 0.000233024 0.000303388 0.000204205 0.000328582 0.000576681 0.000494123 0.000270945 0.000428179 0.000356889 0.000214348 0.000234146 0.000199338
threshold=0.033185669464109911 0.18359361448891687 0.0010275036080329427 0.73316998172477688 -0.27192543959875665 -0.16955559116809868 0.060471096770561124 0.74222883597883615 -0.51830652343118888 0.40789396623032359 0.012229387321490039 0.51008597883597917 0.14769712276027888 0.91021825396825407 -0.30987440399237914 0.023210593590835053 -0.180606600791236 -0.46110052402475193 0.68075754350738005 0.87070105820105814 -0.18771322951169583 0.0029477186588949549 0.45011611725825401 -1.7118025629832994 -1.0099221078111482 -0.8438511448514241 -1.832043094803959 -0.31173122571906398 -0.0025526507983519848 0.74557639257484642
decision_type=10 10 10 10 10 8 10 2 2 10 10 2 10 2 10 10 10 2 10 2 10 10 2 10 10 10 10 10 10 10
left_child=4 2 3 -2 5 6 7 8 -1 -10 20 12 13 14 -12 18 -17 -18 19 -13 27 24 29 -24 25 -22 -26 -6 -29 -23
right_child=1 -3 -4 -5 10 -7 -8 -9 9 -11 11 15 -14 -15 -16 16 17 -19 -20 -21 21 22 23 -25 26 -27 -28 28 -30 -31
leaf_value=0 -0.00018452793663716638 0 0 0 -9.4921259189844491e-06 0 0 0 0.0002343224964276118 0 0 -9.2979616325658876e-05 0 0 0.00014960839144088185 0 0 0.0001772942925900642 0 0 8.8007083638801857e-05 -2.3129404664558672e-05 0 -0.00013155081401525977 -4.790967752858569e-05 0 0 0 5.4945376460060042e-05 1.7953826036865508e-05
leaf_weight=21 49 79 51 24 160 235 65 23 68 23 75 227 407 53 246 69 59 51 244 52 213 950 32 214 431 304 3744 58 462 301
leaf_count=21 49 79 51 24 160 235 65 23 68 23 75 227 407 53 246 69 59 51 244 52 213 950 32 214 431 304 3744 58 462 301
internal_value=0 -2.85323e-05 -7.38409e-05 -0.00013237 7.62115e-07 2.7402e-05 7.17556e-05 0.000120227 0.000153122 0.00018605 -2.70378e-08 1.33719e-05 4.10877e-05 8.8581e-05 0.000115377 -1.0343e-05 3.22752e-05 8.40662e-05 -3.44911e-05 -6.57034e-05 -3.64788e-06 -7.11888e-06 -2.75355e-05 -0.000100179 0 3.34928e-05 -4.82745e-06 2.05879e-05 3.94568e-05 -9.24734e-06
internal_weight=8990 203 124 73 8787 435 200 135 112 91 8352 1483 781 374 321 702 179 110 523 279 6869 6189 1497 246 4692 517 4175 680 520 1251
internal_count=8990 203 124 73 8787 435 200 135 112 91 8352 1483 781 374 321 702 179 110 523 279 6869 6189 1497 246 4692 517 4175 680 520 1251
is_linear=0
shrinkage=0.05


Tree=217
num_leaves=31
num_cat=0
split_feature=258 259 19 371 227 23 45 73 386 77 365 247 382 19 70 357 375 68 331 75 334 301 279 378 87 337 352 237 71 320
split_gain=7.21977e-05 0.000216573 0.000273189 0.000305055 0.000314892 0.000340639 0.00028515 0.000190891 0.000213047 0.00020626 0.000379787 0.000328106 0.000457308 0.000464707 0.000216765 0.0004015 0.000506625 0.000425882 0.000283245 0.000282945 0.000403108 0.000233987 0.000349691 0.000264034 0.000200618 0.000249134 0.000190361 0.000210859 0.000212293 0.000187669
threshold=-0.64098535524856703 -0.67140826088587235 -0.46146470279749291 -1.9701232776743332 -1.1318228278467368 0.0028108465608465004 0.65823412698412753 1.3532257264095751 -0.013202211990168187 0.81233465608465616 0.69890873015873001 1.1207080129370617 -0.84746241687338109 -0.31689277421486295 0.74884259259259289 -0.00066137566137501591 -0.091406160159192493 0.042989417989418056 -0.013791477744617418 0.42013888888888906 -0.0071186792421532438 0.00080550457320000002 -0.84227049696966205 -0.01050961756576496 0.27083333333333354 0.00068823135436196098 0.047251165322852902 0.50139274094598418 0.95403439153439162 -0.015937606751018917
decision_type=10 10 2 10 10 2 2 2 10 2 10 10 10 2 2 10 10 2 10 2 10 10 10 10 2 10 10 10 2 10
left_child=1 -1 -3 -4 -5 -6 -7 9 -9 14 11 12 -11 -14 18 16 -16 -18 19 20 -2 23 -23 -20 -17 -26 27 28 29 -10
right_child=7 2 3 4 5 6 -8 8 26 10 -12 -13 13 -15 15 24 17 -19 21 -21 -22 22 -24 -25 25 -27 -28 -29 -30 -31
leaf_value=0 0 0 0 0 0 -0.00024104096441817033 0 0 0 0 -8.4825565078599935e-05 -4.2884327861749661e-06 5.5560695404499567e-06 0.00011455461382296089 0 4.2831395157257275e-05 0 -0.00014292380622970129 -3.132101705086418e-05 0 9.2950194008767828e-05 0 6.5325271630789071e-05 1.4569201015126764e-06 4.0244806677537979e-06 -6.5281480799870797e-05 0 0 0 -0.00012635182719751952
leaf_weight=1597 78 118 30 25 22 77 23 253 31 217 48 178 288 337 251 242 50 181 741 403 301 199 325 2320 200 159 47 49 21 179
leaf_count=1597 78 118 30 25 22 77 23 253 31 217 48 178 288 337 251 242 50 181 741 403 301 199 325 2320 200 159 47 49 21 179
internal_value=0 -8.627e-06 -4.80826e-05 -8.77997e-05 -0.000120272 -0.000154514 -0.000193983 2.3642e-06 -2.36229e-05 5.44407e-06 2.57311e-05 3.58431e-05 5.0264e-05 7.23357e-05 5.50735e-07 -1.83671e-05 -5.32709e-05 -0.000106773 6.38753e-06 3.36633e-05 6.48366e-05 0 3.12892e-05 -4.84525e-06 1.31175e-06 -1.27569e-05 -5.11661e-05 -6.89659e-05 -8.96984e-05 -0.000106659
internal_weight=8990 1892 295 177 147 122 100 7098 580 6518 1068 1020 842 625 5450 1083 482 231 4367 782 379 3585 524 3061 601 359 327 280 231 210
internal_count=8990 1892 295 177 147 122 100 7098 580 6518 1068 1020 842 625 5450 1083 482 231 4367 782 379 3585 524 3061 601 359 327 280 231 210
is_linear=0
shrinkage=0.05


Tree=218
num_leaves=31
num_cat=0
split_feature=350 337 331 219 237 203 315 80 20 332 338 323 61 311 375 65 360 32 360 323 87 50 60 64 247 323 11 313 307 348
split_gain=6.44421e-05 0.000214511 0.000227691 0.000242774 0.000111742 0.000219784 0.00025328 0.000450197 0.000436054 0.000326719 0.000170886 0.000206587 0.000188403 0.000295773 0.000167459 0.00063389 0.00060076 0.000759227 0.000448866 0.000214098 0.000320107 0.000252701 0.00019984 0.000288009 0.000194579 0.000373916 0.000288087 0.000357033 0.000393859 0.000238225
threshold=0.30898207326834098 0.017591380834026969 0.0074696376570146461 -0.13796999503920382 -0.55484624022628715 1.2581636712509994 -0.0065954825667782829 0.54927248677248708 1.7054373955091002 -0.019016730827001446 0.046296296296296162 0.0035007077069487695 -0.2722345963088329 -0.00033068783068793123 -0.13660933654230337 -0.087975413578276138 -0.022931625019780296 0.51008597883597917 0.018266612671425046 0.064861954953315745 0.39451058201058203 0.097258332661353364 0.56952711640211473 0.0070270765112371006 0.14290849877983183 -0.15495418963571847 0.0064484126984126512 -0.0015897423617508564 0.00066137566137500225 -0.098486223530623321
decision_type=10 10 10 10 10 10 8 2 2 10 10 10 2 10 10 2 10 2 10 10 2 2 2 2 10 10 2 10 10 10
left_child=4 2 3 -2 5 6 7 8 9 -1 12 -12 -8 -14 15 19 -17 18 -18 22 21 -21 23 -6 26 -26 27 -16 -29 -27
right_child=1 -3 -4 -5 14 -7 10 -9 -10 -11 11 -13 13 -15 24 16 17 -19 -20 20 -22 -23 -24 -25 25 29 -28 28 -30 -31
leaf_value=0 0 0 0 -0.00019895538944202809 -0.00010904479493073145 1.2529395584728423e-05 -3.8525833037308262e-06 0 0 -0.00012730797091128315 -0.00018395070840912568 0 0 7.3300686066757149e-05 0 0 0.00030571748956097439 0 2.1334822057850187e-05 0.00015633176903683839 0 0 0 0 1.0054730210229199e-05 0 0 9.2808115494525872e-05 0 -4.8872416005888831e-05
leaf_weight=75 20 360 28 47 130 646 269 457 152 262 25 23 84 242 445 88 71 95 73 67 158 68 141 83 645 174 2804 326 203 729
leaf_count=75 20 360 28 47 130 646 269 457 152 262 25 23 84 242 445 88 71 95 73 67 158 68 141 83 645 174 2804 326 203 729
internal_value=0 -1.82713e-05 -8.50688e-05 -0.000136893 1.03675e-06 -7.75106e-06 -1.91427e-05 -3.58436e-05 -6.91835e-05 -0.000100888 0 -8.31879e-05 1.25917e-05 4.14905e-05 4.94805e-06 2.42249e-05 8.11936e-05 0.000123694 0.000196364 0 2.66316e-05 8.63841e-05 -3.04056e-05 -6.22948e-05 4.83596e-07 -1.33603e-05 7.4796e-06 3.09249e-05 5.87169e-05 -3.5621e-05
internal_weight=8990 455 95 67 8535 2235 1589 946 489 337 643 48 595 326 6300 974 327 239 144 647 293 135 354 213 5326 1548 3778 974 529 903
internal_count=8990 455 95 67 8535 2235 1589 946 489 337 643 48 595 326 6300 974 327 239 144 647 293 135 354 213 5326 1548 3778 974 529 903
is_linear=0
shrinkage=0.05


Tree=219
num_leaves=31
num_cat=0
split_feature=258 367 320 70 370 228 235 382 344 87 341 206 350 202 25 259 366 19 382 50 207 286 329 235 241 319 19 349 376 20
split_gain=6.64748e-05 0.000206509 0.000219982 0.000223563 0.000250868 0.000213917 0.000193494 0.000171571 0.000319119 0.000340501 0.000346563 0.000270257 0.000301463 0.000162884 0.00018071 0.000159683 0.000230596 0.000384558 0.000263482 0.000215379 0.000391092 0.000256801 0.000184868 0.000361996 0.00031725 0.000457215 0.000193046 0.000184424 0.000178945 0.000145552
threshold=-0.64098535524856703 0.41848544973545004 0.0093172834223815022 0.12929894179894205 -0.036744629263149295 -1.2827010692620491 -1.8650140137772737 1.8683583020893815 0.015490959757295841 0.48181216931216903 -0.000661375661375702 0.96280013242304074 -0.056528894121297461 -0.40037972684407291 0.047784391534391561 -0.67140826088587235 0.45683719849304277 -0.46146470279749291 0.63042586951092983 -0.70982409451397743 2.1598798562341428 -0.00033068783068789946 -0.018284305128937261 -1.4267826709748272 0.17508815951615878 0.0013582914145408994 -0.15470455160463498 0.044129909616530745 -0.2865363222452712 1.0193305180099552
decision_type=10 10 10 2 10 10 10 8 10 2 10 10 10 10 2 10 10 2 10 2 10 10 10 10 10 10 2 10 10 2
left_child=1 15 3 -3 -5 -6 -7 -2 9 10 11 12 -9 -10 -15 19 17 -17 29 20 21 -1 23 -21 25 -24 -26 -25 -23 -19
right_child=7 2 -4 4 5 6 -8 8 13 -11 -12 -13 -14 14 -16 16 -18 18 -20 22 -22 28 24 27 26 -27 -28 -29 -30 -31
leaf_value=0 0 0 0 0 0 0 -0.00020349648185511422 0 0 0 0 0 0.00020711222463393352 -0.00015448377782698063 0 0 0 -0.00021837656178397172 0 1.4524684688601643e-06 0 0 0 -0.00010170631630612698 0 0.00011097698234191429 -7.4571184695185146e-05 0 0.00016786024303437294 0
leaf_weight=30 6442 83 66 32 22 27 82 35 55 259 92 55 101 39 20 62 80 61 20 200 68 28 177 165 231 164 93 87 94 20
leaf_count=30 6442 83 66 32 22 27 82 35 55 259 92 55 101 39 20 62 80 61 20 200 68 28 177 165 231 164 93 87 94 20
internal_value=0 -8.25684e-06 -4.54698e-05 -6.96896e-05 -0.000103706 -0.000134774 -0.000163489 2.28906e-06 2.66541e-05 4.68481e-05 8.49091e-05 0.000123346 0.000162255 -2.54918e-05 -9.02484e-05 0 -3.81217e-05 -7.55027e-05 -0.00013677 5.86024e-06 5.15268e-05 0.000101342 0 -2.75119e-05 1.34308e-05 5.07348e-05 -1.04068e-05 -7.03243e-05 0.000134356 -0.000177317
internal_weight=8990 1892 312 246 163 131 109 7098 656 542 283 191 136 114 59 1580 243 163 101 1337 220 152 1117 452 665 341 324 252 122 81
internal_count=8990 1892 312 246 163 131 109 7098 656 542 283 191 136 114 59 1580 243 163 101 1337 220 152 1117 452 665 341 324 252 122 81
is_linear=0
shrinkage=0.05


Tree=220
num_leaves=31
num_cat=0
split_feature=228 347 254 39 243 306 325 330 215 225 318 91 254 375 261 319 374 301 52 320 229 264 363 197 357 46 91 273 233 228
split_gain=6.46697e-05 0.000256743 0.000277905 0.000259501 0.000292238 0.000298761 0.00027213 0.000187089 0.000192105 0.00029926 0.000260251 0.000338965 0.000318145 0.000220073 0.00025647 0.000169475 0.000191818 0.000163484 0.000141737 0.000386007 0.000483045 0.000358556 0.000347228 0.000402754 0.000222092 0.000357971 0.000366534 0.000530965 0.000551051 0.000277582
threshold=-0.87407435211986473 -0.0055367026114465775 0.61542262116183 1.1605584981018804 2.3402901377213787 -0.0037929130382666205 -0.044990969017962394 -0.0027451044982576551 -0.81002625933751271 0.6984394420318526 -0.1579543266014786 -0.92656568883830281 -1.3289359872275519 -0.094131319595178384 0.80400489164563516 0.0067550475181351608 -0.21337079238824694 -0.006646600385301459 -0.33324619342802847 0.01338327562965025 -0.64433203799066618 -1.6428764016010551 -0.38713093363441825 1.6043682192939308 0.0080191798941799414 0.0081018518518518028 0.059344836485321205 2.182641884487492 -0.76853661009242624 1.9020503119227372
decision_type=10 8 10 2 10 10 10 8 8 10 8 2 10 10 10 10 10 10 2 10 10 10 10 10 10 2 2 10 10 10
left_child=1 2 3 4 5 -1 -7 17 9 13 11 -10 -13 -9 -15 -12 -17 -3 19 20 21 -2 -23 -24 -20 29 -27 28 -28 -26
right_child=18 7 -4 -5 -6 6 -8 8 10 -11 15 12 -14 14 -16 16 -18 -19 24 -21 -22 22 23 -25 25 26 27 -29 -30 -31
leaf_value=0 0 0 0 0 0 0 -0.00012009405548185431 0 0 0 -1.3106413916198421e-05 0 -0.0001041344701312416 0.00012421146230300726 0 0 8.5751031231916765e-05 9.2684446728052495e-05 5.5295952660413902e-06 -1.5115644442880684e-05 0 0 0.0001795332831144907 0 0 0 0 6.4545656184469162e-06 -0.00011155210111613186 0.00014698412722716683
leaf_weight=20 28 37 191 133 51 38 295 40 136 462 331 26 241 136 47 31 115 102 4382 245 267 31 164 39 286 533 68 91 386 38
leaf_count=20 28 37 191 133 51 38 295 40 136 462 331 26 241 136 47 31 115 102 4382 245 267 31 164 39 286 533 68 91 386 38
internal_value=0 -6.86695e-06 -3.21966e-05 -5.195e-05 -7.20589e-05 -8.95072e-05 -0.000103609 1.02179e-06 -8.50009e-07 1.52969e-05 -1.91004e-05 -4.90978e-05 -8.25266e-05 6.38121e-05 8.92545e-05 0 5.01068e-05 5.80271e-05 2.67674e-06 2.27694e-05 4.9765e-05 9.80146e-05 0.000120768 0.000145208 0 -1.73331e-05 -3.31815e-05 -6.21178e-05 -8.68717e-05 1.99637e-05
internal_weight=8990 2432 728 537 404 353 333 1704 1565 685 880 403 267 223 183 477 146 139 6558 774 529 262 234 203 5784 1402 1078 545 454 324
internal_count=8990 2432 728 537 404 353 333 1704 1565 685 880 403 267 223 183 477 146 139 6558 774 529 262 234 203 5784 1402 1078 545 454 324
is_linear=0
shrinkage=0.05


Tree=221
num_leaves=31
num_cat=0
split_feature=73 73 269 256 68 351 360 331 241 324 80 80 231 322 292 369 30 340 261 244 19 310 346 72 40 15 348 53 73 44
split_gain=6.63972e-05 0.00024916 0.000348842 0.000286543 0.000302391 0.000238025 0.000322289 0.000463954 0.000563989 0.000724612 0.000291805 0.000457843 0.000455461 0.000354862 0.000298009 0.000463557 0.000428173 0.000334203 0.000383158 0.000314641 0.000216627 0.000189002 0.000182554 0.000306291 0.000590167 0.000425927 0.000202283 0.000226905 0.000224752 0.000166819
threshold=-0.27558098468965847 -0.35966097839213645 -0.25915835899455125 2.1671195505705838 0.045965608465608453 0.060270655535045965 0.012640029531267446 0.0065366010984612985 1.0292405588614491 -0.17803994358279837 0.75694444444444453 0.89318783068783059 0.79327439170705372 -0.015232366380614979 -0.00033068783068780199 0.15213758959935547 -1.0958891364654173 0.0089886650823695364 -0.56524521680420237 0.77535760266718101 -0.66972459223657832 -0.0011801464938399062 0.017938445161215861 0.25691367591044606 0.57896006731208105 0.60400132275132312 0.01000155253431856 -0.68165432258096892 1.3838910649123204 0.18369708994709003
decision_type=2 2 10 10 2 10 10 10 10 10 2 2 10 10 10 10 2 10 10 10 2 10 10 2 2 2 10 2 2 2
left_child=1 5 -3 4 -4 10 7 8 9 -7 14 12 13 -12 15 16 -1 19 -19 -16 -6 -8 29 24 26 -26 27 -24 -29 -2
right_child=22 2 3 -5 20 6 21 -9 -10 -11 11 -13 -14 -15 17 -17 -18 18 -20 -21 -22 -23 23 -25 25 -27 -28 28 -30 -31
leaf_value=0 2.1674239180252355e-05 0 0 0 0 0 -0.00011285393395444824 0 0 0.0001924226732776767 0 0 0 -0.00014648079296007975 -1.5725732172508477e-05 -2.2641221088392049e-05 0.00011115478326187878 -9.7301103465800051e-05 0 4.7611994367271414e-05 0.00021834432257357108 0 0 2.0800377084676647e-06 -0.00024809419472045973 0 3.6024367838380105e-06 -0.00010085236829383575 0 -2.9484555104932548e-06
leaf_weight=108 806 46 43 21 24 38 37 168 50 154 24 220 78 185 500 103 230 198 63 293 76 207 78 329 60 22 214 171 31 4413
leaf_count=108 806 46 43 21 24 38 37 168 50 154 24 220 78 185 500 103 230 198 63 293 76 207 78 329 60 22 214 171 31 4413
internal_value=0 6.457e-06 5.94279e-05 9.91773e-05 0.000127615 3.84247e-07 2.81595e-05 5.68282e-05 0.000101298 0.00014238 -6.19276e-06 -3.97489e-05 -8.23254e-05 -0.000121454 1.84479e-06 3.88715e-05 7.24062e-05 -8.90624e-06 -5.92827e-05 1.37516e-06 0.000175595 0 -2.75545e-06 -2.35713e-05 -4.68998e-05 -0.00017913 -1.47995e-05 -4.67108e-05 -7.63599e-05 0
internal_weight=8990 2866 210 164 143 2656 654 410 242 192 2002 507 287 209 1495 441 338 1054 261 793 100 244 6124 905 576 82 494 280 202 5219
internal_count=8990 2866 210 164 143 2656 654 410 242 192 2002 507 287 209 1495 441 338 1054 261 793 100 244 6124 905 576 82 494 280 202 5219
is_linear=0
shrinkage=0.05


Tree=222
num_leaves=31
num_cat=0
split_feature=244 351 203 62 244 48 364 215 354 274 207 356 64 247 60 217 274 324 274 244 251 246 364 260 354 88 56 382 384 244
split_gain=6.55893e-05 0.000196896 0.000229326 0.000295892 0.000292112 0.000202612 0.000188183 0.000110402 0.000120007 0.000108725 0.00026969 0.00033663 0.000521309 0.000422987 0.00038014 0.000270505 0.000245008 0.000465084 0.000244931 0.000327298 0.00035838 0.000286495 0.000401569 0.000212121 0.000374947 0.000356915 0.00039877 0.000215127 0.000443725 0.000336397
threshold=-1.9420039641850833 -0.014793950998168269 -1.2963862417492706 0.73511904761904756 -2.5899434078033052 0.0098323704608496518 0.052932222318205054 -0.037041965645118725 -0.015014816879214519 0.56657431145887804 -0.75374033139536056 0.0079732094805939919 -1.1059143605698099 2.1391077117525912 0.032572751322751302 0.70086971377829566 1.8560720468010057 -0.13709460488020184 0.3571295843926276 -0.012157886428626254 1.4641499703841212 1.2138575679904486 -0.028411074908720076 -0.28327519458720735 -0.031114109993686908 0.35102513227513227 0.13847552910052921 1.3953652958798137 -0.0083357387116080855 -0.20249769179146621
decision_type=10 10 10 2 10 2 10 10 10 10 10 10 2 10 2 10 10 10 10 10 10 10 10 10 10 2 2 10 10 10
left_child=1 7 -3 4 -4 -6 -7 -1 -9 18 -11 15 -13 14 -14 -12 -17 -18 23 -20 21 22 -21 -2 25 -25 -27 29 -29 -26
right_child=9 2 3 -5 5 6 -8 8 -10 10 11 12 13 -15 -16 16 17 -19 19 20 -22 -23 -24 24 27 26 -28 28 -30 -31
leaf_value=-2.7175551247714377e-06 -1.638484584670528e-05 0 0 0 0 -0.00024483062706987587 0 0 8.9918728497243827e-05 -1.116721337485074e-05 2.853113797386042e-05 -9.1417869699939435e-05 0 0 0.00010047610035875796 0 0 -0.00020538871724534564 0 0 0 0 -0.00020542777649200058 0 4.6578148979792763e-05 0 7.5255242986711139e-05 1.4389065592292004e-06 -8.2352981973794935e-05 -2.4020857155224146e-06
leaf_weight=156 1315 110 33 57 26 61 20 30 71 604 467 30 52 60 473 290 20 49 198 25 21 34 96 569 387 126 530 165 241 2674
leaf_count=156 1315 110 33 57 26 61 20 30 71 604 467 30 52 60 473 290 20 49 198 25 21 34 96 569 387 126 530 165 241 2674
internal_value=0 -1.63015e-05 -4.57274e-05 -7.85284e-05 -0.000118134 -0.000158349 -0.000198391 0 5.21404e-05 1.29217e-06 1.16204e-05 2.46416e-05 5.2828e-05 6.87851e-05 8.53573e-05 0 -2.87118e-05 -0.000114666 -1.23441e-06 -4.07468e-05 -9.04077e-05 -0.000122706 -0.000158741 3.93945e-07 6.16231e-06 3.01403e-05 5.52835e-05 -8.68379e-07 -3.59954e-05 2.15837e-06
internal_weight=8990 564 307 197 140 107 81 257 101 8426 2045 1441 615 585 525 826 359 69 6381 374 176 155 121 6007 4692 1225 656 3467 406 3061
internal_count=8990 564 307 197 140 107 81 257 101 8426 2045 1441 615 585 525 826 359 69 6381 374 176 155 121 6007 4692 1225 656 3467 406 3061
is_linear=0
shrinkage=0.05


Tree=223
num_leaves=31
num_cat=0
split_feature=75 357 90 12 290 75 75 323 42 302 22 281 364 323 54 329 61 323 210 63 313 364 249 310 299 346 333 89 208 378
split_gain=6.2357e-05 0.000216933 0.000248277 0.000267216 0.000274775 0.000231136 0.000212741 0.00038762 0.0002654 0.000211924 0.00020577 0.000258925 0.000204483 0.00029662 0.000247068 0.000199 0.000175581 0.000171213 0.000165231 0.000185192 0.000174524 0.00012514 0.000380016 0.000357258 0.000425444 0.000347141 0.000280158 0.000256399 0.000246129 0.000471548
threshold=0.87797619047619058 0.00066137566137570026 0.24999999999999994 0.029844576719576851 -1.0000000180025095e-35 0.93419312169312207 0.83763227513227512 0.12285169218406615 -1.0073684395554088 -0.02593751560262442 1.5216251565635501 -1.4445800179848645 0.064217216154653381 -0.2888522464446826 0.081679894179894283 -0.028942579234571438 0.80278636459289066 -0.58102119767435312 1.6461241435705187 0.32688492063492108 -0.012423519914323285 0.0018820578323802686 2.1171570192139728 7.6169439144485609e-05 0.63389420795925366 0.30274312100076445 0.017195767195767046 0.12931313184017554 -2.1414663727109491 0.0083215359833846442
decision_type=2 10 2 2 10 2 2 10 2 10 2 10 10 10 2 10 2 10 10 2 10 10 10 10 10 10 10 2 8 10
left_child=6 5 -3 4 10 17 21 8 -8 -10 11 -4 13 -7 -15 -11 -16 -2 19 -19 -21 22 28 24 26 -23 -24 -27 29 -1
right_child=1 2 3 -5 -6 12 7 -9 9 15 -12 -13 -14 14 16 -17 -18 18 -20 20 -22 25 23 -25 -26 27 -28 -29 -30 -31
leaf_value=0 0 0 0 0 0 0 0 0 0 0 0 0.00016928400229085285 0 0 -0.00016167949242966667 -0.00018764821909134574 0 0 0 0 0.00018045570349005573 -3.3688370378113684e-06 0.0001684061334078288 0 0 -0.00022640414108961784 0 0 3.2058181341784286e-06 -0.00025434728605093645
leaf_weight=31 38 232 20 50 51 85 42 122 26 26 20 133 52 21 106 91 28 39 47 30 57 3135 132 111 22 32 20 30 4134 27
leaf_count=31 38 232 20 50 51 85 42 122 26 26 20 133 52 21 106 91 28 39 47 30 57 3135 132 111 22 32 20 30 4134 27
internal_value=0 1.17704e-05 3.65703e-05 6.88028e-05 9.36537e-05 -3.24131e-06 -1.41985e-06 -4.22403e-05 -9.05291e-05 -0.00012344 0.000123789 0.000143824 -3.98604e-05 -6.37346e-05 -0.000105211 -0.000152135 -0.000131943 2.37448e-05 5.62168e-05 8.72585e-05 0.000127823 0 5.60617e-06 6.1812e-05 0.000106709 -7.3377e-06 0.000141515 -0.000127177 5.9082e-07 -9.94217e-05
internal_weight=8990 1009 506 274 224 503 7981 307 185 143 173 153 292 240 155 117 134 211 173 126 87 7674 4477 285 174 3197 152 62 4192 58
internal_count=8990 1009 506 274 224 503 7981 307 185 143 173 153 292 240 155 117 134 211 173 126 87 7674 4477 285 174 3197 152 62 4192 58
is_linear=0
shrinkage=0.05


Tree=224
num_leaves=31
num_cat=0
split_feature=321 321 373 34 207 15 202 368 348 220 243 338 263 54 239 320 282 50 202 244 385 9 298 66 49 234 310 327 66 257
split_gain=6.3165e-05 0.000253871 0.000351644 0.000435812 0.000403418 0.000462535 0.000170425 0.000147741 0.000238889 0.000186942 0.000269998 0.000339919 0.00024364 0.000192462 0.000165728 0.00022973 0.000155476 0.000138656 0.000370592 0.000599957 0.000597769 0.0002764 0.000302175 0.000202107 0.000565459 0.0004954 0.000387416 0.000320606 0.000308246 0.000279754
threshold=0.021111149028490265 0.02913543384884432 0.0059523809523808983 0.80042989417989452 1.7143952575811046 0.70552248677248708 -1.0500930087261804 0.99301512825946314 -0.011667662156156776 0.99470820154345951 1.5231972006276562 -0.0039682539682540036 0.18898005894282177 0.16286375661375704 0.93275591408545666 0.015578299488532179 -0.0013199303882850397 -0.8529117608812079 0.47681072169340355 1.29385633150339 -1.4913096156697649 2.1804310011844406 0.0020086822662899189 -0.86112437909539585 0.97852435121737458 0.38808439448938908 -0.00053777699202499352 -0.1265715090920406 -1.5220192906572196 1.2329698560941889
decision_type=10 10 10 2 10 2 10 10 10 10 10 10 10 2 10 10 10 2 10 10 10 2 10 2 2 10 10 10 2 10
left_child=17 2 3 4 5 6 -2 9 -9 10 11 -3 16 -13 15 -11 -12 18 23 20 -20 22 -22 28 26 -26 29 -28 -1 -25
right_child=1 7 -4 -5 -6 -7 -8 8 -10 14 12 13 -14 -15 -16 -17 -18 -19 19 -21 21 -23 -24 24 25 -27 27 -29 -30 -31
leaf_value=0 0 0 0 0 0 0 -0.00023810222520740155 0 0.00010735653031128628 0 0 0 0 0.00015103619793754915 0 -0.00013506548713120085 -0.00018055331718727614 -3.1215200677617618e-07 0 0 0.00022313197424428705 0 0 0.00013394735563342127 0 -0.00030839203487914612 -8.8364091065182843e-05 0 8.2878247583658207e-05 0
leaf_weight=145 21 56 76 46 41 63 94 40 83 40 33 59 105 83 25 80 34 7018 30 89 115 23 21 77 22 30 139 120 155 27
leaf_count=145 21 56 76 46 41 63 94 40 83 40 33 59 105 83 25 80 34 7018 30 89 115 23 21 77 22 30 139 120 155 27
internal_value=0 -1.19798e-05 -4.76721e-05 -7.89956e-05 -0.000111907 -0.000145151 -0.000206513 0 5.41187e-05 -4.13611e-06 3.10829e-06 5.33917e-05 -2.57206e-05 9.97716e-05 -5.70702e-05 -8.59348e-05 -0.000103799 1.4736e-06 1.91279e-05 6.81029e-05 0.00012146 0.000164096 0.000191194 0 -2.25207e-05 -0.000176562 0 -3.31428e-05 3.13389e-05 8.10554e-05
internal_weight=8990 979 341 265 219 178 115 638 123 515 370 198 172 142 145 120 67 8011 993 278 189 159 136 715 415 52 363 259 300 104
internal_count=8990 979 341 265 219 178 115 638 123 515 370 198 172 142 145 120 67 8011 993 278 189 159 136 715 415 52 363 259 300 104
is_linear=0
shrinkage=0.05


Tree=225
num_leaves=31
num_cat=0
split_feature=353 346 80 204 205 317 253 18 50 64 63 41 35 254 376 212 276 62 202 77 363 276 69 40 381 379 17 373 212 276
split_gain=6.15186e-05 0.000300758 0.000343442 0.000392111 0.000327545 0.000378973 0.000460016 0.000291822 0.000393383 0.000267654 0.000203792 0.00016498 0.000147498 0.000140896 0.000291 0.000281823 0.000264853 0.000403547 0.000423266 0.000462392 0.00061225 0.000353243 0.000413733 0.00049083 0.000615577 0.000330193 0.000403759 0.00030751 0.000252982 0.000201349
threshold=-0.19715370743052982 -0.0019958430034220996 0.89318783068783059 -1.6832474059606974 1.4871786589759566 -0.022788138128109477 -0.56133727527394062 1.2682281012496401 -0.17533451118943297 0.16305993420558954 0.23363095238095202 -0.11267956757341048 0.9796626984126986 -0.63387295254106946 -0.080527604055018562 0.94015915884281498 -1.0272035667907673 0.48164682539682507 2.2607674931555999 0.62665343915343907 -0.18793910787884041 -0.39323069964107665 0.87514403710773359 -0.62098489670386392 0.72965788395386166 -0.11111535760116011 0.57860950424562951 0.0079365079365080141 -2.2685979353125911 -0.91193764431569901
decision_type=8 10 2 10 10 10 10 2 2 2 2 2 2 10 10 10 8 2 10 2 10 8 2 2 10 10 2 10 10 10
left_child=1 2 3 -1 5 6 -5 8 9 11 -9 -3 -13 16 15 28 17 -2 19 20 -19 25 23 -23 -25 -18 27 -27 -15 -16
right_child=13 7 -4 4 -6 -7 -8 10 -10 -11 -12 12 -14 14 29 -17 21 18 -20 -21 -22 22 -24 24 -26 26 -28 -29 -30 -31
leaf_value=0 0 0 0 0 0 0 -0.00022542250405432885 0 0 0 -9.7491341113101868e-05 0.00020696947628903292 0 0 1.912986193301716e-05 0 0 0 0 0 -0.00026262330369904418 0 2.7004367341286137e-05 -0.00012524013718046858 0 0.00016593852512212549 0 0 8.8102762863814603e-05 -2.8738082117459833e-06
leaf_weight=35 240 20 51 42 41 37 111 37 284 56 93 65 24 63 1303 175 146 24 26 102 81 399 315 239 127 120 52 24 289 4369
leaf_count=35 240 20 51 42 41 37 111 37 284 56 93 65 24 63 1303 175 146 24 26 102 81 399 315 239 127 120 52 24 289 4369
internal_value=0 -1.2462e-05 -5.2989e-05 -8.10715e-05 -0.000108673 -0.000136618 -0.000171358 1.09755e-06 2.81097e-05 9.00339e-05 -5.37162e-05 0.000135647 0.000164801 1.34446e-06 5.52295e-06 4.14819e-05 -9.68558e-06 -4.21348e-05 -8.90577e-05 -0.000118475 -0.000196616 0 -1.28999e-05 -3.58676e-05 -7.77195e-05 4.53435e-05 8.82966e-05 0.00013272 6.76536e-05 1.29972e-06
internal_weight=8990 896 317 266 231 190 153 579 449 165 130 109 89 8094 6199 527 1895 473 233 207 105 1422 1080 765 366 342 196 144 352 5672
internal_count=8990 896 317 266 231 190 153 579 449 165 130 109 89 8094 6199 527 1895 473 233 207 105 1422 1080 765 366 342 196 144 352 5672
is_linear=0
shrinkage=0.05


Tree=226
num_leaves=31
num_cat=0
split_feature=228 205 66 291 295 362 373 17 384 354 291 286 212 348 266 338 378 265 375 383 219 301 325 314 274 236 379 199 318 43
split_gain=6.3057e-05 0.000218167 0.000216965 0.000224587 0.000214552 0.000261707 0.000350342 0.00016008 0.000194224 0.000233498 0.000147082 0.000192805 0.000186687 0.000161522 0.000158649 0.00014634 0.00014533 0.000186034 0.000174709 0.000163018 0.000187123 0.000205993 0.000152016 0.000184018 0.000186156 0.000135568 0.000133445 0.000199675 0.00026975 0.000260324
threshold=-0.87407435211986473 1.2472809064924193 1.0831024118299801 -0.043505688494817722 -0.0043478534837770857 -0.13260582010581992 -0.013558201058200962 -0.097571520852987828 0.001303176247074739 -0.1396998755963397 -0.10033534773108331 -0.00033068783068779993 0.67884319575288721 -0.029136929976438294 0.412253226480986 -1.0000000180025095e-35 0.005646407306849067 0.69667496323633604 0.038776418155594801 0.67063210129756801 1.7624448477782928 -0.0049137137483499229 -0.0088690569214410191 -0.021871070287191773 -1.7779132496343328 -0.4010794691637713 1.0629304391892458 0.45747632698593294 -0.15963978904009171 -0.81354027231389459
decision_type=10 10 2 10 10 10 10 2 10 10 8 10 8 10 10 10 10 10 10 10 10 10 10 10 10 8 8 10 8 2
left_child=1 2 3 7 -5 -6 -7 -1 9 -9 11 15 13 -12 -15 -4 17 19 22 20 21 -3 -18 -24 -25 -20 -2 28 -28 -30
right_child=26 16 10 4 5 6 -8 8 -10 -11 12 -13 -14 14 -16 -17 18 -19 25 -21 -22 -23 23 24 -26 -27 27 -29 29 -31
leaf_value=3.4819028973203329e-06 2.4395244852439762e-07 0 0 0 0 0 -0.00012267719988062645 0 0 -9.136995247321545e-05 0 0 0 0.00012045223712730228 0 -0.00014474367041058452 0 0 0 0 0 0.00011070244395400351 0 0 -0.00013981017748432889 7.5392675023507576e-05 0 0 0.00014752279469195496 0
leaf_weight=432 6282 35 32 63 43 25 244 23 187 182 44 56 146 106 31 45 101 121 25 63 37 189 21 20 84 77 31 98 101 46
leaf_count=432 6282 35 32 63 43 25 244 23 187 182 44 56 146 106 31 45 101 121 25 63 37 189 21 20 84 77 31 98 101 46
internal_value=0 -6.87685e-06 -1.83849e-05 -3.03106e-05 -6.54564e-05 -8.28735e-05 -0.000101965 -8.24266e-06 -3.39131e-05 -6.75731e-05 1.8323e-06 -2.69981e-05 2.88489e-05 6.38776e-05 9.12973e-05 -8.66608e-05 1.13533e-05 3.22178e-05 -1.71572e-06 5.34838e-05 7.14954e-05 8.9683e-05 -3.8688e-05 -7.57831e-05 -0.0001064 3.11893e-05 2.54946e-06 3.68963e-05 7.00947e-05 0.000102631
internal_weight=8990 2432 1659 1199 375 312 269 824 392 205 460 133 327 181 137 77 773 445 328 324 261 224 226 125 104 102 6558 276 178 147
internal_count=8990 2432 1659 1199 375 312 269 824 392 205 460 133 327 181 137 77 773 445 328 324 261 224 226 125 104 102 6558 276 178 147
is_linear=0
shrinkage=0.05


Tree=227
num_leaves=31
num_cat=0
split_feature=349 67 294 375 85 251 383 200 328 257 245 248 285 380 261 368 348 248 211 211 379 67 360 65 308 50 382 301 301 50
split_gain=6.20999e-05 0.000271377 0.000356506 0.000433863 0.000621041 0.000645389 0.000585476 0.000319684 0.000397826 0.000212567 0.000272739 0.000324827 0.000451749 0.000258591 0.000346709 0.000219572 0.000189576 0.000269833 0.000254749 0.000252361 0.000181185 0.000154379 0.000337114 0.000356982 0.000405663 0.000364657 0.000416573 0.000274086 0.000393995 0.000307267
threshold=-0.10251774846530025 2.186031285154153 0.00033068783068784807 0.024832125197055969 -0.68104128016172494 1.0137139216275368 0.43069552252431242 -0.24009131636952818 -0.0085475494199758178 -0.034419069882437356 0.7544429388706767 1.712528882930985 -0.0035211413127060882 0.024924133269774721 -0.8038119729779839 -0.42840954027121886 0.02677874072805381 -0.59499450688734734 0.48296023566845248 -0.4951078355604801 0.44644471762164861 2.1159141511437856 0.012108889514845013 -0.28567859530844947 -0.038480520568066716 -1.4606549984859598 -1.1487929405296524 -0.0019851394687748765 -0.0016822225250099352 -0.31592736772501095
decision_type=8 2 10 10 2 10 10 10 10 10 8 10 10 10 10 10 10 10 8 10 10 2 10 2 10 2 10 10 10 2
left_child=1 2 3 4 -1 6 -6 8 -3 13 11 12 -11 14 15 -4 18 -18 -5 -19 -10 27 23 -23 -25 -26 -27 -2 -29 -30
right_child=21 7 9 16 5 -7 -8 -9 20 10 -12 -13 -14 -15 -16 -17 17 19 -20 -21 -22 22 -24 24 25 26 -28 28 29 -31
leaf_value=0 2.2481763269234973e-05 0 0 0 -0.00017235964984414819 0 0 0 0.00021426187515459665 0 0 0 0.0001495700631062209 1.2889008246543285e-05 0 -0.00021004308338336099 0 0 -0.00010543659604360988 0.00017103550228261309 0 0 1.2588303679368155e-05 0 0 0 -0.00016958999227498903 -7.0108080985501237e-05 2.8426620126777848e-05 -3.6566437073477444e-06
leaf_weight=199 1753 25 26 133 238 81 49 104 56 26 152 58 137 183 193 48 49 26 67 57 20 239 370 79 46 45 169 196 923 3243
leaf_count=199 1753 25 26 133 238 81 49 104 56 26 152 58 137 183 193 48 49 26 67 57 20 239 370 79 46 45 169 196 923 3243
internal_value=0 -7.91482e-06 -1.65284e-05 -3.88784e-05 -6.56435e-05 -0.000104195 -0.000139783 4.00334e-05 0.000105624 1.81273e-06 3.44892e-05 7.13523e-05 0.000108998 -1.41654e-05 -5.14258e-05 -0.000145705 0 5.25555e-05 -2.33469e-05 0.000111841 0.000167005 2.21099e-06 -1.52198e-05 -4.16689e-05 -7.4779e-05 -0.00010578 -0.00013361 5.73111e-06 0 2.25193e-06
internal_weight=8990 1927 1722 899 567 368 287 205 101 823 373 221 163 450 267 74 332 132 200 83 76 7063 948 578 339 260 214 6115 4362 4166
internal_count=8990 1927 1722 899 567 368 287 205 101 823 373 221 163 450 267 74 332 132 200 83 76 7063 948 578 339 260 214 6115 4362 4166
is_linear=0
shrinkage=0.05


Tree=228
num_leaves=31
num_cat=0
split_feature=351 387 224 339 275 283 252 229 339 351 295 336 281 375 301 41 341 354 355 243 373 32 36 227 15 344 378 41 71 378
split_gain=6.12835e-05 0.00010071 0.000140408 0.000100008 0.000239562 0.000331419 0.000277585 0.00023107 0.000116907 0.000344021 0.00012395 0.000125881 0.000146718 0.000137601 0.00011356 0.000323677 0.000286548 0.000169943 0.000200421 0.000176675 0.000101021 6.68552e-05 4.21547e-05 0.000147955 0.000198147 0.000213037 1.46726e-05 0.000121728 0.000113025 8.60237e-05
threshold=-1.5568851295373671 -0.029776493162496472 1.288595615952308 -0.21931316835313894 -0.12679949342884911 -0.0014982450352176433 0.72916516145814858 1.6606472100414813 -0.11482789529542513 -0.27948550184412629 -0.11622630264596211 -0.0089285714285716744 -0.725631115537689 0.082402811142493024 0.01593838605814699 0.4157044525613785 -0.018518518518518958 -0.25619668909058563 -0.046974193898529963 1.8357211797601451 0.0039682539682539689 0.47693452380952306 0.035548941798941809 1.3267511140043913 0.05638227513227511 0.0022742392461815313 -0.0016378770963181297 0.48478362595212759 0.6696428571428571 -0.53689312278113055
decision_type=8 10 10 10 8 10 10 10 10 10 10 10 10 10 10 2 10 10 10 8 10 2 2 8 2 10 10 2 2 10
left_child=1 -1 -3 4 5 -2 7 -7 9 26 11 -10 -13 -14 17 21 -17 19 -19 -12 -11 -16 -6 24 -24 -26 29 28 -28 -5
right_child=3 2 -4 8 22 6 -8 -9 10 20 14 12 13 -15 15 16 -18 18 -20 -21 -22 -23 23 -25 25 -27 27 -29 -30 -31
leaf_value=0 0 -0.00012269066658277125 0 0 0 0.00021129103115747114 0 0 0 -0.00016908039676796435 4.3735427329042608e-05 0 0.00012179614508109912 0 -3.9511644183775497e-05 0 0.00011659723665618267 -2.0756598759721006e-05 0 0 0 7.4929427736640001e-06 0 0 -0.00023552042477664525 0 0.0001426141526344297 0 0 -8.1486813211950116e-05
leaf_weight=22 58 50 24 22 37 66 32 36 52 49 393 33 90 26 103 28 131 1492 5766 115 21 110 20 21 27 29 30 49 24 34
leaf_count=22 58 50 24 22 37 66 32 36 52 49 393 33 90 26 103 28 131 1492 5766 115 21 110 20 21 27 29 30 49 24 34
internal_value=0 -3.96867e-05 -7.37593e-05 4.558e-07 2.77915e-05 6.65493e-05 0.000111906 0.000152462 -1.03494e-09 -3.56442e-05 3.78604e-07 3.93299e-05 6.47843e-05 9.24622e-05 0 2.6267e-05 8.18517e-05 -1.87043e-06 -4.42002e-06 2.47097e-05 -0.000128145 0 0 -3.29445e-05 -7.90277e-05 -0.000131537 0 1.56692e-05 7.8058e-05 -1.42352e-05
internal_weight=8990 96 74 8894 326 192 134 102 8568 229 8339 201 149 116 8138 372 159 7766 7258 508 70 213 134 97 76 56 159 103 54 56
internal_count=8990 96 74 8894 326 192 134 102 8568 229 8339 201 149 116 8138 372 159 7766 7258 508 70 213 134 97 76 56 159 103 54 56
is_linear=0
shrinkage=0.05


Tree=229
num_leaves=31
num_cat=0
split_feature=317 372 379 373 77 236 301 245 236 207 385 372 379 348 245 291 248 383 58 85 372 248 268 358 277 62 72 260 361 69
split_gain=5.85426e-05 0.000239212 0.000397537 0.000289631 0.0003543 0.000327846 0.000320395 0.000245368 0.000303537 0.000222784 0.00022601 0.000223535 0.000245487 0.000216001 0.000261814 0.0001984 0.000172172 0.000381298 0.000460987 0.00039783 0.000448198 0.000374697 0.000309025 0.000332741 0.000402713 0.00040235 0.000223707 0.000470815 0.000806028 0.000377299
threshold=-0.063882913420863621 -0.0024919805059199214 0.2027254210084912 -0.016865079365079135 0.49718915343915354 1.5273306973557432 -0.0089846995916500454 -0.3001329634469122 1.1280980791529209 2.342966911807435 2.1413771515802602 -0.001355158601275108 0.5069003861710687 -0.27761260646224378 1.1553033657780818 -0.083527042331588128 -1.3255311165581318 0.0087419951463357255 1.9183660661593003 -0.65194889673406531 0.026868886570745047 -0.52388554708184698 -0.077718773640923736 0.17093925455693706 1.2577222265906154 0.17344576719576701 -0.47105403059176049 -1.3055703620275183 0.00034942972259749411 1.1349966184935352
decision_type=8 10 10 10 2 10 10 10 10 10 10 10 10 10 10 10 10 10 2 2 10 10 10 10 10 2 2 10 10 2
left_child=1 2 3 -1 -5 6 -6 8 15 10 11 12 -3 -12 -15 -4 17 -2 19 -19 -21 22 -18 24 25 -24 27 -23 -29 -30
right_child=16 9 7 4 5 -7 -8 -9 -10 -11 13 -13 -14 14 -16 -17 21 18 -20 20 -22 26 23 -25 -26 -27 -28 28 29 -31
leaf_value=0 6.2072659114572063e-07 8.4602677649297544e-05 0 0 0 0 -0.00014504668658666132 -7.0128123259549455e-06 0 -6.8599724286027921e-05 0 -3.6121712284661308e-06 0 0.00015541254709341783 0 0.00021052747404241937 0 0 0 -0.00019868493018148777 0 0 0 0 0 9.8240070450871626e-05 2.9312639921968679e-06 0 -0.00028823084219104867 0
leaf_weight=59 439 161 31 257 28 60 233 226 40 93 21 1496 52 78 46 42 316 55 94 113 27 111 93 94 102 496 3957 93 56 21
leaf_count=59 439 161 31 257 28 60 233 226 40 93 21 1496 52 78 46 42 316 55 94 113 27 111 93 94 102 496 3957 93 56 21
internal_value=0 -5.80776e-06 -2.65608e-05 -5.12541e-05 -6.44019e-05 -0.000101122 -0.000125358 5.09587e-06 7.35067e-05 2.02832e-06 8.27139e-06 1.85404e-07 5.03099e-05 6.90497e-05 9.96294e-05 0.000136897 2.80571e-06 -1.83096e-05 -6.43507e-05 -0.000109742 -0.0001545 6.62166e-06 3.26089e-05 4.9753e-05 6.33696e-05 8.01251e-05 0 -4.32274e-05 -0.000100038 -0.000219579
internal_weight=8990 2923 976 637 578 321 261 339 113 1947 1854 1709 213 145 124 73 6067 728 289 195 140 5339 1101 785 691 589 4238 281 170 77
internal_count=8990 2923 976 637 578 321 261 339 113 1947 1854 1709 213 145 124 73 6067 728 289 195 140 5339 1101 785 691 589 4238 281 170 77
is_linear=0
shrinkage=0.05


Tree=230
num_leaves=31
num_cat=0
split_feature=294 229 76 19 203 50 202 251 364 201 218 372 359 314 356 246 248 62 315 331 370 210 310 265 49 257 215 68 13 349
split_gain=6.02078e-05 0.00026155 0.000335727 0.000197147 0.000487507 0.000295095 0.000182374 0.000167532 0.000186929 0.000202893 0.00015831 0.000147753 0.000305109 0.000462473 0.000310233 0.000294639 0.00047321 0.000273247 0.00041232 0.000355745 0.000243648 0.000330494 0.000303039 0.000222302 0.000357739 0.00047169 0.000259818 0.00033224 0.000339112 0.000383988
threshold=-0.00033068783068800756 0.071340698065012378 0.60900813215119298 -0.20353033949345997 -0.061325075886001841 1.4012560734573698 0.31872195459903391 0.48447772981252429 -0.032890088781374997 -0.93952596058681992 0.32855188201194147 0.0098484149518570114 0.030177471952119953 0.00035803281599879061 -0.045044790489252744 -0.11390498001257902 -1.0130873859993217 0.18501984126984103 -0.025060210344789554 0.0070884688446344888 0.0020782695074164641 0.33152135551301448 0.0010111397871919727 -0.60333499427489057 0.60241028729075563 -0.96372422294883542 1.3679014164298222 0.82440476190476208 0.0064484126984126512 -0.11407410644337655
decision_type=8 10 2 2 10 2 10 10 10 10 10 8 10 10 10 10 10 2 10 10 10 10 10 10 2 10 10 2 2 10
left_child=1 3 10 7 5 -5 -4 8 -1 -10 -3 23 13 20 -15 16 -16 18 -14 -20 -13 22 -22 24 -2 -26 -25 28 29 -28
right_child=11 2 6 4 -6 -7 -8 -9 9 -11 -12 12 17 14 15 -17 -18 -19 19 -21 21 -23 -24 26 25 -27 27 -29 -30 -31
leaf_value=0 -3.6291062079912965e-06 0 -0.00021329500288336936 0.00015727512579665953 0 0 0 0 0 -0.00015005941189849149 -4.925809715888354e-05 3.7661463075871191e-05 0 0 0 2.2322201860730246e-05 0.00019500964474143743 4.6074117728322362e-06 -0.00021132552257185786 0 -0.00014214629620490149 0 0 0 -0.00016346352889178795 0 0 -1.2572326020891505e-06 0 0.00015786208860559835
leaf_weight=37 1424 283 44 99 124 22 26 85 20 63 183 177 46 105 32 224 128 614 58 34 96 83 30 4143 96 172 37 144 227 134
leaf_count=37 1424 283 44 99 124 22 26 85 20 63 183 177 46 105 32 224 128 614 58 34 96 83 30 4143 96 172 37 144 227 134
internal_value=0 -1.17041e-05 -3.76407e-05 8.08208e-06 4.49297e-05 0.000118953 -0.000148717 -1.15774e-05 -6.0961e-05 -0.000104855 -1.01998e-05 1.38877e-06 1.51489e-05 3.59624e-05 6.83949e-05 8.93077e-05 0.000151784 -2.42241e-06 -6.98864e-05 -0.000136072 0 -4.13731e-05 -9.69053e-05 -1.33806e-06 -1.7412e-05 -7.19681e-05 3.40013e-06 3.60294e-05 6.20766e-05 0.000117987
internal_weight=8990 986 536 450 245 121 70 205 120 83 466 8004 1627 875 489 384 160 752 138 92 386 209 126 6377 1692 268 4685 542 398 171
internal_count=8990 986 536 450 245 121 70 205 120 83 466 8004 1627 875 489 384 160 752 138 92 386 209 126 6377 1692 268 4685 542 398 171
is_linear=0
shrinkage=0.05


Tree=231
num_leaves=31
num_cat=0
split_feature=36 36 234 372 347 199 220 258 352 311 208 294 267 59 36 241 324 362 70 259 248 349 383 89 253 89 366 202 25 49
split_gain=6.03682e-05 0.000173407 0.000211406 0.000185558 0.000190405 0.000178327 0.000185941 0.000129688 0.00012998 0.000111297 9.77072e-05 0.00028653 0.000330945 0.000428425 0.000432331 0.000304638 0.000540574 0.000307 0.000230597 0.000278083 0.000336978 0.000202622 0.000183543 0.000166062 0.000414534 0.000389408 0.000391449 0.000168717 0.000325247 0.000307921
threshold=0.99619708994709011 0.98908730158730152 1.6035284678135349 0.016862862939579951 0.016917423551010006 -1.1399682587005444 -0.18805288759927896 0.4780825720334127 -0.040429680382515591 0.0014880952380951151 -1.3097646345338529 0.00033068783068800767 -1.7661000613975981 1.0659924545672053 0.10218253968254001 0.75617667604501959 0.0075928163447696049 -0.065145502645502965 0.81051587301587313 0.42588348789402192 0.6552671854892953 0.049464848293961312 -0.1401131591636732 -0.57374833359891142 -0.24664874291729144 -1.5738568752503248 0.46835559789849712 -0.49632456502341932 0.016038359788359803 -0.40659018185832191
decision_type=2 2 10 10 10 10 10 10 10 10 8 10 10 2 2 10 10 10 2 10 10 10 10 2 10 2 10 10 2 2
left_child=1 10 3 4 5 -3 -7 8 -2 -10 11 12 15 14 -14 17 -17 -1 19 -13 -21 -20 -15 24 -12 -26 -27 28 -25 -30
right_child=7 2 -4 -5 -6 6 -8 -9 9 -11 23 18 13 22 -16 16 -18 -19 21 20 -22 -23 -24 27 25 26 -28 -29 29 -31
leaf_value=0.00011284062068470166 0 0 0 0 0 0 -0.00016231711015466697 0 6.645555034431618e-05 0 0 0 0 4.0713736828693513e-05 9.7874389168566207e-05 0 -0.00018896330708650881 0 0.00013895892105730517 -0.00014331786564928526 0 0 -6.1407843921889473e-05 1.3175609078189231e-05 0 -0.0001590101219851231 0 6.4512312589456689e-06 0 -5.318324403481177e-05
leaf_weight=66 83 20 49 26 31 27 107 142 242 21 614 320 107 49 400 44 57 160 37 96 75 20 100 602 44 136 78 3990 634 613
leaf_count=66 83 20 49 26 31 27 107 142 242 21 614 320 107 49 400 44 57 160 37 96 75 20 100 602 44 136 78 3990 634 613
internal_value=0 -1.03664e-06 -4.12536e-05 -6.78271e-05 -8.80506e-05 -0.000111362 -0.000132573 1.70435e-05 3.6694e-05 5.48296e-05 0 1.16195e-05 2.94641e-05 5.06147e-05 7.36663e-05 0 -8.24599e-05 1.81097e-05 -1.12671e-05 -2.98043e-05 -8.13192e-05 6.06199e-05 0 -2.36537e-06 -2.27837e-05 -7.59554e-05 -0.000107247 0 -1.17601e-05 -2.78074e-05
internal_weight=8990 8502 260 211 185 154 134 488 346 263 8242 1531 983 656 507 327 101 226 548 491 171 57 149 6711 872 258 214 5839 1849 1247
internal_count=8990 8502 260 211 185 154 134 488 346 263 8242 1531 983 656 507 327 101 226 548 491 171 57 149 6711 872 258 214 5839 1849 1247
is_linear=0
shrinkage=0.05


Tree=232
num_leaves=31
num_cat=0
split_feature=73 290 337 328 72 352 253 349 349 21 332 58 347 359 217 277 35 46 347 252 327 299 63 342 323 368 263 54 11 242
split_gain=6.23201e-05 0.000215333 0.000256351 0.000280409 0.000360588 0.000255551 0.000148201 0.000318478 0.000482685 0.000363817 0.00031654 0.00034952 0.000493705 0.000419393 0.000465041 0.000367578 0.000336999 0.000375243 0.000308189 0.000300708 0.000295551 0.000285228 0.000472069 0.000282369 0.000358681 0.000334387 0.000277319 0.000275685 0.000295632 0.000254375
threshold=0.90950323320320858 -0.00033068783068780015 -0.0008699436138806595 0.011529032537331676 0.32915341910988005 0.011806412559737913 0.69143037320455958 0.058765440416864718 0.15132230719657122 1.8332209267556703 -0.005854210544968221 0.21104993645974304 -0.0048385545698613327 -0.0077607748638644286 0.8653461168433213 1.5687141876111463 0.84408068783068801 0.29828042328042403 -0.009616149149470175 1.9373223720187893 -0.11753902617247915 0.0021985839672550305 0.52132936507936511 0.012298498611399785 -1.3514167042008469 1.4685370293054278 1.4394344744630505 0.88442460317460314 0.0034722222222222008 0.12914256262166449
decision_type=2 8 10 10 2 10 10 10 10 2 10 2 10 10 10 10 2 2 10 10 10 10 2 10 10 10 10 2 2 10
left_child=6 2 -2 4 5 -4 10 20 9 27 -1 12 -12 14 19 26 17 -15 -10 -13 23 -20 -23 24 -8 -26 -14 28 -9 -22
right_child=1 -3 3 -5 -6 -7 7 8 18 -11 11 13 15 16 -16 -17 -18 -19 21 -21 29 22 -24 -25 25 -27 -28 -29 -30 -31
leaf_value=-3.0830969696321706e-07 0 0 -0.00019906455557244622 0 0 0 0 0 -8.4928178334603782e-05 0 0 9.6467362341637919e-05 0.00019543055197602046 -6.6212702210718224e-07 -3.128107466545429e-06 0 2.0787410310852497e-05 -0.00013668518466376629 0 0 1.2160945923759352e-05 0 0.00019245033848191973 0 0.00015285928699943733 0 0 0 -0.00016103350612553763 -3.3793354034629331e-05
leaf_weight=2657 313 2029 89 159 107 59 23 25 76 50 39 343 120 358 107 20 490 84 153 26 543 41 57 107 135 31 29 35 171 514
leaf_count=2657 313 2029 89 159 107 59 23 25 76 50 39 343 120 358 107 20 490 84 153 26 543 41 57 107 135 31 29 35 171 514
internal_value=0 -6.32206e-06 -2.98644e-05 -5.58002e-05 -8.83312e-05 -0.000139737 2.70583e-06 -7.38423e-06 -3.83078e-05 -8.64142e-05 8.50662e-06 2.6093e-05 9.14533e-05 1.28808e-05 5.18417e-05 0.000132634 -1.65693e-06 -3.78474e-05 0 8.13244e-05 2.81853e-06 2.97057e-05 9.7609e-05 4.92479e-05 8.67801e-05 0.000118204 0.0001616 -0.0001141 -0.000137321 -5.45696e-06
internal_weight=8990 2756 727 414 255 148 6234 1961 608 281 4273 1616 208 1408 476 169 932 442 327 369 1353 251 98 296 189 166 149 231 196 1057
internal_count=8990 2756 727 414 255 148 6234 1961 608 281 4273 1616 208 1408 476 169 932 442 327 369 1353 251 98 296 189 166 149 231 196 1057
is_linear=0
shrinkage=0.05


Tree=233
num_leaves=31
num_cat=0
split_feature=322 322 202 338 323 248 360 67 273 81 47 365 367 347 247 55 36 349 230 353 18 384 277 19 353 272 71 247 353 349
split_gain=6.46805e-05 0.000342412 0.00037348 0.000437656 0.000298955 0.00039341 0.00036884 0.000204053 0.000383956 0.000593329 0.000398469 0.000215398 0.000294731 0.000306624 0.000329224 0.000264634 0.0002142 0.00021214 0.000214074 0.000204597 0.000238579 0.000159343 0.000377162 0.000372986 0.000577677 0.000344848 0.000419152 0.000189441 0.000461874 0.000312458
threshold=0.0094871574666130169 0.011667850983989704 0.31018718780689675 -0.013888888888889032 -0.70125147158338541 -1.8950110355909253 -0.065363694464859998 0.72164304749426955 -0.040021623919795912 0.18154761904761904 0.85333994708994709 -0.24718915343915307 0.26455026455026415 0.0035992012247240139 -0.20824476611064519 -0.71196838582364541 0.88409391534391502 0.15821224473714482 0.2582551052273489 0.029041893612602013 -0.38344231993818995 0.76105195351323951 -0.46293625463768234 -0.15470455160463498 0.04447848991910739 -0.054129784227134076 0.052083333333333405 0.37190142280317173 -0.061317601429830608 -0.090923330208936406
decision_type=10 10 10 10 10 10 10 2 10 2 2 10 10 10 10 2 2 10 10 10 2 8 8 2 10 10 2 10 10 10
left_child=21 2 3 -2 -5 -6 -7 8 -3 -10 -11 15 13 14 -13 -9 -15 18 -17 20 -14 27 23 -23 25 -25 -27 -1 29 -29
right_child=1 7 -4 4 5 6 -8 11 9 10 -12 12 19 16 -16 17 -18 -19 -20 -21 -22 22 -24 24 -26 26 -28 28 -30 -31
leaf_value=4.818053280925943e-06 0 0 0 0 0 0 -0.00020872929721837507 0 0 0.00025151353873183689 0 -7.5881649173543809e-06 0.00014861253547117376 -7.487099773985507e-05 6.2446564307857825e-05 -0.00011418491012528718 0 0 0 0 0 0 0 0 0 0 0.00031207257847397037 0 0 -8.1931699784310927e-05
leaf_weight=4867 46 69 179 30 24 25 130 86 44 62 23 273 84 212 237 174 114 45 82 45 31 88 289 22 47 21 58 143 1098 342
leaf_count=4867 46 69 179 30 24 25 130 86 44 62 23 273 84 212 237 174 114 45 82 45 31 88 289 22 47 21 58 143 1098 342
internal_value=0 -8.07216e-06 -4.76911e-05 -8.67785e-05 -0.000120082 -0.000144942 -0.000174929 0 4.96837e-05 0.000105939 0.000185624 -3.9085e-06 4.10601e-06 -2.22937e-06 1.51612e-05 -3.74473e-05 -4.47646e-05 -6.32459e-05 -8.23029e-05 6.84195e-05 0.000104668 2.08759e-06 2.85748e-05 7.62211e-05 0.000124731 0.00019255 0.000241425 0 -1.50928e-05 -5.589e-05
internal_weight=8990 2015 434 255 209 179 155 1581 198 129 85 1383 996 836 510 387 326 301 256 160 115 6975 525 236 148 101 79 6450 1583 485
internal_count=8990 2015 434 255 209 179 155 1581 198 129 85 1383 996 836 510 387 326 301 256 160 115 6975 525 236 148 101 79 6450 1583 485
is_linear=0
shrinkage=0.05


Tree=234
num_leaves=31
num_cat=0
split_feature=73 275 232 384 384 281 336 348 351 275 240 251 21 205 268 236 49 378 319 374 366 351 294 23 77 19 202 361 302 229
split_gain=6.03859e-05 0.000242032 0.000356672 0.000491646 0.000366942 0.000471063 0.000390767 0.000345927 0.000348129 0.000344488 0.000262902 0.00031846 0.00043795 0.00049282 0.000259381 0.000498502 0.000419359 0.000300801 0.000302639 0.000431401 0.000276223 0.000290867 0.000273215 0.000213172 0.000212732 0.000211561 0.000290121 0.000342416 0.00023572 0.000274974
threshold=-0.27558098468965847 0.29040139500085099 -0.93804807830296733 -0.66906385738837559 0.04187300430621816 0.58242691662567214 -0.017774470899470648 -0.0017313563486860415 0.24466681721290554 0.88614558794192833 0.78012950762932742 0.52733281130883836 0.55461007772657211 0.30730003521364274 0.68183084893006041 0.024482019046997889 -0.65193687498280883 -0.012468573147047744 -0.0059577941607489296 -0.10997274126854449 -0.24593233023662681 0.069453601101485143 -0.00033068783068779592 0.0061177248677248006 0.21742724867724902 -0.26446804580244293 0.30403218241827212 -1.0000000180025095e-35 -0.10607798704902503 1.8018309522402893
decision_type=2 10 10 10 10 10 10 10 10 10 10 10 2 10 10 10 2 10 10 10 10 10 10 2 2 2 10 10 10 10
left_child=1 10 7 -4 5 23 -7 8 9 -3 14 12 -12 -14 17 -16 -17 20 -19 -20 21 -1 -18 -5 25 -2 27 -27 -29 -30
right_child=24 2 3 4 -6 6 -8 -9 -10 -11 11 -13 13 -15 15 16 22 18 19 -21 -22 -23 -24 -25 -26 26 -28 28 29 -31
leaf_value=-0.00011193461113138868 0 0 -2.3931286195992407e-05 7.2446581966450281e-05 4.9540833439356758e-06 0 0.00023347699453451348 1.457426811536752e-05 0 -0.00021163708916430483 0 0 -0.00030404989706202799 0 0 0 0 0 0 9.9878196890239716e-05 1.7218237485762897e-05 0 -0.00019115373738120376 0 0 0 0 0 -0.00021478140370205856 0
leaf_weight=108 493 43 124 159 329 21 100 152 25 58 44 63 41 51 559 26 21 169 37 300 216 28 88 104 5285 72 136 21 86 31
leaf_count=108 493 43 124 159 329 21 100 152 25 58 44 63 41 51 559 26 21 169 37 300 216 28 88 104 5285 72 136 21 86 31
internal_value=0 5.84426e-06 2.47559e-05 4.28471e-05 6.14741e-05 9.68675e-05 0.000192332 -1.17296e-05 -8.30988e-05 -0.000131231 -3.34367e-06 -5.82893e-05 -0.00010402 -0.000166965 4.83406e-07 -1.86514e-05 -0.000104938 2.1788e-05 4.78462e-05 7.53749e-05 -1.47315e-06 -6.7888e-05 -0.000152466 3.3886e-05 -2.94382e-06 -2.64019e-05 -5.67288e-05 -9.35601e-05 -0.000139699 -0.000167476
internal_weight=8990 2866 1115 837 713 384 121 278 126 101 1751 199 136 92 1552 694 135 858 506 337 352 136 109 263 6124 839 346 210 138 117
internal_count=8990 2866 1115 837 713 384 121 278 126 101 1751 199 136 92 1552 694 135 858 506 337 352 136 109 263 6124 839 346 210 138 117
is_linear=0
shrinkage=0.05


Tree=235
num_leaves=31
num_cat=0
split_feature=35 369 273 275 366 247 54 265 251 366 246 51 316 69 72 383 321 332 299 57 387 335 49 202 375 375 59 251 286 378
split_gain=5.79609e-05 0.000137165 0.000177362 0.000305058 0.000111704 0.000179151 0.000209082 0.000168974 0.000171365 0.000122711 0.00027977 0.000588577 0.000325449 0.000314737 0.00014085 0.000311633 0.000276717 0.000391866 0.000389242 0.000276241 0.000461986 0.000270725 0.00047218 0.000285749 0.000257866 0.000335861 0.000332753 0.000140249 7.88448e-05 6.59166e-05
threshold=0.99222883597883615 0.10206132190801599 1.9751541895340521 -0.042945065607931994 2.3930551750651827 0.027274152558246442 0.26769179894179906 -0.79179944273381808 -1.3148699320199617 1.7249239790370814 0.51063297688841436 0.75965999185239907 -0.12649611032431718 0.22955102154280652 0.25691367591044606 -0.01130714325592516 0.021609219648314641 -0.013304370117859119 0.22187868051734697 1.7122910695591174 0.29336703383467416 -0.051981364628984943 0.12399355584785152 -1.1134801623226884 -0.12793116286035519 -0.0075048215975515855 0.25570348210719956 0.8605502119311762 0.00033068783068787322 0.0035692828412038084
decision_type=2 10 10 10 10 10 2 10 10 8 8 2 10 2 2 10 10 10 10 2 10 10 2 10 10 10 2 10 10 10
left_child=4 2 -2 -4 9 6 -6 -8 -9 14 11 12 -11 -14 16 21 24 28 -19 20 -17 22 -16 -23 26 -26 -1 -21 -18 -3
right_child=1 29 3 -5 5 -7 7 8 -10 10 -12 -13 13 -15 15 19 17 18 -20 27 -22 23 -24 -25 25 -27 -28 -29 -30 -31
leaf_value=0 2.9651259215205349e-06 0 0.0002184751075973563 0 0 0 0 0 -0.00017127438557713222 0 0 0 0.00022643342458012155 0 0 7.394162130785189e-05 2.9773287002730237e-05 -0.00011890910633468044 0 1.8423477530127033e-05 -2.8068723033483782e-05 -6.0494636396689761e-05 -0.00013946593421301637 1.8989969473716069e-05 -3.7251780102705618e-05 0 7.4729909675238018e-05 -3.0966599036756757e-05 -4.2376746156580352e-05 -3.8763217340109514e-05
leaf_weight=560 397 133 35 53 25 105 23 27 72 28 184 69 79 49 121 480 139 202 69 493 63 134 100 620 795 3372 221 191 41 110
leaf_count=560 397 133 35 53 25 105 23 27 72 28 184 69 79 49 121 480 139 202 69 493 63 134 100 620 795 3372 221 191 41 110
internal_value=0 1.339e-05 3.12197e-05 0.000101785 -1.31837e-06 -3.41277e-05 -7.09984e-05 -0.000101754 -0.000130459 0 2.63613e-05 6.61069e-05 0.000125412 0.000159742 -1.71992e-06 7.96499e-06 -6.5961e-06 -4.47857e-05 -8.33737e-05 2.59923e-05 5.28968e-05 -9.59434e-06 -5.88819e-05 0 -2.10387e-06 -7.95501e-06 2.27105e-05 0 0 -1.62667e-06
internal_weight=8990 728 485 88 8262 252 147 122 99 8010 409 225 156 128 7601 2202 5399 451 271 1227 543 975 221 754 4948 4167 781 684 180 243
internal_count=8990 728 485 88 8262 252 147 122 99 8010 409 225 156 128 7601 2202 5399 451 271 1227 543 975 221 754 4948 4167 781 684 180 243
is_linear=0
shrinkage=0.05


Tree=236
num_leaves=31
num_cat=0
split_feature=260 384 46 321 341 251 57 260 319 233 250 251 237 219 21 52 208 333 54 257 369 319 351 267 301 375 362 19 338 358
split_gain=6.02659e-05 0.000186794 0.000190468 0.000183323 0.000241123 0.000189733 0.000169134 0.000167815 0.000387488 0.000272514 0.00034845 0.000306944 0.000315895 0.000159284 0.000181988 0.000225535 0.000271033 0.000129154 0.00017924 0.00040251 0.000362259 0.000419454 0.000265997 0.000272754 0.000241356 0.000553455 0.000329292 0.000292632 0.000183554 0.000315392
threshold=-1.3055703620275183 -0.017497704326647708 0.015294312169312128 0.014158134965216009 0.011243386243385974 -1.3073655754003319 2.2718950164114307 -0.68175728712599915 -0.0025291235752245979 -0.88075207805418332 -1.3985931669739144 -1.452947592073955 -0.85576343405026956 0.65500732426429331 1.7363177131415302 0.17130844877429052 -0.98948720614874597 -0.049603174603175031 0.86557539682539708 1.0000000180025095e-35 -0.076047794992481529 0.0025837056174750771 0.22037610622091916 -0.2227671734077786 0.0035252096400929527 -0.070662463150850216 0.13029100529100585 -0.29225650024647493 0.0016534391534389766 -0.012687856202949875
decision_type=8 8 2 10 10 10 2 10 8 10 10 10 10 10 2 2 10 10 2 10 10 10 10 10 10 10 10 2 10 10
left_child=1 -1 -3 4 5 -4 -7 8 9 -2 -11 -12 -13 14 15 -10 -17 -9 24 20 -20 -22 -21 -24 28 27 -27 -26 -19 -30
right_child=7 2 3 -5 -6 6 -8 17 13 10 11 12 -14 -15 -16 16 -18 18 19 22 21 -23 23 -25 25 26 -28 -29 29 -31
leaf_value=-2.7837104477064767e-07 0 0 0 0 0 0.00016186848621995234 0 4.021925986430312e-05 0 0 0 0 -0.00015556740360994631 4.5774195160142142e-05 1.8025962652957715e-05 0 -0.00011971640802777523 3.8762766398417391e-06 0 -4.4034929088414539e-06 -0.00015202915716240942 0 0.00020141938955908547 0 0 8.1979807211106424e-05 0 -8.9356148874196638e-05 1.1055737292153218e-05 -3.2956994745432572e-05
leaf_weight=178 47 48 20 31 47 116 20 202 134 36 21 64 186 161 110 44 120 4539 125 263 146 87 33 36 77 403 101 108 452 1035
leaf_count=178 47 48 20 31 47 116 20 202 134 36 21 64 186 161 110 44 120 4539 125 263 146 87 33 36 77 403 101 108 452 1035
internal_value=0 1.74783e-05 4.64068e-05 6.80383e-05 8.71341e-05 0.000117218 0.000138724 -1.08856e-06 -2.14726e-05 -6.27511e-05 -8.22118e-05 -0.000104257 -0.000121863 0 -1.21918e-05 -4.01212e-05 -7.97502e-05 7.2772e-07 0 -2.4591e-05 -6.30268e-05 -9.99389e-05 1.80561e-06 9.78032e-05 2.14111e-06 3.03272e-05 6.11644e-05 -2.66587e-05 -2.52349e-07 -1.62165e-05
internal_weight=8990 460 282 234 203 156 136 8530 923 354 307 271 250 569 408 298 164 7607 7405 690 358 233 332 69 6715 689 504 185 6026 1487
internal_count=8990 460 282 234 203 156 136 8530 923 354 307 271 250 569 408 298 164 7607 7405 690 358 233 332 69 6715 689 504 185 6026 1487
is_linear=0
shrinkage=0.05


Tree=237
num_leaves=31
num_cat=0
split_feature=228 276 274 378 251 50 81 250 351 77 50 67 243 12 345 320 215 322 273 199 385 242 47 80 331 69 318 325 50 255
split_gain=5.77738e-05 0.000230019 0.000292199 0.000244978 0.000307672 0.000223846 0.000311697 0.000196857 0.00022582 0.000182319 0.000171687 0.000413949 0.000289112 0.00017684 0.000151193 0.000181047 0.000284623 0.000136679 0.000115628 0.000216911 0.000242869 0.000396783 0.000304017 0.000284015 0.000195009 0.000259734 0.000215528 0.000262951 0.000394098 0.000166707
threshold=-0.87407435211986473 -2.1615589588609958 -1.5865323078061919 -0.006812722083902655 -1.0498728657961369 0.68729298860636612 0.8131613756613757 -0.6840781117355359 0.21252014042658254 0.33878968253968256 -0.35693954226071595 1.5749324190528751 -0.6808955068827619 0.0057870370370370012 -0.011904761904761937 -0.012837402397478643 -0.48207492021345238 0.0043124307926452896 -0.9395728407806252 2.7687411207728827 -0.074011498671560774 -0.30330283061619195 0.99222883597883615 0.93154761904761918 -0.1412297831820625 -0.25211084488851893 -0.15872796020680779 0.0067513930087647065 0.26048538497254853 -1.1665356844778347
decision_type=10 8 8 10 10 2 2 10 10 2 2 2 10 2 10 10 10 10 10 10 10 10 2 2 8 2 10 10 2 10
left_child=1 7 3 -3 -5 6 -6 -1 -9 14 11 12 -11 -12 -4 -16 -17 -15 19 20 -2 -22 23 -23 25 -20 -27 28 -28 -26
right_child=18 2 9 4 5 -7 -8 8 -10 10 13 -13 -14 17 15 16 -18 -19 24 -21 21 22 -24 -25 29 26 27 -29 -30 -31
leaf_value=0 0 0 0 0 -0.00025660675660227534 0 0 0.00012335482503711482 0 0 1.3231962661071064e-05 0 0.0001401824926389479 0 0 0 -8.5075418945943076e-05 -5.4913992929499927e-05 0 -3.5337539377820386e-05 0 0.00012869098383930233 0 0 1.6670158465927532e-05 0 -0.00022327195197916576 0 0 -2.4528153232415224e-06
leaf_weight=39 411 37 89 34 57 32 21 91 26 30 492 190 111 382 136 149 281 235 170 88 178 231 45 23 1503 83 66 31 30 3699
leaf_count=39 411 37 89 34 57 32 21 91 26 30 492 190 111 382 136 149 281 235 170 88 178 231 45 23 1503 83 66 31 30 3699
internal_value=0 -6.65277e-06 -1.24565e-05 -7.57579e-05 -0.000107066 -0.000148287 -0.000195357 4.59452e-05 8.37662e-05 -4.59763e-06 2.31074e-06 3.58522e-05 0.000101738 -3.19445e-06 -2.74159e-05 -3.92109e-05 -5.54618e-05 -2.43954e-05 2.36856e-06 1.82713e-05 2.92172e-05 5.34945e-05 8.87759e-05 0.000110761 0 -3.49515e-05 -7.28056e-05 -0.000114024 -0.000155036 2.1114e-06
internal_weight=8990 2432 2276 181 144 110 78 156 117 2095 1440 331 141 1109 655 566 430 617 6558 976 888 477 299 254 5582 380 210 127 96 5202
internal_count=8990 2432 2276 181 144 110 78 156 117 2095 1440 331 141 1109 655 566 430 617 6558 976 888 477 299 254 5582 380 210 127 96 5202
is_linear=0
shrinkage=0.05


Tree=238
num_leaves=31
num_cat=0
split_feature=357 15 200 355 373 357 316 78 359 58 298 222 54 297 251 251 349 54 315 366 36 279 357 315 368 357 19 312 308 220
split_gain=5.65862e-05 0.00020664 0.000251729 0.000342083 0.000231784 0.000122337 0.00030556 0.000335717 0.000398606 0.000242955 0.000163452 0.00015663 0.000261646 0.000380572 0.000420078 0.000711227 0.000137382 0.000309758 0.000418754 0.000362176 0.000302294 0.000298606 0.000235571 0.000486976 0.000427604 0.000322571 0.000303761 0.000271147 0.000255382 0.000190539
threshold=0.09986772486772498 0.10069444444444452 1.1496927845764306 0.040414883817997745 0.001322751322751299 0.036375661375661859 -0.035155981894975701 0.29150132275132307 0.039303161902226165 1.9711438840085054 0.0019449517750700365 -1.7250465950892391 0.35598544973545004 0.0010194644125420262 -1.2816946755221585 1.0137139216275368 -0.13551246854915858 0.43419312169312202 -0.012039863402461435 1.1982219792731319 0.6259920634920636 0.63699227348251863 0.0082671957671967573 -0.015220146998340676 -0.047906349022791637 0.0066137566137562812 -0.12249002172356789 -0.003668047066271773 -0.014085438483348865 -0.4508340024427861
decision_type=10 2 10 10 10 8 10 2 10 2 10 10 2 10 10 10 8 2 10 10 2 10 10 10 10 10 2 10 10 10
left_child=5 -2 3 4 -3 11 -7 -8 9 10 -9 12 -1 14 -14 -16 17 20 19 -19 21 -13 25 28 -25 27 -27 -18 -24 -20
right_child=1 2 -4 -5 -6 6 7 8 -10 -11 -12 16 13 -15 15 -17 22 18 29 -21 -22 -23 23 24 -26 26 -28 -29 -30 -31
leaf_value=0 0 -0.00024290510816986967 0 0 0 0 0 0.00018376208334539229 0 0 0 0.00010452122684381424 0 0 -0.00015714632136869017 0 2.553595319197963e-05 -0.00010966246945926706 -5.7441487721142696e-05 0 -9.7025399691821158e-06 0 5.6381235781569109e-05 0 -9.2697259867370431e-05 0 0.00016306192514733384 0 -6.5240404393248223e-06 2.9124260413902327e-05
leaf_weight=435 95 46 21 22 21 335 134 116 22 29 26 137 48 154 195 76 1366 242 90 80 337 57 218 196 287 69 69 3597 259 211
leaf_count=435 95 46 21 22 21 335 134 116 22 29 26 137 48 154 195 76 1366 242 90 80 337 57 218 196 287 69 69 3597 259 211
internal_value=0 -2.60745e-05 -7.71921e-05 -0.000120109 -0.000178609 4.7977e-07 2.14558e-05 5.71593e-05 9.94024e-05 0.00013029 0.000157208 -6.14425e-07 -2.05684e-05 -4.68473e-05 -7.89648e-05 -0.000105893 1.20402e-06 -1.35532e-05 -3.92338e-05 -7.89173e-05 7.16408e-06 6.22131e-05 4.83888e-06 -1.60206e-05 -5.37937e-05 9.74502e-06 8.83476e-05 6.55024e-06 1.17509e-05 0
internal_weight=8990 205 110 89 67 8785 662 327 193 171 142 8123 908 473 319 271 7215 1154 623 322 531 194 6061 960 483 5101 138 4963 477 301
internal_count=8990 205 110 89 67 8785 662 327 193 171 142 8123 908 473 319 271 7215 1154 623 322 531 194 6061 960 483 5101 138 4963 477 301
is_linear=0
shrinkage=0.05


Tree=239
num_leaves=31
num_cat=0
split_feature=248 361 335 332 48 298 301 279 351 229 11 213 252 263 70 69 384 322 202 350 251 355 360 332 32 349 243 243 333 297
split_gain=5.82447e-05 0.000197965 0.000315496 0.000273499 0.00028602 0.000470914 0.000238427 0.000379717 0.000327544 0.000288751 0.000254127 0.000237332 0.000361001 0.000452801 0.000330927 0.000216123 0.000285271 0.000177522 0.000208746 0.00017207 0.000231165 0.000263667 0.000157884 0.000146084 0.000292673 0.000263818 0.000386904 0.000317901 0.000334409 0.000162321
threshold=0.78771253426859567 0.00055800652701393238 -0.043172412877198411 -0.003506864719494573 1.3010829871311154 -0.0012485032519249371 -0.0020409184765744766 0.34501884220174989 0.22935296802299668 -1.7704322997827253 0.0061177248677248006 1.2184962531686085 -0.4086686553008671 -0.063578424245134255 0.94742063492063511 -0.44745516547516945 -0.17964489353679511 0.0027280470210105799 -1.0137515539863131 0.013064678927404373 -1.3883939805237144 0.19181663301415086 0.04723699006256022 0.0095981892956169008 0.37251984126984106 -0.070544688511551587 -0.60403297703378422 1.6778269058058766 -0.0023148148148148958 0.0012703838113050649
decision_type=8 8 8 10 2 10 10 10 10 10 2 8 10 10 2 2 10 10 10 10 10 10 10 10 2 10 10 10 10 10
left_child=23 6 3 4 -3 -6 15 19 9 -9 -11 12 13 -4 -15 16 -2 -17 -19 -8 -21 -22 -18 29 25 -25 -27 28 -28 -1
right_child=1 2 11 -5 5 -7 7 8 -10 10 -12 -13 -14 14 -16 17 22 18 -20 20 21 -23 -24 24 -26 26 27 -29 -30 -31
leaf_value=2.1461040679888357e-06 0 0 0 0 0 -0.00022403558788759126 0 0 0 0 -0.00021226202949705745 0 0 0.00016099187914857138 0 0 0.00012552369030583688 0 -0.00011289592522721722 0 -9.5228486733635496e-05 0 0 0 0 0 0 0 -0.00030463013844848501 3.2512346583805786e-05
leaf_weight=5139 29 78 38 101 20 57 440 25 22 35 93 241 283 154 20 182 101 34 80 24 194 40 21 76 672 121 22 49 45 554
leaf_count=5139 29 78 38 101 20 57 440 25 22 35 93 241 283 154 20 182 101 34 80 24 194 40 21 76 672 121 22 49 45 554
internal_value=0 -6.9365e-06 6.35045e-06 -3.36436e-05 -7.92301e-05 -0.000147995 -2.07092e-05 -3.64848e-05 -0.000107369 -0.000136137 -0.00016669 2.70567e-05 4.78206e-05 9.79445e-05 0.000134867 0 5.66588e-05 -1.36591e-05 -6.61346e-05 -1.15378e-05 -4.50196e-05 -6.85799e-05 9.90637e-05 2.26846e-06 -1.41053e-05 -5.44324e-05 -8.18188e-05 -0.000148332 -0.000223415 5.97989e-06
internal_weight=8990 2312 992 256 155 77 1320 873 175 153 128 736 495 212 174 447 151 296 114 698 258 234 122 6678 985 313 237 116 67 5693
internal_count=8990 2312 992 256 155 77 1320 873 175 153 128 736 495 212 174 447 151 296 114 698 258 234 122 6678 985 313 237 116 67 5693
is_linear=0
shrinkage=0.05


Tree=240
num_leaves=31
num_cat=0
split_feature=359 304 325 266 326 326 329 232 208 265 372 272 220 297 370 90 356 68 332 50 348 36 337 60 294 294 260 312 260 310
split_gain=5.78637e-05 0.000218651 0.000180612 0.000205767 0.000142285 0.000229248 0.000293062 0.000297448 0.000398365 0.000370663 0.000284585 0.000346077 0.000508635 0.000548413 0.000208422 0.000232963 0.000272591 0.000302657 0.000266724 0.000201318 0.000385506 0.00027449 0.000179217 0.000211288 0.000276398 0.000238798 0.000179205 0.000223328 0.000131086 0.000130787
threshold=-0.068841227719630291 -0.052680257828916492 -0.016259877775680272 -1.567138407310211 -0.28084854679949761 -0.11633519997723761 -0.011531836168923558 1.3091908612308023 0.77282233966575076 1.6195419395081403 -0.0032987629497800426 0.62066803159987394 -1.1650925788900437 0.00020971452445750496 0.043097466470240549 0.41633597883597906 -0.079145626782495135 0.90691137566137547 -0.055304325348540066 -0.52336052348008388 -0.0061994505853035778 0.32721560846560854 -0.2453574204433234 0.88326719576719614 0.00033068783068793134 0.00033068783068699459 -0.82681698311129614 -0.0007178752130524434 0.40230160000603138 -0.00070607997068850004
decision_type=10 8 10 10 8 10 8 10 10 10 10 10 10 10 10 2 10 2 10 2 10 2 10 2 10 10 10 10 10 10
left_child=1 2 -1 -4 14 6 7 8 9 -6 11 19 28 -14 15 16 -2 18 -18 20 -7 -21 26 25 -25 -24 -12 -28 -13 -5
right_child=4 -3 3 29 5 10 -8 -9 -10 -11 22 12 13 -15 -16 -17 17 -19 -20 21 -22 -23 23 24 -26 -27 27 -29 -30 -31
leaf_value=0 0 0 0 0 0.00013244163394926642 0 0 0 0 0 0 -1.7566505945061689e-05 -0.00018586314931991657 0 0 0 0 0 -0.0001703067268137113 1.0350994917360915e-05 9.7064121115061764e-05 -4.9736054863998672e-05 -7.766115975124879e-07 0 -5.9618329391022647e-05 1.9031989629733373e-05 -0.00014909688222710521 0 8.2340492635135201e-05 0.00016448975271815609
leaf_weight=53 40 156 23 37 224 110 517 69 118 23 30 71 123 122 155 59 28 36 123 164 126 383 3075 272 287 2356 63 29 45 73
leaf_count=53 40 156 23 37 224 110 517 69 118 23 30 71 123 122 155 59 28 36 123 164 126 383 3075 272 287 2356 63 29 45 73
internal_value=0 2.01075e-05 6.06672e-05 9.24039e-05 -8.56489e-07 2.80544e-08 2.36517e-05 5.39758e-05 7.4167e-05 0.000110263 -2.37936e-06 -2.55128e-05 -6.67703e-05 -0.000108426 -2.86494e-05 -5.5558e-05 -8.03315e-05 -0.000107122 -0.000138624 -1.00163e-07 3.0821e-05 -2.25832e-05 1.13289e-06 3.15205e-06 -2.42747e-05 6.89605e-06 -5.69762e-05 -9.57504e-05 0 0.000122452
internal_weight=8990 342 186 133 8648 8207 951 434 365 247 7256 1144 361 245 441 286 227 187 151 783 236 547 6112 5990 559 5431 122 92 116 110
internal_count=8990 342 186 133 8648 8207 951 434 365 247 7256 1144 361 245 441 286 227 187 151 783 236 547 6112 5990 559 5431 122 92 116 110
is_linear=0
shrinkage=0.05


Tree=241
num_leaves=31
num_cat=0
split_feature=231 349 240 369 239 262 277 207 63 38 300 240 51 262 365 337 39 80 72 79 264 278 281 256 75 50 369 334 338 316
split_gain=5.65666e-05 0.000208193 0.000262792 0.000227204 0.000205842 9.75766e-05 0.000213742 0.000261871 0.000284664 0.000241688 0.000254395 0.000239005 0.00033829 0.00017403 0.00022334 0.000177444 0.000184694 0.000224344 0.000143059 0.00030554 0.00034814 0.000341224 0.000235018 0.000761427 0.000282172 0.000216449 0.00020042 0.000175638 0.000169699 0.000241958
threshold=-1.4942283014522937 -0.021672384952148124 -1.3565271262354792 -0.10315360388573745 -1.9860799443235282 -0.58891513296897802 -0.84291273714241532 0.049879102436249746 0.20188492063492103 -1.2444158234850398 -0.077507541503160998 0.67900937191316435 0.69768329245007266 -0.041692561898390532 -0.13773148148148148 0.044796594206474367 -0.59843516507751293 0.95271164021164012 0.31111547664193756 -0.30575631557184429 -0.78956900612583525 1.7217644153588421 1.82057463675167 -1.614842092253344 0.70254629629629617 -2.2362441891424596 -0.21516730607741147 0.041648912408419093 0.00033068783068800767 -0.049707434906331942
decision_type=10 8 10 10 10 10 10 10 2 2 10 10 2 10 10 10 2 2 2 2 10 10 10 10 2 2 10 10 10 10
left_child=1 2 -1 -4 -5 6 11 -8 -9 -10 -11 -2 -13 14 -7 16 -16 -18 22 20 -20 -22 25 -24 -25 26 -15 -27 -21 -30
right_child=5 -3 3 4 -6 13 7 8 9 10 -12 12 -14 18 15 -17 17 -19 19 28 21 -23 23 24 -26 27 -28 -29 29 -31
leaf_value=0 1.7401128161220483e-06 0 0 0 -0.00017181388409210415 0 0 0 0 0 0.0001620724918725208 0 -0.00020279269022666424 0 0 0 -0.00012744118679443479 0 0 1.9226185828092092e-05 0.00013018029946597153 0 0 -0.00032153984541492689 0 -4.3371052770167805e-06 0.00012890857225818252 3.363572807856168e-05 -8.1264116786856593e-05 0
leaf_weight=34 236 432 34 20 81 129 258 32 36 32 129 24 35 23 32 35 151 21 69 692 167 31 102 31 20 5296 62 309 117 320
leaf_count=34 236 432 34 20 81 129 258 32 36 32 129 24 35 23 32 35 151 21 69 692 167 31 102 31 20 5296 62 309 117 320
internal_value=0 -1.49305e-05 -6.22123e-05 -9.85257e-05 -0.000136346 9.40387e-07 1.79214e-05 4.01339e-05 7.92606e-05 0.000104465 0.000130775 -1.80569e-06 -0.00010057 -1.48197e-07 -3.41586e-05 -6.4277e-05 -8.37468e-05 -0.000104884 8.90501e-07 1.57101e-05 6.44192e-05 9.99437e-05 -1.79468e-06 -6.29332e-05 -0.000221626 0 7.89838e-05 -1.35108e-06 0 -1.96291e-05
internal_weight=8990 601 169 135 101 8389 782 487 229 197 161 295 59 7607 368 239 204 172 7239 1396 267 198 5843 153 51 5690 85 5605 1129 437
internal_count=8990 601 169 135 101 8389 782 487 229 197 161 295 59 7607 368 239 204 172 7239 1396 267 198 5843 153 51 5690 85 5605 1129 437
is_linear=0
shrinkage=0.05


Tree=242
num_leaves=31
num_cat=0
split_feature=319 263 386 91 327 377 218 246 70 21 348 341 73 307 348 348 343 93 343 356 326 371 52 368 30 367 318 224 52 376
split_gain=5.57469e-05 0.000244844 0.000317545 0.000155959 0.000108727 0.00028408 0.000273469 0.000335753 0.000278185 0.000278118 0.000141236 0.000260651 0.000352937 0.000375123 0.000333752 0.000164677 0.000208236 0.000211732 0.000152912 0.000227384 0.000242973 0.000222049 0.00021707 0.00037576 0.000137861 0.000134219 0.000206412 0.000121132 0.000106695 9.41388e-05
threshold=0.026066299863177104 1.2509990602078331 -0.024272085140446219 -0.29071347562902045 0.080781988739184199 -0.0032964437471467707 1.6523210048255825 1.1524384717198592 0.82175925925925908 1.9023125386828903 -0.16907961490598269 0.011904761904761941 0.25726841363475456 -0.00033068783068780015 -0.39174725364107255 -0.14656395978464495 -0.017030423280423476 -0.47654010152104448 -0.01058201058201101 -0.21733148505563885 -0.19224801822758897 -2.2067476432590394 0.39365655615645251 -0.72002419463494138 -0.023341678060956998 0.057043650793650987 -0.15734532849987712 -1.1582037891655117 0.033714911042827256 0.0055227008837047684
decision_type=10 10 10 2 8 8 10 10 2 2 10 10 2 10 10 10 10 2 10 10 10 10 2 10 2 10 10 10 2 10
left_child=4 -2 -3 -4 10 6 7 8 9 -6 11 12 13 24 -15 16 -12 -18 22 20 -20 -21 28 -24 -1 29 -27 -13 -17 -7
right_child=1 2 3 -5 5 25 -8 -9 -10 -11 15 27 -14 14 -16 18 17 -19 19 21 -22 -23 23 -25 -26 26 -28 -29 -30 -31
leaf_value=-9.7079550122127475e-06 0 0 0 -0.00022212525174203934 0.00023426238001087154 0 0 0 0 0 0 -6.4435820576042976e-05 0 0 0.00015977331009379514 0 0 -0.0001281001455900304 0 -3.818333544544346e-05 -7.5915659055757323e-05 7.0421797773227364e-06 5.2071568026612698e-06 -5.9349228207086804e-05 8.7918024665793273e-05 0 -0.00012772567789795289 0 5.8829393293130256e-05 5.4400429612177824e-05
leaf_weight=122 378 27 21 39 71 42 33 54 23 20 23 79 288 45 140 299 23 92 44 261 189 5465 172 527 43 44 50 208 77 91
leaf_count=122 378 27 21 39 71 42 33 54 23 20 23 79 288 45 140 299 23 92 44 261 189 5465 172 527 43 44 50 208 77 91
internal_value=0 -1.693e-05 -9.25105e-05 -0.000160038 8.42941e-07 2.54772e-05 7.00953e-05 9.97244e-05 0.000148351 0.000187613 0 1.78827e-05 3.80094e-05 7.17874e-05 0.000121712 -2.82538e-06 -5.78024e-05 -9.23672e-05 -1.03516e-06 1.32781e-06 -4.54911e-05 4.1069e-06 -1.87833e-05 -3.63136e-05 0 0 -5.65848e-05 -9.44116e-06 5.12813e-07 1.60425e-05
internal_weight=8990 465 87 60 8525 428 201 168 114 91 8097 925 638 350 185 7172 138 115 7034 5959 233 5726 1075 699 165 227 94 287 376 133
internal_count=8990 465 87 60 8525 428 201 168 114 91 8097 925 638 350 185 7172 138 115 7034 5959 233 5726 1075 699 165 227 94 287 376 133
is_linear=0
shrinkage=0.05


Tree=243
num_leaves=31
num_cat=0
split_feature=35 31 55 277 376 76 218 77 354 218 76 353 85 229 208 208 336 209 312 199 323 253 219 70 221 76 349 300 23 23
split_gain=5.45384e-05 0.000136708 0.000276242 0.000253473 0.000338298 0.000405515 0.000439664 0.000169944 0.000131081 0.000193088 0.000277436 0.000213418 0.000177549 0.000173266 0.000127695 0.000512976 0.000347499 0.000361589 0.000268859 0.000458283 0.00038255 0.000221184 0.000208214 0.000501577 0.000164403 0.00034392 0.000402492 0.000504116 0.000135823 0.000286118
threshold=0.99222883597883615 0.97007275132275106 -0.18349174120871894 0.074253703758559983 -0.036380876009096251 -1.1922686296172698 0.76463059579698278 0.72569444444444464 0.014774227795548269 0.24968839887987002 0.8879980364751191 -0.13275110758844219 -0.82993727302314191 1.2663854744087961 -1.2900630152703891 -1.5364877520299254 -0.01653439153439101 1.5288608521705289 -0.020598072445736856 -0.73187554665059684 -0.60983860486440622 2.1131143543532649 -0.58978361831265436 0.19808201058201055 2.0727828047541421 -0.60102307671540389 0.15821224473714482 -0.032191913536090987 0.0028108465608465004 0.0011574074074073503
decision_type=2 2 2 10 10 2 10 2 10 10 2 10 2 10 8 10 10 10 10 10 10 10 10 2 10 2 10 10 2 2
left_child=1 14 7 4 -4 -6 -7 -3 9 10 11 -2 -13 -14 15 18 -17 21 19 20 -1 -18 -20 -24 28 -26 27 -27 29 -16
right_child=8 2 3 -5 5 6 -8 -9 -10 -11 -12 12 13 -15 24 16 17 -19 22 -21 -22 -23 23 -25 25 26 -28 -29 -30 -31
leaf_value=0 0 -1.2502611595044719e-05 0 0 0 -0.00016311185937086805 0 4.7066903732878903e-05 -2.6381358108132328e-06 0 0 0 0.00016607091166884755 0 -1.4621985882787271e-05 0 0.00017813142798971509 0 0 0 0.00017221802405152544 0 0 -0.00010467027202770239 1.1700441404296472e-05 0 0 -0.00015225425944387946 -3.8426737612095776e-06 3.3278651739055081e-05
leaf_weight=25 41 180 96 249 20 174 37 181 223 253 51 30 110 20 329 28 123 36 295 294 86 21 190 182 78 52 41 153 4564 828
leaf_count=25 41 180 96 249 20 174 37 181 223 253 51 30 110 20 329 28 123 36 295 294 86 21 190 182 78 52 41 153 4564 828
internal_value=0 -1.24864e-06 -1.94228e-05 -4.24808e-05 -7.15236e-05 -0.000104405 -0.000129366 3.52284e-06 1.30219e-05 2.98354e-05 6.08134e-05 8.99175e-05 0.000116139 0.000141458 3.93805e-07 1.52561e-05 8.71455e-05 0.000116614 0 3.3387e-05 0.000119904 0.000152543 -1.81842e-05 -4.46288e-05 -1.9263e-06 -3.65699e-05 -7.21906e-05 -0.000105638 0 1.53366e-05
internal_weight=8990 8262 937 576 327 231 211 361 728 505 252 201 160 130 7325 1280 208 180 1072 405 111 144 667 372 6045 324 246 205 5721 1157
internal_count=8990 8262 937 576 327 231 211 361 728 505 252 201 160 130 7325 1280 208 180 1072 405 111 144 667 372 6045 324 246 205 5721 1157
is_linear=0
shrinkage=0.05


Tree=244
num_leaves=31
num_cat=0
split_feature=322 322 202 338 350 222 348 77 304 253 326 246 286 299 248 383 329 48 370 384 341 87 85 253 44 206 366 318 275 374
split_gain=5.48018e-05 0.000293002 0.000313148 0.000385029 0.000632856 0.000315963 0.000271687 0.000186952 0.00027583 0.000313238 0.000252588 0.000415803 0.000622002 0.000320136 0.000240097 0.000355295 0.000195337 0.000260201 0.000212638 0.000126289 0.000364814 0.000343046 0.000268195 0.00022623 0.000334938 0.000384592 0.000441234 0.000423225 0.000207253 0.000299926
threshold=0.0094871574666130169 0.011667850983989704 0.31018718780689675 -0.0047123015873032905 -0.06377293695405005 -1.0360228515918684 0.065998637365934601 0.73792989417989407 -0.086812924913197018 -0.97556989597578159 0.081504794394838612 -0.84220902661976049 -0.00033068783068779993 0.15899164924749445 -0.81308155943769633 -0.17397275520053232 -0.0086658647582821807 0.22835275597720003 0.24013004270196411 0.76105195351323951 -0.0016534391534399338 0.70800264550264569 -0.53291787377643141 0.69143037320455958 0.61524470899470918 -0.099797485052448051 1.1982219792731319 -0.039378580734147677 -0.79363626339393623 -1.0000000180025095e-35
decision_type=10 10 10 10 10 10 10 2 10 10 10 10 10 10 10 10 10 2 10 8 8 2 2 10 2 10 10 10 10 10
left_child=19 2 3 -2 -5 -6 -7 8 16 -10 11 12 13 -9 -11 -16 17 -3 -19 23 21 22 -21 -1 25 28 27 -27 -25 -30
right_child=1 7 -4 4 5 6 -8 10 9 14 -12 -13 -14 -15 15 -17 -18 18 -20 20 -22 -23 -24 24 -26 26 -28 -29 29 -31
leaf_value=4.7070426682957096e-06 0 0 0 0 0 -0.00025890920726210324 0 0.00032416496958446442 3.4293861214160328e-05 0 0 0 0 0 0 -9.1040294259474489e-05 -1.03300607540381e-05 0.00010982772407701223 0 0 0 0 0.00016934217906312566 -6.7057359596722942e-05 1.0551585951503777e-05 -0.00010220392089247436 0 0 0.0001047818343867656 0
leaf_weight=5196 76 122 179 33 36 84 26 42 83 210 141 202 35 21 108 337 104 149 27 39 331 58 97 57 387 418 107 76 92 117
leaf_count=5196 76 122 179 33 36 84 26 42 83 210 141 202 35 21 108 337 104 149 27 39 331 58 97 57 387 418 107 76 92 117
internal_value=0 -7.33268e-06 -4.40114e-05 -7.97812e-05 -0.000120169 -0.000168912 -0.000212214 0 -7.81954e-06 -2.89862e-05 3.00257e-05 5.85604e-05 0.000145214 0.00023964 -4.46413e-05 -6.54343e-05 1.86015e-05 4.54714e-05 8.48177e-05 2.02691e-06 2.56093e-05 8.04551e-05 0.000124631 0 -1.89521e-05 -3.78876e-05 -6.05824e-05 -8.18386e-05 0 3.53551e-05
internal_weight=8990 2015 434 255 179 146 110 1581 1140 738 441 300 98 63 655 445 402 298 176 6975 525 194 136 6450 1254 867 601 494 266 209
internal_count=8990 2015 434 255 179 146 110 1581 1140 738 441 300 98 63 655 445 402 298 176 6975 525 194 136 6450 1254 867 601 494 266 209
is_linear=0
shrinkage=0.05


Tree=245
num_leaves=31
num_cat=0
split_feature=330 80 346 330 216 262 232 207 278 262 242 262 365 347 261 14 289 275 347 87 299 244 34 385 316 24 301 268 382 346
split_gain=5.47009e-05 0.000176845 0.00018589 0.000282841 0.000205402 0.00010281 0.000208669 0.000195932 0.000264301 0.000486622 0.000165229 0.000149334 0.000292885 0.000242383 0.000337674 0.000232616 0.000155678 0.000223859 0.000200522 0.000219773 0.000182555 0.000353606 0.000588894 0.000259177 0.000341415 0.000218572 0.000209718 0.000138542 0.000100718 0.000144947
threshold=0.11135189527993108 0.64930555555555547 -0.031083267015277152 0.60977686885484716 1.2857518806989858 -0.82683168209461166 -0.61069836078810169 0.02759439147806678 -0.66325798630404542 -2.1613121785327829 0.97686251450731476 -0.058458688049801422 -0.14285714285714265 0.0002020502977845007 0.044191475187977218 0.0057870370370370012 -0.18414971239550401 -0.68430195103616032 -5.5311656195100582e-05 0.86342592592592615 -0.48825510609024597 0.92473854282363022 0.66021825396825484 2.0649333588632839 -0.097507088709778506 0.62384259259259311 -0.003085235235574912 -0.11684501685765881 2.0895093146746366 -0.032153286855805756
decision_type=10 2 10 10 10 8 10 10 10 10 10 10 10 10 10 2 10 10 10 2 10 10 2 8 8 2 10 8 8 10
left_child=5 2 -2 4 -4 6 -1 -8 -9 -10 -11 12 27 -14 15 -15 17 -13 -19 -20 21 22 -18 26 -25 -23 -22 -7 29 -29
right_child=1 -3 3 -5 -6 11 7 8 9 10 -12 16 13 14 -16 -17 20 18 19 -21 23 25 -24 24 -26 -27 -28 28 -30 -31
leaf_value=0 0 0 -0.00020075189307973749 0 0 -1.2936628265749039e-05 0 0 0 0.00020577049114409586 0 0 0 -0.00019397998553364251 0 0 -9.6514661071545464e-05 0 0.00012371042440254684 0 2.2022062287224478e-05 -1.4605227528072048e-05 0 -1.0742406513623531e-05 8.2923209931301691e-05 6.0101050535342573e-05 -4.2179161754237772e-06 0 0 0.00010273847439796806
leaf_weight=273 33 83 56 22 23 83 189 106 37 84 24 169 239 83 64 37 297 148 131 42 898 111 218 31 221 151 4988 29 30 90
leaf_count=273 33 83 56 22 23 83 189 106 37 84 24 169 239 83 64 37 297 148 131 42 898 111 218 31 221 151 4988 29 30 90
internal_value=0 -2.47939e-05 -6.55142e-05 -0.000101439 -0.00014863 6.12695e-07 1.90591e-05 4.2118e-05 7.11329e-05 0.000115369 0.000170645 -3.98983e-07 -2.36826e-05 -5.0878e-05 -9.61276e-05 -0.000145581 9.85622e-07 2.84254e-05 5.45544e-05 9.17434e-05 -2.36101e-07 -2.36411e-05 -5.01459e-05 1.91246e-06 5.15678e-05 9.3805e-06 0 4.36017e-06 4.75321e-05 7.03031e-05
internal_weight=8990 217 134 101 79 8773 713 440 251 145 108 8060 655 423 184 120 7405 490 321 173 6915 777 515 6138 252 262 5886 232 149 119
internal_count=8990 217 134 101 79 8773 713 440 251 145 108 8060 655 423 184 120 7405 490 321 173 6915 777 515 6138 252 262 5886 232 149 119
is_linear=0
shrinkage=0.05


Tree=246
num_leaves=31
num_cat=0
split_feature=274 274 354 71 233 238 314 354 53 228 247 264 44 370 300 277 256 72 266 265 75 16 44 274 244 321 246 244 85 40
split_gain=5.37813e-05 0.000204637 0.0003847 0.000373731 0.000420807 0.000255763 0.000204249 0.000267336 0.000192332 0.00028385 0.000274267 0.000173751 0.000162854 0.000407781 0.000375431 0.000429773 0.000246762 0.000157372 0.00020781 0.000231636 0.000239568 0.000348509 0.000359334 0.000178365 0.000213578 0.000209608 0.000244028 0.000174644 0.000222588 0.000212629
threshold=0.56657431145887804 1.4995460557155249 0.012122971861098788 0.16898148148148154 1.721764415358461 0.77161955124993897 0.0029655990552126953 0.0029600529661599211 0.099333688176467524 -1.3699871346879757 -0.85971246676314339 1.9267795239690135 0.27099867724867704 -3.2375276734983298e-05 -0.036268613784055985 1.3019949004851268 1.0649897027346491 2.0530013309904702 1.6177468677167477 1.4592631567763328 0.34556878306878308 0.25843049255762407 0.7098214285714286 0.3571295843926276 -0.012157886428626254 0.014158134965216009 1.2138575679904486 -1.1958443730692292 -0.52014318587631792 0.22768680920127601
decision_type=10 10 10 2 10 10 10 10 2 10 10 10 2 10 10 10 10 2 10 10 2 2 2 10 10 10 10 8 2 2
left_child=17 2 6 -4 5 11 8 -8 9 -2 -11 -5 13 -3 -15 16 -16 18 23 20 -20 22 -22 27 -25 26 -26 28 -1 -29
right_child=1 12 3 4 -6 -7 7 -9 -10 10 -12 -13 -14 14 15 -17 -18 -19 19 -21 21 -23 -24 24 25 -27 -28 29 -30 -31
leaf_value=0 0 0 0 0.00013635006720291905 0 0 0 -0.00016382624841946631 0 0 0.00013031841203178587 0 0 0 -0.0002182134767721892 0 0 5.7976202723060718e-05 0 0 -0.00016831957104527682 0 0 0 -0.00014762935045150802 0 0 -5.8173076445979921e-07 -9.993795309941256e-05 2.2913114310805192e-05
leaf_weight=210 100 109 239 244 72 74 290 39 404 39 118 24 558 42 87 20 21 96 192 71 126 33 25 195 97 34 31 4174 93 1133
leaf_count=210 100 109 239 244 72 74 290 39 404 39 118 24 558 42 87 20 21 96 192 71 126 33 25 195 97 34 31 4174 93 1133
internal_value=0 6.20935e-06 1.77258e-05 4.75719e-05 7.63251e-05 0.000100632 0 -3.4028e-05 1.39989e-05 4.87249e-05 9.16644e-05 0.000123721 -1.04234e-05 -4.22446e-05 -9.44534e-05 -0.000138468 -0.000180721 -2.44226e-06 -4.12698e-06 -3.73879e-05 -5.65815e-05 -9.89623e-05 -0.000133036 -7.96824e-07 -3.54277e-05 -7.7839e-05 -0.000108433 5.16304e-07 -3.50978e-05 3.49242e-06
internal_weight=8990 2480 1643 653 414 342 990 329 661 257 157 268 837 279 170 128 108 6510 6414 447 376 184 151 5967 357 162 128 5610 303 5307
internal_count=8990 2480 1643 653 414 342 990 329 661 257 157 268 837 279 170 128 108 6510 6414 447 376 184 151 5967 357 162 128 5610 303 5307
is_linear=0
shrinkage=0.05


Tree=247
num_leaves=31
num_cat=0
split_feature=73 275 254 66 84 62 323 318 41 254 335 342 91 223 370 35 376 324 374 300 47 302 350 302 247 228 284 83 344 292
split_gain=5.44438e-05 0.000226479 0.00033696 0.000432719 0.000437315 0.000368208 0.000354248 0.000316185 0.000303109 0.000271925 0.000358149 0.000445493 0.000508393 0.000301395 0.00036214 0.000475964 0.000264991 0.00024936 0.000315968 0.000392259 0.000419584 0.000409336 0.000221049 0.000216053 0.000306057 0.00032938 0.000254525 0.000295822 0.000187185 0.000269491
threshold=-0.27558098468965847 0.29040139500085099 -0.8604789238005488 -0.92200487280130095 0.10201719576719602 0.61458333333333315 -0.42135407487466953 -0.14679076035212177 2.0626512439238804 0.62863162979052178 -0.024718465170945 -0.0026525226155583131 0.38261315281090308 -1.0211578264268872 0.16262507949287225 0.43948412698412703 -0.52682722447867081 0.028100740226453428 -0.3625100804619576 -0.018166378514054889 0.017691798941798956 0.0081527342570100764 -0.076119387230092497 0.043556409244445156 1.1547824159636415 0.83049375081628429 0.00033068783068700153 0.52347883597883615 0.062566419910917243 -0.00033068783068780015
decision_type=2 10 10 2 2 2 10 10 2 10 10 10 2 10 10 2 10 10 10 10 2 10 10 10 8 10 10 2 10 10
left_child=1 2 3 4 5 8 -5 16 -1 10 -4 -12 -13 14 15 -11 -6 18 -3 -20 -21 -22 -8 24 25 -19 27 -25 -2 -30
right_child=28 17 9 6 7 -7 22 -9 -10 13 11 12 -14 -15 -16 -17 -18 23 19 20 21 -23 -24 26 -26 -27 -28 -29 29 -31
leaf_value=0.00018011819285845382 -9.3633100699069044e-08 -7.3441321008420851e-06 -5.8429854385069057e-06 0 0 0 0 0 0 0 0 0 0.00017109248829541267 0 0 -0.00017281471581519008 -0.00014462500830186482 0 6.3251040133572241e-06 0 0.00016669010038903177 0 -0.00022099087921756893 0.00014062699343042376 0 -0.00017876166482002763 0 0 -8.8386861542565849e-05 0
leaf_weight=63 5874 70 225 24 21 64 24 63 21 50 228 146 133 393 25 99 104 85 311 20 183 26 68 80 82 60 140 58 152 98
leaf_count=63 5874 70 225 24 21 64 24 63 21 50 228 146 133 393 25 99 104 85 311 20 183 26 68 80 82 60 140 58 152 98
internal_value=0 5.58835e-06 -3.22403e-06 -4.22168e-05 0 4.99042e-05 -0.000127507 -6.20599e-05 0.000123819 6.4973e-06 2.91899e-05 5.45951e-05 9.69844e-05 -1.39821e-05 -7.04607e-05 -0.000108946 -0.000110044 2.39103e-05 4.54611e-05 6.15639e-05 0.000114723 0.000139415 -0.000173524 0 -3.82319e-05 -8.69535e-05 2.73605e-05 7.81993e-05 -2.75856e-06 -4.53567e-05
internal_weight=8990 2866 1751 452 336 148 116 188 84 1299 732 507 279 567 174 149 125 1115 610 540 229 209 92 505 227 145 278 138 6124 250
internal_count=8990 2866 1751 452 336 148 116 188 84 1299 732 507 279 567 174 149 125 1115 610 540 229 209 92 505 227 145 278 138 6124 250
is_linear=0
shrinkage=0.05


Tree=248
num_leaves=31
num_cat=0
split_feature=258 378 229 329 49 64 203 304 248 238 244 382 306 266 342 345 240 317 39 260 257 383 89 326 299 383 234 302 11 223
split_gain=5.1889e-05 0.000173486 0.000243189 0.00020953 0.000268416 0.000337176 0.000330495 0.000299818 0.000197726 0.0002433 0.000306453 0.000155904 0.000276229 0.000306948 0.000404398 0.000226018 0.000213187 0.000149233 0.000257237 0.000211598 0.000357357 0.000147472 0.000125118 0.000409482 0.000784457 0.000398911 0.000526141 0.000265212 0.000218481 0.00029992
threshold=-0.64098535524856703 0.0016792382410374398 -1.213444473290713 -0.0025763071892833662 -0.61106524215889835 0.25589404082780159 -1.3158520895308972 0.013700104177264196 -1.3653791609124497 0.87951837011697409 -1.0330912975684947 1.8683583020893815 0.00033670034942410656 -1.5437848090290904 -0.002033901109663274 0.013227513227513839 -1.0057857112519126 -0.064421069185030086 0.18182925879320352 -0.93384269954421828 1.8715443059268633 0.11146208481894113 -0.99799879826298887 -0.0010544334580526169 -0.2148067156818094 0.28205405829898289 1.6924708030977744 -0.03874467097578 0.24355158730158702 0.89357939002352005
decision_type=10 8 10 10 2 2 10 10 10 10 10 8 10 10 10 10 10 10 2 10 10 10 2 10 10 10 10 10 2 10
left_child=1 2 8 4 -3 6 -6 -8 -1 10 -10 22 13 -13 15 16 -15 18 19 -4 -21 -19 23 27 -25 26 -26 -2 -24 -30
right_child=11 3 17 -5 5 -7 7 -9 9 -11 -12 12 -14 14 -16 -17 -18 21 -20 20 -22 -23 28 24 25 -27 -28 -29 29 -31
leaf_value=0 5.8907207271746841e-06 0 0 1.345063849872395e-05 0 0 -0.00010706251921601328 0 0 0 0.00016690357148571008 0 -1.5508354229912883e-07 0 0 0 0.00014785176112320163 3.8979037935405543e-05 0 -0.00015474155070649374 0 -9.3814624662293239e-06 0 0 0.00021303041348540641 0 0 -8.0686823248755902e-05 0 -6.7582941704431439e-05
leaf_weight=36 150 256 20 131 36 160 359 30 37 30 89 50 237 21 140 26 182 250 168 101 28 161 5186 134 122 38 22 105 392 293
leaf_count=36 150 256 20 131 36 160 359 30 37 30 89 50 237 21 140 26 182 250 168 101 28 161 5186 134 122 38 22 105 392 293
internal_value=0 -7.47406e-06 3.77864e-06 -2.32676e-05 -3.49325e-05 -5.38616e-05 -7.7304e-05 -9.30176e-05 5.65052e-05 8.42368e-05 0.000116651 1.83983e-06 2.51133e-05 5.13328e-05 7.12113e-05 0.000112173 0.000130291 -3.26593e-06 -3.3476e-05 -8.18321e-05 -0.000108773 7.87474e-06 0 2.17464e-05 6.33196e-05 0.000133151 0.000171247 -1.01764e-05 -2.69743e-06 -2.93192e-05
internal_weight=8990 1892 920 972 841 585 425 389 192 156 126 7098 656 419 369 229 203 728 317 149 129 411 6442 571 316 182 144 255 5871 685
internal_count=8990 1892 920 972 841 585 425 389 192 156 126 7098 656 419 369 229 203 728 317 149 129 411 6442 571 316 182 144 255 5871 685
is_linear=0
shrinkage=0.05


Tree=249
num_leaves=31
num_cat=0
split_feature=222 13 335 91 273 92 369 339 349 237 339 326 318 87 359 282 50 49 293 352 62 350 385 256 294 372 326 336 373 207
split_gain=5.1688e-05 0.000358267 0.00040449 0.000524532 0.00023995 0.00022629 0.000191291 0.000188967 0.000185779 0.000145555 0.000251274 0.000305512 0.000335465 0.000152616 0.000140577 0.000131459 0.00010864 0.000340085 0.000365875 0.000434887 0.000402055 0.00030311 0.000185507 0.000156035 0.000291291 0.000149502 0.000345645 0.000482714 0.000372805 0.000226507
threshold=1.9519899365003734 0.0038029100529099998 0.0081992831777723003 0.66419664786058108 0.5358052954713769 0.36326058201058203 0.061386654588136025 0.0028006361769639669 -0.11407410644337655 2.2523819539344552 0.0051953967403336508 -0.045903744833411968 -0.15818787761678957 0.088955026455026467 -0.0029083608562252557 -0.0020353426573349593 -0.92928651921830141 -0.73150145349486995 -0.10374500536711471 0.045717749960958017 0.57457010582010615 0.041904152753725839 0.95358408755756219 0.27662770141487375 0.00033068783068789827 -0.0023359981789698998 -0.030188230178333074 0.006283068783069252 -0.0038029100529101616 -0.76972565429971718
decision_type=8 2 10 2 10 2 10 8 10 10 8 10 10 2 10 10 2 2 10 10 2 8 10 10 10 10 10 10 10 10
left_child=9 4 7 -4 -2 -5 -6 15 -9 16 11 -11 -13 -14 -12 -3 17 21 23 20 -20 22 -1 24 -19 26 29 28 -28 -18
right_child=1 2 3 5 6 -7 -8 8 -10 10 14 12 13 -15 -16 -17 25 18 19 -21 -22 -23 -24 -25 -26 -27 27 -29 -30 -31
leaf_value=-0.00015844759028866447 0 -7.5964536526309091e-05 0 -0.00030742966404627138 0.00015594322485449751 0 0 0 0.00015013794858895224 0 5.1524765204528676e-06 0 0 0.00016461018170491789 -7.8328050962873962e-05 0 -4.1704639138913797e-05 -0.00010969682836062902 0.00013192906838603029 0 0 0 0 2.6167817734651808e-05 0 8.702874344528361e-07 0 3.1844079064933349e-06 -0.0001116519673001163 8.4219731733401032e-06
leaf_weight=60 156 86 100 40 49 20 22 22 34 61 42 48 20 110 57 91 282 86 218 116 184 36 23 120 94 5268 91 114 274 1066
leaf_count=60 156 86 100 40 49 20 22 22 34 61 42 48 20 110 57 91 282 86 218 116 184 36 23 120 94 5268 91 114 274 1066
internal_value=0 -1.40236e-05 -4.78936e-05 -0.000109308 2.25933e-05 -0.00023162 0.000100337 0 7.36391e-05 9.31981e-07 3.31327e-05 6.46499e-05 9.94969e-05 0.000141416 0 -3.08182e-05 0 1.55346e-05 3.10562e-05 5.73449e-05 8.33123e-05 -4.91154e-05 -0.000112144 0 -4.13439e-05 -2.53116e-06 -1.5075e-05 -5.16748e-05 -8.25e-05 0
internal_weight=8990 620 393 160 227 60 71 233 56 8370 338 239 178 130 99 177 8032 937 818 518 402 119 83 300 180 7095 1827 479 365 1348
internal_count=8990 620 393 160 227 60 71 233 56 8370 338 239 178 130 99 177 8032 937 818 518 402 119 83 300 180 7095 1827 479 365 1348
is_linear=0
shrinkage=0.05


Tree=250
num_leaves=31
num_cat=0
split_feature=231 260 327 52 260 238 46 354 260 19 301 242 72 346 220 274 257 348 36 349 279 343 292 89 340 232 299 256 83 307
split_gain=4.96324e-05 0.000224167 0.000329131 0.000231412 9.73112e-05 0.000212046 0.000244697 0.000239039 0.000144096 0.00030766 0.000951503 0.000763403 0.000457446 0.000165139 0.000227768 0.000183638 0.000232845 0.00033012 0.000200291 0.000312824 0.000201673 0.000160521 0.000181567 0.000128019 0.00013236 0.000139729 0.000120197 0.000146959 9.45996e-05 0.000150194
threshold=-1.4942283014522937 0.36435644397304673 -0.017991224378485379 0.059081990345273304 -1.4156352076925525 0.20094959229197573 0.13541666666666705 0.089777737086554857 -0.68175728712599915 0.019604410490453205 -0.0036328295251299987 1.1716422023563162 -0.17198898379941346 -0.19340617053937345 -1.4150015166585497 1.5338093843153893 1.0000000180025095e-35 -0.072168987796618053 0.59102182539682391 0.089612400174782461 -1.0325400727903673 -0.00033068783068800756 -0.00033068783068779993 0.67568460419930065 0.00083256667898501402 0.33513832551907524 -0.31569356462282244 1.8947487542069339 0.33763227513227506 -0.00033068783068780459
decision_type=10 10 10 2 8 10 2 10 10 2 10 10 2 10 10 10 10 10 2 10 10 10 10 2 10 10 10 10 2 10
left_child=1 28 -3 -4 5 6 -2 -8 9 23 -11 12 -12 14 -10 18 17 -17 19 -15 -20 22 -16 26 25 -25 -6 -28 -1 -30
right_child=4 2 3 -5 8 -7 7 -9 13 10 11 -13 -14 15 21 16 -18 -19 20 -21 -22 -23 -24 24 -26 -27 27 -29 29 -31
leaf_value=3.8917639107130072e-05 0 0 -0.00019078974214886766 0 0 0 0.00013036461656796452 0 0 5.1470119364617976e-05 -0.00026508054090897012 0 0 3.0350837855901052e-05 -0.00016416804709899559 0 0 -8.3726377335094408e-05 -3.5089384350763099e-05 -6.6061239226829367e-06 4.0587256406140604e-06 0 0 -8.1079241961677569e-05 0 0 5.834160424985385e-05 0 4.8573072439397075e-08 -5.0666020638992975e-05
leaf_weight=136 58 90 57 21 63 131 117 23 66 47 91 23 28 1730 65 81 335 235 360 563 3691 23 38 134 153 81 231 22 139 158
leaf_count=136 58 90 57 21 63 131 117 23 66 47 91 23 28 1730 65 81 335 235 360 563 3691 23 38 134 153 81 231 22 139 158
internal_value=0 -1.3934e-05 -6.34674e-05 -0.000138584 9.37539e-07 2.75976e-05 6.27796e-05 9.96966e-05 0 -1.9327e-05 -7.61057e-05 -0.000153524 -0.000210109 2.17851e-06 -4.14395e-05 4.0911e-06 -1.92257e-05 -5.10186e-05 7.2722e-06 1.90965e-05 0 -8.44491e-05 -0.000112316 0 -2.33868e-05 -4.97427e-05 1.93795e-05 4.06976e-05 0 -1.01095e-05
internal_weight=8990 601 168 78 8389 329 198 140 8060 873 189 142 119 7187 192 6995 651 316 6344 2293 4051 126 103 684 368 215 316 253 433 297
internal_count=8990 601 168 78 8389 329 198 140 8060 873 189 142 119 7187 192 6995 651 316 6344 2293 4051 126 103 684 368 215 316 253 433 297
is_linear=0
shrinkage=0.05


Tree=251
num_leaves=31
num_cat=0
split_feature=248 207 65 255 349 299 218 247 334 301 15 322 340 255 237 265 354 286 350 279 295 276 384 213 354 60 261 332 339 222
split_gain=5.49407e-05 0.000178127 0.000262326 0.000353452 0.000327464 0.000431438 0.000482405 0.000251291 0.000297455 0.00048454 0.000485145 0.000402835 0.000236088 0.00020723 0.000220345 0.000189513 0.000201829 0.000198585 0.000180505 0.000162692 0.000159448 0.000146802 0.000140973 0.000137664 0.000126385 0.000323898 0.00020769 0.000181289 0.000230365 0.000276694
threshold=0.78771253426859567 1.0749318964116257 -0.22921990308008447 -2.0663042019231921 0.18226931339121624 0.49205345348797358 2.2096872652944977 -0.096945055840580927 -0.00038042066895636878 -0.0034559996115154363 0.60400132275132312 0.026771970833026185 -0.0010656594017944829 1.3173682864857954 0.88660043628238638 0.83263902416988322 -0.086242302511156305 -0.00033068783068780015 -0.11279128080248106 -1.2156795635405788 0.0004636068945963468 -0.98220937561615884 0.53325711688791533 0.73268274151875945 -0.25619668909058563 0.28587962962963004 1.3858099995574562 0.010715594665773211 0.010176058541921719 0.6948226133114267
decision_type=8 10 2 10 10 10 10 10 8 10 2 10 10 10 10 10 10 10 10 10 10 10 10 8 10 2 10 10 10 10
left_child=24 7 -3 -4 5 6 -5 8 9 21 11 -11 13 14 22 17 -17 -10 -19 -18 -14 -2 -9 -22 25 -1 -27 -26 -29 -30
right_child=1 2 3 4 -6 -7 -8 12 15 10 -12 -13 20 -15 -16 16 19 18 -20 -21 23 -23 -24 -25 27 26 -28 28 29 -31
leaf_value=-2.8814345653016555e-06 9.6604302722965509e-05 1.9891921060190179e-06 0 -0.00023005660742872079 0 0 0 0.00013086088910586245 1.0276550483740537e-05 -0.0001402697058366307 0 0 -2.4057732414383757e-05 0 0 0 0 0 -7.7396934301106332e-05 8.0011209154152267e-05 8.4708834496680053e-05 0 0 0 3.741533505735892e-06 8.2207240549087479e-05 0 -6.5153926292586169e-07 -0.00012629811721925544 0
leaf_weight=156 46 78 120 98 30 74 24 141 150 220 213 22 253 70 53 53 28 60 164 209 83 65 32 26 5430 248 20 668 103 53
leaf_count=156 46 78 120 98 30 74 24 141 150 220 213 22 253 70 53 53 28 60 164 209 83 65 32 26 5430 248 20 668 103 53
internal_value=0 -6.71717e-06 -3.60002e-05 -5.90091e-05 -9.6116e-05 -0.000121763 -0.000180681 0 -1.34806e-05 -4.12342e-05 -6.81011e-05 -0.000117166 2.47978e-05 5.79658e-05 8.18025e-05 2.65047e-06 3.83795e-05 -1.16913e-05 -4.87114e-05 6.26925e-05 0 2.3854e-05 0.000109192 4.8073e-05 2.22393e-06 2.86862e-05 6.57054e-05 0 -2.13944e-05 -7.81282e-05
internal_weight=8990 2312 424 346 226 196 122 1888 1230 566 455 242 658 296 226 664 290 374 224 237 362 111 173 109 6678 424 268 6254 824 156
internal_count=8990 2312 424 346 226 196 122 1888 1230 566 455 242 658 296 226 664 290 374 224 237 362 111 173 109 6678 424 268 6254 824 156
is_linear=0
shrinkage=0.05


Tree=252
num_leaves=31
num_cat=0
split_feature=73 383 21 357 326 274 384 331 253 349 349 218 78 275 332 51 50 365 21 261 223 31 347 317 365 331 334 205 331 356
split_gain=5.31012e-05 0.000182279 0.000250958 0.000407681 0.000258529 0.000312449 0.000224324 0.000180283 0.00013196 0.000279987 0.000376729 0.000326015 0.000308321 0.000317171 0.000273827 0.000360177 0.00041707 0.000416537 0.00044078 0.000302264 0.000280197 0.00026597 0.000252775 0.000241513 0.000516027 0.000377021 0.000304536 0.000394012 0.000373545 0.000329977
threshold=0.90950323320320858 -0.36910584880096348 0.33096063285004201 0.0027281746031740388 -0.082716039058745569 -2.1213380294123145 -0.091155871956797849 -0.0059601046052583642 0.69143037320455958 0.058765440416864718 0.15132230719657122 1.9590490605302919 0.17237103174603127 1.1297308864454154 -0.005854210544968221 0.83089605218826312 0.018350939147748806 -0.39103835978835949 1.8119029098567403 -0.37958006142379574 -1.8445670565257843 0.84358465608465616 -0.009616149149470175 -0.04117666251868906 0.12169312169312202 0.016821567469318625 -0.0084151979598980197 -1.2677055265690746 0.013917110298286685 -0.02845130379101057
decision_type=2 10 2 10 10 10 10 8 10 10 10 10 2 10 10 2 2 10 2 10 10 2 10 10 10 10 10 10 10 10
left_child=8 7 3 4 -3 -6 -7 -2 14 23 11 12 -11 -14 -1 16 17 -16 -19 20 -18 -21 -12 26 25 -25 29 -28 -29 -10
right_child=1 2 -4 -5 5 6 -8 -9 9 10 22 -13 13 -15 15 -17 19 18 -20 21 -22 -23 -24 24 -26 -27 27 28 -30 -31
leaf_value=-8.9909452253360313e-08 7.1842278862447844e-05 0 -3.1033871216526893e-06 0 0 0 -0.00017947387720562011 0 0.00010708432725104405 0 -7.934488605695035e-05 0 -0.00017005027753105905 0 0 -7.7338025192099929e-06 0 0.0001258585327845333 0 8.7026284105328479e-06 8.1423312570103206e-05 -6.1068724099279227e-05 2.4671618904620639e-05 0.00012225570898326328 -3.6960075703412331e-06 0 8.1784166634095399e-06 -8.3526407934938202e-05 0 0
leaf_weight=2657 120 43 1970 140 22 22 124 315 91 52 76 54 142 33 80 393 44 313 56 328 226 176 251 187 162 37 214 357 94 211
leaf_count=2657 120 43 1970 140 22 22 124 315 91 52 76 54 142 33 80 393 44 313 56 328 226 176 251 187 162 37 214 357 94 211
internal_value=0 -5.86973e-06 -1.28202e-05 -5.30985e-05 -9.75569e-05 -0.000125685 -0.000153369 1.9718e-05 2.46224e-06 -6.99721e-06 -3.60099e-05 -7.8458e-05 -0.000105869 -0.000137619 7.97363e-06 2.43246e-05 3.87141e-05 7.91899e-05 0.000102233 8.76755e-06 5.43718e-05 -5.75059e-06 0 2.34677e-06 3.82902e-05 9.09548e-05 -6.83326e-06 -2.97029e-05 -5.87595e-05 2.69677e-05
internal_weight=8990 2756 2321 351 211 168 146 435 6234 1961 608 281 227 175 4273 1616 1223 449 369 774 270 504 327 1353 386 224 967 665 451 302
internal_count=8990 2756 2321 351 211 168 146 435 6234 1961 608 281 227 175 4273 1616 1223 449 369 774 270 504 327 1353 386 224 967 665 451 302
is_linear=0
shrinkage=0.05


Tree=253
num_leaves=31
num_cat=0
split_feature=73 379 292 247 299 213 351 318 268 282 252 354 283 342 59 384 384 267 265 335 354 19 56 251 358 350 335 24 354 227
split_gain=5.2186e-05 0.000247272 0.000350107 0.000401549 0.000300971 0.000291312 0.000471269 0.000255533 0.000208647 0.000182129 0.000173757 0.000340845 0.000409886 0.000432693 0.000487021 0.000333346 0.000220213 0.000153695 0.000170267 0.000272056 0.000131727 0.000347842 0.000483232 0.000548002 0.000329185 0.000230814 0.00020936 0.00017524 0.000214505 0.000207253
threshold=-1.6922687424744647 -0.021107357316149097 -0.00033068783068779993 0.67468202387960419 -0.26295166929115937 0.053721289305883387 0.060270655535045965 -0.15411661812314389 0.10669827051705562 -0.0013855304403399547 -0.94501539226096909 -0.071014579566095123 -0.0013312483382882862 -0.028922957360522528 0.46846371502170153 -0.72013329680632177 0.19507072865934019 -0.30460686461971781 -0.91824661726122414 0.033007754207419866 0.044562261484347727 0.15355000532458954 0.48561507936507864 1.3194969932462797 -0.064766581185041888 -0.0061461418068760034 -0.0014470788215829031 0.99189814814814803 -0.017060573382307345 0.60951960872758792
decision_type=2 10 10 10 10 10 10 10 10 10 10 8 8 10 2 10 10 8 10 10 8 2 2 10 10 10 10 2 10 10
left_child=1 5 3 4 -3 8 7 -7 -1 -6 11 16 13 -13 15 -15 -2 -14 -19 -20 27 -22 25 24 -24 -23 -27 -12 29 -29
right_child=10 2 -4 -5 9 6 -8 -9 -10 -11 20 12 17 14 -16 -17 -18 18 19 -21 21 22 23 -25 -26 26 -28 28 -30 -31
leaf_value=0.00011883832874092648 0 0 0 0 0.00024792973621011748 -0.00026891129839188779 0 0 0 0 0 0 2.2316064575115269e-05 0 0 -0.00016345723372832604 8.4558677965949466e-05 0 -0.00013636611083797534 0 0 -9.8031702855259857e-05 0 0 0.00015098094677484041 8.528410229066138e-05 0 -9.4679872769246135e-05 0 0
leaf_weight=38 177 31 92 58 62 35 22 27 82 23 5217 69 225 33 63 201 87 67 74 38 1291 50 23 53 201 85 133 169 184 80
leaf_count=38 177 31 92 58 62 35 22 27 82 23 5217 69 225 33 63 201 87 67 74 38 1291 50 23 53 201 85 133 169 184 80
internal_value=0 1.60782e-05 5.2389e-05 9.6033e-05 0.000149921 -6.77297e-06 -9.26035e-05 -0.000174887 1.17035e-05 0.00019876 -1.02435e-06 -2.05291e-05 -3.97316e-05 -7.8228e-05 -0.000105744 -0.000139255 1.65397e-05 0 -3.89803e-05 -7.88976e-05 1.00207e-06 1.30663e-05 4.65874e-05 9.28936e-05 0.000129551 0 2.09324e-05 -2.03348e-06 -3.26418e-05 -6.32876e-05
internal_weight=8990 470 266 174 116 204 84 62 120 85 8520 1034 770 366 297 234 264 404 179 112 7486 1836 545 277 224 268 218 5650 433 249
internal_count=8990 470 266 174 116 204 84 62 120 85 8520 1034 770 366 297 234 264 404 179 112 7486 1836 545 277 224 268 218 5650 433 249
is_linear=0
shrinkage=0.05


Tree=254
num_leaves=31
num_cat=0
split_feature=215 381 89 321 89 241 341 90 375 380 89 19 265 203 379 63 277 207 10 377 228 294 209 51 374 381 251 39 375 228
split_gain=5.22028e-05 0.000226566 0.00041499 0.000390903 0.000343617 0.000297297 0.000296404 0.000309738 0.000265669 0.000252367 0.000281964 0.000264348 0.000388606 0.000219569 0.000364006 0.000202505 0.000231638 0.000214548 0.000261866 0.000234633 0.000189978 0.000301451 0.000273607 0.00030088 0.000347066 0.000266767 0.000588076 0.000472288 0.00046235 0.000386584
threshold=-0.79959549511103989 -0.89585969837305135 -0.24455185925947195 -0.018793945202158598 -1.0104378719919798 0.92536847082684826 -0.036375661375661027 0.43005952380952406 0.0030576698879649649 0.058392083746292352 1.5039039217096128 -0.88246139072282492 -0.31303343479117601 1.0572955564190432 -0.050941700993807452 0.89037698412698407 -0.80630035604440264 -0.67974674984801486 0.80274470899470918 -0.27258733517428518 -0.87407435211986473 -0.00033068783068799368 -1.875826716881732 -1.9679096868881498 0.020210001210343557 -1.0671795493810772 0.48447772981252429 -0.22111537434775899 -0.028953508550505543 0.25536734550465134
decision_type=8 10 2 10 2 10 10 2 10 10 2 2 10 10 10 2 10 10 2 10 10 8 10 2 10 10 10 2 10 10
left_child=1 2 3 -1 -5 9 -6 -8 13 10 11 -3 -13 14 -7 20 -17 -18 19 -19 21 -2 23 -22 -25 26 29 28 -27 -24
right_child=15 5 -4 4 6 8 7 -9 -10 -11 -12 12 -14 -15 -16 16 17 18 -20 -21 22 -23 25 24 -26 27 -28 -29 -30 -31
leaf_value=0 -8.1169370659425497e-05 0 2.1660554302890968e-06 0 0 -0.00014341369899798328 -0.00018604903358059567 0 1.3669980308715743e-05 0 0 0 9.4938068904321584e-05 0 0 -3.260489543474838e-06 0 0 0 0.00014271606220486139 0 -7.7734345153957405e-06 0 0.00010552932014883171 0 0 -1.2726338476763675e-05 0 -7.3605369717692412e-05 0.0001214609013043976
leaf_weight=29 208 122 568 39 26 103 131 30 266 472 155 253 462 107 75 140 125 21 105 132 172 1211 109 197 111 403 310 2207 519 182
leaf_count=29 208 122 568 39 26 103 131 30 266 472 155 253 462 107 75 140 125 21 105 132 172 1211 109 197 111 403 310 2207 519 182
internal_value=0 5.49604e-06 -1.3565e-05 -6.81925e-05 -9.78207e-05 1.57628e-05 -0.000127102 -0.000152846 -9.24715e-06 2.85908e-05 4.29217e-05 5.50044e-05 6.68267e-05 -4.81715e-05 -8.24421e-05 -2.69787e-06 2.53205e-05 4.88174e-05 7.49364e-05 0.000117229 -6.18975e-06 -2.20603e-05 0 3.46112e-05 6.56361e-05 -5.40301e-06 2.23421e-05 -1.23306e-05 -4.23842e-05 7.68679e-05
internal_weight=8990 2838 823 255 226 2015 187 161 551 1464 992 837 715 285 178 6152 523 383 258 153 5629 1419 4210 480 308 3730 601 3129 922 291
internal_count=8990 2838 823 255 226 2015 187 161 551 1464 992 837 715 285 178 6152 523 383 258 153 5629 1419 4210 480 308 3730 601 3129 922 291
is_linear=0
shrinkage=0.05


Tree=255
num_leaves=31
num_cat=0
split_feature=322 322 343 347 302 320 322 255 348 282 341 15 297 261 87 256 288 227 320 245 13 285 261 374 364 325 375 222 365 238
split_gain=5.15045e-05 0.000262199 0.000286723 0.000594136 0.000718423 0.000373026 0.000178324 0.000327284 0.000193324 0.000438263 0.000398764 0.000381533 0.000311547 0.000279015 0.000332795 0.000201698 0.000252084 0.000149782 0.000131401 0.000257133 0.000116266 0.000170684 0.000224836 0.000219279 0.00024301 0.000317053 0.000137716 0.000128868 0.000323692 0.000311166
threshold=0.0094871574666130169 0.011667850983989704 1.0000000180025095e-35 0.00095124531568480119 0.015443486545744458 0.014084523514409477 0.012990459086992147 0.58042205929307145 -0.0010661089348233952 -0.0021611529773001288 0.0046296296296290057 0.70750661375661406 0.00045002673433491852 1.2391087306446191 0.86739417989418033 -1.1787516053776204 -0.00033068783068779993 0.79690196221136755 0.010030651728332842 -1.0715170893165984 0.015624999999999951 -0.0059242066549377572 -0.44046272598649167 -0.034020883418492499 -0.069639967575300374 -0.019578717449025614 -0.045673028950357623 -0.090280401297681903 -0.28174603174603141 -0.7122530334092958
decision_type=10 10 10 10 10 10 10 10 10 10 10 2 10 10 2 10 10 10 10 10 2 10 10 10 10 10 10 10 10 10
left_child=20 2 3 4 5 17 7 18 9 10 11 -8 15 14 -14 -10 -17 -2 19 -3 27 26 23 -23 -25 -26 -22 -1 -29 -30
right_child=1 6 -4 -5 -6 -7 8 -9 12 -11 -12 -13 13 -15 -16 16 -18 -19 -20 -21 21 22 -24 24 25 -27 -28 28 29 -31
leaf_value=-8.2787312478324796e-06 -0.00031503722963911068 0.00027133498365597869 0 0 0 0 -0.00019129660581255743 0 2.8752173379239498e-05 0 0 0 0.00010013823128400776 0 0 -7.9475884659860105e-05 0 0 0 0 0 0 1.5860374430338042e-06 0 0 0.0001599677538336961 -7.3647666788885142e-05 4.0926350902004869e-05 -4.5057682342100126e-05 5.5587432487924679e-06
leaf_weight=2844 61 30 192 82 49 30 95 99 87 478 74 35 232 72 31 176 115 20 37 20 43 51 510 30 27 126 68 559 347 2370
leaf_count=2844 61 30 192 82 49 30 95 99 87 478 74 35 232 72 31 176 115 20 37 20 43 51 510 30 27 126 68 559 347 2370
internal_value=0 -7.16179e-06 -4.18104e-05 -7.80721e-05 -0.000135995 -0.000206925 0 4.78723e-05 -3.72079e-06 -2.52165e-05 -8.65639e-05 -0.000139349 9.82932e-06 4.87962e-05 7.53916e-05 -1.14845e-05 -4.06961e-05 -0.000264869 0.000119543 0.000177204 1.90844e-06 1.92257e-05 3.10567e-05 7.3901e-05 9.98826e-05 0.000126094 -1.50255e-05 0 6.23216e-06 0
internal_weight=8990 2015 434 242 160 111 1581 186 1395 682 204 130 713 335 263 378 291 81 87 50 6975 855 744 234 183 153 111 6120 3276 2717
internal_count=8990 2015 434 242 160 111 1581 186 1395 682 204 130 713 335 263 378 291 81 87 50 6975 855 744 234 183 153 111 6120 3276 2717
is_linear=0
shrinkage=0.05


Tree=256
num_leaves=31
num_cat=0
split_feature=326 360 363 318 358 19 76 299 80 44 220 339 304 278 274 310 364 253 19 274 375 361 313 374 64 49 76 243 346 310
split_gain=5.39608e-05 0.000287299 0.000439985 0.000452296 0.00048414 0.000456022 0.000226361 0.00034144 0.000430052 0.000416597 0.000603579 0.00046652 0.000231401 0.00021375 0.000348827 0.000334304 0.000365289 0.000284516 0.000371598 0.000229691 0.000212185 0.000221333 0.000198959 0.000262293 0.000352138 0.000157503 0.000276338 0.000321092 0.000246825 0.000213383
threshold=0.023701270443991309 0.012108889514845013 0.11818188801823677 -0.15946736943695725 -0.051663199429030325 0.56525799536346411 0.45535777850246706 0.15109123246946468 0.19659391534391504 0.12814153439153403 -1.5761453581483051 0.10848330145581844 0.042971214900352279 -0.52949733042222713 0.5945294000118887 -0.0030227865651198944 -0.022774122111825969 1.5570284529349372 -0.48610398740868443 0.14045941787293201 -0.049371952406990431 -0.201749042935055 0.0016514465152762672 0.012605264556380948 -0.16082406617813896 0.97852435121737458 0.83565993756504964 0.15672660586435513 -0.02573893494462853 -0.0021686707531500811
decision_type=10 10 10 10 10 2 2 10 2 2 10 10 10 10 10 10 10 10 2 10 10 10 8 10 2 2 2 10 10 10
left_child=6 2 -2 -4 -5 -6 12 8 -8 -10 -11 -12 13 22 15 16 -15 18 -16 -17 -14 -22 23 24 -1 26 -9 28 -28 -27
right_child=1 -3 3 4 5 -7 7 25 9 10 11 -13 20 14 17 19 -18 -19 -20 -21 21 -23 -24 -25 -26 29 27 -29 -30 -31
leaf_value=-0.00012659200415942313 0 5.3168971986337255e-08 0 0 0 -0.00027922553383727904 0 2.850291840815108e-06 0 0 0.00014633213044812723 0 0 0 0 2.6315190953212496e-06 -8.9271470411803416e-05 -2.6203721537485379e-05 8.1305818069332756e-05 -4.6294467222087273e-05 0 0.00012593988853709805 0 0 0 0 0 0 -0.00015677101343038061 0.00011676866875232675
leaf_weight=165 420 2718 42 27 58 69 158 139 82 46 292 35 52 33 359 2444 240 87 346 260 33 100 142 174 180 20 29 93 94 53
leaf_count=165 420 2718 42 27 58 69 158 139 82 46 292 35 52 33 359 2444 240 87 346 260 33 100 142 174 180 20 29 93 94 53
internal_value=0 -5.14234e-06 -3.61785e-05 -9.85972e-05 -0.000140388 -0.000182807 2.87454e-06 2.41918e-05 4.88474e-05 7.46783e-05 9.79489e-05 0.000124725 -8.50984e-07 -4.19514e-06 0 -7.4358e-06 -6.05186e-05 2.98855e-05 4.39011e-05 -2.25397e-07 5.21746e-05 8.81541e-05 -3.04343e-05 -4.62365e-05 -7.1525e-05 0 -2.39214e-05 -6.42803e-05 -0.000117365 5.10568e-05
internal_weight=8990 3334 616 196 154 127 5656 1041 613 455 373 327 4615 4430 3769 2977 273 792 705 2704 185 133 661 519 345 428 355 216 123 73
internal_count=8990 3334 616 196 154 127 5656 1041 613 455 373 327 4615 4430 3769 2977 273 792 705 2704 185 133 661 519 345 428 355 216 123 73
is_linear=0
shrinkage=0.05


Tree=257
num_leaves=31
num_cat=0
split_feature=248 352 347 9 232 371 348 293 23 54 366 29 38 339 77 380 29 331 12 371 249 50 236 363 252 306 296 326 362 358
split_gain=5.00821e-05 0.000174831 0.000303142 0.000280301 0.000313052 0.000297602 0.000269794 0.000232799 0.000243679 0.000209146 0.000260428 0.000248166 0.000244611 0.000211165 0.000263714 0.000338102 0.000154764 0.000165568 0.000135126 0.000182806 0.000159928 0.000123943 0.000297033 0.000462709 0.000468332 0.000535795 0.000631737 0.000354237 0.000332649 0.000439445
threshold=0.78771253426859567 -0.026927786714553922 -0.0012958452367120008 1.5968028807225552 0.31671374645514683 0.14766715136358802 0.064155723617264473 -0.041690804469521663 0.0021494708994708503 0.63508597883597917 -0.81723774170535768 0.64657738095238104 0.066502508839708013 0.078157427858113318 0.49718915343915354 -0.20017012465969103 0.57457010582010615 -0.017579893022323028 0.0038029100529100007 -0.64122644171653487 -1.475262556952704 0.21764391124107255 0.20207237734913816 0.20728188608658205 -1.2744328457368075 0.00047438333729304954 -0.0012020038239635709 -0.11633519997723761 0.055224867724867864 -0.1254379255512437
decision_type=8 8 10 2 10 10 10 10 2 2 10 2 2 10 2 10 2 10 2 10 10 2 10 10 10 10 10 10 10 10
left_child=21 2 18 9 -5 -6 -7 8 -4 10 16 -12 -13 14 -11 -16 -3 -18 19 -2 -21 22 23 24 -1 26 -26 -24 29 -29
right_child=1 3 7 4 5 6 -8 -9 -10 13 11 12 -14 -15 15 -17 17 -19 -20 20 -22 -23 27 -25 25 -27 -28 28 -30 -31
leaf_value=-2.8553426323763753e-05 0 0 0 0 -1.7505332203252489e-05 -0.00018955947083614528 0 0 0.00014475644548134889 0 0 0 0.00010149140015886533 0 0 -0.00013063095061402688 0 -8.8509207738566071e-05 7.3006542500571875e-06 0 -0.00012951000812187578 -3.579851257976825e-06 1.3410330350975648e-05 -1.1655050998653713e-05 0 0 8.8875462535477603e-05 9.368212683784266e-06 0 -8.6423363759245364e-05
leaf_weight=145 43 52 22 303 250 91 21 34 97 59 170 186 188 47 26 141 23 114 354 21 70 3415 676 513 214 344 765 51 188 367
leaf_count=145 43 52 22 303 250 91 21 34 97 59 170 186 188 47 26 141 23 114 354 21 70 3415 676 513 214 344 765 51 188 367
internal_value=0 -6.47025e-06 1.15569e-05 -1.63778e-05 -4.15639e-05 -7.30378e-05 -0.000152265 7.4225e-05 0.000109402 0 1.41858e-05 3.60109e-05 5.95357e-05 -3.70724e-05 -6.32054e-05 -9.67001e-05 -2.21784e-05 -5.91654e-05 0 -4.87686e-05 -9.22911e-05 2.06261e-06 9.50013e-06 2.22976e-05 3.75683e-05 4.85959e-05 6.7523e-05 -6.37548e-06 -3.66948e-05 -6.27776e-05
internal_weight=8990 2312 641 1671 665 362 112 153 119 1006 733 544 374 273 226 167 189 137 488 134 91 6678 3263 1981 1468 1323 979 1282 606 418
internal_count=8990 2312 641 1671 665 362 112 153 119 1006 733 544 374 273 226 167 189 137 488 134 91 6678 3263 1981 1468 1323 979 1282 606 418
is_linear=0
shrinkage=0.05


Tree=258
num_leaves=31
num_cat=0
split_feature=215 381 89 381 241 317 69 375 380 89 19 77 283 203 379 63 274 260 332 268 353 272 19 253 65 232 203 203 91 328
split_gain=4.93948e-05 0.000196778 0.000360683 0.000294598 0.00026638 0.000244246 0.000341771 0.000240054 0.000228747 0.000261245 0.000242397 0.000281302 0.000201474 0.000193363 0.00032567 0.000177349 0.000193794 0.000179611 0.000331471 0.000384548 0.000240391 0.000240334 0.000196457 0.000684362 0.000395721 0.000252795 0.000250083 0.00038446 0.000486225 0.000244752
threshold=-0.79959549511103989 -0.89585969837305135 -0.24455185925947195 -1.985382807368876 0.92536847082684826 -0.021122764822363433 2.3738636503622952 0.0030576698879649649 0.058392083746292352 1.5039039217096128 -0.88246139072282492 0.28389550264550306 -0.0016468712150951579 1.0572955564190432 -0.050941700993807452 0.89037698412698407 0.45048083461744665 -0.33152075390130842 -0.016181984470578167 -0.11684501685765881 0.17808388865432126 -1.092948737016743 1.2894003684837811 -0.10996625062662101 -0.34311691455183096 1.0943954321938618 1.4044140229654565 0.052717823595761958 0.66419664786058108 -0.011387614267865163
decision_type=8 10 2 10 10 10 2 10 10 2 2 2 10 10 10 2 10 10 10 10 10 10 2 10 2 10 10 10 2 10
left_child=1 2 3 -1 8 6 12 13 9 10 -3 -12 -5 14 -6 17 -17 18 -2 20 21 -20 26 24 -24 -26 27 29 -29 -19
right_child=15 4 -4 5 7 -7 -8 -9 -10 -11 11 -13 -14 -15 -16 16 -18 22 19 -21 -22 -23 23 -25 25 -27 -28 28 -30 -31
leaf_value=0 7.4373401023316667e-06 0 1.9745386159623691e-06 0 -0.00013547390463606053 0 0 1.2848179903129132e-05 0 0 0 8.0162537448081478e-05 -0.00019490751239515522 0 0 0 5.4983254843499417e-05 4.977052513442653e-05 0 0 0 -0.00010490290961138885 0 -5.8358877667131672e-06 0.00022426377670831891 0 2.3821727981705297e-05 -1.1196742871872109e-05 -0.00010626876053725463 -4.9876665660738475e-06
leaf_weight=81 343 122 568 20 103 28 28 266 472 155 153 562 98 107 75 268 255 225 44 458 37 329 87 250 74 23 555 803 219 2182
leaf_count=81 343 122 568 20 103 28 28 266 472 155 153 562 98 107 75 268 255 225 44 458 37 329 87 250 74 23 555 803 219 2182
internal_value=0 5.32143e-06 -1.21745e-05 -6.32793e-05 1.49489e-05 -0.000100487 -0.000127327 -8.34951e-06 2.71327e-05 4.07781e-05 5.24496e-05 6.37786e-05 -0.000165199 -4.56693e-05 -7.7801e-05 -2.64741e-06 2.3412e-05 -5.95724e-06 -2.31444e-05 -4.09883e-05 -7.68149e-05 -8.99803e-05 -1.14022e-07 3.04737e-05 0.000106943 0.000178529 -4.70179e-06 -1.07771e-05 -3.64696e-05 0
internal_weight=8990 2838 823 255 2015 174 146 551 1464 992 837 715 118 285 178 6152 523 5629 1211 868 410 373 4418 434 184 97 3984 3429 1022 2407
internal_count=8990 2838 823 255 2015 174 146 551 1464 992 837 715 118 285 178 6152 523 5629 1211 868 410 373 4418 434 184 97 3984 3429 1022 2407
is_linear=0
shrinkage=0.05


Tree=259
num_leaves=31
num_cat=0
split_feature=359 23 297 260 326 326 57 88 206 359 77 255 44 311 319 88 380 254 210 218 357 277 27 376 73 35 372 333 30 372
split_gain=5.18924e-05 0.0001883 0.000150321 0.000150073 0.000107705 0.000184736 0.000294202 0.00031507 0.000296233 0.000221847 0.000279208 0.000278702 0.000220053 0.000172117 0.000185988 0.000205274 0.000241952 0.00017126 0.000249451 0.00023951 0.000193935 0.000193275 0.00015121 0.000120746 0.000277873 0.000330692 0.000234832 0.000339651 0.000174647 0.000173375
threshold=-0.068841227719630291 0.0061177248677248006 0.00084705417892749779 -0.72590136384300652 -0.28084854679949761 -0.11633519997723761 1.5303141298363452 0.17989417989418002 -1.8458843384877903 -0.028632709162774935 0.80629960317460292 1.2193390319646797 0.62748015873015917 -0.00033068783068780015 0.0052584372622776774 0.88326719576719614 0.31062380728610545 -0.4773354937844968 0.16085958643891199 2.0629667614430853 -0.021825396825396814 0.94392819328969246 -1.1284074371503399 -0.067657374526090289 0.116794477924913 0.91947751322751314 -0.0025594163207600658 0.00033068783068700153 0.25402439666088256 -0.0011235927182026149
decision_type=10 2 8 10 8 10 2 2 10 10 2 10 2 10 10 2 10 10 10 10 10 10 2 10 2 2 10 10 2 10
left_child=1 2 3 -1 13 6 7 -6 -9 10 11 12 -7 14 15 16 -2 20 19 -19 21 -8 -15 24 25 -11 27 -25 -26 -28
right_child=4 -3 -4 -5 5 9 17 8 -10 23 -12 -13 -14 22 -16 -17 -18 18 -20 -21 -22 -23 -24 26 28 -27 29 -29 -30 -31
leaf_value=0 -0.00020762192522874538 0 0 0.0001105300662230208 0 -0.0001407300922509635 -0.00013322595610186367 0 0.00013164902658881485 0.00012930835480285448 0 0 0 4.7731675515399566e-05 0 0 0 0.00012774242544005655 0 0 0 0 -3.1079682142305944e-05 -5.561638948550652e-05 1.7654144172774807e-05 0 2.9579175636793598e-05 0 -6.9351579213557807e-05 -1.152913158409924e-06
leaf_weight=27 53 156 49 110 87 128 60 31 155 107 74 38 46 106 54 34 53 95 117 27 350 29 141 474 211 60 490 390 77 5161
leaf_count=27 53 156 49 110 87 128 60 31 155 107 74 38 46 106 54 34 53 95 117 27 350 29 141 474 211 60 490 390 77 5161
internal_value=0 1.89884e-05 5.65009e-05 8.41094e-05 -8.592e-07 0 2.11227e-05 6.5169e-05 0.000102298 -2.27306e-06 -4.54927e-05 -7.79913e-05 -0.000106828 -2.49981e-05 -6.03074e-05 -9.14202e-05 -0.000125987 0 3.71198e-05 8.835e-05 -1.49925e-05 -8.09273e-05 0 0 2.43288e-05 7.5956e-05 -2.23329e-06 -2.67291e-05 0 6.27569e-07
internal_weight=8990 342 186 137 8648 8207 951 273 186 7256 286 212 174 441 194 140 106 678 239 122 439 89 247 6970 455 167 6515 864 288 5651
internal_count=8990 342 186 137 8648 8207 951 273 186 7256 286 212 174 441 194 140 106 678 239 122 439 89 247 6970 455 167 6515 864 288 5651
is_linear=0
shrinkage=0.05


Tree=260
num_leaves=31
num_cat=0
split_feature=73 362 292 59 19 386 386 238 34 252 354 282 242 335 36 60 365 357 224 242 252 238 347 335 369 368 69 327 322 305
split_gain=5.17306e-05 0.000232484 0.00040154 0.000377841 0.000517869 0.000262209 0.000372515 0.000553379 0.000236475 0.000138649 0.00029174 0.000335008 0.00049955 0.000349951 0.000379066 0.00020391 0.000372997 0.000273892 0.000285926 0.000132986 0.000124166 0.000375256 0.000696832 0.000587373 0.000416103 0.00041391 0.000383089 0.000495027 0.000377846 0.000414595
threshold=-1.6922687424744647 -0.018187830687829972 -0.00033068783068779993 0.29404719508858707 0.53721924961815903 0.012408091378454946 0.069787466488550512 0.62963460650293135 0.72701719576719526 -0.94501539226096909 -0.071014579566095123 -0.0014952686178499872 -0.94610076417895073 0.11162239708233003 0.92542989417989374 0.27662037037037007 -0.30340608465608432 -0.015873015873015418 1.3032286245361135 -0.7729225704055247 -0.55079405257969294 -0.31708395525233507 0.00033452902871899953 0.061989547019539633 -0.17469425655437348 -1.7676514195858875 -0.16752482579084446 -0.0079226251643389461 -0.0060296793438689147 0.00033068783068800767
decision_type=2 10 10 2 2 10 10 10 2 10 8 8 10 10 2 2 10 10 10 10 10 10 10 10 10 10 2 10 10 10
left_child=1 5 3 4 -3 8 7 -7 -1 10 15 12 -12 14 -14 -2 -17 -18 -19 -4 21 22 28 24 -23 -26 27 -24 -11 -30
right_child=9 2 19 -5 -6 6 -8 -9 -10 20 11 -13 13 -15 -16 16 17 18 -20 -21 -22 23 26 -25 25 -27 -28 -29 29 -31
leaf_value=0.00011170131782376047 -1.2744379709093695e-05 0 -0.00011076125690268483 0 0.00021495559614005826 -0.00028925246935298144 0 0 0 0 6.283437390329413e-06 0 -0.00014296202672024467 0 0 0 0 0.00018531730782041854 0 0 -1.3886918309607977e-06 0 -0.00017501404236515444 -3.7677059851759174e-05 0 0.00011491316815183061 0 0 0.0001748278047447063 0
leaf_weight=51 83 63 27 40 85 35 53 24 20 130 53 387 241 22 67 51 26 84 20 72 6271 158 117 105 30 349 122 32 77 95
leaf_count=51 83 63 27 40 85 35 53 24 20 130 53 387 241 22 67 51 26 84 20 72 6271 158 117 105 30 349 122 32 77 95
internal_value=0 1.60194e-05 4.89884e-05 9.48669e-05 0.000133449 -8.37693e-06 -7.44876e-05 -0.000162117 2.55449e-05 -1.00981e-06 -1.84322e-05 -3.64079e-05 -6.96472e-05 -9.69873e-05 -0.000113656 1.50585e-05 5.5417e-05 0.000106969 0.000144492 0 7.28964e-07 1.5773e-05 -6.58253e-06 4.35106e-05 6.86986e-05 9.71108e-05 -7.16428e-05 -0.000125522 3.52529e-05 8.75802e-05
internal_weight=8990 470 287 188 148 183 112 59 71 8520 1034 770 383 330 308 264 181 130 104 99 7486 1215 573 642 537 379 271 149 302 172
internal_count=8990 470 287 188 148 183 112 59 71 8520 1034 770 383 330 308 264 181 130 104 99 7486 1215 573 642 537 379 271 149 302 172
is_linear=0
shrinkage=0.05


Tree=261
num_leaves=31
num_cat=0
split_feature=50 279 288 244 87 89 350 255 343 44 32 209 327 342 64 368 382 244 75 372 78 65 362 335 374 246 66 360 321 343
split_gain=5.36697e-05 0.000200934 0.000297939 0.000345773 0.000230875 0.000415382 0.000254479 0.000113151 0.000324659 0.000515418 0.000603357 0.000420773 0.000442738 0.000239331 0.000363476 0.000193243 0.000383206 0.000452539 0.000597914 0.000245079 0.000240351 0.00017106 0.000600094 0.000258369 0.000161317 0.000247762 0.0003403 0.000388337 0.000416629 0.000166327
threshold=1.1240699184160701 0.52851908878386922 -0.00033068783068780069 -0.95052284349512606 0.25628306878306906 -1.0906035971218146 -0.096823373514317801 -1.2458135914647845 0.00066137566137498837 0.60267857142857162 0.37251984126984106 -2.2199985339092843 -0.16337449920783501 -0.0078534569606205622 -0.37794165273453095 -0.047906349022791637 1.0416584945583602 0.70259336164160346 0.35019841269841306 1.0000000180025095e-35 0.39666005291005307 0.40320876157607149 -0.019510582010582013 -0.03385798722696403 0.085638523591839336 -1.1005609398553955 -0.22060543718988149 0.046468398178890986 0.028063347040876211 0.041253306878307368
decision_type=2 10 10 10 2 2 10 8 10 2 2 10 10 10 2 10 10 10 2 10 2 2 10 10 8 8 2 10 10 10
left_child=7 -2 -3 -4 -5 -6 -7 8 15 10 11 -10 -13 14 -12 19 17 18 -17 21 -21 23 -23 -1 25 26 -9 28 -28 -27
right_child=1 2 3 4 5 6 -8 24 9 -11 13 12 -14 -15 -16 16 -18 -19 -20 20 -22 22 -24 -25 -26 29 27 -29 -30 -31
leaf_value=-2.509711575899802e-05 0 0 0 0 0 0 -0.00022574128009850391 0 0 0 0.00016548939194709284 0 0.00021072141651978891 -1.2620683031602922e-05 0 0 6.8003770360670192e-06 0 -0.00016263385063741153 0 0.00012794895156869999 -0.00020215666232886286 0 5.3744863829263998e-05 1.9460772490697528e-05 0 -0.00012692879133534705 0 0 -6.1650862522908816e-05
leaf_weight=91 443 121 39 26 30 20 88 200 31 278 54 23 136 160 36 92 287 121 147 36 84 45 45 233 717 4973 225 65 34 110
leaf_count=91 443 121 39 26 30 20 88 200 31 278 54 23 136 160 36 92 287 121 147 36 84 45 45 233 717 4973 225 65 34 110
internal_value=0 -1.28184e-05 -4.40323e-05 -8.22273e-05 -0.000116773 -0.000142768 -0.000188801 9.9436e-07 1.20568e-05 3.89192e-05 7.34803e-05 0.000142948 0.000176146 6.56632e-07 7.97425e-05 -4.30048e-08 -2.22339e-05 -5.92612e-05 -0.000100104 1.74813e-05 8.03778e-05 0 -6.16892e-05 1.61727e-05 -1.53704e-06 -5.11418e-06 -3.81654e-05 -7.05721e-05 -9.98841e-05 -7.22634e-07
internal_weight=8990 767 324 203 164 138 108 8223 1899 718 440 190 159 250 90 1181 647 360 239 534 120 414 90 324 6324 5607 524 324 259 5083
internal_count=8990 767 324 203 164 138 108 8223 1899 718 440 190 159 250 90 1181 647 360 239 534 120 414 90 324 6324 5607 524 324 259 5083
is_linear=0
shrinkage=0.05


Tree=262
num_leaves=31
num_cat=0
split_feature=326 360 363 18 302 89 362 36 79 297 293 241 215 30 343 318 349 368 267 371 232 61 13 345 306 363 340 351 64 68
split_gain=5.22281e-05 0.000247841 0.000387385 0.000426555 0.000419282 0.000235365 0.000206579 0.000399609 0.00030854 0.000367906 0.000254991 0.000238357 0.000329389 0.000237474 0.000231659 0.000229623 0.000422 0.000428708 0.000372025 0.000394861 0.000403698 0.000301381 0.000352447 0.00020467 0.000370827 0.000273144 0.000233479 0.000326785 0.000270893 0.000193944
threshold=0.023701270443991309 0.012108889514845013 0.11818188801823677 0.89982299653578213 0.042463785396427069 1.4649421027307163 0.1185515873015875 0.49975198412698457 -1.0298315307344199 0.00031800373927485392 -0.041690804469521663 1.1551747392143163 0.3821982858747055 -1.5313123693667647 0.0085978835978830093 -0.15830686892279214 -0.042049687156894493 0.0056157446999324104 -2.1386441209200253 -1.7854051073993908 -0.72689984317037604 -1.2028289201926148 0.015128968253968353 0.011243386243387029 0.00033233633659516751 0.086492714707495297 -0.0068295204538262313 0.016829328673387049 -0.84437983241950632 0.99239417989418011
decision_type=10 10 10 2 10 2 8 2 2 10 8 10 10 2 10 8 10 10 8 10 10 2 2 10 10 10 10 10 2 2
left_child=6 2 -2 4 5 -4 15 8 9 -8 14 12 13 -10 29 16 17 21 19 -17 -21 -1 -23 26 25 -25 27 -20 -28 -9
right_child=1 -3 3 -5 -6 -7 7 10 11 -11 -12 -13 -14 -15 -16 18 -18 -19 23 20 -22 22 -24 24 -26 -27 28 -29 -30 -31
leaf_value=0 0 0 -0.00021681206407461924 0 0 0 0 0.00010949392943243302 0 0.00018974396363781009 0 0 0 -0.00013600340533866481 0 0 0 0 -6.4335696904469937e-05 0 0.00025955713459883224 -0.00013906938659116519 0 0.00013246047894740671 0 0 6.3846293656587963e-05 0 0 0
leaf_weight=65 420 2718 93 59 23 21 41 272 23 38 57 79 88 126 62 29 879 223 330 39 45 218 25 121 126 24 175 207 2343 21
leaf_count=65 420 2718 93 59 23 21 41 272 23 38 57 79 88 126 62 29 879 223 330 39 45 218 25 121 126 24 175 207 2343 21
internal_value=0 -5.05879e-06 -3.38257e-05 -9.23761e-05 -0.000141364 -0.000182205 2.82834e-06 2.63803e-05 0 7.55879e-05 6.15401e-05 -3.17879e-05 -6.21322e-05 -0.00010799 7.86785e-05 -6.06584e-08 -1.79981e-05 -5.33526e-05 5.84018e-06 9.59841e-05 0.000155331 -9.15719e-05 -0.000117162 1.27151e-06 4.35795e-05 9.96871e-05 -8.46204e-07 -3.19813e-05 3.80919e-06 9.73432e-05
internal_weight=8990 3334 616 196 137 114 5656 807 395 79 412 316 237 149 355 4849 1410 531 3439 113 84 308 243 3326 271 145 3055 537 2518 293
internal_count=8990 3334 616 196 137 114 5656 807 395 79 412 316 237 149 355 4849 1410 531 3439 113 84 308 243 3326 271 145 3055 537 2518 293
is_linear=0
shrinkage=0.05


Tree=263
num_leaves=31
num_cat=0
split_feature=73 222 66 62 341 15 347 254 36 350 380 358 357 319 297 273 216 63 267 366 203 271 384 379 67 290 70 349 227 337
split_gain=4.84406e-05 0.000137908 0.0001677 0.000153519 0.000122464 0.000101891 0.000211412 0.000216185 0.00030116 0.000178992 0.000252555 9.50796e-05 0.000297928 0.000348715 0.000424042 0.000499433 0.00023145 0.000353066 0.000346766 0.000329965 0.000296239 0.00027435 0.000223728 0.000199993 0.000352639 0.000435649 0.000445479 0.000232374 0.000466949 0.000331191
threshold=1.6166646439674353 -0.28760419686138422 -0.71519614078524396 0.78951719576719614 0.0085978835978839669 0.016699735449735454 0.019987287720631994 0.17929206864932823 0.0054563492063491505 -0.078836621075805816 0.23697614177932264 -0.00067159783152309627 -0.0099206349206350641 0.012263206059533226 0.0014923688482498811 0.43840568958600518 -0.99541126518869649 0.50512566137566106 -0.2227671734077786 0.096203575987588386 0.31287108855839624 1.7217644153584863 0.0034731782787292003 -0.20752481677336129 1.3559452119995903 -0.00033068783068780069 0.8660714285714286 -0.2540866902679928 0.33258337023075818 -0.0219258676287119
decision_type=2 10 2 2 10 2 10 10 2 10 10 8 10 10 10 10 10 2 10 10 10 10 10 10 2 10 2 10 10 10
left_child=5 -2 -3 4 -4 6 7 8 -1 -10 -11 12 16 14 15 -14 19 21 -19 20 -7 -18 -16 24 25 -13 -27 28 29 -25
right_child=1 2 3 -5 -6 11 -8 -9 9 10 -12 23 13 -15 22 -17 17 18 -20 -21 -22 -23 -24 27 -26 26 -28 -29 -30 -31
leaf_value=0 0 0 -0.00015904576232320903 0 0 -0.0001716167745327065 -9.0306553486337551e-06 0 0 0.00017316740025660014 0 0 -2.4254449389118029e-05 1.7400037104323208e-05 9.6936278115235521e-05 -0.00013034912403169627 0 9.5977323264431356e-05 5.9990323247635591e-06 0 0 -0.00012419700782345566 0 0 1.2991151560073222e-07 0.00016801677928544902 0 1.3138323517049747e-06 0 -0.00017077331182456534
leaf_weight=31 200 27 62 26 21 65 99 177 29 105 22 75 627 191 64 213 727 211 525 143 40 46 57 24 747 129 29 4092 98 88
leaf_count=31 200 27 62 26 21 65 99 177 29 105 22 75 627 191 64 213 727 211 525 143 40 46 57 24 747 129 29 4092 98 88
internal_value=0 -1.86478e-05 -5.82406e-05 -8.98566e-05 -0.000123365 6.98759e-07 2.36468e-05 4.62669e-05 8.399e-05 0.000115232 0.000140815 0 -7.81248e-06 -2.81053e-05 -4.23528e-05 -5.7121e-05 2.64805e-06 1.25875e-05 3.85965e-05 -3.7658e-05 -0.000105813 -5.71087e-06 1.88443e-05 3.37434e-06 2.39042e-05 7.86421e-05 0.00012652 -1.40617e-07 -5.22669e-05 -0.000124634
internal_weight=8990 336 136 109 83 8654 463 364 187 156 127 8191 2909 1152 961 840 1757 1509 736 248 105 773 121 5282 980 233 158 4302 210 112
internal_count=8990 336 136 109 83 8654 463 364 187 156 127 8191 2909 1152 961 840 1757 1509 736 248 105 773 121 5282 980 233 158 4302 210 112
is_linear=0
shrinkage=0.05


Tree=264
num_leaves=31
num_cat=0
split_feature=353 266 338 226 204 344 232 76 40 338 228 326 380 324 250 217 318 273 375 254 19 50 333 45 376 56 386 91 338 85
split_gain=4.76723e-05 0.000290834 0.000304773 0.000231348 0.000223402 0.000227893 0.000336655 0.000182001 0.000265942 0.000496776 0.00010278 0.000298072 0.000370922 0.000581495 0.000562546 0.000455578 0.000203891 0.000283463 0.000453924 0.000142627 0.000264418 0.000438941 0.000435664 0.000546681 0.000255981 0.000230614 0.000283125 0.000207744 0.000215826 0.000166758
threshold=-0.19715370743052982 -0.40840691906590765 -0.00049603174603080047 -0.66308991841954024 -1.5012527669917499 0.0070395327902955081 -1.2401856521604995 -0.015818478963287346 -0.0096428820778655475 -0.0009920634920638769 1.8042301047514626 0.034313541180564684 -0.0044125096175144643 0.029404266600232824 -1.0536792080742041 -1.7670611251237707 -0.15950171371972591 0.73494122226726932 -0.11778491941001844 -0.63387295254106946 0.38380034213047304 -1.9825756938445405 0.0066137566137559898 0.68419312169312207 -0.080527604055018562 0.6246693121693121 -0.11330917737198586 1.3109149210620352 -0.011243386243386026 1.1580382496336252
decision_type=8 10 10 10 10 10 10 2 2 10 10 10 10 10 10 10 10 10 10 10 2 2 10 2 10 2 8 2 10 2
left_child=1 2 -1 -4 -5 6 -6 -3 -9 -10 19 12 13 14 -12 -16 -13 -18 -19 20 -2 27 23 -23 25 -21 -27 -22 -29 -26
right_child=10 7 3 4 5 -7 -8 8 9 -11 11 16 -14 -15 15 -17 17 18 -20 24 21 22 -24 -25 29 26 -28 28 -30 -31
leaf_value=0 0 -6.3125233619969049e-06 0 0 0 0 -0.00021300396929311281 0 0 0.00020693144519110218 0 2.8440648761664787e-05 0 0 0 0.00021507579881298395 0 0 -0.00017763736682461874 0 0 -0.00011915461452407702 0 0 -2.7161694349992624e-06 0 0.00011585663746802465 0 0.00014711158207039951 3.3661622831642335e-05
leaf_weight=134 1084 335 56 26 20 33 91 115 31 55 43 115 296 43 20 128 171 20 72 270 27 315 92 46 4734 63 147 20 51 337
leaf_count=134 1084 335 56 26 20 33 91 115 31 55 43 115 296 43 20 128 171 20 72 270 27 315 92 46 4734 63 147 20 51 337
internal_value=0 -1.09261e-05 -4.78093e-05 -8.37274e-05 -0.000112776 -0.000137437 -0.000172127 4.52381e-06 4.74418e-05 0.000113925 1.2279e-06 1.72139e-05 4.34167e-05 9.07171e-05 0.000132998 0.000179779 -6.30328e-06 -4.05047e-05 -0.000111271 -9.64595e-08 -1.369e-05 -4.18994e-05 -6.67344e-05 -9.27596e-05 3.00686e-06 3.79143e-05 7.76461e-05 2.18816e-05 8.92484e-05 0
internal_weight=8990 896 360 226 170 144 111 536 201 86 8094 908 530 234 191 148 378 263 92 7186 1635 551 453 361 5551 480 210 98 71 5071
internal_count=8990 896 360 226 170 144 111 536 201 86 8094 908 530 234 191 148 378 263 92 7186 1635 551 453 361 5551 480 210 98 71 5071
is_linear=0
shrinkage=0.05


Tree=265
num_leaves=31
num_cat=0
split_feature=36 350 347 36 234 372 347 220 296 380 326 353 244 254 206 285 251 332 332 331 54 368 275 366 211 379 215 271 59 315
split_gain=4.76584e-05 0.000152573 0.000143682 0.000120668 0.000166842 0.000153921 0.000157719 0.000127756 0.000120003 0.000117604 0.000170732 0.000207434 0.00011691 9.65439e-05 0.000194908 0.00032162 9.99137e-05 0.000311117 0.000594265 0.000447509 0.000527754 0.000314109 0.000249819 0.000246373 0.000404924 0.000373865 0.00023892 0.000241235 0.000224974 0.000123492
threshold=0.99619708994709011 -0.00316705111900605 -0.010161151033734215 0.98908730158730152 1.6342330528183409 0.016862862939579951 0.016917423551010006 0.2466260309635632 -0.00026931926579198956 0.29136270493608807 0.040182340135603685 -0.14346393231943935 1.3758797838001238 -1.9485236636235714 1.2551216767261446 0.00033568312774759969 0.2721621025099053 1.0000000180025095e-35 -0.0059553602052248014 0.0073055280311786494 0.31316137566137553 1.3205198556779065 1.4186344870822916 -0.53188814710783927 0.45345215939755612 0.73115608710887303 -0.76636940543288723 1.7217644153587008 -0.57593913553483089 -0.020458293829192505
decision_type=2 10 10 2 10 10 10 10 10 10 10 10 10 8 10 10 8 10 10 10 2 10 10 10 10 10 10 10 2 10
left_child=3 8 -3 13 5 6 7 -5 -2 10 11 -4 -9 14 15 -1 23 18 22 20 -19 -20 -18 24 25 -15 27 -25 -28 -26
right_child=1 2 9 4 -6 -7 -8 12 -10 -11 -12 -13 -14 16 -16 -17 17 19 21 -21 -22 -23 -24 26 29 -27 28 -29 -30 -31
leaf_value=0.00013485199250444198 1.0311266979073509e-06 0 0 0 0 0 0 -0.00015154792326484807 -6.1966258565261469e-05 0 0 0.00014837025198121469 0 8.9610704966043458e-05 0 0 -8.3460814432794312e-08 0 8.3945814020364187e-05 0 -0.00010312398803254079 0 -6.0735727360969103e-05 2.6046674700437651e-05 1.2834356769424983e-06 0 -3.1231373439076049e-05 -5.5725131310232787e-05 0 -5.2114924129495871e-05
leaf_weight=84 111 59 31 38 48 26 31 92 78 31 83 95 25 324 71 59 1535 175 294 339 322 96 223 1156 83 71 799 64 2432 115
leaf_count=84 111 59 31 38 48 26 31 92 78 31 83 95 25 324 71 59 1535 175 294 339 322 96 223 1156 83 71 799 64 2432 115
internal_value=0 1.52453e-05 4.06762e-05 -8.189e-07 -3.43764e-05 -5.84442e-05 -7.72052e-05 -9.84592e-05 0 5.96422e-05 7.40989e-05 0.000111756 -0.00012477 0 3.33441e-05 7.11939e-05 -6.42747e-07 -8.3777e-06 0 -3.43622e-05 -6.5089e-05 5.74432e-05 -1.06241e-05 2.94202e-06 3.33483e-05 6.49725e-05 0 1.76548e-05 -8.19523e-06 -4.50164e-06
internal_weight=8990 488 299 8502 260 212 186 155 189 240 209 126 117 8242 214 143 8028 2984 2148 836 497 390 1758 5044 593 395 4451 1220 3231 198
internal_count=8990 488 299 8502 260 212 186 155 189 240 209 126 117 8242 214 143 8028 2984 2148 836 497 390 1758 5044 593 395 4451 1220 3231 198
is_linear=0
shrinkage=0.05


Tree=266
num_leaves=31
num_cat=0
split_feature=235 13 376 66 39 320 367 264 254 79 265 31 251 317 207 243 216 348 365 342 336 386 321 260 306 251 64 348 40 238
split_gain=4.81034e-05 0.000198685 0.000180479 0.000250881 0.000266997 0.000192863 0.000209172 0.000158977 0.000186111 0.00018742 0.000196116 0.000211595 0.000142601 0.000164102 0.00015421 0.000135739 0.000125147 0.000236185 0.000337112 0.000387852 0.000326627 0.000316413 0.00011665 0.000372477 0.000404894 0.000389125 0.000618481 0.000258821 0.000185205 0.000288999
threshold=1.1883832109402916 0.0033068783068781996 0.014929797102003929 1.0980400941797701 1.1994963174949851 0.023066727330868123 -0.41798941798941774 -0.55981031555032101 1.8238787657633087 0.91031161564184371 0.81273881368147627 0.018022486772486804 -0.81612349046916988 -0.087773041275845884 -1.1391316441506603 2.4833149397153078 -0.98327411895876227 0.0094325308020852278 -0.35333994708994693 0.0086994910479311089 -0.0072751322751313787 -0.01916079399327025 0.021111149028490265 0.86408438397402521 -0.00076760705118050765 -0.86960934655828304 -0.20538170982000248 -0.055687002268920364 0.12302960916026152 0.35280206997786534
decision_type=10 2 10 2 2 10 10 10 10 2 10 2 10 10 10 10 10 8 10 10 10 10 10 10 10 10 2 10 2 10
left_child=16 7 12 4 5 6 -4 -2 9 10 11 -9 -3 -14 -15 -16 17 18 -1 20 -20 -22 28 24 -24 -26 -27 -25 -18 -30
right_child=1 2 3 -5 -6 -7 -8 8 -10 -11 -12 -13 13 14 15 -17 22 -19 19 -21 21 -23 23 27 25 26 -28 -29 29 -31
leaf_value=0 0 -2.1298996062153651e-07 0 0 0 0 -0.00018531289901812327 0 0 0 0 0.00017003171289026449 0 0 8.8911197675097865e-05 0 -1.3914653687260208e-06 0 0 0 0 -0.00020716797532414715 0 0 0 -0.00016505054749252392 0 0.00010429730314304275 3.4794273112755311e-05 -2.4024631592051655e-06
leaf_weight=70 115 126 22 187 62 34 76 20 20 21 46 102 74 20 206 47 4844 311 38 142 38 101 170 35 83 165 108 79 1004 624
leaf_count=70 115 126 22 187 62 34 76 20 20 21 46 102 74 20 206 47 4844 311 38 142 38 101 170 35 83 165 108 79 1004 624
internal_value=0 9.4197e-06 0 -2.86841e-05 -6.96189e-05 -0.000110338 -0.000145976 4.30712e-05 6.91095e-05 8.79872e-05 0.00010722 0.000140864 1.70566e-05 3.77308e-05 5.75463e-05 7.13895e-05 -1.41876e-06 -2.16645e-05 -4.86005e-05 -7.43052e-05 -0.000124191 -0.000159709 0 -1.97052e-05 -4.28581e-05 -7.45404e-05 -0.000103957 4.32459e-05 2.57987e-06 1.74667e-05
internal_weight=8990 1178 854 381 194 132 98 324 209 189 168 122 473 347 273 253 7812 700 389 319 177 139 7112 640 526 356 273 114 6472 1628
internal_count=8990 1178 854 381 194 132 98 324 209 189 168 122 473 347 273 253 7812 700 389 319 177 139 7112 640 526 356 273 114 6472 1628
is_linear=0
shrinkage=0.05


Tree=267
num_leaves=31
num_cat=0
split_feature=73 275 254 382 329 65 269 349 303 355 216 203 224 351 232 370 237 378 380 348 351 275 266 254 329 75 265 228 77 247
split_gain=4.57935e-05 0.000189027 0.000271636 0.000262765 0.000489437 0.00032073 0.000368353 0.000253437 0.000331341 0.000562188 0.000374596 0.000247263 0.000278809 0.000347275 0.000237742 0.000358961 0.000289459 0.00029692 0.000332547 0.000247654 0.000284387 0.000252663 0.000205794 0.000368655 0.000173031 0.000172638 0.000162488 0.000153413 0.000152514 0.000178999
threshold=-0.27558098468965847 0.29040139500085099 -0.8604789238005488 0.12720981420759764 -0.025438478901795066 -0.12130233483913046 0.59250865903504091 -0.11224113296749105 -0.0003306878306878974 -0.034861841536600206 1.6248789096681844 0.88217808616387583 1.7926098953708054 0.065323343946797244 -0.93804807830296733 -0.093047611839783481 -0.41047778001187235 0.70687151159373218 -0.50974411809257625 -0.0017313563486860415 0.24466681721290554 0.88614558794192833 -0.16559410640652625 0.62863162979052178 -0.020997510525647019 0.6722883597883601 -1.1657854027506367 0.41167670195443085 0.21742724867724902 -0.8848679345244933
decision_type=2 10 10 10 10 2 10 10 10 10 10 10 10 10 10 10 10 10 10 10 10 10 10 10 10 2 10 10 2 10
left_child=1 2 3 4 -1 -6 -7 11 9 25 -11 -4 13 -13 19 26 -17 18 -18 20 21 -3 24 -24 -10 -9 -16 -21 29 -2
right_child=28 14 7 -5 5 6 -8 8 22 10 -12 12 -14 -15 15 16 17 -19 -20 27 -22 -23 23 -25 -26 -27 -28 -29 -30 -31
leaf_value=0 0 0 0 0 0 -0.00021256058728376826 0 2.631416738946026e-06 0 0.00016573290176934979 0 -0.00020626381152212024 0 0 -9.2100262046315517e-05 0 0 0 0.00011159627008434591 7.246806930919781e-05 0 -0.0001822636521744671 4.5171307036051589e-06 -7.6010855696781701e-05 5.6410601530069052e-05 -0.00010930197494268725 0 0 0 -3.6939795138270513e-05
leaf_weight=54 204 43 189 213 71 94 20 45 92 131 51 57 21 20 49 222 22 89 346 80 25 58 224 187 246 36 109 72 5285 635
leaf_count=54 204 43 189 213 71 94 20 45 92 131 51 57 21 20 49 222 22 89 346 80 25 58 224 187 246 36 109 72 5285 635
internal_value=0 5.17114e-06 -2.65365e-06 -3.78712e-05 -7.38873e-05 -0.000116886 -0.000170855 5.75379e-06 2.0628e-05 6.9176e-05 0.000120963 -2.92681e-05 -9.38525e-05 -0.000142295 2.19423e-05 3.66724e-05 5.44436e-05 7.73744e-05 9.72156e-05 -4.4253e-06 -6.82545e-05 -0.000113327 0 -1.99692e-05 3.21998e-05 0 -8.05907e-06 1.56227e-05 -2.48581e-06 -2.23494e-05
internal_weight=8990 2866 1751 452 239 185 114 1299 1012 263 182 287 98 77 1115 837 679 457 368 278 126 101 749 411 338 81 158 152 6124 839
internal_count=8990 2866 1751 452 239 185 114 1299 1012 263 182 287 98 77 1115 837 679 457 368 278 126 101 749 411 338 81 158 152 6124 839
is_linear=0
shrinkage=0.05


Tree=268
num_leaves=31
num_cat=0
split_feature=73 290 336 328 301 362 259 261 268 80 334 352 93 16 257 248 355 222 344 222 265 340 349 222 254 91 237 251 212 343
split_gain=4.45278e-05 0.00018137 0.000218466 0.000296241 0.000268953 0.000285238 0.000188786 0.000121687 0.000272394 0.000296019 0.000281816 0.000236091 0.000220009 0.000200347 0.000197474 0.000219983 0.000135513 0.000258522 0.000234294 0.000292071 0.000235125 0.000225696 0.000251552 0.000236924 0.000248677 0.000419753 0.000232779 0.000377873 0.000201498 0.000248473
threshold=0.90950323320320858 -0.00033068783068780015 -0.00066137566137419712 0.011529032537331676 -0.0039831962590901595 0.1185515873015875 -0.89998995503756041 0.27963537220144863 -0.065972814731338106 0.31365740740740705 -0.00089872651252888281 0.0059253445195851526 -0.72542265901605785 0.97654476314223759 -1.7918677973155377 -1.5578548705028148 -0.03289168634178951 -1.6124900945759029 -0.029757547757935304 -2.2123507380538219 0.65723857869288715 0.010110441419037443 0.0061024213695658478 1.1953718138586018 1.3592864618634042 1.1736775696600203 1.8021576043197238 -0.86960934655828304 1.6333418181568582 -0.001322751322752169
decision_type=2 8 10 10 10 10 10 10 10 2 10 10 2 2 10 10 10 10 10 10 10 10 10 10 10 2 10 10 10 10
left_child=7 2 -2 4 -4 6 -6 16 9 -9 -10 12 -11 14 -12 -16 17 18 -1 -20 -21 23 28 24 25 -18 -25 -28 29 -23
right_child=1 -3 3 -5 5 -7 -8 8 10 11 13 -13 -14 -15 15 -17 21 -19 19 20 -22 22 -24 26 -26 -27 27 -29 -30 -31
leaf_value=0 0 2.3107894924682148e-08 0 0 0 0 -0.00015343488592245113 1.3765042970909093e-05 0 0 0 0 -0.00013269244803239966 0 0 8.4686359407692581e-05 1.4775759433196849e-05 -8.7157707624176629e-07 0 0 -0.00021063534169596883 0 1.8143150256875891e-06 0 -1.7237594507367432e-05 9.4077778888980535e-05 0 -0.00013592431422673992 0 -9.0719045452807042e-05
leaf_weight=44 317 2029 40 154 24 36 156 314 414 32 78 117 105 67 66 451 1410 1259 57 71 64 64 298 430 197 249 36 86 83 242
leaf_count=44 317 2029 40 154 24 36 156 314 414 32 78 117 105 67 66 451 1410 1259 57 71 64 64 298 430 197 249 36 86 83 242
internal_value=0 -5.2964e-06 -2.70173e-05 -5.1244e-05 -8.42428e-05 -0.00010734 -0.000133358 2.33555e-06 1.42723e-05 -7.23593e-06 3.02721e-05 -5.28703e-05 -9.73951e-05 5.05323e-05 6.06849e-05 7.20616e-05 -8.5076e-07 -1.40436e-05 -6.31053e-05 -8.91265e-05 -0.000129227 3.90666e-06 -1.86756e-05 1.24262e-05 2.20207e-05 2.96969e-05 -1.07754e-05 -7.27403e-05 -4.72188e-05 -6.69318e-05
internal_weight=8990 2756 727 410 256 216 180 6234 1644 568 1076 254 137 662 595 517 4590 1495 236 192 135 3095 687 2408 1856 1659 552 122 389 306
internal_count=8990 2756 727 410 256 216 180 6234 1644 568 1076 254 137 662 595 517 4590 1495 236 192 135 3095 687 2408 1856 1659 552 122 389 306
is_linear=0
shrinkage=0.05


Tree=269
num_leaves=31
num_cat=0
split_feature=75 215 302 237 382 75 299 275 68 250 289 353 346 317 317 371 313 382 215 353 37 367 70 19 358 367 232 318 229 344
split_gain=4.50356e-05 0.000172875 0.000160176 0.000226234 0.00015898 0.000150092 0.000306284 0.000268481 0.00013304 0.00017836 0.000165125 0.000147886 0.000154895 0.000131647 0.000109697 0.00010207 9.64421e-05 0.000242906 0.000282609 0.00039871 0.00036546 0.000157256 0.000242796 0.000231652 0.000246489 0.000191918 0.000242397 0.000227229 0.000190431 0.000267024
threshold=0.87797619047619058 0.033569368848751412 0.11406282548614101 -0.94926769999451344 -1.7958674029350461 0.83763227513227512 0.081932564661039167 -0.35008330277029942 0.9196428571428571 -0.20310555356696988 -0.0045454858506261955 -0.13962115791986682 0.016534998041982472 -0.02179246185549549 -0.0025769400358650603 -1.9287532429067629 0.011054566386909494 1.0416584945583602 -0.82981903191915785 0.010325857590531019 1.226383789750334 0.34126984126984156 0.32423941798941808 -0.30898506311264345 0.080528059498066254 0.46643518518518562 0.92428719953502758 -0.15690608769421333 1.2882570510741627 -0.017372296302735981
decision_type=2 10 10 10 10 2 10 10 2 10 10 10 10 10 10 10 10 10 10 10 2 10 2 2 10 10 10 10 10 10
left_child=5 8 3 -3 -5 16 7 -7 9 -2 11 -11 -13 15 -10 -6 21 18 -18 20 -20 28 23 -23 -25 27 -27 -24 -1 -30
right_child=1 2 -4 4 13 6 -8 -9 14 10 -12 12 -14 -15 -16 -17 17 -19 19 -21 -22 22 25 24 -26 26 -28 -29 29 -31
leaf_value=0 0 0 0 0 0 0 0 -0.00013569080076395024 6.1074566028902953e-05 0 0 -0.00011707709314020049 0 0 0 0.00013400909918610609 0 1.6846410680974285e-05 -0.00019276501062982093 0 0 0 0 -8.5020806216484776e-05 0 4.9524756480113504e-05 -1.1345377806701809e-05 -8.0113939926617722e-05 -8.0951616049731113e-06 3.4975347930634732e-05
leaf_weight=4531 244 61 46 24 21 90 118 99 125 36 100 128 20 44 22 138 101 95 92 100 43 264 117 280 100 368 102 115 295 1071
leaf_count=4531 244 61 46 24 21 90 118 99 125 36 100 128 20 44 22 138 101 95 92 100 43 264 117 280 100 368 102 115 295 1071
internal_value=0 9.96003e-06 3.99151e-05 5.68993e-05 8.12257e-05 -1.25069e-06 -3.55318e-05 -7.80996e-05 0 -1.6294e-05 -4.54206e-05 -7.36612e-05 -9.61316e-05 9.66134e-05 3.6165e-05 0.000118255 0 -2.28487e-05 -4.89502e-05 -8.01917e-05 -0.000136267 1.48831e-06 -1.28777e-05 -3.58835e-05 -6.08735e-05 1.10795e-06 2.5679e-05 -2.71168e-05 5.61542e-06 2.20139e-05
internal_weight=8990 1009 334 288 227 7981 307 189 675 528 284 184 148 203 147 159 7674 431 336 235 135 7243 1346 644 380 702 470 232 5897 1366
internal_count=8990 1009 334 288 227 7981 307 189 675 528 284 184 148 203 147 159 7674 431 336 235 135 7243 1346 644 380 702 470 232 5897 1366
is_linear=0
shrinkage=0.05


Tree=270
num_leaves=31
num_cat=0
split_feature=73 362 292 247 299 255 252 354 283 342 287 38 384 386 350 204 380 210 73 78 376 372 376 381 217 239 366 315 376 22
split_gain=4.70196e-05 0.000202622 0.000352023 0.000289396 0.000292343 0.000212379 0.000127185 0.000256292 0.000325229 0.000362325 0.000306974 0.000269615 0.000180603 0.000124827 0.000150776 0.000149655 0.000107338 0.000166423 0.000222435 0.00020739 0.000189722 0.000135892 0.000303832 0.000377296 0.000320265 0.000219978 0.000315545 0.000262028 0.000253324 0.000342473
threshold=-1.6922687424744647 -0.018187830687829972 -0.00033068783068779993 0.67468202387960419 -0.26295166929115937 -2.6519984902688902 -0.94501539226096909 -0.071014579566095123 -0.0013312483382882862 -0.028922957360522528 0.00034686092268634497 -0.54671677872849755 0.19507072865934019 0.012408091378454946 0.043954355184804068 -0.47589894982879644 -0.18344885073933712 -0.59964428124015823 0.46995292955260709 0.46064814814814797 0.22893977590224196 0.011538676934565008 0.12295745109645724 -1.3264497960820278 -0.024176043561716185 0.13382610803507963 -0.17826558645399451 -0.032610005145501435 0.015616864774421148 -0.72498115860291301
decision_type=2 10 10 10 10 10 10 8 8 10 10 2 10 10 10 10 10 10 2 2 10 10 10 10 10 10 10 10 10 2
left_child=1 5 3 4 -3 -1 7 12 9 -9 11 -11 -2 15 -15 -7 17 18 19 -8 -21 25 23 -23 -25 28 -27 -28 29 -18
right_child=6 2 -4 -5 -6 13 16 8 -10 10 -12 -13 -14 14 -16 -17 21 -19 -20 20 -22 22 -24 24 -26 26 27 -29 -30 -31
leaf_value=-0.00015947707298432994 0 0 0 0 0.00017696020363729638 0.00012888022363656307 0 0 0 0 0 -0.00015346489199881747 7.539668724607264e-05 0 -0.00012355274478930678 0 4.8033071589421659e-05 0 0 0.00015482948028807018 0 -2.923835419124904e-06 -9.9595946415099323e-06 0.00011826077822690839 0 0 0 -5.696253242487488e-05 -2.3265174775707333e-05 0
leaf_weight=21 177 34 99 60 94 39 91 69 404 75 49 173 87 70 27 26 456 773 97 93 62 93 277 194 166 615 230 647 809 2883
leaf_count=21 177 34 99 60 94 39 91 69 404 75 49 173 87 70 27 26 456 773 97 93 62 93 277 194 166 615 230 647 809 2883
internal_value=0 1.53978e-05 4.61822e-05 8.9073e-05 0.000131522 -5.57297e-06 -8.45578e-07 -1.75718e-05 -3.44961e-05 -6.87317e-05 -9.41809e-05 -0.000117112 1.28527e-05 0 -1.94545e-05 6.5032e-05 7.97025e-07 1.54636e-05 4.46151e-05 7.09553e-05 0.000106449 -9.87783e-07 1.81082e-05 4.63046e-05 7.29043e-05 -4.34622e-06 -2.09635e-05 -4.05834e-05 4.25873e-07 7.66387e-06
internal_weight=8990 470 287 188 128 183 8520 1034 770 366 297 248 264 162 97 65 7486 1116 343 246 155 6370 730 453 360 5640 1492 877 4148 3339
internal_count=8990 470 287 188 128 183 8520 1034 770 366 297 248 264 162 97 65 7486 1116 343 246 155 6370 730 453 360 5640 1492 877 4148 3339
is_linear=0
shrinkage=0.05


Tree=271
num_leaves=31
num_cat=0
split_feature=353 266 68 347 64 344 43 339 297 53 323 341 60 279 352 347 60 322 265 347 238 46 87 53 87 365 349 41 275 34
split_gain=4.46346e-05 0.000256858 0.000332198 0.000224983 0.000407539 0.000339335 0.000321041 0.000136675 0.000141794 0.000128217 0.00012494 0.00011146 0.000393779 0.00021642 0.000323061 0.000169669 0.000134212 0.000132022 0.000278007 0.000290586 0.000235027 0.000271278 0.000201048 0.000208206 0.000214562 0.000199506 0.000290166 0.00023671 0.000198957 0.000196308
threshold=-0.19715370743052982 1.0000000180025095e-35 0.041170634920634906 -0.0036564986323049937 0.22527994715234254 -0.0040322635279386168 -0.79999164910652898 0.0014174375287787507 0.00078372485845948369 0.37512715180891354 -0.010052633175557267 -0.016534391534391037 0.63508597883597917 -0.93433673291524744 -0.052182303044016713 0.011657975595049998 0.13244047619047603 0.0094871574666130169 -0.39005802303447284 -0.024243145557690134 -2.1284998876220649 0.46478174603174605 0.38591269841269854 0.72153887619360857 0.13062169312169303 -0.31944444444444448 0.049464848293961312 1.1155598725976152 -0.78105190659285884 0.65542328042328102
decision_type=8 10 2 10 2 10 2 10 10 2 10 10 2 10 10 10 2 10 10 10 10 2 2 2 2 10 10 2 10 2
left_child=1 2 -1 9 5 -5 -7 -4 -9 -3 -11 12 13 -2 -15 -14 -16 25 19 -19 -21 -22 23 24 -20 26 27 28 -13 -24
right_child=11 3 7 4 -6 6 -8 8 -10 10 -12 17 15 14 16 -17 -18 18 22 20 21 -23 29 -25 -26 -27 -28 -29 -30 -31
leaf_value=-0.00016061873994826267 0 0 0 0 0 0.00019748971173473996 0 -8.0283672961917979e-05 0 -0.00013621262747141782 0 0 0 0 0 -0.00013405710755127565 0.00015309480397996376 1.0483352645204926e-06 0 0 -9.6012045380262483e-05 0 0 -2.2560105913419671e-05 7.1687254351640247e-05 0 -1.128312474530908e-06 0 8.8746901728628582e-05 -5.9921261067021562e-05
leaf_weight=59 66 56 236 58 167 80 28 112 24 41 35 121 133 45 27 25 125 79 202 21 320 116 459 64 259 4953 345 241 302 191
leaf_count=59 66 56 236 58 167 80 28 112 24 41 35 121 133 45 27 25 125 79 202 21 320 116 459 64 259 4953 345 241 302 191
internal_value=0 -1.05593e-05 -4.08832e-05 6.79972e-06 3.69299e-05 9.41752e-05 0.000146544 -8.41752e-06 -5.20026e-05 -3.13309e-05 -7.69162e-05 1.20089e-06 2.62572e-05 6.88689e-05 9.52689e-05 -1.30456e-05 0.000130658 0 -1.24123e-05 -4.22868e-05 -6.07151e-05 -7.21884e-05 0 2.41888e-05 4.1526e-05 3.33807e-06 2.36665e-05 4.40765e-05 6.66934e-05 -1.73362e-05
internal_weight=8990 896 431 465 333 166 108 372 136 132 76 8094 421 263 197 158 152 7673 1711 536 457 436 1175 525 461 5962 1009 664 423 650
internal_count=8990 896 431 465 333 166 108 372 136 132 76 8094 421 263 197 158 152 7673 1711 536 457 436 1175 525 461 5962 1009 664 423 650
is_linear=0
shrinkage=0.05


Tree=272
num_leaves=31
num_cat=0
split_feature=208 378 304 377 14 322 249 332 383 320 284 315 277 63 62 69 77 19 362 23 273 336 300 65 297 198 65 249 244 65
split_gain=4.77602e-05 0.000248943 0.000249325 0.000257039 0.000354919 0.000335972 0.000247834 0.000234835 0.000453163 0.000648729 0.000672333 0.00038839 0.000197425 0.000294002 0.000346576 0.000261407 0.000177362 0.000147402 0.000306073 0.000442934 0.000439982 0.000575805 0.000394711 0.000164602 0.00031163 0.000309916 0.000312148 0.000179421 0.000147065 0.000146562
threshold=-1.3097646345338529 0.45417533635604962 -0.010204435815602595 0.056732882062105812 0.0071097883597883013 0.036365642598339194 2.64977103495896 0.011404326477371886 -0.024130814444709766 0.012322360603418849 -0.00033068783068799368 -0.058374244183816891 -0.86768215939589399 0.44725529100529104 0.22503306878306903 -0.58666571883519536 0.45982142857142855 0.61109025803892714 -0.043154761904761495 0.0028108465608465004 2.182641884487492 -0.0072751322751319963 -0.13610686127340613 0.038434185459380314 0.0025778634849449315 -1.2267046928174801 -0.52547780688453738 0.82891747648144931 2.5763078122183471 0.17980472632248304
decision_type=8 10 10 10 2 10 10 10 10 10 10 10 10 2 2 2 2 2 10 2 10 10 10 2 10 10 2 10 10 2
left_child=1 7 3 4 5 6 -3 8 9 10 -1 -12 15 -14 -15 16 -10 29 23 -20 21 -21 -23 24 25 -19 -27 -25 -4 -2
right_child=17 2 28 -5 -6 -7 -8 -9 12 -11 11 -13 13 14 -16 -17 -18 18 19 20 -22 22 -24 27 -26 26 -28 -29 -30 -31
leaf_value=0 -1.0674348364705104e-06 -0.00015081371889411846 8.8576557990363686e-05 0 0 0 0 -8.2179655934347599e-06 0 0 0 0.00020906808601608894 0 0 0.00012012995348096806 0 -0.00020036682998884631 0 0 0 0 0 -0.00015417300594313278 -0.00012467085622277984 -3.3072784299605282e-06 0 0.00016411418085385848 0 0 3.204173254878918e-05
leaf_weight=93 6114 164 54 87 48 20 20 272 35 137 29 149 201 83 129 137 33 38 151 61 44 29 243 31 29 21 101 55 32 350
leaf_count=93 6114 164 54 87 48 20 20 272 35 137 29 149 201 83 129 137 33 38 151 61 44 29 243 31 29 21 101 55 32 350
internal_value=0 7.46279e-06 -2.03757e-05 -4.68093e-05 -7.41367e-05 -0.000105528 -0.000130032 2.04305e-05 3.28983e-05 7.41438e-05 0.000119406 0.000176466 0 2.51658e-05 6.85482e-05 -3.36283e-05 -0.000114028 -1.7958e-06 -2.20915e-05 -4.65581e-05 -7.72793e-05 -0.000100315 -0.000132701 6.70906e-06 4.53588e-05 8.54066e-05 0.000126135 -2.01125e-05 2.56834e-05 0
internal_weight=8990 1723 425 339 252 204 184 1298 1026 408 271 178 618 413 212 205 68 7267 803 528 377 333 272 275 189 160 122 86 86 6464
internal_count=8990 1723 425 339 252 204 184 1298 1026 408 271 178 618 413 212 205 68 7267 803 528 377 333 272 275 189 160 122 86 86 6464
is_linear=0
shrinkage=0.05


Tree=273
num_leaves=31
num_cat=0
split_feature=206 374 352 16 299 257 374 384 245 203 212 13 285 350 326 251 368 340 354 324 335 271 276 245 330 80 39 12 249 227
split_gain=4.55236e-05 0.000222105 0.000329636 0.000330869 0.00032226 0.000201349 0.000228955 0.000204883 0.000174887 0.000157401 0.000181705 0.000145121 0.000130389 0.000227611 0.000214438 0.000200957 0.000198183 0.000231453 0.000127464 0.000211583 0.0002094 0.000295167 0.000212712 0.000218733 0.000156953 0.000183538 0.000162993 0.000158642 0.000219602 0.000239467
threshold=1.4964110507305139 0.0026755880775580893 0.017765543123176911 -0.37261768403493162 -0.51488938880278623 0.61079700727765174 0.085638523591839336 0.46880005233772232 1.4183121321531658 -1.2705714963951695 -2.5612220834515802 0.0028108465608465004 -0.0012936617824760297 -0.02007045514852834 -0.11920968613992859 1.2534063412607894 0.29460107386058232 -0.0039034255374866818 -0.22014479847951776 0.028100740226453428 -0.051981364628984943 0.83220207323293738 -1.3314789178266253 1.6345490680061781 0.11687696438311233 0.64930555555555547 1.1035922037106702 0.0011574074074073503 -0.79099801885712495 0.40737709566110997
decision_type=8 8 10 2 10 10 8 10 10 10 10 2 10 8 10 10 10 10 10 10 10 10 10 10 10 2 2 2 10 10
left_child=18 2 12 -4 -5 6 7 8 11 -6 -11 -3 16 14 -14 -16 -2 -18 19 20 -1 22 -22 -24 27 26 -26 28 -20 -30
right_child=1 5 3 4 9 -7 -8 -9 -10 10 -12 -13 13 -15 15 -17 17 -19 24 -21 21 -23 23 -25 25 -27 -28 -29 29 -31
leaf_value=0 0 0 0 0 0 -9.3034749111836216e-06 0 0 0 0 -0.00018263987479729952 0.0001500951815035671 0 0 -0.000144844680677631 0 0 0.00013917249919599871 0 0 0 0 0.0001730073140408828 0 -0.00012357392528723719 0 0 -1.1958096199599455e-08 0.00010630310075502759 0
leaf_weight=51 86 25 55 31 24 286 137 34 26 22 117 107 44 231 85 43 23 63 99 245 39 81 107 36 82 59 20 6534 137 61
leaf_count=51 86 25 55 31 24 286 137 34 26 22 117 107 44 231 85 43 23 63 99 245 39 81 107 36 82 59 20 6534 137 61
internal_value=0 -8.15849e-06 -2.70156e-05 -7.56493e-05 -0.000107731 8.97854e-06 4.00621e-05 7.56916e-05 0.000101 -0.000136936 -0.00015753 0.000124574 0 -2.10067e-05 -6.58784e-05 -0.000100078 2.93344e-05 8.64549e-05 1.54485e-06 2.45394e-05 5.24969e-05 7.26628e-05 0.000108077 0.000136309 0 -4.90368e-05 -9.10397e-05 8.5566e-07 3.67662e-05 6.92722e-05
internal_weight=8990 1439 824 249 194 615 329 192 158 163 139 132 575 403 172 128 172 86 7551 559 314 263 182 143 6992 161 102 6831 297 198
internal_count=8990 1439 824 249 194 615 329 192 158 163 139 132 575 403 172 128 172 86 7551 559 314 263 182 143 6992 161 102 6831 297 198
is_linear=0
shrinkage=0.05


Tree=274
num_leaves=31
num_cat=0
split_feature=222 222 207 245 361 248 322 237 229 320 386 342 379 351 89 87 76 310 238 242 369 9 49 387 266 299 92 378 60 313
split_gain=4.42425e-05 0.00019305 0.000186505 0.000239634 0.000237895 0.000218584 0.000302916 0.000152667 0.000364339 0.000447948 0.000332754 0.000363267 0.000308091 0.000263469 0.000232311 0.000178396 0.000168758 0.000218825 0.000146357 0.000252095 0.000381672 0.000267958 0.000227817 0.000231734 0.000290447 0.000190311 0.000284304 0.000264512 0.000153852 0.000149605
threshold=1.0000000180025095e-35 0.82194764188019043 2.2031332600138804 0.26530675794076647 0.72343076311691912 1.5708263578129207 0.020401005454233293 0.080224345442807446 -0.4779732821615052 0.0084951548468055766 -0.28800731117332062 -0.10228466793890588 1.1236178974320443 -0.019805519367230181 -0.29282657657701694 0.13458994708994701 -1.0009814357358249 0.00033121559133997286 -0.37757815763393937 0.62174476118253319 -0.079775265272853238 1.8284832212013502 -0.76495604452237831 -0.35511308556785565 -1.7307133016513079 -0.19575330833843743 0.19394841269841309 0.0059463186931804088 0.47900132275132307 -0.0049589921413313856
decision_type=10 10 10 10 10 10 10 8 8 8 10 10 10 10 2 2 2 10 10 10 10 2 2 10 10 10 2 8 2 10
left_child=7 2 3 4 5 6 -2 16 13 10 -10 -12 -13 14 -9 -16 17 -1 22 25 -21 -22 29 28 -25 26 -20 -27 -24 -18
right_child=1 -3 -4 -5 -6 -7 -8 8 9 -11 11 12 -14 -15 15 -17 18 -19 19 20 21 -23 23 24 -26 27 -28 -29 -30 -31
leaf_value=0.00010173446950755691 0.00011151023175925193 -1.5720084935332184e-06 -3.5368331957139312e-05 0 0 0 0 0 0 0 0 -0.00010929348429536465 0 -7.1948353758707044e-06 0 0.0001206832449746912 0 0 0 0 -9.11615721976061e-05 0 0 -7.7480804346455005e-06 5.4715245949065551e-05 0 -8.5169044155355151e-05 4.4356332126352997e-05 -9.493448761746951e-05 -7.5410924286218578e-05
leaf_weight=94 277 2302 50 523 38 59 76 72 37 386 84 412 20 351 30 117 118 57 233 191 286 87 24 80 670 1658 151 382 46 79
leaf_count=94 277 2302 50 523 38 59 76 72 37 386 84 412 20 351 30 117 118 57 233 191 286 87 24 80 670 1658 151 382 46 79
internal_value=0 4.50583e-06 2.30684e-05 3.12128e-05 5.86283e-05 7.20931e-05 8.72552e-05 -2.7582e-06 -1.66786e-05 -3.70975e-05 -6.60408e-05 -7.92838e-05 -9.80289e-05 8.18899e-06 5.56579e-05 9.25324e-05 1.09339e-06 5.31512e-05 0 -6.42376e-06 -3.6549e-05 -6.76543e-05 1.54438e-05 2.9964e-05 4.13866e-05 0 -3.16714e-05 6.66019e-06 -2.0978e-05 -1.96123e-05
internal_weight=8990 3325 1023 973 450 412 353 5665 1509 939 553 516 432 570 219 147 4156 151 4005 2988 564 373 1017 820 750 2424 384 2040 70 197
internal_count=8990 3325 1023 973 450 412 353 5665 1509 939 553 516 432 570 219 147 4156 151 4005 2988 564 373 1017 820 750 2424 384 2040 70 197
is_linear=0
shrinkage=0.05


Tree=275
num_leaves=31
num_cat=0
split_feature=239 370 351 209 374 57 323 329 295 374 302 376 379 334 38 273 197 371 267 307 357 274 379 348 57 212 345 238 301 317
split_gain=4.35299e-05 0.000186867 0.000202462 0.000212887 0.000159304 0.000178629 0.000180081 0.000145771 0.000126268 0.000102793 0.000107879 0.000125681 0.000100309 0.000295847 0.000216959 0.000260719 0.00026165 0.000172439 0.000285445 0.000249061 0.000230475 0.000177216 0.000359331 0.000139638 0.000173112 0.000292314 0.000148433 0.000144299 0.000251416 0.000496717
threshold=-1.3932140575762821 -1.0000000180025095e-35 -0.013137271449768948 -2.1259642656844808 -0.082844317708039003 2.1813261279090006 -0.63619214101738342 -0.015026940575932178 -0.0017182147492889042 -0.0083264427765539061 -0.036492564826411458 0.087817215287019912 -0.78151816936606766 -0.0069710404379573739 -1.1675805499812799 -1.2288962843623794 1.9260530160404321 0.99898494636070956 0.079771708659866533 -0.00033068783068780015 -0.00033068783068800062 -1.0640157527071072 -1.3482719704871777 -0.39174725364107255 2.2393036753832756 -1.4609819071013213 0.0098379629629624949 -2.1284998876220649 0.00028618292617754731 -0.067778556514804897
decision_type=10 10 10 10 10 2 10 10 10 10 10 10 10 10 2 10 10 10 10 10 10 10 8 10 2 10 10 10 10 10
left_child=1 7 -3 -4 -5 6 -6 9 -9 -1 -11 -12 13 14 -2 -16 -17 20 19 -19 -15 -22 -23 24 25 -14 -27 28 29 -25
right_child=12 2 3 4 5 -7 -8 8 -10 10 11 -13 23 17 15 16 -18 18 -20 -21 21 22 -24 27 -26 26 -28 -29 -30 -31
leaf_value=0 0 0 0 0 0 0 -0.00015896235715830078 0 7.4423510879829491e-05 0 -0.00010976923745828509 0 0 -6.5787272768835058e-06 0 0.00014739854863826633 0 0 0 -0.00021787682475042956 0 0 0.00014217185239229893 0 0 -0.00013573704007037779 0 -8.005043676260229e-08 0 0.00013102893749688453
leaf_weight=92 51 262 79 38 29 22 114 66 125 31 70 21 81 198 30 131 20 33 30 36 44 49 97 73 37 102 23 6813 63 130
leaf_count=92 51 262 79 38 29 22 114 66 125 31 70 21 81 198 30 131 20 33 30 36 44 49 97 73 37 102 23 6813 63 130
internal_value=0 -1.0224e-05 -3.17878e-05 -6.11814e-05 -8.84286e-05 -0.000109689 -0.000130392 6.39867e-06 4.44303e-05 -4.19679e-06 -4.62124e-05 -7.6307e-05 1.09347e-06 1.90289e-05 6.56392e-05 9.22867e-05 0.000120505 0 -6.17123e-05 -0.000125655 1.17613e-05 5.71688e-05 8.53522e-05 0 -3.77536e-05 -6.14904e-05 -0.000109867 6.05571e-07 3.69496e-05 6.9882e-05
internal_weight=8990 949 544 282 203 165 143 405 191 214 122 91 8041 719 232 181 151 487 99 69 388 190 146 7322 243 206 125 7079 266 203
internal_count=8990 949 544 282 203 165 143 405 191 214 122 91 8041 719 232 181 151 487 99 69 388 190 146 7322 243 206 125 7079 266 203
is_linear=0
shrinkage=0.05


Tree=276
num_leaves=31
num_cat=0
split_feature=214 278 69 322 75 64 336 331 251 80 286 307 265 72 63 15 350 206 331 295 29 303 19 387 44 203 36 385 273 274
split_gain=4.79859e-05 0.000204016 0.00024567 0.000221093 0.000178559 9.23985e-05 0.000258585 0.000287778 0.000379918 0.000393129 0.000374993 0.00038429 0.000404015 0.000338848 0.00026306 0.000326936 0.000354225 0.000363757 0.000204418 0.000298826 0.000262972 0.00020462 0.000230399 0.000201521 0.000301332 0.000258508 0.000175912 0.000173548 0.000433067 0.00035612
threshold=1.1336508668427956 0.13806210074931966 0.9910897685198059 0.0092627096658543535 0.29530423280423307 -0.5526378149978064 -0.006613756613757348 -0.0093519265032431225 0.2721621025099053 0.88062169312169314 -0.00033068783068780069 -0.00033068783068779993 1.0488305588770201 0.60894418357825308 0.72238756613756616 0.90021494708994643 -0.30215018170403191 -1.5309228800361385 0.0021438372676976241 0.00034590108608834399 0.99520502645502662 0.0006613756613756042 -0.34755136339842896 -0.049788371776486394 0.26240079365079405 -0.16549488081406807 0.87946428571428659 -0.49455342731126067 0.5358052954713769 -1.0937013983319865
decision_type=8 10 2 10 2 2 10 10 10 2 10 10 10 2 2 2 10 10 10 10 2 10 2 10 2 10 2 10 10 10
left_child=5 -2 3 4 -3 6 14 8 27 13 11 -9 -13 -10 15 16 -1 -18 26 20 21 22 -20 25 -25 -12 -7 29 -29 -8
right_child=1 2 -4 -5 -6 18 7 10 9 -11 23 12 -14 -15 -16 -17 17 -19 19 -21 -22 -23 -24 24 -26 -27 -28 28 -30 -31
leaf_value=0 0 0 0 0 -0.00019639717856942629 0 0 0 -0.00013512199517472058 0 0 0.00013305605518626731 0 0 0 0 0 0.00014606483693968723 -1.277360397804059e-05 1.9921606179277483e-06 1.0476137237236067e-05 0 -6.9482491951015308e-05 -6.3664430280573208e-05 0 8.1722621920150159e-05 2.774606429854159e-05 -3.8167438514185234e-06 0.00010439094782616653 -0.00010839008364759089
leaf_weight=77 140 20 35 40 58 2655 38 267 179 25 101 177 67 28 186 61 58 193 654 1227 184 117 583 254 421 131 683 118 117 96
leaf_count=77 140 20 35 40 58 2655 38 267 179 25 101 177 67 28 186 61 58 193 654 1227 184 117 583 254 421 131 683 118 117 96
internal_value=0 -2.00375e-05 -6.40318e-05 -0.000102546 -0.000151587 5.12509e-07 8.85419e-06 0 -2.85588e-05 -7.87684e-05 1.27127e-05 4.77348e-05 9.33101e-05 -0.000108162 3.8441e-05 6.22437e-05 8.41767e-05 0.000113072 -2.21384e-06 -1.28257e-05 -2.78974e-05 -3.6805e-05 -4.35458e-05 -1.50957e-06 -2.02406e-05 3.14309e-05 5.07868e-06 0 2.88108e-05 -4.21922e-05
internal_weight=8990 293 153 118 78 8697 2594 2019 601 232 1418 511 244 207 575 389 328 251 6103 2765 1538 1354 1237 907 675 232 3338 369 235 134
internal_count=8990 293 153 118 78 8697 2594 2019 601 232 1418 511 244 207 575 389 328 251 6103 2765 1538 1354 1237 907 675 232 3338 369 235 134
is_linear=0
shrinkage=0.05


Tree=277
num_leaves=31
num_cat=0
split_feature=319 375 316 250 331 238 267 282 298 324 85 303 299 351 277 234 375 238 331 378 274 25 272 18 207 307 67 376 59 327
split_gain=4.38104e-05 0.000181704 0.000270937 0.000260716 0.000248614 0.000281081 0.000282728 0.000246255 0.00028545 0.000259166 0.000182396 0.000271499 0.000319485 0.000441476 0.000173385 0.000168896 0.00013138 0.000367002 0.000327961 0.000335704 0.000625972 0.000189986 0.000182514 0.000401417 0.000367562 0.000284038 0.000208691 0.000509256 0.000405549 0.000365575
threshold=-0.0065644465265026755 0.21888654373702379 0.012336353597733331 -0.12092986660528472 0.0027356186647530261 -0.39503926434546172 -1.0898458141585043 -0.0012079030881544937 0.0019173651037799335 -0.16979978113649616 -0.33699041367839344 -0.00033068783068779961 -0.44279416747988992 -0.40362623016780091 1.2200762883994771 2.3586636656120681 0.2027224538096474 -0.17710603676157777 -0.058697603213000431 0.37957789525407171 0.81790484103228001 0.010085978835978851 1.7217644153584557 -0.12299280996823998 -0.60273462447492621 -0.00033068783068784796 1.3867642116343952 -0.026351583306498779 -0.20954694706089796 -0.16372210540456292
decision_type=8 10 10 10 10 10 10 10 10 10 2 10 10 10 10 10 8 8 10 10 10 2 10 2 10 10 2 10 2 10
left_child=1 3 7 4 5 6 -1 8 9 -3 -5 12 -12 -14 -11 -8 22 18 -18 20 21 -20 26 24 -24 -26 27 -2 29 -29
right_child=16 2 -4 10 -6 -7 15 -9 -10 14 11 -13 13 -15 -16 -17 17 -19 19 -21 -22 -23 23 -25 25 -27 -28 28 -30 -31
leaf_value=0 1.7406886284357427e-05 0 0 0 0 0 0.00016227965290341301 0 0 -0.00019952231440644906 0 0 0 -0.00011411666348469799 0 0 0 0 0 0 0 0.00018381429962704206 0 0 0 0.0002104213546037831 0 0 0 -9.7736045016421242e-05
leaf_weight=23 262 23 67 533 466 276 106 81 42 91 62 134 36 257 28 21 35 489 25 79 44 147 128 419 30 68 4456 47 126 389
leaf_count=23 262 23 67 533 466 276 106 81 42 91 62 134 36 257 28 21 35 489 25 79 44 147 128 419 30 68 4456 47 126 389
internal_value=0 -6.12892e-06 -4.02727e-05 0 1.95457e-05 4.75237e-05 0.000105323 -6.77262e-05 -9.97446e-05 -0.000133834 -1.74428e-05 -3.95994e-05 -6.38066e-05 -8.75073e-05 -0.00016374 0.000136607 1.93127e-06 2.07774e-05 6.20539e-05 8.41771e-05 0.000116447 0.000161616 0 2.43576e-05 7.83023e-05 0.000153291 -3.73234e-06 -2.68764e-05 -5.64155e-05 -8.01695e-05
internal_weight=8990 2246 332 1914 892 426 150 265 184 142 1022 489 355 293 119 127 6744 819 330 295 216 172 5925 645 226 98 5280 824 562 436
internal_count=8990 2246 332 1914 892 426 150 265 184 142 1022 489 355 293 119 127 6744 819 330 295 216 172 5925 645 226 98 5280 824 562 436
is_linear=0
shrinkage=0.05


Tree=278
num_leaves=31
num_cat=0
split_feature=69 251 19 331 334 50 314 333 376 276 206 62 250 253 326 322 350 47 359 308 263 331 385 350 19 207 329 345 229 319
split_gain=4.48857e-05 0.00039437 0.000357092 0.000328514 0.000405134 0.000380955 0.000297829 0.000169725 0.000175865 0.000198738 0.000159115 0.000111557 0.00024704 0.000275017 0.000217679 0.000217535 0.000152253 0.00017986 0.000156604 0.00013923 0.000243298 0.000216102 0.000191749 0.000233002 0.000127991 0.000104329 0.000326436 0.000266337 0.000368047 0.000313672
threshold=-1.0709115254994948 0.92326139852944467 0.55277043742351162 -0.015012879024014601 -0.0071186792421532438 1.0895091726332853 0.025784262229413327 -0.0062830687830689727 0.019160234062182705 0.82561383416880407 -1.9553897446773325 0.78951719576719614 1.0798652016232011 -0.15992856611799508 -0.085290876091780751 0.012566138610100254 -0.044391377197636077 0.96808862433862408 0.019912231349486543 -0.012346306295184515 0.10591353542307884 0.020263040675118863 -0.69708694044935982 0.095782340659818846 -0.45492007629590842 -0.70725126113839198 -0.020623264192081932 -0.0033068783068799785 1.9094181679308309 -0.0030796305328645436
decision_type=2 10 2 10 10 2 10 10 10 10 10 2 10 10 10 10 10 2 10 10 10 10 10 10 2 10 10 10 10 10
left_child=1 3 -3 4 -1 10 -4 8 9 -5 -6 25 13 -13 -15 19 -17 18 -18 22 -21 -22 -14 -24 -16 -2 -27 28 29 -28
right_child=11 2 6 7 5 -7 -8 -9 -10 -11 -12 12 15 14 24 16 17 -19 -20 20 21 -23 23 -25 -26 26 27 -29 -30 -31
leaf_value=0 -8.9297959011930709e-06 0 -0.00019064323316438515 0.00015570289383658146 0 0 0 -3.1385816388616853e-06 0 0 0.00022951813458967231 0 0 0 0 0 -0.00013429027047180884 0 0 4.689875322013388e-06 -7.8792767580992325e-05 0 7.237953333568648e-05 0 -0.00025014334240370926 3.2633601972150015e-05 -8.3604064921640012e-05 5.6626805758502326e-06 2.9766537469233703e-05 -1.1871741061344759e-06
leaf_weight=40 1679 102 55 56 27 34 26 405 59 21 74 70 151 22 28 33 98 26 24 359 191 25 261 67 39 890 306 3275 141 406
leaf_count=40 1679 102 55 56 27 34 26 405 59 21 74 70 151 22 28 33 98 26 24 359 191 25 261 67 39 890 306 3275 141 406
internal_value=0 1.06398e-05 -4.46662e-05 3.17618e-05 9.37958e-05 0.000137475 -0.000124547 2.44126e-06 5.57855e-05 0.000105811 0.000186214 -1.13546e-06 -1.42837e-05 -7.49957e-05 -0.000133265 -2.4136e-06 -5.49751e-05 -7.91567e-05 -0.00010622 1.87359e-06 -8.92456e-06 -5.46814e-05 2.52713e-05 4.89245e-05 -0.000178024 8.54958e-07 5.1254e-06 0 -2.56397e-05 -4.36362e-05
internal_weight=8990 899 183 716 175 135 81 541 136 77 101 8091 1394 159 89 1235 181 148 122 1054 575 216 479 328 67 6697 5018 4128 853 712
internal_count=8990 899 183 716 175 135 81 541 136 77 101 8091 1394 159 89 1235 181 148 122 1054 575 216 479 328 67 6697 5018 4128 853 712
is_linear=0
shrinkage=0.05


Tree=279
num_leaves=31
num_cat=0
split_feature=369 246 331 77 27 383 319 218 322 209 334 353 296 267 332 231 239 371 64 382 369 224 306 295 221 383 295 279 279 264
split_gain=4.42732e-05 0.000179809 0.000174196 0.000217225 0.000117314 9.66532e-05 0.000279896 0.000357091 0.000265465 0.00028794 0.000232005 0.000166167 0.000243389 0.000248629 0.000226639 0.000147162 0.000254146 0.000208594 0.000278519 0.000197996 0.000195741 0.000372733 0.000234298 0.00022383 0.000148274 0.000192571 0.00025543 0.000171808 0.00039163 0.000165647
threshold=-0.89996147956708061 1.5233277226925399 0.013669723306250161 0.45750661375661406 -1.2108075119241899 -0.35835220668038587 0.0014854082524989878 -0.41243631433564759 0.012990459086992147 1.9146433704449362 0.035343732943491531 0.10114094161563371 -0.00061133701591803413 -0.64107506916706847 -0.007074489120628801 1.7930641716626743 -0.82237795053974161 2.4471551698243377 -0.054274626113978895 -1.9121708717746497 -0.18525597296362953 0.21302180721675393 -0.0071453601687451176 -0.019664524823270687 -1.6692618743099126 0.076910103782901876 0.00037230083626328686 1.0596505484087662 1.2189996539064341 -1.0828439265521934
decision_type=8 10 10 2 2 10 10 10 10 10 10 10 10 8 8 10 10 10 2 10 10 10 10 10 10 10 10 10 10 10
left_child=1 2 3 -1 -5 6 11 -8 9 10 -9 12 -2 -14 -15 20 -17 18 19 -18 21 22 -7 -24 25 26 -22 29 -29 -26
right_child=5 -3 -4 4 -6 15 7 8 -10 -11 -12 -13 13 14 -16 16 17 -19 -20 -21 24 -23 23 -25 27 -27 -28 28 -30 -31
leaf_value=0 2.466924949752891e-05 0 0 0 -0.00014740630582908798 0 0 0.00016463724902388043 0 0 0 4.5689219458372986e-05 -0.00014366447520844049 -4.5399859980788835e-05 1.5527270427941625e-05 -5.3023164625459879e-06 0 0 0 0.00013098459851265264 0 0 0 -0.00013654382030866215 2.9603622921548369e-05 0 8.5248092644165079e-05 -0.00012887111015730344 -7.5586073915464567e-06 -3.6070108220192755e-06
leaf_weight=70 165 154 49 20 84 24 181 140 36 31 24 143 58 276 185 214 20 23 222 153 213 130 25 142 411 496 189 89 885 4138
leaf_count=70 165 154 49 20 84 24 181 140 36 31 24 143 58 276 185 214 20 23 222 153 213 130 25 142 411 496 189 89 885 4138
internal_value=0 -1.67673e-05 -4.99009e-05 -7.54474e-05 -0.000121395 7.35838e-07 1.396e-05 4.77908e-05 8.90827e-05 0.000113145 0.000140024 0 -1.30607e-05 -3.46903e-05 -1.0108e-05 -8.08241e-07 2.12195e-05 4.67545e-05 6.02753e-05 0.000110973 -3.61503e-06 -4.22134e-05 -8.87149e-05 -0.000111831 -9.06101e-07 1.6825e-05 4.27732e-05 -4.69458e-06 -2.37887e-05 0
internal_weight=8990 377 223 174 104 8613 1239 412 231 195 164 827 684 519 461 7374 632 418 395 173 6742 321 191 167 6421 898 402 5523 974 4549
internal_count=8990 377 223 174 104 8613 1239 412 231 195 164 827 684 519 461 7374 632 418 395 173 6742 321 191 167 6421 898 402 5523 974 4549
is_linear=0
shrinkage=0.05


Tree=280
num_leaves=31
num_cat=0
split_feature=58 55 354 19 299 89 351 366 266 66 261 380 375 313 277 363 218 250 70 206 58 12 299 215 273 50 334 321 332 54
split_gain=4.41261e-05 0.000264748 0.000366928 0.000365932 0.000475168 0.000254062 0.000402175 0.000399141 0.000381437 0.000445703 0.000272137 0.000293966 0.000126419 0.000120139 0.000102429 7.96504e-05 7.74994e-05 0.000234035 0.000277534 0.000359592 0.000136454 0.000308292 0.000188965 9.6921e-05 0.000152002 0.000195503 0.000299749 0.000102331 0.0001831 0.000258296
threshold=-0.52681670990201546 -0.18349174120871894 -0.033838050147768133 -0.12917681676025011 -0.14378297130396198 -0.47753934088295141 0.3807031306567456 0.45683719849304277 -1.4251260246684925 1.2919061504085652 0.39612427605822798 -0.027620098153458669 -0.0048047131606189205 0.0096679314458727478 0.58393640289375981 0.0044053148410778684 -2.0862951473369131 -0.25946472105140411 0.63458994708994709 -0.28668870510907224 -0.37060581961461297 0.0060350529100529496 0.0090776197299963241 2.2851579834621787 1.4573367106096791 0.15597955224695401 0.0016586509693815843 0.021111149028490265 -0.007074489120628801 0.66617063492063455
decision_type=2 2 10 2 10 2 10 10 10 2 10 10 10 10 10 10 10 10 2 10 2 2 10 10 10 2 10 10 10 2
left_child=1 2 -1 -4 -5 6 7 8 -3 -10 11 -7 -12 14 -13 -14 17 -2 19 -19 21 22 -18 27 25 26 -25 -22 -29 -30
right_child=16 5 3 4 -6 10 -8 -9 9 -11 12 13 15 -15 -16 -17 20 18 -20 -21 23 -23 -24 24 -26 -27 -28 28 29 -31
leaf_value=0 0 0 0 0 0.00025306535248393306 0 1.4558837823772857e-05 0 -0.00028839596937354654 0 -8.5632312081844954e-05 0.00022541541483541021 9.4922188613079145e-05 0 0 0 0 -0.00021166639674254106 0 0 1.5502340789708947e-06 0 -0.00020358821606627738 0.00014155569602602484 0 0 0 0 -7.2983192218523625e-05 0
leaf_weight=79 121 24 51 23 59 33 32 50 55 25 43 41 22 21 26 33 33 53 36 25 6863 90 38 93 65 155 35 398 252 116
leaf_count=79 121 24 51 23 59 33 32 50 55 25 43 41 22 21 26 33 33 53 36 25 6863 90 38 93 65 155 35 398 252 116
internal_value=0 1.2916e-05 6.00494e-05 0.000112419 0.000177853 0 -5.27815e-05 -9.92211e-05 -0.000155431 -0.000208093 2.3079e-05 8.11277e-05 0 0.000131867 0.000165249 0 -9.3814e-07 -2.92482e-05 -8.3009e-05 -0.000137661 0 -4.56713e-05 -0.000124765 7.99633e-07 2.66594e-05 4.70766e-05 9.33447e-05 0 -1.7675e-05 -4.3517e-05
internal_weight=8990 617 212 133 82 405 186 154 104 80 219 121 98 88 67 55 8373 235 114 78 8138 161 71 7977 348 283 128 7629 766 368
internal_count=8990 617 212 133 82 405 186 154 104 80 219 121 98 88 67 55 8373 235 114 78 8138 161 71 7977 348 283 128 7629 766 368
is_linear=0
shrinkage=0.05


Tree=281
num_leaves=31
num_cat=0
split_feature=73 275 363 64 323 342 246 254 66 323 236 333 335 341 333 200 64 247 197 255 339 268 348 92 14 362 341 62 350 257
split_gain=4.45622e-05 0.000161485 0.000272352 0.000310661 0.000393848 0.000423139 0.000476396 0.000232606 0.000323777 0.000282663 0.000225474 0.000288756 0.00038668 0.000311421 0.000211829 0.0002747 0.000204801 0.000202898 0.000189079 0.000210772 0.000170168 0.000257579 0.0001662 0.000165203 0.000261252 0.000260636 0.000182129 0.000163315 0.000152771 0.000142705
threshold=-0.27558098468965847 0.29040139500085099 -0.79935231710077614 -0.8004310875932138 -0.80679525532013951 -0.023881740517502911 0.16568499258267991 -0.8604789238005488 -0.92200487280130095 -0.42135407487466953 -0.59168866877023396 0.0023148148148150476 -0.030335623638786498 -0.0066137566137569733 0.019841269841269403 -0.26127760233350844 -0.26768760758834892 0.26159560375419327 -1.4348100821884355 0.8320954720643472 -0.00084033633225832894 0.21341948308258588 -0.0010661089348233952 0.47106481481481505 0.0051256613756613008 0.027447089947090154 -0.0059523809523810275 0.7084986772486771 -0.076119387230092497 0.15890267141734593
decision_type=2 10 10 2 10 10 10 10 2 10 10 10 10 10 10 10 2 10 10 10 10 8 10 2 2 10 10 2 10 10
left_child=1 7 29 4 -4 -6 -7 8 23 -10 20 12 -12 -14 15 -13 18 -16 19 -5 -9 -22 -18 25 26 -1 -25 -27 -11 -3
right_child=-2 2 3 16 5 6 -8 10 9 28 11 14 13 -15 17 -17 22 -19 -20 -21 21 -23 -24 24 -26 27 -28 -29 -30 -31
leaf_value=0 -2.3597850577581925e-06 -7.8393552148170304e-05 0 -0.00011468073294591472 0 0.00016670664610660967 0 0 0 0 0 0 0 9.562319246270753e-05 0.00011123194474670683 -9.4467806191402958e-05 0 0 0 0 -9.3037522560130161e-05 0 6.9983352612975992e-05 0 0 0.00013795962433517446 -0.0001431988486002539 0 -0.00018934400885696861 0
leaf_weight=104 6124 78 62 82 54 181 33 178 24 24 165 75 92 321 50 124 180 36 200 22 139 119 175 23 59 60 70 20 68 48
leaf_count=104 6124 78 62 82 54 181 33 178 24 24 165 75 92 321 50 124 180 36 200 22 139 119 175 23 59 60 70 20 68 48
internal_value=0 5.19341e-06 2.06475e-05 3.23179e-05 7.38337e-05 0.000101905 0.000133958 -1.79269e-06 -3.46702e-05 -0.000107948 5.80034e-06 2.34028e-05 4.5386e-05 7.22686e-05 -3.64305e-06 -4.59696e-05 3.93433e-06 3.61662e-05 -1.62321e-05 -7.28731e-05 -1.75734e-05 -4.65842e-05 3.52838e-05 0 -4.65094e-05 2.13601e-05 -0.00010271 9.58298e-05 -0.000149539 -3.12578e-05
internal_weight=8990 2866 1115 989 330 268 214 1751 452 116 1299 863 578 413 285 199 659 86 304 104 436 258 355 336 152 184 93 80 92 126
internal_count=8990 2866 1115 989 330 268 214 1751 452 116 1299 863 578 413 285 199 659 86 304 104 436 258 355 336 152 184 93 80 92 126
is_linear=0
shrinkage=0.05


Tree=282
num_leaves=31
num_cat=0
split_feature=41 367 225 63 288 371 365 300 36 367 66 228 297 384 304 299 377 273 348 219 344 287 277 91 324 36 384 346 339 244
split_gain=4.46687e-05 0.000177442 0.000200591 0.000210968 0.00011855 0.000213353 0.000207591 0.000236312 0.000276112 0.000143516 9.58934e-05 0.000287009 0.00038891 0.000296187 0.000368018 0.000251457 0.000201014 0.000262489 0.000232143 0.000334243 0.000299319 0.000147281 0.000262851 0.00029822 0.000387636 0.000239921 0.000341898 0.000290775 0.000200857 0.000253757
threshold=2.2066804638188353 0.13574735449735501 1.746065435390866 0.82523148148148162 -0.00033068783068780199 0.071512025570104845 0.55654761904761918 0.075423931487557064 0.34540343915343907 -0.15988756613756641 -0.90478308978315991 0.39256863745596954 5.6765843398975953e-05 -0.40396686298247392 -0.0071943687260500591 0.49205345348797358 -0.19940924740049817 1.8422676705541605 0.0035154620143010855 1.0435728189056002 0.0081218729874999729 -0.066765696312256026 -0.012057029010157018 -0.16526575737877697 0.048040159779701073 0.31134259259259306 0.12232917927437721 -0.067043058471187508 0.0283629614421721 1.2478677749044993
decision_type=2 10 10 2 10 10 10 10 2 10 2 10 10 10 10 10 8 10 10 10 10 8 10 2 10 2 10 10 10 10
left_child=10 4 3 -3 9 -6 7 8 -7 -2 11 -1 -13 -14 15 -15 17 18 19 20 -12 22 23 -18 -25 26 27 -23 -24 -30
right_child=1 2 -4 -5 5 6 -8 -9 -10 -11 16 12 13 14 -16 -17 21 -19 -20 -21 -22 25 28 24 -26 -27 -28 -29 29 -31
leaf_value=0 0 -0.00010830580891607613 0 0 0 0 0 0 0.00016327266290016014 -7.2567948404470787e-05 -0.00019860809533968934 0 0 0.00021666079610299329 0 0 0 0 0 0 0 0 1.7764799941559344e-05 -0.00011503103096406564 0 0 -7.6219988345822071e-06 6.2477062211757791e-05 -0.00013198190134853626 0
leaf_weight=635 140 134 108 85 180 20 35 22 95 86 84 223 37 90 32 23 333 69 114 37 37 186 681 195 153 4186 271 596 53 50
leaf_count=635 140 134 108 85 180 20 35 22 95 86 84 223 37 90 32 23 333 69 114 37 37 186 681 195 153 4186 271 596 53 50
internal_value=0 -1.0538e-05 -4.07855e-05 -6.90813e-05 0 2.39374e-05 6.53572e-05 9.56422e-05 0.000126604 -2.04573e-05 1.17491e-06 1.55194e-05 4.88837e-05 0.000103224 0.000135924 0.000178431 -2.33146e-07 -3.81657e-05 -6.50976e-05 -0.00010471 -0.000145651 9.51029e-07 -1.2063e-05 -3.56773e-05 -6.80609e-05 5.54472e-06 2.68795e-05 4.52284e-05 2.07405e-06 -5.30877e-05
internal_weight=8990 905 327 219 578 352 172 137 115 226 8085 1040 405 182 145 113 7045 341 272 158 121 6704 1465 681 348 5239 1053 782 784 103
internal_count=8990 905 327 219 578 352 172 137 115 226 8085 1040 405 182 145 113 7045 341 272 158 121 6704 1465 681 348 5239 1053 782 784 103
is_linear=0
shrinkage=0.05


Tree=283
num_leaves=31
num_cat=0
split_feature=69 251 331 232 50 333 358 16 333 275 80 54 331 339 79 275 369 299 23 363 80 46 229 361 299 361 339 358 78 261
split_gain=4.34037e-05 0.000345682 0.000286912 0.000369279 0.000213376 0.000242237 0.000208367 0.000219853 0.000153752 0.000164244 0.000120247 8.42874e-05 0.000263908 0.000325032 0.000600623 0.000642146 0.000617089 0.000335218 0.000363025 0.000324357 0.000319 0.00027237 0.000265343 0.000258723 0.000296578 0.000205094 0.000330908 0.000233856 0.000205026 0.000245006
threshold=-1.0709115254994948 0.92326139852944467 -0.015012879024014601 0.22730013304472027 1.0895091726332853 -0.0062003968253956923 -0.040380416930721134 -0.28653284717338495 -0.0092592592592589101 0.63502885756302618 0.6610449735449736 0.34904100529100507 0.0147291989296246 0.0011876490144524523 -0.93963082065443293 1.2509044641193496 -0.087150358989905488 -0.059425248411484992 0.0041335978835978513 -0.11466102708242541 0.62781084656084651 0.46808862433862403 -1.4218996567131656 -0.82313152376274334 0.0077251457978424485 0.25547400982011292 0.00052059611191010446 0.14478999755866376 0.93237433862433916 0.69295042207625535
decision_type=2 10 10 10 2 10 10 2 10 10 2 2 10 10 2 10 10 10 2 10 2 2 10 10 10 8 8 10 2 10
left_child=1 2 3 4 5 -1 -3 -8 9 10 -4 25 13 17 15 16 -15 18 -13 22 -20 -21 -19 -16 -25 -2 27 28 29 -27
right_child=11 6 8 -5 -6 -7 7 -9 -10 -11 -12 12 -14 14 23 -17 -18 19 20 21 -22 -23 -24 24 -26 26 -28 -29 -30 -31
leaf_value=0 -1.0329464556289219e-07 0 0.00013297820896725359 0 0 0.00022626973945755638 -0.00013340219845885649 0 -6.6290052339709617e-07 0 0 4.102563119670529e-05 1.7658443307525975e-05 0 7.5832890539361981e-05 0 0.00021131493218118325 -9.2060875404942677e-05 -6.1954496369864167e-05 -6.9643858197080088e-05 0 0 8.0944246634322411e-06 -4.7096935225157541e-05 1.729360007814851e-06 0.00011983379918899991 0 0 0 0
leaf_weight=22 3391 49 62 63 23 67 77 57 432 23 24 324 738 25 71 33 104 75 302 769 264 98 410 453 459 215 220 48 21 71
leaf_count=22 3391 49 62 63 23 67 77 57 432 23 24 324 738 25 71 33 104 75 302 769 264 98 410 453 459 215 220 48 21 71
internal_value=0 1.03284e-05 3.03263e-05 8.85558e-05 0.000143125 0.000178213 -4.0581e-05 -7.83141e-05 2.23716e-06 5.95506e-05 9.62424e-05 -1.24776e-06 -6.68123e-06 -1.34612e-05 4.75187e-06 9.6208e-05 0.000155103 -2.49926e-05 0 -4.0689e-05 -2.529e-05 -5.93026e-05 0 -5.24255e-06 -1.70438e-05 3.14288e-06 3.09777e-05 6.23203e-05 7.99663e-05 9.30352e-05
internal_weight=8990 899 716 175 112 89 183 134 541 109 86 8091 4125 3387 1145 162 129 2242 890 1352 566 867 485 983 912 3966 575 355 307 286
internal_count=8990 899 716 175 112 89 183 134 541 109 86 8091 4125 3387 1145 162 129 2242 890 1352 566 867 485 983 912 3966 575 355 307 286
is_linear=0
shrinkage=0.05


Tree=284
num_leaves=31
num_cat=0
split_feature=363 91 202 235 386 363 378 362 250 369 244 64 331 270 298 347 377 374 296 312 19 220 258 77 19 387 318 334 31 346
split_gain=4.18927e-05 0.00025186 0.000349232 0.000310756 0.000317472 0.000107293 0.000150087 0.000267969 0.000146953 9.55234e-05 0.000213881 0.000208247 0.000189799 0.000184798 9.70894e-05 0.000188087 0.000247671 0.000107693 0.000199302 0.000219312 0.00013895 0.000306605 0.000258147 9.40332e-05 8.97442e-05 0.000108312 6.60015e-05 6.42293e-05 8.72677e-05 0.000106157
threshold=0.63273905009713238 0.7396233638811196 -0.40037972684407291 1.6760157678543905 -0.064481515721624375 0.51448965453025364 -0.37629520053051979 0.24074074074074103 0.26952318677127102 -0.89996147956708061 -0.59897337211053137 0.35895293871917455 0.016466764448761276 -0.39395508150976444 -0.011498489824303014 0.0035992012247240139 0.01716213301996761 -0.3625100804619576 -0.00054245491337030066 -0.048676459119836389 -0.12249002172356789 -0.56593664030346569 1.2283330961751622 0.45982142857142855 0.36977255998086056 0.034812601636154523 -0.059350379000635022 0.043824889338075469 0.24371693121693055 0.022559191404860155
decision_type=8 2 10 10 10 10 10 10 10 10 10 2 10 10 10 10 10 10 10 10 2 10 8 2 2 10 10 10 2 8
left_child=5 24 -3 4 -4 9 -7 8 -8 10 -1 12 13 -12 15 16 23 18 -16 -20 22 -22 -19 -11 27 -26 -6 28 -2 -30
right_child=1 2 3 -5 26 6 7 -9 -10 14 11 -13 -14 -15 17 -17 -18 20 19 -21 21 -23 -24 -25 25 -27 -28 -29 29 -31
leaf_value=0 0 0 0 0 0.00024166044391826861 0 -0.00018005977795216221 0 0 0 0 0 0 -0.00015207183685894313 0 0 0 3.9774880449303461e-06 0 -9.276643176172304e-05 -1.1979816669833474e-06 2.9092280087356762e-05 -2.9245836148196575e-05 -0.0001883229561322401 -0.00010975970163796358 0 0 -3.0036774408022105e-05 5.6536081084226792e-05 0
leaf_weight=122 94 77 21 22 57 61 52 61 36 22 22 69 25 96 155 70 36 3862 64 142 1259 1479 683 43 41 20 20 51 187 41
leaf_count=122 94 77 21 22 57 61 52 61 36 22 22 69 25 96 155 70 36 3862 64 142 1259 1479 683 43 41 20 20 51 187 41
internal_value=0 1.23542e-05 6.06899e-05 0.000115388 0.000155626 -1.00297e-06 -3.62865e-05 -6.61208e-05 -0.000122487 0 -2.6271e-05 -6.00678e-05 -9.47947e-05 -0.00012209 1.02584e-06 -3.45369e-05 -8.16681e-05 2.47594e-06 -2.20973e-05 -5.72106e-05 4.38078e-06 1.33385e-05 0 -0.000140958 0 -6.05972e-05 0.000202757 0 1.88517e-05 3.81878e-05
internal_weight=8990 631 197 120 98 8359 210 149 88 8149 334 212 143 118 7815 171 101 7644 361 206 7283 2738 4545 65 434 61 77 373 322 228
internal_count=8990 631 197 120 98 8359 210 149 88 8149 334 212 143 118 7815 171 101 7644 361 206 7283 2738 4545 65 434 61 77 373 322 228
is_linear=0
shrinkage=0.05


Tree=285
num_leaves=31
num_cat=0
split_feature=258 70 331 208 44 383 35 218 85 381 334 39 334 249 382 344 87 273 308 203 256 254 264 32 380 294 64 62 18 197
split_gain=4.27189e-05 0.000144974 0.000318213 0.00027413 0.000268057 0.000282134 0.000293982 0.000172916 0.000176768 0.000217844 0.000210503 0.000181218 0.000153558 0.000238218 0.000112257 0.000235922 0.000234028 0.000240823 0.000285194 0.000200409 0.000123346 0.000222786 0.00022026 0.000293007 0.000309454 0.000181749 0.000279329 0.000344467 0.000194868 0.000149846
threshold=-0.64098535524856703 0.14847883597883602 0.0046224802818585218 1.5583379382055333 0.7098214285714286 0.023551123359869124 0.95552248677248708 0.22027302362698006 0.93475054995856455 -0.44218840235268708 0.017560449864768918 -1.7618396025353298 0.00036496351985396141 -0.85661522551668046 1.8683583020893815 0.015490959757295841 0.48181216931216903 -1.1647202718541452 -0.0035484667250467723 -0.28042452897573639 1.550523190793444 0.11466412230980051 0.71764803175630043 0.62268518518518645 -0.24600595266221578 -0.00033068783068780015 0.18822284656453855 0.68369708994709011 -0.15735758769912297 -1.5351652976668777
decision_type=10 2 10 10 2 10 2 8 2 10 10 2 10 10 8 10 2 10 10 10 10 10 10 2 10 10 2 2 2 10
left_child=1 7 3 4 5 6 -3 12 9 -9 11 -11 13 -1 20 16 17 -16 19 -19 29 25 23 24 -23 28 27 -27 -22 -2
right_child=14 2 -4 -5 -6 -7 -8 8 -10 10 -12 -13 -14 -15 15 -17 -18 18 -20 -21 21 22 -24 -25 -26 26 -28 -29 -30 -31
leaf_value=0 -1.0580388117389481e-05 -0.00015337895119418778 0 0 0 -2.9185173786215852e-06 0 0 4.360942170479555e-05 0 0 -0.00011470374375962065 0 0.00010872911029619586 0 -2.0457441723242518e-05 0 0 0 0.00015728757859362404 -9.8473987337293213e-05 0 0 0 -0.00013085133041164317 0.00010965520092910626 -1.6507218085316744e-06 0 0 8.3081726021281237e-06
leaf_weight=134 1253 171 497 97 78 175 28 138 51 23 48 146 190 116 47 114 259 48 57 131 84 38 73 140 168 140 332 99 84 4031
leaf_count=134 1253 171 497 97 78 175 28 138 51 23 48 146 190 116 47 114 259 48 57 131 84 38 73 140 168 140 332 99 84 4031
internal_value=0 -6.79241e-06 -2.04e-05 -4.73458e-05 -6.51034e-05 -8.31476e-05 -0.000128551 4.12309e-06 -1.1486e-05 -3.34917e-05 -6.59036e-05 -9.32108e-05 2.98864e-05 5.5738e-05 1.65754e-06 2.13884e-05 3.94155e-05 7.1004e-05 9.27103e-05 0.00012374 0 -1.51113e-05 -4.42714e-05 -6.29632e-05 -0.000101052 0 1.48543e-05 5.86845e-05 -4.41968e-05 2.88276e-06
internal_weight=8990 1892 1046 549 452 374 199 846 406 355 217 169 440 250 7098 656 542 283 236 179 6442 1158 419 346 206 739 571 239 168 5284
internal_count=8990 1892 1046 549 452 374 199 846 406 355 217 169 440 250 7098 656 542 283 236 179 6442 1158 419 346 206 739 571 239 168 5284
is_linear=0
shrinkage=0.05


Tree=286
num_leaves=31
num_cat=0
split_feature=41 367 252 306 357 278 352 76 310 210 308 321 63 281 297 330 284 248 50 254 368 324 81 211 342 206 215 381 243 341
split_gain=4.23303e-05 0.000161197 0.000220462 0.000172729 0.000245264 0.000278281 0.000225027 0.000132135 0.000160975 0.000163691 0.00012893 0.00014275 9.36761e-05 0.00033676 0.000501205 0.000398163 0.000350017 0.000416955 0.000223346 0.000335889 0.000378088 0.000314405 0.000273711 0.000257604 0.000239289 0.00021315 0.000426268 0.000276124 0.000296838 0.000269813
threshold=2.2066804638188353 0.023644179894180054 0.24978346990010483 -0.032354606647343361 0.043650793650794446 1.7217644153587601 0.057887488208790423 -0.43691705268607495 -0.00096753208925343104 -1.8975854508076779 -0.02564664719377285 -0.0099774257720292841 0.34275793650793657 0.21012371304041541 0.0011031840073805201 -0.04373938519349576 0.00033068783068799379 -1.4590243115137016 -0.22886672043157649 -0.29057330729210878 -1.4633853794653988 -0.14789380770959734 0.073082010582010568 -0.65843763184398041 0.041645593191540771 1.4964110507305139 -1.070606544912958 -1.4294638640999466 -0.65234352717037813 -0.0092592592592596317
decision_type=2 10 10 10 10 10 10 2 10 10 10 10 2 10 10 10 10 10 2 8 10 10 2 10 10 10 10 10 10 10
left_child=12 7 3 -3 5 6 -5 10 9 -9 -2 -12 13 18 15 -15 17 -17 22 20 -20 -22 -1 -24 -25 27 -27 28 -14 -29
right_child=1 2 -4 4 -6 -7 -8 8 -10 -11 11 -13 25 14 -16 16 -18 -19 19 -21 21 -23 23 24 -26 26 -28 29 -30 -31
leaf_value=0 0 0 0 -0.00017070865929808444 0 0 0 0 0 -0.00011854653527520169 0 0.00012519602940006287 2.6129562227718839e-05 0 8.9682289240162006e-06 0 0 -0.00015944353050146686 0 0 0 -0.00013414890571119799 0 0.00013817903289610242 0 -6.9773221766993005e-05 1.4721799821720456e-06 5.7417815105196138e-05 -3.1307108373976592e-05 1.0710192475540899e-05
leaf_weight=395 32 51 99 115 45 69 26 21 302 58 23 64 275 42 136 27 70 199 108 2094 59 146 64 127 27 252 591 479 629 2365
leaf_count=395 32 51 99 115 45 69 26 21 302 58 23 64 275 42 136 27 70 199 108 2094 59 146 64 127 27 252 591 479 629 2365
internal_value=0 -1.03405e-05 -3.5124e-05 -5.85942e-05 -7.62393e-05 -9.98788e-05 -0.000140658 0 -3.56036e-06 -7.1755e-05 5.22787e-05 8.62426e-05 1.0578e-06 -4.31026e-06 -4.37309e-05 -7.97202e-05 -0.000103046 -0.000133327 2.22628e-07 -4.91915e-06 -5.35537e-05 -9.47987e-05 2.85651e-05 7.36966e-05 0.000108931 6.23225e-06 -1.39006e-05 1.20948e-05 -8.30335e-06 2.03367e-05
internal_weight=8990 905 405 306 255 210 141 500 381 79 119 87 8085 3494 474 338 296 226 3020 2407 313 205 613 218 154 4591 843 3748 904 2844
internal_count=8990 905 405 306 255 210 141 500 381 79 119 87 8085 3494 474 338 296 226 3020 2407 313 205 613 218 154 4591 843 3748 904 2844
is_linear=0
shrinkage=0.05


Tree=287
num_leaves=31
num_cat=0
split_feature=319 265 386 204 353 383 285 327 301 18 251 365 72 348 39 65 263 67 319 301 331 353 208 50 370 299 339 19 331 342
split_gain=4.12921e-05 0.000177551 0.000282033 0.000282152 0.000194138 0.000218927 0.000176636 8.03249e-05 0.000209726 0.000268748 0.000237494 0.00015083 0.000113928 0.000110173 0.000224843 0.000309883 0.000291955 0.000234477 0.000111026 0.000211144 0.000256981 0.000210891 0.000266888 0.000326657 0.000190925 0.000163673 0.000349483 0.000259467 0.000151346 0.000166999
threshold=0.026066299863177104 -0.53150014640163978 -0.024272085140446219 1.1531316910521319 0.099324805804879637 -0.21586119387589389 0.00038255548920503041 0.080781988739184199 0.0011712905980504897 0.22456588738555153 1.2052900627787977 -0.31349206349206343 0.88408336839930157 -0.16907961490598269 0.97024897011349309 -0.43179255451620696 -0.78251997312505173 2.1482803039083653 0.0076700943066509023 -0.0017414606772601091 0.0038940147621052694 -0.19715370743052982 0.048742816416651173 -1.0238282502987948 0.015342682960051231 0.98445020504373415 -0.00058616653841209166 2.3367455430596005 0.0021438372676976241 -0.038243020540141275
decision_type=10 10 10 10 10 10 10 8 10 2 8 10 2 10 2 2 10 2 10 10 10 10 10 2 10 10 10 2 10 10
left_child=7 -2 -3 4 5 -4 -7 13 9 10 11 -9 -13 14 15 -1 -17 -18 21 28 24 22 23 -15 -21 27 -27 -23 29 -20
right_child=1 2 3 -5 -6 6 -8 8 -10 -11 -12 12 -14 18 -16 16 17 -19 19 20 -22 25 -24 -25 -26 26 -28 -29 -30 -31
leaf_value=0 0 0 0 0 0 -0.00024710808408738024 0 0 -1.5935686529032959e-05 0 0 0.00015843703604704511 0 0 -1.0683289581693534e-05 0 0.0001026862976512184 0 0 9.209135825844557e-05 0 -1.1498688422147288e-06 0 -9.1772293031055504e-05 0 -0.00011247417886798928 0 7.8127859390144028e-05 4.0377052261348557e-06 -8.0845500208724365e-05
leaf_weight=207 226 80 22 34 26 56 21 32 81 129 46 105 35 44 262 97 271 88 33 210 199 5401 331 258 84 102 94 105 188 123
leaf_count=207 226 80 22 34 26 56 21 32 81 129 46 105 35 44 262 97 271 88 33 210 199 5401 331 258 84 102 94 105 188 123
internal_value=0 -1.44423e-05 -4.75624e-05 -8.8495e-05 -0.000124893 -0.000156806 -0.000196731 8.5415e-07 2.19911e-05 4.52514e-05 7.96203e-05 0.000107162 0.000129608 0 1.59594e-05 3.40283e-05 5.81549e-05 7.95492e-05 -2.3559e-06 1.32056e-05 3.6642e-05 -5.20136e-06 -3.30108e-05 -6.70244e-05 6.66002e-05 -1.23674e-06 -4.61636e-05 0 -5.85228e-06 -4.97967e-05
internal_weight=8990 465 239 159 125 99 77 8525 428 347 218 172 140 8097 925 663 456 359 7172 837 493 6335 633 302 294 5702 196 5506 344 156
internal_count=8990 465 239 159 125 99 77 8525 428 347 218 172 140 8097 925 663 456 359 7172 837 493 6335 633 302 294 5702 196 5506 344 156
is_linear=0
shrinkage=0.05


Tree=288
num_leaves=31
num_cat=0
split_feature=248 359 215 383 198 266 302 248 376 65 19 258 358 22 222 331 274 281 235 313 357 197 60 347 19 251 359 23 236 383
split_gain=4.17466e-05 0.000181177 0.000180156 0.000253322 0.000274533 0.000306297 0.000296937 0.000124709 0.00031116 0.000255547 0.000460637 0.000423995 0.000335458 0.000174353 0.000312083 0.000480848 0.000163579 0.000146589 0.000268462 0.000375061 0.000398309 0.000299267 0.000154614 0.000319343 0.000343835 0.000211037 0.000218329 0.000146049 0.000135505 0.00015782
threshold=-1.5373846405541638 0.014316076655725431 -1.3800089696263427 -0.054933930887938957 1.5495649322212979 1.4701328522363768 -0.10329758924140602 -0.46802419894207276 0.014929797102003929 0.24598874987908401 0.10350993189040351 -0.41327725600998105 0.13871607269590824 -0.72498115860291301 0.72645369621254663 -0.006994377834055431 1.0169827511572718 0.21012371304041541 -1.2381036072527305 0.0013384473609547867 -0.025132275132274947 1.7966845016660005 0.40691137566137608 -0.00025111232678393097 0.45011611725825401 -0.66889710445093997 0.043230805401637602 0.012400793650793702 -0.15521798941108531 0.64468689506066146
decision_type=10 8 10 10 10 10 10 10 10 2 2 10 10 2 10 10 10 10 10 10 10 10 2 10 2 10 10 2 10 10
left_child=1 2 -1 -4 5 6 -5 8 9 10 16 -12 -13 14 15 -10 -2 28 19 20 -19 -22 23 24 -20 -24 -27 -18 -9 -30
right_child=7 -3 3 4 -6 -7 -8 17 13 -11 11 12 -14 -15 -16 -17 27 18 22 -21 21 -23 25 -25 -26 26 -28 -29 29 -31
leaf_value=0 -1.1156194503076563e-06 1.5096121425165356e-05 0 0 0 0 -0.00014984881167533711 1.5055451258900129e-05 -0.00020709658405419778 -4.6218726307446408e-06 0 0.00014657664095813112 0 0 0 0 6.2658338997366252e-05 0 0 0 -0.00013951633208402777 0 -4.835582987113162e-06 0 -0.00020250199068314447 7.6363567938907899e-05 0 0 0 -3.6443390737616962e-05
leaf_weight=102 412 222 150 21 117 30 168 1317 57 189 98 218 26 739 62 65 209 40 33 45 192 36 98 161 46 210 25 64 3510 328
leaf_count=102 412 222 150 21 117 30 168 1317 57 189 98 218 26 739 62 65 209 40 33 45 192 36 98 161 46 210 25 64 3510 328
internal_value=0 -1.07829e-05 -2.90564e-05 -4.41358e-05 -6.85683e-05 -0.000101709 -0.000126631 1.11529e-06 1.18621e-05 2.9358e-05 4.04792e-05 9.02623e-05 0.000125541 -5.77174e-06 -5.03456e-05 -0.000101053 8.31628e-06 -1.86243e-06 -2.08834e-05 -5.81191e-05 -8.62681e-05 -0.000114511 0 -3.11169e-05 -0.000114158 2.15056e-05 5.37553e-05 4.0854e-05 4.37161e-07 -3.2766e-06
internal_weight=8990 810 588 486 336 219 189 8180 2139 1216 1027 342 244 923 184 122 685 6041 886 313 268 228 573 240 79 333 235 273 5155 3838
internal_count=8990 810 588 486 336 219 189 8180 2139 1216 1027 342 244 923 184 122 685 6041 886 313 268 228 573 240 79 333 235 273 5155 3838
is_linear=0
shrinkage=0.05


Tree=289
num_leaves=31
num_cat=0
split_feature=49 49 241 241 15 16 209 199 34 291 350 240 49 356 378 234 370 323 321 219 248 322 331 365 351 287 327 325 370 279
split_gain=4.12773e-05 0.000290796 0.000294917 0.000311096 0.000336062 0.000312198 0.000387101 0.000266636 0.000294108 0.000214875 0.00047185 0.000257691 0.000255867 0.000552839 0.000283414 0.000321785 0.000329213 0.000304479 0.000388312 0.000242648 0.000241292 0.000270778 0.000237115 0.000202717 0.000327281 0.000309443 0.00029105 0.000334401 0.000269872 0.000304506
threshold=-0.078863186121639034 -0.40156984967147547 -0.18543302391192854 -1.2874893312545097 0.82390873015873134 -1.14218956509481 1.6896468922392132 -0.12731597075553405 0.66765873015873012 -0.062581571477007256 0.18492421800167194 -0.51241116845434276 0.34519720287044015 -0.012122687869920877 0.30979938850007499 1.7572465230399137 0.084777821285122484 0.033504307746716429 -0.017213752063115813 0.71483307684036457 1.645188285043057 -0.022166549658901521 0.0079222394489242304 -0.14285714285714265 -0.23135094649356522 -0.0058360292069153932 -0.16388807750897322 -0.031912469042119411 0.003199154678713068 -0.69583063694689207
decision_type=2 2 10 10 2 2 10 10 2 10 10 10 2 10 10 10 10 10 10 10 10 10 10 10 10 10 10 10 10 10
left_child=1 -1 3 -3 5 -5 -7 -4 -9 23 12 -12 13 -11 17 16 -16 -14 -19 22 21 -15 -13 28 -25 -26 -27 -28 29 -2
right_child=9 2 7 4 -6 6 -8 8 -10 10 11 19 14 20 15 -17 -18 18 -20 -21 -22 -23 -24 24 25 26 27 -29 -30 -31
leaf_value=1.9318926238387224e-06 0 0 2.9720927591362767e-05 0 0 -0.00017852484816390264 0 -8.0063188519295764e-05 0 0 0 -0.00018561110004640334 0 0 -0.00011557091386888007 1.991433018105692e-05 0 0 9.1420633692764863e-05 0 0 0.000127057561498018 0 3.8381760127655519e-05 -5.4606621329865193e-06 0 0 -0.00012946174145484491 -1.0340106345337517e-05 8.6507243270701506e-05
leaf_weight=4730 99 197 309 37 79 152 33 176 98 167 35 65 338 35 135 67 51 47 274 61 35 283 34 116 581 46 31 206 274 199
leaf_count=4730 99 197 309 37 79 152 33 176 98 167 35 65 338 35 135 67 51 47 274 61 35 283 34 116 581 46 31 206 274 199
internal_value=0 -2.44806e-06 -2.62362e-05 -5.45364e-05 -8.66207e-05 -0.00011813 -0.000144778 0 -3.78918e-05 4.63738e-06 1.82477e-05 -4.52317e-05 3.03859e-05 6.05682e-05 7.69007e-06 -2.83622e-05 -7.26208e-05 2.91194e-05 6.41179e-05 -8.07284e-05 9.65283e-05 0.000110631 -0.000129034 -6.40952e-06 -2.22963e-05 -3.62327e-05 -8.1722e-05 -0.000105086 1.20684e-05 4.94417e-05
internal_weight=8990 5811 1081 498 301 222 185 583 274 3179 1627 195 1432 520 912 253 186 659 321 160 353 318 99 1552 980 864 283 237 572 298
internal_count=8990 5811 1081 498 301 222 185 583 274 3179 1627 195 1432 520 912 253 186 659 321 160 353 318 99 1552 980 864 283 237 572 298
is_linear=0
shrinkage=0.05


Tree=290
num_leaves=31
num_cat=0
split_feature=208 220 243 220 379 203 356 199 31 325 66 324 342 306 86 372 383 208 304 19 205 354 366 219 304 247 49 352 13 63
split_gain=4.25383e-05 0.000198325 0.00048091 0.000202755 0.00043069 0.000255383 0.000339434 0.000309588 0.000270697 0.000232563 0.000521819 0.000194082 0.000176938 0.000168636 0.000161501 0.000142851 0.000139967 0.000135179 0.000131612 0.000248917 0.000492806 0.000758629 0.000604457 0.000350592 0.000220969 0.000271985 0.000246943 0.000279861 0.000255623 0.000194965
threshold=-1.3097646345338529 -2.1163517999547605 1.5231972006276562 -1.0363463805295499 -0.30284105181763332 0.17469798194863542 0.031592870569736926 -0.80138117708056955 0.97106481481481521 0.010013057743141625 -0.88421305757329083 -0.09758123764768338 0.0025795948063370715 0.00033670034942410656 0.77810846560846569 -0.023512821047654949 0.080151898546062042 -1.6196158383243262 -0.11157177565711239 0.72201302173178206 0.98312024053814706 -0.095133828952520691 1.3276073901108416 1.4730333660424402 -0.37096867236468872 -0.72918911335705616 -0.71524121672301944 0.053785425230258289 0.0038029100529099998 0.89401455026455012
decision_type=8 10 10 10 10 10 10 10 2 10 2 10 10 10 2 10 10 10 10 2 10 10 10 10 8 8 2 8 2 2
left_child=1 2 16 4 14 6 7 -5 -9 10 11 -6 17 -12 -3 -11 -1 -8 24 29 21 -21 23 -23 -2 -26 -27 28 -28 -20
right_child=18 3 -4 5 9 -7 12 8 -10 15 13 -13 -14 -15 -16 -17 -18 -19 19 20 -22 22 -24 -25 25 26 27 -29 -30 -31
leaf_value=0.00022793101617576977 -2.5288218455069415e-05 -0.00017049169277788174 0 0 0 0 -0.00012683063623212065 0.0001501510879976735 0 0 -8.4064374469285387e-05 0.00026021316362292058 3.1881753880508592e-05 2.0452778710005102e-05 0 -0.00011946984062555795 0 0 -5.3817436088105575e-06 4.750599118820339e-06 0 -0.00019797711858817927 0 0 -7.8838503255997655e-06 0 0 0 7.7477897395593291e-05 2.9141030629724022e-05
leaf_weight=41 252 63 80 77 26 866 46 137 67 20 56 29 38 60 20 53 23 21 4741 66 198 161 31 29 344 174 173 144 527 427
leaf_count=41 252 63 80 77 26 866 46 137 67 20 56 29 38 60 20 53 23 21 4741 66 198 161 31 29 344 174 173 144 527 427
internal_value=0 7.11558e-06 6.36097e-05 0 -3.28823e-05 1.10618e-05 4.52817e-05 7.6388e-05 0.00010876 0 3.24921e-05 0.000164178 0 0 -0.000131198 -7.40439e-05 0.00016689 -7.75576e-05 -1.6213e-06 -5.79574e-06 -4.05991e-05 -8.41206e-05 -0.000133266 -0.00016913 9.90133e-06 2.00844e-05 3.44463e-05 4.65028e-05 6.00556e-05 -1.56136e-06
internal_weight=8990 1723 144 1579 327 1252 386 281 204 244 171 55 105 116 83 73 64 67 7267 5653 485 287 221 190 1614 1362 1018 844 700 5168
internal_count=8990 1723 144 1579 327 1252 386 281 204 244 171 55 105 116 83 73 64 67 7267 5653 485 287 221 190 1614 1362 1018 844 700 5168
is_linear=0
shrinkage=0.05


Tree=291
num_leaves=31
num_cat=0
split_feature=69 382 76 387 297 327 63 340 335 35 335 19 359 222 365 354 362 361 310 24 359 48 348 372 301 208 223 210 335 294
split_gain=4.17352e-05 0.000288914 0.000388795 0.000388441 0.000319677 0.000276299 0.000271058 0.000264557 0.000141218 0.000111339 0.000169583 0.000206903 0.000180483 8.20003e-05 8.05111e-05 0.000160508 0.000178417 0.000192444 0.000104565 0.00012347 0.000132736 0.000105609 0.000234377 0.000234599 0.000210742 0.000147435 0.000278928 0.000237348 0.000447879 0.000236875
threshold=-1.0709115254994948 1.4165013684967058 0.067555920741601952 -0.021441790944083491 -0.00080187064830200539 -0.16453502920309956 0.7084986772486771 -0.021598466610959873 -0.070449414013086506 0.81927910052910058 0.017911335531465015 -0.54021979118955388 -0.010635562111587447 -0.85485144516298639 -0.62582671957671943 0.036889463694159359 0.12797619047619019 -0.064292323642349145 -0.28160858200425948 0.98429232804232802 0.021343102467060494 1.5117874714062551 0.1677375349664432 -0.00055541043812912239 0.0044058986004400511 -1.3097646345338529 0.75920214757639759 -0.34390373495067933 0.023881067957534977 0.00033068783068800767
decision_type=2 10 2 10 10 10 2 10 10 2 10 2 10 10 10 10 10 10 10 2 10 2 10 10 10 8 10 10 10 10
left_child=1 2 9 4 -3 -4 7 -7 -9 10 11 -1 -13 -11 15 -2 17 -17 19 20 -16 25 23 24 -23 26 29 28 -27 -20
right_child=14 3 5 -5 -6 6 -8 8 -10 13 -12 12 -14 -15 18 16 -18 -19 21 -21 -22 22 -24 -25 -26 27 -28 -29 -30 -31
leaf_value=0 0 0 0 0 -0.00018326250595383862 0 0 0 0.00014801596402330989 -8.2537041879845159e-05 -3.9333527528971714e-06 0 0.0001207617047882096 0 -0.00010163074003743589 0 0 0.00014206662153549334 6.6280290268730434e-05 0 0 -7.5265016288471689e-05 3.3112810839352981e-05 0 0 0 -1.4959315838085686e-06 6.8263612297758613e-07 -7.4698786022476648e-05 0
leaf_weight=36 341 25 38 74 60 24 65 32 179 65 107 30 98 66 92 30 26 73 365 28 23 337 62 64 56 715 547 4764 316 252
leaf_count=36 341 25 38 74 60 24 65 32 179 65 107 30 98 66 92 30 26 73 365 28 23 337 62 64 56 715 547 4764 316 252
internal_value=0 1.02748e-05 2.77283e-05 -3.94949e-05 -0.000119698 6.75121e-05 8.62366e-05 0.000111244 0.000130059 0 1.21263e-05 5.30695e-05 8.744e-05 -4.26509e-05 -1.07889e-06 1.76804e-05 6.51651e-05 9.82022e-05 -2.89209e-06 -4.66015e-05 -7.33607e-05 -1.38702e-06 -2.31588e-05 -4.17371e-05 -5.93091e-05 0 1.64662e-05 -3.02304e-06 -2.49937e-05 4.04905e-05
internal_weight=8990 899 740 159 85 338 300 235 211 402 271 164 128 131 8091 470 129 103 7621 143 115 7478 519 457 393 6959 1164 5795 1031 617
internal_count=8990 899 740 159 85 338 300 235 211 402 271 164 128 131 8091 470 129 103 7621 143 115 7478 519 457 393 6959 1164 5795 1031 617
is_linear=0
shrinkage=0.05


Tree=292
num_leaves=31
num_cat=0
split_feature=326 261 208 347 360 265 376 372 245 47 284 78 50 251 301 202 238 352 30 335 354 50 305 73 336 45 50 25 86 249
split_gain=4.33493e-05 0.000179435 0.000215046 0.000248961 0.000275783 0.000234402 0.000229018 0.000150871 0.000306616 0.000242869 0.000240931 0.000211931 0.00034802 0.000339572 0.000272608 0.000217336 0.000394679 0.000334286 0.00019847 0.000160175 0.000274428 0.000151232 0.000128886 0.000260183 0.00013784 0.000142439 0.000132974 0.000193108 0.00019306 0.000148714
threshold=-0.11633519997723761 0.034314853139510847 1.1250493579989289 -0.0059912697999308642 -0.065363694464859998 1.4362423964342268 -0.2557815432389024 -0.0032987629497800426 0.65126750293642199 0.77000661375661406 0.00033068783068797297 0.92642195767195801 0.71914691998838964 -0.86960934655828304 -0.001887016291680421 -0.51785075519968482 -0.37757815763393937 0.019998020652706731 -0.6147919648063277 -0.00031810431940243461 0.011264784264063301 0.018350939147748806 0.00033068783068793134 -0.27558098468965847 0.0067791005291007464 0.55125661375661406 -1.0698513576817998 0.028935185185185203 0.58697089947089964 1.2868933113362984
decision_type=10 10 10 10 10 10 10 10 8 2 10 2 2 10 10 10 10 10 2 10 10 2 10 2 10 2 2 2 2 10
left_child=1 22 3 -3 -5 6 -6 8 11 10 18 15 13 -13 -15 19 17 -17 -10 20 -2 -18 26 -24 25 -25 27 -1 -29 -28
right_child=7 2 -4 4 5 -7 -8 -9 9 -11 -12 12 -14 14 -16 16 21 -19 -20 -21 -22 -23 23 24 -26 -27 29 28 -30 -31
leaf_value=0 -0.00010906582830799892 0 0 0 0 0 0.00013734068100171485 7.93731558727579e-07 -0.00016129900141062238 0 0 0 0 0 -0.00022025605606631411 0.00012818613799525872 -7.4244339376117923e-05 0 0 0 0 1.5958448511529737e-05 0 -0.00015727009226800277 0 0 6.4387908249648297e-06 0.00013831270504869364 0 -5.2690862699835917e-05
leaf_weight=53 95 185 228 173 31 35 187 6132 110 95 99 26 43 30 59 145 61 46 32 140 53 162 213 68 23 22 210 68 35 131
leaf_count=53 95 185 228 173 31 35 187 6132 110 95 99 26 43 30 59 145 61 46 32 140 53 162 213 68 23 22 210 68 35 131
internal_value=0 7.3336e-06 2.49214e-05 4.16238e-05 6.28129e-05 9.67798e-05 0.000116431 -1.60948e-06 -1.81102e-05 -5.87188e-05 -8.55851e-05 0 -5.43259e-05 -0.000107763 -0.000156619 9.48964e-06 3.6834e-05 9.00178e-05 -0.0001291 -1.24619e-05 -5.48264e-05 0 -4.52235e-06 -3.19663e-05 -9.326e-05 -0.000121418 3.42358e-06 4.64884e-05 8.91892e-05 -1.62704e-06
internal_weight=8990 1662 839 611 426 253 218 7328 1196 336 241 860 158 115 89 702 414 191 142 288 148 223 823 326 113 90 497 156 103 341
internal_count=8990 1662 839 611 426 253 218 7328 1196 336 241 860 158 115 89 702 414 191 142 288 148 223 823 326 113 90 497 156 103 341
is_linear=0
shrinkage=0.05


Tree=293
num_leaves=31
num_cat=0
split_feature=308 25 364 302 59 340 294 277 248 212 247 70 336 344 344 318 198 46 312 372 364 337 354 355 368 341 238 314 336 50
split_gain=3.89501e-05 0.000176618 0.000246847 0.000224522 0.000195419 0.000237934 0.000295792 0.000301068 0.000234211 0.000189914 0.000193638 0.000233845 0.00014251 0.000135004 0.000172715 0.000182613 0.000155848 0.000216178 0.000114615 0.000112764 0.000105991 0.000298882 0.000364782 0.000348997 0.000362845 0.000329495 0.000169668 0.00018697 0.000168978 0.000294832
threshold=-0.020410997260125626 0.011739417989418003 0.022204417294398402 -0.08976361174163601 0.25570348210719956 -0.0044117655567249272 0.00033068783068793134 0.95870473057357186 -0.58145354309425301 0.72677024354881692 0.57049600563748026 0.73032407407407429 -0.019841269841270073 0.038242209125908186 0.0037099622107155832 -0.15963978904005016 -1.8826251789825927 0.050760582010582013 -0.079610368692864183 -0.0060249106716394598 0.038241342650581107 -0.0013240652176991078 0.028328379498690829 -0.11642907908070831 1.064827922438498 0.019841269841269788 -1.0142027090478367 -0.011390050056869659 -0.00033068783068790174 -0.40220900446108393
decision_type=10 2 10 10 2 10 10 10 10 10 10 2 10 10 10 10 10 2 10 8 10 10 10 10 10 10 10 10 10 2
left_child=1 4 19 -4 5 6 -1 8 -8 10 -6 18 -5 14 -7 -16 -15 -18 -12 -3 28 -22 23 -23 25 -25 27 -24 -2 -30
right_child=20 2 3 12 9 13 7 -9 -10 -11 11 -13 -14 16 15 -17 17 -19 -20 -21 21 22 26 24 -26 -27 -28 -29 29 -31
leaf_value=0 -1.1676919827236764e-05 7.9743147492033898e-05 0 0 0 0 0 0 -0.00015928803491780524 0 0 0 0.00013584390102801473 0 0 7.1236012360042833e-05 0 -0.00016177196109849493 0.00013425838180884767 -2.1261813531178664e-06 8.2841196926276039e-06 0 0 -0.00013949853389520715 0 0 -2.0907586755654123e-05 9.2484300625509245e-05 4.0066104378459366e-05 0
leaf_weight=187 1702 44 38 21 53 615 28 61 112 180 22 34 111 21 45 187 25 46 119 327 491 106 20 232 52 46 257 91 578 3139
leaf_count=187 1702 44 38 21 53 615 28 61 112 180 22 34 111 21 45 187 25 46 119 327 491 106 20 232 52 46 257 91 578 3139
internal_value=0 5.69992e-06 3.08655e-05 8.15997e-05 0 -1.13766e-05 -4.44439e-05 -8.65402e-05 -0.000126974 2.78611e-05 5.89091e-05 8.53543e-05 0.000113239 0 8.49495e-06 4.6084e-05 -5.47802e-05 -9.67836e-05 0.000114822 0 -1.86794e-06 -1.49079e-05 -3.52885e-05 -6.62364e-05 -9.18651e-05 -0.000115235 0 5.2975e-05 3.25822e-07 7.16713e-06
internal_weight=8990 2276 541 170 1735 1327 388 201 140 408 228 175 132 939 847 232 92 71 141 371 6714 1295 804 436 330 278 368 111 5419 3717
internal_count=8990 2276 541 170 1735 1327 388 201 140 408 228 175 132 939 847 232 92 71 141 371 6714 1295 804 436 330 278 368 111 5419 3717
is_linear=0
shrinkage=0.05


Tree=294
num_leaves=31
num_cat=0
split_feature=301 352 258 299 344 9 295 354 348 12 31 266 207 356 349 304 38 209 356 247 87 385 373 361 234 348 19 247 63 85
split_gain=3.93022e-05 0.000214935 0.000240576 0.000228146 0.000100333 0.00013988 8.903e-05 7.5428e-05 0.000181664 0.000161405 0.0001682 0.00016537 0.000142242 0.000114082 0.000282477 0.000331472 0.000275469 0.000292569 0.000241784 0.000212889 0.000267618 0.000204905 0.000257031 0.000298236 0.000306605 0.000211056 0.00036301 0.000422265 0.000232779 0.000437883
threshold=0.01593838605814699 -0.017684449383196351 -0.68805963556872085 -0.007235671773891005 -0.0089160300627886113 1.4258156108694402 0.00084530873895422032 -0.21364867168870691 -0.060537704421674603 0.047040343915343931 0.9198082010582006 -1.4503615935751946 -0.82099310841096296 -0.034224694174728502 0.071377979281571663 -0.026321866742712526 -0.48128214235619943 1.2246386511153768 -0.069340033375439578 -0.13629944729806018 0.78736772486772511 -1.7233832620203959 -0.023148148148147831 -0.17286114958873047 2.0364666652288186 0.0027265203634788686 0.34658630157264153 -0.63648291171770255 0.72668650793650802 -0.37040389460384793
decision_type=8 8 10 10 8 2 10 10 8 2 2 10 10 10 10 10 2 10 10 10 2 10 10 10 10 10 2 10 2 2
left_child=7 2 -2 -4 5 -3 -6 8 9 10 11 -1 -13 14 18 16 -16 -18 19 -9 -21 22 -15 -24 -25 28 -27 -28 -23 -30
right_child=1 4 3 -5 6 -7 -8 13 -10 -11 -12 12 -14 21 15 -17 17 -19 -20 20 -22 25 23 24 -26 26 27 -29 29 -31
leaf_value=0 0 -0.00010023986654797209 0 0.00015925550825157729 0 0 7.4688261571689222e-05 0 0 0 0 0 0.00015156099747798578 5.0023578978506718e-05 0 0 -0.00011993682582572802 0 -2.8952044763898229e-05 7.5117681171209193e-05 0 1.0884298821527016e-06 0 -0.00010189279435315069 0 0 0 7.7982707034397649e-05 0 -7.2032969509548019e-05
leaf_weight=28 41 59 50 71 135 36 41 405 511 27 24 28 95 31 82 97 229 46 484 248 73 2874 161 244 38 1574 204 412 312 330
leaf_count=28 41 59 50 71 135 36 41 405 511 27 24 28 95 31 82 97 229 46 484 248 73 2874 161 244 38 1574 204 412 312 330
internal_value=0 1.47416e-05 6.24137e-05 0.0001009 0 -5.06672e-05 6.16566e-06 -6.95269e-07 1.38765e-05 5.40985e-05 7.53816e-05 9.67878e-05 0.00012189 -2.65739e-06 -1.43064e-05 -4.80125e-05 -7.24703e-05 -9.65441e-05 0 1.65415e-05 4.77099e-05 0 -3.10617e-05 -4.803e-05 -7.9161e-05 3.09999e-06 1.57447e-05 4.85204e-05 -3.35418e-06 -3.10261e-05
internal_weight=8990 433 162 121 271 95 176 8557 713 202 175 151 123 7844 1664 454 357 275 1210 726 321 6180 474 443 282 5706 2190 616 3516 642
internal_count=8990 433 162 121 271 95 176 8557 713 202 175 151 123 7844 1664 454 357 275 1210 726 321 6180 474 443 282 5706 2190 616 3516 642
is_linear=0
shrinkage=0.05


Tree=295
num_leaves=31
num_cat=0
split_feature=359 23 325 277 207 325 347 23 368 325 207 245 350 345 242 207 361 65 33 340 349 373 346 315 257 386 377 381 351 334
split_gain=4.03769e-05 0.000148327 0.000131011 0.000227385 8.6468e-05 0.000232069 0.000236195 0.000242896 0.000311576 0.000334542 8.70932e-05 0.000265734 0.000301192 0.000322234 0.000274876 0.000127544 0.00035645 0.000623192 0.000419579 0.00017121 9.91418e-05 0.000176168 9.6678e-05 0.000286109 0.000352977 0.000178201 0.000287259 0.000169983 0.000127321 7.58862e-05
threshold=-0.068841227719630291 0.0061177248677248006 -0.016259877775680272 0.72306188451766251 2.3746433219200731 -0.019578717449025614 0.0013609478244150932 0.0018187830687830002 0.59054090474563492 0.030394749557448478 1.8334710151102473 0.18208785164173313 0.095782340659818846 -0.004960317460317421 -0.68664102863606868 1.2105919149141091 -0.22395462301498184 -0.14090644612954303 1.1104435592810666 -0.007981157462659037 -0.011116641809549429 0.0013227513227510731 0.010334102283931947 0.0013558960493799124 0.7750653405846315 0.037420776795034895 0.073844032257652306 -0.25300039405383629 -0.029704642026009361 -0.013817639797803321
decision_type=10 2 10 10 8 10 10 2 10 10 10 10 10 10 10 10 10 2 2 10 10 10 10 10 10 8 10 10 10 10
left_child=1 2 -1 29 10 -6 7 -7 9 -9 15 12 13 -12 -15 22 19 -18 -19 -17 21 -13 25 28 -25 27 -27 -2 -24 -4
right_child=4 -3 3 -5 5 6 -8 8 -10 -11 11 20 -14 14 -16 16 17 18 -20 -21 -22 -23 23 24 -26 26 -28 -29 -30 -31
leaf_value=0 1.2498316122368233e-05 0 0 0 6.6298489262025936e-06 0 0 -0.00021356434885984565 0 0 0 -0.00012511762778766775 0 0 0.0001579605583324036 0.00011210037104930885 0 -0.00015393898852572021 0 0 0 0 2.6174956703571189e-05 -9.8839931644492598e-05 0 5.3039456335371134e-05 0 -8.0849276896654302e-06 -9.795218050245581e-06 0.00014200846616063394
leaf_weight=54 1472 156 22 33 97 25 110 79 31 22 70 44 52 30 125 38 135 159 36 85 116 27 353 180 145 442 994 2985 796 77
leaf_count=54 1472 156 22 33 97 25 110 79 31 22 70 44 52 30 125 38 135 159 36 85 116 27 353 180 145 442 994 2985 796 77
internal_value=0 1.69519e-05 5.02079e-05 7.76575e-05 -5.51924e-07 -2.45142e-05 -5.45465e-05 -9.39004e-05 -0.000122812 -0.000165566 0 2.14449e-05 5.62153e-05 8.50604e-05 0.000125278 -7.41683e-07 -2.66969e-05 -5.9364e-05 -0.000118102 2.03063e-05 -3.33889e-06 -5.92903e-05 1.75959e-07 -1.04749e-05 -5.19391e-05 3.68861e-06 1.91302e-05 -1.65028e-07 0 0.000117367
internal_weight=8990 342 186 132 8648 364 267 157 132 101 8284 464 277 225 155 7820 453 330 195 123 187 71 7367 1474 325 5893 1436 4457 1149 99
internal_count=8990 342 186 132 8648 364 267 157 132 101 8284 464 277 225 155 7820 453 330 195 123 187 71 7367 1474 325 5893 1436 4457 1149 99
is_linear=0
shrinkage=0.05


Tree=296
num_leaves=31
num_cat=0
split_feature=326 351 295 336 67 87 78 27 319 249 59 361 341 302 19 245 346 351 277 93 300 237 244 266 268 60 218 200 365 69
split_gain=4.1033e-05 0.000230415 0.000358526 0.000326898 0.000463548 0.000299113 0.000285382 0.000338365 0.000299454 0.000259177 0.000367971 0.000230104 0.000219204 0.000252735 0.000227133 0.000219043 0.000215989 0.000209041 0.00025457 0.000263231 0.000460861 0.000270421 0.000408135 0.000197383 0.000285854 0.000275526 0.000273845 0.000192659 0.000190616 0.000430329
threshold=0.017661477827956743 0.010974449748543615 0.0011641448797944378 0.0013227513227509621 1.7909635225626201 0.039351851851851853 0.94527116402116407 -1.1132835248032948 0.0063145272825157759 2.2401768876948522 0.47716208203086158 -0.35672182210429509 0.0085978835978830787 -0.08976361174163601 -0.35822580715604596 -0.34149677835141884 -0.039607338844612844 -0.0025874724682167778 -1.1725452818566318 0.25686242189687952 0.032890041971071794 -0.67965258524366645 1.2478677749044993 0.59860985993849047 0.94704109338538778 0.59275793650793662 -1.5356076155952272 1.4582187864985567 -0.23098544973544949 -0.69824063575630491
decision_type=10 8 10 10 2 2 2 2 10 10 2 10 10 10 2 10 10 10 10 2 10 10 10 10 10 2 10 10 10 2
left_child=1 5 23 4 15 11 9 -8 27 -7 16 -1 13 -13 -15 -4 -11 28 -19 -20 21 -21 -23 -3 -25 26 -26 -9 -2 -30
right_child=17 2 3 -5 -6 6 7 8 -10 10 -12 12 -14 14 -16 -17 -18 18 19 20 -22 22 -24 24 25 -27 -28 -29 29 -31
leaf_value=0 -1.4844019185824518e-05 -1.1878058399291498e-06 0.00023688577590829111 0 0 0 0 -0.00020084083905968705 0 0 0 0 0 0 -0.0002149544446737799 0 0.00013494241588798677 1.7866508126617715e-05 0 0 -1.6244405402815565e-06 -0.00014673687907403496 0 0 0 0 0.00017081605236804733 0 6.1294634706052825e-05 0
leaf_weight=28 554 986 70 57 24 3245 57 68 32 20 67 20 25 41 67 21 118 248 543 78 477 213 75 334 26 53 91 20 395 937
leaf_count=28 554 986 70 57 24 3245 57 68 32 20 67 20 25 41 67 21 118 248 543 78 477 213 75 334 26 53 91 20 395 937
internal_value=0 2.87562e-06 1.88664e-05 9.05124e-05 0.000139104 -2.79087e-06 0 -6.15424e-05 -0.000112376 3.51785e-06 5.80286e-05 -6.55202e-05 -9.39969e-05 -0.00012181 -0.000153062 0.000192791 0.000107992 -4.03632e-06 -1.79382e-05 -2.79528e-05 -4.54439e-05 -8.88793e-05 -0.000111287 7.23487e-06 3.36282e-05 8.69058e-05 0.00012982 -0.000160352 5.35736e-06 1.75134e-05
internal_weight=8990 5470 1662 172 115 3808 3627 177 120 3450 205 181 153 128 108 91 138 3520 1634 1386 843 366 288 1490 504 170 117 88 1886 1332
internal_count=8990 5470 1662 172 115 3808 3627 177 120 3450 205 181 153 128 108 91 138 3520 1634 1386 843 366 288 1490 504 170 117 88 1886 1332
is_linear=0
shrinkage=0.05


Tree=297
num_leaves=31
num_cat=0
split_feature=75 358 285 85 25 281 75 250 234 358 341 349 75 323 202 383 383 301 383 209 296 265 383 91 56 337 334 56 301 269
split_gain=3.84859e-05 0.000147693 0.000331161 0.000264669 0.000213847 0.000174284 0.000148531 0.000140681 0.000135728 0.000127103 0.000124315 0.000122457 0.000108828 0.000244641 0.00016781 0.000199777 0.000188639 9.0895e-05 7.24296e-05 0.000262015 0.000184528 0.000186913 0.000138488 0.000347229 0.000295194 0.000333988 0.000131636 0.000226254 0.00016476 0.00014146
threshold=0.87797619047619058 0.00084530873895356806 -0.00040431457401250698 -0.78982830010089489 0.033399470899470957 -1.4532548012838395 0.93419312169312207 -0.42181559164721172 2.09727183248043 0.066017924063935932 0.0052910052910049308 -0.021672384952148124 0.83763227513227512 0.12285169218406615 0.14506940315878772 0.32162303352692673 -0.16835149939358476 -0.0031137882273344348 -0.83746864499302609 -1.6216114170739495 0.0011692528409770755 -0.31303343479117601 -0.35835220668038587 0.62584587003908154 0.81960978835978804 0.013179385919261171 0.0003307972333695532 0.30009920634920606 0.0040809412673801235 -1.0000000180025095e-35
decision_type=2 10 10 2 2 10 2 10 10 10 10 10 2 10 10 10 10 10 8 10 10 10 10 2 2 10 10 2 10 10
left_child=12 6 3 -3 5 -5 11 -8 10 -7 17 -2 18 14 15 16 -14 -9 19 20 21 -1 23 -20 25 -25 29 -28 -29 -21
right_child=1 2 -4 4 -6 9 7 8 -10 -11 -12 -13 13 -15 -16 -17 -18 -19 22 26 -22 -23 -24 24 -26 -27 27 28 -30 -31
leaf_value=0 6.5842288501036616e-05 0 -1.5786751361354357e-06 0 0 0.00015949268416209813 0 0 0 0 0 0 0 0 0 0 -0.00020932010995584313 -0.00014015917344884556 0 0 0 -0.00017349730526688612 -1.8196916422290169e-07 0.00016028346834976595 0 0 0 -9.6305034276301626e-05 0 5.1834327342431704e-05
leaf_weight=23 86 61 177 27 84 127 121 20 21 25 55 127 35 122 67 31 52 78 600 52 23 58 6342 109 44 24 58 125 30 186
leaf_count=23 86 61 177 27 84 127 121 20 21 25 55 127 35 122 67 31 52 78 600 52 23 58 6342 109 44 24 58 125 30 186
internal_value=0 9.32226e-06 3.01642e-05 6.29277e-05 8.5982e-05 0.000117666 -1.3938e-06 -3.21591e-05 -6.14256e-05 0.000138447 -8.06658e-05 1.77473e-05 -1.03317e-06 -3.02271e-05 -6.94266e-05 -0.000105389 -0.000144201 -0.000115426 0 -1.72537e-05 -8.87681e-05 -0.000125709 1.49098e-06 2.15783e-05 8.3335e-05 0.000121594 0 -2.92825e-05 -6.94624e-05 2.47935e-05
internal_weight=8990 1009 501 324 263 179 508 295 174 152 153 213 7981 307 185 118 87 98 7674 555 104 81 7119 777 177 133 451 213 155 238
internal_count=8990 1009 501 324 263 179 508 295 174 152 153 213 7981 307 185 118 87 98 7674 555 104 81 7119 777 177 133 451 213 155 238
is_linear=0
shrinkage=0.05


Tree=298
num_leaves=31
num_cat=0
split_feature=362 296 362 229 353 253 274 298 87 306 314 49 49 301 280 301 317 336 349 330 268 49 258 209 369 207 331 338 295 374
split_gain=3.76922e-05 0.000206092 7.65107e-05 0.000213131 0.000191798 0.000286072 0.000240367 0.00022089 7.22285e-05 0.000210445 0.000448834 9.327e-05 0.000265135 0.000323 0.000336328 0.000285318 0.000242857 0.000408716 0.000246118 0.0002268 0.000196086 0.000158251 0.000168772 0.00016388 0.000102154 5.75516e-05 4.909e-05 4.19469e-05 2.9897e-05 8.43085e-05
threshold=0.2615740740740739 0.0011229000131179891 0.19527116402116404 0.54177688655271228 -0.15171835707011083 -0.8709211720802118 1.0799381690215866 -0.00096066874519801216 0.019510582010582003 -0.00064226084617768897 -0.0010586607126487067 -0.078863186121639034 -0.40156984967147547 0.00071118316385498936 -0.88885231271265119 0.0039495040926531009 -0.053708429199312839 0.019179894179894994 -0.38796492210836148 0.0031460957316277187 -0.68183719328091652 -0.54887724220494938 -0.94931821261184324 1.6711765291948817 0.057890801856935716 0.45541351603475394 0.0045307919953618001 0.012235449735450018 -0.0011560698791887034 0.027974226821839598
decision_type=8 10 10 10 10 10 10 10 2 10 10 2 2 10 10 10 10 10 10 10 10 2 10 10 10 10 10 10 8 8
left_child=2 28 8 4 -4 -6 7 -7 9 -1 27 12 21 14 -14 -15 18 19 -13 -18 -20 23 -23 -10 -19 26 -3 -11 29 -2
right_child=1 25 3 -5 5 6 -8 -9 11 10 -12 16 13 15 -16 -17 17 24 20 -21 -22 22 -24 -25 -26 -27 -28 -29 -30 -31
leaf_value=0 -5.8864193584845173e-05 0.00014069377433102367 0 0 0 0 0 -0.00020101710228531984 1.5500470928175771e-06 -0.00019397935557243854 0 -0.00011556134071060696 1.9007442927562831e-06 8.3390114988482724e-05 -6.2685396355809502e-05 -1.1737155952538126e-05 4.6655659405942196e-05 -7.1071099845382705e-05 -2.7569712300089208e-05 0 1.4622132909727115e-05 0 4.6599567085588807e-05 -3.88909734582678e-05 0 0 0 0 7.7755044343463163e-06 0
leaf_weight=72 79 44 39 147 35 21 20 76 3635 51 98 47 95 101 585 152 1009 92 406 222 849 101 386 265 77 20 21 20 189 36
leaf_count=72 79 44 39 147 35 21 20 76 3635 51 98 47 95 101 585 152 1009 92 406 222 849 101 386 265 77 20 21 20 189 36
internal_value=0 1.53025e-05 -6.01881e-07 -2.39782e-05 -6.16883e-05 -8.90713e-05 -0.000128111 -0.000161188 0 -2.65324e-05 -6.41479e-05 1.16268e-06 -1.93286e-06 -2.66327e-05 -4.63115e-05 6.50146e-06 9.10779e-06 2.41651e-05 -3.24349e-06 3.63821e-05 0 2.18093e-06 2.92412e-05 0 -3.52251e-05 8.44102e-05 0.000107351 -0.000159902 0 -2.3453e-05
internal_weight=8990 389 8601 338 191 152 117 97 8263 241 169 8022 5320 933 680 253 2702 1400 1302 1231 1255 4387 487 3900 169 85 65 71 304 115
internal_count=8990 389 8601 338 191 152 117 97 8263 241 169 8022 5320 933 680 253 2702 1400 1302 1231 1255 4387 487 3900 169 85 65 71 304 115
is_linear=0
shrinkage=0.05


Tree=299
num_leaves=31
num_cat=0
split_feature=336 363 282 72 91 272 381 325 238 229 28 59 50 209 238 260 298 72 246 222 357 275 57 377 229 316 306 41 301 326
split_gain=3.77208e-05 0.000162741 0.000205868 0.000200903 0.000218152 0.000238331 0.000129709 0.000115624 7.43118e-05 0.000252373 0.000217658 0.00031712 0.00028314 0.000217561 0.00017479 0.00017085 0.000172115 0.000179422 0.000219034 0.000117718 0.000232414 0.000172985 0.000301295 0.000289474 0.000190753 0.000245051 0.000172981 0.000153499 0.000324812 0.000145824
threshold=-0.034391534391533932 -0.12090319986408671 -0.0011780670018364801 0.78578355338102568 -0.78272487622201836 1.7217644153587068 -1.3022819211132253 -0.024259753101778827 0.95694303027187755 1.3737385427833237 0.30340608465608504 -0.78800036328533085 0.83074122311005205 -2.4259781577840021 0.78754117310466432 -0.46094631823503668 -0.0017343022155300589 0.9275441812400691 0.61946733085635997 -1.7250465950892391 0.030423280423280213 0.30506536799081985 1.9670353966256051 0.029585530672456731 1.576708512026695 -0.023480202596106056 0.00033300034530873171 0.76276768425712105 -0.00085790916949501906 -0.05257738786509452
decision_type=8 10 10 2 2 10 10 10 8 10 2 2 2 10 10 10 10 2 10 10 10 10 2 10 10 8 10 2 10 10
left_child=1 7 3 4 -3 6 -6 -1 14 10 11 -10 -13 -14 19 -16 -17 18 -18 20 27 24 23 -23 26 -26 -21 -2 -29 -22
right_child=8 2 -4 -5 5 -7 -8 -9 9 -11 -12 12 13 -15 15 16 17 -19 -20 21 29 22 -24 -25 25 -27 -28 28 -30 -31
leaf_value=0 0 0 0 0 0 0 -0.00020581325619898678 5.9839327705366465e-05 0 1.9525613786738662e-05 0 0 0 -0.00010818258866282092 0 0 0.00014991687652864298 0 0 -3.4705472439723201e-06 0 5.5013212083962341e-05 -1.7492743837326832e-07 0 -5.3288623127459844e-05 0 1.8721507584786261e-05 -9.7502636093866723e-05 0 8.9937134347286554e-05
leaf_weight=35 296 42 91 49 25 23 70 83 158 332 322 99 20 274 64 35 105 55 65 2537 44 660 855 398 377 222 1205 196 193 60
leaf_count=35 296 42 91 49 25 23 70 83 158 332 322 99 20 274 64 35 105 55 65 2537 44 660 855 398 377 222 1205 196 193 60
internal_value=0 -1.45583e-05 -4.02825e-05 -6.92114e-05 -9.69199e-05 -0.000131727 -0.000166775 8.48393e-06 8.14585e-07 -9.76457e-06 -2.66312e-05 -4.59455e-05 -7.05426e-05 -9.51746e-05 3.22379e-06 3.96131e-05 5.99789e-05 7.78997e-05 0.000103284 8.39314e-07 -1.62757e-05 3.79824e-06 1.65004e-05 3.47004e-05 -6.47848e-07 -2.76557e-05 2.33991e-06 -3.12372e-05 -5.20029e-05 3.41734e-05
internal_weight=8990 418 300 209 160 118 95 118 8572 1205 873 551 393 294 7367 324 260 225 170 7043 789 6254 1913 1058 4341 599 3742 685 389 104
internal_count=8990 418 300 209 160 118 95 118 8572 1205 873 551 393 294 7367 324 260 225 170 7043 789 6254 1913 1058 4341 599 3742 685 389 104
is_linear=0
shrinkage=0.05


end of trees

feature_importances:
E19=153
M4=110
E19_z=99
S2=89
V7=89
P5=79
I1_z_diff=79
E20_diff=71
P12_z_diff=70
V5_z=66
V13=65
M4_z=64
P5_diff=64
P13_z=63
M3=61
I7_z_diff=61
V3_z=60
P7_z_diff=60
P12_z=59
E3_z_diff=59
E8_z_diff=59
I4_z_diff=59
M3_z=58
I2_z_diff=58
P11_z=57
I3_z_diff=57
M8=56
I5_z_diff=56
P7_z=55
E19_diff=55
I9_diff=55
P10_diff=55
P13_z_diff=53
P3=52
P1_z=52
S12_z=52
S6=51
P3_z=51
V7_z=51
E9_z_diff=51
P7=50
E19_z_diff=50
P1_diff=50
P10_z_diff=50
P2_z_diff=50
P6_z_diff=50
S5=49
E2_z=49
E4_z=49
M12_z=49
P6_diff=49
P5_z_diff=49
M7_z=48
I4_logdiff=48
I8_logdiff=48
I6_z_diff=48
P1_z_diff=48
I8=47
E15_z=47
E18_z_diff=47
I7_logdiff=47
I9_z_diff=47
P9_logdiff=47
P4=46
P6_z=46
S5_z=46
E15_z_diff=46
P6=45
P10_z=45
E14_z_diff=45
P13_diff=45
P4_z_diff=45
P4_z=44
E11_z_diff=44
S12=43
S9=43
E8_z=43
M11_z=43
V13_z=43
P7_diff=43
P13=42
V5=42
S1_z=42
S6_z=42
E8_diff=42
P3_z_diff=42
I3=41
E14_z=41
P8_z=41
S10_z=41
E17_z_diff=41
I6_logdiff=41
P1_logdiff=41
P13_logdiff=41
M10=40
S8_z=40
I2_diff=40
P11_diff=40
M15_z=39
S2_z=39
I1_diff=39
E20_z_diff=38
P3_diff=38
P3_logdiff=38
P4_logdiff=38
P12=37
V2_z=37
V9_z=37
E17_diff=37
E2_z_diff=37
E5_z_diff=37
I6_diff=37
P5_z=36
I8_diff=35
P12_diff=35
P4_diff=35
M15=34
V3=34
I3_diff=34
P9_z_diff=34
I4=33
S4=33
E15_logdiff=33
E16_z_diff=33
P11_z_diff=33
E11_diff=32
E18_z=31
I6_z=31
I8_z_diff=31
I2=30
E9_z=30
M18_z=30
M9_z=30
S11_z=30
S9_z=30
P8_diff=30
S8=29
I3_z=29
E1_logdiff=29
E1_z_diff=29
I3_logdiff=29
E2_diff=28
E3_diff=28
P2_diff=28
E8=27
S7=27
E1_z=27
M10_z=27
E14_diff=27
I1_logdiff=27
I4_diff=27
I5_diff=27
I7_diff=27
E15=26
E12_z=26
E17_z=26
E3_z=26
I4_z=26
P2_z=26
E4=25
V9=25
S7_z=25
V4_z=25
E12_diff=25
P9_diff=25
E12=24
P1=24
P8=24
E11_z=24
E6_z=24
I2_z=24
E10_diff=24
E4_z_diff=24
P8_z_diff=24
I6=23
I7=23
M2=23
P11=23
I1_z=23
M2_z=23
E4_diff=23
E13=22
M17=22
I7_z=22
E15_diff=22
E18_diff=22
E6_z_diff=22
M9=21
S1=21
S10=21
E16_diff=21
E12_z_diff=21
E7_z_diff=21
M12=20
E13_z=20
M17_z=20
E6_diff=20
E6_logdiff=20
M18=19
E5_z=19
I8_z=19
M8_z=19
E10_logdiff=19
E9_diff=19
E13_z_diff=19
M11=18
M7=18
P9=18
I5_z=18
S4_z=18
E1_diff=18
E13_logdiff=18
E4_logdiff=18
E9_logdiff=18
E2=17
E10_z=17
E20_z=17
P9_z=17
E5_logdiff=17
E10_z_diff=17
E14=16
E20=16
P2=16
S11=16
V2=16
V4=16
E16=15
M1=15
P10=15
V8=15
E16_z=15
E14_logdiff=15
E17=14
E18=14
I1=14
M5_z=14
I5=13
S3_z=13
E5=12
E6=12
V11_z=12
E13_diff=12
E1=11
E11=11
I9=11
M5=11
M6=10
V12=10
V12_z=10
V6_z=10
E12_logdiff=10
E3=9
M16=9
I9_z=9
E9=8
V1_z=8
M14=7
V1=7
V6=7
M6_z=7
V8_z=7
E11_logdiff=7
M1_z=6
M13_z=6
M14_z=6
M16_z=6
E5_diff=6
E10=4
M13=4
V10_z=4
E7_z=3
E7_diff=3
E7=2
V11=2
S3=1
M1_nan=1

parameters:
[boosting: gbdt]
[objective: regression]
[metric: rmse]
[tree_learner: serial]
[device_type: cpu]
[data_sample_strategy: bagging]
[data: ]
[valid: ]
[num_iterations: 300]
[learning_rate: 0.05]
[num_leaves: 31]
[num_threads: -1]
[seed: 42]
[deterministic: 0]
[force_col_wise: 0]
[force_row_wise: 0]
[histogram_pool_size: -1]
[max_depth: 7]
[min_data_in_leaf: 20]
[min_sum_hessian_in_leaf: 0.001]
[bagging_fraction: 0.8]
[pos_bagging_fraction: 1]
[neg_bagging_fraction: 1]
[bagging_freq: 0]
[bagging_seed: 400]
[bagging_by_query: 0]
[feature_fraction: 0.8]
[feature_fraction_bynode: 1]
[feature_fraction_seed: 30056]
[extra_trees: 0]
[extra_seed: 12879]
[early_stopping_round: 0]
[early_stopping_min_delta: 0]
[first_metric_only: 0]
[max_delta_step: 0]
[lambda_l1: 0.1]
[lambda_l2: 0.1]
[linear_lambda: 0]
[min_gain_to_split: 0]
[drop_rate: 0.1]
[max_drop: 50]
[skip_drop: 0.5]
[xgboost_dart_mode: 0]
[uniform_drop: 0]
[drop_seed: 17869]
[top_rate: 0.2]
[other_rate: 0.1]
[min_data_per_group: 100]
[max_cat_threshold: 32]
[cat_l2: 10]
[cat_smooth: 10]
[max_cat_to_onehot: 4]
[top_k: 20]
[monotone_constraints: ]
[monotone_constraints_method: basic]
[monotone_penalty: 0]
[feature_contri: ]
[forcedsplits_filename: ]
[refit_decay_rate: 0.9]
[cegb_tradeoff: 1]
[cegb_penalty_split: 0]
[cegb_penalty_feature_lazy: ]
[cegb_penalty_feature_coupled: ]
[path_smooth: 0]
[interaction_constraints: ]
[verbosity: -1]
[saved_feature_importance_type: 0]
[use_quantized_grad: 0]
[num_grad_quant_bins: 4]
[quant_train_renew_leaf: 0]
[stochastic_rounding: 1]
[linear_tree: 0]
[max_bin: 255]
[max_bin_by_feature: ]
[min_data_in_bin: 3]
[bin_construct_sample_cnt: 200000]
[data_random_seed: 175]
[is_enable_sparse: 1]
[enable_bundle: 1]
[use_missing: 1]
[zero_as_missing: 0]
[feature_pre_filter: 1]
[pre_partition: 0]
[two_round: 0]
[header: 0]
[label_column: ]
[weight_column: ]
[group_column: ]
[ignore_column: ]
[categorical_feature: ]
[forcedbins_filename: ]
[precise_float_parser: 0]
[parser_config_file: ]
[objective_seed: 16083]
[num_class: 1]
[is_unbalance: 0]
[scale_pos_weight: 1]
[sigmoid: 1]
[boost_from_average: 1]
[reg_sqrt: 0]
[alpha: 0.9]
[fair_c: 1]
[poisson_max_delta_step: 0.7]
[tweedie_variance_power: 1.5]
[lambdarank_truncation_level: 30]
[lambdarank_norm: 1]
[label_gain: ]
[lambdarank_position_bias_regularization: 0]
[eval_at: ]
[multi_error_top_k: 1]
[auc_mu_weights: ]
[num_machines: 1]
[local_listen_port: 12400]
[time_out: 120]
[machine_list_filename: ]
[machines: ]
[gpu_platform_id: -1]
[gpu_device_id: -1]
[gpu_use_dp: 0]
[num_gpu: 1]

end of parameters

pandas_categorical:[]
